﻿"LOCATION","INDICATOR","SUBJECT","MEASURE","FREQUENCY","TIME","Value","Flag Codes"
"AUS","MEDICALGRAD","TOT","100000HAB","A","1980",9.33,
"AUS","MEDICALGRAD","TOT","100000HAB","A","1981",8.56,
"AUS","MEDICALGRAD","TOT","100000HAB","A","1982",8.59,
"AUS","MEDICALGRAD","TOT","100000HAB","A","1983",8.91,
"AUS","MEDICALGRAD","TOT","100000HAB","A","1984",8.9,
"AUS","MEDICALGRAD","TOT","100000HAB","A","1985",8.84,
"AUS","MEDICALGRAD","TOT","100000HAB","A","1986",8.61,
"AUS","MEDICALGRAD","TOT","100000HAB","A","1987",8.15,
"AUS","MEDICALGRAD","TOT","100000HAB","A","1988",8,
"AUS","MEDICALGRAD","TOT","100000HAB","A","1989",7.41,
"AUS","MEDICALGRAD","TOT","100000HAB","A","1990",6.2,
"AUS","MEDICALGRAD","TOT","100000HAB","A","1991",7.04,
"AUS","MEDICALGRAD","TOT","100000HAB","A","1992",6.5,
"AUS","MEDICALGRAD","TOT","100000HAB","A","1993",7.38,
"AUS","MEDICALGRAD","TOT","100000HAB","A","1994",7.41,
"AUS","MEDICALGRAD","TOT","100000HAB","A","1995",7.64,
"AUS","MEDICALGRAD","TOT","100000HAB","A","1996",8.1,
"AUS","MEDICALGRAD","TOT","100000HAB","A","1997",7.47,
"AUS","MEDICALGRAD","TOT","100000HAB","A","1998",7.29,
"AUS","MEDICALGRAD","TOT","100000HAB","A","1999",7.42,
"AUS","MEDICALGRAD","TOT","100000HAB","A","2000",7.36,
"AUS","MEDICALGRAD","TOT","100000HAB","A","2001",7.01,"B"
"AUS","MEDICALGRAD","TOT","100000HAB","A","2002",7.26,
"AUS","MEDICALGRAD","TOT","100000HAB","A","2003",7.42,
"AUS","MEDICALGRAD","TOT","100000HAB","A","2004",8.69,
"AUS","MEDICALGRAD","TOT","100000HAB","A","2005",8.91,
"AUS","MEDICALGRAD","TOT","100000HAB","A","2006",9.21,
"AUS","MEDICALGRAD","TOT","100000HAB","A","2007",10.16,
"AUS","MEDICALGRAD","TOT","100000HAB","A","2008",11.24,
"AUS","MEDICALGRAD","TOT","100000HAB","A","2009",10.88,
"AUS","MEDICALGRAD","TOT","100000HAB","A","2010",12.08,
"AUS","MEDICALGRAD","TOT","100000HAB","A","2011",13.48,
"AUS","MEDICALGRAD","TOT","100000HAB","A","2012",13.99,
"AUS","MEDICALGRAD","TOT","100000HAB","A","2013",15.46,
"AUS","MEDICALGRAD","TOT","100000HAB","A","2014",15.32,
"AUS","MEDICALGRAD","TOT","100000HAB","A","2015",15.77,
"AUT","MEDICALGRAD","TOT","100000HAB","A","1980",14.97,
"AUT","MEDICALGRAD","TOT","100000HAB","A","1981",18.11,
"AUT","MEDICALGRAD","TOT","100000HAB","A","1982",19.13,
"AUT","MEDICALGRAD","TOT","100000HAB","A","1983",20.31,
"AUT","MEDICALGRAD","TOT","100000HAB","A","1984",22.27,
"AUT","MEDICALGRAD","TOT","100000HAB","A","1985",19.97,
"AUT","MEDICALGRAD","TOT","100000HAB","A","1986",20.4,
"AUT","MEDICALGRAD","TOT","100000HAB","A","1987",21.1,
"AUT","MEDICALGRAD","TOT","100000HAB","A","1988",20.1,
"AUT","MEDICALGRAD","TOT","100000HAB","A","1989",19.61,
"AUT","MEDICALGRAD","TOT","100000HAB","A","1990",18.48,
"AUT","MEDICALGRAD","TOT","100000HAB","A","1991",16.26,
"AUT","MEDICALGRAD","TOT","100000HAB","A","1992",15.13,
"AUT","MEDICALGRAD","TOT","100000HAB","A","1993",14.32,
"AUT","MEDICALGRAD","TOT","100000HAB","A","1994",14.01,
"AUT","MEDICALGRAD","TOT","100000HAB","A","1995",13.07,
"AUT","MEDICALGRAD","TOT","100000HAB","A","1996",13.85,
"AUT","MEDICALGRAD","TOT","100000HAB","A","1997",13.47,
"AUT","MEDICALGRAD","TOT","100000HAB","A","1998",15.9,"B"
"AUT","MEDICALGRAD","TOT","100000HAB","A","1999",14.23,
"AUT","MEDICALGRAD","TOT","100000HAB","A","2000",18.65,
"AUT","MEDICALGRAD","TOT","100000HAB","A","2001",12.86,
"AUT","MEDICALGRAD","TOT","100000HAB","A","2002",21.99,
"AUT","MEDICALGRAD","TOT","100000HAB","A","2003",18.7,
"AUT","MEDICALGRAD","TOT","100000HAB","A","2004",20.13,
"AUT","MEDICALGRAD","TOT","100000HAB","A","2005",19.07,
"AUT","MEDICALGRAD","TOT","100000HAB","A","2006",17.61,
"AUT","MEDICALGRAD","TOT","100000HAB","A","2007",22.12,"B"
"AUT","MEDICALGRAD","TOT","100000HAB","A","2008",21.8,
"AUT","MEDICALGRAD","TOT","100000HAB","A","2009",20.69,
"AUT","MEDICALGRAD","TOT","100000HAB","A","2010",17.53,
"AUT","MEDICALGRAD","TOT","100000HAB","A","2011",16.84,
"AUT","MEDICALGRAD","TOT","100000HAB","A","2012",13.88,
"AUT","MEDICALGRAD","TOT","100000HAB","A","2013",14.85,
"AUT","MEDICALGRAD","TOT","100000HAB","A","2014",14.69,
"BEL","MEDICALGRAD","TOT","100000HAB","A","1994",9.85,
"BEL","MEDICALGRAD","TOT","100000HAB","A","1995",10.58,
"BEL","MEDICALGRAD","TOT","100000HAB","A","1996",11.32,
"BEL","MEDICALGRAD","TOT","100000HAB","A","1997",11.65,
"BEL","MEDICALGRAD","TOT","100000HAB","A","1998",10.55,
"BEL","MEDICALGRAD","TOT","100000HAB","A","1999",11.14,
"BEL","MEDICALGRAD","TOT","100000HAB","A","2000",10.14,
"BEL","MEDICALGRAD","TOT","100000HAB","A","2001",11.13,
"BEL","MEDICALGRAD","TOT","100000HAB","A","2002",10.22,
"BEL","MEDICALGRAD","TOT","100000HAB","A","2003",11.5,
"BEL","MEDICALGRAD","TOT","100000HAB","A","2004",8.01,
"BEL","MEDICALGRAD","TOT","100000HAB","A","2005",7.28,
"BEL","MEDICALGRAD","TOT","100000HAB","A","2006",6.46,
"BEL","MEDICALGRAD","TOT","100000HAB","A","2007",6.89,
"BEL","MEDICALGRAD","TOT","100000HAB","A","2008",7.08,
"BEL","MEDICALGRAD","TOT","100000HAB","A","2009",7.88,
"BEL","MEDICALGRAD","TOT","100000HAB","A","2010",8.99,
"BEL","MEDICALGRAD","TOT","100000HAB","A","2011",10.18,
"BEL","MEDICALGRAD","TOT","100000HAB","A","2012",10.6,
"BEL","MEDICALGRAD","TOT","100000HAB","A","2013",10.52,
"BEL","MEDICALGRAD","TOT","100000HAB","A","2014",11.5,
"BEL","MEDICALGRAD","TOT","100000HAB","A","2015",12.05,
"BEL","MEDICALGRAD","TOT","100000HAB","A","2016",14.27,
"CAN","MEDICALGRAD","TOT","100000HAB","A","1980",7.11,
"CAN","MEDICALGRAD","TOT","100000HAB","A","1981",7.11,
"CAN","MEDICALGRAD","TOT","100000HAB","A","1982",6.99,
"CAN","MEDICALGRAD","TOT","100000HAB","A","1983",7.07,
"CAN","MEDICALGRAD","TOT","100000HAB","A","1984",6.92,
"CAN","MEDICALGRAD","TOT","100000HAB","A","1985",7.1,
"CAN","MEDICALGRAD","TOT","100000HAB","A","1986",6.74,
"CAN","MEDICALGRAD","TOT","100000HAB","A","1987",6.68,
"CAN","MEDICALGRAD","TOT","100000HAB","A","1988",6.65,
"CAN","MEDICALGRAD","TOT","100000HAB","A","1989",6.31,
"CAN","MEDICALGRAD","TOT","100000HAB","A","1990",6.17,
"CAN","MEDICALGRAD","TOT","100000HAB","A","1991",6.08,
"CAN","MEDICALGRAD","TOT","100000HAB","A","1992",6.16,
"CAN","MEDICALGRAD","TOT","100000HAB","A","1993",5.93,
"CAN","MEDICALGRAD","TOT","100000HAB","A","1994",5.81,
"CAN","MEDICALGRAD","TOT","100000HAB","A","1995",5.93,
"CAN","MEDICALGRAD","TOT","100000HAB","A","1996",5.69,
"CAN","MEDICALGRAD","TOT","100000HAB","A","1997",5.27,
"CAN","MEDICALGRAD","TOT","100000HAB","A","1998",5.32,
"CAN","MEDICALGRAD","TOT","100000HAB","A","1999",5.24,
"CAN","MEDICALGRAD","TOT","100000HAB","A","2000",5.14,
"CAN","MEDICALGRAD","TOT","100000HAB","A","2001",4.95,
"CAN","MEDICALGRAD","TOT","100000HAB","A","2002",4.92,
"CAN","MEDICALGRAD","TOT","100000HAB","A","2003",5.24,
"CAN","MEDICALGRAD","TOT","100000HAB","A","2004",5.5,
"CAN","MEDICALGRAD","TOT","100000HAB","A","2005",5.82,
"CAN","MEDICALGRAD","TOT","100000HAB","A","2006",6.01,
"CAN","MEDICALGRAD","TOT","100000HAB","A","2007",6.22,
"CAN","MEDICALGRAD","TOT","100000HAB","A","2008",6.38,
"CAN","MEDICALGRAD","TOT","100000HAB","A","2009",6.95,
"CAN","MEDICALGRAD","TOT","100000HAB","A","2010",7.2,
"CAN","MEDICALGRAD","TOT","100000HAB","A","2011",7.36,
"CAN","MEDICALGRAD","TOT","100000HAB","A","2012",7.61,
"CAN","MEDICALGRAD","TOT","100000HAB","A","2013",7.56,
"CAN","MEDICALGRAD","TOT","100000HAB","A","2014",7.86,
"CAN","MEDICALGRAD","TOT","100000HAB","A","2015",7.85,
"CAN","MEDICALGRAD","TOT","100000HAB","A","2016",7.96,"P"
"CZE","MEDICALGRAD","TOT","100000HAB","A","1980",14.15,
"CZE","MEDICALGRAD","TOT","100000HAB","A","1981",12.71,
"CZE","MEDICALGRAD","TOT","100000HAB","A","1982",12.5,
"CZE","MEDICALGRAD","TOT","100000HAB","A","1983",12.27,
"CZE","MEDICALGRAD","TOT","100000HAB","A","1984",12.78,
"CZE","MEDICALGRAD","TOT","100000HAB","A","1985",13.59,
"CZE","MEDICALGRAD","TOT","100000HAB","A","1986",10.85,
"CZE","MEDICALGRAD","TOT","100000HAB","A","1987",8.94,
"CZE","MEDICALGRAD","TOT","100000HAB","A","1988",9.73,
"CZE","MEDICALGRAD","TOT","100000HAB","A","1989",9.63,
"CZE","MEDICALGRAD","TOT","100000HAB","A","1990",9,
"CZE","MEDICALGRAD","TOT","100000HAB","A","1991",10.86,
"CZE","MEDICALGRAD","TOT","100000HAB","A","1992",11.34,
"CZE","MEDICALGRAD","TOT","100000HAB","A","1993",11.72,
"CZE","MEDICALGRAD","TOT","100000HAB","A","1994",13.25,
"CZE","MEDICALGRAD","TOT","100000HAB","A","1995",13.47,
"CZE","MEDICALGRAD","TOT","100000HAB","A","1996",11.87,
"CZE","MEDICALGRAD","TOT","100000HAB","A","1997",11.37,
"CZE","MEDICALGRAD","TOT","100000HAB","A","1998",9.3,
"CZE","MEDICALGRAD","TOT","100000HAB","A","1999",8.5,
"CZE","MEDICALGRAD","TOT","100000HAB","A","2000",7.87,
"CZE","MEDICALGRAD","TOT","100000HAB","A","2001",9.03,"B"
"CZE","MEDICALGRAD","TOT","100000HAB","A","2002",8.3,
"CZE","MEDICALGRAD","TOT","100000HAB","A","2003",9.88,
"CZE","MEDICALGRAD","TOT","100000HAB","A","2004",9.99,
"CZE","MEDICALGRAD","TOT","100000HAB","A","2005",10.47,
"CZE","MEDICALGRAD","TOT","100000HAB","A","2006",10.17,
"CZE","MEDICALGRAD","TOT","100000HAB","A","2007",10.76,
"CZE","MEDICALGRAD","TOT","100000HAB","A","2008",11.2,
"CZE","MEDICALGRAD","TOT","100000HAB","A","2009",12.63,
"CZE","MEDICALGRAD","TOT","100000HAB","A","2010",13.92,
"CZE","MEDICALGRAD","TOT","100000HAB","A","2011",13.91,
"CZE","MEDICALGRAD","TOT","100000HAB","A","2012",15.14,
"CZE","MEDICALGRAD","TOT","100000HAB","A","2013",12.73,
"CZE","MEDICALGRAD","TOT","100000HAB","A","2014",13.99,
"CZE","MEDICALGRAD","TOT","100000HAB","A","2015",13.56,
"DNK","MEDICALGRAD","TOT","100000HAB","A","1980",12.41,
"DNK","MEDICALGRAD","TOT","100000HAB","A","1981",13.37,
"DNK","MEDICALGRAD","TOT","100000HAB","A","1982",13.52,
"DNK","MEDICALGRAD","TOT","100000HAB","A","1983",15.25,
"DNK","MEDICALGRAD","TOT","100000HAB","A","1984",14.38,
"DNK","MEDICALGRAD","TOT","100000HAB","A","1985",11.11,
"DNK","MEDICALGRAD","TOT","100000HAB","A","1986",11.35,
"DNK","MEDICALGRAD","TOT","100000HAB","A","1987",11.45,
"DNK","MEDICALGRAD","TOT","100000HAB","A","1988",9.96,
"DNK","MEDICALGRAD","TOT","100000HAB","A","1989",10.4,
"DNK","MEDICALGRAD","TOT","100000HAB","A","1990",9.67,
"DNK","MEDICALGRAD","TOT","100000HAB","A","1991",9.64,
"DNK","MEDICALGRAD","TOT","100000HAB","A","1992",8.97,
"DNK","MEDICALGRAD","TOT","100000HAB","A","1993",7.34,
"DNK","MEDICALGRAD","TOT","100000HAB","A","1994",6.76,
"DNK","MEDICALGRAD","TOT","100000HAB","A","1995",6.32,
"DNK","MEDICALGRAD","TOT","100000HAB","A","1996",7.81,
"DNK","MEDICALGRAD","TOT","100000HAB","A","1997",7.06,
"DNK","MEDICALGRAD","TOT","100000HAB","A","1998",7.81,
"DNK","MEDICALGRAD","TOT","100000HAB","A","1999",8.59,
"DNK","MEDICALGRAD","TOT","100000HAB","A","2000",10.69,
"DNK","MEDICALGRAD","TOT","100000HAB","A","2001",12.33,
"DNK","MEDICALGRAD","TOT","100000HAB","A","2002",15.72,
"DNK","MEDICALGRAD","TOT","100000HAB","A","2003",17.22,
"DNK","MEDICALGRAD","TOT","100000HAB","A","2004",20.02,
"DNK","MEDICALGRAD","TOT","100000HAB","A","2005",21.26,
"DNK","MEDICALGRAD","TOT","100000HAB","A","2006",20.64,
"DNK","MEDICALGRAD","TOT","100000HAB","A","2007",21.83,
"DNK","MEDICALGRAD","TOT","100000HAB","A","2008",20.41,
"DNK","MEDICALGRAD","TOT","100000HAB","A","2009",21.8,
"DNK","MEDICALGRAD","TOT","100000HAB","A","2010",21.81,
"DNK","MEDICALGRAD","TOT","100000HAB","A","2011",21.16,
"DNK","MEDICALGRAD","TOT","100000HAB","A","2012",18.58,
"DNK","MEDICALGRAD","TOT","100000HAB","A","2013",18.38,
"DNK","MEDICALGRAD","TOT","100000HAB","A","2014",19.51,
"FIN","MEDICALGRAD","TOT","100000HAB","A","1980",12.99,
"FIN","MEDICALGRAD","TOT","100000HAB","A","1981",12.46,
"FIN","MEDICALGRAD","TOT","100000HAB","A","1982",11.68,
"FIN","MEDICALGRAD","TOT","100000HAB","A","1983",10.71,
"FIN","MEDICALGRAD","TOT","100000HAB","A","1984",6.27,
"FIN","MEDICALGRAD","TOT","100000HAB","A","1985",8.63,
"FIN","MEDICALGRAD","TOT","100000HAB","A","1986",8.7,
"FIN","MEDICALGRAD","TOT","100000HAB","A","1987",9.63,
"FIN","MEDICALGRAD","TOT","100000HAB","A","1988",9.46,
"FIN","MEDICALGRAD","TOT","100000HAB","A","1989",10.35,
"FIN","MEDICALGRAD","TOT","100000HAB","A","1990",9.29,
"FIN","MEDICALGRAD","TOT","100000HAB","A","1991",9.37,
"FIN","MEDICALGRAD","TOT","100000HAB","A","1992",10.39,
"FIN","MEDICALGRAD","TOT","100000HAB","A","1993",11.66,
"FIN","MEDICALGRAD","TOT","100000HAB","A","1994",13.89,
"FIN","MEDICALGRAD","TOT","100000HAB","A","1995",13.94,
"FIN","MEDICALGRAD","TOT","100000HAB","A","1996",11.34,
"FIN","MEDICALGRAD","TOT","100000HAB","A","1997",10.41,
"FIN","MEDICALGRAD","TOT","100000HAB","A","1998",10.73,
"FIN","MEDICALGRAD","TOT","100000HAB","A","1999",6.74,
"FIN","MEDICALGRAD","TOT","100000HAB","A","2000",7.79,
"FIN","MEDICALGRAD","TOT","100000HAB","A","2001",7.15,
"FIN","MEDICALGRAD","TOT","100000HAB","A","2002",7,
"FIN","MEDICALGRAD","TOT","100000HAB","A","2003",8.59,
"FIN","MEDICALGRAD","TOT","100000HAB","A","2004",6.6,
"FIN","MEDICALGRAD","TOT","100000HAB","A","2005",6.42,
"FIN","MEDICALGRAD","TOT","100000HAB","A","2006",7.5,
"FIN","MEDICALGRAD","TOT","100000HAB","A","2007",6.94,
"FIN","MEDICALGRAD","TOT","100000HAB","A","2008",10.28,
"FIN","MEDICALGRAD","TOT","100000HAB","A","2009",9.37,
"FIN","MEDICALGRAD","TOT","100000HAB","A","2010",11.24,
"FIN","MEDICALGRAD","TOT","100000HAB","A","2011",11.53,
"FIN","MEDICALGRAD","TOT","100000HAB","A","2012",14.59,
"FIN","MEDICALGRAD","TOT","100000HAB","A","2013",11.47,
"FIN","MEDICALGRAD","TOT","100000HAB","A","2014",12.71,
"FRA","MEDICALGRAD","TOT","100000HAB","A","1980",16.18,
"FRA","MEDICALGRAD","TOT","100000HAB","A","1981",15.65,
"FRA","MEDICALGRAD","TOT","100000HAB","A","1982",15.05,
"FRA","MEDICALGRAD","TOT","100000HAB","A","1983",14.2,
"FRA","MEDICALGRAD","TOT","100000HAB","A","1984",15.23,
"FRA","MEDICALGRAD","TOT","100000HAB","A","1985",15.03,
"FRA","MEDICALGRAD","TOT","100000HAB","A","1986",12.45,
"FRA","MEDICALGRAD","TOT","100000HAB","A","1987",12.79,
"FRA","MEDICALGRAD","TOT","100000HAB","A","1988",12.24,
"FRA","MEDICALGRAD","TOT","100000HAB","A","1989",10.72,
"FRA","MEDICALGRAD","TOT","100000HAB","A","1990",9.18,
"FRA","MEDICALGRAD","TOT","100000HAB","A","1991",9.21,
"FRA","MEDICALGRAD","TOT","100000HAB","A","1992",9.2,
"FRA","MEDICALGRAD","TOT","100000HAB","A","1993",8.27,
"FRA","MEDICALGRAD","TOT","100000HAB","A","1994",8.18,
"FRA","MEDICALGRAD","TOT","100000HAB","A","1995",7.83,
"FRA","MEDICALGRAD","TOT","100000HAB","A","1996",7.88,
"FRA","MEDICALGRAD","TOT","100000HAB","A","1997",7.86,
"FRA","MEDICALGRAD","TOT","100000HAB","A","1998",6.44,
"FRA","MEDICALGRAD","TOT","100000HAB","A","1999",6.56,
"FRA","MEDICALGRAD","TOT","100000HAB","A","2000",6.48,
"FRA","MEDICALGRAD","TOT","100000HAB","A","2001",5.94,
"FRA","MEDICALGRAD","TOT","100000HAB","A","2002",5.24,
"FRA","MEDICALGRAD","TOT","100000HAB","A","2003",6.17,
"FRA","MEDICALGRAD","TOT","100000HAB","A","2004",5.7,
"FRA","MEDICALGRAD","TOT","100000HAB","A","2005",5.46,
"FRA","MEDICALGRAD","TOT","100000HAB","A","2006",5.29,
"FRA","MEDICALGRAD","TOT","100000HAB","A","2007",6.02,
"FRA","MEDICALGRAD","TOT","100000HAB","A","2008",6.55,"B"
"FRA","MEDICALGRAD","TOT","100000HAB","A","2009",6.87,
"FRA","MEDICALGRAD","TOT","100000HAB","A","2010",7.23,
"FRA","MEDICALGRAD","TOT","100000HAB","A","2011",8.67,
"FRA","MEDICALGRAD","TOT","100000HAB","A","2012",8.99,
"FRA","MEDICALGRAD","TOT","100000HAB","A","2013",9.99,
"DEU","MEDICALGRAD","TOT","100000HAB","A","1993",14.24,
"DEU","MEDICALGRAD","TOT","100000HAB","A","1994",13.73,
"DEU","MEDICALGRAD","TOT","100000HAB","A","1995",12.57,
"DEU","MEDICALGRAD","TOT","100000HAB","A","1996",12.83,
"DEU","MEDICALGRAD","TOT","100000HAB","A","1997",11.5,
"DEU","MEDICALGRAD","TOT","100000HAB","A","1998",11.42,
"DEU","MEDICALGRAD","TOT","100000HAB","A","1999",11.35,
"DEU","MEDICALGRAD","TOT","100000HAB","A","2000",11.15,
"DEU","MEDICALGRAD","TOT","100000HAB","A","2001",10.87,
"DEU","MEDICALGRAD","TOT","100000HAB","A","2002",10.73,
"DEU","MEDICALGRAD","TOT","100000HAB","A","2003",10.84,
"DEU","MEDICALGRAD","TOT","100000HAB","A","2004",10.78,
"DEU","MEDICALGRAD","TOT","100000HAB","A","2005",10.76,
"DEU","MEDICALGRAD","TOT","100000HAB","A","2006",10.59,
"DEU","MEDICALGRAD","TOT","100000HAB","A","2007",11.64,
"DEU","MEDICALGRAD","TOT","100000HAB","A","2008",12,
"DEU","MEDICALGRAD","TOT","100000HAB","A","2009",12.29,
"DEU","MEDICALGRAD","TOT","100000HAB","A","2010",12.1,
"DEU","MEDICALGRAD","TOT","100000HAB","A","2011",11.92,
"DEU","MEDICALGRAD","TOT","100000HAB","A","2012",11.92,
"DEU","MEDICALGRAD","TOT","100000HAB","A","2013",12.15,
"DEU","MEDICALGRAD","TOT","100000HAB","A","2014",11.85,
"DEU","MEDICALGRAD","TOT","100000HAB","A","2015",11.28,
"GRC","MEDICALGRAD","TOT","100000HAB","A","1980",12.4,
"GRC","MEDICALGRAD","TOT","100000HAB","A","1981",11.84,
"GRC","MEDICALGRAD","TOT","100000HAB","A","1982",9.64,
"GRC","MEDICALGRAD","TOT","100000HAB","A","1983",9.95,
"GRC","MEDICALGRAD","TOT","100000HAB","A","1984",8.86,
"GRC","MEDICALGRAD","TOT","100000HAB","A","1985",8.55,
"GRC","MEDICALGRAD","TOT","100000HAB","A","1993",13.08,
"GRC","MEDICALGRAD","TOT","100000HAB","A","1994",12.5,
"GRC","MEDICALGRAD","TOT","100000HAB","A","1995",13.35,
"GRC","MEDICALGRAD","TOT","100000HAB","A","1996",12.83,
"GRC","MEDICALGRAD","TOT","100000HAB","A","1997",13.5,
"GRC","MEDICALGRAD","TOT","100000HAB","A","1998",11.44,
"GRC","MEDICALGRAD","TOT","100000HAB","A","1999",12.06,
"GRC","MEDICALGRAD","TOT","100000HAB","A","2001",12.79,
"GRC","MEDICALGRAD","TOT","100000HAB","A","2005",13.4,
"GRC","MEDICALGRAD","TOT","100000HAB","A","2006",14.84,
"GRC","MEDICALGRAD","TOT","100000HAB","A","2007",14.47,
"GRC","MEDICALGRAD","TOT","100000HAB","A","2008",12.8,
"GRC","MEDICALGRAD","TOT","100000HAB","A","2009",11.57,
"GRC","MEDICALGRAD","TOT","100000HAB","A","2010",9.33,
"GRC","MEDICALGRAD","TOT","100000HAB","A","2011",9.87,
"GRC","MEDICALGRAD","TOT","100000HAB","A","2012",9.21,
"GRC","MEDICALGRAD","TOT","100000HAB","A","2013",9.32,
"HUN","MEDICALGRAD","TOT","100000HAB","A","1984",9.22,
"HUN","MEDICALGRAD","TOT","100000HAB","A","1985",9.38,
"HUN","MEDICALGRAD","TOT","100000HAB","A","1986",8.83,
"HUN","MEDICALGRAD","TOT","100000HAB","A","1987",9.22,
"HUN","MEDICALGRAD","TOT","100000HAB","A","1988",9.07,
"HUN","MEDICALGRAD","TOT","100000HAB","A","1989",8.77,
"HUN","MEDICALGRAD","TOT","100000HAB","A","1990",8.63,
"HUN","MEDICALGRAD","TOT","100000HAB","A","1991",9.38,
"HUN","MEDICALGRAD","TOT","100000HAB","A","1992",9.04,
"HUN","MEDICALGRAD","TOT","100000HAB","A","1993",9.53,
"HUN","MEDICALGRAD","TOT","100000HAB","A","1994",9.44,
"HUN","MEDICALGRAD","TOT","100000HAB","A","1995",9.7,
"HUN","MEDICALGRAD","TOT","100000HAB","A","1996",9.84,
"HUN","MEDICALGRAD","TOT","100000HAB","A","1997",9.48,
"HUN","MEDICALGRAD","TOT","100000HAB","A","1998",7.7,
"HUN","MEDICALGRAD","TOT","100000HAB","A","1999",9.08,
"HUN","MEDICALGRAD","TOT","100000HAB","A","2000",9.25,
"HUN","MEDICALGRAD","TOT","100000HAB","A","2001",9.95,
"HUN","MEDICALGRAD","TOT","100000HAB","A","2002",10.21,
"HUN","MEDICALGRAD","TOT","100000HAB","A","2003",9.63,
"HUN","MEDICALGRAD","TOT","100000HAB","A","2004",11.12,
"HUN","MEDICALGRAD","TOT","100000HAB","A","2005",11.41,
"HUN","MEDICALGRAD","TOT","100000HAB","A","2006",10.61,
"HUN","MEDICALGRAD","TOT","100000HAB","A","2007",9.99,
"HUN","MEDICALGRAD","TOT","100000HAB","A","2008",9.56,
"HUN","MEDICALGRAD","TOT","100000HAB","A","2009",9.21,
"HUN","MEDICALGRAD","TOT","100000HAB","A","2010",10.4,
"HUN","MEDICALGRAD","TOT","100000HAB","A","2011",11.51,
"HUN","MEDICALGRAD","TOT","100000HAB","A","2012",13.85,
"HUN","MEDICALGRAD","TOT","100000HAB","A","2013",14.2,
"HUN","MEDICALGRAD","TOT","100000HAB","A","2014",13.65,
"HUN","MEDICALGRAD","TOT","100000HAB","A","2015",13.4,
"ISL","MEDICALGRAD","TOT","100000HAB","A","1980",15.78,
"ISL","MEDICALGRAD","TOT","100000HAB","A","1981",13.43,
"ISL","MEDICALGRAD","TOT","100000HAB","A","1982",17.1,
"ISL","MEDICALGRAD","TOT","100000HAB","A","1983",19.41,
"ISL","MEDICALGRAD","TOT","100000HAB","A","1984",19.21,
"ISL","MEDICALGRAD","TOT","100000HAB","A","1985",21.54,
"ISL","MEDICALGRAD","TOT","100000HAB","A","1986",24.67,
"ISL","MEDICALGRAD","TOT","100000HAB","A","1987",18.71,
"ISL","MEDICALGRAD","TOT","100000HAB","A","1988",20.82,
"ISL","MEDICALGRAD","TOT","100000HAB","A","1989",15.82,
"ISL","MEDICALGRAD","TOT","100000HAB","A","1990",14.91,
"ISL","MEDICALGRAD","TOT","100000HAB","A","1991",10.86,
"ISL","MEDICALGRAD","TOT","100000HAB","A","1992",11.49,
"ISL","MEDICALGRAD","TOT","100000HAB","A","1993",16.3,
"ISL","MEDICALGRAD","TOT","100000HAB","A","1994",15.41,
"ISL","MEDICALGRAD","TOT","100000HAB","A","1995",12.34,
"ISL","MEDICALGRAD","TOT","100000HAB","A","1996",13.76,
"ISL","MEDICALGRAD","TOT","100000HAB","A","1997",15.49,
"ISL","MEDICALGRAD","TOT","100000HAB","A","1998",10.95,
"ISL","MEDICALGRAD","TOT","100000HAB","A","1999",13.7,
"ISL","MEDICALGRAD","TOT","100000HAB","A","2000",11.74,
"ISL","MEDICALGRAD","TOT","100000HAB","A","2001",11.93,
"ISL","MEDICALGRAD","TOT","100000HAB","A","2002",13.22,
"ISL","MEDICALGRAD","TOT","100000HAB","A","2003",10.36,
"ISL","MEDICALGRAD","TOT","100000HAB","A","2004",11.98,
"ISL","MEDICALGRAD","TOT","100000HAB","A","2005",14.83,
"ISL","MEDICALGRAD","TOT","100000HAB","A","2006",13.17,
"ISL","MEDICALGRAD","TOT","100000HAB","A","2007",11.55,
"ISL","MEDICALGRAD","TOT","100000HAB","A","2008",15.44,
"ISL","MEDICALGRAD","TOT","100000HAB","A","2009",11.62,
"ISL","MEDICALGRAD","TOT","100000HAB","A","2010",13.83,
"ISL","MEDICALGRAD","TOT","100000HAB","A","2011",13.79,
"ISL","MEDICALGRAD","TOT","100000HAB","A","2012",15.28,
"ISL","MEDICALGRAD","TOT","100000HAB","A","2013",12.35,
"IRL","MEDICALGRAD","TOT","100000HAB","A","1980",13.65,
"IRL","MEDICALGRAD","TOT","100000HAB","A","1981",13.47,
"IRL","MEDICALGRAD","TOT","100000HAB","A","1982",14,
"IRL","MEDICALGRAD","TOT","100000HAB","A","1983",13.36,
"IRL","MEDICALGRAD","TOT","100000HAB","A","1984",13.19,
"IRL","MEDICALGRAD","TOT","100000HAB","A","1985",12.44,
"IRL","MEDICALGRAD","TOT","100000HAB","A","1986",12.18,
"IRL","MEDICALGRAD","TOT","100000HAB","A","1987",12.51,
"IRL","MEDICALGRAD","TOT","100000HAB","A","1988",11.55,
"IRL","MEDICALGRAD","TOT","100000HAB","A","1989",12.62,
"IRL","MEDICALGRAD","TOT","100000HAB","A","1990",12.21,
"IRL","MEDICALGRAD","TOT","100000HAB","A","1991",12.03,
"IRL","MEDICALGRAD","TOT","100000HAB","A","1992",12.17,
"IRL","MEDICALGRAD","TOT","100000HAB","A","1993",12.53,
"IRL","MEDICALGRAD","TOT","100000HAB","A","1994",12.17,
"IRL","MEDICALGRAD","TOT","100000HAB","A","1995",12.86,
"IRL","MEDICALGRAD","TOT","100000HAB","A","1996",14.3,
"IRL","MEDICALGRAD","TOT","100000HAB","A","1997",14.13,
"IRL","MEDICALGRAD","TOT","100000HAB","A","1998",13.93,
"IRL","MEDICALGRAD","TOT","100000HAB","A","1999",13.56,
"IRL","MEDICALGRAD","TOT","100000HAB","A","2000",14.35,
"IRL","MEDICALGRAD","TOT","100000HAB","A","2001",14.28,
"IRL","MEDICALGRAD","TOT","100000HAB","A","2002",14.45,
"IRL","MEDICALGRAD","TOT","100000HAB","A","2003",15.21,
"IRL","MEDICALGRAD","TOT","100000HAB","A","2004",15.67,
"IRL","MEDICALGRAD","TOT","100000HAB","A","2005",14.28,
"IRL","MEDICALGRAD","TOT","100000HAB","A","2006",15,
"IRL","MEDICALGRAD","TOT","100000HAB","A","2007",16.5,
"IRL","MEDICALGRAD","TOT","100000HAB","A","2008",14.99,
"IRL","MEDICALGRAD","TOT","100000HAB","A","2009",15.92,
"IRL","MEDICALGRAD","TOT","100000HAB","A","2010",17.21,
"IRL","MEDICALGRAD","TOT","100000HAB","A","2011",16.12,
"IRL","MEDICALGRAD","TOT","100000HAB","A","2012",17.03,
"IRL","MEDICALGRAD","TOT","100000HAB","A","2013",20.25,
"IRL","MEDICALGRAD","TOT","100000HAB","A","2014",21.85,
"IRL","MEDICALGRAD","TOT","100000HAB","A","2015",23.67,
"ITA","MEDICALGRAD","TOT","100000HAB","A","1980",25.28,
"ITA","MEDICALGRAD","TOT","100000HAB","A","1982",26.83,
"ITA","MEDICALGRAD","TOT","100000HAB","A","1984",24.82,
"ITA","MEDICALGRAD","TOT","100000HAB","A","1985",23.11,
"ITA","MEDICALGRAD","TOT","100000HAB","A","1986",23.06,
"ITA","MEDICALGRAD","TOT","100000HAB","A","1988",20.43,
"ITA","MEDICALGRAD","TOT","100000HAB","A","1989",20.25,
"ITA","MEDICALGRAD","TOT","100000HAB","A","1990",18.4,
"ITA","MEDICALGRAD","TOT","100000HAB","A","1991",16.91,
"ITA","MEDICALGRAD","TOT","100000HAB","A","1992",15.35,
"ITA","MEDICALGRAD","TOT","100000HAB","A","1993",13.66,
"ITA","MEDICALGRAD","TOT","100000HAB","A","1994",12.81,
"ITA","MEDICALGRAD","TOT","100000HAB","A","1995",11.99,
"ITA","MEDICALGRAD","TOT","100000HAB","A","1996",11.52,
"ITA","MEDICALGRAD","TOT","100000HAB","A","1997",10.71,
"ITA","MEDICALGRAD","TOT","100000HAB","A","1998",11.03,
"ITA","MEDICALGRAD","TOT","100000HAB","A","1999",11.85,
"ITA","MEDICALGRAD","TOT","100000HAB","A","2000",11.51,
"ITA","MEDICALGRAD","TOT","100000HAB","A","2001",11.26,
"ITA","MEDICALGRAD","TOT","100000HAB","A","2002",12.27,
"ITA","MEDICALGRAD","TOT","100000HAB","A","2003",12.71,
"ITA","MEDICALGRAD","TOT","100000HAB","A","2004",11.47,
"ITA","MEDICALGRAD","TOT","100000HAB","A","2005",11.07,
"ITA","MEDICALGRAD","TOT","100000HAB","A","2006",10.57,
"ITA","MEDICALGRAD","TOT","100000HAB","A","2007",11.66,
"ITA","MEDICALGRAD","TOT","100000HAB","A","2008",11.55,
"ITA","MEDICALGRAD","TOT","100000HAB","A","2009",11.31,
"ITA","MEDICALGRAD","TOT","100000HAB","A","2010",11.36,
"ITA","MEDICALGRAD","TOT","100000HAB","A","2011",11.28,
"ITA","MEDICALGRAD","TOT","100000HAB","A","2012",11.14,
"ITA","MEDICALGRAD","TOT","100000HAB","A","2013",11.13,
"ITA","MEDICALGRAD","TOT","100000HAB","A","2014",11.48,
"ITA","MEDICALGRAD","TOT","100000HAB","A","2015",12.26,
"JPN","MEDICALGRAD","TOT","100000HAB","A","1980",5.72,
"JPN","MEDICALGRAD","TOT","100000HAB","A","1981",6.11,
"JPN","MEDICALGRAD","TOT","100000HAB","A","1982",6.2,
"JPN","MEDICALGRAD","TOT","100000HAB","A","1983",6.23,
"JPN","MEDICALGRAD","TOT","100000HAB","A","1984",6.79,
"JPN","MEDICALGRAD","TOT","100000HAB","A","1985",6.63,
"JPN","MEDICALGRAD","TOT","100000HAB","A","1986",6.69,
"JPN","MEDICALGRAD","TOT","100000HAB","A","1987",6.78,
"JPN","MEDICALGRAD","TOT","100000HAB","A","1988",6.7,
"JPN","MEDICALGRAD","TOT","100000HAB","A","1989",6.6,
"JPN","MEDICALGRAD","TOT","100000HAB","A","1990",6.66,
"JPN","MEDICALGRAD","TOT","100000HAB","A","1991",6.56,
"JPN","MEDICALGRAD","TOT","100000HAB","A","1992",6.35,
"JPN","MEDICALGRAD","TOT","100000HAB","A","1993",6.52,
"JPN","MEDICALGRAD","TOT","100000HAB","A","1994",6.53,
"JPN","MEDICALGRAD","TOT","100000HAB","A","1995",6.29,
"JPN","MEDICALGRAD","TOT","100000HAB","A","1996",6.13,
"JPN","MEDICALGRAD","TOT","100000HAB","A","1997",6.25,
"JPN","MEDICALGRAD","TOT","100000HAB","A","1998",5.99,
"JPN","MEDICALGRAD","TOT","100000HAB","A","1999",6.09,
"JPN","MEDICALGRAD","TOT","100000HAB","A","2000",5.9,
"JPN","MEDICALGRAD","TOT","100000HAB","A","2001",5.81,
"JPN","MEDICALGRAD","TOT","100000HAB","A","2002",6.08,
"JPN","MEDICALGRAD","TOT","100000HAB","A","2003",6,
"JPN","MEDICALGRAD","TOT","100000HAB","A","2004",5.92,
"JPN","MEDICALGRAD","TOT","100000HAB","A","2005",5.79,
"JPN","MEDICALGRAD","TOT","100000HAB","A","2006",5.97,
"JPN","MEDICALGRAD","TOT","100000HAB","A","2007",5.97,
"JPN","MEDICALGRAD","TOT","100000HAB","A","2008",5.8,
"JPN","MEDICALGRAD","TOT","100000HAB","A","2009",5.91,
"JPN","MEDICALGRAD","TOT","100000HAB","A","2010",5.95,
"JPN","MEDICALGRAD","TOT","100000HAB","A","2011",5.97,
"JPN","MEDICALGRAD","TOT","100000HAB","A","2012",5.88,
"JPN","MEDICALGRAD","TOT","100000HAB","A","2013",6,
"JPN","MEDICALGRAD","TOT","100000HAB","A","2014",6.01,
"JPN","MEDICALGRAD","TOT","100000HAB","A","2015",6.39,
"JPN","MEDICALGRAD","TOT","100000HAB","A","2016",6.72,
"KOR","MEDICALGRAD","TOT","100000HAB","A","1999",7.67,
"KOR","MEDICALGRAD","TOT","100000HAB","A","2000",7.51,
"KOR","MEDICALGRAD","TOT","100000HAB","A","2001",7.93,
"KOR","MEDICALGRAD","TOT","100000HAB","A","2002",8.42,
"KOR","MEDICALGRAD","TOT","100000HAB","A","2003",9.33,
"KOR","MEDICALGRAD","TOT","100000HAB","A","2004",8.7,
"KOR","MEDICALGRAD","TOT","100000HAB","A","2005",9.05,
"KOR","MEDICALGRAD","TOT","100000HAB","A","2006",8.2,
"KOR","MEDICALGRAD","TOT","100000HAB","A","2007",8.94,
"KOR","MEDICALGRAD","TOT","100000HAB","A","2008",9.08,
"KOR","MEDICALGRAD","TOT","100000HAB","A","2009",9.02,
"KOR","MEDICALGRAD","TOT","100000HAB","A","2010",8.2,
"KOR","MEDICALGRAD","TOT","100000HAB","A","2011",7.99,
"KOR","MEDICALGRAD","TOT","100000HAB","A","2012",8.16,
"KOR","MEDICALGRAD","TOT","100000HAB","A","2013",7.95,
"KOR","MEDICALGRAD","TOT","100000HAB","A","2014",8.1,
"KOR","MEDICALGRAD","TOT","100000HAB","A","2015",7.85,
"KOR","MEDICALGRAD","TOT","100000HAB","A","2016",7.84,"P"
"MEX","MEDICALGRAD","TOT","100000HAB","A","2000",8.84,
"MEX","MEDICALGRAD","TOT","100000HAB","A","2001",8.54,
"MEX","MEDICALGRAD","TOT","100000HAB","A","2002",9.67,
"MEX","MEDICALGRAD","TOT","100000HAB","A","2003",9.21,
"MEX","MEDICALGRAD","TOT","100000HAB","A","2004",10.27,
"MEX","MEDICALGRAD","TOT","100000HAB","A","2005",10.86,
"MEX","MEDICALGRAD","TOT","100000HAB","A","2006",9.8,
"MEX","MEDICALGRAD","TOT","100000HAB","A","2007",10.87,
"MEX","MEDICALGRAD","TOT","100000HAB","A","2008",11.6,
"MEX","MEDICALGRAD","TOT","100000HAB","A","2009",11.19,
"MEX","MEDICALGRAD","TOT","100000HAB","A","2010",11.21,
"MEX","MEDICALGRAD","TOT","100000HAB","A","2011",11.44,
"MEX","MEDICALGRAD","TOT","100000HAB","A","2012",11.65,
"MEX","MEDICALGRAD","TOT","100000HAB","A","2013",10,
"MEX","MEDICALGRAD","TOT","100000HAB","A","2014",10.52,
"MEX","MEDICALGRAD","TOT","100000HAB","A","2015",10.66,
"MEX","MEDICALGRAD","TOT","100000HAB","A","2016",12.13,"P"
"NLD","MEDICALGRAD","TOT","100000HAB","A","1983",10.16,
"NLD","MEDICALGRAD","TOT","100000HAB","A","1984",10.3,
"NLD","MEDICALGRAD","TOT","100000HAB","A","1985",10.12,
"NLD","MEDICALGRAD","TOT","100000HAB","A","1987",11.86,
"NLD","MEDICALGRAD","TOT","100000HAB","A","1988",12.05,
"NLD","MEDICALGRAD","TOT","100000HAB","A","1989",11.01,
"NLD","MEDICALGRAD","TOT","100000HAB","A","1990",9.7,
"NLD","MEDICALGRAD","TOT","100000HAB","A","1991",9.12,
"NLD","MEDICALGRAD","TOT","100000HAB","A","1992",8.47,
"NLD","MEDICALGRAD","TOT","100000HAB","A","1993",7.85,
"NLD","MEDICALGRAD","TOT","100000HAB","A","1994",7.98,
"NLD","MEDICALGRAD","TOT","100000HAB","A","1995",7.87,
"NLD","MEDICALGRAD","TOT","100000HAB","A","1996",9.1,
"NLD","MEDICALGRAD","TOT","100000HAB","A","1997",9.4,
"NLD","MEDICALGRAD","TOT","100000HAB","A","1998",8.8,
"NLD","MEDICALGRAD","TOT","100000HAB","A","1999",10.01,
"NLD","MEDICALGRAD","TOT","100000HAB","A","2000",8.9,
"NLD","MEDICALGRAD","TOT","100000HAB","A","2001",8.87,
"NLD","MEDICALGRAD","TOT","100000HAB","A","2002",9.73,
"NLD","MEDICALGRAD","TOT","100000HAB","A","2003",10.19,
"NLD","MEDICALGRAD","TOT","100000HAB","A","2004",10.47,
"NLD","MEDICALGRAD","TOT","100000HAB","A","2005",10.76,
"NLD","MEDICALGRAD","TOT","100000HAB","A","2006",11.27,
"NLD","MEDICALGRAD","TOT","100000HAB","A","2007",12.32,
"NLD","MEDICALGRAD","TOT","100000HAB","A","2008",12.3,
"NLD","MEDICALGRAD","TOT","100000HAB","A","2009",12.55,
"NLD","MEDICALGRAD","TOT","100000HAB","A","2010",13.7,
"NLD","MEDICALGRAD","TOT","100000HAB","A","2011",14.71,
"NLD","MEDICALGRAD","TOT","100000HAB","A","2012",14.72,
"NLD","MEDICALGRAD","TOT","100000HAB","A","2013",14.38,
"NLD","MEDICALGRAD","TOT","100000HAB","A","2014",14.5,
"NLD","MEDICALGRAD","TOT","100000HAB","A","2015",14.61,
"NLD","MEDICALGRAD","TOT","100000HAB","A","2016",14.4,
"NZL","MEDICALGRAD","TOT","100000HAB","A","1980",7.35,
"NZL","MEDICALGRAD","TOT","100000HAB","A","1981",9.23,
"NZL","MEDICALGRAD","TOT","100000HAB","A","1982",9.13,
"NZL","MEDICALGRAD","TOT","100000HAB","A","1983",8.84,
"NZL","MEDICALGRAD","TOT","100000HAB","A","1984",9.15,
"NZL","MEDICALGRAD","TOT","100000HAB","A","1985",7.61,
"NZL","MEDICALGRAD","TOT","100000HAB","A","1986",6.89,
"NZL","MEDICALGRAD","TOT","100000HAB","A","1987",6.88,
"NZL","MEDICALGRAD","TOT","100000HAB","A","1988",7.06,
"NZL","MEDICALGRAD","TOT","100000HAB","A","1989",6.91,
"NZL","MEDICALGRAD","TOT","100000HAB","A","1990",8.44,
"NZL","MEDICALGRAD","TOT","100000HAB","A","1991",7.64,
"NZL","MEDICALGRAD","TOT","100000HAB","A","1992",7.79,
"NZL","MEDICALGRAD","TOT","100000HAB","A","1993",7.95,
"NZL","MEDICALGRAD","TOT","100000HAB","A","1994",8.01,
"NZL","MEDICALGRAD","TOT","100000HAB","A","1995",7.02,"B"
"NZL","MEDICALGRAD","TOT","100000HAB","A","1996",7.07,
"NZL","MEDICALGRAD","TOT","100000HAB","A","1997",7.03,
"NZL","MEDICALGRAD","TOT","100000HAB","A","1998",6.58,
"NZL","MEDICALGRAD","TOT","100000HAB","A","1999",7.04,
"NZL","MEDICALGRAD","TOT","100000HAB","A","2000",7.41,
"NZL","MEDICALGRAD","TOT","100000HAB","A","2001",6.98,
"NZL","MEDICALGRAD","TOT","100000HAB","A","2002",7.22,
"NZL","MEDICALGRAD","TOT","100000HAB","A","2003",7.5,
"NZL","MEDICALGRAD","TOT","100000HAB","A","2004",6.95,
"NZL","MEDICALGRAD","TOT","100000HAB","A","2005",7.18,
"NZL","MEDICALGRAD","TOT","100000HAB","A","2006",6.86,
"NZL","MEDICALGRAD","TOT","100000HAB","A","2007",6.72,
"NZL","MEDICALGRAD","TOT","100000HAB","A","2008",7.23,
"NZL","MEDICALGRAD","TOT","100000HAB","A","2009",7.83,
"NZL","MEDICALGRAD","TOT","100000HAB","A","2010",7.29,
"NZL","MEDICALGRAD","TOT","100000HAB","A","2011",8.01,
"NZL","MEDICALGRAD","TOT","100000HAB","A","2012",7.89,
"NZL","MEDICALGRAD","TOT","100000HAB","A","2013",8.53,
"NZL","MEDICALGRAD","TOT","100000HAB","A","2014",8.69,
"NZL","MEDICALGRAD","TOT","100000HAB","A","2015",8.68,
"NOR","MEDICALGRAD","TOT","100000HAB","A","1980",8.32,
"NOR","MEDICALGRAD","TOT","100000HAB","A","1981",8.07,
"NOR","MEDICALGRAD","TOT","100000HAB","A","1982",9.06,
"NOR","MEDICALGRAD","TOT","100000HAB","A","1983",8.53,
"NOR","MEDICALGRAD","TOT","100000HAB","A","1984",8.82,
"NOR","MEDICALGRAD","TOT","100000HAB","A","1985",7.71,
"NOR","MEDICALGRAD","TOT","100000HAB","A","1986",8.42,
"NOR","MEDICALGRAD","TOT","100000HAB","A","1987",7.33,
"NOR","MEDICALGRAD","TOT","100000HAB","A","1988",7.86,
"NOR","MEDICALGRAD","TOT","100000HAB","A","1989",6.77,
"NOR","MEDICALGRAD","TOT","100000HAB","A","1990",6.58,
"NOR","MEDICALGRAD","TOT","100000HAB","A","1991",6.5,
"NOR","MEDICALGRAD","TOT","100000HAB","A","1992",6.58,
"NOR","MEDICALGRAD","TOT","100000HAB","A","1993",6.91,
"NOR","MEDICALGRAD","TOT","100000HAB","A","1994",7.1,
"NOR","MEDICALGRAD","TOT","100000HAB","A","1995",7.32,
"NOR","MEDICALGRAD","TOT","100000HAB","A","1996",6.92,
"NOR","MEDICALGRAD","TOT","100000HAB","A","1997",7.08,
"NOR","MEDICALGRAD","TOT","100000HAB","A","1998",7.45,
"NOR","MEDICALGRAD","TOT","100000HAB","A","1999",9.03,
"NOR","MEDICALGRAD","TOT","100000HAB","A","2000",9.08,
"NOR","MEDICALGRAD","TOT","100000HAB","A","2001",9.17,
"NOR","MEDICALGRAD","TOT","100000HAB","A","2002",8.33,
"NOR","MEDICALGRAD","TOT","100000HAB","A","2003",10.12,
"NOR","MEDICALGRAD","TOT","100000HAB","A","2004",10.13,
"NOR","MEDICALGRAD","TOT","100000HAB","A","2005",10.1,
"NOR","MEDICALGRAD","TOT","100000HAB","A","2006",9.89,
"NOR","MEDICALGRAD","TOT","100000HAB","A","2007",10.55,
"NOR","MEDICALGRAD","TOT","100000HAB","A","2008",10.4,
"NOR","MEDICALGRAD","TOT","100000HAB","A","2009",10.69,
"NOR","MEDICALGRAD","TOT","100000HAB","A","2010",11.27,
"NOR","MEDICALGRAD","TOT","100000HAB","A","2011",11.47,
"NOR","MEDICALGRAD","TOT","100000HAB","A","2012",12.33,
"NOR","MEDICALGRAD","TOT","100000HAB","A","2013",11.38,
"NOR","MEDICALGRAD","TOT","100000HAB","A","2014",11.04,
"NOR","MEDICALGRAD","TOT","100000HAB","A","2015",11.18,
"POL","MEDICALGRAD","TOT","100000HAB","A","1980",9.49,
"POL","MEDICALGRAD","TOT","100000HAB","A","1981",10.03,
"POL","MEDICALGRAD","TOT","100000HAB","A","1982",9.99,
"POL","MEDICALGRAD","TOT","100000HAB","A","1983",9.79,
"POL","MEDICALGRAD","TOT","100000HAB","A","1984",9.93,
"POL","MEDICALGRAD","TOT","100000HAB","A","1985",9.71,
"POL","MEDICALGRAD","TOT","100000HAB","A","1986",9.27,
"POL","MEDICALGRAD","TOT","100000HAB","A","1987",8.56,
"POL","MEDICALGRAD","TOT","100000HAB","A","1988",8.34,
"POL","MEDICALGRAD","TOT","100000HAB","A","1989",7.95,
"POL","MEDICALGRAD","TOT","100000HAB","A","1990",8.55,"B"
"POL","MEDICALGRAD","TOT","100000HAB","A","1991",8.99,
"POL","MEDICALGRAD","TOT","100000HAB","A","1992",9.88,
"POL","MEDICALGRAD","TOT","100000HAB","A","1993",10.45,
"POL","MEDICALGRAD","TOT","100000HAB","A","1994",9.53,
"POL","MEDICALGRAD","TOT","100000HAB","A","1995",10.7,
"POL","MEDICALGRAD","TOT","100000HAB","A","1996",9.5,
"POL","MEDICALGRAD","TOT","100000HAB","A","1997",8.02,
"POL","MEDICALGRAD","TOT","100000HAB","A","1998",6.79,
"POL","MEDICALGRAD","TOT","100000HAB","A","1999",5.95,
"POL","MEDICALGRAD","TOT","100000HAB","A","2000",6.03,
"POL","MEDICALGRAD","TOT","100000HAB","A","2001",6.44,
"POL","MEDICALGRAD","TOT","100000HAB","A","2002",6.63,
"POL","MEDICALGRAD","TOT","100000HAB","A","2003",6.57,
"POL","MEDICALGRAD","TOT","100000HAB","A","2004",6.82,
"POL","MEDICALGRAD","TOT","100000HAB","A","2005",6.15,
"POL","MEDICALGRAD","TOT","100000HAB","A","2006",6.05,
"POL","MEDICALGRAD","TOT","100000HAB","A","2007",6.69,
"POL","MEDICALGRAD","TOT","100000HAB","A","2008",7.15,
"POL","MEDICALGRAD","TOT","100000HAB","A","2009",7.31,
"POL","MEDICALGRAD","TOT","100000HAB","A","2010",8.1,
"POL","MEDICALGRAD","TOT","100000HAB","A","2011",8.8,
"POL","MEDICALGRAD","TOT","100000HAB","A","2012",9.32,
"POL","MEDICALGRAD","TOT","100000HAB","A","2013",9.88,
"POL","MEDICALGRAD","TOT","100000HAB","A","2014",9.7,
"POL","MEDICALGRAD","TOT","100000HAB","A","2015",10.24,
"PRT","MEDICALGRAD","TOT","100000HAB","A","1985",8.53,
"PRT","MEDICALGRAD","TOT","100000HAB","A","1986",9.22,
"PRT","MEDICALGRAD","TOT","100000HAB","A","1987",8.3,
"PRT","MEDICALGRAD","TOT","100000HAB","A","1988",7.17,
"PRT","MEDICALGRAD","TOT","100000HAB","A","1989",6.7,
"PRT","MEDICALGRAD","TOT","100000HAB","A","1990",4.76,
"PRT","MEDICALGRAD","TOT","100000HAB","A","1991",4.08,
"PRT","MEDICALGRAD","TOT","100000HAB","A","1992",3.25,
"PRT","MEDICALGRAD","TOT","100000HAB","A","1993",3.63,
"PRT","MEDICALGRAD","TOT","100000HAB","A","1994",4.06,
"PRT","MEDICALGRAD","TOT","100000HAB","A","1995",4.08,
"PRT","MEDICALGRAD","TOT","100000HAB","A","1996",4.89,
"PRT","MEDICALGRAD","TOT","100000HAB","A","1997",5,
"PRT","MEDICALGRAD","TOT","100000HAB","A","1998",5.13,
"PRT","MEDICALGRAD","TOT","100000HAB","A","1999",5.44,
"PRT","MEDICALGRAD","TOT","100000HAB","A","2000",5.87,
"PRT","MEDICALGRAD","TOT","100000HAB","A","2001",5.72,
"PRT","MEDICALGRAD","TOT","100000HAB","A","2002",5.29,
"PRT","MEDICALGRAD","TOT","100000HAB","A","2003",5.77,
"PRT","MEDICALGRAD","TOT","100000HAB","A","2004",6.62,
"PRT","MEDICALGRAD","TOT","100000HAB","A","2005",7.01,
"PRT","MEDICALGRAD","TOT","100000HAB","A","2006",7.72,
"PRT","MEDICALGRAD","TOT","100000HAB","A","2007",9.76,
"PRT","MEDICALGRAD","TOT","100000HAB","A","2008",10.43,
"PRT","MEDICALGRAD","TOT","100000HAB","A","2009",10.65,
"PRT","MEDICALGRAD","TOT","100000HAB","A","2010",11.94,
"PRT","MEDICALGRAD","TOT","100000HAB","A","2011",12.19,
"PRT","MEDICALGRAD","TOT","100000HAB","A","2012",13.26,
"PRT","MEDICALGRAD","TOT","100000HAB","A","2013",13.64,
"PRT","MEDICALGRAD","TOT","100000HAB","A","2014",14.94,
"PRT","MEDICALGRAD","TOT","100000HAB","A","2015",15.85,
"SVK","MEDICALGRAD","TOT","100000HAB","A","1980",13.72,
"SVK","MEDICALGRAD","TOT","100000HAB","A","1982",14.01,
"SVK","MEDICALGRAD","TOT","100000HAB","A","1984",9.24,
"SVK","MEDICALGRAD","TOT","100000HAB","A","1985",8.95,
"SVK","MEDICALGRAD","TOT","100000HAB","A","1986",8.45,
"SVK","MEDICALGRAD","TOT","100000HAB","A","1987",8.86,
"SVK","MEDICALGRAD","TOT","100000HAB","A","1988",7.79,
"SVK","MEDICALGRAD","TOT","100000HAB","A","1989",8.15,
"SVK","MEDICALGRAD","TOT","100000HAB","A","1990",7.62,
"SVK","MEDICALGRAD","TOT","100000HAB","A","1991",8.35,
"SVK","MEDICALGRAD","TOT","100000HAB","A","1992",8.14,
"SVK","MEDICALGRAD","TOT","100000HAB","A","1993",10.76,
"SVK","MEDICALGRAD","TOT","100000HAB","A","1994",10.87,
"SVK","MEDICALGRAD","TOT","100000HAB","A","1995",12.78,
"SVK","MEDICALGRAD","TOT","100000HAB","A","1996",16.94,
"SVK","MEDICALGRAD","TOT","100000HAB","A","1997",12.09,
"SVK","MEDICALGRAD","TOT","100000HAB","A","1998",11.06,
"SVK","MEDICALGRAD","TOT","100000HAB","A","1999",10.97,
"SVK","MEDICALGRAD","TOT","100000HAB","A","2000",10.8,
"SVK","MEDICALGRAD","TOT","100000HAB","A","2001",9.83,
"SVK","MEDICALGRAD","TOT","100000HAB","A","2002",9.93,
"SVK","MEDICALGRAD","TOT","100000HAB","A","2003",10.66,
"SVK","MEDICALGRAD","TOT","100000HAB","A","2004",10.61,
"SVK","MEDICALGRAD","TOT","100000HAB","A","2005",10.37,
"SVK","MEDICALGRAD","TOT","100000HAB","A","2006",9.47,
"SVK","MEDICALGRAD","TOT","100000HAB","A","2007",9.95,
"SVK","MEDICALGRAD","TOT","100000HAB","A","2008",8.51,
"SVK","MEDICALGRAD","TOT","100000HAB","A","2009",7.82,
"SVK","MEDICALGRAD","TOT","100000HAB","A","2010",10.7,
"SVK","MEDICALGRAD","TOT","100000HAB","A","2011",10.93,
"SVK","MEDICALGRAD","TOT","100000HAB","A","2012",11.48,
"SVK","MEDICALGRAD","TOT","100000HAB","A","2013",12.75,
"SVK","MEDICALGRAD","TOT","100000HAB","A","2014",13.51,
"ESP","MEDICALGRAD","TOT","100000HAB","A","1980",20.68,
"ESP","MEDICALGRAD","TOT","100000HAB","A","1981",23.59,
"ESP","MEDICALGRAD","TOT","100000HAB","A","1982",27.75,
"ESP","MEDICALGRAD","TOT","100000HAB","A","1983",27.13,
"ESP","MEDICALGRAD","TOT","100000HAB","A","1984",19,
"ESP","MEDICALGRAD","TOT","100000HAB","A","1985",20.42,
"ESP","MEDICALGRAD","TOT","100000HAB","A","1986",18.18,
"ESP","MEDICALGRAD","TOT","100000HAB","A","1987",17.33,
"ESP","MEDICALGRAD","TOT","100000HAB","A","1988",14.5,
"ESP","MEDICALGRAD","TOT","100000HAB","A","1989",13.78,
"ESP","MEDICALGRAD","TOT","100000HAB","A","1990",13.44,
"ESP","MEDICALGRAD","TOT","100000HAB","A","1991",13.36,
"ESP","MEDICALGRAD","TOT","100000HAB","A","1992",12.59,
"ESP","MEDICALGRAD","TOT","100000HAB","A","1993",11.26,
"ESP","MEDICALGRAD","TOT","100000HAB","A","1994",11.72,
"ESP","MEDICALGRAD","TOT","100000HAB","A","1995",11.5,
"ESP","MEDICALGRAD","TOT","100000HAB","A","1996",10.35,
"ESP","MEDICALGRAD","TOT","100000HAB","A","1997",10.9,
"ESP","MEDICALGRAD","TOT","100000HAB","A","1998",12.06,
"ESP","MEDICALGRAD","TOT","100000HAB","A","1999",10.71,
"ESP","MEDICALGRAD","TOT","100000HAB","A","2000",10.41,
"ESP","MEDICALGRAD","TOT","100000HAB","A","2001",10.02,
"ESP","MEDICALGRAD","TOT","100000HAB","A","2002",9.89,
"ESP","MEDICALGRAD","TOT","100000HAB","A","2003",9.5,
"ESP","MEDICALGRAD","TOT","100000HAB","A","2004",9.81,
"ESP","MEDICALGRAD","TOT","100000HAB","A","2005",9.31,
"ESP","MEDICALGRAD","TOT","100000HAB","A","2006",8.9,
"ESP","MEDICALGRAD","TOT","100000HAB","A","2007",8.49,
"ESP","MEDICALGRAD","TOT","100000HAB","A","2008",8.53,
"ESP","MEDICALGRAD","TOT","100000HAB","A","2009",8.37,
"ESP","MEDICALGRAD","TOT","100000HAB","A","2010",9.23,
"ESP","MEDICALGRAD","TOT","100000HAB","A","2011",8.98,
"ESP","MEDICALGRAD","TOT","100000HAB","A","2012",9.53,
"ESP","MEDICALGRAD","TOT","100000HAB","A","2013",10.23,
"ESP","MEDICALGRAD","TOT","100000HAB","A","2014",11.99,
"ESP","MEDICALGRAD","TOT","100000HAB","A","2015",13.03,
"SWE","MEDICALGRAD","TOT","100000HAB","A","1980",10.46,
"SWE","MEDICALGRAD","TOT","100000HAB","A","1981",10.83,
"SWE","MEDICALGRAD","TOT","100000HAB","A","1982",11.53,
"SWE","MEDICALGRAD","TOT","100000HAB","A","1983",12.53,
"SWE","MEDICALGRAD","TOT","100000HAB","A","1984",11.19,
"SWE","MEDICALGRAD","TOT","100000HAB","A","1985",10.35,
"SWE","MEDICALGRAD","TOT","100000HAB","A","1986",10.23,
"SWE","MEDICALGRAD","TOT","100000HAB","A","1987",10.71,
"SWE","MEDICALGRAD","TOT","100000HAB","A","1988",9.55,
"SWE","MEDICALGRAD","TOT","100000HAB","A","1989",10.04,
"SWE","MEDICALGRAD","TOT","100000HAB","A","1990",8.25,
"SWE","MEDICALGRAD","TOT","100000HAB","A","1991",8.75,
"SWE","MEDICALGRAD","TOT","100000HAB","A","1992",8.17,
"SWE","MEDICALGRAD","TOT","100000HAB","A","1993",8.6,
"SWE","MEDICALGRAD","TOT","100000HAB","A","1994",7.71,
"SWE","MEDICALGRAD","TOT","100000HAB","A","1995",8.73,
"SWE","MEDICALGRAD","TOT","100000HAB","A","1996",7.96,
"SWE","MEDICALGRAD","TOT","100000HAB","A","1997",9.67,
"SWE","MEDICALGRAD","TOT","100000HAB","A","1998",8.71,
"SWE","MEDICALGRAD","TOT","100000HAB","A","1999",9.42,
"SWE","MEDICALGRAD","TOT","100000HAB","A","2000",9.06,
"SWE","MEDICALGRAD","TOT","100000HAB","A","2001",9.13,
"SWE","MEDICALGRAD","TOT","100000HAB","A","2002",8.68,
"SWE","MEDICALGRAD","TOT","100000HAB","A","2003",9.38,
"SWE","MEDICALGRAD","TOT","100000HAB","A","2004",8.9,
"SWE","MEDICALGRAD","TOT","100000HAB","A","2005",8.92,
"SWE","MEDICALGRAD","TOT","100000HAB","A","2006",10.02,
"SWE","MEDICALGRAD","TOT","100000HAB","A","2007",10.19,
"SWE","MEDICALGRAD","TOT","100000HAB","A","2008",10.3,
"SWE","MEDICALGRAD","TOT","100000HAB","A","2009",10.68,
"SWE","MEDICALGRAD","TOT","100000HAB","A","2010",10.33,
"SWE","MEDICALGRAD","TOT","100000HAB","A","2011",10.7,
"SWE","MEDICALGRAD","TOT","100000HAB","A","2012",11.88,
"SWE","MEDICALGRAD","TOT","100000HAB","A","2013",10.28,
"SWE","MEDICALGRAD","TOT","100000HAB","A","2014",11.24,
"SWE","MEDICALGRAD","TOT","100000HAB","A","2015",10.57,
"CHE","MEDICALGRAD","TOT","100000HAB","A","1980",13.47,
"CHE","MEDICALGRAD","TOT","100000HAB","A","1981",14.05,
"CHE","MEDICALGRAD","TOT","100000HAB","A","1982",13.93,
"CHE","MEDICALGRAD","TOT","100000HAB","A","1983",13.6,
"CHE","MEDICALGRAD","TOT","100000HAB","A","1984",12.93,
"CHE","MEDICALGRAD","TOT","100000HAB","A","1985",14.05,
"CHE","MEDICALGRAD","TOT","100000HAB","A","1986",13.41,
"CHE","MEDICALGRAD","TOT","100000HAB","A","1987",13.75,
"CHE","MEDICALGRAD","TOT","100000HAB","A","1988",12.95,
"CHE","MEDICALGRAD","TOT","100000HAB","A","1989",11.13,
"CHE","MEDICALGRAD","TOT","100000HAB","A","1990",12.17,
"CHE","MEDICALGRAD","TOT","100000HAB","A","1991",10.38,
"CHE","MEDICALGRAD","TOT","100000HAB","A","1992",10.22,
"CHE","MEDICALGRAD","TOT","100000HAB","A","1993",9.56,
"CHE","MEDICALGRAD","TOT","100000HAB","A","1994",9.72,
"CHE","MEDICALGRAD","TOT","100000HAB","A","1995",9.67,
"CHE","MEDICALGRAD","TOT","100000HAB","A","1996",10.65,
"CHE","MEDICALGRAD","TOT","100000HAB","A","1997",10.72,
"CHE","MEDICALGRAD","TOT","100000HAB","A","1998",10.89,
"CHE","MEDICALGRAD","TOT","100000HAB","A","1999",11.49,
"CHE","MEDICALGRAD","TOT","100000HAB","A","2000",10.52,
"CHE","MEDICALGRAD","TOT","100000HAB","A","2001",10.84,
"CHE","MEDICALGRAD","TOT","100000HAB","A","2002",9.62,
"CHE","MEDICALGRAD","TOT","100000HAB","A","2003",8.52,
"CHE","MEDICALGRAD","TOT","100000HAB","A","2004",9.13,
"CHE","MEDICALGRAD","TOT","100000HAB","A","2005",8.36,
"CHE","MEDICALGRAD","TOT","100000HAB","A","2006",7.94,
"CHE","MEDICALGRAD","TOT","100000HAB","A","2007",8.1,
"CHE","MEDICALGRAD","TOT","100000HAB","A","2008",8.72,
"CHE","MEDICALGRAD","TOT","100000HAB","A","2009",9.41,
"CHE","MEDICALGRAD","TOT","100000HAB","A","2010",10.39,
"CHE","MEDICALGRAD","TOT","100000HAB","A","2011",9.4,
"CHE","MEDICALGRAD","TOT","100000HAB","A","2012",9.78,
"CHE","MEDICALGRAD","TOT","100000HAB","A","2013",9.72,
"CHE","MEDICALGRAD","TOT","100000HAB","A","2014",10.54,
"TUR","MEDICALGRAD","TOT","100000HAB","A","1980",3.79,
"TUR","MEDICALGRAD","TOT","100000HAB","A","1981",3.93,
"TUR","MEDICALGRAD","TOT","100000HAB","A","1982",4.08,
"TUR","MEDICALGRAD","TOT","100000HAB","A","1983",4.64,
"TUR","MEDICALGRAD","TOT","100000HAB","A","1984",4.84,
"TUR","MEDICALGRAD","TOT","100000HAB","A","1985",4.31,
"TUR","MEDICALGRAD","TOT","100000HAB","A","1986",4.62,
"TUR","MEDICALGRAD","TOT","100000HAB","A","1987",5.42,
"TUR","MEDICALGRAD","TOT","100000HAB","A","1988",6.13,
"TUR","MEDICALGRAD","TOT","100000HAB","A","1989",7.34,
"TUR","MEDICALGRAD","TOT","100000HAB","A","1990",8.01,
"TUR","MEDICALGRAD","TOT","100000HAB","A","1991",8.1,
"TUR","MEDICALGRAD","TOT","100000HAB","A","1992",8.53,
"TUR","MEDICALGRAD","TOT","100000HAB","A","1993",8.19,
"TUR","MEDICALGRAD","TOT","100000HAB","A","1994",8.06,
"TUR","MEDICALGRAD","TOT","100000HAB","A","1995",7.76,
"TUR","MEDICALGRAD","TOT","100000HAB","A","1996",6.66,
"TUR","MEDICALGRAD","TOT","100000HAB","A","1997",6.66,
"TUR","MEDICALGRAD","TOT","100000HAB","A","1998",6.76,
"TUR","MEDICALGRAD","TOT","100000HAB","A","1999",7.7,
"TUR","MEDICALGRAD","TOT","100000HAB","A","2000",7.86,
"TUR","MEDICALGRAD","TOT","100000HAB","A","2001",7.56,
"TUR","MEDICALGRAD","TOT","100000HAB","A","2002",7.2,
"TUR","MEDICALGRAD","TOT","100000HAB","A","2003",6.56,
"TUR","MEDICALGRAD","TOT","100000HAB","A","2004",6.64,
"TUR","MEDICALGRAD","TOT","100000HAB","A","2005",6.57,
"TUR","MEDICALGRAD","TOT","100000HAB","A","2006",6.54,
"TUR","MEDICALGRAD","TOT","100000HAB","A","2007",6.94,
"TUR","MEDICALGRAD","TOT","100000HAB","A","2008",6.69,
"TUR","MEDICALGRAD","TOT","100000HAB","A","2009",7.06,
"TUR","MEDICALGRAD","TOT","100000HAB","A","2010",7.02,
"TUR","MEDICALGRAD","TOT","100000HAB","A","2011",6.71,
"TUR","MEDICALGRAD","TOT","100000HAB","A","2012",6.58,
"TUR","MEDICALGRAD","TOT","100000HAB","A","2013",6.31,
"TUR","MEDICALGRAD","TOT","100000HAB","A","2014",6.7,
"TUR","MEDICALGRAD","TOT","100000HAB","A","2015",8.89,
"GBR","MEDICALGRAD","TOT","100000HAB","A","1987",8.17,
"GBR","MEDICALGRAD","TOT","100000HAB","A","1988",7.79,
"GBR","MEDICALGRAD","TOT","100000HAB","A","1989",7.45,
"GBR","MEDICALGRAD","TOT","100000HAB","A","1990",6.35,
"GBR","MEDICALGRAD","TOT","100000HAB","A","1991",6.14,
"GBR","MEDICALGRAD","TOT","100000HAB","A","1992",6.33,
"GBR","MEDICALGRAD","TOT","100000HAB","A","1993",6.3,
"GBR","MEDICALGRAD","TOT","100000HAB","A","1994",6.42,
"GBR","MEDICALGRAD","TOT","100000HAB","A","1995",6.55,
"GBR","MEDICALGRAD","TOT","100000HAB","A","1996",6.68,
"GBR","MEDICALGRAD","TOT","100000HAB","A","1997",6.85,
"GBR","MEDICALGRAD","TOT","100000HAB","A","1998",7.27,
"GBR","MEDICALGRAD","TOT","100000HAB","A","1999",7.08,
"GBR","MEDICALGRAD","TOT","100000HAB","A","2000",7.53,
"GBR","MEDICALGRAD","TOT","100000HAB","A","2001",7.22,
"GBR","MEDICALGRAD","TOT","100000HAB","A","2002",9.18,"B"
"GBR","MEDICALGRAD","TOT","100000HAB","A","2003",10.33,
"GBR","MEDICALGRAD","TOT","100000HAB","A","2004",11.04,
"GBR","MEDICALGRAD","TOT","100000HAB","A","2005",11.29,
"GBR","MEDICALGRAD","TOT","100000HAB","A","2006",12.15,
"GBR","MEDICALGRAD","TOT","100000HAB","A","2007",12.26,
"GBR","MEDICALGRAD","TOT","100000HAB","A","2008",13.13,
"GBR","MEDICALGRAD","TOT","100000HAB","A","2009",13.18,
"GBR","MEDICALGRAD","TOT","100000HAB","A","2010",13.53,
"GBR","MEDICALGRAD","TOT","100000HAB","A","2011",13.33,
"GBR","MEDICALGRAD","TOT","100000HAB","A","2012",13.88,
"GBR","MEDICALGRAD","TOT","100000HAB","A","2013",13.18,
"GBR","MEDICALGRAD","TOT","100000HAB","A","2014",13.45,
"GBR","MEDICALGRAD","TOT","100000HAB","A","2015",12.83,
"USA","MEDICALGRAD","TOT","100000HAB","A","1980",7.12,
"USA","MEDICALGRAD","TOT","100000HAB","A","1981",7.31,
"USA","MEDICALGRAD","TOT","100000HAB","A","1982",7.35,
"USA","MEDICALGRAD","TOT","100000HAB","A","1983",7.32,
"USA","MEDICALGRAD","TOT","100000HAB","A","1984",7.48,
"USA","MEDICALGRAD","TOT","100000HAB","A","1985",7.48,
"USA","MEDICALGRAD","TOT","100000HAB","A","1986",7.36,
"USA","MEDICALGRAD","TOT","100000HAB","A","1987",7.19,
"USA","MEDICALGRAD","TOT","100000HAB","A","1988",7.15,
"USA","MEDICALGRAD","TOT","100000HAB","A","1989",6.98,
"USA","MEDICALGRAD","TOT","100000HAB","A","1990",6.78,
"USA","MEDICALGRAD","TOT","100000HAB","A","1991",6.7,
"USA","MEDICALGRAD","TOT","100000HAB","A","1992",6.58,
"USA","MEDICALGRAD","TOT","100000HAB","A","1993",6.57,
"USA","MEDICALGRAD","TOT","100000HAB","A","1994",6.56,
"USA","MEDICALGRAD","TOT","100000HAB","A","1995",6.66,
"USA","MEDICALGRAD","TOT","100000HAB","A","1996",6.61,
"USA","MEDICALGRAD","TOT","100000HAB","A","1997",6.56,
"USA","MEDICALGRAD","TOT","100000HAB","A","1998",6.54,
"USA","MEDICALGRAD","TOT","100000HAB","A","1999",6.51,
"USA","MEDICALGRAD","TOT","100000HAB","A","2000",6.38,
"USA","MEDICALGRAD","TOT","100000HAB","A","2001",6.42,
"USA","MEDICALGRAD","TOT","100000HAB","A","2002",6.33,
"USA","MEDICALGRAD","TOT","100000HAB","A","2003",6.25,
"USA","MEDICALGRAD","TOT","100000HAB","A","2004",6.33,
"USA","MEDICALGRAD","TOT","100000HAB","A","2005",6.27,
"USA","MEDICALGRAD","TOT","100000HAB","A","2006",6.25,
"USA","MEDICALGRAD","TOT","100000HAB","A","2007",6.35,
"USA","MEDICALGRAD","TOT","100000HAB","A","2008",6.42,
"USA","MEDICALGRAD","TOT","100000HAB","A","2009",6.7,
"USA","MEDICALGRAD","TOT","100000HAB","A","2010",6.62,
"USA","MEDICALGRAD","TOT","100000HAB","A","2011",6.91,
"USA","MEDICALGRAD","TOT","100000HAB","A","2012",6.94,
"USA","MEDICALGRAD","TOT","100000HAB","A","2013",7.26,
"USA","MEDICALGRAD","TOT","100000HAB","A","2014",7.24,
"USA","MEDICALGRAD","TOT","100000HAB","A","2015",7.49,
"CHL","MEDICALGRAD","TOT","100000HAB","A","2005",4.61,
"CHL","MEDICALGRAD","TOT","100000HAB","A","2006",4.59,
"CHL","MEDICALGRAD","TOT","100000HAB","A","2007",4.02,
"CHL","MEDICALGRAD","TOT","100000HAB","A","2008",5.11,
"CHL","MEDICALGRAD","TOT","100000HAB","A","2009",6.33,
"CHL","MEDICALGRAD","TOT","100000HAB","A","2010",7.31,
"CHL","MEDICALGRAD","TOT","100000HAB","A","2011",6.91,
"CHL","MEDICALGRAD","TOT","100000HAB","A","2012",9.36,
"CHL","MEDICALGRAD","TOT","100000HAB","A","2013",7.34,
"CHL","MEDICALGRAD","TOT","100000HAB","A","2014",8.63,
"CHL","MEDICALGRAD","TOT","100000HAB","A","2015",9.4,
"CHL","MEDICALGRAD","TOT","100000HAB","A","2016",9.04,
"EST","MEDICALGRAD","TOT","100000HAB","A","1980",18.28,
"EST","MEDICALGRAD","TOT","100000HAB","A","1981",17.95,
"EST","MEDICALGRAD","TOT","100000HAB","A","1982",17.89,
"EST","MEDICALGRAD","TOT","100000HAB","A","1983",17.96,
"EST","MEDICALGRAD","TOT","100000HAB","A","1984",17.05,
"EST","MEDICALGRAD","TOT","100000HAB","A","1985",16.88,
"EST","MEDICALGRAD","TOT","100000HAB","A","1986",18.24,
"EST","MEDICALGRAD","TOT","100000HAB","A","1987",15.72,
"EST","MEDICALGRAD","TOT","100000HAB","A","1988",16.58,
"EST","MEDICALGRAD","TOT","100000HAB","A","1989",10.78,
"EST","MEDICALGRAD","TOT","100000HAB","A","1990",12.68,
"EST","MEDICALGRAD","TOT","100000HAB","A","1991",10.57,
"EST","MEDICALGRAD","TOT","100000HAB","A","1992",11.41,
"EST","MEDICALGRAD","TOT","100000HAB","A","1993",11.44,
"EST","MEDICALGRAD","TOT","100000HAB","A","1994",12.58,
"EST","MEDICALGRAD","TOT","100000HAB","A","1995",11.21,
"EST","MEDICALGRAD","TOT","100000HAB","A","1996",8.76,
"EST","MEDICALGRAD","TOT","100000HAB","A","1997",9.29,
"EST","MEDICALGRAD","TOT","100000HAB","A","1998",8.44,
"EST","MEDICALGRAD","TOT","100000HAB","A","1999",4.39,
"EST","MEDICALGRAD","TOT","100000HAB","A","2000",4.72,
"EST","MEDICALGRAD","TOT","100000HAB","A","2001",6.41,
"EST","MEDICALGRAD","TOT","100000HAB","A","2002",6.52,
"EST","MEDICALGRAD","TOT","100000HAB","A","2003",7.51,
"EST","MEDICALGRAD","TOT","100000HAB","A","2004",7.12,
"EST","MEDICALGRAD","TOT","100000HAB","A","2005",7.82,
"EST","MEDICALGRAD","TOT","100000HAB","A","2006",9.5,
"EST","MEDICALGRAD","TOT","100000HAB","A","2007",7.91,
"EST","MEDICALGRAD","TOT","100000HAB","A","2008",8.38,
"EST","MEDICALGRAD","TOT","100000HAB","A","2009",8.99,
"EST","MEDICALGRAD","TOT","100000HAB","A","2010",11.19,
"EST","MEDICALGRAD","TOT","100000HAB","A","2011",9.42,
"EST","MEDICALGRAD","TOT","100000HAB","A","2012",11.11,
"EST","MEDICALGRAD","TOT","100000HAB","A","2013",10.93,
"EST","MEDICALGRAD","TOT","100000HAB","A","2014",11.87,
"EST","MEDICALGRAD","TOT","100000HAB","A","2015",10.95,
"ISR","MEDICALGRAD","TOT","100000HAB","A","1987",5.97,
"ISR","MEDICALGRAD","TOT","100000HAB","A","1988",6.06,
"ISR","MEDICALGRAD","TOT","100000HAB","A","1989",5.05,
"ISR","MEDICALGRAD","TOT","100000HAB","A","1990",6.63,
"ISR","MEDICALGRAD","TOT","100000HAB","A","1991",5.27,
"ISR","MEDICALGRAD","TOT","100000HAB","A","1992",5.5,
"ISR","MEDICALGRAD","TOT","100000HAB","A","1993",5.06,
"ISR","MEDICALGRAD","TOT","100000HAB","A","1994",5.32,
"ISR","MEDICALGRAD","TOT","100000HAB","A","1995",4,
"ISR","MEDICALGRAD","TOT","100000HAB","A","1996",4.13,
"ISR","MEDICALGRAD","TOT","100000HAB","A","1997",4.99,
"ISR","MEDICALGRAD","TOT","100000HAB","A","1998",5.78,
"ISR","MEDICALGRAD","TOT","100000HAB","A","1999",5.68,
"ISR","MEDICALGRAD","TOT","100000HAB","A","2000",5.49,
"ISR","MEDICALGRAD","TOT","100000HAB","A","2001",4.27,
"ISR","MEDICALGRAD","TOT","100000HAB","A","2002",4.66,
"ISR","MEDICALGRAD","TOT","100000HAB","A","2003",4.53,
"ISR","MEDICALGRAD","TOT","100000HAB","A","2004",4.95,
"ISR","MEDICALGRAD","TOT","100000HAB","A","2005",4.5,
"ISR","MEDICALGRAD","TOT","100000HAB","A","2006",4.39,
"ISR","MEDICALGRAD","TOT","100000HAB","A","2007",4.12,
"ISR","MEDICALGRAD","TOT","100000HAB","A","2008",4.45,
"ISR","MEDICALGRAD","TOT","100000HAB","A","2009",4.01,
"ISR","MEDICALGRAD","TOT","100000HAB","A","2010",4.12,
"ISR","MEDICALGRAD","TOT","100000HAB","A","2011",4.85,
"ISR","MEDICALGRAD","TOT","100000HAB","A","2012",3.84,
"ISR","MEDICALGRAD","TOT","100000HAB","A","2013",5.06,
"ISR","MEDICALGRAD","TOT","100000HAB","A","2014",6.29,
"ISR","MEDICALGRAD","TOT","100000HAB","A","2015",5.47,
"SVN","MEDICALGRAD","TOT","100000HAB","A","1980",7.84,
"SVN","MEDICALGRAD","TOT","100000HAB","A","1982",6.75,
"SVN","MEDICALGRAD","TOT","100000HAB","A","1984",6.62,
"SVN","MEDICALGRAD","TOT","100000HAB","A","1985",4.48,
"SVN","MEDICALGRAD","TOT","100000HAB","A","1986",4.68,
"SVN","MEDICALGRAD","TOT","100000HAB","A","1987",6.94,
"SVN","MEDICALGRAD","TOT","100000HAB","A","1988",6.67,
"SVN","MEDICALGRAD","TOT","100000HAB","A","1989",5.51,
"SVN","MEDICALGRAD","TOT","100000HAB","A","1990",7.31,
"SVN","MEDICALGRAD","TOT","100000HAB","A","1991",5.9,
"SVN","MEDICALGRAD","TOT","100000HAB","A","1992",5.26,
"SVN","MEDICALGRAD","TOT","100000HAB","A","1993",6.23,
"SVN","MEDICALGRAD","TOT","100000HAB","A","1994",5.43,
"SVN","MEDICALGRAD","TOT","100000HAB","A","1995",7.74,
"SVN","MEDICALGRAD","TOT","100000HAB","A","1996",7.09,
"SVN","MEDICALGRAD","TOT","100000HAB","A","1997",5.99,
"SVN","MEDICALGRAD","TOT","100000HAB","A","1998",6.31,
"SVN","MEDICALGRAD","TOT","100000HAB","A","1999",6.86,
"SVN","MEDICALGRAD","TOT","100000HAB","A","2000",5.28,
"SVN","MEDICALGRAD","TOT","100000HAB","A","2001",6.12,
"SVN","MEDICALGRAD","TOT","100000HAB","A","2002",7.57,
"SVN","MEDICALGRAD","TOT","100000HAB","A","2003",8.17,
"SVN","MEDICALGRAD","TOT","100000HAB","A","2004",7.61,
"SVN","MEDICALGRAD","TOT","100000HAB","A","2005",8.1,
"SVN","MEDICALGRAD","TOT","100000HAB","A","2006",6.38,
"SVN","MEDICALGRAD","TOT","100000HAB","A","2007",6.39,
"SVN","MEDICALGRAD","TOT","100000HAB","A","2008",8.61,
"SVN","MEDICALGRAD","TOT","100000HAB","A","2009",7.94,
"SVN","MEDICALGRAD","TOT","100000HAB","A","2010",11.18,
"SVN","MEDICALGRAD","TOT","100000HAB","A","2011",10.03,
"SVN","MEDICALGRAD","TOT","100000HAB","A","2012",12.93,
"SVN","MEDICALGRAD","TOT","100000HAB","A","2013",11.89,
"SVN","MEDICALGRAD","TOT","100000HAB","A","2014",14.65,
"SVN","MEDICALGRAD","TOT","100000HAB","A","2015",17.35,
"LVA","MEDICALGRAD","TOT","100000HAB","A","1980",12.78,
"LVA","MEDICALGRAD","TOT","100000HAB","A","1981",13.46,
"LVA","MEDICALGRAD","TOT","100000HAB","A","1982",12.29,
"LVA","MEDICALGRAD","TOT","100000HAB","A","1983",13.79,
"LVA","MEDICALGRAD","TOT","100000HAB","A","1984",14.75,
"LVA","MEDICALGRAD","TOT","100000HAB","A","1985",13.38,
"LVA","MEDICALGRAD","TOT","100000HAB","A","1986",14.46,
"LVA","MEDICALGRAD","TOT","100000HAB","A","1987",12.34,
"LVA","MEDICALGRAD","TOT","100000HAB","A","1988",11.23,
"LVA","MEDICALGRAD","TOT","100000HAB","A","1989",12.34,
"LVA","MEDICALGRAD","TOT","100000HAB","A","1990",9.12,
"LVA","MEDICALGRAD","TOT","100000HAB","A","1991",8.3,
"LVA","MEDICALGRAD","TOT","100000HAB","A","1992",12.16,
"LVA","MEDICALGRAD","TOT","100000HAB","A","1993",10.34,
"LVA","MEDICALGRAD","TOT","100000HAB","A","1994",12.5,
"LVA","MEDICALGRAD","TOT","100000HAB","A","1995",10.66,
"LVA","MEDICALGRAD","TOT","100000HAB","A","1996",10.99,
"LVA","MEDICALGRAD","TOT","100000HAB","A","1997",10.03,
"LVA","MEDICALGRAD","TOT","100000HAB","A","1998",8.42,
"LVA","MEDICALGRAD","TOT","100000HAB","A","1999",6.82,
"LVA","MEDICALGRAD","TOT","100000HAB","A","2000",3.59,
"LVA","MEDICALGRAD","TOT","100000HAB","A","2001",3.89,
"LVA","MEDICALGRAD","TOT","100000HAB","A","2002",4.67,
"LVA","MEDICALGRAD","TOT","100000HAB","A","2003",4.55,
"LVA","MEDICALGRAD","TOT","100000HAB","A","2004",3.76,
"LVA","MEDICALGRAD","TOT","100000HAB","A","2005",4.2,
"LVA","MEDICALGRAD","TOT","100000HAB","A","2006",5.59,
"LVA","MEDICALGRAD","TOT","100000HAB","A","2007",5.04,
"LVA","MEDICALGRAD","TOT","100000HAB","A","2008",6.43,"B"
"LVA","MEDICALGRAD","TOT","100000HAB","A","2009",7.52,
"LVA","MEDICALGRAD","TOT","100000HAB","A","2010",8.53,
"LVA","MEDICALGRAD","TOT","100000HAB","A","2011",11.26,
"LVA","MEDICALGRAD","TOT","100000HAB","A","2012",11.5,
"LVA","MEDICALGRAD","TOT","100000HAB","A","2013",13.46,
"LVA","MEDICALGRAD","TOT","100000HAB","A","2014",14.04,
"LVA","MEDICALGRAD","TOT","100000HAB","A","2015",16.18,
"LVA","MEDICALGRAD","TOT","100000HAB","A","2016",16.25,
"LTU","MEDICALGRAD","TOT","100000HAB","A","1980",13.45,
"LTU","MEDICALGRAD","TOT","100000HAB","A","1981",12.47,
"LTU","MEDICALGRAD","TOT","100000HAB","A","1982",12.93,
"LTU","MEDICALGRAD","TOT","100000HAB","A","1983",11.56,
"LTU","MEDICALGRAD","TOT","100000HAB","A","1984",12.29,
"LTU","MEDICALGRAD","TOT","100000HAB","A","1985",12.16,
"LTU","MEDICALGRAD","TOT","100000HAB","A","1986",12.91,
"LTU","MEDICALGRAD","TOT","100000HAB","A","1987",11.59,
"LTU","MEDICALGRAD","TOT","100000HAB","A","1988",10.92,
"LTU","MEDICALGRAD","TOT","100000HAB","A","1989",10.1,
"LTU","MEDICALGRAD","TOT","100000HAB","A","1990",10.03,
"LTU","MEDICALGRAD","TOT","100000HAB","A","1991",10.45,
"LTU","MEDICALGRAD","TOT","100000HAB","A","1992",12.73,
"LTU","MEDICALGRAD","TOT","100000HAB","A","1993",12.76,
"LTU","MEDICALGRAD","TOT","100000HAB","A","1994",12.5,
"LTU","MEDICALGRAD","TOT","100000HAB","A","1995",12.01,
"LTU","MEDICALGRAD","TOT","100000HAB","A","1996",11.66,
"LTU","MEDICALGRAD","TOT","100000HAB","A","1997",9.73,
"LTU","MEDICALGRAD","TOT","100000HAB","A","1998",8.2,
"LTU","MEDICALGRAD","TOT","100000HAB","A","1999",8.85,
"LTU","MEDICALGRAD","TOT","100000HAB","A","2000",6.89,
"LTU","MEDICALGRAD","TOT","100000HAB","A","2001",7.26,
"LTU","MEDICALGRAD","TOT","100000HAB","A","2002",8.68,
"LTU","MEDICALGRAD","TOT","100000HAB","A","2003",7.73,
"LTU","MEDICALGRAD","TOT","100000HAB","A","2004",7.25,
"LTU","MEDICALGRAD","TOT","100000HAB","A","2005",6.5,
"LTU","MEDICALGRAD","TOT","100000HAB","A","2006",7.92,
"LTU","MEDICALGRAD","TOT","100000HAB","A","2007",8.17,
"LTU","MEDICALGRAD","TOT","100000HAB","A","2008",10.07,
"LTU","MEDICALGRAD","TOT","100000HAB","A","2009",12.49,
"LTU","MEDICALGRAD","TOT","100000HAB","A","2010",12.62,
"LTU","MEDICALGRAD","TOT","100000HAB","A","2011",13.44,
"LTU","MEDICALGRAD","TOT","100000HAB","A","2012",13.19,
"LTU","MEDICALGRAD","TOT","100000HAB","A","2013",14.81,
"LTU","MEDICALGRAD","TOT","100000HAB","A","2014",14.63,
"LTU","MEDICALGRAD","TOT","100000HAB","A","2015",16.39,
"LUX","MEDICALGRAD","TOT","100000HAB","A","2000",0,
"LUX","MEDICALGRAD","TOT","100000HAB","A","2001",0,
"LUX","MEDICALGRAD","TOT","100000HAB","A","2002",0,
"LUX","MEDICALGRAD","TOT","100000HAB","A","2003",0,
"LUX","MEDICALGRAD","TOT","100000HAB","A","2004",0,
"LUX","MEDICALGRAD","TOT","100000HAB","A","2005",0,
"LUX","MEDICALGRAD","TOT","100000HAB","A","2006",0,
"LUX","MEDICALGRAD","TOT","100000HAB","A","2007",0,
"LUX","MEDICALGRAD","TOT","100000HAB","A","2008",0,
"LUX","MEDICALGRAD","TOT","100000HAB","A","2009",0,
"LUX","MEDICALGRAD","TOT","100000HAB","A","2010",0,
"LUX","MEDICALGRAD","TOT","100000HAB","A","2011",0,
"LUX","MEDICALGRAD","TOT","100000HAB","A","2012",0,
"LUX","MEDICALGRAD","TOT","100000HAB","A","2013",0,
"LUX","MEDICALGRAD","TOT","100000HAB","A","2014",0,
"LUX","MEDICALGRAD","TOT","100000HAB","A","2015",0,
"LUX","MEDICALGRAD","TOT","100000HAB","A","2016",0,
