﻿"LOCATION","INDICATOR","SUBJECT","MEASURE","FREQUENCY","TIME","Value","Flag Codes"
"BEL","INTERNET","TOT","PC_HH","A","2005",50.1575,
"BEL","INTERNET","TOT","PC_HH","A","2006",53.9597,
"BEL","INTERNET","TOT","PC_HH","A","2007",60.164,
"BEL","INTERNET","TOT","PC_HH","A","2008",63.6276,
"BEL","INTERNET","TOT","PC_HH","A","2009",67.4352,
"BEL","INTERNET","TOT","PC_HH","A","2010",72.7371,
"BEL","INTERNET","TOT","PC_HH","A","2011",76.5078,
"BEL","INTERNET","TOT","PC_HH","A","2012",77.7137,
"BEL","INTERNET","TOT","PC_HH","A","2013",80.0478,
"BEL","INTERNET","TOT","PC_HH","A","2014",82.8041,
"BEL","INTERNET","TOT","PC_HH","A","2015",81.825,
"DNK","INTERNET","TOT","PC_HH","A","2005",74.9174,
"DNK","INTERNET","TOT","PC_HH","A","2006",78.7298,
"DNK","INTERNET","TOT","PC_HH","A","2007",78.0544,
"DNK","INTERNET","TOT","PC_HH","A","2008",81.8811,
"DNK","INTERNET","TOT","PC_HH","A","2009",82.534,
"DNK","INTERNET","TOT","PC_HH","A","2010",86.0984,
"DNK","INTERNET","TOT","PC_HH","A","2011",90.0828,
"DNK","INTERNET","TOT","PC_HH","A","2012",91.9976,
"DNK","INTERNET","TOT","PC_HH","A","2013",92.7135,
"DNK","INTERNET","TOT","PC_HH","A","2014",93.1202,
"DNK","INTERNET","TOT","PC_HH","A","2015",91.74,
"DEU","INTERNET","TOT","PC_HH","A","2005",61.6383,
"DEU","INTERNET","TOT","PC_HH","A","2006",67.1077,
"DEU","INTERNET","TOT","PC_HH","A","2007",70.6745,
"DEU","INTERNET","TOT","PC_HH","A","2008",74.8754,
"DEU","INTERNET","TOT","PC_HH","A","2009",79.069,
"DEU","INTERNET","TOT","PC_HH","A","2010",82.4875,
"DEU","INTERNET","TOT","PC_HH","A","2011",83.2549,
"DEU","INTERNET","TOT","PC_HH","A","2012",85.4999,
"DEU","INTERNET","TOT","PC_HH","A","2013",87.747,
"DEU","INTERNET","TOT","PC_HH","A","2014",89.4741,
"DEU","INTERNET","TOT","PC_HH","A","2015",90.2891,
"ISL","INTERNET","TOT","PC_HH","A","2005",84.4141,
"ISL","INTERNET","TOT","PC_HH","A","2006",83.018,
"ISL","INTERNET","TOT","PC_HH","A","2007",83.697,
"ISL","INTERNET","TOT","PC_HH","A","2008",87.7256,
"ISL","INTERNET","TOT","PC_HH","A","2009",89.5903,
"ISL","INTERNET","TOT","PC_HH","A","2010",92.0358,
"ISL","INTERNET","TOT","PC_HH","A","2011",92.5945,
"ISL","INTERNET","TOT","PC_HH","A","2012",94.6001,
"ISL","INTERNET","TOT","PC_HH","A","2013",96.4134,
"ISL","INTERNET","TOT","PC_HH","A","2014",96.482,
"AUT","INTERNET","TOT","PC_HH","A","2005",46.6887,
"AUT","INTERNET","TOT","PC_HH","A","2006",52.2965,
"AUT","INTERNET","TOT","PC_HH","A","2007",59.623,
"AUT","INTERNET","TOT","PC_HH","A","2008",68.92,
"AUT","INTERNET","TOT","PC_HH","A","2009",69.7507,
"AUT","INTERNET","TOT","PC_HH","A","2010",72.8891,
"AUT","INTERNET","TOT","PC_HH","A","2011",75.4407,
"AUT","INTERNET","TOT","PC_HH","A","2012",79.2846,
"AUT","INTERNET","TOT","PC_HH","A","2013",80.8626,
"AUT","INTERNET","TOT","PC_HH","A","2014",80.9946,
"AUT","INTERNET","TOT","PC_HH","A","2015",82.416,
"CZE","INTERNET","TOT","PC_HH","A","2005",19.0517,
"CZE","INTERNET","TOT","PC_HH","A","2006",29.2505,
"CZE","INTERNET","TOT","PC_HH","A","2007",35.1211,
"CZE","INTERNET","TOT","PC_HH","A","2008",45.8625,
"CZE","INTERNET","TOT","PC_HH","A","2009",54.1836,
"CZE","INTERNET","TOT","PC_HH","A","2010",60.5179,
"CZE","INTERNET","TOT","PC_HH","A","2011",66.6342,
"CZE","INTERNET","TOT","PC_HH","A","2012",65.437,
"CZE","INTERNET","TOT","PC_HH","A","2013",72.6166,
"CZE","INTERNET","TOT","PC_HH","A","2014",77.9899,
"CZE","INTERNET","TOT","PC_HH","A","2015",78.9753,
"FRA","INTERNET","TOT","PC_HH","A","2006",40.9315,
"FRA","INTERNET","TOT","PC_HH","A","2007",55.0468,
"FRA","INTERNET","TOT","PC_HH","A","2008",62.3197,
"FRA","INTERNET","TOT","PC_HH","A","2009",68.8683,
"FRA","INTERNET","TOT","PC_HH","A","2010",73.6061,
"FRA","INTERNET","TOT","PC_HH","A","2011",75.9151,
"FRA","INTERNET","TOT","PC_HH","A","2012",80.0043,
"FRA","INTERNET","TOT","PC_HH","A","2013",81.7192,
"FRA","INTERNET","TOT","PC_HH","A","2014",82.9556,
"FRA","INTERNET","TOT","PC_HH","A","2015",82.6207,
"CHL","INTERNET","TOT","PC_HH","A","2006",19.7,
"CHL","INTERNET","TOT","PC_HH","A","2009",30,
"CHL","INTERNET","TOT","PC_HH","A","2012",60.53127531,
"CHL","INTERNET","TOT","PC_HH","A","2013",61.61042742,
"CHL","INTERNET","TOT","PC_HH","A","2014",66.50388133,"B"
"NLD","INTERNET","TOT","PC_HH","A","2005",78.2598,
"NLD","INTERNET","TOT","PC_HH","A","2006",80.2646,
"NLD","INTERNET","TOT","PC_HH","A","2007",82.8876,
"NLD","INTERNET","TOT","PC_HH","A","2008",86.077,
"NLD","INTERNET","TOT","PC_HH","A","2009",89.7034,
"NLD","INTERNET","TOT","PC_HH","A","2010",90.8921,
"NLD","INTERNET","TOT","PC_HH","A","2011",93.6366,
"NLD","INTERNET","TOT","PC_HH","A","2012",93.5476,
"NLD","INTERNET","TOT","PC_HH","A","2013",94.6336,
"NLD","INTERNET","TOT","PC_HH","A","2014",95.7808,
"NLD","INTERNET","TOT","PC_HH","A","2015",95.966,
"POL","INTERNET","TOT","PC_HH","A","2005",30.4417,
"POL","INTERNET","TOT","PC_HH","A","2006",35.9392,
"POL","INTERNET","TOT","PC_HH","A","2007",40.9798,
"POL","INTERNET","TOT","PC_HH","A","2008",47.6019,
"POL","INTERNET","TOT","PC_HH","A","2009",58.592,
"POL","INTERNET","TOT","PC_HH","A","2010",63.4403,
"POL","INTERNET","TOT","PC_HH","A","2011",66.6376,
"POL","INTERNET","TOT","PC_HH","A","2012",70.4944,
"POL","INTERNET","TOT","PC_HH","A","2013",71.8962,
"POL","INTERNET","TOT","PC_HH","A","2014",74.7601,
"POL","INTERNET","TOT","PC_HH","A","2015",75.7829,
"ESP","INTERNET","TOT","PC_HH","A","2005",35.5086,
"ESP","INTERNET","TOT","PC_HH","A","2006",38.0418,
"ESP","INTERNET","TOT","PC_HH","A","2007",43.4838,
"ESP","INTERNET","TOT","PC_HH","A","2008",49.856,
"ESP","INTERNET","TOT","PC_HH","A","2009",52.9288,
"ESP","INTERNET","TOT","PC_HH","A","2010",57.8236,
"ESP","INTERNET","TOT","PC_HH","A","2011",62.7077,
"ESP","INTERNET","TOT","PC_HH","A","2012",66.5907,
"ESP","INTERNET","TOT","PC_HH","A","2013",69.7292,
"ESP","INTERNET","TOT","PC_HH","A","2014",74.3549,
"ESP","INTERNET","TOT","PC_HH","A","2015",78.7489,
"TUR","INTERNET","TOT","PC_HH","A","2005",7.6586,
"TUR","INTERNET","TOT","PC_HH","A","2007",19.7112,
"TUR","INTERNET","TOT","PC_HH","A","2008",25.4085,
"TUR","INTERNET","TOT","PC_HH","A","2009",30.0293,
"TUR","INTERNET","TOT","PC_HH","A","2010",41.6259,
"TUR","INTERNET","TOT","PC_HH","A","2012",47.1976,
"TUR","INTERNET","TOT","PC_HH","A","2013",49.084,
"TUR","INTERNET","TOT","PC_HH","A","2014",60.236,
"TUR","INTERNET","TOT","PC_HH","A","2015",69.5445,
"FIN","INTERNET","TOT","PC_HH","A","2005",54.1405,
"FIN","INTERNET","TOT","PC_HH","A","2006",64.7309,
"FIN","INTERNET","TOT","PC_HH","A","2007",68.7837,
"FIN","INTERNET","TOT","PC_HH","A","2008",72.3805,
"FIN","INTERNET","TOT","PC_HH","A","2009",77.776,
"FIN","INTERNET","TOT","PC_HH","A","2010",80.5376,
"FIN","INTERNET","TOT","PC_HH","A","2011",84.1569,
"FIN","INTERNET","TOT","PC_HH","A","2012",86.7993,
"FIN","INTERNET","TOT","PC_HH","A","2013",89.2364,
"FIN","INTERNET","TOT","PC_HH","A","2014",89.8264,
"FIN","INTERNET","TOT","PC_HH","A","2015",89.9316,
"GRC","INTERNET","TOT","PC_HH","A","2005",21.7312,
"GRC","INTERNET","TOT","PC_HH","A","2006",23.1227,
"GRC","INTERNET","TOT","PC_HH","A","2007",25.3974,
"GRC","INTERNET","TOT","PC_HH","A","2008",30.9631,
"GRC","INTERNET","TOT","PC_HH","A","2009",38.0648,
"GRC","INTERNET","TOT","PC_HH","A","2010",46.3512,
"GRC","INTERNET","TOT","PC_HH","A","2011",50.1668,
"GRC","INTERNET","TOT","PC_HH","A","2012",53.5817,
"GRC","INTERNET","TOT","PC_HH","A","2013",56.3126,
"GRC","INTERNET","TOT","PC_HH","A","2014",65.5507,
"GRC","INTERNET","TOT","PC_HH","A","2015",68.0909,
"IRL","INTERNET","TOT","PC_HH","A","2005",47.1845,
"IRL","INTERNET","TOT","PC_HH","A","2006",49.9535,
"IRL","INTERNET","TOT","PC_HH","A","2007",57.2732,
"IRL","INTERNET","TOT","PC_HH","A","2008",63.0467,
"IRL","INTERNET","TOT","PC_HH","A","2009",66.6699,
"IRL","INTERNET","TOT","PC_HH","A","2010",71.6895,
"IRL","INTERNET","TOT","PC_HH","A","2011",78.1195,
"IRL","INTERNET","TOT","PC_HH","A","2012",81.0867,
"IRL","INTERNET","TOT","PC_HH","A","2013",82.3895,
"IRL","INTERNET","TOT","PC_HH","A","2014",82.1681,
"IRL","INTERNET","TOT","PC_HH","A","2015",84.8585,
"KOR","INTERNET","TOT","PC_HH","A","2005",92.73207761,
"KOR","INTERNET","TOT","PC_HH","A","2006",93.99318525,
"KOR","INTERNET","TOT","PC_HH","A","2007",94.13277834,
"KOR","INTERNET","TOT","PC_HH","A","2008",94.27491965,
"KOR","INTERNET","TOT","PC_HH","A","2009",95.90486133,
"KOR","INTERNET","TOT","PC_HH","A","2010",96.83383848,
"KOR","INTERNET","TOT","PC_HH","A","2011",97.2,
"KOR","INTERNET","TOT","PC_HH","A","2012",97.3,
"KOR","INTERNET","TOT","PC_HH","A","2013",98.1,
"KOR","INTERNET","TOT","PC_HH","A","2014",98.5,
"AUS","INTERNET","TOT","PC_HH","A","2005",60,"D"
"AUS","INTERNET","TOT","PC_HH","A","2006",64,"D"
"AUS","INTERNET","TOT","PC_HH","A","2007",67,"D"
"AUS","INTERNET","TOT","PC_HH","A","2008",72,"D"
"AUS","INTERNET","TOT","PC_HH","A","2010",78.92,"D"
"AUS","INTERNET","TOT","PC_HH","A","2012",83,"D"
"CAN","INTERNET","TOT","PC_HH","A","2005",64.3,
"CAN","INTERNET","TOT","PC_HH","A","2006",68.1,
"CAN","INTERNET","TOT","PC_HH","A","2007",72.7,
"CAN","INTERNET","TOT","PC_HH","A","2008",74.6,
"CAN","INTERNET","TOT","PC_HH","A","2009",77.8,
"CAN","INTERNET","TOT","PC_HH","A","2013",83.9,
"CHE","INTERNET","TOT","PC_HH","A","2014",90.6273,
"USA","INTERNET","TOT","PC_HH","A","2007",61.7,
"USA","INTERNET","TOT","PC_HH","A","2009",68.7,
"USA","INTERNET","TOT","PC_HH","A","2010",71.06,
"USA","INTERNET","TOT","PC_HH","A","2011",71.7,
"USA","INTERNET","TOT","PC_HH","A","2013",74.4,"B"
"JPN","INTERNET","TOT","PC_HH","A","2005",57,"D"
"JPN","INTERNET","TOT","PC_HH","A","2006",60.5,"D"
"JPN","INTERNET","TOT","PC_HH","A","2007",62.1,"D"
"JPN","INTERNET","TOT","PC_HH","A","2008",63.9,"D"
"JPN","INTERNET","TOT","PC_HH","A","2009",67.1,"D"
"MEX","INTERNET","TOT","PC_HH","A","2005",9,
"MEX","INTERNET","TOT","PC_HH","A","2006",10.13,
"MEX","INTERNET","TOT","PC_HH","A","2007",12,
"MEX","INTERNET","TOT","PC_HH","A","2008",13.5,
"MEX","INTERNET","TOT","PC_HH","A","2009",18.36,
"MEX","INTERNET","TOT","PC_HH","A","2010",22.19,
"MEX","INTERNET","TOT","PC_HH","A","2011",23.27,
"MEX","INTERNET","TOT","PC_HH","A","2012",25.97,
"MEX","INTERNET","TOT","PC_HH","A","2013",30.74345946,
"MEX","INTERNET","TOT","PC_HH","A","2014",34.39273866,
"NOR","INTERNET","TOT","PC_HH","A","2005",64.0064,
"NOR","INTERNET","TOT","PC_HH","A","2006",68.7942,
"NOR","INTERNET","TOT","PC_HH","A","2007",77.5907,
"NOR","INTERNET","TOT","PC_HH","A","2008",83.9703,
"NOR","INTERNET","TOT","PC_HH","A","2009",85.564,
"NOR","INTERNET","TOT","PC_HH","A","2010",89.7907,
"NOR","INTERNET","TOT","PC_HH","A","2011",92.2364,
"NOR","INTERNET","TOT","PC_HH","A","2012",92.6922,
"NOR","INTERNET","TOT","PC_HH","A","2013",94.2851,
"NOR","INTERNET","TOT","PC_HH","A","2014",93.0669,
"NOR","INTERNET","TOT","PC_HH","A","2015",96.6041,
"SVK","INTERNET","TOT","PC_HH","A","2005",22.9744,
"SVK","INTERNET","TOT","PC_HH","A","2006",26.5808,
"SVK","INTERNET","TOT","PC_HH","A","2007",46.1124,
"SVK","INTERNET","TOT","PC_HH","A","2008",58.3367,
"SVK","INTERNET","TOT","PC_HH","A","2009",62.2313,
"SVK","INTERNET","TOT","PC_HH","A","2010",67.4821,
"SVK","INTERNET","TOT","PC_HH","A","2011",70.78,
"SVK","INTERNET","TOT","PC_HH","A","2012",75.4354,
"SVK","INTERNET","TOT","PC_HH","A","2013",77.9076,
"SVK","INTERNET","TOT","PC_HH","A","2014",78.352,
"SVK","INTERNET","TOT","PC_HH","A","2015",79.4791,
"ISR","INTERNET","TOT","PC_HH","A","2005",48.91,
"ISR","INTERNET","TOT","PC_HH","A","2006",54.58,
"ISR","INTERNET","TOT","PC_HH","A","2007",59.34,
"ISR","INTERNET","TOT","PC_HH","A","2008",61.82,
"ISR","INTERNET","TOT","PC_HH","A","2009",66.26,
"ISR","INTERNET","TOT","PC_HH","A","2010",68.13996633,
"ISR","INTERNET","TOT","PC_HH","A","2011",70.30230145,
"ISR","INTERNET","TOT","PC_HH","A","2012",70.65,
"ISR","INTERNET","TOT","PC_HH","A","2013",70.6,
"HUN","INTERNET","TOT","PC_HH","A","2005",22.1194,
"HUN","INTERNET","TOT","PC_HH","A","2006",31.6452,
"HUN","INTERNET","TOT","PC_HH","A","2007",37.721,
"HUN","INTERNET","TOT","PC_HH","A","2008",46.6284,
"HUN","INTERNET","TOT","PC_HH","A","2009",53.4194,
"HUN","INTERNET","TOT","PC_HH","A","2010",58.4144,
"HUN","INTERNET","TOT","PC_HH","A","2011",63.2174,
"HUN","INTERNET","TOT","PC_HH","A","2012",66.8127,
"HUN","INTERNET","TOT","PC_HH","A","2013",69.6587,
"HUN","INTERNET","TOT","PC_HH","A","2014",73.062,
"HUN","INTERNET","TOT","PC_HH","A","2015",75.6375,
"ITA","INTERNET","TOT","PC_HH","A","2005",38.5781,
"ITA","INTERNET","TOT","PC_HH","A","2006",40.0125,
"ITA","INTERNET","TOT","PC_HH","A","2007",43.3831,
"ITA","INTERNET","TOT","PC_HH","A","2008",46.9302,
"ITA","INTERNET","TOT","PC_HH","A","2009",53.4823,
"ITA","INTERNET","TOT","PC_HH","A","2010",58.9711,
"ITA","INTERNET","TOT","PC_HH","A","2011",61.5733,
"ITA","INTERNET","TOT","PC_HH","A","2012",62.9165,
"ITA","INTERNET","TOT","PC_HH","A","2013",68.9144,
"ITA","INTERNET","TOT","PC_HH","A","2014",72.6141,
"ITA","INTERNET","TOT","PC_HH","A","2015",75.3897,
"LUX","INTERNET","TOT","PC_HH","A","2005",64.578,
"LUX","INTERNET","TOT","PC_HH","A","2006",70.1811,
"LUX","INTERNET","TOT","PC_HH","A","2007",74.5531,
"LUX","INTERNET","TOT","PC_HH","A","2008",80.0903,
"LUX","INTERNET","TOT","PC_HH","A","2009",87.2017,
"LUX","INTERNET","TOT","PC_HH","A","2010",90.2768,
"LUX","INTERNET","TOT","PC_HH","A","2011",90.6208,
"LUX","INTERNET","TOT","PC_HH","A","2012",93.08,
"LUX","INTERNET","TOT","PC_HH","A","2013",94.4593,
"LUX","INTERNET","TOT","PC_HH","A","2014",95.5568,
"LUX","INTERNET","TOT","PC_HH","A","2015",96.7802,
"SVN","INTERNET","TOT","PC_HH","A","2005",48.2092,
"SVN","INTERNET","TOT","PC_HH","A","2006",54.355,
"SVN","INTERNET","TOT","PC_HH","A","2007",57.6123,
"SVN","INTERNET","TOT","PC_HH","A","2008",58.886,
"SVN","INTERNET","TOT","PC_HH","A","2009",63.9361,
"SVN","INTERNET","TOT","PC_HH","A","2010",68.1288,
"SVN","INTERNET","TOT","PC_HH","A","2011",72.5964,
"SVN","INTERNET","TOT","PC_HH","A","2012",73.9378,
"SVN","INTERNET","TOT","PC_HH","A","2013",75.6204,
"SVN","INTERNET","TOT","PC_HH","A","2014",76.8,
"SVN","INTERNET","TOT","PC_HH","A","2015",77.6431,
"PRT","INTERNET","TOT","PC_HH","A","2005",31.4582,
"PRT","INTERNET","TOT","PC_HH","A","2006",35.1534,
"PRT","INTERNET","TOT","PC_HH","A","2007",39.6097,
"PRT","INTERNET","TOT","PC_HH","A","2008",46.0427,
"PRT","INTERNET","TOT","PC_HH","A","2009",47.8904,
"PRT","INTERNET","TOT","PC_HH","A","2010",53.7319,
"PRT","INTERNET","TOT","PC_HH","A","2011",57.9695,
"PRT","INTERNET","TOT","PC_HH","A","2012",61.0219,
"PRT","INTERNET","TOT","PC_HH","A","2013",62.3417,
"PRT","INTERNET","TOT","PC_HH","A","2014",64.8709,
"PRT","INTERNET","TOT","PC_HH","A","2015",70.2348,
"SWE","INTERNET","TOT","PC_HH","A","2005",72.5323,
"SWE","INTERNET","TOT","PC_HH","A","2006",77.3896,
"SWE","INTERNET","TOT","PC_HH","A","2007",78.5499,
"SWE","INTERNET","TOT","PC_HH","A","2008",84.441,
"SWE","INTERNET","TOT","PC_HH","A","2009",85.9823,
"SWE","INTERNET","TOT","PC_HH","A","2010",88.2959,
"SWE","INTERNET","TOT","PC_HH","A","2011",90.6394,
"SWE","INTERNET","TOT","PC_HH","A","2012",91.6917,
"SWE","INTERNET","TOT","PC_HH","A","2013",92.5885,
"SWE","INTERNET","TOT","PC_HH","A","2014",89.569,
"SWE","INTERNET","TOT","PC_HH","A","2015",91.0333,
"GBR","INTERNET","TOT","PC_HH","A","2005",60.2317,
"GBR","INTERNET","TOT","PC_HH","A","2006",62.6411,
"GBR","INTERNET","TOT","PC_HH","A","2007",66.7177,
"GBR","INTERNET","TOT","PC_HH","A","2008",71.1426,
"GBR","INTERNET","TOT","PC_HH","A","2009",76.6928,
"GBR","INTERNET","TOT","PC_HH","A","2010",79.6067,
"GBR","INTERNET","TOT","PC_HH","A","2011",82.701,
"GBR","INTERNET","TOT","PC_HH","A","2012",86.796,
"GBR","INTERNET","TOT","PC_HH","A","2013",88.4457,
"GBR","INTERNET","TOT","PC_HH","A","2014",89.9312,
"GBR","INTERNET","TOT","PC_HH","A","2015",91.2516,
"EST","INTERNET","TOT","PC_HH","A","2005",36.7926,
"EST","INTERNET","TOT","PC_HH","A","2006",45.1789,
"EST","INTERNET","TOT","PC_HH","A","2007",52.2022,
"EST","INTERNET","TOT","PC_HH","A","2008",57.3505,
"EST","INTERNET","TOT","PC_HH","A","2009",61.8507,
"EST","INTERNET","TOT","PC_HH","A","2010",66.8903,
"EST","INTERNET","TOT","PC_HH","A","2011",69.3906,
"EST","INTERNET","TOT","PC_HH","A","2012",73.8201,
"EST","INTERNET","TOT","PC_HH","A","2013",79.3059,
"EST","INTERNET","TOT","PC_HH","A","2014",82.8959,"B"
"EST","INTERNET","TOT","PC_HH","A","2015",87.729,
"NZL","INTERNET","TOT","PC_HH","A","2006",65,
"NZL","INTERNET","TOT","PC_HH","A","2009",75,
"NZL","INTERNET","TOT","PC_HH","A","2012",80,
"LVA","INTERNET","TOT","PC_HH","A","2005",30.5178,
"LVA","INTERNET","TOT","PC_HH","A","2006",42.1979,
"LVA","INTERNET","TOT","PC_HH","A","2007",50.5329,
"LVA","INTERNET","TOT","PC_HH","A","2008",52.808,
"LVA","INTERNET","TOT","PC_HH","A","2009",58.0234,
"LVA","INTERNET","TOT","PC_HH","A","2010",59.7746,
"LVA","INTERNET","TOT","PC_HH","A","2011",63.6384,
"LVA","INTERNET","TOT","PC_HH","A","2012",68.6762,
"LVA","INTERNET","TOT","PC_HH","A","2013",71.5978,
"LVA","INTERNET","TOT","PC_HH","A","2014",73.3818,
"LVA","INTERNET","TOT","PC_HH","A","2015",75.9985,
"LTU","INTERNET","TOT","PC_HH","A","2005",15.7818,
"LTU","INTERNET","TOT","PC_HH","A","2006",34.5131,
"LTU","INTERNET","TOT","PC_HH","A","2007",44.3623,
"LTU","INTERNET","TOT","PC_HH","A","2008",50.9361,
"LTU","INTERNET","TOT","PC_HH","A","2009",60.0007,
"LTU","INTERNET","TOT","PC_HH","A","2010",60.5782,
"LTU","INTERNET","TOT","PC_HH","A","2011",60.143,
"LTU","INTERNET","TOT","PC_HH","A","2012",60.1151,
"LTU","INTERNET","TOT","PC_HH","A","2013",64.7309,
"LTU","INTERNET","TOT","PC_HH","A","2014",65.9725,
"LTU","INTERNET","TOT","PC_HH","A","2015",68.2621,
