﻿"LOCATION","INDICATOR","SUBJECT","MEASURE","FREQUENCY","TIME","Value","Flag Codes"
"AUS","WASTEMUN","TOT","THND_TONNE","A","1980",10000,"E"
"AUS","WASTEMUN","TOT","THND_TONNE","A","1992",12000,"E"
"AUS","WASTEMUN","TOT","THND_TONNE","A","2000",13200,"E"
"AUS","WASTEMUN","TOT","THND_TONNE","A","2009",14035,
"AUS","WASTEMUN","TOT","THND_TONNE","A","2011",14037,
"AUS","WASTEMUN","TOT","THND_TONNE","A","2015",13339,
"AUS","WASTEMUN","TOT","KG_CAP","A","1980",680.487,"E"
"AUS","WASTEMUN","TOT","KG_CAP","A","1992",686.538,"E"
"AUS","WASTEMUN","TOT","KG_CAP","A","2000",693.715,"E"
"AUS","WASTEMUN","TOT","KG_CAP","A","2009",647.072,
"AUS","WASTEMUN","TOT","KG_CAP","A","2011",628.335,
"AUS","WASTEMUN","TOT","KG_CAP","A","2015",557.161,
"AUT","WASTEMUN","TOT","THND_TONNE","A","1989",3150,
"AUT","WASTEMUN","TOT","THND_TONNE","A","1990",3204,
"AUT","WASTEMUN","TOT","THND_TONNE","A","1991",3126,
"AUT","WASTEMUN","TOT","THND_TONNE","A","1992",3176,
"AUT","WASTEMUN","TOT","THND_TONNE","A","1993",3341,
"AUT","WASTEMUN","TOT","THND_TONNE","A","1994",3400,
"AUT","WASTEMUN","TOT","THND_TONNE","A","1995",3476,
"AUT","WASTEMUN","TOT","THND_TONNE","A","1996",3845,
"AUT","WASTEMUN","TOT","THND_TONNE","A","1997",3977,
"AUT","WASTEMUN","TOT","THND_TONNE","A","1998",3983,
"AUT","WASTEMUN","TOT","THND_TONNE","A","1999",4171,
"AUT","WASTEMUN","TOT","THND_TONNE","A","2000",4321,
"AUT","WASTEMUN","TOT","THND_TONNE","A","2001",4309,
"AUT","WASTEMUN","TOT","THND_TONNE","A","2002",4589,
"AUT","WASTEMUN","TOT","THND_TONNE","A","2003",4607,
"AUT","WASTEMUN","TOT","THND_TONNE","A","2004",4686.7,
"AUT","WASTEMUN","TOT","THND_TONNE","A","2005",4731.7,
"AUT","WASTEMUN","TOT","THND_TONNE","A","2006",4932.5,
"AUT","WASTEMUN","TOT","THND_TONNE","A","2007",4951.1,
"AUT","WASTEMUN","TOT","THND_TONNE","A","2008",4996.9,
"AUT","WASTEMUN","TOT","THND_TONNE","A","2009",4921,
"AUT","WASTEMUN","TOT","THND_TONNE","A","2010",4700.8,
"AUT","WASTEMUN","TOT","THND_TONNE","A","2011",4806.9,
"AUT","WASTEMUN","TOT","THND_TONNE","A","2012",4883.3,
"AUT","WASTEMUN","TOT","THND_TONNE","A","2013",4905.2,
"AUT","WASTEMUN","TOT","THND_TONNE","A","2014",4832.5,
"AUT","WASTEMUN","TOT","THND_TONNE","A","2015",4836,
"AUT","WASTEMUN","TOT","KG_CAP","A","1989",413.41,
"AUT","WASTEMUN","TOT","KG_CAP","A","1990",417.305,
"AUT","WASTEMUN","TOT","KG_CAP","A","1991",403.101,
"AUT","WASTEMUN","TOT","KG_CAP","A","1992",405.066,
"AUT","WASTEMUN","TOT","KG_CAP","A","1993",422.61,
"AUT","WASTEMUN","TOT","KG_CAP","A","1994",428.421,
"AUT","WASTEMUN","TOT","KG_CAP","A","1995",437.328,
"AUT","WASTEMUN","TOT","KG_CAP","A","1996",483.1,
"AUT","WASTEMUN","TOT","KG_CAP","A","1997",499.119,
"AUT","WASTEMUN","TOT","KG_CAP","A","1998",499.324,
"AUT","WASTEMUN","TOT","KG_CAP","A","1999",521.876,
"AUT","WASTEMUN","TOT","KG_CAP","A","2000",539.346,
"AUT","WASTEMUN","TOT","KG_CAP","A","2001",535.793,
"AUT","WASTEMUN","TOT","KG_CAP","A","2002",567.796,
"AUT","WASTEMUN","TOT","KG_CAP","A","2003",567.487,
"AUT","WASTEMUN","TOT","KG_CAP","A","2004",573.687,
"AUT","WASTEMUN","TOT","KG_CAP","A","2005",575.263,
"AUT","WASTEMUN","TOT","KG_CAP","A","2006",596.581,
"AUT","WASTEMUN","TOT","KG_CAP","A","2007",596.864,
"AUT","WASTEMUN","TOT","KG_CAP","A","2008",600.478,
"AUT","WASTEMUN","TOT","KG_CAP","A","2009",589.943,
"AUT","WASTEMUN","TOT","KG_CAP","A","2010",562.225,
"AUT","WASTEMUN","TOT","KG_CAP","A","2011",573.032,
"AUT","WASTEMUN","TOT","KG_CAP","A","2012",579.53,
"AUT","WASTEMUN","TOT","KG_CAP","A","2013",579.224,
"AUT","WASTEMUN","TOT","KG_CAP","A","2014",568.332,
"AUT","WASTEMUN","TOT","KG_CAP","A","2015",566.392,
"BEL","WASTEMUN","TOT","THND_TONNE","A","1980",2763,
"BEL","WASTEMUN","TOT","THND_TONNE","A","1985",3055.2,"E"
"BEL","WASTEMUN","TOT","THND_TONNE","A","1990",3436,
"BEL","WASTEMUN","TOT","THND_TONNE","A","1995",4613,
"BEL","WASTEMUN","TOT","THND_TONNE","A","1996",4567,
"BEL","WASTEMUN","TOT","THND_TONNE","A","1997",4650,
"BEL","WASTEMUN","TOT","THND_TONNE","A","1998",4603,
"BEL","WASTEMUN","TOT","THND_TONNE","A","1999",4702,
"BEL","WASTEMUN","TOT","THND_TONNE","A","2000",4830,
"BEL","WASTEMUN","TOT","THND_TONNE","A","2001",4802,
"BEL","WASTEMUN","TOT","THND_TONNE","A","2002",4981,
"BEL","WASTEMUN","TOT","THND_TONNE","A","2003",4824,
"BEL","WASTEMUN","TOT","THND_TONNE","A","2004",5059,
"BEL","WASTEMUN","TOT","THND_TONNE","A","2005",5052,
"BEL","WASTEMUN","TOT","THND_TONNE","A","2006",5115,
"BEL","WASTEMUN","TOT","THND_TONNE","A","2007",5243,
"BEL","WASTEMUN","TOT","THND_TONNE","A","2008",5134,
"BEL","WASTEMUN","TOT","THND_TONNE","A","2009",5037,
"BEL","WASTEMUN","TOT","THND_TONNE","A","2010",4973,
"BEL","WASTEMUN","TOT","THND_TONNE","A","2011",5035,
"BEL","WASTEMUN","TOT","THND_TONNE","A","2012",4969,
"BEL","WASTEMUN","TOT","THND_TONNE","A","2013",4891,
"BEL","WASTEMUN","TOT","THND_TONNE","A","2014",4788,
"BEL","WASTEMUN","TOT","THND_TONNE","A","2015",4708,
"BEL","WASTEMUN","TOT","KG_CAP","A","1980",280.245,
"BEL","WASTEMUN","TOT","KG_CAP","A","1985",309.911,"E"
"BEL","WASTEMUN","TOT","KG_CAP","A","1990",344.725,
"BEL","WASTEMUN","TOT","KG_CAP","A","1995",455.074,
"BEL","WASTEMUN","TOT","KG_CAP","A","1996",449.657,
"BEL","WASTEMUN","TOT","KG_CAP","A","1997",456.722,
"BEL","WASTEMUN","TOT","KG_CAP","A","1998",451.142,
"BEL","WASTEMUN","TOT","KG_CAP","A","1999",459.79,
"BEL","WASTEMUN","TOT","KG_CAP","A","2000",471.162,
"BEL","WASTEMUN","TOT","KG_CAP","A","2001",466.822,
"BEL","WASTEMUN","TOT","KG_CAP","A","2002",482.058,
"BEL","WASTEMUN","TOT","KG_CAP","A","2003",464.913,
"BEL","WASTEMUN","TOT","KG_CAP","A","2004",485.456,
"BEL","WASTEMUN","TOT","KG_CAP","A","2005",482.125,
"BEL","WASTEMUN","TOT","KG_CAP","A","2006",484.928,
"BEL","WASTEMUN","TOT","KG_CAP","A","2007",493.426,
"BEL","WASTEMUN","TOT","KG_CAP","A","2008",479.366,
"BEL","WASTEMUN","TOT","KG_CAP","A","2009",466.541,
"BEL","WASTEMUN","TOT","KG_CAP","A","2010",455.392,
"BEL","WASTEMUN","TOT","KG_CAP","A","2011",455.749,
"BEL","WASTEMUN","TOT","KG_CAP","A","2012",446.522,
"BEL","WASTEMUN","TOT","KG_CAP","A","2013",436.851,
"BEL","WASTEMUN","TOT","KG_CAP","A","2014",424.33,
"BEL","WASTEMUN","TOT","KG_CAP","A","2015",414.101,
"CZE","WASTEMUN","TOT","THND_TONNE","A","1994",2489.8,"E"
"CZE","WASTEMUN","TOT","THND_TONNE","A","1995",3120,
"CZE","WASTEMUN","TOT","THND_TONNE","A","1996",3200,
"CZE","WASTEMUN","TOT","THND_TONNE","A","1997",3280,
"CZE","WASTEMUN","TOT","THND_TONNE","A","1998",3017,
"CZE","WASTEMUN","TOT","THND_TONNE","A","1999",3365,
"CZE","WASTEMUN","TOT","THND_TONNE","A","2000",3434,
"CZE","WASTEMUN","TOT","THND_TONNE","A","2001",2798,"B"
"CZE","WASTEMUN","TOT","THND_TONNE","A","2002",2845,
"CZE","WASTEMUN","TOT","THND_TONNE","A","2003",2857,
"CZE","WASTEMUN","TOT","THND_TONNE","A","2004",2841,"B"
"CZE","WASTEMUN","TOT","THND_TONNE","A","2005",2954,
"CZE","WASTEMUN","TOT","THND_TONNE","A","2006",3039,
"CZE","WASTEMUN","TOT","THND_TONNE","A","2007",3025,
"CZE","WASTEMUN","TOT","THND_TONNE","A","2008",3176,
"CZE","WASTEMUN","TOT","THND_TONNE","A","2009",3310,
"CZE","WASTEMUN","TOT","THND_TONNE","A","2010",3334,
"CZE","WASTEMUN","TOT","THND_TONNE","A","2011",3358,
"CZE","WASTEMUN","TOT","THND_TONNE","A","2012",3233,
"CZE","WASTEMUN","TOT","THND_TONNE","A","2013",3228.23,
"CZE","WASTEMUN","TOT","THND_TONNE","A","2014",3260.58,
"CZE","WASTEMUN","TOT","THND_TONNE","A","2015",3337.34,
"CZE","WASTEMUN","TOT","KG_CAP","A","1994",240.882,"E"
"CZE","WASTEMUN","TOT","KG_CAP","A","1995",302.011,
"CZE","WASTEMUN","TOT","KG_CAP","A","1996",310.217,
"CZE","WASTEMUN","TOT","KG_CAP","A","1997",318.334,
"CZE","WASTEMUN","TOT","KG_CAP","A","1998",293.057,
"CZE","WASTEMUN","TOT","KG_CAP","A","1999",327.246,
"CZE","WASTEMUN","TOT","KG_CAP","A","2000",334.291,
"CZE","WASTEMUN","TOT","KG_CAP","A","2001",273.665,"B"
"CZE","WASTEMUN","TOT","KG_CAP","A","2002",278.901,
"CZE","WASTEMUN","TOT","KG_CAP","A","2003",280.053,
"CZE","WASTEMUN","TOT","KG_CAP","A","2004",278.341,"B"
"CZE","WASTEMUN","TOT","KG_CAP","A","2005",288.643,
"CZE","WASTEMUN","TOT","KG_CAP","A","2006",296.007,
"CZE","WASTEMUN","TOT","KG_CAP","A","2007",293.044,
"CZE","WASTEMUN","TOT","KG_CAP","A","2008",304.515,
"CZE","WASTEMUN","TOT","KG_CAP","A","2009",315.494,
"CZE","WASTEMUN","TOT","KG_CAP","A","2010",317.003,
"CZE","WASTEMUN","TOT","KG_CAP","A","2011",319.911,
"CZE","WASTEMUN","TOT","KG_CAP","A","2012",307.633,
"CZE","WASTEMUN","TOT","KG_CAP","A","2013",307.137,
"CZE","WASTEMUN","TOT","KG_CAP","A","2014",309.8,
"CZE","WASTEMUN","TOT","KG_CAP","A","2015",316.886,
"DNK","WASTEMUN","TOT","THND_TONNE","A","1980",2046,
"DNK","WASTEMUN","TOT","THND_TONNE","A","1985",2430,
"DNK","WASTEMUN","TOT","THND_TONNE","A","1994",2802.6,
"DNK","WASTEMUN","TOT","THND_TONNE","A","1995",2725,
"DNK","WASTEMUN","TOT","THND_TONNE","A","1996",3253,"B"
"DNK","WASTEMUN","TOT","THND_TONNE","A","1997",3104,
"DNK","WASTEMUN","TOT","THND_TONNE","A","1998",3141,
"DNK","WASTEMUN","TOT","THND_TONNE","A","1999",3329,
"DNK","WASTEMUN","TOT","THND_TONNE","A","2000",3546,
"DNK","WASTEMUN","TOT","THND_TONNE","A","2001",3519,
"DNK","WASTEMUN","TOT","THND_TONNE","A","2002",3568,
"DNK","WASTEMUN","TOT","THND_TONNE","A","2003",3618,
"DNK","WASTEMUN","TOT","THND_TONNE","A","2004",3757,
"DNK","WASTEMUN","TOT","THND_TONNE","A","2005",3990,
"DNK","WASTEMUN","TOT","THND_TONNE","A","2006",4021,
"DNK","WASTEMUN","TOT","THND_TONNE","A","2007",4313,
"DNK","WASTEMUN","TOT","THND_TONNE","A","2008",4560,
"DNK","WASTEMUN","TOT","THND_TONNE","A","2009",4206,
"DNK","WASTEMUN","TOT","THND_TONNE","A","2010",4277.5,
"DNK","WASTEMUN","TOT","THND_TONNE","A","2011",4349,"B"
"DNK","WASTEMUN","TOT","THND_TONNE","A","2012",4421,
"DNK","WASTEMUN","TOT","THND_TONNE","A","2013",4437,
"DNK","WASTEMUN","TOT","THND_TONNE","A","2014",4450,
"DNK","WASTEMUN","TOT","THND_TONNE","A","2015",4485,
"DNK","WASTEMUN","TOT","KG_CAP","A","1980",399.373,
"DNK","WASTEMUN","TOT","KG_CAP","A","1985",475.195,
"DNK","WASTEMUN","TOT","KG_CAP","A","1994",538.322,
"DNK","WASTEMUN","TOT","KG_CAP","A","1995",520.697,
"DNK","WASTEMUN","TOT","KG_CAP","A","1996",618.08,"B"
"DNK","WASTEMUN","TOT","KG_CAP","A","1997",587.324,
"DNK","WASTEMUN","TOT","KG_CAP","A","1998",592.17,
"DNK","WASTEMUN","TOT","KG_CAP","A","1999",625.54,
"DNK","WASTEMUN","TOT","KG_CAP","A","2000",664.093,
"DNK","WASTEMUN","TOT","KG_CAP","A","2001",656.679,
"DNK","WASTEMUN","TOT","KG_CAP","A","2002",663.699,
"DNK","WASTEMUN","TOT","KG_CAP","A","2003",671.172,
"DNK","WASTEMUN","TOT","KG_CAP","A","2004",695.159,
"DNK","WASTEMUN","TOT","KG_CAP","A","2005",736.239,
"DNK","WASTEMUN","TOT","KG_CAP","A","2006",739.525,
"DNK","WASTEMUN","TOT","KG_CAP","A","2007",789.719,
"DNK","WASTEMUN","TOT","KG_CAP","A","2008",830.054,
"DNK","WASTEMUN","TOT","KG_CAP","A","2009",761.53,
"DNK","WASTEMUN","TOT","KG_CAP","A","2010",771.043,
"DNK","WASTEMUN","TOT","KG_CAP","A","2011",780.71,"B"
"DNK","WASTEMUN","TOT","KG_CAP","A","2012",790.654,
"DNK","WASTEMUN","TOT","KG_CAP","A","2013",790.214,
"DNK","WASTEMUN","TOT","KG_CAP","A","2014",795.114,
"DNK","WASTEMUN","TOT","KG_CAP","A","2015",799.263,
"FIN","WASTEMUN","TOT","THND_TONNE","A","1994",2100,
"FIN","WASTEMUN","TOT","THND_TONNE","A","1995",2108.6,
"FIN","WASTEMUN","TOT","THND_TONNE","A","1996",2100,
"FIN","WASTEMUN","TOT","THND_TONNE","A","1997",2300,
"FIN","WASTEMUN","TOT","THND_TONNE","A","1998",2400,
"FIN","WASTEMUN","TOT","THND_TONNE","A","1999",2500,
"FIN","WASTEMUN","TOT","THND_TONNE","A","2000",2600,
"FIN","WASTEMUN","TOT","THND_TONNE","A","2001",2412,
"FIN","WASTEMUN","TOT","THND_TONNE","A","2002",2384.4,
"FIN","WASTEMUN","TOT","THND_TONNE","A","2003",2427.9,
"FIN","WASTEMUN","TOT","THND_TONNE","A","2004",2453.4,
"FIN","WASTEMUN","TOT","THND_TONNE","A","2005",2505.8,
"FIN","WASTEMUN","TOT","THND_TONNE","A","2006",2600.1,
"FIN","WASTEMUN","TOT","THND_TONNE","A","2007",2674.9,
"FIN","WASTEMUN","TOT","THND_TONNE","A","2008",2768,
"FIN","WASTEMUN","TOT","THND_TONNE","A","2009",2562,
"FIN","WASTEMUN","TOT","THND_TONNE","A","2010",2519,
"FIN","WASTEMUN","TOT","THND_TONNE","A","2011",2719,
"FIN","WASTEMUN","TOT","THND_TONNE","A","2012",2738,
"FIN","WASTEMUN","TOT","THND_TONNE","A","2013",2681.55,
"FIN","WASTEMUN","TOT","THND_TONNE","A","2014",2629.88,
"FIN","WASTEMUN","TOT","THND_TONNE","A","2015",2738.28,
"FIN","WASTEMUN","TOT","KG_CAP","A","1994",412.736,
"FIN","WASTEMUN","TOT","KG_CAP","A","1995",412.884,
"FIN","WASTEMUN","TOT","KG_CAP","A","1996",409.676,
"FIN","WASTEMUN","TOT","KG_CAP","A","1997",447.732,
"FIN","WASTEMUN","TOT","KG_CAP","A","1998",465.477,
"FIN","WASTEMUN","TOT","KG_CAP","A","1999",484.027,
"FIN","WASTEMUN","TOT","KG_CAP","A","2000",502.415,
"FIN","WASTEMUN","TOT","KG_CAP","A","2001",465.009,
"FIN","WASTEMUN","TOT","KG_CAP","A","2002",458.538,
"FIN","WASTEMUN","TOT","KG_CAP","A","2003",465.918,
"FIN","WASTEMUN","TOT","KG_CAP","A","2004",469.371,
"FIN","WASTEMUN","TOT","KG_CAP","A","2005",477.477,
"FIN","WASTEMUN","TOT","KG_CAP","A","2006",493.659,
"FIN","WASTEMUN","TOT","KG_CAP","A","2007",505.652,
"FIN","WASTEMUN","TOT","KG_CAP","A","2008",520.986,
"FIN","WASTEMUN","TOT","KG_CAP","A","2009",479.955,
"FIN","WASTEMUN","TOT","KG_CAP","A","2010",469.787,
"FIN","WASTEMUN","TOT","KG_CAP","A","2011",504.827,
"FIN","WASTEMUN","TOT","KG_CAP","A","2012",505.819,
"FIN","WASTEMUN","TOT","KG_CAP","A","2013",492.932,
"FIN","WASTEMUN","TOT","KG_CAP","A","2014",481.222,
"FIN","WASTEMUN","TOT","KG_CAP","A","2015",498.504,
"FRA","WASTEMUN","TOT","THND_TONNE","A","1989",26220,
"FRA","WASTEMUN","TOT","THND_TONNE","A","1992",27000,
"FRA","WASTEMUN","TOT","THND_TONNE","A","1993",27757,
"FRA","WASTEMUN","TOT","THND_TONNE","A","1995",28253,
"FRA","WASTEMUN","TOT","THND_TONNE","A","1996",28950,
"FRA","WASTEMUN","TOT","THND_TONNE","A","1997",29677,
"FRA","WASTEMUN","TOT","THND_TONNE","A","1998",30449,
"FRA","WASTEMUN","TOT","THND_TONNE","A","1999",30612,
"FRA","WASTEMUN","TOT","THND_TONNE","A","2000",31232,
"FRA","WASTEMUN","TOT","THND_TONNE","A","2001",32198,
"FRA","WASTEMUN","TOT","THND_TONNE","A","2002",32684,
"FRA","WASTEMUN","TOT","THND_TONNE","A","2003",31400,
"FRA","WASTEMUN","TOT","THND_TONNE","A","2004",32444,
"FRA","WASTEMUN","TOT","THND_TONNE","A","2005",33366,
"FRA","WASTEMUN","TOT","THND_TONNE","A","2006",33990,
"FRA","WASTEMUN","TOT","THND_TONNE","A","2007",34630,
"FRA","WASTEMUN","TOT","THND_TONNE","A","2008",34714,
"FRA","WASTEMUN","TOT","THND_TONNE","A","2009",34504,
"FRA","WASTEMUN","TOT","THND_TONNE","A","2010",34535,
"FRA","WASTEMUN","TOT","THND_TONNE","A","2011",35019,
"FRA","WASTEMUN","TOT","THND_TONNE","A","2012",34198,
"FRA","WASTEMUN","TOT","THND_TONNE","A","2013",33996,
"FRA","WASTEMUN","TOT","THND_TONNE","A","2014",33703,"E"
"FRA","WASTEMUN","TOT","THND_TONNE","A","2015",33399,"E"
"FRA","WASTEMUN","TOT","KG_CAP","A","1989",454.656,
"FRA","WASTEMUN","TOT","KG_CAP","A","1992",461.239,
"FRA","WASTEMUN","TOT","KG_CAP","A","1993",472.165,
"FRA","WASTEMUN","TOT","KG_CAP","A","1995",477.097,
"FRA","WASTEMUN","TOT","KG_CAP","A","1996",487.123,
"FRA","WASTEMUN","TOT","KG_CAP","A","1997",497.628,
"FRA","WASTEMUN","TOT","KG_CAP","A","1998",508.773,
"FRA","WASTEMUN","TOT","KG_CAP","A","1999",508.935,
"FRA","WASTEMUN","TOT","KG_CAP","A","2000",515.751,
"FRA","WASTEMUN","TOT","KG_CAP","A","2001",527.898,
"FRA","WASTEMUN","TOT","KG_CAP","A","2002",532.021,
"FRA","WASTEMUN","TOT","KG_CAP","A","2003",507.541,
"FRA","WASTEMUN","TOT","KG_CAP","A","2004",520.586,
"FRA","WASTEMUN","TOT","KG_CAP","A","2005",531.35,
"FRA","WASTEMUN","TOT","KG_CAP","A","2006",537.515,
"FRA","WASTEMUN","TOT","KG_CAP","A","2007",544.262,
"FRA","WASTEMUN","TOT","KG_CAP","A","2008",542.514,
"FRA","WASTEMUN","TOT","KG_CAP","A","2009",536.392,
"FRA","WASTEMUN","TOT","KG_CAP","A","2010",534.17,
"FRA","WASTEMUN","TOT","KG_CAP","A","2011",538.923,
"FRA","WASTEMUN","TOT","KG_CAP","A","2012",523.78,
"FRA","WASTEMUN","TOT","KG_CAP","A","2013",518.373,
"FRA","WASTEMUN","TOT","KG_CAP","A","2014",509.295,"E"
"FRA","WASTEMUN","TOT","KG_CAP","A","2015",502.257,"E"
"DEU","WASTEMUN","TOT","THND_TONNE","A","1990",49857,"E"
"DEU","WASTEMUN","TOT","THND_TONNE","A","1995",50893.9,"E"
"DEU","WASTEMUN","TOT","THND_TONNE","A","1996",52544,"E"
"DEU","WASTEMUN","TOT","THND_TONNE","A","1997",53966,"E"
"DEU","WASTEMUN","TOT","THND_TONNE","A","1998",53058,"E"
"DEU","WASTEMUN","TOT","THND_TONNE","A","1999",52373,"E"
"DEU","WASTEMUN","TOT","THND_TONNE","A","2000",52810,"E"
"DEU","WASTEMUN","TOT","THND_TONNE","A","2001",52075,"E"
"DEU","WASTEMUN","TOT","THND_TONNE","A","2002",52772,
"DEU","WASTEMUN","TOT","THND_TONNE","A","2003",49622,
"DEU","WASTEMUN","TOT","THND_TONNE","A","2004",48434,
"DEU","WASTEMUN","TOT","THND_TONNE","A","2005",46555,
"DEU","WASTEMUN","TOT","THND_TONNE","A","2006",46426,
"DEU","WASTEMUN","TOT","THND_TONNE","A","2007",47887,
"DEU","WASTEMUN","TOT","THND_TONNE","A","2008",48367,
"DEU","WASTEMUN","TOT","THND_TONNE","A","2009",48466,
"DEU","WASTEMUN","TOT","THND_TONNE","A","2010",49237,
"DEU","WASTEMUN","TOT","THND_TONNE","A","2011",50237,
"DEU","WASTEMUN","TOT","THND_TONNE","A","2012",49759,
"DEU","WASTEMUN","TOT","THND_TONNE","A","2013",49570,
"DEU","WASTEMUN","TOT","THND_TONNE","A","2014",51102,
"DEU","WASTEMUN","TOT","THND_TONNE","A","2015",51046,
"DEU","WASTEMUN","TOT","KG_CAP","A","1990",627.661,"E"
"DEU","WASTEMUN","TOT","KG_CAP","A","1995",623.104,"E"
"DEU","WASTEMUN","TOT","KG_CAP","A","1996",641.447,"E"
"DEU","WASTEMUN","TOT","KG_CAP","A","1997",657.843,"E"
"DEU","WASTEMUN","TOT","KG_CAP","A","1998",646.677,"E"
"DEU","WASTEMUN","TOT","KG_CAP","A","1999",637.915,"E"
"DEU","WASTEMUN","TOT","KG_CAP","A","2000",642.367,"E"
"DEU","WASTEMUN","TOT","KG_CAP","A","2001",632.362,"E"
"DEU","WASTEMUN","TOT","KG_CAP","A","2002",639.75,
"DEU","WASTEMUN","TOT","KG_CAP","A","2003",601.23,
"DEU","WASTEMUN","TOT","KG_CAP","A","2004",586.963,
"DEU","WASTEMUN","TOT","KG_CAP","A","2005",564.512,
"DEU","WASTEMUN","TOT","KG_CAP","A","2006",563.583,
"DEU","WASTEMUN","TOT","KG_CAP","A","2007",582.097,
"DEU","WASTEMUN","TOT","KG_CAP","A","2008",589.051,
"DEU","WASTEMUN","TOT","KG_CAP","A","2009",591.754,
"DEU","WASTEMUN","TOT","KG_CAP","A","2010",602.089,
"DEU","WASTEMUN","TOT","KG_CAP","A","2011",619.906,
"DEU","WASTEMUN","TOT","KG_CAP","A","2012",618.694,
"DEU","WASTEMUN","TOT","KG_CAP","A","2013",614.665,
"DEU","WASTEMUN","TOT","KG_CAP","A","2014",631.562,
"DEU","WASTEMUN","TOT","KG_CAP","A","2015",628.63,
"GRC","WASTEMUN","TOT","THND_TONNE","A","1980",2500,
"GRC","WASTEMUN","TOT","THND_TONNE","A","1985",3000,
"GRC","WASTEMUN","TOT","THND_TONNE","A","1989",3147,
"GRC","WASTEMUN","TOT","THND_TONNE","A","1990",3000,
"GRC","WASTEMUN","TOT","THND_TONNE","A","1992",3200,
"GRC","WASTEMUN","TOT","THND_TONNE","A","1995",3200,
"GRC","WASTEMUN","TOT","THND_TONNE","A","1996",3600,
"GRC","WASTEMUN","TOT","THND_TONNE","A","1997",3900,
"GRC","WASTEMUN","TOT","THND_TONNE","A","1998",4082,
"GRC","WASTEMUN","TOT","THND_TONNE","A","1999",4264,
"GRC","WASTEMUN","TOT","THND_TONNE","A","2000",4447,
"GRC","WASTEMUN","TOT","THND_TONNE","A","2001",4559,
"GRC","WASTEMUN","TOT","THND_TONNE","A","2002",4640.1,
"GRC","WASTEMUN","TOT","THND_TONNE","A","2003",4710.3,
"GRC","WASTEMUN","TOT","THND_TONNE","A","2004",4781.5,
"GRC","WASTEMUN","TOT","THND_TONNE","A","2005",4853,
"GRC","WASTEMUN","TOT","THND_TONNE","A","2006",4927.1,
"GRC","WASTEMUN","TOT","THND_TONNE","A","2007",5001.6,
"GRC","WASTEMUN","TOT","THND_TONNE","A","2008",5077,
"GRC","WASTEMUN","TOT","THND_TONNE","A","2009",5154,
"GRC","WASTEMUN","TOT","THND_TONNE","A","2010",5917,"B"
"GRC","WASTEMUN","TOT","THND_TONNE","A","2011",5586,
"GRC","WASTEMUN","TOT","THND_TONNE","A","2012",5585,
"GRC","WASTEMUN","TOT","KG_CAP","A","1980",259.269,
"GRC","WASTEMUN","TOT","KG_CAP","A","1985",301.984,
"GRC","WASTEMUN","TOT","KG_CAP","A","1989",311.909,
"GRC","WASTEMUN","TOT","KG_CAP","A","1990",295.366,
"GRC","WASTEMUN","TOT","KG_CAP","A","1992",308.587,
"GRC","WASTEMUN","TOT","KG_CAP","A","1995",300.911,
"GRC","WASTEMUN","TOT","KG_CAP","A","1996",336.161,
"GRC","WASTEMUN","TOT","KG_CAP","A","1997",361.899,
"GRC","WASTEMUN","TOT","KG_CAP","A","1998",376.746,
"GRC","WASTEMUN","TOT","KG_CAP","A","1999",391.819,
"GRC","WASTEMUN","TOT","KG_CAP","A","2000",407.328,
"GRC","WASTEMUN","TOT","KG_CAP","A","2001",416.347,
"GRC","WASTEMUN","TOT","KG_CAP","A","2002",422.48,
"GRC","WASTEMUN","TOT","KG_CAP","A","2003",427.587,
"GRC","WASTEMUN","TOT","KG_CAP","A","2004",432.441,
"GRC","WASTEMUN","TOT","KG_CAP","A","2005",437.483,
"GRC","WASTEMUN","TOT","KG_CAP","A","2006",442.647,
"GRC","WASTEMUN","TOT","KG_CAP","A","2007",448.052,
"GRC","WASTEMUN","TOT","KG_CAP","A","2008",453.871,
"GRC","WASTEMUN","TOT","KG_CAP","A","2009",460.796,
"GRC","WASTEMUN","TOT","KG_CAP","A","2010",530.53,"B"
"GRC","WASTEMUN","TOT","KG_CAP","A","2011",502.157,
"GRC","WASTEMUN","TOT","KG_CAP","A","2012",503.607,
"HUN","WASTEMUN","TOT","THND_TONNE","A","1990",5500,
"HUN","WASTEMUN","TOT","THND_TONNE","A","1995",4752,
"HUN","WASTEMUN","TOT","THND_TONNE","A","1996",4834,
"HUN","WASTEMUN","TOT","THND_TONNE","A","1997",5016,
"HUN","WASTEMUN","TOT","THND_TONNE","A","1998",4976,
"HUN","WASTEMUN","TOT","THND_TONNE","A","1999",4943,
"HUN","WASTEMUN","TOT","THND_TONNE","A","2000",4552,"B"
"HUN","WASTEMUN","TOT","THND_TONNE","A","2001",4603,
"HUN","WASTEMUN","TOT","THND_TONNE","A","2002",4646,
"HUN","WASTEMUN","TOT","THND_TONNE","A","2003",4700,
"HUN","WASTEMUN","TOT","THND_TONNE","A","2004",4591.6,
"HUN","WASTEMUN","TOT","THND_TONNE","A","2005",4646,
"HUN","WASTEMUN","TOT","THND_TONNE","A","2006",4711,
"HUN","WASTEMUN","TOT","THND_TONNE","A","2007",4593.5,
"HUN","WASTEMUN","TOT","THND_TONNE","A","2008",4553,
"HUN","WASTEMUN","TOT","THND_TONNE","A","2009",4312,
"HUN","WASTEMUN","TOT","THND_TONNE","A","2010",4033,
"HUN","WASTEMUN","TOT","THND_TONNE","A","2011",3809,
"HUN","WASTEMUN","TOT","THND_TONNE","A","2012",3988,
"HUN","WASTEMUN","TOT","THND_TONNE","A","2013",3738,
"HUN","WASTEMUN","TOT","THND_TONNE","A","2014",3795,
"HUN","WASTEMUN","TOT","THND_TONNE","A","2015",3712,
"HUN","WASTEMUN","TOT","KG_CAP","A","1990",530.173,
"HUN","WASTEMUN","TOT","KG_CAP","A","1995",460.066,
"HUN","WASTEMUN","TOT","KG_CAP","A","1996",468.809,
"HUN","WASTEMUN","TOT","KG_CAP","A","1997",487.441,
"HUN","WASTEMUN","TOT","KG_CAP","A","1998",484.68,
"HUN","WASTEMUN","TOT","KG_CAP","A","1999",482.831,
"HUN","WASTEMUN","TOT","KG_CAP","A","2000",445.795,"B"
"HUN","WASTEMUN","TOT","KG_CAP","A","2001",451.825,
"HUN","WASTEMUN","TOT","KG_CAP","A","2002",457.347,
"HUN","WASTEMUN","TOT","KG_CAP","A","2003",463.989,
"HUN","WASTEMUN","TOT","KG_CAP","A","2004",454.293,
"HUN","WASTEMUN","TOT","KG_CAP","A","2005",460.59,
"HUN","WASTEMUN","TOT","KG_CAP","A","2006",467.762,
"HUN","WASTEMUN","TOT","KG_CAP","A","2007",456.802,
"HUN","WASTEMUN","TOT","KG_CAP","A","2008",453.568,
"HUN","WASTEMUN","TOT","KG_CAP","A","2009",430.226,
"HUN","WASTEMUN","TOT","KG_CAP","A","2010",403.299,
"HUN","WASTEMUN","TOT","KG_CAP","A","2011",382.475,
"HUN","WASTEMUN","TOT","KG_CAP","A","2012",402.002,
"HUN","WASTEMUN","TOT","KG_CAP","A","2013",378.081,
"HUN","WASTEMUN","TOT","KG_CAP","A","2014",385.553,
"HUN","WASTEMUN","TOT","KG_CAP","A","2015",378.786,
"ISL","WASTEMUN","TOT","THND_TONNE","A","1995",114,
"ISL","WASTEMUN","TOT","THND_TONNE","A","1996",117,
"ISL","WASTEMUN","TOT","THND_TONNE","A","1997",120,
"ISL","WASTEMUN","TOT","THND_TONNE","A","1998",123,
"ISL","WASTEMUN","TOT","THND_TONNE","A","1999",126,
"ISL","WASTEMUN","TOT","THND_TONNE","A","2000",130,
"ISL","WASTEMUN","TOT","THND_TONNE","A","2001",133,
"ISL","WASTEMUN","TOT","THND_TONNE","A","2002",137,
"ISL","WASTEMUN","TOT","THND_TONNE","A","2003",140,
"ISL","WASTEMUN","TOT","THND_TONNE","A","2004",147,
"ISL","WASTEMUN","TOT","THND_TONNE","A","2005",153,
"ISL","WASTEMUN","TOT","THND_TONNE","A","2006",171,
"ISL","WASTEMUN","TOT","THND_TONNE","A","2007",174,
"ISL","WASTEMUN","TOT","THND_TONNE","A","2008",207.8,"B"
"ISL","WASTEMUN","TOT","THND_TONNE","A","2009",131.8,
"ISL","WASTEMUN","TOT","THND_TONNE","A","2010",153,
"ISL","WASTEMUN","TOT","THND_TONNE","A","2011",158,
"ISL","WASTEMUN","TOT","THND_TONNE","A","2012",164.2,
"ISL","WASTEMUN","TOT","THND_TONNE","A","2013",166.8,
"ISL","WASTEMUN","TOT","THND_TONNE","A","2014",174.5,
"ISL","WASTEMUN","TOT","KG_CAP","A","1995",426.369,
"ISL","WASTEMUN","TOT","KG_CAP","A","1996",435.077,
"ISL","WASTEMUN","TOT","KG_CAP","A","1997",442.955,
"ISL","WASTEMUN","TOT","KG_CAP","A","1998",449.251,
"ISL","WASTEMUN","TOT","KG_CAP","A","1999",454.58,
"ISL","WASTEMUN","TOT","KG_CAP","A","2000",462.387,
"ISL","WASTEMUN","TOT","KG_CAP","A","2001",466.586,
"ISL","WASTEMUN","TOT","KG_CAP","A","2002",476.442,
"ISL","WASTEMUN","TOT","KG_CAP","A","2003",483.985,
"ISL","WASTEMUN","TOT","KG_CAP","A","2004",502.428,
"ISL","WASTEMUN","TOT","KG_CAP","A","2005",517.14,
"ISL","WASTEMUN","TOT","KG_CAP","A","2006",561.905,
"ISL","WASTEMUN","TOT","KG_CAP","A","2007",558.79,
"ISL","WASTEMUN","TOT","KG_CAP","A","2008",650.705,"B"
"ISL","WASTEMUN","TOT","KG_CAP","A","2009",412.862,
"ISL","WASTEMUN","TOT","KG_CAP","A","2010",481.144,
"ISL","WASTEMUN","TOT","KG_CAP","A","2011",495.295,
"ISL","WASTEMUN","TOT","KG_CAP","A","2012",513.82,
"ISL","WASTEMUN","TOT","KG_CAP","A","2013",517.897,
"ISL","WASTEMUN","TOT","KG_CAP","A","2014",536.953,
"IRL","WASTEMUN","TOT","THND_TONNE","A","1975",555,
"IRL","WASTEMUN","TOT","THND_TONNE","A","1980",640,
"IRL","WASTEMUN","TOT","THND_TONNE","A","1984",1100,
"IRL","WASTEMUN","TOT","THND_TONNE","A","1995",1848.2,
"IRL","WASTEMUN","TOT","THND_TONNE","A","1996",1898,
"IRL","WASTEMUN","TOT","THND_TONNE","A","1997",2000,
"IRL","WASTEMUN","TOT","THND_TONNE","A","1998",2056.7,
"IRL","WASTEMUN","TOT","THND_TONNE","A","1999",2168,
"IRL","WASTEMUN","TOT","THND_TONNE","A","2000",2278.7,
"IRL","WASTEMUN","TOT","THND_TONNE","A","2001",2704,
"IRL","WASTEMUN","TOT","THND_TONNE","A","2002",2720.4,
"IRL","WASTEMUN","TOT","THND_TONNE","A","2003",2917.9,"B"
"IRL","WASTEMUN","TOT","THND_TONNE","A","2004",3000.6,
"IRL","WASTEMUN","TOT","THND_TONNE","A","2005",3040.7,
"IRL","WASTEMUN","TOT","THND_TONNE","A","2006",3384.6,
"IRL","WASTEMUN","TOT","THND_TONNE","A","2007",3397.7,
"IRL","WASTEMUN","TOT","THND_TONNE","A","2008",3224.28,
"IRL","WASTEMUN","TOT","THND_TONNE","A","2009",2952.98,
"IRL","WASTEMUN","TOT","THND_TONNE","A","2010",2846,
"IRL","WASTEMUN","TOT","THND_TONNE","A","2011",2823,
"IRL","WASTEMUN","TOT","THND_TONNE","A","2012",2692.5,
"IRL","WASTEMUN","TOT","KG_CAP","A","1975",174.682,
"IRL","WASTEMUN","TOT","KG_CAP","A","1980",188.18,
"IRL","WASTEMUN","TOT","KG_CAP","A","1984",311.703,
"IRL","WASTEMUN","TOT","KG_CAP","A","1995",513.204,
"IRL","WASTEMUN","TOT","KG_CAP","A","1996",523.456,
"IRL","WASTEMUN","TOT","KG_CAP","A","1997",545.852,
"IRL","WASTEMUN","TOT","KG_CAP","A","1998",555.445,
"IRL","WASTEMUN","TOT","KG_CAP","A","1999",579.431,
"IRL","WASTEMUN","TOT","KG_CAP","A","2000",601.288,
"IRL","WASTEMUN","TOT","KG_CAP","A","2001",702.885,
"IRL","WASTEMUN","TOT","KG_CAP","A","2002",694.476,
"IRL","WASTEMUN","TOT","KG_CAP","A","2003",733.122,"B"
"IRL","WASTEMUN","TOT","KG_CAP","A","2004",741.768,
"IRL","WASTEMUN","TOT","KG_CAP","A","2005",735.57,
"IRL","WASTEMUN","TOT","KG_CAP","A","2006",799.594,
"IRL","WASTEMUN","TOT","KG_CAP","A","2007",776.457,
"IRL","WASTEMUN","TOT","KG_CAP","A","2008",718.871,
"IRL","WASTEMUN","TOT","KG_CAP","A","2009",651.383,
"IRL","WASTEMUN","TOT","KG_CAP","A","2010",624.863,
"IRL","WASTEMUN","TOT","KG_CAP","A","2011",617.076,
"IRL","WASTEMUN","TOT","KG_CAP","A","2012",587.203,
"ITA","WASTEMUN","TOT","THND_TONNE","A","1975",14095,
"ITA","WASTEMUN","TOT","THND_TONNE","A","1980",14041,
"ITA","WASTEMUN","TOT","THND_TONNE","A","1985",15000,
"ITA","WASTEMUN","TOT","THND_TONNE","A","1989",17300,
"ITA","WASTEMUN","TOT","THND_TONNE","A","1990",20000,
"ITA","WASTEMUN","TOT","THND_TONNE","A","1991",23200,"B"
"ITA","WASTEMUN","TOT","THND_TONNE","A","1993",26100,
"ITA","WASTEMUN","TOT","THND_TONNE","A","1995",25780,
"ITA","WASTEMUN","TOT","THND_TONNE","A","1996",25960,
"ITA","WASTEMUN","TOT","THND_TONNE","A","1997",26605,
"ITA","WASTEMUN","TOT","THND_TONNE","A","1998",26846,
"ITA","WASTEMUN","TOT","THND_TONNE","A","1999",28364,
"ITA","WASTEMUN","TOT","THND_TONNE","A","2000",28959,
"ITA","WASTEMUN","TOT","THND_TONNE","A","2001",29409,
"ITA","WASTEMUN","TOT","THND_TONNE","A","2002",29864,
"ITA","WASTEMUN","TOT","THND_TONNE","A","2003",30035,
"ITA","WASTEMUN","TOT","THND_TONNE","A","2004",31150,
"ITA","WASTEMUN","TOT","THND_TONNE","A","2005",31668,
"ITA","WASTEMUN","TOT","THND_TONNE","A","2006",32516,
"ITA","WASTEMUN","TOT","THND_TONNE","A","2007",32536,
"ITA","WASTEMUN","TOT","THND_TONNE","A","2008",32461,
"ITA","WASTEMUN","TOT","THND_TONNE","A","2009",32107,
"ITA","WASTEMUN","TOT","THND_TONNE","A","2010",32440,
"ITA","WASTEMUN","TOT","THND_TONNE","A","2011",31386,
"ITA","WASTEMUN","TOT","THND_TONNE","A","2012",29994,
"ITA","WASTEMUN","TOT","THND_TONNE","A","2013",29573,
"ITA","WASTEMUN","TOT","THND_TONNE","A","2014",29652,
"ITA","WASTEMUN","TOT","THND_TONNE","A","2015",29524,
"ITA","WASTEMUN","TOT","KG_CAP","A","1975",254.234,
"ITA","WASTEMUN","TOT","KG_CAP","A","1980",248.804,
"ITA","WASTEMUN","TOT","KG_CAP","A","1985",265.05,
"ITA","WASTEMUN","TOT","KG_CAP","A","1989",305.267,
"ITA","WASTEMUN","TOT","KG_CAP","A","1990",352.614,
"ITA","WASTEMUN","TOT","KG_CAP","A","1991",408.749,"B"
"ITA","WASTEMUN","TOT","KG_CAP","A","1993",459.25,
"ITA","WASTEMUN","TOT","KG_CAP","A","1995",453.52,
"ITA","WASTEMUN","TOT","KG_CAP","A","1996",456.558,
"ITA","WASTEMUN","TOT","KG_CAP","A","1997",467.654,
"ITA","WASTEMUN","TOT","KG_CAP","A","1998",471.754,
"ITA","WASTEMUN","TOT","KG_CAP","A","1999",498.346,
"ITA","WASTEMUN","TOT","KG_CAP","A","2000",508.569,
"ITA","WASTEMUN","TOT","KG_CAP","A","2001",516.154,
"ITA","WASTEMUN","TOT","KG_CAP","A","2002",522.487,
"ITA","WASTEMUN","TOT","KG_CAP","A","2003",521.399,
"ITA","WASTEMUN","TOT","KG_CAP","A","2004",535.451,
"ITA","WASTEMUN","TOT","KG_CAP","A","2005",540.345,
"ITA","WASTEMUN","TOT","KG_CAP","A","2006",551.666,
"ITA","WASTEMUN","TOT","KG_CAP","A","2007",547.972,
"ITA","WASTEMUN","TOT","KG_CAP","A","2008",542.534,
"ITA","WASTEMUN","TOT","KG_CAP","A","2009",533.404,
"ITA","WASTEMUN","TOT","KG_CAP","A","2010",536.346,
"ITA","WASTEMUN","TOT","KG_CAP","A","2011",517.695,
"ITA","WASTEMUN","TOT","KG_CAP","A","2012",492.381,
"ITA","WASTEMUN","TOT","KG_CAP","A","2013",483.39,
"ITA","WASTEMUN","TOT","KG_CAP","A","2014",482.793,
"ITA","WASTEMUN","TOT","KG_CAP","A","2015",478.999,
"JPN","WASTEMUN","TOT","THND_TONNE","A","1980",43940,
"JPN","WASTEMUN","TOT","THND_TONNE","A","1985",42093.99,
"JPN","WASTEMUN","TOT","THND_TONNE","A","1986",43395.945,
"JPN","WASTEMUN","TOT","THND_TONNE","A","1987",45374.61,
"JPN","WASTEMUN","TOT","THND_TONNE","A","1988",47495.99,
"JPN","WASTEMUN","TOT","THND_TONNE","A","1989",49349.095,
"JPN","WASTEMUN","TOT","THND_TONNE","A","1990",50256.625,
"JPN","WASTEMUN","TOT","THND_TONNE","A","1991",51132,
"JPN","WASTEMUN","TOT","THND_TONNE","A","1992",50902.94,
"JPN","WASTEMUN","TOT","THND_TONNE","A","1993",51267.9,
"JPN","WASTEMUN","TOT","THND_TONNE","A","1994",51800,
"JPN","WASTEMUN","TOT","THND_TONNE","A","1995",52224,
"JPN","WASTEMUN","TOT","THND_TONNE","A","1996",52908,
"JPN","WASTEMUN","TOT","THND_TONNE","A","1997",53098,
"JPN","WASTEMUN","TOT","THND_TONNE","A","1998",53605,
"JPN","WASTEMUN","TOT","THND_TONNE","A","1999",53699,
"JPN","WASTEMUN","TOT","THND_TONNE","A","2000",54833,
"JPN","WASTEMUN","TOT","THND_TONNE","A","2001",54681,
"JPN","WASTEMUN","TOT","THND_TONNE","A","2002",54199,
"JPN","WASTEMUN","TOT","THND_TONNE","A","2003",54271,
"JPN","WASTEMUN","TOT","THND_TONNE","A","2004",53376,
"JPN","WASTEMUN","TOT","THND_TONNE","A","2005",52720,
"JPN","WASTEMUN","TOT","THND_TONNE","A","2006",52024,
"JPN","WASTEMUN","TOT","THND_TONNE","A","2007",50816,
"JPN","WASTEMUN","TOT","THND_TONNE","A","2008",48106,
"JPN","WASTEMUN","TOT","THND_TONNE","A","2009",46252,
"JPN","WASTEMUN","TOT","THND_TONNE","A","2010",45359,
"JPN","WASTEMUN","TOT","THND_TONNE","A","2011",45430,
"JPN","WASTEMUN","TOT","THND_TONNE","A","2012",45234,
"JPN","WASTEMUN","TOT","THND_TONNE","A","2013",44874,
"JPN","WASTEMUN","TOT","THND_TONNE","A","2014",44317,
"JPN","WASTEMUN","TOT","KG_CAP","A","1980",375.36,
"JPN","WASTEMUN","TOT","KG_CAP","A","1985",347.741,
"JPN","WASTEMUN","TOT","KG_CAP","A","1986",356.669,
"JPN","WASTEMUN","TOT","KG_CAP","A","1987",371.117,
"JPN","WASTEMUN","TOT","KG_CAP","A","1988",386.832,
"JPN","WASTEMUN","TOT","KG_CAP","A","1989",400.385,
"JPN","WASTEMUN","TOT","KG_CAP","A","1990",406.564,
"JPN","WASTEMUN","TOT","KG_CAP","A","1991",412.212,
"JPN","WASTEMUN","TOT","KG_CAP","A","1992",409.017,
"JPN","WASTEMUN","TOT","KG_CAP","A","1993",410.916,
"JPN","WASTEMUN","TOT","KG_CAP","A","1994",414.291,
"JPN","WASTEMUN","TOT","KG_CAP","A","1995",415.892,
"JPN","WASTEMUN","TOT","KG_CAP","A","1996",420.355,
"JPN","WASTEMUN","TOT","KG_CAP","A","1997",420.862,
"JPN","WASTEMUN","TOT","KG_CAP","A","1998",423.795,
"JPN","WASTEMUN","TOT","KG_CAP","A","1999",423.875,
"JPN","WASTEMUN","TOT","KG_CAP","A","2000",432.004,
"JPN","WASTEMUN","TOT","KG_CAP","A","2001",429.578,
"JPN","WASTEMUN","TOT","KG_CAP","A","2002",425.3,
"JPN","WASTEMUN","TOT","KG_CAP","A","2003",425.245,
"JPN","WASTEMUN","TOT","KG_CAP","A","2004",418.025,
"JPN","WASTEMUN","TOT","KG_CAP","A","2005",412.626,
"JPN","WASTEMUN","TOT","KG_CAP","A","2006",407.176,
"JPN","WASTEMUN","TOT","KG_CAP","A","2007",397.715,
"JPN","WASTEMUN","TOT","KG_CAP","A","2008",376.735,
"JPN","WASTEMUN","TOT","KG_CAP","A","2009",362.735,
"JPN","WASTEMUN","TOT","KG_CAP","A","2010",354.207,
"JPN","WASTEMUN","TOT","KG_CAP","A","2011",355.48,
"JPN","WASTEMUN","TOT","KG_CAP","A","2012",354.735,
"JPN","WASTEMUN","TOT","KG_CAP","A","2013",352.517,
"JPN","WASTEMUN","TOT","KG_CAP","A","2014",349.094,
"KOR","WASTEMUN","TOT","THND_TONNE","A","1985",20994.07,
"KOR","WASTEMUN","TOT","THND_TONNE","A","1987",24466.3,
"KOR","WASTEMUN","TOT","THND_TONNE","A","1988",26607.4,
"KOR","WASTEMUN","TOT","THND_TONNE","A","1989",28477.7,
"KOR","WASTEMUN","TOT","THND_TONNE","A","1990",30646.1,
"KOR","WASTEMUN","TOT","THND_TONNE","A","1991",33669.8,
"KOR","WASTEMUN","TOT","THND_TONNE","A","1992",27410,"B"
"KOR","WASTEMUN","TOT","THND_TONNE","A","1993",22973.1,
"KOR","WASTEMUN","TOT","THND_TONNE","A","1994",21213.1,
"KOR","WASTEMUN","TOT","THND_TONNE","A","1995",17438,
"KOR","WASTEMUN","TOT","THND_TONNE","A","1996",18222.6,
"KOR","WASTEMUN","TOT","THND_TONNE","A","1997",17481.7,
"KOR","WASTEMUN","TOT","THND_TONNE","A","1998",16272.8,
"KOR","WASTEMUN","TOT","THND_TONNE","A","1999",16649.1,
"KOR","WASTEMUN","TOT","THND_TONNE","A","2000",16949.9,
"KOR","WASTEMUN","TOT","THND_TONNE","A","2001",17702.1,
"KOR","WASTEMUN","TOT","THND_TONNE","A","2002",18214.2,
"KOR","WASTEMUN","TOT","THND_TONNE","A","2003",18518.9,
"KOR","WASTEMUN","TOT","THND_TONNE","A","2004",18252,
"KOR","WASTEMUN","TOT","THND_TONNE","A","2005",17665,
"KOR","WASTEMUN","TOT","THND_TONNE","A","2006",17828,
"KOR","WASTEMUN","TOT","THND_TONNE","A","2007",18376,
"KOR","WASTEMUN","TOT","THND_TONNE","A","2008",19006,
"KOR","WASTEMUN","TOT","THND_TONNE","A","2009",18581,
"KOR","WASTEMUN","TOT","THND_TONNE","A","2010",17943,
"KOR","WASTEMUN","TOT","THND_TONNE","A","2011",17861,
"KOR","WASTEMUN","TOT","THND_TONNE","A","2012",17881,
"KOR","WASTEMUN","TOT","THND_TONNE","A","2013",17786,
"KOR","WASTEMUN","TOT","THND_TONNE","A","2014",18219,
"KOR","WASTEMUN","TOT","KG_CAP","A","1985",514.488,
"KOR","WASTEMUN","TOT","KG_CAP","A","1987",587.826,
"KOR","WASTEMUN","TOT","KG_CAP","A","1988",633.039,
"KOR","WASTEMUN","TOT","KG_CAP","A","1989",670.868,
"KOR","WASTEMUN","TOT","KG_CAP","A","1990",714.873,
"KOR","WASTEMUN","TOT","KG_CAP","A","1991",777.671,
"KOR","WASTEMUN","TOT","KG_CAP","A","1992",626.543,"B"
"KOR","WASTEMUN","TOT","KG_CAP","A","1993",519.817,
"KOR","WASTEMUN","TOT","KG_CAP","A","1994",475.187,
"KOR","WASTEMUN","TOT","KG_CAP","A","1995",386.712,
"KOR","WASTEMUN","TOT","KG_CAP","A","1996",400.28,
"KOR","WASTEMUN","TOT","KG_CAP","A","1997",380.421,
"KOR","WASTEMUN","TOT","KG_CAP","A","1998",351.567,
"KOR","WASTEMUN","TOT","KG_CAP","A","1999",357.149,
"KOR","WASTEMUN","TOT","KG_CAP","A","2000",360.574,
"KOR","WASTEMUN","TOT","KG_CAP","A","2001",373.798,
"KOR","WASTEMUN","TOT","KG_CAP","A","2002",382.473,
"KOR","WASTEMUN","TOT","KG_CAP","A","2003",386.945,
"KOR","WASTEMUN","TOT","KG_CAP","A","2004",379.938,
"KOR","WASTEMUN","TOT","KG_CAP","A","2005",366.965,
"KOR","WASTEMUN","TOT","KG_CAP","A","2006",368.561,
"KOR","WASTEMUN","TOT","KG_CAP","A","2007",378.125,
"KOR","WASTEMUN","TOT","KG_CAP","A","2008",388.284,
"KOR","WASTEMUN","TOT","KG_CAP","A","2009",377.801,
"KOR","WASTEMUN","TOT","KG_CAP","A","2010",363.142,
"KOR","WASTEMUN","TOT","KG_CAP","A","2011",358.803,
"KOR","WASTEMUN","TOT","KG_CAP","A","2012",357.588,
"KOR","WASTEMUN","TOT","KG_CAP","A","2013",354.164,
"KOR","WASTEMUN","TOT","KG_CAP","A","2014",361.316,
"LUX","WASTEMUN","TOT","THND_TONNE","A","1975",119,
"LUX","WASTEMUN","TOT","THND_TONNE","A","1980",128,
"LUX","WASTEMUN","TOT","THND_TONNE","A","1985",131,
"LUX","WASTEMUN","TOT","THND_TONNE","A","1989",170,
"LUX","WASTEMUN","TOT","THND_TONNE","A","1990",223.6,
"LUX","WASTEMUN","TOT","THND_TONNE","A","1991",216.8,
"LUX","WASTEMUN","TOT","THND_TONNE","A","1992",195.52,
"LUX","WASTEMUN","TOT","THND_TONNE","A","1993",200.98,
"LUX","WASTEMUN","TOT","THND_TONNE","A","1994",196.1,"B"
"LUX","WASTEMUN","TOT","THND_TONNE","A","1995",240.04,
"LUX","WASTEMUN","TOT","THND_TONNE","A","1996",242.3,
"LUX","WASTEMUN","TOT","THND_TONNE","A","1997",253.19,
"LUX","WASTEMUN","TOT","THND_TONNE","A","1998",265.59,
"LUX","WASTEMUN","TOT","THND_TONNE","A","1999",277.89,
"LUX","WASTEMUN","TOT","THND_TONNE","A","2000",285.26,
"LUX","WASTEMUN","TOT","THND_TONNE","A","2001",285.21,
"LUX","WASTEMUN","TOT","THND_TONNE","A","2002",291.29,
"LUX","WASTEMUN","TOT","THND_TONNE","A","2003",306.43,
"LUX","WASTEMUN","TOT","THND_TONNE","A","2004",310.89,
"LUX","WASTEMUN","TOT","THND_TONNE","A","2005",312.76,
"LUX","WASTEMUN","TOT","THND_TONNE","A","2006",322.65,
"LUX","WASTEMUN","TOT","THND_TONNE","A","2007",333.37,
"LUX","WASTEMUN","TOT","THND_TONNE","A","2008",340.69,
"LUX","WASTEMUN","TOT","THND_TONNE","A","2009",338.14,
"LUX","WASTEMUN","TOT","THND_TONNE","A","2010",344.26,
"LUX","WASTEMUN","TOT","THND_TONNE","A","2011",345.33,
"LUX","WASTEMUN","TOT","THND_TONNE","A","2012",346.09,
"LUX","WASTEMUN","TOT","THND_TONNE","A","2013",334.72,
"LUX","WASTEMUN","TOT","THND_TONNE","A","2014",348.15,
"LUX","WASTEMUN","TOT","THND_TONNE","A","2015",356.01,
"LUX","WASTEMUN","TOT","KG_CAP","A","1975",331.522,
"LUX","WASTEMUN","TOT","KG_CAP","A","1980",351.504,
"LUX","WASTEMUN","TOT","KG_CAP","A","1985",357.234,
"LUX","WASTEMUN","TOT","KG_CAP","A","1989",450.809,
"LUX","WASTEMUN","TOT","KG_CAP","A","1990",585.57,
"LUX","WASTEMUN","TOT","KG_CAP","A","1991",560.207,
"LUX","WASTEMUN","TOT","KG_CAP","A","1992",498.553,
"LUX","WASTEMUN","TOT","KG_CAP","A","1993",505.642,
"LUX","WASTEMUN","TOT","KG_CAP","A","1994",486.691,"B"
"LUX","WASTEMUN","TOT","KG_CAP","A","1995",587.433,
"LUX","WASTEMUN","TOT","KG_CAP","A","1996",584.948,
"LUX","WASTEMUN","TOT","KG_CAP","A","1997",603.624,
"LUX","WASTEMUN","TOT","KG_CAP","A","1998",625.359,
"LUX","WASTEMUN","TOT","KG_CAP","A","1999",645.543,
"LUX","WASTEMUN","TOT","KG_CAP","A","2000",653.816,
"LUX","WASTEMUN","TOT","KG_CAP","A","2001",646.002,
"LUX","WASTEMUN","TOT","KG_CAP","A","2002",652.824,
"LUX","WASTEMUN","TOT","KG_CAP","A","2003",680.956,
"LUX","WASTEMUN","TOT","KG_CAP","A","2004",683.275,
"LUX","WASTEMUN","TOT","KG_CAP","A","2005",678.144,
"LUX","WASTEMUN","TOT","KG_CAP","A","2006",687.806,
"LUX","WASTEMUN","TOT","KG_CAP","A","2007",700.063,
"LUX","WASTEMUN","TOT","KG_CAP","A","2008",704.196,
"LUX","WASTEMUN","TOT","KG_CAP","A","2009",685.187,
"LUX","WASTEMUN","TOT","KG_CAP","A","2010",685.64,
"LUX","WASTEMUN","TOT","KG_CAP","A","2011",674.736,
"LUX","WASTEMUN","TOT","KG_CAP","A","2012",659.345,
"LUX","WASTEMUN","TOT","KG_CAP","A","2013",623.315,
"LUX","WASTEMUN","TOT","KG_CAP","A","2014",633.345,
"LUX","WASTEMUN","TOT","KG_CAP","A","2015",632.69,
"MEX","WASTEMUN","TOT","THND_TONNE","A","1991",21062.33,"E"
"MEX","WASTEMUN","TOT","THND_TONNE","A","1992",21967.53,"E"
"MEX","WASTEMUN","TOT","THND_TONNE","A","1993",28089.5,
"MEX","WASTEMUN","TOT","THND_TONNE","A","1994",29472.4,"E"
"MEX","WASTEMUN","TOT","THND_TONNE","A","1995",30509.6,
"MEX","WASTEMUN","TOT","THND_TONNE","A","1996",31959.4,
"MEX","WASTEMUN","TOT","THND_TONNE","A","1997",29272.4,
"MEX","WASTEMUN","TOT","THND_TONNE","A","1998",30550.5,
"MEX","WASTEMUN","TOT","THND_TONNE","A","1999",30952,
"MEX","WASTEMUN","TOT","THND_TONNE","A","2000",30733,
"MEX","WASTEMUN","TOT","THND_TONNE","A","2001",31488.6,
"MEX","WASTEMUN","TOT","THND_TONNE","A","2002",32173.6,
"MEX","WASTEMUN","TOT","THND_TONNE","A","2003",32915.7,
"MEX","WASTEMUN","TOT","THND_TONNE","A","2004",34604,
"MEX","WASTEMUN","TOT","THND_TONNE","A","2005",35404.9,
"MEX","WASTEMUN","TOT","THND_TONNE","A","2006",36135,
"MEX","WASTEMUN","TOT","THND_TONNE","A","2007",36865,
"MEX","WASTEMUN","TOT","THND_TONNE","A","2008",37595,
"MEX","WASTEMUN","TOT","THND_TONNE","A","2009",38325,
"MEX","WASTEMUN","TOT","THND_TONNE","A","2010",40058.75,
"MEX","WASTEMUN","TOT","THND_TONNE","A","2011",41062.5,
"MEX","WASTEMUN","TOT","THND_TONNE","A","2012",42102.75,
"MEX","WASTEMUN","TOT","KG_CAP","A","1991",237.641,"E"
"MEX","WASTEMUN","TOT","KG_CAP","A","1992",243.725,"E"
"MEX","WASTEMUN","TOT","KG_CAP","A","1993",306.652,
"MEX","WASTEMUN","TOT","KG_CAP","A","1994",316.719,"E"
"MEX","WASTEMUN","TOT","KG_CAP","A","1995",322.886,
"MEX","WASTEMUN","TOT","KG_CAP","A","1996",333.339,
"MEX","WASTEMUN","TOT","KG_CAP","A","1997",301.142,
"MEX","WASTEMUN","TOT","KG_CAP","A","1998",310.203,
"MEX","WASTEMUN","TOT","KG_CAP","A","1999",310.432,
"MEX","WASTEMUN","TOT","KG_CAP","A","2000",304.601,
"MEX","WASTEMUN","TOT","KG_CAP","A","2001",308.342,
"MEX","WASTEMUN","TOT","KG_CAP","A","2002",311.103,
"MEX","WASTEMUN","TOT","KG_CAP","A","2003",314.321,
"MEX","WASTEMUN","TOT","KG_CAP","A","2004",326.602,
"MEX","WASTEMUN","TOT","KG_CAP","A","2005",330.421,
"MEX","WASTEMUN","TOT","KG_CAP","A","2006",333.322,
"MEX","WASTEMUN","TOT","KG_CAP","A","2007",335.785,
"MEX","WASTEMUN","TOT","KG_CAP","A","2008",337.784,
"MEX","WASTEMUN","TOT","KG_CAP","A","2009",339.602,
"MEX","WASTEMUN","TOT","KG_CAP","A","2010",350.606,
"MEX","WASTEMUN","TOT","KG_CAP","A","2011",354.957,
"MEX","WASTEMUN","TOT","KG_CAP","A","2012",359.687,
"NLD","WASTEMUN","TOT","THND_TONNE","A","1981",7050,
"NLD","WASTEMUN","TOT","THND_TONNE","A","1985",6933,
"NLD","WASTEMUN","TOT","THND_TONNE","A","1988",6900,
"NLD","WASTEMUN","TOT","THND_TONNE","A","1989",7322,
"NLD","WASTEMUN","TOT","THND_TONNE","A","1990",7430,
"NLD","WASTEMUN","TOT","THND_TONNE","A","1991",7470,
"NLD","WASTEMUN","TOT","THND_TONNE","A","1993",8377,
"NLD","WASTEMUN","TOT","THND_TONNE","A","1994",8501,
"NLD","WASTEMUN","TOT","THND_TONNE","A","1995",8337,
"NLD","WASTEMUN","TOT","THND_TONNE","A","1996",8565,
"NLD","WASTEMUN","TOT","THND_TONNE","A","1997",8986,
"NLD","WASTEMUN","TOT","THND_TONNE","A","1998",9069,
"NLD","WASTEMUN","TOT","THND_TONNE","A","1999",9205,
"NLD","WASTEMUN","TOT","THND_TONNE","A","2000",9529,
"NLD","WASTEMUN","TOT","THND_TONNE","A","2001",9550,
"NLD","WASTEMUN","TOT","THND_TONNE","A","2002",9684,
"NLD","WASTEMUN","TOT","THND_TONNE","A","2003",9504,
"NLD","WASTEMUN","TOT","THND_TONNE","A","2004",9746,
"NLD","WASTEMUN","TOT","THND_TONNE","A","2005",9769,
"NLD","WASTEMUN","TOT","THND_TONNE","A","2006",9761,
"NLD","WASTEMUN","TOT","THND_TONNE","A","2007",9922,
"NLD","WASTEMUN","TOT","THND_TONNE","A","2008",9868,
"NLD","WASTEMUN","TOT","THND_TONNE","A","2009",9738,
"NLD","WASTEMUN","TOT","THND_TONNE","A","2010",9484,
"NLD","WASTEMUN","TOT","THND_TONNE","A","2011",9479,
"NLD","WASTEMUN","TOT","THND_TONNE","A","2012",9203,
"NLD","WASTEMUN","TOT","THND_TONNE","A","2013",8840,
"NLD","WASTEMUN","TOT","THND_TONNE","A","2014",8895,
"NLD","WASTEMUN","TOT","THND_TONNE","A","2015",8855,
"NLD","WASTEMUN","TOT","KG_CAP","A","1981",494.834,
"NLD","WASTEMUN","TOT","KG_CAP","A","1985",478.414,
"NLD","WASTEMUN","TOT","KG_CAP","A","1988",467.477,
"NLD","WASTEMUN","TOT","KG_CAP","A","1989",493.1,
"NLD","WASTEMUN","TOT","KG_CAP","A","1990",496.94,
"NLD","WASTEMUN","TOT","KG_CAP","A","1991",495.693,
"NLD","WASTEMUN","TOT","KG_CAP","A","1993",547.861,
"NLD","WASTEMUN","TOT","KG_CAP","A","1994",552.629,
"NLD","WASTEMUN","TOT","KG_CAP","A","1995",539.297,
"NLD","WASTEMUN","TOT","KG_CAP","A","1996",551.495,
"NLD","WASTEMUN","TOT","KG_CAP","A","1997",575.633,
"NLD","WASTEMUN","TOT","KG_CAP","A","1998",577.378,
"NLD","WASTEMUN","TOT","KG_CAP","A","1999",582.149,
"NLD","WASTEMUN","TOT","KG_CAP","A","2000",598.348,
"NLD","WASTEMUN","TOT","KG_CAP","A","2001",595.157,
"NLD","WASTEMUN","TOT","KG_CAP","A","2002",599.668,
"NLD","WASTEMUN","TOT","KG_CAP","A","2003",585.752,
"NLD","WASTEMUN","TOT","KG_CAP","A","2004",598.583,
"NLD","WASTEMUN","TOT","KG_CAP","A","2005",598.595,
"NLD","WASTEMUN","TOT","KG_CAP","A","2006",597.146,
"NLD","WASTEMUN","TOT","KG_CAP","A","2007",605.676,
"NLD","WASTEMUN","TOT","KG_CAP","A","2008",600.039,
"NLD","WASTEMUN","TOT","KG_CAP","A","2009",589.097,
"NLD","WASTEMUN","TOT","KG_CAP","A","2010",570.796,
"NLD","WASTEMUN","TOT","KG_CAP","A","2011",567.84,
"NLD","WASTEMUN","TOT","KG_CAP","A","2012",549.27,
"NLD","WASTEMUN","TOT","KG_CAP","A","2013",526.052,
"NLD","WASTEMUN","TOT","KG_CAP","A","2014",525.756,
"NLD","WASTEMUN","TOT","KG_CAP","A","2015",521.459,
"NZL","WASTEMUN","TOT","THND_TONNE","A","1980",2030,
"NZL","WASTEMUN","TOT","THND_TONNE","A","1990",3330,
"NZL","WASTEMUN","TOT","THND_TONNE","A","1995",3180,
"NZL","WASTEMUN","TOT","THND_TONNE","A","2002",3022,
"NZL","WASTEMUN","TOT","THND_TONNE","A","2003",3075,
"NZL","WASTEMUN","TOT","THND_TONNE","A","2004",3186,
"NZL","WASTEMUN","TOT","THND_TONNE","A","2006",3156,
"NZL","WASTEMUN","TOT","THND_TONNE","A","2010",2532,
"NZL","WASTEMUN","TOT","THND_TONNE","A","2011",2512,
"NZL","WASTEMUN","TOT","THND_TONNE","A","2012",2514,
"NZL","WASTEMUN","TOT","THND_TONNE","A","2013",2684,
"NZL","WASTEMUN","TOT","THND_TONNE","A","2014",2931,
"NZL","WASTEMUN","TOT","THND_TONNE","A","2015",3221,
"NZL","WASTEMUN","TOT","KG_CAP","A","1980",640.329,
"NZL","WASTEMUN","TOT","KG_CAP","A","1990",982.276,
"NZL","WASTEMUN","TOT","KG_CAP","A","1995",865.688,
"NZL","WASTEMUN","TOT","KG_CAP","A","2002",765.364,
"NZL","WASTEMUN","TOT","KG_CAP","A","2003",763.554,
"NZL","WASTEMUN","TOT","KG_CAP","A","2004",779.444,
"NZL","WASTEMUN","TOT","KG_CAP","A","2006",754.205,
"NZL","WASTEMUN","TOT","KG_CAP","A","2010",581.982,
"NZL","WASTEMUN","TOT","KG_CAP","A","2011",572.994,
"NZL","WASTEMUN","TOT","KG_CAP","A","2012",570.323,
"NZL","WASTEMUN","TOT","KG_CAP","A","2013",604.223,
"NZL","WASTEMUN","TOT","KG_CAP","A","2014",649.924,
"NZL","WASTEMUN","TOT","KG_CAP","A","2015",701.346,
"NOR","WASTEMUN","TOT","THND_TONNE","A","1975",1700,
"NOR","WASTEMUN","TOT","THND_TONNE","A","1980",1700,
"NOR","WASTEMUN","TOT","THND_TONNE","A","1985",1968,
"NOR","WASTEMUN","TOT","THND_TONNE","A","1990",2000,
"NOR","WASTEMUN","TOT","THND_TONNE","A","1992",2222.8,
"NOR","WASTEMUN","TOT","THND_TONNE","A","1993",2217,
"NOR","WASTEMUN","TOT","THND_TONNE","A","1994",2366,
"NOR","WASTEMUN","TOT","THND_TONNE","A","1995",2722.2,
"NOR","WASTEMUN","TOT","THND_TONNE","A","1996",2761.2,
"NOR","WASTEMUN","TOT","THND_TONNE","A","1997",2720.7,
"NOR","WASTEMUN","TOT","THND_TONNE","A","1998",2858.2,
"NOR","WASTEMUN","TOT","THND_TONNE","A","1999",2650,
"NOR","WASTEMUN","TOT","THND_TONNE","A","2000",2755,
"NOR","WASTEMUN","TOT","THND_TONNE","A","2001",1629,"B"
"NOR","WASTEMUN","TOT","THND_TONNE","A","2002",1780,
"NOR","WASTEMUN","TOT","THND_TONNE","A","2003",1836,
"NOR","WASTEMUN","TOT","THND_TONNE","A","2004",1903,
"NOR","WASTEMUN","TOT","THND_TONNE","A","2005",1968,
"NOR","WASTEMUN","TOT","THND_TONNE","A","2006",2140,
"NOR","WASTEMUN","TOT","THND_TONNE","A","2007",2312,
"NOR","WASTEMUN","TOT","THND_TONNE","A","2008",2324,
"NOR","WASTEMUN","TOT","THND_TONNE","A","2009",2269,
"NOR","WASTEMUN","TOT","THND_TONNE","A","2010",2295,
"NOR","WASTEMUN","TOT","THND_TONNE","A","2011",2403,
"NOR","WASTEMUN","TOT","THND_TONNE","A","2012",2392,
"NOR","WASTEMUN","TOT","THND_TONNE","A","2013",2517.96,
"NOR","WASTEMUN","TOT","THND_TONNE","A","2014",2175.44,"B"
"NOR","WASTEMUN","TOT","THND_TONNE","A","2015",2187.22,
"NOR","WASTEMUN","TOT","KG_CAP","A","1975",558.191,
"NOR","WASTEMUN","TOT","KG_CAP","A","1980",547.492,
"NOR","WASTEMUN","TOT","KG_CAP","A","1985",592.413,
"NOR","WASTEMUN","TOT","KG_CAP","A","1990",554.747,
"NOR","WASTEMUN","TOT","KG_CAP","A","1992",534.609,
"NOR","WASTEMUN","TOT","KG_CAP","A","1993",530.05,
"NOR","WASTEMUN","TOT","KG_CAP","A","1994",562.462,
"NOR","WASTEMUN","TOT","KG_CAP","A","1995",637.22,
"NOR","WASTEMUN","TOT","KG_CAP","A","1996",643.081,
"NOR","WASTEMUN","TOT","KG_CAP","A","1997",630.222,
"NOR","WASTEMUN","TOT","KG_CAP","A","1998",651.494,
"NOR","WASTEMUN","TOT","KG_CAP","A","1999",599.915,
"NOR","WASTEMUN","TOT","KG_CAP","A","2000",619.651,
"NOR","WASTEMUN","TOT","KG_CAP","A","2001",364.543,"B"
"NOR","WASTEMUN","TOT","KG_CAP","A","2002",396.192,
"NOR","WASTEMUN","TOT","KG_CAP","A","2003",406.267,
"NOR","WASTEMUN","TOT","KG_CAP","A","2004",418.611,
"NOR","WASTEMUN","TOT","KG_CAP","A","2005",429.971,
"NOR","WASTEMUN","TOT","KG_CAP","A","2006",463.799,
"NOR","WASTEMUN","TOT","KG_CAP","A","2007",495.919,
"NOR","WASTEMUN","TOT","KG_CAP","A","2008",492.318,
"NOR","WASTEMUN","TOT","KG_CAP","A","2009",474.643,
"NOR","WASTEMUN","TOT","KG_CAP","A","2010",469.397,
"NOR","WASTEMUN","TOT","KG_CAP","A","2011",485.258,
"NOR","WASTEMUN","TOT","KG_CAP","A","2012",476.684,
"NOR","WASTEMUN","TOT","KG_CAP","A","2013",495.661,
"NOR","WASTEMUN","TOT","KG_CAP","A","2014",423.485,"B"
"NOR","WASTEMUN","TOT","KG_CAP","A","2015",445.98,
"POL","WASTEMUN","TOT","THND_TONNE","A","1975",6528,
"POL","WASTEMUN","TOT","THND_TONNE","A","1980",10055,
"POL","WASTEMUN","TOT","THND_TONNE","A","1985",11087,
"POL","WASTEMUN","TOT","THND_TONNE","A","1990",11098,
"POL","WASTEMUN","TOT","THND_TONNE","A","1991",10638,
"POL","WASTEMUN","TOT","THND_TONNE","A","1992",10621,
"POL","WASTEMUN","TOT","THND_TONNE","A","1993",10645,
"POL","WASTEMUN","TOT","THND_TONNE","A","1994",11015,
"POL","WASTEMUN","TOT","THND_TONNE","A","1995",10985,
"POL","WASTEMUN","TOT","THND_TONNE","A","1996",11621,
"POL","WASTEMUN","TOT","THND_TONNE","A","1997",12183,
"POL","WASTEMUN","TOT","THND_TONNE","A","1998",11827,
"POL","WASTEMUN","TOT","THND_TONNE","A","1999",12317,
"POL","WASTEMUN","TOT","THND_TONNE","A","2000",12226,
"POL","WASTEMUN","TOT","THND_TONNE","A","2001",11109,
"POL","WASTEMUN","TOT","THND_TONNE","A","2002",10509,
"POL","WASTEMUN","TOT","THND_TONNE","A","2003",9925,
"POL","WASTEMUN","TOT","THND_TONNE","A","2004",9759,
"POL","WASTEMUN","TOT","THND_TONNE","A","2005",12169,
"POL","WASTEMUN","TOT","THND_TONNE","A","2006",12235,
"POL","WASTEMUN","TOT","THND_TONNE","A","2007",12264,
"POL","WASTEMUN","TOT","THND_TONNE","A","2008",12194,
"POL","WASTEMUN","TOT","THND_TONNE","A","2009",12053,
"POL","WASTEMUN","TOT","THND_TONNE","A","2010",12032,
"POL","WASTEMUN","TOT","THND_TONNE","A","2011",12129,
"POL","WASTEMUN","TOT","THND_TONNE","A","2012",12084,
"POL","WASTEMUN","TOT","THND_TONNE","A","2013",11295,
"POL","WASTEMUN","TOT","THND_TONNE","A","2014",10330,"B"
"POL","WASTEMUN","TOT","THND_TONNE","A","2015",10863,
"POL","WASTEMUN","TOT","KG_CAP","A","1975",191.875,
"POL","WASTEMUN","TOT","KG_CAP","A","1980",282.618,
"POL","WASTEMUN","TOT","KG_CAP","A","1985",298.014,
"POL","WASTEMUN","TOT","KG_CAP","A","1990",291.815,
"POL","WASTEMUN","TOT","KG_CAP","A","1991",279.169,
"POL","WASTEMUN","TOT","KG_CAP","A","1992",278.226,
"POL","WASTEMUN","TOT","KG_CAP","A","1993",278.519,
"POL","WASTEMUN","TOT","KG_CAP","A","1994",287.974,
"POL","WASTEMUN","TOT","KG_CAP","A","1995",287.002,
"POL","WASTEMUN","TOT","KG_CAP","A","1996",303.515,
"POL","WASTEMUN","TOT","KG_CAP","A","1997",318.16,
"POL","WASTEMUN","TOT","KG_CAP","A","1998",308.92,
"POL","WASTEMUN","TOT","KG_CAP","A","1999",321.836,
"POL","WASTEMUN","TOT","KG_CAP","A","2000",319.584,
"POL","WASTEMUN","TOT","KG_CAP","A","2001",290.425,
"POL","WASTEMUN","TOT","KG_CAP","A","2002",274.872,
"POL","WASTEMUN","TOT","KG_CAP","A","2003",259.85,
"POL","WASTEMUN","TOT","KG_CAP","A","2004",255.603,
"POL","WASTEMUN","TOT","KG_CAP","A","2005",318.883,
"POL","WASTEMUN","TOT","KG_CAP","A","2006",320.857,
"POL","WASTEMUN","TOT","KG_CAP","A","2007",321.755,
"POL","WASTEMUN","TOT","KG_CAP","A","2008",319.919,
"POL","WASTEMUN","TOT","KG_CAP","A","2009",315.909,
"POL","WASTEMUN","TOT","KG_CAP","A","2010",312.384,
"POL","WASTEMUN","TOT","KG_CAP","A","2011",314.829,
"POL","WASTEMUN","TOT","KG_CAP","A","2012",313.595,
"POL","WASTEMUN","TOT","KG_CAP","A","2013",296.799,
"POL","WASTEMUN","TOT","KG_CAP","A","2014",271.577,"B"
"POL","WASTEMUN","TOT","KG_CAP","A","2015",285.748,
"PRT","WASTEMUN","TOT","THND_TONNE","A","1980",1980,
"PRT","WASTEMUN","TOT","THND_TONNE","A","1990",3000,
"PRT","WASTEMUN","TOT","THND_TONNE","A","1992",3270,
"PRT","WASTEMUN","TOT","THND_TONNE","A","1993",3563,
"PRT","WASTEMUN","TOT","THND_TONNE","A","1994",3800,
"PRT","WASTEMUN","TOT","THND_TONNE","A","1995",3884,
"PRT","WASTEMUN","TOT","THND_TONNE","A","1996",4003,
"PRT","WASTEMUN","TOT","THND_TONNE","A","1997",4080,
"PRT","WASTEMUN","TOT","THND_TONNE","A","1998",4275,
"PRT","WASTEMUN","TOT","THND_TONNE","A","1999",4363.6,
"PRT","WASTEMUN","TOT","THND_TONNE","A","2000",4531.2,
"PRT","WASTEMUN","TOT","THND_TONNE","A","2001",4500.7,
"PRT","WASTEMUN","TOT","THND_TONNE","A","2002",4595.15,
"PRT","WASTEMUN","TOT","THND_TONNE","A","2003",4692.78,
"PRT","WASTEMUN","TOT","THND_TONNE","A","2004",4665.19,
"PRT","WASTEMUN","TOT","THND_TONNE","A","2005",4745.18,
"PRT","WASTEMUN","TOT","THND_TONNE","A","2006",4898.08,
"PRT","WASTEMUN","TOT","THND_TONNE","A","2007",4967.27,
"PRT","WASTEMUN","TOT","THND_TONNE","A","2008",5471.84,
"PRT","WASTEMUN","TOT","THND_TONNE","A","2009",5496.27,
"PRT","WASTEMUN","TOT","THND_TONNE","A","2010",5457.14,
"PRT","WASTEMUN","TOT","THND_TONNE","A","2011",5177.78,
"PRT","WASTEMUN","TOT","THND_TONNE","A","2012",4765.92,
"PRT","WASTEMUN","TOT","THND_TONNE","A","2013",4597.94,
"PRT","WASTEMUN","TOT","THND_TONNE","A","2014",4710.46,
"PRT","WASTEMUN","TOT","KG_CAP","A","1980",202.738,
"PRT","WASTEMUN","TOT","KG_CAP","A","1990",300.504,
"PRT","WASTEMUN","TOT","KG_CAP","A","1992",328.561,
"PRT","WASTEMUN","TOT","KG_CAP","A","1993",357.563,
"PRT","WASTEMUN","TOT","KG_CAP","A","1994",380.323,
"PRT","WASTEMUN","TOT","KG_CAP","A","1995",387.386,
"PRT","WASTEMUN","TOT","KG_CAP","A","1996",397.757,
"PRT","WASTEMUN","TOT","KG_CAP","A","1997",403.602,
"PRT","WASTEMUN","TOT","KG_CAP","A","1998",420.76,
"PRT","WASTEMUN","TOT","KG_CAP","A","1999",427.058,
"PRT","WASTEMUN","TOT","KG_CAP","A","2000",440.355,
"PRT","WASTEMUN","TOT","KG_CAP","A","2001",434.316,
"PRT","WASTEMUN","TOT","KG_CAP","A","2002",441.009,
"PRT","WASTEMUN","TOT","KG_CAP","A","2003",448.691,
"PRT","WASTEMUN","TOT","KG_CAP","A","2004",444.988,
"PRT","WASTEMUN","TOT","KG_CAP","A","2005",451.779,
"PRT","WASTEMUN","TOT","KG_CAP","A","2006",465.496,
"PRT","WASTEMUN","TOT","KG_CAP","A","2007",471.146,
"PRT","WASTEMUN","TOT","KG_CAP","A","2008",518.256,
"PRT","WASTEMUN","TOT","KG_CAP","A","2009",520.074,
"PRT","WASTEMUN","TOT","KG_CAP","A","2010",516.134,
"PRT","WASTEMUN","TOT","KG_CAP","A","2011",490.433,
"PRT","WASTEMUN","TOT","KG_CAP","A","2012",453.257,
"PRT","WASTEMUN","TOT","KG_CAP","A","2013",439.688,
"PRT","WASTEMUN","TOT","KG_CAP","A","2014",452.119,
"SVK","WASTEMUN","TOT","THND_TONNE","A","1987",1901,
"SVK","WASTEMUN","TOT","THND_TONNE","A","1992",1600,
"SVK","WASTEMUN","TOT","THND_TONNE","A","1993",1600,
"SVK","WASTEMUN","TOT","THND_TONNE","A","1994",1600,
"SVK","WASTEMUN","TOT","THND_TONNE","A","1995",1620,
"SVK","WASTEMUN","TOT","THND_TONNE","A","1996",1685.964,
"SVK","WASTEMUN","TOT","THND_TONNE","A","1997",1775.767,
"SVK","WASTEMUN","TOT","THND_TONNE","A","1998",1739.975,
"SVK","WASTEMUN","TOT","THND_TONNE","A","1999",1731.099,
"SVK","WASTEMUN","TOT","THND_TONNE","A","2000",1706.722,
"SVK","WASTEMUN","TOT","THND_TONNE","A","2002",1449.114,"B"
"SVK","WASTEMUN","TOT","THND_TONNE","A","2003",1511.241,
"SVK","WASTEMUN","TOT","THND_TONNE","A","2004",1400.032,
"SVK","WASTEMUN","TOT","THND_TONNE","A","2005",1467.766,
"SVK","WASTEMUN","TOT","THND_TONNE","A","2006",1523.988,
"SVK","WASTEMUN","TOT","THND_TONNE","A","2007",1579.061,
"SVK","WASTEMUN","TOT","THND_TONNE","A","2008",1685.533,
"SVK","WASTEMUN","TOT","THND_TONNE","A","2009",1654.347,
"SVK","WASTEMUN","TOT","THND_TONNE","A","2010",1719.01,
"SVK","WASTEMUN","TOT","THND_TONNE","A","2011",1678.92,
"SVK","WASTEMUN","TOT","THND_TONNE","A","2012",1656.57,
"SVK","WASTEMUN","TOT","THND_TONNE","A","2013",1644.64,
"SVK","WASTEMUN","TOT","THND_TONNE","A","2014",1732.99,
"SVK","WASTEMUN","TOT","THND_TONNE","A","2015",1784.18,
"SVK","WASTEMUN","TOT","KG_CAP","A","1987",363.979,
"SVK","WASTEMUN","TOT","KG_CAP","A","1992",301.602,
"SVK","WASTEMUN","TOT","KG_CAP","A","1993",300.452,
"SVK","WASTEMUN","TOT","KG_CAP","A","1994",299.271,
"SVK","WASTEMUN","TOT","KG_CAP","A","1995",302.126,
"SVK","WASTEMUN","TOT","KG_CAP","A","1996",313.764,
"SVK","WASTEMUN","TOT","KG_CAP","A","1997",329.867,
"SVK","WASTEMUN","TOT","KG_CAP","A","1998",322.785,
"SVK","WASTEMUN","TOT","KG_CAP","A","1999",320.811,
"SVK","WASTEMUN","TOT","KG_CAP","A","2000",316.721,
"SVK","WASTEMUN","TOT","KG_CAP","A","2002",269.507,"B"
"SVK","WASTEMUN","TOT","KG_CAP","A","2003",281.247,
"SVK","WASTEMUN","TOT","KG_CAP","A","2004",260.603,
"SVK","WASTEMUN","TOT","KG_CAP","A","2005",273.185,
"SVK","WASTEMUN","TOT","KG_CAP","A","2006",283.636,
"SVK","WASTEMUN","TOT","KG_CAP","A","2007",293.8,
"SVK","WASTEMUN","TOT","KG_CAP","A","2008",313.341,
"SVK","WASTEMUN","TOT","KG_CAP","A","2009",307.134,
"SVK","WASTEMUN","TOT","KG_CAP","A","2010",318.842,
"SVK","WASTEMUN","TOT","KG_CAP","A","2011",311.004,
"SVK","WASTEMUN","TOT","KG_CAP","A","2012",306.343,
"SVK","WASTEMUN","TOT","KG_CAP","A","2013",303.666,
"SVK","WASTEMUN","TOT","KG_CAP","A","2014",319.978,
"SVK","WASTEMUN","TOT","KG_CAP","A","2015",329.376,
"ESP","WASTEMUN","TOT","THND_TONNE","A","1995",18731.763,"E"
"ESP","WASTEMUN","TOT","THND_TONNE","A","1996",19710.711,"E"
"ESP","WASTEMUN","TOT","THND_TONNE","A","1997",20689.286,"E"
"ESP","WASTEMUN","TOT","THND_TONNE","A","1998",20921.613,"E"
"ESP","WASTEMUN","TOT","THND_TONNE","A","1999",22831.552,"E"
"ESP","WASTEMUN","TOT","THND_TONNE","A","2000",24730.284,"E"
"ESP","WASTEMUN","TOT","THND_TONNE","A","2001",24833.764,"E"
"ESP","WASTEMUN","TOT","THND_TONNE","A","2002",26404,
"ESP","WASTEMUN","TOT","THND_TONNE","A","2003",27270,
"ESP","WASTEMUN","TOT","THND_TONNE","A","2004",25746,
"ESP","WASTEMUN","TOT","THND_TONNE","A","2005",25683,
"ESP","WASTEMUN","TOT","THND_TONNE","A","2006",26209.19,
"ESP","WASTEMUN","TOT","THND_TONNE","A","2007",26153.99,
"ESP","WASTEMUN","TOT","THND_TONNE","A","2008",25316.94,
"ESP","WASTEMUN","TOT","THND_TONNE","A","2009",25107.98,
"ESP","WASTEMUN","TOT","THND_TONNE","A","2010",23774.42,
"ESP","WASTEMUN","TOT","THND_TONNE","A","2011",22672.41,
"ESP","WASTEMUN","TOT","THND_TONNE","A","2012",21896.34,
"ESP","WASTEMUN","TOT","THND_TONNE","A","2013",21184.2,
"ESP","WASTEMUN","TOT","THND_TONNE","A","2014",20836.4,
"ESP","WASTEMUN","TOT","THND_TONNE","A","2015",20151.3,
"ESP","WASTEMUN","TOT","KG_CAP","A","1995",471.608,"E"
"ESP","WASTEMUN","TOT","KG_CAP","A","1996",494.198,"E"
"ESP","WASTEMUN","TOT","KG_CAP","A","1997",516.587,"E"
"ESP","WASTEMUN","TOT","KG_CAP","A","1998",520.256,"E"
"ESP","WASTEMUN","TOT","KG_CAP","A","1999",565.562,"E"
"ESP","WASTEMUN","TOT","KG_CAP","A","2000",609.805,"E"
"ESP","WASTEMUN","TOT","KG_CAP","A","2001",609.178,"E"
"ESP","WASTEMUN","TOT","KG_CAP","A","2002",637.416,
"ESP","WASTEMUN","TOT","KG_CAP","A","2003",646.266,
"ESP","WASTEMUN","TOT","KG_CAP","A","2004",600.712,
"ESP","WASTEMUN","TOT","KG_CAP","A","2005",588.215,
"ESP","WASTEMUN","TOT","KG_CAP","A","2006",590.822,
"ESP","WASTEMUN","TOT","KG_CAP","A","2007",578.168,
"ESP","WASTEMUN","TOT","KG_CAP","A","2008",550.57,
"ESP","WASTEMUN","TOT","KG_CAP","A","2009",541.499,
"ESP","WASTEMUN","TOT","KG_CAP","A","2010",510.592,
"ESP","WASTEMUN","TOT","KG_CAP","A","2011",485.114,
"ESP","WASTEMUN","TOT","KG_CAP","A","2012",468.207,
"ESP","WASTEMUN","TOT","KG_CAP","A","2013",454.663,
"ESP","WASTEMUN","TOT","KG_CAP","A","2014",448.441,
"ESP","WASTEMUN","TOT","KG_CAP","A","2015",434.267,
"SWE","WASTEMUN","TOT","THND_TONNE","A","1975",2400,
"SWE","WASTEMUN","TOT","THND_TONNE","A","1980",2510,
"SWE","WASTEMUN","TOT","THND_TONNE","A","1985",2650,
"SWE","WASTEMUN","TOT","THND_TONNE","A","1990",3200,
"SWE","WASTEMUN","TOT","THND_TONNE","A","1994",3507,
"SWE","WASTEMUN","TOT","THND_TONNE","A","1995",3405,
"SWE","WASTEMUN","TOT","THND_TONNE","A","1996",3458,
"SWE","WASTEMUN","TOT","THND_TONNE","A","1997",3678,
"SWE","WASTEMUN","TOT","THND_TONNE","A","1998",3869,
"SWE","WASTEMUN","TOT","THND_TONNE","A","1999",3794,
"SWE","WASTEMUN","TOT","THND_TONNE","A","2000",3793,
"SWE","WASTEMUN","TOT","THND_TONNE","A","2001",3907.2,
"SWE","WASTEMUN","TOT","THND_TONNE","A","2002",4149,
"SWE","WASTEMUN","TOT","THND_TONNE","A","2003",4155.6,
"SWE","WASTEMUN","TOT","THND_TONNE","A","2004",4134.45,
"SWE","WASTEMUN","TOT","THND_TONNE","A","2005",4305.75,
"SWE","WASTEMUN","TOT","THND_TONNE","A","2006",4446.68,
"SWE","WASTEMUN","TOT","THND_TONNE","A","2007",4442.47,
"SWE","WASTEMUN","TOT","THND_TONNE","A","2008",4454.59,
"SWE","WASTEMUN","TOT","THND_TONNE","A","2009",4365.72,
"SWE","WASTEMUN","TOT","THND_TONNE","A","2010",4115.09,
"SWE","WASTEMUN","TOT","THND_TONNE","A","2011",4246.24,
"SWE","WASTEMUN","TOT","THND_TONNE","A","2012",4285.09,
"SWE","WASTEMUN","TOT","THND_TONNE","A","2013",4326.07,
"SWE","WASTEMUN","TOT","THND_TONNE","A","2014",4246.28,
"SWE","WASTEMUN","TOT","THND_TONNE","A","2015",4376.53,
"SWE","WASTEMUN","TOT","KG_CAP","A","1975",292.953,
"SWE","WASTEMUN","TOT","KG_CAP","A","1980",302.027,
"SWE","WASTEMUN","TOT","KG_CAP","A","1985",317.351,
"SWE","WASTEMUN","TOT","KG_CAP","A","1990",373.883,
"SWE","WASTEMUN","TOT","KG_CAP","A","1994",399.397,
"SWE","WASTEMUN","TOT","KG_CAP","A","1995",385.751,
"SWE","WASTEMUN","TOT","KG_CAP","A","1996",391.133,
"SWE","WASTEMUN","TOT","KG_CAP","A","1997",415.778,
"SWE","WASTEMUN","TOT","KG_CAP","A","1998",437.127,
"SWE","WASTEMUN","TOT","KG_CAP","A","1999",428.32,
"SWE","WASTEMUN","TOT","KG_CAP","A","2000",427.52,
"SWE","WASTEMUN","TOT","KG_CAP","A","2001",439.211,
"SWE","WASTEMUN","TOT","KG_CAP","A","2002",464.876,
"SWE","WASTEMUN","TOT","KG_CAP","A","2003",463.887,
"SWE","WASTEMUN","TOT","KG_CAP","A","2004",459.714,
"SWE","WASTEMUN","TOT","KG_CAP","A","2005",476.85,
"SWE","WASTEMUN","TOT","KG_CAP","A","2006",489.696,
"SWE","WASTEMUN","TOT","KG_CAP","A","2007",485.617,
"SWE","WASTEMUN","TOT","KG_CAP","A","2008",483.164,
"SWE","WASTEMUN","TOT","KG_CAP","A","2009",469.507,
"SWE","WASTEMUN","TOT","KG_CAP","A","2010",438.797,
"SWE","WASTEMUN","TOT","KG_CAP","A","2011",449.375,
"SWE","WASTEMUN","TOT","KG_CAP","A","2012",450.144,
"SWE","WASTEMUN","TOT","KG_CAP","A","2013",450.163,
"SWE","WASTEMUN","TOT","KG_CAP","A","2014",437.851,
"SWE","WASTEMUN","TOT","KG_CAP","A","2015",446.63,
"CHE","WASTEMUN","TOT","THND_TONNE","A","1980",2832,
"CHE","WASTEMUN","TOT","THND_TONNE","A","1985",3408,
"CHE","WASTEMUN","TOT","THND_TONNE","A","1986",3569.1,
"CHE","WASTEMUN","TOT","THND_TONNE","A","1987",3715,
"CHE","WASTEMUN","TOT","THND_TONNE","A","1988",3891.1,
"CHE","WASTEMUN","TOT","THND_TONNE","A","1989",4062.4,
"CHE","WASTEMUN","TOT","THND_TONNE","A","1990",4101,
"CHE","WASTEMUN","TOT","THND_TONNE","A","1991",4131.2,
"CHE","WASTEMUN","TOT","THND_TONNE","A","1992",4096.7,
"CHE","WASTEMUN","TOT","THND_TONNE","A","1993",4140.2,
"CHE","WASTEMUN","TOT","THND_TONNE","A","1994",4161.5,
"CHE","WASTEMUN","TOT","THND_TONNE","A","1995",4240,
"CHE","WASTEMUN","TOT","THND_TONNE","A","1996",4280,
"CHE","WASTEMUN","TOT","THND_TONNE","A","1997",4294.4,
"CHE","WASTEMUN","TOT","THND_TONNE","A","1998",4369.4,
"CHE","WASTEMUN","TOT","THND_TONNE","A","1999",4555.2,
"CHE","WASTEMUN","TOT","THND_TONNE","A","2000",4731,
"CHE","WASTEMUN","TOT","THND_TONNE","A","2001",4794,
"CHE","WASTEMUN","TOT","THND_TONNE","A","2002",4936,
"CHE","WASTEMUN","TOT","THND_TONNE","A","2003",4916,
"CHE","WASTEMUN","TOT","THND_TONNE","A","2004",4900,
"CHE","WASTEMUN","TOT","THND_TONNE","A","2005",4940,
"CHE","WASTEMUN","TOT","THND_TONNE","A","2006",5330,
"CHE","WASTEMUN","TOT","THND_TONNE","A","2007",5465,
"CHE","WASTEMUN","TOT","THND_TONNE","A","2008",5653,
"CHE","WASTEMUN","TOT","THND_TONNE","A","2009",5461,
"CHE","WASTEMUN","TOT","THND_TONNE","A","2010",5565,
"CHE","WASTEMUN","TOT","THND_TONNE","A","2011",5478,
"CHE","WASTEMUN","TOT","THND_TONNE","A","2012",5576,
"CHE","WASTEMUN","TOT","THND_TONNE","A","2013",5708,
"CHE","WASTEMUN","TOT","THND_TONNE","A","2014",6006,
"CHE","WASTEMUN","TOT","THND_TONNE","A","2015",6030,
"CHE","WASTEMUN","TOT","KG_CAP","A","1980",448.143,
"CHE","WASTEMUN","TOT","KG_CAP","A","1985",526.709,
"CHE","WASTEMUN","TOT","KG_CAP","A","1986",548.744,
"CHE","WASTEMUN","TOT","KG_CAP","A","1987",567.6,
"CHE","WASTEMUN","TOT","KG_CAP","A","1988",590.152,
"CHE","WASTEMUN","TOT","KG_CAP","A","1989",611.171,
"CHE","WASTEMUN","TOT","KG_CAP","A","1990",610.97,
"CHE","WASTEMUN","TOT","KG_CAP","A","1991",607.531,
"CHE","WASTEMUN","TOT","KG_CAP","A","1992",595.852,
"CHE","WASTEMUN","TOT","KG_CAP","A","1993",596.72,
"CHE","WASTEMUN","TOT","KG_CAP","A","1994",595.027,
"CHE","WASTEMUN","TOT","KG_CAP","A","1995",602.214,
"CHE","WASTEMUN","TOT","KG_CAP","A","1996",605.216,
"CHE","WASTEMUN","TOT","KG_CAP","A","1997",605.792,
"CHE","WASTEMUN","TOT","KG_CAP","A","1998",614.543,
"CHE","WASTEMUN","TOT","KG_CAP","A","1999",637.627,
"CHE","WASTEMUN","TOT","KG_CAP","A","2000",658.524,
"CHE","WASTEMUN","TOT","KG_CAP","A","2001",663.378,
"CHE","WASTEMUN","TOT","KG_CAP","A","2002",677.58,
"CHE","WASTEMUN","TOT","KG_CAP","A","2003",669.846,
"CHE","WASTEMUN","TOT","KG_CAP","A","2004",663.092,
"CHE","WASTEMUN","TOT","KG_CAP","A","2005",664.236,
"CHE","WASTEMUN","TOT","KG_CAP","A","2006",712.192,
"CHE","WASTEMUN","TOT","KG_CAP","A","2007",723.734,
"CHE","WASTEMUN","TOT","KG_CAP","A","2008",739.179,
"CHE","WASTEMUN","TOT","KG_CAP","A","2009",705.206,
"CHE","WASTEMUN","TOT","KG_CAP","A","2010",710.912,
"CHE","WASTEMUN","TOT","KG_CAP","A","2011",692.331,
"CHE","WASTEMUN","TOT","KG_CAP","A","2012",700.924,
"CHE","WASTEMUN","TOT","KG_CAP","A","2013",711.903,
"CHE","WASTEMUN","TOT","KG_CAP","A","2014",743.784,
"CHE","WASTEMUN","TOT","KG_CAP","A","2015",741.815,
"TUR","WASTEMUN","TOT","THND_TONNE","A","1975",10000,
"TUR","WASTEMUN","TOT","THND_TONNE","A","1980",12000,
"TUR","WASTEMUN","TOT","THND_TONNE","A","1985",18000,
"TUR","WASTEMUN","TOT","THND_TONNE","A","1989",19500,
"TUR","WASTEMUN","TOT","THND_TONNE","A","1991",22315,
"TUR","WASTEMUN","TOT","THND_TONNE","A","1994",23448,
"TUR","WASTEMUN","TOT","THND_TONNE","A","1995",27234.13,
"TUR","WASTEMUN","TOT","THND_TONNE","A","1996",29347.98,
"TUR","WASTEMUN","TOT","THND_TONNE","A","1997",31943.77,
"TUR","WASTEMUN","TOT","THND_TONNE","A","1998",32972.89,
"TUR","WASTEMUN","TOT","THND_TONNE","A","1999",30470.03,
"TUR","WASTEMUN","TOT","THND_TONNE","A","2000",30617,
"TUR","WASTEMUN","TOT","THND_TONNE","A","2001",31030.87,
"TUR","WASTEMUN","TOT","THND_TONNE","A","2002",30999.26,
"TUR","WASTEMUN","TOT","THND_TONNE","A","2003",31081.37,
"TUR","WASTEMUN","TOT","THND_TONNE","A","2004",29736.19,"B"
"TUR","WASTEMUN","TOT","THND_TONNE","A","2005",31351.87,
"TUR","WASTEMUN","TOT","THND_TONNE","A","2006",30081.82,
"TUR","WASTEMUN","TOT","THND_TONNE","A","2007",30365.59,
"TUR","WASTEMUN","TOT","THND_TONNE","A","2008",28454,
"TUR","WASTEMUN","TOT","THND_TONNE","A","2009",30196,
"TUR","WASTEMUN","TOT","THND_TONNE","A","2010",29733,
"TUR","WASTEMUN","TOT","THND_TONNE","A","2011",30862,
"TUR","WASTEMUN","TOT","THND_TONNE","A","2012",30786,
"TUR","WASTEMUN","TOT","THND_TONNE","A","2013",30920,
"TUR","WASTEMUN","TOT","THND_TONNE","A","2014",31230,
"TUR","WASTEMUN","TOT","THND_TONNE","A","2015",31283,
"TUR","WASTEMUN","TOT","KG_CAP","A","1975",249.838,
"TUR","WASTEMUN","TOT","KG_CAP","A","1980",270.033,
"TUR","WASTEMUN","TOT","KG_CAP","A","1985",357.803,
"TUR","WASTEMUN","TOT","KG_CAP","A","1989",359.832,
"TUR","WASTEMUN","TOT","KG_CAP","A","1991",398.091,
"TUR","WASTEMUN","TOT","KG_CAP","A","1994",398.525,
"TUR","WASTEMUN","TOT","KG_CAP","A","1995",455.756,
"TUR","WASTEMUN","TOT","KG_CAP","A","1996",483.723,
"TUR","WASTEMUN","TOT","KG_CAP","A","1997",518.719,
"TUR","WASTEMUN","TOT","KG_CAP","A","1998",527.87,
"TUR","WASTEMUN","TOT","KG_CAP","A","1999",480.873,
"TUR","WASTEMUN","TOT","KG_CAP","A","2000",476.39,
"TUR","WASTEMUN","TOT","KG_CAP","A","2001",476.18,
"TUR","WASTEMUN","TOT","KG_CAP","A","2002",469.668,
"TUR","WASTEMUN","TOT","KG_CAP","A","2003",465.328,
"TUR","WASTEMUN","TOT","KG_CAP","A","2004",439.893,"B"
"TUR","WASTEMUN","TOT","KG_CAP","A","2005",458.124,
"TUR","WASTEMUN","TOT","KG_CAP","A","2006",434.111,
"TUR","WASTEMUN","TOT","KG_CAP","A","2007",432.817,
"TUR","WASTEMUN","TOT","KG_CAP","A","2008",400.469,
"TUR","WASTEMUN","TOT","KG_CAP","A","2009",419.161,
"TUR","WASTEMUN","TOT","KG_CAP","A","2010",406.51,
"TUR","WASTEMUN","TOT","KG_CAP","A","2011",415.797,
"TUR","WASTEMUN","TOT","KG_CAP","A","2012",409.52,
"TUR","WASTEMUN","TOT","KG_CAP","A","2013",406.55,
"TUR","WASTEMUN","TOT","KG_CAP","A","2014",406.097,
"TUR","WASTEMUN","TOT","KG_CAP","A","2015",402.417,
"GBR","WASTEMUN","TOT","THND_TONNE","A","1990",27100,
"GBR","WASTEMUN","TOT","THND_TONNE","A","1995",28900,
"GBR","WASTEMUN","TOT","THND_TONNE","A","1996",29750,
"GBR","WASTEMUN","TOT","THND_TONNE","A","1997",31042,
"GBR","WASTEMUN","TOT","THND_TONNE","A","1998",31697,
"GBR","WASTEMUN","TOT","THND_TONNE","A","1999",33392,
"GBR","WASTEMUN","TOT","THND_TONNE","A","2000",33954,
"GBR","WASTEMUN","TOT","THND_TONNE","A","2001",34945,
"GBR","WASTEMUN","TOT","THND_TONNE","A","2002",35532,
"GBR","WASTEMUN","TOT","THND_TONNE","A","2003",35279,
"GBR","WASTEMUN","TOT","THND_TONNE","A","2004",36121,
"GBR","WASTEMUN","TOT","THND_TONNE","A","2005",35121,
"GBR","WASTEMUN","TOT","THND_TONNE","A","2006",35479,
"GBR","WASTEMUN","TOT","THND_TONNE","A","2007",34780,
"GBR","WASTEMUN","TOT","THND_TONNE","A","2008",33424,
"GBR","WASTEMUN","TOT","THND_TONNE","A","2009",32507.45,
"GBR","WASTEMUN","TOT","THND_TONNE","A","2010",31954.51,
"GBR","WASTEMUN","TOT","THND_TONNE","A","2011",31066.06,
"GBR","WASTEMUN","TOT","THND_TONNE","A","2012",30413.35,
"GBR","WASTEMUN","TOT","THND_TONNE","A","2013",30890.25,
"GBR","WASTEMUN","TOT","THND_TONNE","A","2014",31130.99,
"GBR","WASTEMUN","TOT","THND_TONNE","A","2015",31567.33,
"GBR","WASTEMUN","TOT","KG_CAP","A","1990",473.462,
"GBR","WASTEMUN","TOT","KG_CAP","A","1995",498.07,
"GBR","WASTEMUN","TOT","KG_CAP","A","1996",511.476,
"GBR","WASTEMUN","TOT","KG_CAP","A","1997",532.316,
"GBR","WASTEMUN","TOT","KG_CAP","A","1998",542.051,
"GBR","WASTEMUN","TOT","KG_CAP","A","1999",569.004,
"GBR","WASTEMUN","TOT","KG_CAP","A","2000",576.586,
"GBR","WASTEMUN","TOT","KG_CAP","A","2001",591.136,
"GBR","WASTEMUN","TOT","KG_CAP","A","2002",606.663,
"GBR","WASTEMUN","TOT","KG_CAP","A","2003",599.586,
"GBR","WASTEMUN","TOT","KG_CAP","A","2004",610.677,
"GBR","WASTEMUN","TOT","KG_CAP","A","2005",589.367,
"GBR","WASTEMUN","TOT","KG_CAP","A","2006",591.291,
"GBR","WASTEMUN","TOT","KG_CAP","A","2007",575.049,
"GBR","WASTEMUN","TOT","KG_CAP","A","2008",548.093,
"GBR","WASTEMUN","TOT","KG_CAP","A","2009",529.233,
"GBR","WASTEMUN","TOT","KG_CAP","A","2010",516.106,
"GBR","WASTEMUN","TOT","KG_CAP","A","2011",497.573,
"GBR","WASTEMUN","TOT","KG_CAP","A","2012",483.836,
"GBR","WASTEMUN","TOT","KG_CAP","A","2013",488.477,
"GBR","WASTEMUN","TOT","KG_CAP","A","2014",489.096,
"GBR","WASTEMUN","TOT","KG_CAP","A","2015",489.175,
"USA","WASTEMUN","TOT","THND_TONNE","A","1975",116212.32,
"USA","WASTEMUN","TOT","THND_TONNE","A","1980",137565,
"USA","WASTEMUN","TOT","THND_TONNE","A","1988",162933,
"USA","WASTEMUN","TOT","THND_TONNE","A","1990",188939,
"USA","WASTEMUN","TOT","THND_TONNE","A","1991",188449,
"USA","WASTEMUN","TOT","THND_TONNE","A","1992",194990,
"USA","WASTEMUN","TOT","THND_TONNE","A","1993",197748,
"USA","WASTEMUN","TOT","THND_TONNE","A","1994",200742,
"USA","WASTEMUN","TOT","THND_TONNE","A","1995",197113,
"USA","WASTEMUN","TOT","THND_TONNE","A","1996",195943,
"USA","WASTEMUN","TOT","THND_TONNE","A","1997",202393,
"USA","WASTEMUN","TOT","THND_TONNE","A","1998",206040,
"USA","WASTEMUN","TOT","THND_TONNE","A","1999",213080,
"USA","WASTEMUN","TOT","THND_TONNE","A","2000",220854,
"USA","WASTEMUN","TOT","THND_TONNE","A","2001",218450,
"USA","WASTEMUN","TOT","THND_TONNE","A","2002",222560,
"USA","WASTEMUN","TOT","THND_TONNE","A","2003",223548,
"USA","WASTEMUN","TOT","THND_TONNE","A","2004",230534,
"USA","WASTEMUN","TOT","THND_TONNE","A","2005",230180,
"USA","WASTEMUN","TOT","THND_TONNE","A","2006",233237,
"USA","WASTEMUN","TOT","THND_TONNE","A","2007",232693,
"USA","WASTEMUN","TOT","THND_TONNE","A","2008",229200,
"USA","WASTEMUN","TOT","THND_TONNE","A","2009",222188,
"USA","WASTEMUN","TOT","THND_TONNE","A","2010",227749,
"USA","WASTEMUN","TOT","THND_TONNE","A","2011",227876,
"USA","WASTEMUN","TOT","THND_TONNE","A","2012",228465,
"USA","WASTEMUN","TOT","THND_TONNE","A","2013",231350,
"USA","WASTEMUN","TOT","THND_TONNE","A","2014",234471,
"USA","WASTEMUN","TOT","KG_CAP","A","1975",538.087,
"USA","WASTEMUN","TOT","KG_CAP","A","1980",605.414,
"USA","WASTEMUN","TOT","KG_CAP","A","1988",666.395,
"USA","WASTEMUN","TOT","KG_CAP","A","1990",756.898,
"USA","WASTEMUN","TOT","KG_CAP","A","1991",744.914,
"USA","WASTEMUN","TOT","KG_CAP","A","1992",760.153,
"USA","WASTEMUN","TOT","KG_CAP","A","1993",760.807,
"USA","WASTEMUN","TOT","KG_CAP","A","1994",762.913,
"USA","WASTEMUN","TOT","KG_CAP","A","1995",740.252,
"USA","WASTEMUN","TOT","KG_CAP","A","1996",727.346,
"USA","WASTEMUN","TOT","KG_CAP","A","1997",742.326,
"USA","WASTEMUN","TOT","KG_CAP","A","1998",746.917,
"USA","WASTEMUN","TOT","KG_CAP","A","1999",763.618,
"USA","WASTEMUN","TOT","KG_CAP","A","2000",782.719,
"USA","WASTEMUN","TOT","KG_CAP","A","2001",766.575,
"USA","WASTEMUN","TOT","KG_CAP","A","2002",773.785,
"USA","WASTEMUN","TOT","KG_CAP","A","2003",770.568,
"USA","WASTEMUN","TOT","KG_CAP","A","2004",787.329,
"USA","WASTEMUN","TOT","KG_CAP","A","2005",778.907,
"USA","WASTEMUN","TOT","KG_CAP","A","2006",781.678,
"USA","WASTEMUN","TOT","KG_CAP","A","2007",772.473,
"USA","WASTEMUN","TOT","KG_CAP","A","2008",753.714,
"USA","WASTEMUN","TOT","KG_CAP","A","2009",724.278,
"USA","WASTEMUN","TOT","KG_CAP","A","2010",736.225,
"USA","WASTEMUN","TOT","KG_CAP","A","2011",731.024,
"USA","WASTEMUN","TOT","KG_CAP","A","2012",727.336,
"USA","WASTEMUN","TOT","KG_CAP","A","2013",730.969,
"USA","WASTEMUN","TOT","KG_CAP","A","2014",735.348,
"BRA","WASTEMUN","TOT","THND_TONNE","A","2000",57563,
"BRA","WASTEMUN","TOT","THND_TONNE","A","2001",55677,
"BRA","WASTEMUN","TOT","THND_TONNE","A","2002",56524,
"BRA","WASTEMUN","TOT","THND_TONNE","A","2003",57587,
"BRA","WASTEMUN","TOT","THND_TONNE","A","2004",59214,
"BRA","WASTEMUN","TOT","THND_TONNE","A","2005",60142,
"BRA","WASTEMUN","TOT","THND_TONNE","A","2007",51432,
"BRA","WASTEMUN","TOT","THND_TONNE","A","2009",53000,
"BRA","WASTEMUN","TOT","THND_TONNE","A","2010",53000,
"BRA","WASTEMUN","TOT","THND_TONNE","A","2011",53000,
"BRA","WASTEMUN","TOT","THND_TONNE","A","2012",57900,
"CHL","WASTEMUN","TOT","THND_TONNE","A","2000",4520.3,
"CHL","WASTEMUN","TOT","THND_TONNE","A","2001",4514.7,
"CHL","WASTEMUN","TOT","THND_TONNE","A","2002",4647.1,
"CHL","WASTEMUN","TOT","THND_TONNE","A","2003",4802.3,
"CHL","WASTEMUN","TOT","THND_TONNE","A","2004",4964.1,
"CHL","WASTEMUN","TOT","THND_TONNE","A","2005",5113.7,
"CHL","WASTEMUN","TOT","THND_TONNE","A","2006",5310.9,
"CHL","WASTEMUN","TOT","THND_TONNE","A","2007",5492.9,
"CHL","WASTEMUN","TOT","THND_TONNE","A","2008",5608,
"CHL","WASTEMUN","TOT","THND_TONNE","A","2009",5779.5,
"CHL","WASTEMUN","TOT","THND_TONNE","A","2010",5935.7,
"CHL","WASTEMUN","TOT","THND_TONNE","A","2011",6142.4,
"CHL","WASTEMUN","TOT","THND_TONNE","A","2014",7416.037,
"CHL","WASTEMUN","TOT","KG_CAP","A","2000",293.568,
"CHL","WASTEMUN","TOT","KG_CAP","A","2001",289.93,
"CHL","WASTEMUN","TOT","KG_CAP","A","2002",295.137,
"CHL","WASTEMUN","TOT","KG_CAP","A","2003",301.662,
"CHL","WASTEMUN","TOT","KG_CAP","A","2004",308.456,
"CHL","WASTEMUN","TOT","KG_CAP","A","2005",314.355,
"CHL","WASTEMUN","TOT","KG_CAP","A","2006",323.192,
"CHL","WASTEMUN","TOT","KG_CAP","A","2007",330.936,
"CHL","WASTEMUN","TOT","KG_CAP","A","2008",334.537,
"CHL","WASTEMUN","TOT","KG_CAP","A","2009",341.399,
"CHL","WASTEMUN","TOT","KG_CAP","A","2010",347.233,
"CHL","WASTEMUN","TOT","KG_CAP","A","2011",356.113,
"CHL","WASTEMUN","TOT","KG_CAP","A","2014",418.725,
"CHN","WASTEMUN","TOT","THND_TONNE","A","1990",67668,
"CHN","WASTEMUN","TOT","THND_TONNE","A","1991",76360,
"CHN","WASTEMUN","TOT","THND_TONNE","A","1992",82620,
"CHN","WASTEMUN","TOT","THND_TONNE","A","1993",87910,
"CHN","WASTEMUN","TOT","THND_TONNE","A","1994",99520,
"CHN","WASTEMUN","TOT","THND_TONNE","A","1995",106710,
"CHN","WASTEMUN","TOT","THND_TONNE","A","1996",108254,
"CHN","WASTEMUN","TOT","THND_TONNE","A","1997",109819,
"CHN","WASTEMUN","TOT","THND_TONNE","A","1998",113018,
"CHN","WASTEMUN","TOT","THND_TONNE","A","1999",114152,
"CHN","WASTEMUN","TOT","THND_TONNE","A","2000",118190,
"CHN","WASTEMUN","TOT","THND_TONNE","A","2001",134700,
"CHN","WASTEMUN","TOT","THND_TONNE","A","2002",136500,
"CHN","WASTEMUN","TOT","THND_TONNE","A","2003",148570,
"CHN","WASTEMUN","TOT","THND_TONNE","A","2004",155090,
"CHN","WASTEMUN","TOT","THND_TONNE","A","2005",155770,
"CHN","WASTEMUN","TOT","THND_TONNE","A","2006",148410,
"CHN","WASTEMUN","TOT","THND_TONNE","A","2007",152150,
"CHN","WASTEMUN","TOT","THND_TONNE","A","2008",154380,
"CHN","WASTEMUN","TOT","THND_TONNE","A","2009",157340,
"CHN","WASTEMUN","TOT","THND_TONNE","A","2010",158048,
"CHN","WASTEMUN","TOT","THND_TONNE","A","2011",163953,
"CHN","WASTEMUN","TOT","THND_TONNE","A","2012",170809,
"EST","WASTEMUN","TOT","THND_TONNE","A","1995",533,
"EST","WASTEMUN","TOT","THND_TONNE","A","1996",565,
"EST","WASTEMUN","TOT","THND_TONNE","A","1997",593,
"EST","WASTEMUN","TOT","THND_TONNE","A","1998",557,
"EST","WASTEMUN","TOT","THND_TONNE","A","1999",569,
"EST","WASTEMUN","TOT","THND_TONNE","A","2000",633,"B"
"EST","WASTEMUN","TOT","THND_TONNE","A","2001",508.53,"B"
"EST","WASTEMUN","TOT","THND_TONNE","A","2002",553.24,
"EST","WASTEMUN","TOT","THND_TONNE","A","2003",566.8,
"EST","WASTEMUN","TOT","THND_TONNE","A","2004",606.2,
"EST","WASTEMUN","TOT","THND_TONNE","A","2005",587.19,
"EST","WASTEMUN","TOT","THND_TONNE","A","2006",536,
"EST","WASTEMUN","TOT","THND_TONNE","A","2007",602,
"EST","WASTEMUN","TOT","THND_TONNE","A","2008",524,
"EST","WASTEMUN","TOT","THND_TONNE","A","2009",452,
"EST","WASTEMUN","TOT","THND_TONNE","A","2010",406,
"EST","WASTEMUN","TOT","THND_TONNE","A","2011",399,
"EST","WASTEMUN","TOT","THND_TONNE","A","2012",371,
"EST","WASTEMUN","TOT","THND_TONNE","A","2013",386.29,
"EST","WASTEMUN","TOT","THND_TONNE","A","2014",469.55,"B"
"EST","WASTEMUN","TOT","THND_TONNE","A","2015",472.55,
"EST","WASTEMUN","TOT","KG_CAP","A","1995",371.007,
"EST","WASTEMUN","TOT","KG_CAP","A","1996",399.127,
"EST","WASTEMUN","TOT","KG_CAP","A","1997",423.714,
"EST","WASTEMUN","TOT","KG_CAP","A","1998",401.832,
"EST","WASTEMUN","TOT","KG_CAP","A","1999",412.135,
"EST","WASTEMUN","TOT","KG_CAP","A","2000",458.916,"B"
"EST","WASTEMUN","TOT","KG_CAP","A","2001",370.243,"B"
"EST","WASTEMUN","TOT","KG_CAP","A","2002",404.562,
"EST","WASTEMUN","TOT","KG_CAP","A","2003",416.287,
"EST","WASTEMUN","TOT","KG_CAP","A","2004",447.001,
"EST","WASTEMUN","TOT","KG_CAP","A","2005",434.561,
"EST","WASTEMUN","TOT","KG_CAP","A","2006",398.208,
"EST","WASTEMUN","TOT","KG_CAP","A","2007",448.476,
"EST","WASTEMUN","TOT","KG_CAP","A","2008",390.969,
"EST","WASTEMUN","TOT","KG_CAP","A","2009",337.693,
"EST","WASTEMUN","TOT","KG_CAP","A","2010",303.691,
"EST","WASTEMUN","TOT","KG_CAP","A","2011",298.889,
"EST","WASTEMUN","TOT","KG_CAP","A","2012",279.095,
"EST","WASTEMUN","TOT","KG_CAP","A","2013",292.605,
"EST","WASTEMUN","TOT","KG_CAP","A","2014",356.866,"B"
"EST","WASTEMUN","TOT","KG_CAP","A","2015",360.311,
"ISR","WASTEMUN","TOT","THND_TONNE","A","2000",3967.58,
"ISR","WASTEMUN","TOT","THND_TONNE","A","2001",3590.481,
"ISR","WASTEMUN","TOT","THND_TONNE","A","2002",3855.364,
"ISR","WASTEMUN","TOT","THND_TONNE","A","2003",3846.939,
"ISR","WASTEMUN","TOT","THND_TONNE","A","2004",3978,
"ISR","WASTEMUN","TOT","THND_TONNE","A","2005",4086,
"ISR","WASTEMUN","TOT","THND_TONNE","A","2006",4227,
"ISR","WASTEMUN","TOT","THND_TONNE","A","2007",4304,
"ISR","WASTEMUN","TOT","THND_TONNE","A","2008",4434,
"ISR","WASTEMUN","TOT","THND_TONNE","A","2009",4550.8,
"ISR","WASTEMUN","TOT","THND_TONNE","A","2010",4623.18,
"ISR","WASTEMUN","TOT","THND_TONNE","A","2011",4745.8,
"ISR","WASTEMUN","TOT","THND_TONNE","A","2012",4837.4,
"ISR","WASTEMUN","TOT","THND_TONNE","A","2013",4906.6,
"ISR","WASTEMUN","TOT","THND_TONNE","A","2014",4999.5,
"ISR","WASTEMUN","TOT","THND_TONNE","A","2015",5126.2,
"ISR","WASTEMUN","TOT","KG_CAP","A","2000",630.866,
"ISR","WASTEMUN","TOT","KG_CAP","A","2001",557.597,
"ISR","WASTEMUN","TOT","KG_CAP","A","2002",586.822,
"ISR","WASTEMUN","TOT","KG_CAP","A","2003",575.037,
"ISR","WASTEMUN","TOT","KG_CAP","A","2004",584.244,
"ISR","WASTEMUN","TOT","KG_CAP","A","2005",589.602,
"ISR","WASTEMUN","TOT","KG_CAP","A","2006",599.277,
"ISR","WASTEMUN","TOT","KG_CAP","A","2007",599.435,
"ISR","WASTEMUN","TOT","KG_CAP","A","2008",606.683,
"ISR","WASTEMUN","TOT","KG_CAP","A","2009",607.957,
"ISR","WASTEMUN","TOT","KG_CAP","A","2010",606.438,
"ISR","WASTEMUN","TOT","KG_CAP","A","2011",611.115,
"ISR","WASTEMUN","TOT","KG_CAP","A","2012",611.524,
"ISR","WASTEMUN","TOT","KG_CAP","A","2013",608.649,
"ISR","WASTEMUN","TOT","KG_CAP","A","2014",610.721,
"ISR","WASTEMUN","TOT","KG_CAP","A","2015",616.377,
"RUS","WASTEMUN","TOT","THND_TONNE","A","1999",50835.65,
"RUS","WASTEMUN","TOT","THND_TONNE","A","2000",51828.63,
"RUS","WASTEMUN","TOT","THND_TONNE","A","2001",51115.2,
"RUS","WASTEMUN","TOT","THND_TONNE","A","2002",54010.5,
"RUS","WASTEMUN","TOT","THND_TONNE","A","2003",55068.43,
"RUS","WASTEMUN","TOT","THND_TONNE","A","2004",57822.48,
"RUS","WASTEMUN","TOT","THND_TONNE","A","2005",57695.05,
"RUS","WASTEMUN","TOT","THND_TONNE","A","2006",60847.25,
"RUS","WASTEMUN","TOT","THND_TONNE","A","2007",62868.18,
"RUS","WASTEMUN","TOT","THND_TONNE","A","2008",64605.13,
"RUS","WASTEMUN","TOT","THND_TONNE","A","2009",66871.68,
"RUS","WASTEMUN","TOT","THND_TONNE","A","2010",69256.63,
"RUS","WASTEMUN","TOT","THND_TONNE","A","2011",69198.28,
"RUS","WASTEMUN","TOT","THND_TONNE","A","2012",80564.33,
"SVN","WASTEMUN","TOT","THND_TONNE","A","1995",1185.93,
"SVN","WASTEMUN","TOT","THND_TONNE","A","1996",1175,
"SVN","WASTEMUN","TOT","THND_TONNE","A","1997",1170,
"SVN","WASTEMUN","TOT","THND_TONNE","A","1998",1158.79,
"SVN","WASTEMUN","TOT","THND_TONNE","A","1999",1090,
"SVN","WASTEMUN","TOT","THND_TONNE","A","2000",1020,
"SVN","WASTEMUN","TOT","THND_TONNE","A","2001",952.68,
"SVN","WASTEMUN","TOT","THND_TONNE","A","2002",812.06,"B"
"SVN","WASTEMUN","TOT","THND_TONNE","A","2003",834.02,
"SVN","WASTEMUN","TOT","THND_TONNE","A","2004",969.21,"B"
"SVN","WASTEMUN","TOT","THND_TONNE","A","2005",988.73,
"SVN","WASTEMUN","TOT","THND_TONNE","A","2006",1036.47,
"SVN","WASTEMUN","TOT","THND_TONNE","A","2007",1060.09,
"SVN","WASTEMUN","TOT","THND_TONNE","A","2008",1094.76,
"SVN","WASTEMUN","TOT","THND_TONNE","A","2009",1069.35,
"SVN","WASTEMUN","TOT","THND_TONNE","A","2010",1003.9,
"SVN","WASTEMUN","TOT","THND_TONNE","A","2011",852.12,
"SVN","WASTEMUN","TOT","THND_TONNE","A","2012",744.01,
"SVN","WASTEMUN","TOT","THND_TONNE","A","2013",853.39,"B"
"SVN","WASTEMUN","TOT","THND_TONNE","A","2014",891.71,
"SVN","WASTEMUN","TOT","THND_TONNE","A","2015",925.94,
"SVN","WASTEMUN","TOT","KG_CAP","A","1995",596.693,
"SVN","WASTEMUN","TOT","KG_CAP","A","1996",590.106,
"SVN","WASTEMUN","TOT","KG_CAP","A","1997",588.872,
"SVN","WASTEMUN","TOT","KG_CAP","A","1998",584.479,
"SVN","WASTEMUN","TOT","KG_CAP","A","1999",548.964,
"SVN","WASTEMUN","TOT","KG_CAP","A","2000",512.493,
"SVN","WASTEMUN","TOT","KG_CAP","A","2001",478.245,
"SVN","WASTEMUN","TOT","KG_CAP","A","2002",406.901,"B"
"SVN","WASTEMUN","TOT","KG_CAP","A","2003",417.684,
"SVN","WASTEMUN","TOT","KG_CAP","A","2004",485.332,"B"
"SVN","WASTEMUN","TOT","KG_CAP","A","2005",494.09,
"SVN","WASTEMUN","TOT","KG_CAP","A","2006",516.038,
"SVN","WASTEMUN","TOT","KG_CAP","A","2007",524.951,
"SVN","WASTEMUN","TOT","KG_CAP","A","2008",541.256,
"SVN","WASTEMUN","TOT","KG_CAP","A","2009",523.592,
"SVN","WASTEMUN","TOT","KG_CAP","A","2010",489.884,
"SVN","WASTEMUN","TOT","KG_CAP","A","2011",415.163,
"SVN","WASTEMUN","TOT","KG_CAP","A","2012",361.826,
"SVN","WASTEMUN","TOT","KG_CAP","A","2013",414.445,"B"
"SVN","WASTEMUN","TOT","KG_CAP","A","2014",432.528,
"SVN","WASTEMUN","TOT","KG_CAP","A","2015",448.069,
"OECD","WASTEMUN","TOT","THND_TONNE","A","1990",538404.75,"E"
"OECD","WASTEMUN","TOT","THND_TONNE","A","1991",548964.88,"E"
"OECD","WASTEMUN","TOT","THND_TONNE","A","1992",567830.81,"E"
"OECD","WASTEMUN","TOT","THND_TONNE","A","1993",577013.88,"E"
"OECD","WASTEMUN","TOT","THND_TONNE","A","1994",582373,"E"
"OECD","WASTEMUN","TOT","THND_TONNE","A","1995",581961.88,"E"
"OECD","WASTEMUN","TOT","THND_TONNE","A","1996",593057.31,"E"
"OECD","WASTEMUN","TOT","THND_TONNE","A","1997",606661.25,"E"
"OECD","WASTEMUN","TOT","THND_TONNE","A","1998",613626.44,"E"
"OECD","WASTEMUN","TOT","THND_TONNE","A","1999",625830.31,"E"
"OECD","WASTEMUN","TOT","THND_TONNE","A","2000",640738.75,"E"
"OECD","WASTEMUN","TOT","THND_TONNE","A","2001",639739.75,"E"
"OECD","WASTEMUN","TOT","THND_TONNE","A","2002",650325.25,"E"
"OECD","WASTEMUN","TOT","THND_TONNE","A","2003",649727.75,"E"
"OECD","WASTEMUN","TOT","THND_TONNE","A","2004",658309.75,"E"
"OECD","WASTEMUN","TOT","THND_TONNE","A","2005",662449.56,"E"
"OECD","WASTEMUN","TOT","THND_TONNE","A","2006",669321.75,"E"
"OECD","WASTEMUN","TOT","THND_TONNE","A","2007",672113.06,"E"
"OECD","WASTEMUN","TOT","THND_TONNE","A","2008",664877.31,"E"
"OECD","WASTEMUN","TOT","THND_TONNE","A","2009",655144.19,"E"
"OECD","WASTEMUN","TOT","THND_TONNE","A","2010",659326.06,"E"
"OECD","WASTEMUN","TOT","THND_TONNE","A","2011",660314.44,"E"
"OECD","WASTEMUN","TOT","THND_TONNE","A","2012",656713.06,"E"
"OECD","WASTEMUN","TOT","THND_TONNE","A","2013",654362.38,"E"
"OECD","WASTEMUN","TOT","THND_TONNE","A","2014",653802,"E"
"OECD","WASTEMUN","TOT","THND_TONNE","A","2015",662725.13,"E"
"OECD","WASTEMUN","TOT","KG_CAP","A","1990",502.863,"E"
"OECD","WASTEMUN","TOT","KG_CAP","A","1991",508.146,"E"
"OECD","WASTEMUN","TOT","KG_CAP","A","1992",520.699,"E"
"OECD","WASTEMUN","TOT","KG_CAP","A","1993",524.74,"E"
"OECD","WASTEMUN","TOT","KG_CAP","A","1994",525.55,"E"
"OECD","WASTEMUN","TOT","KG_CAP","A","1995",521.115,"E"
"OECD","WASTEMUN","TOT","KG_CAP","A","1996",527.204,"E"
"OECD","WASTEMUN","TOT","KG_CAP","A","1997",535.458,"E"
"OECD","WASTEMUN","TOT","KG_CAP","A","1998",537.927,"E"
"OECD","WASTEMUN","TOT","KG_CAP","A","1999",544.941,"E"
"OECD","WASTEMUN","TOT","KG_CAP","A","2000",554.052,"E"
"OECD","WASTEMUN","TOT","KG_CAP","A","2001",549.4,"E"
"OECD","WASTEMUN","TOT","KG_CAP","A","2002",554.967,"E"
"OECD","WASTEMUN","TOT","KG_CAP","A","2003",550.608,"E"
"OECD","WASTEMUN","TOT","KG_CAP","A","2004",554.032,"E"
"OECD","WASTEMUN","TOT","KG_CAP","A","2005",553.63,"E"
"OECD","WASTEMUN","TOT","KG_CAP","A","2006",555.472,"E"
"OECD","WASTEMUN","TOT","KG_CAP","A","2007",553.633,"E"
"OECD","WASTEMUN","TOT","KG_CAP","A","2008",543.516,"E"
"OECD","WASTEMUN","TOT","KG_CAP","A","2009",531.89,"E"
"OECD","WASTEMUN","TOT","KG_CAP","A","2010",531.397,"E"
"OECD","WASTEMUN","TOT","KG_CAP","A","2011",529.285,"E"
"OECD","WASTEMUN","TOT","KG_CAP","A","2012",523.66,"E"
"OECD","WASTEMUN","TOT","KG_CAP","A","2013",518.922,"E"
"OECD","WASTEMUN","TOT","KG_CAP","A","2014",515.505,"E"
"OECD","WASTEMUN","TOT","KG_CAP","A","2015",519.518,"E"
"IDN","WASTEMUN","TOT","THND_TONNE","A","2001",4726.108,
"IDN","WASTEMUN","TOT","THND_TONNE","A","2002",4859.61,
"IDN","WASTEMUN","TOT","THND_TONNE","A","2003",5470.788,"B"
"IDN","WASTEMUN","TOT","THND_TONNE","A","2004",6044.45,
"IDN","WASTEMUN","TOT","THND_TONNE","A","2005",6044.45,"B"
"IDN","WASTEMUN","TOT","THND_TONNE","A","2006",5256.52,"B"
"IDN","WASTEMUN","TOT","THND_TONNE","A","2007",7576.772,"B"
"IDN","WASTEMUN","TOT","THND_TONNE","A","2008",7576.772,"B"
"IDN","WASTEMUN","TOT","THND_TONNE","A","2009",6866.198,"B"
"IDN","WASTEMUN","TOT","THND_TONNE","A","2010",7245.246,"B"
"IDN","WASTEMUN","TOT","THND_TONNE","A","2011",7742.343,"B"
"IDN","WASTEMUN","TOT","THND_TONNE","A","2012",7650.389,"B"
"OECDE","WASTEMUN","TOT","THND_TONNE","A","1990",223869.891,"E"
"OECDE","WASTEMUN","TOT","THND_TONNE","A","1991",227614.88,"E"
"OECDE","WASTEMUN","TOT","THND_TONNE","A","1992",230870.2,"E"
"OECDE","WASTEMUN","TOT","THND_TONNE","A","1993",235219.22,"E"
"OECDE","WASTEMUN","TOT","THND_TONNE","A","1994",237400.84,"E"
"OECDE","WASTEMUN","TOT","THND_TONNE","A","1995",242901.77,"E"
"OECDE","WASTEMUN","TOT","THND_TONNE","A","1996",251817.16,"E"
"OECDE","WASTEMUN","TOT","THND_TONNE","A","1997",261770.11,"E"
"OECDE","WASTEMUN","TOT","THND_TONNE","A","1998",264065.84,"E"
"OECDE","WASTEMUN","TOT","THND_TONNE","A","1999",267904.28,"E"
"OECDE","WASTEMUN","TOT","THND_TONNE","A","2000",273361.66,"E"
"OECDE","WASTEMUN","TOT","THND_TONNE","A","2001",272869.5,"E"
"OECDE","WASTEMUN","TOT","THND_TONNE","A","2002",277269.72,"E"
"OECDE","WASTEMUN","TOT","THND_TONNE","A","2003",273340.34,"E"
"OECDE","WASTEMUN","TOT","THND_TONNE","A","2004",272938.56,"E"
"OECDE","WASTEMUN","TOT","THND_TONNE","A","2005",276520.44,"E"
"OECDE","WASTEMUN","TOT","THND_TONNE","A","2006",279432.19,"E"
"OECDE","WASTEMUN","TOT","THND_TONNE","A","2007",282220.66,"E"
"OECDE","WASTEMUN","TOT","THND_TONNE","A","2008",279505.69,"E"
"OECDE","WASTEMUN","TOT","THND_TONNE","A","2009",277974.31,"E"
"OECDE","WASTEMUN","TOT","THND_TONNE","A","2010",276247.41,"E"
"OECDE","WASTEMUN","TOT","THND_TONNE","A","2011",276018.75,"E"
"OECDE","WASTEMUN","TOT","THND_TONNE","A","2012",270864.5,"E"
"OECDE","WASTEMUN","TOT","THND_TONNE","A","2013",268696.63,"E"
"OECDE","WASTEMUN","TOT","THND_TONNE","A","2014",267876.22,"E"
"OECDE","WASTEMUN","TOT","THND_TONNE","A","2015",270657.156,"E"
"OECDE","WASTEMUN","TOT","KG_CAP","A","1990",446.379,"E"
"OECDE","WASTEMUN","TOT","KG_CAP","A","1991",451.446,"E"
"OECDE","WASTEMUN","TOT","KG_CAP","A","1992",454.918,"E"
"OECDE","WASTEMUN","TOT","KG_CAP","A","1993",461.143,"E"
"OECDE","WASTEMUN","TOT","KG_CAP","A","1994",463.414,"E"
"OECDE","WASTEMUN","TOT","KG_CAP","A","1995",472.197,"E"
"OECDE","WASTEMUN","TOT","KG_CAP","A","1996",487.638,"E"
"OECDE","WASTEMUN","TOT","KG_CAP","A","1997",505.083,"E"
"OECDE","WASTEMUN","TOT","KG_CAP","A","1998",507.757,"E"
"OECDE","WASTEMUN","TOT","KG_CAP","A","1999",513.212,"E"
"OECDE","WASTEMUN","TOT","KG_CAP","A","2000",521.477,"E"
"OECDE","WASTEMUN","TOT","KG_CAP","A","2001",518.261,"E"
"OECDE","WASTEMUN","TOT","KG_CAP","A","2002",524.523,"E"
"OECDE","WASTEMUN","TOT","KG_CAP","A","2003",514.075,"E"
"OECDE","WASTEMUN","TOT","KG_CAP","A","2004",510.289,"E"
"OECDE","WASTEMUN","TOT","KG_CAP","A","2005",513.76,"E"
"OECDE","WASTEMUN","TOT","KG_CAP","A","2006",516.193,"E"
"OECDE","WASTEMUN","TOT","KG_CAP","A","2007",517.968,"E"
"OECDE","WASTEMUN","TOT","KG_CAP","A","2008",509.718,"E"
"OECDE","WASTEMUN","TOT","KG_CAP","A","2009",504.235,"E"
"OECDE","WASTEMUN","TOT","KG_CAP","A","2010",498.243,"E"
"OECDE","WASTEMUN","TOT","KG_CAP","A","2011",496.12,"E"
"OECDE","WASTEMUN","TOT","KG_CAP","A","2012",485.363,"E"
"OECDE","WASTEMUN","TOT","KG_CAP","A","2013",479.735,"E"
"OECDE","WASTEMUN","TOT","KG_CAP","A","2014",476.035,"E"
"OECDE","WASTEMUN","TOT","KG_CAP","A","2015",478.827,"E"
"COL","WASTEMUN","TOT","THND_TONNE","A","2003",5289,
"COL","WASTEMUN","TOT","THND_TONNE","A","2004",6128,
"COL","WASTEMUN","TOT","THND_TONNE","A","2005",7567,
"COL","WASTEMUN","TOT","THND_TONNE","A","2006",7580,
"COL","WASTEMUN","TOT","THND_TONNE","A","2007",9192,
"COL","WASTEMUN","TOT","THND_TONNE","A","2008",11273,
"COL","WASTEMUN","TOT","THND_TONNE","A","2009",8980,
"COL","WASTEMUN","TOT","THND_TONNE","A","2010",9686,
"COL","WASTEMUN","TOT","THND_TONNE","A","2011",8975,
"COL","WASTEMUN","TOT","KG_CAP","A","2003",126.383,
"COL","WASTEMUN","TOT","KG_CAP","A","2004",144.636,
"COL","WASTEMUN","TOT","KG_CAP","A","2005",176.434,
"COL","WASTEMUN","TOT","KG_CAP","A","2006",174.63,
"COL","WASTEMUN","TOT","KG_CAP","A","2007",209.257,
"COL","WASTEMUN","TOT","KG_CAP","A","2008",253.604,
"COL","WASTEMUN","TOT","KG_CAP","A","2009",199.649,
"COL","WASTEMUN","TOT","KG_CAP","A","2010",212.834,
"COL","WASTEMUN","TOT","KG_CAP","A","2011",194.92,
"LVA","WASTEMUN","TOT","THND_TONNE","A","1995",657,
"LVA","WASTEMUN","TOT","THND_TONNE","A","1996",650,
"LVA","WASTEMUN","TOT","THND_TONNE","A","1997",621,
"LVA","WASTEMUN","TOT","THND_TONNE","A","1998",597,
"LVA","WASTEMUN","TOT","THND_TONNE","A","1999",613,
"LVA","WASTEMUN","TOT","THND_TONNE","A","2000",642,
"LVA","WASTEMUN","TOT","THND_TONNE","A","2001",713,
"LVA","WASTEMUN","TOT","THND_TONNE","A","2002",793,"B"
"LVA","WASTEMUN","TOT","THND_TONNE","A","2003",695,
"LVA","WASTEMUN","TOT","THND_TONNE","A","2004",720.38,
"LVA","WASTEMUN","TOT","THND_TONNE","A","2005",716,
"LVA","WASTEMUN","TOT","THND_TONNE","A","2006",760,
"LVA","WASTEMUN","TOT","THND_TONNE","A","2007",860.92,
"LVA","WASTEMUN","TOT","THND_TONNE","A","2008",751.92,
"LVA","WASTEMUN","TOT","THND_TONNE","A","2009",752.96,
"LVA","WASTEMUN","TOT","THND_TONNE","A","2010",680.1,
"LVA","WASTEMUN","TOT","THND_TONNE","A","2011",720.64,
"LVA","WASTEMUN","TOT","THND_TONNE","A","2012",657.612,
"LVA","WASTEMUN","TOT","THND_TONNE","A","2013",704,
"LVA","WASTEMUN","TOT","THND_TONNE","A","2014",726,
"LVA","WASTEMUN","TOT","THND_TONNE","A","2015",798.061,
"LVA","WASTEMUN","TOT","KG_CAP","A","1995",264.38,
"LVA","WASTEMUN","TOT","KG_CAP","A","1996",264.526,
"LVA","WASTEMUN","TOT","KG_CAP","A","1997",255.256,
"LVA","WASTEMUN","TOT","KG_CAP","A","1998",247.716,
"LVA","WASTEMUN","TOT","KG_CAP","A","1999",256.434,
"LVA","WASTEMUN","TOT","KG_CAP","A","2000",271.166,
"LVA","WASTEMUN","TOT","KG_CAP","A","2001",305.07,
"LVA","WASTEMUN","TOT","KG_CAP","A","2002",343.264,"B"
"LVA","WASTEMUN","TOT","KG_CAP","A","2003",303.765,
"LVA","WASTEMUN","TOT","KG_CAP","A","2004",318.312,
"LVA","WASTEMUN","TOT","KG_CAP","A","2005",319.814,
"LVA","WASTEMUN","TOT","KG_CAP","A","2006",342.596,
"LVA","WASTEMUN","TOT","KG_CAP","A","2007",391.269,
"LVA","WASTEMUN","TOT","KG_CAP","A","2008",345.342,
"LVA","WASTEMUN","TOT","KG_CAP","A","2009",351.576,
"LVA","WASTEMUN","TOT","KG_CAP","A","2010",324.235,
"LVA","WASTEMUN","TOT","KG_CAP","A","2011",349.875,
"LVA","WASTEMUN","TOT","KG_CAP","A","2012",323.259,
"LVA","WASTEMUN","TOT","KG_CAP","A","2013",343.362,
"LVA","WASTEMUN","TOT","KG_CAP","A","2014",355.689,
"LVA","WASTEMUN","TOT","KG_CAP","A","2015",392.87,
"RUS","WASTEMUN","TOT","KG_CAP","A","1999",345.316,
"RUS","WASTEMUN","TOT","KG_CAP","A","2000",353.545,
"RUS","WASTEMUN","TOT","KG_CAP","A","2001",350.162,
"RUS","WASTEMUN","TOT","KG_CAP","A","2002",371.702,
"RUS","WASTEMUN","TOT","KG_CAP","A","2003",380.704,
"RUS","WASTEMUN","TOT","KG_CAP","A","2004",401.358,
"RUS","WASTEMUN","TOT","KG_CAP","A","2005",402.003,
"RUS","WASTEMUN","TOT","KG_CAP","A","2006",425.357,
"RUS","WASTEMUN","TOT","KG_CAP","A","2007",440.238,
"RUS","WASTEMUN","TOT","KG_CAP","A","2008",452.601,
"RUS","WASTEMUN","TOT","KG_CAP","A","2009",468.338,
"RUS","WASTEMUN","TOT","KG_CAP","A","2010",484.824,
"RUS","WASTEMUN","TOT","KG_CAP","A","2011",484.036,
"RUS","WASTEMUN","TOT","KG_CAP","A","2012",562.573,
"LTU","WASTEMUN","TOT","THND_TONNE","A","1995",1546,
"LTU","WASTEMUN","TOT","THND_TONNE","A","1996",1445,
"LTU","WASTEMUN","TOT","THND_TONNE","A","1997",1510,
"LTU","WASTEMUN","TOT","THND_TONNE","A","1998",1578,
"LTU","WASTEMUN","TOT","THND_TONNE","A","1999",1236,
"LTU","WASTEMUN","TOT","THND_TONNE","A","2000",1276,
"LTU","WASTEMUN","TOT","THND_TONNE","A","2001",1313,
"LTU","WASTEMUN","TOT","THND_TONNE","A","2002",1395,
"LTU","WASTEMUN","TOT","THND_TONNE","A","2003",1328,
"LTU","WASTEMUN","TOT","THND_TONNE","A","2004",1260,
"LTU","WASTEMUN","TOT","THND_TONNE","A","2005",1287,
"LTU","WASTEMUN","TOT","THND_TONNE","A","2006",1326,
"LTU","WASTEMUN","TOT","THND_TONNE","A","2007",1624.332,"B"
"LTU","WASTEMUN","TOT","THND_TONNE","A","2008",1505.878,
"LTU","WASTEMUN","TOT","THND_TONNE","A","2009",1314.028,
"LTU","WASTEMUN","TOT","THND_TONNE","A","2010",1327.774,
"LTU","WASTEMUN","TOT","THND_TONNE","A","2011",1366.066,
"LTU","WASTEMUN","TOT","THND_TONNE","A","2012",1409.973,
"LTU","WASTEMUN","TOT","THND_TONNE","A","2013",1318.45,
"LTU","WASTEMUN","TOT","THND_TONNE","A","2014",1308.352,
"LTU","WASTEMUN","TOT","THND_TONNE","A","2015",1326.529,"B"
"CRI","WASTEMUN","TOT","THND_TONNE","A","2010",1506,
"CRI","WASTEMUN","TOT","THND_TONNE","A","2011",1659,
"CRI","WASTEMUN","TOT","THND_TONNE","A","2012",1698,
"CRI","WASTEMUN","TOT","THND_TONNE","A","2013",1752,
"CRI","WASTEMUN","TOT","THND_TONNE","A","2014",1788,
"CRI","WASTEMUN","TOT","THND_TONNE","A","2015",1877,
