﻿"LOCATION","INDICATOR","SUBJECT","MEASURE","FREQUENCY","TIME","Value","Flag Codes"
"AUS","FBORNUNEMP","MEN","PC_FBORNLF","A","2000",6.5,
"AUS","FBORNUNEMP","MEN","PC_FBORNLF","A","2001",7.1,
"AUS","FBORNUNEMP","MEN","PC_FBORNLF","A","2002",6.8,
"AUS","FBORNUNEMP","MEN","PC_FBORNLF","A","2003",6.4,
"AUS","FBORNUNEMP","MEN","PC_FBORNLF","A","2004",5.3,
"AUS","FBORNUNEMP","MEN","PC_FBORNLF","A","2005",5.2,
"AUS","FBORNUNEMP","MEN","PC_FBORNLF","A","2006",4.8,
"AUS","FBORNUNEMP","MEN","PC_FBORNLF","A","2007",4.3,
"AUS","FBORNUNEMP","MEN","PC_FBORNLF","A","2008",4.2,
"AUS","FBORNUNEMP","MEN","PC_FBORNLF","A","2009",6.5,
"AUS","FBORNUNEMP","MEN","PC_FBORNLF","A","2010",5.1,
"AUS","FBORNUNEMP","MEN","PC_FBORNLF","A","2011",4.6,
"AUS","FBORNUNEMP","MEN","PC_FBORNLF","A","2012",4.9,
"AUS","FBORNUNEMP","MEN","PC_FBORNLF","A","2013",5.8,
"AUS","FBORNUNEMP","MEN","PC_FBORNLF","A","2014",5.7,
"AUS","FBORNUNEMP","MEN","PC_FBORNLF","A","2015",5.8,
"AUS","FBORNUNEMP","MEN","PC_FBORNLF","A","2016",5.4,
"AUS","FBORNUNEMP","TOT","PC_FBORNLF","A","2000",6.7,
"AUS","FBORNUNEMP","TOT","PC_FBORNLF","A","2001",7.3,
"AUS","FBORNUNEMP","TOT","PC_FBORNLF","A","2002",6.8,
"AUS","FBORNUNEMP","TOT","PC_FBORNLF","A","2003",6.4,
"AUS","FBORNUNEMP","TOT","PC_FBORNLF","A","2004",5.5,
"AUS","FBORNUNEMP","TOT","PC_FBORNLF","A","2005",5.3,
"AUS","FBORNUNEMP","TOT","PC_FBORNLF","A","2006",5.1,
"AUS","FBORNUNEMP","TOT","PC_FBORNLF","A","2007",4.9,
"AUS","FBORNUNEMP","TOT","PC_FBORNLF","A","2008",4.6,
"AUS","FBORNUNEMP","TOT","PC_FBORNLF","A","2009",6.7,
"AUS","FBORNUNEMP","TOT","PC_FBORNLF","A","2010",5.5,
"AUS","FBORNUNEMP","TOT","PC_FBORNLF","A","2011",5.2,
"AUS","FBORNUNEMP","TOT","PC_FBORNLF","A","2012",5.4,
"AUS","FBORNUNEMP","TOT","PC_FBORNLF","A","2013",5.9,
"AUS","FBORNUNEMP","TOT","PC_FBORNLF","A","2014",6.1,
"AUS","FBORNUNEMP","TOT","PC_FBORNLF","A","2015",6.2,
"AUS","FBORNUNEMP","TOT","PC_FBORNLF","A","2016",6,
"AUS","FBORNUNEMP","WOMEN","PC_FBORNLF","A","2000",6.9,
"AUS","FBORNUNEMP","WOMEN","PC_FBORNLF","A","2001",7.5,
"AUS","FBORNUNEMP","WOMEN","PC_FBORNLF","A","2002",6.9,
"AUS","FBORNUNEMP","WOMEN","PC_FBORNLF","A","2003",6.3,
"AUS","FBORNUNEMP","WOMEN","PC_FBORNLF","A","2004",5.9,
"AUS","FBORNUNEMP","WOMEN","PC_FBORNLF","A","2005",5.5,
"AUS","FBORNUNEMP","WOMEN","PC_FBORNLF","A","2006",5.4,
"AUS","FBORNUNEMP","WOMEN","PC_FBORNLF","A","2007",5.5,
"AUS","FBORNUNEMP","WOMEN","PC_FBORNLF","A","2008",5.2,
"AUS","FBORNUNEMP","WOMEN","PC_FBORNLF","A","2009",6.8,
"AUS","FBORNUNEMP","WOMEN","PC_FBORNLF","A","2010",6.1,
"AUS","FBORNUNEMP","WOMEN","PC_FBORNLF","A","2011",6,
"AUS","FBORNUNEMP","WOMEN","PC_FBORNLF","A","2012",6,
"AUS","FBORNUNEMP","WOMEN","PC_FBORNLF","A","2013",6.1,
"AUS","FBORNUNEMP","WOMEN","PC_FBORNLF","A","2014",6.6,
"AUS","FBORNUNEMP","WOMEN","PC_FBORNLF","A","2015",6.8,
"AUS","FBORNUNEMP","WOMEN","PC_FBORNLF","A","2016",6.7,
"AUT","FBORNUNEMP","MEN","PC_FBORNLF","A","2000",8.7,
"AUT","FBORNUNEMP","MEN","PC_FBORNLF","A","2001",7.6,
"AUT","FBORNUNEMP","MEN","PC_FBORNLF","A","2002",10,
"AUT","FBORNUNEMP","MEN","PC_FBORNLF","A","2003",9.5,
"AUT","FBORNUNEMP","MEN","PC_FBORNLF","A","2004",11.2,
"AUT","FBORNUNEMP","MEN","PC_FBORNLF","A","2005",10.8,
"AUT","FBORNUNEMP","MEN","PC_FBORNLF","A","2006",9.7,
"AUT","FBORNUNEMP","MEN","PC_FBORNLF","A","2007",8.4,
"AUT","FBORNUNEMP","MEN","PC_FBORNLF","A","2008",7.3,
"AUT","FBORNUNEMP","MEN","PC_FBORNLF","A","2009",10.7,
"AUT","FBORNUNEMP","MEN","PC_FBORNLF","A","2010",8.8,
"AUT","FBORNUNEMP","MEN","PC_FBORNLF","A","2011",8,
"AUT","FBORNUNEMP","MEN","PC_FBORNLF","A","2012",9.6,
"AUT","FBORNUNEMP","MEN","PC_FBORNLF","A","2013",10.4,
"AUT","FBORNUNEMP","MEN","PC_FBORNLF","A","2014",10.8,
"AUT","FBORNUNEMP","MEN","PC_FBORNLF","A","2015",11.1,
"AUT","FBORNUNEMP","MEN","PC_FBORNLF","A","2016",12.4,
"AUT","FBORNUNEMP","TOT","PC_FBORNLF","A","2000",8,
"AUT","FBORNUNEMP","TOT","PC_FBORNLF","A","2001",7.5,
"AUT","FBORNUNEMP","TOT","PC_FBORNLF","A","2002",8.7,
"AUT","FBORNUNEMP","TOT","PC_FBORNLF","A","2003",8.3,
"AUT","FBORNUNEMP","TOT","PC_FBORNLF","A","2004",11,
"AUT","FBORNUNEMP","TOT","PC_FBORNLF","A","2005",10.6,
"AUT","FBORNUNEMP","TOT","PC_FBORNLF","A","2006",9.8,
"AUT","FBORNUNEMP","TOT","PC_FBORNLF","A","2007",9,
"AUT","FBORNUNEMP","TOT","PC_FBORNLF","A","2008",7.5,
"AUT","FBORNUNEMP","TOT","PC_FBORNLF","A","2009",9.5,
"AUT","FBORNUNEMP","TOT","PC_FBORNLF","A","2010",8.2,
"AUT","FBORNUNEMP","TOT","PC_FBORNLF","A","2011",8.2,
"AUT","FBORNUNEMP","TOT","PC_FBORNLF","A","2012",8.9,
"AUT","FBORNUNEMP","TOT","PC_FBORNLF","A","2013",9.9,
"AUT","FBORNUNEMP","TOT","PC_FBORNLF","A","2014",10.1,
"AUT","FBORNUNEMP","TOT","PC_FBORNLF","A","2015",10.7,
"AUT","FBORNUNEMP","TOT","PC_FBORNLF","A","2016",11.4,
"AUT","FBORNUNEMP","WOMEN","PC_FBORNLF","A","2000",7.2,
"AUT","FBORNUNEMP","WOMEN","PC_FBORNLF","A","2001",7.3,
"AUT","FBORNUNEMP","WOMEN","PC_FBORNLF","A","2002",7.1,
"AUT","FBORNUNEMP","WOMEN","PC_FBORNLF","A","2003",6.7,
"AUT","FBORNUNEMP","WOMEN","PC_FBORNLF","A","2004",10.7,
"AUT","FBORNUNEMP","WOMEN","PC_FBORNLF","A","2005",10.5,
"AUT","FBORNUNEMP","WOMEN","PC_FBORNLF","A","2006",9.8,
"AUT","FBORNUNEMP","WOMEN","PC_FBORNLF","A","2007",9.7,
"AUT","FBORNUNEMP","WOMEN","PC_FBORNLF","A","2008",7.8,
"AUT","FBORNUNEMP","WOMEN","PC_FBORNLF","A","2009",8.2,
"AUT","FBORNUNEMP","WOMEN","PC_FBORNLF","A","2010",7.6,
"AUT","FBORNUNEMP","WOMEN","PC_FBORNLF","A","2011",8.3,
"AUT","FBORNUNEMP","WOMEN","PC_FBORNLF","A","2012",8.2,
"AUT","FBORNUNEMP","WOMEN","PC_FBORNLF","A","2013",9.3,
"AUT","FBORNUNEMP","WOMEN","PC_FBORNLF","A","2014",9.5,
"AUT","FBORNUNEMP","WOMEN","PC_FBORNLF","A","2015",10.2,
"AUT","FBORNUNEMP","WOMEN","PC_FBORNLF","A","2016",10.4,
"BEL","FBORNUNEMP","MEN","PC_FBORNLF","A","2000",14.7,
"BEL","FBORNUNEMP","MEN","PC_FBORNLF","A","2001",13.7,
"BEL","FBORNUNEMP","MEN","PC_FBORNLF","A","2002",16.3,
"BEL","FBORNUNEMP","MEN","PC_FBORNLF","A","2003",18.3,
"BEL","FBORNUNEMP","MEN","PC_FBORNLF","A","2004",14.9,
"BEL","FBORNUNEMP","MEN","PC_FBORNLF","A","2005",15.7,
"BEL","FBORNUNEMP","MEN","PC_FBORNLF","A","2006",15.8,
"BEL","FBORNUNEMP","MEN","PC_FBORNLF","A","2007",15.8,
"BEL","FBORNUNEMP","MEN","PC_FBORNLF","A","2008",14.3,
"BEL","FBORNUNEMP","MEN","PC_FBORNLF","A","2009",16.3,
"BEL","FBORNUNEMP","MEN","PC_FBORNLF","A","2010",16.9,
"BEL","FBORNUNEMP","MEN","PC_FBORNLF","A","2011",15.5,
"BEL","FBORNUNEMP","MEN","PC_FBORNLF","A","2012",17.6,
"BEL","FBORNUNEMP","MEN","PC_FBORNLF","A","2013",18.2,
"BEL","FBORNUNEMP","MEN","PC_FBORNLF","A","2014",18.7,
"BEL","FBORNUNEMP","MEN","PC_FBORNLF","A","2015",17.9,
"BEL","FBORNUNEMP","MEN","PC_FBORNLF","A","2016",15.9,
"BEL","FBORNUNEMP","TOT","PC_FBORNLF","A","2000",15.8,
"BEL","FBORNUNEMP","TOT","PC_FBORNLF","A","2001",14.4,
"BEL","FBORNUNEMP","TOT","PC_FBORNLF","A","2002",16.7,
"BEL","FBORNUNEMP","TOT","PC_FBORNLF","A","2003",17.8,
"BEL","FBORNUNEMP","TOT","PC_FBORNLF","A","2004",14.9,
"BEL","FBORNUNEMP","TOT","PC_FBORNLF","A","2005",17,
"BEL","FBORNUNEMP","TOT","PC_FBORNLF","A","2006",17.3,
"BEL","FBORNUNEMP","TOT","PC_FBORNLF","A","2007",16.4,
"BEL","FBORNUNEMP","TOT","PC_FBORNLF","A","2008",14.6,
"BEL","FBORNUNEMP","TOT","PC_FBORNLF","A","2009",16.2,
"BEL","FBORNUNEMP","TOT","PC_FBORNLF","A","2010",17.1,
"BEL","FBORNUNEMP","TOT","PC_FBORNLF","A","2011",15.1,
"BEL","FBORNUNEMP","TOT","PC_FBORNLF","A","2012",16.9,
"BEL","FBORNUNEMP","TOT","PC_FBORNLF","A","2013",17.2,
"BEL","FBORNUNEMP","TOT","PC_FBORNLF","A","2014",17.6,
"BEL","FBORNUNEMP","TOT","PC_FBORNLF","A","2015",17,
"BEL","FBORNUNEMP","TOT","PC_FBORNLF","A","2016",15.7,
"BEL","FBORNUNEMP","WOMEN","PC_FBORNLF","A","2000",17.5,
"BEL","FBORNUNEMP","WOMEN","PC_FBORNLF","A","2001",15.4,
"BEL","FBORNUNEMP","WOMEN","PC_FBORNLF","A","2002",17.3,
"BEL","FBORNUNEMP","WOMEN","PC_FBORNLF","A","2003",17.3,
"BEL","FBORNUNEMP","WOMEN","PC_FBORNLF","A","2004",15,
"BEL","FBORNUNEMP","WOMEN","PC_FBORNLF","A","2005",18.9,
"BEL","FBORNUNEMP","WOMEN","PC_FBORNLF","A","2006",19.3,
"BEL","FBORNUNEMP","WOMEN","PC_FBORNLF","A","2007",17.2,
"BEL","FBORNUNEMP","WOMEN","PC_FBORNLF","A","2008",14.9,
"BEL","FBORNUNEMP","WOMEN","PC_FBORNLF","A","2009",16.1,
"BEL","FBORNUNEMP","WOMEN","PC_FBORNLF","A","2010",17.3,
"BEL","FBORNUNEMP","WOMEN","PC_FBORNLF","A","2011",14.6,
"BEL","FBORNUNEMP","WOMEN","PC_FBORNLF","A","2012",15.9,
"BEL","FBORNUNEMP","WOMEN","PC_FBORNLF","A","2013",16,
"BEL","FBORNUNEMP","WOMEN","PC_FBORNLF","A","2014",16.3,
"BEL","FBORNUNEMP","WOMEN","PC_FBORNLF","A","2015",16,
"BEL","FBORNUNEMP","WOMEN","PC_FBORNLF","A","2016",15.5,
"CAN","FBORNUNEMP","MEN","PC_FBORNLF","A","2008",6.8,
"CAN","FBORNUNEMP","MEN","PC_FBORNLF","A","2009",10.6,
"CAN","FBORNUNEMP","MEN","PC_FBORNLF","A","2010",9.9,
"CAN","FBORNUNEMP","MEN","PC_FBORNLF","A","2011",8.3,
"CAN","FBORNUNEMP","MEN","PC_FBORNLF","A","2012",8.2,
"CAN","FBORNUNEMP","MEN","PC_FBORNLF","A","2013",8,
"CAN","FBORNUNEMP","MEN","PC_FBORNLF","A","2014",7.5,
"CAN","FBORNUNEMP","MEN","PC_FBORNLF","A","2015",6.9,
"CAN","FBORNUNEMP","MEN","PC_FBORNLF","A","2016",7.4,
"CAN","FBORNUNEMP","TOT","PC_FBORNLF","A","2008",7,
"CAN","FBORNUNEMP","TOT","PC_FBORNLF","A","2009",10.1,
"CAN","FBORNUNEMP","TOT","PC_FBORNLF","A","2010",9.8,
"CAN","FBORNUNEMP","TOT","PC_FBORNLF","A","2011",8.8,
"CAN","FBORNUNEMP","TOT","PC_FBORNLF","A","2012",8.4,
"CAN","FBORNUNEMP","TOT","PC_FBORNLF","A","2013",8.2,
"CAN","FBORNUNEMP","TOT","PC_FBORNLF","A","2014",8,
"CAN","FBORNUNEMP","TOT","PC_FBORNLF","A","2015",7.5,
"CAN","FBORNUNEMP","TOT","PC_FBORNLF","A","2016",7.6,
"CAN","FBORNUNEMP","WOMEN","PC_FBORNLF","A","2008",7.3,
"CAN","FBORNUNEMP","WOMEN","PC_FBORNLF","A","2009",9.6,
"CAN","FBORNUNEMP","WOMEN","PC_FBORNLF","A","2010",9.7,
"CAN","FBORNUNEMP","WOMEN","PC_FBORNLF","A","2011",9.3,
"CAN","FBORNUNEMP","WOMEN","PC_FBORNLF","A","2012",8.7,
"CAN","FBORNUNEMP","WOMEN","PC_FBORNLF","A","2013",8.4,
"CAN","FBORNUNEMP","WOMEN","PC_FBORNLF","A","2014",8.4,
"CAN","FBORNUNEMP","WOMEN","PC_FBORNLF","A","2015",8.1,
"CAN","FBORNUNEMP","WOMEN","PC_FBORNLF","A","2016",7.9,
"CZE","FBORNUNEMP","MEN","PC_FBORNLF","A","2000",7.4,
"CZE","FBORNUNEMP","MEN","PC_FBORNLF","A","2001",6.7,
"CZE","FBORNUNEMP","MEN","PC_FBORNLF","A","2002",11.3,
"CZE","FBORNUNEMP","MEN","PC_FBORNLF","A","2003",9,
"CZE","FBORNUNEMP","MEN","PC_FBORNLF","A","2004",12.4,
"CZE","FBORNUNEMP","MEN","PC_FBORNLF","A","2005",9.6,
"CZE","FBORNUNEMP","MEN","PC_FBORNLF","A","2006",8.4,
"CZE","FBORNUNEMP","MEN","PC_FBORNLF","A","2007",7.7,
"CZE","FBORNUNEMP","MEN","PC_FBORNLF","A","2008",4.5,
"CZE","FBORNUNEMP","MEN","PC_FBORNLF","A","2009",8.5,
"CZE","FBORNUNEMP","MEN","PC_FBORNLF","A","2010",5.6,
"CZE","FBORNUNEMP","MEN","PC_FBORNLF","A","2011",7.2,
"CZE","FBORNUNEMP","MEN","PC_FBORNLF","A","2012",7.3,
"CZE","FBORNUNEMP","MEN","PC_FBORNLF","A","2013",7.3,
"CZE","FBORNUNEMP","MEN","PC_FBORNLF","A","2014",5.7,
"CZE","FBORNUNEMP","MEN","PC_FBORNLF","A","2015",5.3,
"CZE","FBORNUNEMP","MEN","PC_FBORNLF","A","2016",4.5,
"CZE","FBORNUNEMP","TOT","PC_FBORNLF","A","2000",8.8,
"CZE","FBORNUNEMP","TOT","PC_FBORNLF","A","2001",8,
"CZE","FBORNUNEMP","TOT","PC_FBORNLF","A","2002",11.2,
"CZE","FBORNUNEMP","TOT","PC_FBORNLF","A","2003",12.1,
"CZE","FBORNUNEMP","TOT","PC_FBORNLF","A","2004",12.9,
"CZE","FBORNUNEMP","TOT","PC_FBORNLF","A","2005",12.2,
"CZE","FBORNUNEMP","TOT","PC_FBORNLF","A","2006",11.5,
"CZE","FBORNUNEMP","TOT","PC_FBORNLF","A","2007",9.1,
"CZE","FBORNUNEMP","TOT","PC_FBORNLF","A","2008",7,
"CZE","FBORNUNEMP","TOT","PC_FBORNLF","A","2009",9.6,
"CZE","FBORNUNEMP","TOT","PC_FBORNLF","A","2010",7.2,
"CZE","FBORNUNEMP","TOT","PC_FBORNLF","A","2011",8.3,
"CZE","FBORNUNEMP","TOT","PC_FBORNLF","A","2012",8.9,
"CZE","FBORNUNEMP","TOT","PC_FBORNLF","A","2013",8.3,
"CZE","FBORNUNEMP","TOT","PC_FBORNLF","A","2014",7,
"CZE","FBORNUNEMP","TOT","PC_FBORNLF","A","2015",6.8,
"CZE","FBORNUNEMP","TOT","PC_FBORNLF","A","2016",6.1,
"CZE","FBORNUNEMP","WOMEN","PC_FBORNLF","A","2000",10.6,
"CZE","FBORNUNEMP","WOMEN","PC_FBORNLF","A","2001",9.6,
"CZE","FBORNUNEMP","WOMEN","PC_FBORNLF","A","2002",11,
"CZE","FBORNUNEMP","WOMEN","PC_FBORNLF","A","2003",15.7,
"CZE","FBORNUNEMP","WOMEN","PC_FBORNLF","A","2004",13.5,
"CZE","FBORNUNEMP","WOMEN","PC_FBORNLF","A","2005",15.8,
"CZE","FBORNUNEMP","WOMEN","PC_FBORNLF","A","2006",15.3,
"CZE","FBORNUNEMP","WOMEN","PC_FBORNLF","A","2007",10.8,
"CZE","FBORNUNEMP","WOMEN","PC_FBORNLF","A","2008",10.2,
"CZE","FBORNUNEMP","WOMEN","PC_FBORNLF","A","2009",11,
"CZE","FBORNUNEMP","WOMEN","PC_FBORNLF","A","2010",9.5,
"CZE","FBORNUNEMP","WOMEN","PC_FBORNLF","A","2011",10.1,
"CZE","FBORNUNEMP","WOMEN","PC_FBORNLF","A","2012",11.2,
"CZE","FBORNUNEMP","WOMEN","PC_FBORNLF","A","2013",9.7,
"CZE","FBORNUNEMP","WOMEN","PC_FBORNLF","A","2014",8.8,
"CZE","FBORNUNEMP","WOMEN","PC_FBORNLF","A","2015",8.8,
"CZE","FBORNUNEMP","WOMEN","PC_FBORNLF","A","2016",7.6,
"DNK","FBORNUNEMP","MEN","PC_FBORNLF","A","2000",10.5,
"DNK","FBORNUNEMP","MEN","PC_FBORNLF","A","2001",9.1,
"DNK","FBORNUNEMP","MEN","PC_FBORNLF","A","2002",9.1,
"DNK","FBORNUNEMP","MEN","PC_FBORNLF","A","2003",14.3,
"DNK","FBORNUNEMP","MEN","PC_FBORNLF","A","2004",14.5,
"DNK","FBORNUNEMP","MEN","PC_FBORNLF","A","2005",8.7,
"DNK","FBORNUNEMP","MEN","PC_FBORNLF","A","2006",7.2,
"DNK","FBORNUNEMP","MEN","PC_FBORNLF","A","2007",8.6,
"DNK","FBORNUNEMP","MEN","PC_FBORNLF","A","2008",6.3,
"DNK","FBORNUNEMP","MEN","PC_FBORNLF","A","2009",10.3,
"DNK","FBORNUNEMP","MEN","PC_FBORNLF","A","2010",15.5,
"DNK","FBORNUNEMP","MEN","PC_FBORNLF","A","2011",13.8,
"DNK","FBORNUNEMP","MEN","PC_FBORNLF","A","2012",13.5,
"DNK","FBORNUNEMP","MEN","PC_FBORNLF","A","2013",11.4,
"DNK","FBORNUNEMP","MEN","PC_FBORNLF","A","2014",10.8,
"DNK","FBORNUNEMP","MEN","PC_FBORNLF","A","2015",10.8,
"DNK","FBORNUNEMP","MEN","PC_FBORNLF","A","2016",9.9,
"DNK","FBORNUNEMP","TOT","PC_FBORNLF","A","2000",8.6,
"DNK","FBORNUNEMP","TOT","PC_FBORNLF","A","2001",8.3,
"DNK","FBORNUNEMP","TOT","PC_FBORNLF","A","2002",8.9,
"DNK","FBORNUNEMP","TOT","PC_FBORNLF","A","2003",13.1,
"DNK","FBORNUNEMP","TOT","PC_FBORNLF","A","2004",12.5,
"DNK","FBORNUNEMP","TOT","PC_FBORNLF","A","2005",9.6,
"DNK","FBORNUNEMP","TOT","PC_FBORNLF","A","2006",7.4,
"DNK","FBORNUNEMP","TOT","PC_FBORNLF","A","2007",8.2,
"DNK","FBORNUNEMP","TOT","PC_FBORNLF","A","2008",7.1,
"DNK","FBORNUNEMP","TOT","PC_FBORNLF","A","2009",9.9,
"DNK","FBORNUNEMP","TOT","PC_FBORNLF","A","2010",13.8,
"DNK","FBORNUNEMP","TOT","PC_FBORNLF","A","2011",14.5,
"DNK","FBORNUNEMP","TOT","PC_FBORNLF","A","2012",14.7,
"DNK","FBORNUNEMP","TOT","PC_FBORNLF","A","2013",12.4,
"DNK","FBORNUNEMP","TOT","PC_FBORNLF","A","2014",12.3,
"DNK","FBORNUNEMP","TOT","PC_FBORNLF","A","2015",12.2,
"DNK","FBORNUNEMP","TOT","PC_FBORNLF","A","2016",11.4,
"DNK","FBORNUNEMP","WOMEN","PC_FBORNLF","A","2000",6.3,
"DNK","FBORNUNEMP","WOMEN","PC_FBORNLF","A","2001",7.5,
"DNK","FBORNUNEMP","WOMEN","PC_FBORNLF","A","2002",8.7,
"DNK","FBORNUNEMP","WOMEN","PC_FBORNLF","A","2003",11.4,
"DNK","FBORNUNEMP","WOMEN","PC_FBORNLF","A","2004",10,
"DNK","FBORNUNEMP","WOMEN","PC_FBORNLF","A","2005",10.7,
"DNK","FBORNUNEMP","WOMEN","PC_FBORNLF","A","2006",7.7,
"DNK","FBORNUNEMP","WOMEN","PC_FBORNLF","A","2007",7.8,
"DNK","FBORNUNEMP","WOMEN","PC_FBORNLF","A","2008",7.9,
"DNK","FBORNUNEMP","WOMEN","PC_FBORNLF","A","2009",9.6,
"DNK","FBORNUNEMP","WOMEN","PC_FBORNLF","A","2010",12.2,
"DNK","FBORNUNEMP","WOMEN","PC_FBORNLF","A","2011",15.1,
"DNK","FBORNUNEMP","WOMEN","PC_FBORNLF","A","2012",15.9,
"DNK","FBORNUNEMP","WOMEN","PC_FBORNLF","A","2013",13.5,
"DNK","FBORNUNEMP","WOMEN","PC_FBORNLF","A","2014",13.9,
"DNK","FBORNUNEMP","WOMEN","PC_FBORNLF","A","2015",13.8,
"DNK","FBORNUNEMP","WOMEN","PC_FBORNLF","A","2016",13,
"FIN","FBORNUNEMP","MEN","PC_FBORNLF","A","2000",36.6,
"FIN","FBORNUNEMP","MEN","PC_FBORNLF","A","2001",21.1,
"FIN","FBORNUNEMP","MEN","PC_FBORNLF","A","2002",20.5,
"FIN","FBORNUNEMP","MEN","PC_FBORNLF","A","2003",18.3,
"FIN","FBORNUNEMP","MEN","PC_FBORNLF","A","2004",21.3,
"FIN","FBORNUNEMP","MEN","PC_FBORNLF","A","2005",22.4,
"FIN","FBORNUNEMP","MEN","PC_FBORNLF","A","2006",16,
"FIN","FBORNUNEMP","MEN","PC_FBORNLF","A","2007",12,
"FIN","FBORNUNEMP","MEN","PC_FBORNLF","A","2008",10.9,
"FIN","FBORNUNEMP","MEN","PC_FBORNLF","A","2009",17.9,
"FIN","FBORNUNEMP","MEN","PC_FBORNLF","A","2010",16.4,
"FIN","FBORNUNEMP","MEN","PC_FBORNLF","A","2011",14.7,
"FIN","FBORNUNEMP","MEN","PC_FBORNLF","A","2012",14.5,
"FIN","FBORNUNEMP","MEN","PC_FBORNLF","A","2013",14.5,
"FIN","FBORNUNEMP","MEN","PC_FBORNLF","A","2014",16.5,
"FIN","FBORNUNEMP","MEN","PC_FBORNLF","A","2015",17,
"FIN","FBORNUNEMP","MEN","PC_FBORNLF","A","2016",15.1,
"FIN","FBORNUNEMP","TOT","PC_FBORNLF","A","2000",31.7,
"FIN","FBORNUNEMP","TOT","PC_FBORNLF","A","2001",23.8,
"FIN","FBORNUNEMP","TOT","PC_FBORNLF","A","2002",19.3,
"FIN","FBORNUNEMP","TOT","PC_FBORNLF","A","2003",19.3,
"FIN","FBORNUNEMP","TOT","PC_FBORNLF","A","2004",23.1,
"FIN","FBORNUNEMP","TOT","PC_FBORNLF","A","2005",22.6,
"FIN","FBORNUNEMP","TOT","PC_FBORNLF","A","2006",18.1,
"FIN","FBORNUNEMP","TOT","PC_FBORNLF","A","2007",14.5,
"FIN","FBORNUNEMP","TOT","PC_FBORNLF","A","2008",14.8,
"FIN","FBORNUNEMP","TOT","PC_FBORNLF","A","2009",16.3,
"FIN","FBORNUNEMP","TOT","PC_FBORNLF","A","2010",13.8,
"FIN","FBORNUNEMP","TOT","PC_FBORNLF","A","2011",14,
"FIN","FBORNUNEMP","TOT","PC_FBORNLF","A","2012",14.2,
"FIN","FBORNUNEMP","TOT","PC_FBORNLF","A","2013",14.8,
"FIN","FBORNUNEMP","TOT","PC_FBORNLF","A","2014",16.8,
"FIN","FBORNUNEMP","TOT","PC_FBORNLF","A","2015",17.5,
"FIN","FBORNUNEMP","TOT","PC_FBORNLF","A","2016",17.6,
"FIN","FBORNUNEMP","WOMEN","PC_FBORNLF","A","2000",21.3,
"FIN","FBORNUNEMP","WOMEN","PC_FBORNLF","A","2001",27.4,
"FIN","FBORNUNEMP","WOMEN","PC_FBORNLF","A","2002",17.9,
"FIN","FBORNUNEMP","WOMEN","PC_FBORNLF","A","2003",20.3,
"FIN","FBORNUNEMP","WOMEN","PC_FBORNLF","A","2004",25.1,
"FIN","FBORNUNEMP","WOMEN","PC_FBORNLF","A","2005",22.7,
"FIN","FBORNUNEMP","WOMEN","PC_FBORNLF","A","2006",20.4,
"FIN","FBORNUNEMP","WOMEN","PC_FBORNLF","A","2007",17.4,
"FIN","FBORNUNEMP","WOMEN","PC_FBORNLF","A","2008",19,
"FIN","FBORNUNEMP","WOMEN","PC_FBORNLF","A","2009",14.5,
"FIN","FBORNUNEMP","WOMEN","PC_FBORNLF","A","2010",10.5,
"FIN","FBORNUNEMP","WOMEN","PC_FBORNLF","A","2011",13.3,
"FIN","FBORNUNEMP","WOMEN","PC_FBORNLF","A","2012",13.8,
"FIN","FBORNUNEMP","WOMEN","PC_FBORNLF","A","2013",15.2,
"FIN","FBORNUNEMP","WOMEN","PC_FBORNLF","A","2014",17.2,
"FIN","FBORNUNEMP","WOMEN","PC_FBORNLF","A","2015",18,
"FIN","FBORNUNEMP","WOMEN","PC_FBORNLF","A","2016",19.7,
"FRA","FBORNUNEMP","MEN","PC_FBORNLF","A","2000",14.5,
"FRA","FBORNUNEMP","MEN","PC_FBORNLF","A","2001",12.5,
"FRA","FBORNUNEMP","MEN","PC_FBORNLF","A","2002",13.6,
"FRA","FBORNUNEMP","MEN","PC_FBORNLF","A","2003",14.8,
"FRA","FBORNUNEMP","MEN","PC_FBORNLF","A","2004",12.5,
"FRA","FBORNUNEMP","MEN","PC_FBORNLF","A","2005",12.4,
"FRA","FBORNUNEMP","MEN","PC_FBORNLF","A","2006",12.7,
"FRA","FBORNUNEMP","MEN","PC_FBORNLF","A","2007",11.9,
"FRA","FBORNUNEMP","MEN","PC_FBORNLF","A","2008",11.5,
"FRA","FBORNUNEMP","MEN","PC_FBORNLF","A","2009",15.2,
"FRA","FBORNUNEMP","MEN","PC_FBORNLF","A","2010",14,
"FRA","FBORNUNEMP","MEN","PC_FBORNLF","A","2011",14.3,
"FRA","FBORNUNEMP","MEN","PC_FBORNLF","A","2012",14.8,
"FRA","FBORNUNEMP","MEN","PC_FBORNLF","A","2013",16,
"FRA","FBORNUNEMP","MEN","PC_FBORNLF","A","2014",16.7,
"FRA","FBORNUNEMP","MEN","PC_FBORNLF","A","2015",17.8,
"FRA","FBORNUNEMP","MEN","PC_FBORNLF","A","2016",16.4,
"FRA","FBORNUNEMP","TOT","PC_FBORNLF","A","2000",16.7,
"FRA","FBORNUNEMP","TOT","PC_FBORNLF","A","2001",14.2,
"FRA","FBORNUNEMP","TOT","PC_FBORNLF","A","2002",14.2,
"FRA","FBORNUNEMP","TOT","PC_FBORNLF","A","2003",15,
"FRA","FBORNUNEMP","TOT","PC_FBORNLF","A","2004",14.4,
"FRA","FBORNUNEMP","TOT","PC_FBORNLF","A","2005",14.4,
"FRA","FBORNUNEMP","TOT","PC_FBORNLF","A","2006",14.2,
"FRA","FBORNUNEMP","TOT","PC_FBORNLF","A","2007",13.1,
"FRA","FBORNUNEMP","TOT","PC_FBORNLF","A","2008",12,
"FRA","FBORNUNEMP","TOT","PC_FBORNLF","A","2009",15.1,
"FRA","FBORNUNEMP","TOT","PC_FBORNLF","A","2010",14.5,
"FRA","FBORNUNEMP","TOT","PC_FBORNLF","A","2011",15.4,
"FRA","FBORNUNEMP","TOT","PC_FBORNLF","A","2012",14.9,
"FRA","FBORNUNEMP","TOT","PC_FBORNLF","A","2013",16.2,
"FRA","FBORNUNEMP","TOT","PC_FBORNLF","A","2014",16.6,
"FRA","FBORNUNEMP","TOT","PC_FBORNLF","A","2015",17.3,
"FRA","FBORNUNEMP","TOT","PC_FBORNLF","A","2016",16.7,
"FRA","FBORNUNEMP","WOMEN","PC_FBORNLF","A","2000",19.7,
"FRA","FBORNUNEMP","WOMEN","PC_FBORNLF","A","2001",16.6,
"FRA","FBORNUNEMP","WOMEN","PC_FBORNLF","A","2002",15,
"FRA","FBORNUNEMP","WOMEN","PC_FBORNLF","A","2003",15.3,
"FRA","FBORNUNEMP","WOMEN","PC_FBORNLF","A","2004",16.7,
"FRA","FBORNUNEMP","WOMEN","PC_FBORNLF","A","2005",16.8,
"FRA","FBORNUNEMP","WOMEN","PC_FBORNLF","A","2006",16.2,
"FRA","FBORNUNEMP","WOMEN","PC_FBORNLF","A","2007",14.5,
"FRA","FBORNUNEMP","WOMEN","PC_FBORNLF","A","2008",12.7,
"FRA","FBORNUNEMP","WOMEN","PC_FBORNLF","A","2009",14.9,
"FRA","FBORNUNEMP","WOMEN","PC_FBORNLF","A","2010",15.1,
"FRA","FBORNUNEMP","WOMEN","PC_FBORNLF","A","2011",16.6,
"FRA","FBORNUNEMP","WOMEN","PC_FBORNLF","A","2012",15,
"FRA","FBORNUNEMP","WOMEN","PC_FBORNLF","A","2013",16.5,
"FRA","FBORNUNEMP","WOMEN","PC_FBORNLF","A","2014",16.4,
"FRA","FBORNUNEMP","WOMEN","PC_FBORNLF","A","2015",16.8,
"FRA","FBORNUNEMP","WOMEN","PC_FBORNLF","A","2016",17,
"DEU","FBORNUNEMP","MEN","PC_FBORNLF","A","2000",11,
"DEU","FBORNUNEMP","MEN","PC_FBORNLF","A","2001",10.2,
"DEU","FBORNUNEMP","MEN","PC_FBORNLF","A","2002",11.2,
"DEU","FBORNUNEMP","MEN","PC_FBORNLF","A","2003",14.2,
"DEU","FBORNUNEMP","MEN","PC_FBORNLF","A","2004",15.7,
"DEU","FBORNUNEMP","MEN","PC_FBORNLF","A","2005",17.9,
"DEU","FBORNUNEMP","MEN","PC_FBORNLF","A","2006",17,
"DEU","FBORNUNEMP","MEN","PC_FBORNLF","A","2007",15.2,
"DEU","FBORNUNEMP","MEN","PC_FBORNLF","A","2008",11.8,
"DEU","FBORNUNEMP","MEN","PC_FBORNLF","A","2009",14.2,
"DEU","FBORNUNEMP","MEN","PC_FBORNLF","A","2010",11.3,
"DEU","FBORNUNEMP","MEN","PC_FBORNLF","A","2011",8.7,
"DEU","FBORNUNEMP","MEN","PC_FBORNLF","A","2012",8.7,
"DEU","FBORNUNEMP","MEN","PC_FBORNLF","A","2013",8.3,
"DEU","FBORNUNEMP","MEN","PC_FBORNLF","A","2014",8.3,
"DEU","FBORNUNEMP","MEN","PC_FBORNLF","A","2015",8.1,
"DEU","FBORNUNEMP","MEN","PC_FBORNLF","A","2016",7.3,
"DEU","FBORNUNEMP","TOT","PC_FBORNLF","A","2000",10.6,
"DEU","FBORNUNEMP","TOT","PC_FBORNLF","A","2001",9.8,
"DEU","FBORNUNEMP","TOT","PC_FBORNLF","A","2002",10.5,
"DEU","FBORNUNEMP","TOT","PC_FBORNLF","A","2003",13.1,
"DEU","FBORNUNEMP","TOT","PC_FBORNLF","A","2004",14.5,
"DEU","FBORNUNEMP","TOT","PC_FBORNLF","A","2005",17.5,
"DEU","FBORNUNEMP","TOT","PC_FBORNLF","A","2006",16.7,
"DEU","FBORNUNEMP","TOT","PC_FBORNLF","A","2007",14.6,
"DEU","FBORNUNEMP","TOT","PC_FBORNLF","A","2008",12.3,
"DEU","FBORNUNEMP","TOT","PC_FBORNLF","A","2009",13.1,
"DEU","FBORNUNEMP","TOT","PC_FBORNLF","A","2010",10.8,
"DEU","FBORNUNEMP","TOT","PC_FBORNLF","A","2011",8.9,
"DEU","FBORNUNEMP","TOT","PC_FBORNLF","A","2012",8.5,
"DEU","FBORNUNEMP","TOT","PC_FBORNLF","A","2013",8.1,
"DEU","FBORNUNEMP","TOT","PC_FBORNLF","A","2014",7.9,
"DEU","FBORNUNEMP","TOT","PC_FBORNLF","A","2015",7.7,
"DEU","FBORNUNEMP","TOT","PC_FBORNLF","A","2016",6.8,
"DEU","FBORNUNEMP","WOMEN","PC_FBORNLF","A","2000",10,
"DEU","FBORNUNEMP","WOMEN","PC_FBORNLF","A","2001",9.4,
"DEU","FBORNUNEMP","WOMEN","PC_FBORNLF","A","2002",9.5,
"DEU","FBORNUNEMP","WOMEN","PC_FBORNLF","A","2003",11.6,
"DEU","FBORNUNEMP","WOMEN","PC_FBORNLF","A","2004",13,
"DEU","FBORNUNEMP","WOMEN","PC_FBORNLF","A","2005",16.9,
"DEU","FBORNUNEMP","WOMEN","PC_FBORNLF","A","2006",16.5,
"DEU","FBORNUNEMP","WOMEN","PC_FBORNLF","A","2007",13.8,
"DEU","FBORNUNEMP","WOMEN","PC_FBORNLF","A","2008",13,
"DEU","FBORNUNEMP","WOMEN","PC_FBORNLF","A","2009",11.8,
"DEU","FBORNUNEMP","WOMEN","PC_FBORNLF","A","2010",10.1,
"DEU","FBORNUNEMP","WOMEN","PC_FBORNLF","A","2011",9.1,
"DEU","FBORNUNEMP","WOMEN","PC_FBORNLF","A","2012",8.2,
"DEU","FBORNUNEMP","WOMEN","PC_FBORNLF","A","2013",7.9,
"DEU","FBORNUNEMP","WOMEN","PC_FBORNLF","A","2014",7.4,
"DEU","FBORNUNEMP","WOMEN","PC_FBORNLF","A","2015",7.3,
"DEU","FBORNUNEMP","WOMEN","PC_FBORNLF","A","2016",6.2,
"GRC","FBORNUNEMP","MEN","PC_FBORNLF","A","2000",9.5,
"GRC","FBORNUNEMP","MEN","PC_FBORNLF","A","2001",9.6,
"GRC","FBORNUNEMP","MEN","PC_FBORNLF","A","2002",7.5,
"GRC","FBORNUNEMP","MEN","PC_FBORNLF","A","2003",6.6,
"GRC","FBORNUNEMP","MEN","PC_FBORNLF","A","2004",6.4,
"GRC","FBORNUNEMP","MEN","PC_FBORNLF","A","2005",6.7,
"GRC","FBORNUNEMP","MEN","PC_FBORNLF","A","2006",5.3,
"GRC","FBORNUNEMP","MEN","PC_FBORNLF","A","2007",4.9,
"GRC","FBORNUNEMP","MEN","PC_FBORNLF","A","2008",5,
"GRC","FBORNUNEMP","MEN","PC_FBORNLF","A","2009",10.4,
"GRC","FBORNUNEMP","MEN","PC_FBORNLF","A","2010",15.2,
"GRC","FBORNUNEMP","MEN","PC_FBORNLF","A","2011",21.5,
"GRC","FBORNUNEMP","MEN","PC_FBORNLF","A","2012",34.6,
"GRC","FBORNUNEMP","MEN","PC_FBORNLF","A","2013",37.3,
"GRC","FBORNUNEMP","MEN","PC_FBORNLF","A","2014",33.8,
"GRC","FBORNUNEMP","MEN","PC_FBORNLF","A","2015",31.4,
"GRC","FBORNUNEMP","MEN","PC_FBORNLF","A","2016",27.6,
"GRC","FBORNUNEMP","TOT","PC_FBORNLF","A","2000",14.7,
"GRC","FBORNUNEMP","TOT","PC_FBORNLF","A","2001",14.5,
"GRC","FBORNUNEMP","TOT","PC_FBORNLF","A","2002",12.4,
"GRC","FBORNUNEMP","TOT","PC_FBORNLF","A","2003",10.3,
"GRC","FBORNUNEMP","TOT","PC_FBORNLF","A","2004",11.6,
"GRC","FBORNUNEMP","TOT","PC_FBORNLF","A","2005",10.3,
"GRC","FBORNUNEMP","TOT","PC_FBORNLF","A","2006",9.4,
"GRC","FBORNUNEMP","TOT","PC_FBORNLF","A","2007",8.7,
"GRC","FBORNUNEMP","TOT","PC_FBORNLF","A","2008",7.8,
"GRC","FBORNUNEMP","TOT","PC_FBORNLF","A","2009",12,
"GRC","FBORNUNEMP","TOT","PC_FBORNLF","A","2010",16.2,
"GRC","FBORNUNEMP","TOT","PC_FBORNLF","A","2011",22.2,
"GRC","FBORNUNEMP","TOT","PC_FBORNLF","A","2012",33.8,
"GRC","FBORNUNEMP","TOT","PC_FBORNLF","A","2013",38,
"GRC","FBORNUNEMP","TOT","PC_FBORNLF","A","2014",34.5,
"GRC","FBORNUNEMP","TOT","PC_FBORNLF","A","2015",32,
"GRC","FBORNUNEMP","TOT","PC_FBORNLF","A","2016",30.7,
"GRC","FBORNUNEMP","WOMEN","PC_FBORNLF","A","2000",21.4,
"GRC","FBORNUNEMP","WOMEN","PC_FBORNLF","A","2001",21.6,
"GRC","FBORNUNEMP","WOMEN","PC_FBORNLF","A","2002",19.4,
"GRC","FBORNUNEMP","WOMEN","PC_FBORNLF","A","2003",15.9,
"GRC","FBORNUNEMP","WOMEN","PC_FBORNLF","A","2004",19.1,
"GRC","FBORNUNEMP","WOMEN","PC_FBORNLF","A","2005",15.6,
"GRC","FBORNUNEMP","WOMEN","PC_FBORNLF","A","2006",15.1,
"GRC","FBORNUNEMP","WOMEN","PC_FBORNLF","A","2007",14.3,
"GRC","FBORNUNEMP","WOMEN","PC_FBORNLF","A","2008",12.2,
"GRC","FBORNUNEMP","WOMEN","PC_FBORNLF","A","2009",14.5,
"GRC","FBORNUNEMP","WOMEN","PC_FBORNLF","A","2010",17.7,
"GRC","FBORNUNEMP","WOMEN","PC_FBORNLF","A","2011",23.2,
"GRC","FBORNUNEMP","WOMEN","PC_FBORNLF","A","2012",32.7,
"GRC","FBORNUNEMP","WOMEN","PC_FBORNLF","A","2013",38.9,
"GRC","FBORNUNEMP","WOMEN","PC_FBORNLF","A","2014",35.4,
"GRC","FBORNUNEMP","WOMEN","PC_FBORNLF","A","2015",32.8,
"GRC","FBORNUNEMP","WOMEN","PC_FBORNLF","A","2016",34.4,
"HUN","FBORNUNEMP","MEN","PC_FBORNLF","A","2000",3.5,
"HUN","FBORNUNEMP","MEN","PC_FBORNLF","A","2001",1.3,
"HUN","FBORNUNEMP","MEN","PC_FBORNLF","A","2002",3.5,
"HUN","FBORNUNEMP","MEN","PC_FBORNLF","A","2003",2.2,
"HUN","FBORNUNEMP","MEN","PC_FBORNLF","A","2004",2,
"HUN","FBORNUNEMP","MEN","PC_FBORNLF","A","2005",3,
"HUN","FBORNUNEMP","MEN","PC_FBORNLF","A","2006",4.1,
"HUN","FBORNUNEMP","MEN","PC_FBORNLF","A","2007",2.6,
"HUN","FBORNUNEMP","MEN","PC_FBORNLF","A","2008",6.3,
"HUN","FBORNUNEMP","MEN","PC_FBORNLF","A","2009",8.6,
"HUN","FBORNUNEMP","MEN","PC_FBORNLF","A","2010",7.6,
"HUN","FBORNUNEMP","MEN","PC_FBORNLF","A","2011",8.9,
"HUN","FBORNUNEMP","MEN","PC_FBORNLF","A","2012",9.8,
"HUN","FBORNUNEMP","MEN","PC_FBORNLF","A","2013",7.4,
"HUN","FBORNUNEMP","MEN","PC_FBORNLF","A","2014",4,
"HUN","FBORNUNEMP","MEN","PC_FBORNLF","A","2015",5.2,
"HUN","FBORNUNEMP","MEN","PC_FBORNLF","A","2016",5.1,
"HUN","FBORNUNEMP","TOT","PC_FBORNLF","A","2000",4.1,
"HUN","FBORNUNEMP","TOT","PC_FBORNLF","A","2001",4.7,
"HUN","FBORNUNEMP","TOT","PC_FBORNLF","A","2002",5.1,
"HUN","FBORNUNEMP","TOT","PC_FBORNLF","A","2003",3.3,
"HUN","FBORNUNEMP","TOT","PC_FBORNLF","A","2004",4.1,
"HUN","FBORNUNEMP","TOT","PC_FBORNLF","A","2005",4.6,
"HUN","FBORNUNEMP","TOT","PC_FBORNLF","A","2006",7,
"HUN","FBORNUNEMP","TOT","PC_FBORNLF","A","2007",4.3,
"HUN","FBORNUNEMP","TOT","PC_FBORNLF","A","2008",6.1,
"HUN","FBORNUNEMP","TOT","PC_FBORNLF","A","2009",9.1,
"HUN","FBORNUNEMP","TOT","PC_FBORNLF","A","2010",7.5,
"HUN","FBORNUNEMP","TOT","PC_FBORNLF","A","2011",9.5,
"HUN","FBORNUNEMP","TOT","PC_FBORNLF","A","2012",9.5,
"HUN","FBORNUNEMP","TOT","PC_FBORNLF","A","2013",9.9,
"HUN","FBORNUNEMP","TOT","PC_FBORNLF","A","2014",6,
"HUN","FBORNUNEMP","TOT","PC_FBORNLF","A","2015",6.8,
"HUN","FBORNUNEMP","TOT","PC_FBORNLF","A","2016",5.8,
"HUN","FBORNUNEMP","WOMEN","PC_FBORNLF","A","2000",4.8,
"HUN","FBORNUNEMP","WOMEN","PC_FBORNLF","A","2001",8.2,
"HUN","FBORNUNEMP","WOMEN","PC_FBORNLF","A","2002",7.1,
"HUN","FBORNUNEMP","WOMEN","PC_FBORNLF","A","2003",4.4,
"HUN","FBORNUNEMP","WOMEN","PC_FBORNLF","A","2004",6.4,
"HUN","FBORNUNEMP","WOMEN","PC_FBORNLF","A","2005",6.4,
"HUN","FBORNUNEMP","WOMEN","PC_FBORNLF","A","2006",10.3,
"HUN","FBORNUNEMP","WOMEN","PC_FBORNLF","A","2007",6.1,
"HUN","FBORNUNEMP","WOMEN","PC_FBORNLF","A","2008",5.9,
"HUN","FBORNUNEMP","WOMEN","PC_FBORNLF","A","2009",9.6,
"HUN","FBORNUNEMP","WOMEN","PC_FBORNLF","A","2010",7.4,
"HUN","FBORNUNEMP","WOMEN","PC_FBORNLF","A","2011",10.1,
"HUN","FBORNUNEMP","WOMEN","PC_FBORNLF","A","2012",9.2,
"HUN","FBORNUNEMP","WOMEN","PC_FBORNLF","A","2013",12.8,
"HUN","FBORNUNEMP","WOMEN","PC_FBORNLF","A","2014",8.3,
"HUN","FBORNUNEMP","WOMEN","PC_FBORNLF","A","2015",8.7,
"HUN","FBORNUNEMP","WOMEN","PC_FBORNLF","A","2016",6.6,
"ISL","FBORNUNEMP","MEN","PC_FBORNLF","A","2000",0,
"ISL","FBORNUNEMP","MEN","PC_FBORNLF","A","2001",0,
"ISL","FBORNUNEMP","MEN","PC_FBORNLF","A","2002",4.8,
"ISL","FBORNUNEMP","MEN","PC_FBORNLF","A","2003",5,
"ISL","FBORNUNEMP","MEN","PC_FBORNLF","A","2004",9.7,
"ISL","FBORNUNEMP","MEN","PC_FBORNLF","A","2005",2.9,
"ISL","FBORNUNEMP","MEN","PC_FBORNLF","A","2006",2.6,
"ISL","FBORNUNEMP","MEN","PC_FBORNLF","A","2007",2.1,
"ISL","FBORNUNEMP","MEN","PC_FBORNLF","A","2008",6.1,
"ISL","FBORNUNEMP","MEN","PC_FBORNLF","A","2009",14.9,
"ISL","FBORNUNEMP","MEN","PC_FBORNLF","A","2010",16.2,
"ISL","FBORNUNEMP","MEN","PC_FBORNLF","A","2011",11.8,
"ISL","FBORNUNEMP","MEN","PC_FBORNLF","A","2012",9.1,
"ISL","FBORNUNEMP","MEN","PC_FBORNLF","A","2013",9.1,
"ISL","FBORNUNEMP","MEN","PC_FBORNLF","A","2014",7.3,
"ISL","FBORNUNEMP","MEN","PC_FBORNLF","A","2015",7.8,
"ISL","FBORNUNEMP","MEN","PC_FBORNLF","A","2016",4.5,
"ISL","FBORNUNEMP","TOT","PC_FBORNLF","A","2000",0.8,
"ISL","FBORNUNEMP","TOT","PC_FBORNLF","A","2001",1.2,
"ISL","FBORNUNEMP","TOT","PC_FBORNLF","A","2002",3.7,
"ISL","FBORNUNEMP","TOT","PC_FBORNLF","A","2003",4,
"ISL","FBORNUNEMP","TOT","PC_FBORNLF","A","2004",8.1,
"ISL","FBORNUNEMP","TOT","PC_FBORNLF","A","2005",2.5,
"ISL","FBORNUNEMP","TOT","PC_FBORNLF","A","2006",2.2,
"ISL","FBORNUNEMP","TOT","PC_FBORNLF","A","2007",3,
"ISL","FBORNUNEMP","TOT","PC_FBORNLF","A","2008",4.9,
"ISL","FBORNUNEMP","TOT","PC_FBORNLF","A","2009",11.8,
"ISL","FBORNUNEMP","TOT","PC_FBORNLF","A","2010",13.5,
"ISL","FBORNUNEMP","TOT","PC_FBORNLF","A","2011",11.2,
"ISL","FBORNUNEMP","TOT","PC_FBORNLF","A","2012",9.5,
"ISL","FBORNUNEMP","TOT","PC_FBORNLF","A","2013",8.6,
"ISL","FBORNUNEMP","TOT","PC_FBORNLF","A","2014",7.6,
"ISL","FBORNUNEMP","TOT","PC_FBORNLF","A","2015",7,
"ISL","FBORNUNEMP","TOT","PC_FBORNLF","A","2016",4.1,
"ISL","FBORNUNEMP","WOMEN","PC_FBORNLF","A","2000",1.5,
"ISL","FBORNUNEMP","WOMEN","PC_FBORNLF","A","2001",2.1,
"ISL","FBORNUNEMP","WOMEN","PC_FBORNLF","A","2002",2.9,
"ISL","FBORNUNEMP","WOMEN","PC_FBORNLF","A","2003",2.9,
"ISL","FBORNUNEMP","WOMEN","PC_FBORNLF","A","2004",6.7,
"ISL","FBORNUNEMP","WOMEN","PC_FBORNLF","A","2005",2.2,
"ISL","FBORNUNEMP","WOMEN","PC_FBORNLF","A","2006",1.7,
"ISL","FBORNUNEMP","WOMEN","PC_FBORNLF","A","2007",3.9,
"ISL","FBORNUNEMP","WOMEN","PC_FBORNLF","A","2008",3.5,
"ISL","FBORNUNEMP","WOMEN","PC_FBORNLF","A","2009",8.5,
"ISL","FBORNUNEMP","WOMEN","PC_FBORNLF","A","2010",10.9,
"ISL","FBORNUNEMP","WOMEN","PC_FBORNLF","A","2011",10.5,
"ISL","FBORNUNEMP","WOMEN","PC_FBORNLF","A","2012",9.9,
"ISL","FBORNUNEMP","WOMEN","PC_FBORNLF","A","2013",8.1,
"ISL","FBORNUNEMP","WOMEN","PC_FBORNLF","A","2014",7.9,
"ISL","FBORNUNEMP","WOMEN","PC_FBORNLF","A","2015",6.1,
"IRL","FBORNUNEMP","MEN","PC_FBORNLF","A","2000",5.4,
"IRL","FBORNUNEMP","MEN","PC_FBORNLF","A","2001",5.1,
"IRL","FBORNUNEMP","MEN","PC_FBORNLF","A","2002",5.1,
"IRL","FBORNUNEMP","MEN","PC_FBORNLF","A","2003",6.6,
"IRL","FBORNUNEMP","MEN","PC_FBORNLF","A","2004",6.7,
"IRL","FBORNUNEMP","MEN","PC_FBORNLF","A","2005",6,
"IRL","FBORNUNEMP","MEN","PC_FBORNLF","A","2006",6.1,
"IRL","FBORNUNEMP","MEN","PC_FBORNLF","A","2007",6,
"IRL","FBORNUNEMP","MEN","PC_FBORNLF","A","2008",7.1,
"IRL","FBORNUNEMP","MEN","PC_FBORNLF","A","2009",18.5,
"IRL","FBORNUNEMP","MEN","PC_FBORNLF","A","2010",19.9,
"IRL","FBORNUNEMP","MEN","PC_FBORNLF","A","2011",19.8,
"IRL","FBORNUNEMP","MEN","PC_FBORNLF","A","2012",19.4,
"IRL","FBORNUNEMP","MEN","PC_FBORNLF","A","2013",16.7,
"IRL","FBORNUNEMP","MEN","PC_FBORNLF","A","2014",14.2,
"IRL","FBORNUNEMP","MEN","PC_FBORNLF","A","2015",12.9,
"IRL","FBORNUNEMP","MEN","PC_FBORNLF","A","2016",9.8,
"IRL","FBORNUNEMP","TOT","PC_FBORNLF","A","2000",5.7,
"IRL","FBORNUNEMP","TOT","PC_FBORNLF","A","2001",4.8,
"IRL","FBORNUNEMP","TOT","PC_FBORNLF","A","2002",5,
"IRL","FBORNUNEMP","TOT","PC_FBORNLF","A","2003",6.4,
"IRL","FBORNUNEMP","TOT","PC_FBORNLF","A","2004",6.1,
"IRL","FBORNUNEMP","TOT","PC_FBORNLF","A","2005",6,
"IRL","FBORNUNEMP","TOT","PC_FBORNLF","A","2006",6.1,
"IRL","FBORNUNEMP","TOT","PC_FBORNLF","A","2007",5.9,
"IRL","FBORNUNEMP","TOT","PC_FBORNLF","A","2008",6.8,
"IRL","FBORNUNEMP","TOT","PC_FBORNLF","A","2009",15.7,
"IRL","FBORNUNEMP","TOT","PC_FBORNLF","A","2010",16.9,
"IRL","FBORNUNEMP","TOT","PC_FBORNLF","A","2011",17.3,
"IRL","FBORNUNEMP","TOT","PC_FBORNLF","A","2012",17.3,
"IRL","FBORNUNEMP","TOT","PC_FBORNLF","A","2013",15.7,
"IRL","FBORNUNEMP","TOT","PC_FBORNLF","A","2014",13.5,
"IRL","FBORNUNEMP","TOT","PC_FBORNLF","A","2015",11.4,
"IRL","FBORNUNEMP","TOT","PC_FBORNLF","A","2016",9.3,
"IRL","FBORNUNEMP","WOMEN","PC_FBORNLF","A","2000",6.1,
"IRL","FBORNUNEMP","WOMEN","PC_FBORNLF","A","2001",4.5,
"IRL","FBORNUNEMP","WOMEN","PC_FBORNLF","A","2002",5,
"IRL","FBORNUNEMP","WOMEN","PC_FBORNLF","A","2003",6.1,
"IRL","FBORNUNEMP","WOMEN","PC_FBORNLF","A","2004",5.2,
"IRL","FBORNUNEMP","WOMEN","PC_FBORNLF","A","2005",6,
"IRL","FBORNUNEMP","WOMEN","PC_FBORNLF","A","2006",6.2,
"IRL","FBORNUNEMP","WOMEN","PC_FBORNLF","A","2007",5.8,
"IRL","FBORNUNEMP","WOMEN","PC_FBORNLF","A","2008",6.5,
"IRL","FBORNUNEMP","WOMEN","PC_FBORNLF","A","2009",12.1,
"IRL","FBORNUNEMP","WOMEN","PC_FBORNLF","A","2010",13.2,
"IRL","FBORNUNEMP","WOMEN","PC_FBORNLF","A","2011",14.3,
"IRL","FBORNUNEMP","WOMEN","PC_FBORNLF","A","2012",14.8,
"IRL","FBORNUNEMP","WOMEN","PC_FBORNLF","A","2013",14.5,
"IRL","FBORNUNEMP","WOMEN","PC_FBORNLF","A","2014",12.7,
"IRL","FBORNUNEMP","WOMEN","PC_FBORNLF","A","2015",9.7,
"IRL","FBORNUNEMP","WOMEN","PC_FBORNLF","A","2016",8.8,
"ITA","FBORNUNEMP","MEN","PC_FBORNLF","A","2000",6.9,
"ITA","FBORNUNEMP","MEN","PC_FBORNLF","A","2001",7.8,
"ITA","FBORNUNEMP","MEN","PC_FBORNLF","A","2002",4.8,
"ITA","FBORNUNEMP","MEN","PC_FBORNLF","A","2003",3.8,
"ITA","FBORNUNEMP","MEN","PC_FBORNLF","A","2004",6.2,
"ITA","FBORNUNEMP","MEN","PC_FBORNLF","A","2005",6.8,
"ITA","FBORNUNEMP","MEN","PC_FBORNLF","A","2006",5.7,
"ITA","FBORNUNEMP","MEN","PC_FBORNLF","A","2007",5.3,
"ITA","FBORNUNEMP","MEN","PC_FBORNLF","A","2008",5.9,
"ITA","FBORNUNEMP","MEN","PC_FBORNLF","A","2009",9.4,
"ITA","FBORNUNEMP","MEN","PC_FBORNLF","A","2010",10,
"ITA","FBORNUNEMP","MEN","PC_FBORNLF","A","2011",9.7,
"ITA","FBORNUNEMP","MEN","PC_FBORNLF","A","2012",12.4,
"ITA","FBORNUNEMP","MEN","PC_FBORNLF","A","2013",15.9,
"ITA","FBORNUNEMP","MEN","PC_FBORNLF","A","2014",15.6,
"ITA","FBORNUNEMP","MEN","PC_FBORNLF","A","2015",14.5,
"ITA","FBORNUNEMP","MEN","PC_FBORNLF","A","2016",13.2,
"ITA","FBORNUNEMP","TOT","PC_FBORNLF","A","2000",12.2,
"ITA","FBORNUNEMP","TOT","PC_FBORNLF","A","2001",13,
"ITA","FBORNUNEMP","TOT","PC_FBORNLF","A","2002",8.8,
"ITA","FBORNUNEMP","TOT","PC_FBORNLF","A","2003",6.4,
"ITA","FBORNUNEMP","TOT","PC_FBORNLF","A","2004",9.2,
"ITA","FBORNUNEMP","TOT","PC_FBORNLF","A","2005",10,
"ITA","FBORNUNEMP","TOT","PC_FBORNLF","A","2006",8.5,
"ITA","FBORNUNEMP","TOT","PC_FBORNLF","A","2007",7.9,
"ITA","FBORNUNEMP","TOT","PC_FBORNLF","A","2008",8.5,
"ITA","FBORNUNEMP","TOT","PC_FBORNLF","A","2009",11,
"ITA","FBORNUNEMP","TOT","PC_FBORNLF","A","2010",11.5,
"ITA","FBORNUNEMP","TOT","PC_FBORNLF","A","2011",11.7,
"ITA","FBORNUNEMP","TOT","PC_FBORNLF","A","2012",13.8,
"ITA","FBORNUNEMP","TOT","PC_FBORNLF","A","2013",16.7,
"ITA","FBORNUNEMP","TOT","PC_FBORNLF","A","2014",16.4,
"ITA","FBORNUNEMP","TOT","PC_FBORNLF","A","2015",15.7,
"ITA","FBORNUNEMP","TOT","PC_FBORNLF","A","2016",14.9,
"ITA","FBORNUNEMP","WOMEN","PC_FBORNLF","A","2000",21.1,
"ITA","FBORNUNEMP","WOMEN","PC_FBORNLF","A","2001",21.4,
"ITA","FBORNUNEMP","WOMEN","PC_FBORNLF","A","2002",15.1,
"ITA","FBORNUNEMP","WOMEN","PC_FBORNLF","A","2003",10.6,
"ITA","FBORNUNEMP","WOMEN","PC_FBORNLF","A","2004",13.2,
"ITA","FBORNUNEMP","WOMEN","PC_FBORNLF","A","2005",14.5,
"ITA","FBORNUNEMP","WOMEN","PC_FBORNLF","A","2006",12.4,
"ITA","FBORNUNEMP","WOMEN","PC_FBORNLF","A","2007",11.4,
"ITA","FBORNUNEMP","WOMEN","PC_FBORNLF","A","2008",11.8,
"ITA","FBORNUNEMP","WOMEN","PC_FBORNLF","A","2009",13,
"ITA","FBORNUNEMP","WOMEN","PC_FBORNLF","A","2010",13.3,
"ITA","FBORNUNEMP","WOMEN","PC_FBORNLF","A","2011",14.1,
"ITA","FBORNUNEMP","WOMEN","PC_FBORNLF","A","2012",15.5,
"ITA","FBORNUNEMP","WOMEN","PC_FBORNLF","A","2013",17.5,
"ITA","FBORNUNEMP","WOMEN","PC_FBORNLF","A","2014",17.4,
"ITA","FBORNUNEMP","WOMEN","PC_FBORNLF","A","2015",17,
"ITA","FBORNUNEMP","WOMEN","PC_FBORNLF","A","2016",16.9,
"LUX","FBORNUNEMP","MEN","PC_FBORNLF","A","2000",2.5,
"LUX","FBORNUNEMP","MEN","PC_FBORNLF","A","2001",1.8,
"LUX","FBORNUNEMP","MEN","PC_FBORNLF","A","2002",2.4,
"LUX","FBORNUNEMP","MEN","PC_FBORNLF","A","2003",3.8,
"LUX","FBORNUNEMP","MEN","PC_FBORNLF","A","2004",5.2,
"LUX","FBORNUNEMP","MEN","PC_FBORNLF","A","2005",4.2,
"LUX","FBORNUNEMP","MEN","PC_FBORNLF","A","2006",4.7,
"LUX","FBORNUNEMP","MEN","PC_FBORNLF","A","2007",4.3,
"LUX","FBORNUNEMP","MEN","PC_FBORNLF","A","2008",6.4,
"LUX","FBORNUNEMP","MEN","PC_FBORNLF","A","2009",6.1,
"LUX","FBORNUNEMP","MEN","PC_FBORNLF","A","2010",5.3,
"LUX","FBORNUNEMP","MEN","PC_FBORNLF","A","2011",5,
"LUX","FBORNUNEMP","MEN","PC_FBORNLF","A","2012",5.4,
"LUX","FBORNUNEMP","MEN","PC_FBORNLF","A","2013",6.5,
"LUX","FBORNUNEMP","MEN","PC_FBORNLF","A","2014",7.1,
"LUX","FBORNUNEMP","MEN","PC_FBORNLF","A","2015",7.8,
"LUX","FBORNUNEMP","MEN","PC_FBORNLF","A","2016",7.3,
"LUX","FBORNUNEMP","TOT","PC_FBORNLF","A","2000",2.9,
"LUX","FBORNUNEMP","TOT","PC_FBORNLF","A","2001",2.5,
"LUX","FBORNUNEMP","TOT","PC_FBORNLF","A","2002",3.5,
"LUX","FBORNUNEMP","TOT","PC_FBORNLF","A","2003",4.7,
"LUX","FBORNUNEMP","TOT","PC_FBORNLF","A","2004",7.3,
"LUX","FBORNUNEMP","TOT","PC_FBORNLF","A","2005",5.6,
"LUX","FBORNUNEMP","TOT","PC_FBORNLF","A","2006",6.5,
"LUX","FBORNUNEMP","TOT","PC_FBORNLF","A","2007",4.6,
"LUX","FBORNUNEMP","TOT","PC_FBORNLF","A","2008",6.6,
"LUX","FBORNUNEMP","TOT","PC_FBORNLF","A","2009",7.3,
"LUX","FBORNUNEMP","TOT","PC_FBORNLF","A","2010",6,
"LUX","FBORNUNEMP","TOT","PC_FBORNLF","A","2011",6.7,
"LUX","FBORNUNEMP","TOT","PC_FBORNLF","A","2012",6.4,
"LUX","FBORNUNEMP","TOT","PC_FBORNLF","A","2013",7.5,
"LUX","FBORNUNEMP","TOT","PC_FBORNLF","A","2014",7.2,
"LUX","FBORNUNEMP","TOT","PC_FBORNLF","A","2015",8.7,
"LUX","FBORNUNEMP","TOT","PC_FBORNLF","A","2016",8.1,
"LUX","FBORNUNEMP","WOMEN","PC_FBORNLF","A","2000",3.3,
"LUX","FBORNUNEMP","WOMEN","PC_FBORNLF","A","2001",3.5,
"LUX","FBORNUNEMP","WOMEN","PC_FBORNLF","A","2002",5,
"LUX","FBORNUNEMP","WOMEN","PC_FBORNLF","A","2003",6.1,
"LUX","FBORNUNEMP","WOMEN","PC_FBORNLF","A","2004",10.1,
"LUX","FBORNUNEMP","WOMEN","PC_FBORNLF","A","2005",7.5,
"LUX","FBORNUNEMP","WOMEN","PC_FBORNLF","A","2006",8.9,
"LUX","FBORNUNEMP","WOMEN","PC_FBORNLF","A","2007",5.1,
"LUX","FBORNUNEMP","WOMEN","PC_FBORNLF","A","2008",6.8,
"LUX","FBORNUNEMP","WOMEN","PC_FBORNLF","A","2009",8.8,
"LUX","FBORNUNEMP","WOMEN","PC_FBORNLF","A","2010",6.8,
"LUX","FBORNUNEMP","WOMEN","PC_FBORNLF","A","2011",8.8,
"LUX","FBORNUNEMP","WOMEN","PC_FBORNLF","A","2012",7.8,
"LUX","FBORNUNEMP","WOMEN","PC_FBORNLF","A","2013",8.6,
"LUX","FBORNUNEMP","WOMEN","PC_FBORNLF","A","2014",7.3,
"LUX","FBORNUNEMP","WOMEN","PC_FBORNLF","A","2015",9.7,
"LUX","FBORNUNEMP","WOMEN","PC_FBORNLF","A","2016",8.7,
"MEX","FBORNUNEMP","MEN","PC_FBORNLF","A","2005",3.3,
"MEX","FBORNUNEMP","MEN","PC_FBORNLF","A","2006",4.3,
"MEX","FBORNUNEMP","MEN","PC_FBORNLF","A","2007",4.1,
"MEX","FBORNUNEMP","MEN","PC_FBORNLF","A","2008",4,
"MEX","FBORNUNEMP","MEN","PC_FBORNLF","A","2009",7,
"MEX","FBORNUNEMP","MEN","PC_FBORNLF","A","2010",6.8,
"MEX","FBORNUNEMP","MEN","PC_FBORNLF","A","2011",5.2,
"MEX","FBORNUNEMP","MEN","PC_FBORNLF","A","2012",7.8,
"MEX","FBORNUNEMP","MEN","PC_FBORNLF","A","2013",6.9,
"MEX","FBORNUNEMP","MEN","PC_FBORNLF","A","2014",7.2,
"MEX","FBORNUNEMP","MEN","PC_FBORNLF","A","2015",5.8,
"MEX","FBORNUNEMP","MEN","PC_FBORNLF","A","2016",4.9,
"MEX","FBORNUNEMP","TOT","PC_FBORNLF","A","2005",3.1,
"MEX","FBORNUNEMP","TOT","PC_FBORNLF","A","2006",4,
"MEX","FBORNUNEMP","TOT","PC_FBORNLF","A","2007",6.2,
"MEX","FBORNUNEMP","TOT","PC_FBORNLF","A","2008",4.6,
"MEX","FBORNUNEMP","TOT","PC_FBORNLF","A","2009",7,
"MEX","FBORNUNEMP","TOT","PC_FBORNLF","A","2010",6.8,
"MEX","FBORNUNEMP","TOT","PC_FBORNLF","A","2011",6.3,
"MEX","FBORNUNEMP","TOT","PC_FBORNLF","A","2012",7.3,
"MEX","FBORNUNEMP","TOT","PC_FBORNLF","A","2013",6.9,
"MEX","FBORNUNEMP","TOT","PC_FBORNLF","A","2014",6.8,
"MEX","FBORNUNEMP","TOT","PC_FBORNLF","A","2015",5.4,
"MEX","FBORNUNEMP","TOT","PC_FBORNLF","A","2016",4.5,
"MEX","FBORNUNEMP","WOMEN","PC_FBORNLF","A","2005",2.8,
"MEX","FBORNUNEMP","WOMEN","PC_FBORNLF","A","2006",3.3,
"MEX","FBORNUNEMP","WOMEN","PC_FBORNLF","A","2007",10.7,
"MEX","FBORNUNEMP","WOMEN","PC_FBORNLF","A","2008",5.9,
"MEX","FBORNUNEMP","WOMEN","PC_FBORNLF","A","2009",7.1,
"MEX","FBORNUNEMP","WOMEN","PC_FBORNLF","A","2010",6.7,
"MEX","FBORNUNEMP","WOMEN","PC_FBORNLF","A","2011",8.2,
"MEX","FBORNUNEMP","WOMEN","PC_FBORNLF","A","2012",6.5,
"MEX","FBORNUNEMP","WOMEN","PC_FBORNLF","A","2013",6.8,
"MEX","FBORNUNEMP","WOMEN","PC_FBORNLF","A","2014",6.1,
"MEX","FBORNUNEMP","WOMEN","PC_FBORNLF","A","2015",4.5,
"MEX","FBORNUNEMP","WOMEN","PC_FBORNLF","A","2016",3.9,
"NLD","FBORNUNEMP","MEN","PC_FBORNLF","A","2000",5.4,
"NLD","FBORNUNEMP","MEN","PC_FBORNLF","A","2001",4.3,
"NLD","FBORNUNEMP","MEN","PC_FBORNLF","A","2002",5.1,
"NLD","FBORNUNEMP","MEN","PC_FBORNLF","A","2003",8.7,
"NLD","FBORNUNEMP","MEN","PC_FBORNLF","A","2004",10.1,
"NLD","FBORNUNEMP","MEN","PC_FBORNLF","A","2005",10.8,
"NLD","FBORNUNEMP","MEN","PC_FBORNLF","A","2006",10.4,
"NLD","FBORNUNEMP","MEN","PC_FBORNLF","A","2007",7.5,
"NLD","FBORNUNEMP","MEN","PC_FBORNLF","A","2008",6.5,
"NLD","FBORNUNEMP","MEN","PC_FBORNLF","A","2009",8.8,
"NLD","FBORNUNEMP","MEN","PC_FBORNLF","A","2010",7.8,
"NLD","FBORNUNEMP","MEN","PC_FBORNLF","A","2011",10.3,
"NLD","FBORNUNEMP","MEN","PC_FBORNLF","A","2012",10.5,
"NLD","FBORNUNEMP","MEN","PC_FBORNLF","A","2013",13.1,
"NLD","FBORNUNEMP","MEN","PC_FBORNLF","A","2014",12.2,
"NLD","FBORNUNEMP","MEN","PC_FBORNLF","A","2015",11.1,
"NLD","FBORNUNEMP","MEN","PC_FBORNLF","A","2016",9.6,
"NLD","FBORNUNEMP","TOT","PC_FBORNLF","A","2000",6.2,
"NLD","FBORNUNEMP","TOT","PC_FBORNLF","A","2001",4.4,
"NLD","FBORNUNEMP","TOT","PC_FBORNLF","A","2002",5.3,
"NLD","FBORNUNEMP","TOT","PC_FBORNLF","A","2003",8.6,
"NLD","FBORNUNEMP","TOT","PC_FBORNLF","A","2004",10.2,
"NLD","FBORNUNEMP","TOT","PC_FBORNLF","A","2005",10.4,
"NLD","FBORNUNEMP","TOT","PC_FBORNLF","A","2006",10.6,
"NLD","FBORNUNEMP","TOT","PC_FBORNLF","A","2007",7.6,
"NLD","FBORNUNEMP","TOT","PC_FBORNLF","A","2008",6.6,
"NLD","FBORNUNEMP","TOT","PC_FBORNLF","A","2009",8.1,
"NLD","FBORNUNEMP","TOT","PC_FBORNLF","A","2010",8.2,
"NLD","FBORNUNEMP","TOT","PC_FBORNLF","A","2011",9.5,
"NLD","FBORNUNEMP","TOT","PC_FBORNLF","A","2012",11.3,
"NLD","FBORNUNEMP","TOT","PC_FBORNLF","A","2013",13.4,
"NLD","FBORNUNEMP","TOT","PC_FBORNLF","A","2014",12.9,
"NLD","FBORNUNEMP","TOT","PC_FBORNLF","A","2015",12.1,
"NLD","FBORNUNEMP","TOT","PC_FBORNLF","A","2016",10.6,
"NLD","FBORNUNEMP","WOMEN","PC_FBORNLF","A","2000",7.3,
"NLD","FBORNUNEMP","WOMEN","PC_FBORNLF","A","2001",4.7,
"NLD","FBORNUNEMP","WOMEN","PC_FBORNLF","A","2002",5.5,
"NLD","FBORNUNEMP","WOMEN","PC_FBORNLF","A","2003",8.4,
"NLD","FBORNUNEMP","WOMEN","PC_FBORNLF","A","2004",10.3,
"NLD","FBORNUNEMP","WOMEN","PC_FBORNLF","A","2005",9.9,
"NLD","FBORNUNEMP","WOMEN","PC_FBORNLF","A","2006",10.9,
"NLD","FBORNUNEMP","WOMEN","PC_FBORNLF","A","2007",7.7,
"NLD","FBORNUNEMP","WOMEN","PC_FBORNLF","A","2008",6.6,
"NLD","FBORNUNEMP","WOMEN","PC_FBORNLF","A","2009",7.3,
"NLD","FBORNUNEMP","WOMEN","PC_FBORNLF","A","2010",8.7,
"NLD","FBORNUNEMP","WOMEN","PC_FBORNLF","A","2011",8.7,
"NLD","FBORNUNEMP","WOMEN","PC_FBORNLF","A","2012",12.1,
"NLD","FBORNUNEMP","WOMEN","PC_FBORNLF","A","2013",13.6,
"NLD","FBORNUNEMP","WOMEN","PC_FBORNLF","A","2014",13.6,
"NLD","FBORNUNEMP","WOMEN","PC_FBORNLF","A","2015",13.3,
"NLD","FBORNUNEMP","WOMEN","PC_FBORNLF","A","2016",11.6,
"NZL","FBORNUNEMP","MEN","PC_FBORNLF","A","2001",6.5,
"NZL","FBORNUNEMP","MEN","PC_FBORNLF","A","2002",6.1,
"NZL","FBORNUNEMP","MEN","PC_FBORNLF","A","2003",5.4,
"NZL","FBORNUNEMP","MEN","PC_FBORNLF","A","2004",4.5,
"NZL","FBORNUNEMP","MEN","PC_FBORNLF","A","2005",4.3,
"NZL","FBORNUNEMP","MEN","PC_FBORNLF","A","2006",4.1,
"NZL","FBORNUNEMP","MEN","PC_FBORNLF","A","2007",3.5,
"NZL","FBORNUNEMP","MEN","PC_FBORNLF","A","2008",4,
"NZL","FBORNUNEMP","MEN","PC_FBORNLF","A","2009",7.1,
"NZL","FBORNUNEMP","MEN","PC_FBORNLF","A","2010",7.2,
"NZL","FBORNUNEMP","MEN","PC_FBORNLF","A","2011",6.8,
"NZL","FBORNUNEMP","MEN","PC_FBORNLF","A","2012",7.1,
"NZL","FBORNUNEMP","MEN","PC_FBORNLF","A","2013",5.4,
"NZL","FBORNUNEMP","MEN","PC_FBORNLF","A","2014",5.2,
"NZL","FBORNUNEMP","MEN","PC_FBORNLF","A","2015",5.5,
"NZL","FBORNUNEMP","MEN","PC_FBORNLF","A","2016",4.7,
"NZL","FBORNUNEMP","TOT","PC_FBORNLF","A","2001",6.3,
"NZL","FBORNUNEMP","TOT","PC_FBORNLF","A","2002",6.1,
"NZL","FBORNUNEMP","TOT","PC_FBORNLF","A","2003",5.5,
"NZL","FBORNUNEMP","TOT","PC_FBORNLF","A","2004",5,
"NZL","FBORNUNEMP","TOT","PC_FBORNLF","A","2005",4.5,
"NZL","FBORNUNEMP","TOT","PC_FBORNLF","A","2006",4.4,
"NZL","FBORNUNEMP","TOT","PC_FBORNLF","A","2007",4.2,
"NZL","FBORNUNEMP","TOT","PC_FBORNLF","A","2008",4.7,
"NZL","FBORNUNEMP","TOT","PC_FBORNLF","A","2009",7,
"NZL","FBORNUNEMP","TOT","PC_FBORNLF","A","2010",7.4,
"NZL","FBORNUNEMP","TOT","PC_FBORNLF","A","2011",6.8,
"NZL","FBORNUNEMP","TOT","PC_FBORNLF","A","2012",7.6,
"NZL","FBORNUNEMP","TOT","PC_FBORNLF","A","2013",6.2,
"NZL","FBORNUNEMP","TOT","PC_FBORNLF","A","2014",6.3,
"NZL","FBORNUNEMP","TOT","PC_FBORNLF","A","2015",6,
"NZL","FBORNUNEMP","TOT","PC_FBORNLF","A","2016",5,
"NZL","FBORNUNEMP","WOMEN","PC_FBORNLF","A","2001",6.1,
"NZL","FBORNUNEMP","WOMEN","PC_FBORNLF","A","2002",6.1,
"NZL","FBORNUNEMP","WOMEN","PC_FBORNLF","A","2003",5.7,
"NZL","FBORNUNEMP","WOMEN","PC_FBORNLF","A","2004",5.6,
"NZL","FBORNUNEMP","WOMEN","PC_FBORNLF","A","2005",4.9,
"NZL","FBORNUNEMP","WOMEN","PC_FBORNLF","A","2006",4.8,
"NZL","FBORNUNEMP","WOMEN","PC_FBORNLF","A","2007",5,
"NZL","FBORNUNEMP","WOMEN","PC_FBORNLF","A","2008",5.5,
"NZL","FBORNUNEMP","WOMEN","PC_FBORNLF","A","2009",6.9,
"NZL","FBORNUNEMP","WOMEN","PC_FBORNLF","A","2010",7.7,
"NZL","FBORNUNEMP","WOMEN","PC_FBORNLF","A","2011",6.8,
"NZL","FBORNUNEMP","WOMEN","PC_FBORNLF","A","2012",8.1,
"NZL","FBORNUNEMP","WOMEN","PC_FBORNLF","A","2013",7.2,
"NZL","FBORNUNEMP","WOMEN","PC_FBORNLF","A","2014",7.5,
"NZL","FBORNUNEMP","WOMEN","PC_FBORNLF","A","2015",6.7,
"NZL","FBORNUNEMP","WOMEN","PC_FBORNLF","A","2016",5.3,
"NOR","FBORNUNEMP","MEN","PC_FBORNLF","A","2000",6.8,
"NOR","FBORNUNEMP","MEN","PC_FBORNLF","A","2001",7.4,
"NOR","FBORNUNEMP","MEN","PC_FBORNLF","A","2002",8.5,
"NOR","FBORNUNEMP","MEN","PC_FBORNLF","A","2003",11,
"NOR","FBORNUNEMP","MEN","PC_FBORNLF","A","2004",8.9,
"NOR","FBORNUNEMP","MEN","PC_FBORNLF","A","2005",12.5,
"NOR","FBORNUNEMP","MEN","PC_FBORNLF","A","2006",8.9,
"NOR","FBORNUNEMP","MEN","PC_FBORNLF","A","2007",6.1,
"NOR","FBORNUNEMP","MEN","PC_FBORNLF","A","2008",6.4,
"NOR","FBORNUNEMP","MEN","PC_FBORNLF","A","2009",10.2,
"NOR","FBORNUNEMP","MEN","PC_FBORNLF","A","2010",9.1,
"NOR","FBORNUNEMP","MEN","PC_FBORNLF","A","2011",9.4,
"NOR","FBORNUNEMP","MEN","PC_FBORNLF","A","2012",7.2,
"NOR","FBORNUNEMP","MEN","PC_FBORNLF","A","2013",7.4,
"NOR","FBORNUNEMP","MEN","PC_FBORNLF","A","2014",7.6,
"NOR","FBORNUNEMP","MEN","PC_FBORNLF","A","2015",10.2,
"NOR","FBORNUNEMP","MEN","PC_FBORNLF","A","2016",9.7,
"NOR","FBORNUNEMP","TOT","PC_FBORNLF","A","2000",6.1,
"NOR","FBORNUNEMP","TOT","PC_FBORNLF","A","2001",6.9,
"NOR","FBORNUNEMP","TOT","PC_FBORNLF","A","2002",8.5,
"NOR","FBORNUNEMP","TOT","PC_FBORNLF","A","2003",9,
"NOR","FBORNUNEMP","TOT","PC_FBORNLF","A","2004",8.2,
"NOR","FBORNUNEMP","TOT","PC_FBORNLF","A","2005",10.6,
"NOR","FBORNUNEMP","TOT","PC_FBORNLF","A","2006",8.3,
"NOR","FBORNUNEMP","TOT","PC_FBORNLF","A","2007",5.1,
"NOR","FBORNUNEMP","TOT","PC_FBORNLF","A","2008",5.5,
"NOR","FBORNUNEMP","TOT","PC_FBORNLF","A","2009",8.4,
"NOR","FBORNUNEMP","TOT","PC_FBORNLF","A","2010",7.9,
"NOR","FBORNUNEMP","TOT","PC_FBORNLF","A","2011",8.1,
"NOR","FBORNUNEMP","TOT","PC_FBORNLF","A","2012",6.8,
"NOR","FBORNUNEMP","TOT","PC_FBORNLF","A","2013",7.8,
"NOR","FBORNUNEMP","TOT","PC_FBORNLF","A","2014",7.9,
"NOR","FBORNUNEMP","TOT","PC_FBORNLF","A","2015",10.4,
"NOR","FBORNUNEMP","TOT","PC_FBORNLF","A","2016",9.7,
"NOR","FBORNUNEMP","WOMEN","PC_FBORNLF","A","2000",5.3,
"NOR","FBORNUNEMP","WOMEN","PC_FBORNLF","A","2001",6.4,
"NOR","FBORNUNEMP","WOMEN","PC_FBORNLF","A","2002",8.4,
"NOR","FBORNUNEMP","WOMEN","PC_FBORNLF","A","2003",6.3,
"NOR","FBORNUNEMP","WOMEN","PC_FBORNLF","A","2004",7.3,
"NOR","FBORNUNEMP","WOMEN","PC_FBORNLF","A","2005",8.5,
"NOR","FBORNUNEMP","WOMEN","PC_FBORNLF","A","2006",7.7,
"NOR","FBORNUNEMP","WOMEN","PC_FBORNLF","A","2007",4,
"NOR","FBORNUNEMP","WOMEN","PC_FBORNLF","A","2008",4.4,
"NOR","FBORNUNEMP","WOMEN","PC_FBORNLF","A","2009",6.6,
"NOR","FBORNUNEMP","WOMEN","PC_FBORNLF","A","2010",6.6,
"NOR","FBORNUNEMP","WOMEN","PC_FBORNLF","A","2011",6.7,
"NOR","FBORNUNEMP","WOMEN","PC_FBORNLF","A","2012",6.3,
"NOR","FBORNUNEMP","WOMEN","PC_FBORNLF","A","2013",8.3,
"NOR","FBORNUNEMP","WOMEN","PC_FBORNLF","A","2014",8.4,
"NOR","FBORNUNEMP","WOMEN","PC_FBORNLF","A","2015",10.7,
"NOR","FBORNUNEMP","WOMEN","PC_FBORNLF","A","2016",9.5,
"POL","FBORNUNEMP","MEN","PC_FBORNLF","A","2000",14.8,
"POL","FBORNUNEMP","MEN","PC_FBORNLF","A","2001",17.3,
"POL","FBORNUNEMP","MEN","PC_FBORNLF","A","2002",19.6,
"POL","FBORNUNEMP","MEN","PC_FBORNLF","A","2003",19.2,
"POL","FBORNUNEMP","MEN","PC_FBORNLF","A","2004",9.6,
"POL","FBORNUNEMP","MEN","PC_FBORNLF","A","2005",10.2,
"POL","FBORNUNEMP","MEN","PC_FBORNLF","A","2006",7.8,
"POL","FBORNUNEMP","MEN","PC_FBORNLF","A","2007",9.5,
"POL","FBORNUNEMP","MEN","PC_FBORNLF","A","2008",2.6,
"POL","FBORNUNEMP","MEN","PC_FBORNLF","A","2009",12.2,
"POL","FBORNUNEMP","MEN","PC_FBORNLF","A","2010",12.1,
"POL","FBORNUNEMP","MEN","PC_FBORNLF","A","2011",9.7,
"POL","FBORNUNEMP","MEN","PC_FBORNLF","A","2014",9.8,
"POL","FBORNUNEMP","MEN","PC_FBORNLF","A","2015",8.1,
"POL","FBORNUNEMP","TOT","PC_FBORNLF","A","2000",16.6,
"POL","FBORNUNEMP","TOT","PC_FBORNLF","A","2001",18.7,
"POL","FBORNUNEMP","TOT","PC_FBORNLF","A","2002",20.2,
"POL","FBORNUNEMP","TOT","PC_FBORNLF","A","2003",19.7,
"POL","FBORNUNEMP","TOT","PC_FBORNLF","A","2004",18.2,
"POL","FBORNUNEMP","TOT","PC_FBORNLF","A","2005",12.3,
"POL","FBORNUNEMP","TOT","PC_FBORNLF","A","2006",7.1,
"POL","FBORNUNEMP","TOT","PC_FBORNLF","A","2007",9.4,
"POL","FBORNUNEMP","TOT","PC_FBORNLF","A","2008",5.1,
"POL","FBORNUNEMP","TOT","PC_FBORNLF","A","2009",11.6,
"POL","FBORNUNEMP","TOT","PC_FBORNLF","A","2010",11.6,
"POL","FBORNUNEMP","TOT","PC_FBORNLF","A","2011",11.9,
"POL","FBORNUNEMP","TOT","PC_FBORNLF","A","2012",6.9,
"POL","FBORNUNEMP","TOT","PC_FBORNLF","A","2013",12.2,
"POL","FBORNUNEMP","TOT","PC_FBORNLF","A","2014",12.1,
"POL","FBORNUNEMP","TOT","PC_FBORNLF","A","2015",10.6,
"POL","FBORNUNEMP","TOT","PC_FBORNLF","A","2016",10.2,
"POL","FBORNUNEMP","WOMEN","PC_FBORNLF","A","2000",18.6,
"POL","FBORNUNEMP","WOMEN","PC_FBORNLF","A","2001",20.3,
"POL","FBORNUNEMP","WOMEN","PC_FBORNLF","A","2002",21,
"POL","FBORNUNEMP","WOMEN","PC_FBORNLF","A","2003",20.3,
"POL","FBORNUNEMP","WOMEN","PC_FBORNLF","A","2004",29.3,
"POL","FBORNUNEMP","WOMEN","PC_FBORNLF","A","2005",15.3,
"POL","FBORNUNEMP","WOMEN","PC_FBORNLF","A","2006",6.3,
"POL","FBORNUNEMP","WOMEN","PC_FBORNLF","A","2007",9.2,
"POL","FBORNUNEMP","WOMEN","PC_FBORNLF","A","2008",8.5,
"POL","FBORNUNEMP","WOMEN","PC_FBORNLF","A","2009",10.9,
"POL","FBORNUNEMP","WOMEN","PC_FBORNLF","A","2010",11,
"POL","FBORNUNEMP","WOMEN","PC_FBORNLF","A","2011",14.5,
"POL","FBORNUNEMP","WOMEN","PC_FBORNLF","A","2013",21.1,
"POL","FBORNUNEMP","WOMEN","PC_FBORNLF","A","2014",14.8,
"POL","FBORNUNEMP","WOMEN","PC_FBORNLF","A","2015",13.7,
"POL","FBORNUNEMP","WOMEN","PC_FBORNLF","A","2016",14.2,
"PRT","FBORNUNEMP","MEN","PC_FBORNLF","A","2000",6,
"PRT","FBORNUNEMP","MEN","PC_FBORNLF","A","2001",5.2,
"PRT","FBORNUNEMP","MEN","PC_FBORNLF","A","2002",5,
"PRT","FBORNUNEMP","MEN","PC_FBORNLF","A","2003",7.9,
"PRT","FBORNUNEMP","MEN","PC_FBORNLF","A","2004",9.8,
"PRT","FBORNUNEMP","MEN","PC_FBORNLF","A","2005",8.3,
"PRT","FBORNUNEMP","MEN","PC_FBORNLF","A","2006",8.2,
"PRT","FBORNUNEMP","MEN","PC_FBORNLF","A","2007",7.3,
"PRT","FBORNUNEMP","MEN","PC_FBORNLF","A","2008",7.8,
"PRT","FBORNUNEMP","MEN","PC_FBORNLF","A","2009",13.2,
"PRT","FBORNUNEMP","MEN","PC_FBORNLF","A","2010",12.7,
"PRT","FBORNUNEMP","MEN","PC_FBORNLF","A","2011",18,
"PRT","FBORNUNEMP","MEN","PC_FBORNLF","A","2012",20.1,
"PRT","FBORNUNEMP","MEN","PC_FBORNLF","A","2013",22.5,
"PRT","FBORNUNEMP","MEN","PC_FBORNLF","A","2014",17.2,
"PRT","FBORNUNEMP","MEN","PC_FBORNLF","A","2015",14.9,
"PRT","FBORNUNEMP","MEN","PC_FBORNLF","A","2016",13.1,
"PRT","FBORNUNEMP","TOT","PC_FBORNLF","A","2000",6.4,
"PRT","FBORNUNEMP","TOT","PC_FBORNLF","A","2001",5.8,
"PRT","FBORNUNEMP","TOT","PC_FBORNLF","A","2002",6.2,
"PRT","FBORNUNEMP","TOT","PC_FBORNLF","A","2003",9.1,
"PRT","FBORNUNEMP","TOT","PC_FBORNLF","A","2004",9.7,
"PRT","FBORNUNEMP","TOT","PC_FBORNLF","A","2005",9.4,
"PRT","FBORNUNEMP","TOT","PC_FBORNLF","A","2006",9.8,
"PRT","FBORNUNEMP","TOT","PC_FBORNLF","A","2007",9.6,
"PRT","FBORNUNEMP","TOT","PC_FBORNLF","A","2008",9.5,
"PRT","FBORNUNEMP","TOT","PC_FBORNLF","A","2009",13.1,
"PRT","FBORNUNEMP","TOT","PC_FBORNLF","A","2010",15,
"PRT","FBORNUNEMP","TOT","PC_FBORNLF","A","2011",16.9,
"PRT","FBORNUNEMP","TOT","PC_FBORNLF","A","2012",19.4,
"PRT","FBORNUNEMP","TOT","PC_FBORNLF","A","2013",21.8,
"PRT","FBORNUNEMP","TOT","PC_FBORNLF","A","2014",16.9,
"PRT","FBORNUNEMP","TOT","PC_FBORNLF","A","2015",14.8,
"PRT","FBORNUNEMP","TOT","PC_FBORNLF","A","2016",13.3,
"PRT","FBORNUNEMP","WOMEN","PC_FBORNLF","A","2000",6.9,
"PRT","FBORNUNEMP","WOMEN","PC_FBORNLF","A","2001",6.5,
"PRT","FBORNUNEMP","WOMEN","PC_FBORNLF","A","2002",7.6,
"PRT","FBORNUNEMP","WOMEN","PC_FBORNLF","A","2003",10.4,
"PRT","FBORNUNEMP","WOMEN","PC_FBORNLF","A","2004",9.6,
"PRT","FBORNUNEMP","WOMEN","PC_FBORNLF","A","2005",10.4,
"PRT","FBORNUNEMP","WOMEN","PC_FBORNLF","A","2006",11.4,
"PRT","FBORNUNEMP","WOMEN","PC_FBORNLF","A","2007",12.1,
"PRT","FBORNUNEMP","WOMEN","PC_FBORNLF","A","2008",11.2,
"PRT","FBORNUNEMP","WOMEN","PC_FBORNLF","A","2009",13,
"PRT","FBORNUNEMP","WOMEN","PC_FBORNLF","A","2010",17.2,
"PRT","FBORNUNEMP","WOMEN","PC_FBORNLF","A","2011",15.9,
"PRT","FBORNUNEMP","WOMEN","PC_FBORNLF","A","2012",18.6,
"PRT","FBORNUNEMP","WOMEN","PC_FBORNLF","A","2013",21,
"PRT","FBORNUNEMP","WOMEN","PC_FBORNLF","A","2014",16.7,
"PRT","FBORNUNEMP","WOMEN","PC_FBORNLF","A","2015",14.7,
"PRT","FBORNUNEMP","WOMEN","PC_FBORNLF","A","2016",13.5,
"SVK","FBORNUNEMP","MEN","PC_FBORNLF","A","2000",19.5,
"SVK","FBORNUNEMP","MEN","PC_FBORNLF","A","2001",20.1,
"SVK","FBORNUNEMP","MEN","PC_FBORNLF","A","2002",18.7,
"SVK","FBORNUNEMP","MEN","PC_FBORNLF","A","2003",23.5,
"SVK","FBORNUNEMP","MEN","PC_FBORNLF","A","2004",17.9,
"SVK","FBORNUNEMP","MEN","PC_FBORNLF","A","2005",17.4,
"SVK","FBORNUNEMP","MEN","PC_FBORNLF","A","2006",9.9,
"SVK","FBORNUNEMP","MEN","PC_FBORNLF","A","2007",7.7,
"SVK","FBORNUNEMP","MEN","PC_FBORNLF","A","2008",5.2,
"SVK","FBORNUNEMP","MEN","PC_FBORNLF","A","2009",12.1,
"SVK","FBORNUNEMP","MEN","PC_FBORNLF","A","2010",8.9,
"SVK","FBORNUNEMP","MEN","PC_FBORNLF","A","2011",11.4,
"SVK","FBORNUNEMP","MEN","PC_FBORNLF","A","2013",11.8,
"SVK","FBORNUNEMP","TOT","PC_FBORNLF","A","2000",19.1,
"SVK","FBORNUNEMP","TOT","PC_FBORNLF","A","2001",19.4,
"SVK","FBORNUNEMP","TOT","PC_FBORNLF","A","2002",18.7,
"SVK","FBORNUNEMP","TOT","PC_FBORNLF","A","2003",22.4,
"SVK","FBORNUNEMP","TOT","PC_FBORNLF","A","2004",24.7,
"SVK","FBORNUNEMP","TOT","PC_FBORNLF","A","2005",22.2,
"SVK","FBORNUNEMP","TOT","PC_FBORNLF","A","2006",13.9,
"SVK","FBORNUNEMP","TOT","PC_FBORNLF","A","2007",6.8,
"SVK","FBORNUNEMP","TOT","PC_FBORNLF","A","2008",6.8,
"SVK","FBORNUNEMP","TOT","PC_FBORNLF","A","2009",13.1,
"SVK","FBORNUNEMP","TOT","PC_FBORNLF","A","2010",11.8,
"SVK","FBORNUNEMP","TOT","PC_FBORNLF","A","2011",15.6,
"SVK","FBORNUNEMP","TOT","PC_FBORNLF","A","2012",11.6,
"SVK","FBORNUNEMP","TOT","PC_FBORNLF","A","2013",10.7,
"SVK","FBORNUNEMP","TOT","PC_FBORNLF","A","2014",7.4,
"SVK","FBORNUNEMP","TOT","PC_FBORNLF","A","2015",13.6,
"SVK","FBORNUNEMP","TOT","PC_FBORNLF","A","2016",6.2,
"SVK","FBORNUNEMP","WOMEN","PC_FBORNLF","A","2000",18.6,
"SVK","FBORNUNEMP","WOMEN","PC_FBORNLF","A","2001",18.6,
"SVK","FBORNUNEMP","WOMEN","PC_FBORNLF","A","2002",18.8,
"SVK","FBORNUNEMP","WOMEN","PC_FBORNLF","A","2003",21.5,
"SVK","FBORNUNEMP","WOMEN","PC_FBORNLF","A","2004",30.5,
"SVK","FBORNUNEMP","WOMEN","PC_FBORNLF","A","2005",28.6,
"SVK","FBORNUNEMP","WOMEN","PC_FBORNLF","A","2006",19.7,
"SVK","FBORNUNEMP","WOMEN","PC_FBORNLF","A","2007",5.9,
"SVK","FBORNUNEMP","WOMEN","PC_FBORNLF","A","2008",8.9,
"SVK","FBORNUNEMP","WOMEN","PC_FBORNLF","A","2009",14.2,
"SVK","FBORNUNEMP","WOMEN","PC_FBORNLF","A","2010",16.7,
"SVK","FBORNUNEMP","WOMEN","PC_FBORNLF","A","2011",20.9,
"SVK","FBORNUNEMP","WOMEN","PC_FBORNLF","A","2015",18.1,
"ESP","FBORNUNEMP","MEN","PC_FBORNLF","A","2000",11.8,
"ESP","FBORNUNEMP","MEN","PC_FBORNLF","A","2001",10.3,
"ESP","FBORNUNEMP","MEN","PC_FBORNLF","A","2002",10.5,
"ESP","FBORNUNEMP","MEN","PC_FBORNLF","A","2003",11.4,
"ESP","FBORNUNEMP","MEN","PC_FBORNLF","A","2004",11.7,
"ESP","FBORNUNEMP","MEN","PC_FBORNLF","A","2005",9.1,
"ESP","FBORNUNEMP","MEN","PC_FBORNLF","A","2006",7.7,
"ESP","FBORNUNEMP","MEN","PC_FBORNLF","A","2007",8.3,
"ESP","FBORNUNEMP","MEN","PC_FBORNLF","A","2008",16,
"ESP","FBORNUNEMP","MEN","PC_FBORNLF","A","2009",29.5,
"ESP","FBORNUNEMP","MEN","PC_FBORNLF","A","2010",32.9,
"ESP","FBORNUNEMP","MEN","PC_FBORNLF","A","2011",30.9,
"ESP","FBORNUNEMP","MEN","PC_FBORNLF","A","2012",36.5,
"ESP","FBORNUNEMP","MEN","PC_FBORNLF","A","2013",37.4,
"ESP","FBORNUNEMP","MEN","PC_FBORNLF","A","2014",34,
"ESP","FBORNUNEMP","MEN","PC_FBORNLF","A","2015",29.5,
"ESP","FBORNUNEMP","MEN","PC_FBORNLF","A","2016",24.7,
"ESP","FBORNUNEMP","TOT","PC_FBORNLF","A","2000",15.2,
"ESP","FBORNUNEMP","TOT","PC_FBORNLF","A","2001",12.5,
"ESP","FBORNUNEMP","TOT","PC_FBORNLF","A","2002",13.6,
"ESP","FBORNUNEMP","TOT","PC_FBORNLF","A","2003",14.1,
"ESP","FBORNUNEMP","TOT","PC_FBORNLF","A","2004",13.9,
"ESP","FBORNUNEMP","TOT","PC_FBORNLF","A","2005",11.2,
"ESP","FBORNUNEMP","TOT","PC_FBORNLF","A","2006",11.2,
"ESP","FBORNUNEMP","TOT","PC_FBORNLF","A","2007",10.3,
"ESP","FBORNUNEMP","TOT","PC_FBORNLF","A","2008",16.4,
"ESP","FBORNUNEMP","TOT","PC_FBORNLF","A","2009",27.4,
"ESP","FBORNUNEMP","TOT","PC_FBORNLF","A","2010",30.5,
"ESP","FBORNUNEMP","TOT","PC_FBORNLF","A","2011",30.5,
"ESP","FBORNUNEMP","TOT","PC_FBORNLF","A","2012",34.5,
"ESP","FBORNUNEMP","TOT","PC_FBORNLF","A","2013",35.8,
"ESP","FBORNUNEMP","TOT","PC_FBORNLF","A","2014",33.3,
"ESP","FBORNUNEMP","TOT","PC_FBORNLF","A","2015",29.8,
"ESP","FBORNUNEMP","TOT","PC_FBORNLF","A","2016",26.1,
"ESP","FBORNUNEMP","WOMEN","PC_FBORNLF","A","2000",20,
"ESP","FBORNUNEMP","WOMEN","PC_FBORNLF","A","2001",15.6,
"ESP","FBORNUNEMP","WOMEN","PC_FBORNLF","A","2002",17.5,
"ESP","FBORNUNEMP","WOMEN","PC_FBORNLF","A","2003",17.7,
"ESP","FBORNUNEMP","WOMEN","PC_FBORNLF","A","2004",16.8,
"ESP","FBORNUNEMP","WOMEN","PC_FBORNLF","A","2005",13.8,
"ESP","FBORNUNEMP","WOMEN","PC_FBORNLF","A","2006",15.7,
"ESP","FBORNUNEMP","WOMEN","PC_FBORNLF","A","2007",12.6,
"ESP","FBORNUNEMP","WOMEN","PC_FBORNLF","A","2008",16.8,
"ESP","FBORNUNEMP","WOMEN","PC_FBORNLF","A","2009",24.9,
"ESP","FBORNUNEMP","WOMEN","PC_FBORNLF","A","2010",27.6,
"ESP","FBORNUNEMP","WOMEN","PC_FBORNLF","A","2011",30,
"ESP","FBORNUNEMP","WOMEN","PC_FBORNLF","A","2012",32.4,
"ESP","FBORNUNEMP","WOMEN","PC_FBORNLF","A","2013",34.1,
"ESP","FBORNUNEMP","WOMEN","PC_FBORNLF","A","2014",32.6,
"ESP","FBORNUNEMP","WOMEN","PC_FBORNLF","A","2015",30.1,
"ESP","FBORNUNEMP","WOMEN","PC_FBORNLF","A","2016",27.6,
"SWE","FBORNUNEMP","MEN","PC_FBORNLF","A","2000",13.5,
"SWE","FBORNUNEMP","MEN","PC_FBORNLF","A","2001",10.4,
"SWE","FBORNUNEMP","MEN","PC_FBORNLF","A","2002",11.5,
"SWE","FBORNUNEMP","MEN","PC_FBORNLF","A","2003",12.7,
"SWE","FBORNUNEMP","MEN","PC_FBORNLF","A","2004",14.2,
"SWE","FBORNUNEMP","MEN","PC_FBORNLF","A","2005",15.1,
"SWE","FBORNUNEMP","MEN","PC_FBORNLF","A","2006",13.6,
"SWE","FBORNUNEMP","MEN","PC_FBORNLF","A","2007",11.7,
"SWE","FBORNUNEMP","MEN","PC_FBORNLF","A","2008",11.5,
"SWE","FBORNUNEMP","MEN","PC_FBORNLF","A","2009",16.2,
"SWE","FBORNUNEMP","MEN","PC_FBORNLF","A","2010",16.1,
"SWE","FBORNUNEMP","MEN","PC_FBORNLF","A","2011",16.6,
"SWE","FBORNUNEMP","MEN","PC_FBORNLF","A","2012",16.9,
"SWE","FBORNUNEMP","MEN","PC_FBORNLF","A","2013",17,
"SWE","FBORNUNEMP","MEN","PC_FBORNLF","A","2014",16.6,
"SWE","FBORNUNEMP","MEN","PC_FBORNLF","A","2015",16.5,
"SWE","FBORNUNEMP","MEN","PC_FBORNLF","A","2016",16.6,
"SWE","FBORNUNEMP","TOT","PC_FBORNLF","A","2000",12.4,
"SWE","FBORNUNEMP","TOT","PC_FBORNLF","A","2001",10,
"SWE","FBORNUNEMP","TOT","PC_FBORNLF","A","2002",10.2,
"SWE","FBORNUNEMP","TOT","PC_FBORNLF","A","2003",11.1,
"SWE","FBORNUNEMP","TOT","PC_FBORNLF","A","2004",13.5,
"SWE","FBORNUNEMP","TOT","PC_FBORNLF","A","2005",14.4,
"SWE","FBORNUNEMP","TOT","PC_FBORNLF","A","2006",13.4,
"SWE","FBORNUNEMP","TOT","PC_FBORNLF","A","2007",12.1,
"SWE","FBORNUNEMP","TOT","PC_FBORNLF","A","2008",12.2,
"SWE","FBORNUNEMP","TOT","PC_FBORNLF","A","2009",15.4,
"SWE","FBORNUNEMP","TOT","PC_FBORNLF","A","2010",16.4,
"SWE","FBORNUNEMP","TOT","PC_FBORNLF","A","2011",16.3,
"SWE","FBORNUNEMP","TOT","PC_FBORNLF","A","2012",16.1,
"SWE","FBORNUNEMP","TOT","PC_FBORNLF","A","2013",16.4,
"SWE","FBORNUNEMP","TOT","PC_FBORNLF","A","2014",16.4,
"SWE","FBORNUNEMP","TOT","PC_FBORNLF","A","2015",16.2,
"SWE","FBORNUNEMP","TOT","PC_FBORNLF","A","2016",15.9,
"SWE","FBORNUNEMP","WOMEN","PC_FBORNLF","A","2000",11.2,
"SWE","FBORNUNEMP","WOMEN","PC_FBORNLF","A","2001",9.5,
"SWE","FBORNUNEMP","WOMEN","PC_FBORNLF","A","2002",8.7,
"SWE","FBORNUNEMP","WOMEN","PC_FBORNLF","A","2003",9.5,
"SWE","FBORNUNEMP","WOMEN","PC_FBORNLF","A","2004",12.6,
"SWE","FBORNUNEMP","WOMEN","PC_FBORNLF","A","2005",13.7,
"SWE","FBORNUNEMP","WOMEN","PC_FBORNLF","A","2006",13.3,
"SWE","FBORNUNEMP","WOMEN","PC_FBORNLF","A","2007",12.6,
"SWE","FBORNUNEMP","WOMEN","PC_FBORNLF","A","2008",12.9,
"SWE","FBORNUNEMP","WOMEN","PC_FBORNLF","A","2009",14.5,
"SWE","FBORNUNEMP","WOMEN","PC_FBORNLF","A","2010",16.8,
"SWE","FBORNUNEMP","WOMEN","PC_FBORNLF","A","2011",15.9,
"SWE","FBORNUNEMP","WOMEN","PC_FBORNLF","A","2012",15.1,
"SWE","FBORNUNEMP","WOMEN","PC_FBORNLF","A","2013",15.8,
"SWE","FBORNUNEMP","WOMEN","PC_FBORNLF","A","2014",16.2,
"SWE","FBORNUNEMP","WOMEN","PC_FBORNLF","A","2015",15.9,
"SWE","FBORNUNEMP","WOMEN","PC_FBORNLF","A","2016",15.1,
"CHE","FBORNUNEMP","MEN","PC_FBORNLF","A","2000",2.4,
"CHE","FBORNUNEMP","MEN","PC_FBORNLF","A","2001",3.4,
"CHE","FBORNUNEMP","MEN","PC_FBORNLF","A","2002",2.8,
"CHE","FBORNUNEMP","MEN","PC_FBORNLF","A","2003",7.2,
"CHE","FBORNUNEMP","MEN","PC_FBORNLF","A","2004",7.5,
"CHE","FBORNUNEMP","MEN","PC_FBORNLF","A","2005",7.8,
"CHE","FBORNUNEMP","MEN","PC_FBORNLF","A","2006",6.7,
"CHE","FBORNUNEMP","MEN","PC_FBORNLF","A","2007",5.8,
"CHE","FBORNUNEMP","MEN","PC_FBORNLF","A","2008",5,
"CHE","FBORNUNEMP","MEN","PC_FBORNLF","A","2009",6.2,
"CHE","FBORNUNEMP","MEN","PC_FBORNLF","A","2010",6.9,
"CHE","FBORNUNEMP","MEN","PC_FBORNLF","A","2011",6.2,
"CHE","FBORNUNEMP","MEN","PC_FBORNLF","A","2012",6.3,
"CHE","FBORNUNEMP","MEN","PC_FBORNLF","A","2013",7.2,
"CHE","FBORNUNEMP","MEN","PC_FBORNLF","A","2014",7.1,
"CHE","FBORNUNEMP","MEN","PC_FBORNLF","A","2015",7.6,
"CHE","FBORNUNEMP","MEN","PC_FBORNLF","A","2016",7.6,
"CHE","FBORNUNEMP","TOT","PC_FBORNLF","A","2000",2.7,
"CHE","FBORNUNEMP","TOT","PC_FBORNLF","A","2001",4.6,
"CHE","FBORNUNEMP","TOT","PC_FBORNLF","A","2002",3,
"CHE","FBORNUNEMP","TOT","PC_FBORNLF","A","2003",8.1,
"CHE","FBORNUNEMP","TOT","PC_FBORNLF","A","2004",8.3,
"CHE","FBORNUNEMP","TOT","PC_FBORNLF","A","2005",8.6,
"CHE","FBORNUNEMP","TOT","PC_FBORNLF","A","2006",7.9,
"CHE","FBORNUNEMP","TOT","PC_FBORNLF","A","2007",7.1,
"CHE","FBORNUNEMP","TOT","PC_FBORNLF","A","2008",6.2,
"CHE","FBORNUNEMP","TOT","PC_FBORNLF","A","2009",6.9,
"CHE","FBORNUNEMP","TOT","PC_FBORNLF","A","2010",7.8,
"CHE","FBORNUNEMP","TOT","PC_FBORNLF","A","2011",6.7,
"CHE","FBORNUNEMP","TOT","PC_FBORNLF","A","2012",7,
"CHE","FBORNUNEMP","TOT","PC_FBORNLF","A","2013",7.7,
"CHE","FBORNUNEMP","TOT","PC_FBORNLF","A","2014",7.7,
"CHE","FBORNUNEMP","TOT","PC_FBORNLF","A","2015",7.9,
"CHE","FBORNUNEMP","TOT","PC_FBORNLF","A","2016",8.2,
"CHE","FBORNUNEMP","WOMEN","PC_FBORNLF","A","2000",3.2,
"CHE","FBORNUNEMP","WOMEN","PC_FBORNLF","A","2001",6,
"CHE","FBORNUNEMP","WOMEN","PC_FBORNLF","A","2002",3.1,
"CHE","FBORNUNEMP","WOMEN","PC_FBORNLF","A","2003",9.2,
"CHE","FBORNUNEMP","WOMEN","PC_FBORNLF","A","2004",9.2,
"CHE","FBORNUNEMP","WOMEN","PC_FBORNLF","A","2005",9.7,
"CHE","FBORNUNEMP","WOMEN","PC_FBORNLF","A","2006",9.3,
"CHE","FBORNUNEMP","WOMEN","PC_FBORNLF","A","2007",8.8,
"CHE","FBORNUNEMP","WOMEN","PC_FBORNLF","A","2008",7.7,
"CHE","FBORNUNEMP","WOMEN","PC_FBORNLF","A","2009",7.8,
"CHE","FBORNUNEMP","WOMEN","PC_FBORNLF","A","2010",8.9,
"CHE","FBORNUNEMP","WOMEN","PC_FBORNLF","A","2011",7.3,
"CHE","FBORNUNEMP","WOMEN","PC_FBORNLF","A","2012",7.9,
"CHE","FBORNUNEMP","WOMEN","PC_FBORNLF","A","2013",8.3,
"CHE","FBORNUNEMP","WOMEN","PC_FBORNLF","A","2014",8.3,
"CHE","FBORNUNEMP","WOMEN","PC_FBORNLF","A","2015",8.2,
"CHE","FBORNUNEMP","WOMEN","PC_FBORNLF","A","2016",8.9,
"TUR","FBORNUNEMP","MEN","PC_FBORNLF","A","2008",8.6,
"TUR","FBORNUNEMP","MEN","PC_FBORNLF","A","2009",14.7,
"TUR","FBORNUNEMP","MEN","PC_FBORNLF","A","2010",12.4,
"TUR","FBORNUNEMP","MEN","PC_FBORNLF","A","2011",10.3,
"TUR","FBORNUNEMP","MEN","PC_FBORNLF","A","2012",10.6,
"TUR","FBORNUNEMP","MEN","PC_FBORNLF","A","2013",10.6,
"TUR","FBORNUNEMP","MEN","PC_FBORNLF","A","2014",11.6,
"TUR","FBORNUNEMP","MEN","PC_FBORNLF","A","2015",12.1,
"TUR","FBORNUNEMP","MEN","PC_FBORNLF","A","2016",12.2,
"TUR","FBORNUNEMP","TOT","PC_FBORNLF","A","2008",8.8,
"TUR","FBORNUNEMP","TOT","PC_FBORNLF","A","2009",15.1,
"TUR","FBORNUNEMP","TOT","PC_FBORNLF","A","2010",12.8,
"TUR","FBORNUNEMP","TOT","PC_FBORNLF","A","2011",11.1,
"TUR","FBORNUNEMP","TOT","PC_FBORNLF","A","2012",11.4,
"TUR","FBORNUNEMP","TOT","PC_FBORNLF","A","2013",11.1,
"TUR","FBORNUNEMP","TOT","PC_FBORNLF","A","2014",12.7,
"TUR","FBORNUNEMP","TOT","PC_FBORNLF","A","2015",12.8,
"TUR","FBORNUNEMP","TOT","PC_FBORNLF","A","2016",12.6,
"TUR","FBORNUNEMP","WOMEN","PC_FBORNLF","A","2008",9.4,
"TUR","FBORNUNEMP","WOMEN","PC_FBORNLF","A","2009",16.6,
"TUR","FBORNUNEMP","WOMEN","PC_FBORNLF","A","2010",14.1,
"TUR","FBORNUNEMP","WOMEN","PC_FBORNLF","A","2011",13.6,
"TUR","FBORNUNEMP","WOMEN","PC_FBORNLF","A","2012",12.6,
"TUR","FBORNUNEMP","WOMEN","PC_FBORNLF","A","2013",11.9,
"TUR","FBORNUNEMP","WOMEN","PC_FBORNLF","A","2014",14.8,
"TUR","FBORNUNEMP","WOMEN","PC_FBORNLF","A","2015",14.4,
"TUR","FBORNUNEMP","WOMEN","PC_FBORNLF","A","2016",13.2,
"GBR","FBORNUNEMP","MEN","PC_FBORNLF","A","2000",9.7,
"GBR","FBORNUNEMP","MEN","PC_FBORNLF","A","2001",7.6,
"GBR","FBORNUNEMP","MEN","PC_FBORNLF","A","2002",8.3,
"GBR","FBORNUNEMP","MEN","PC_FBORNLF","A","2003",8.3,
"GBR","FBORNUNEMP","MEN","PC_FBORNLF","A","2004",7.4,
"GBR","FBORNUNEMP","MEN","PC_FBORNLF","A","2005",7.5,
"GBR","FBORNUNEMP","MEN","PC_FBORNLF","A","2006",7.4,
"GBR","FBORNUNEMP","MEN","PC_FBORNLF","A","2007",6.9,
"GBR","FBORNUNEMP","MEN","PC_FBORNLF","A","2008",6.8,
"GBR","FBORNUNEMP","MEN","PC_FBORNLF","A","2009",8.4,
"GBR","FBORNUNEMP","MEN","PC_FBORNLF","A","2010",7.7,
"GBR","FBORNUNEMP","MEN","PC_FBORNLF","A","2011",9.3,
"GBR","FBORNUNEMP","MEN","PC_FBORNLF","A","2012",8.3,
"GBR","FBORNUNEMP","MEN","PC_FBORNLF","A","2013",8.1,
"GBR","FBORNUNEMP","MEN","PC_FBORNLF","A","2014",6.1,
"GBR","FBORNUNEMP","MEN","PC_FBORNLF","A","2015",5.7,
"GBR","FBORNUNEMP","MEN","PC_FBORNLF","A","2016",4.7,
"GBR","FBORNUNEMP","TOT","PC_FBORNLF","A","2000",8.9,
"GBR","FBORNUNEMP","TOT","PC_FBORNLF","A","2001",7.3,
"GBR","FBORNUNEMP","TOT","PC_FBORNLF","A","2002",7.6,
"GBR","FBORNUNEMP","TOT","PC_FBORNLF","A","2003",7.4,
"GBR","FBORNUNEMP","TOT","PC_FBORNLF","A","2004",7.4,
"GBR","FBORNUNEMP","TOT","PC_FBORNLF","A","2005",7.3,
"GBR","FBORNUNEMP","TOT","PC_FBORNLF","A","2006",7.6,
"GBR","FBORNUNEMP","TOT","PC_FBORNLF","A","2007",7.6,
"GBR","FBORNUNEMP","TOT","PC_FBORNLF","A","2008",6.7,
"GBR","FBORNUNEMP","TOT","PC_FBORNLF","A","2009",8.4,
"GBR","FBORNUNEMP","TOT","PC_FBORNLF","A","2010",8,
"GBR","FBORNUNEMP","TOT","PC_FBORNLF","A","2011",9.5,
"GBR","FBORNUNEMP","TOT","PC_FBORNLF","A","2012",9.3,
"GBR","FBORNUNEMP","TOT","PC_FBORNLF","A","2013",8.9,
"GBR","FBORNUNEMP","TOT","PC_FBORNLF","A","2014",7.1,
"GBR","FBORNUNEMP","TOT","PC_FBORNLF","A","2015",6.4,
"GBR","FBORNUNEMP","TOT","PC_FBORNLF","A","2016",5.5,
"GBR","FBORNUNEMP","WOMEN","PC_FBORNLF","A","2000",7.9,
"GBR","FBORNUNEMP","WOMEN","PC_FBORNLF","A","2001",6.8,
"GBR","FBORNUNEMP","WOMEN","PC_FBORNLF","A","2002",6.8,
"GBR","FBORNUNEMP","WOMEN","PC_FBORNLF","A","2003",6.3,
"GBR","FBORNUNEMP","WOMEN","PC_FBORNLF","A","2004",7.4,
"GBR","FBORNUNEMP","WOMEN","PC_FBORNLF","A","2005",7.1,
"GBR","FBORNUNEMP","WOMEN","PC_FBORNLF","A","2006",7.9,
"GBR","FBORNUNEMP","WOMEN","PC_FBORNLF","A","2007",8.6,
"GBR","FBORNUNEMP","WOMEN","PC_FBORNLF","A","2008",6.6,
"GBR","FBORNUNEMP","WOMEN","PC_FBORNLF","A","2009",8.5,
"GBR","FBORNUNEMP","WOMEN","PC_FBORNLF","A","2010",8.5,
"GBR","FBORNUNEMP","WOMEN","PC_FBORNLF","A","2011",9.7,
"GBR","FBORNUNEMP","WOMEN","PC_FBORNLF","A","2012",10.6,
"GBR","FBORNUNEMP","WOMEN","PC_FBORNLF","A","2013",9.8,
"GBR","FBORNUNEMP","WOMEN","PC_FBORNLF","A","2014",8.2,
"GBR","FBORNUNEMP","WOMEN","PC_FBORNLF","A","2015",7.3,
"GBR","FBORNUNEMP","WOMEN","PC_FBORNLF","A","2016",6.6,
"USA","FBORNUNEMP","MEN","PC_FBORNLF","A","2000",3.8,
"USA","FBORNUNEMP","MEN","PC_FBORNLF","A","2001",4.8,
"USA","FBORNUNEMP","MEN","PC_FBORNLF","A","2002",6,
"USA","FBORNUNEMP","MEN","PC_FBORNLF","A","2003",6.3,
"USA","FBORNUNEMP","MEN","PC_FBORNLF","A","2004",5.1,
"USA","FBORNUNEMP","MEN","PC_FBORNLF","A","2005",4.3,
"USA","FBORNUNEMP","MEN","PC_FBORNLF","A","2006",3.8,
"USA","FBORNUNEMP","MEN","PC_FBORNLF","A","2007",4.1,
"USA","FBORNUNEMP","MEN","PC_FBORNLF","A","2008",5.7,
"USA","FBORNUNEMP","MEN","PC_FBORNLF","A","2009",10.1,
"USA","FBORNUNEMP","MEN","PC_FBORNLF","A","2010",10,
"USA","FBORNUNEMP","MEN","PC_FBORNLF","A","2011",8.9,
"USA","FBORNUNEMP","MEN","PC_FBORNLF","A","2012",7.5,
"USA","FBORNUNEMP","MEN","PC_FBORNLF","A","2013",6.5,
"USA","FBORNUNEMP","MEN","PC_FBORNLF","A","2014",5.1,
"USA","FBORNUNEMP","MEN","PC_FBORNLF","A","2015",4.4,
"USA","FBORNUNEMP","MEN","PC_FBORNLF","A","2016",3.8,
"USA","FBORNUNEMP","TOT","PC_FBORNLF","A","2000",4.3,
"USA","FBORNUNEMP","TOT","PC_FBORNLF","A","2001",5.4,
"USA","FBORNUNEMP","TOT","PC_FBORNLF","A","2002",6.4,
"USA","FBORNUNEMP","TOT","PC_FBORNLF","A","2003",6.6,
"USA","FBORNUNEMP","TOT","PC_FBORNLF","A","2004",5.6,
"USA","FBORNUNEMP","TOT","PC_FBORNLF","A","2005",4.8,
"USA","FBORNUNEMP","TOT","PC_FBORNLF","A","2006",4.2,
"USA","FBORNUNEMP","TOT","PC_FBORNLF","A","2007",4.4,
"USA","FBORNUNEMP","TOT","PC_FBORNLF","A","2008",5.9,
"USA","FBORNUNEMP","TOT","PC_FBORNLF","A","2009",9.7,
"USA","FBORNUNEMP","TOT","PC_FBORNLF","A","2010",9.8,
"USA","FBORNUNEMP","TOT","PC_FBORNLF","A","2011",9.1,
"USA","FBORNUNEMP","TOT","PC_FBORNLF","A","2012",8.1,
"USA","FBORNUNEMP","TOT","PC_FBORNLF","A","2013",7,
"USA","FBORNUNEMP","TOT","PC_FBORNLF","A","2014",5.8,
"USA","FBORNUNEMP","TOT","PC_FBORNLF","A","2015",5,
"USA","FBORNUNEMP","TOT","PC_FBORNLF","A","2016",4.3,
"USA","FBORNUNEMP","WOMEN","PC_FBORNLF","A","2000",5,
"USA","FBORNUNEMP","WOMEN","PC_FBORNLF","A","2001",6.1,
"USA","FBORNUNEMP","WOMEN","PC_FBORNLF","A","2002",7.1,
"USA","FBORNUNEMP","WOMEN","PC_FBORNLF","A","2003",7.2,
"USA","FBORNUNEMP","WOMEN","PC_FBORNLF","A","2004",6.3,
"USA","FBORNUNEMP","WOMEN","PC_FBORNLF","A","2005",5.6,
"USA","FBORNUNEMP","WOMEN","PC_FBORNLF","A","2006",4.8,
"USA","FBORNUNEMP","WOMEN","PC_FBORNLF","A","2007",4.7,
"USA","FBORNUNEMP","WOMEN","PC_FBORNLF","A","2008",6,
"USA","FBORNUNEMP","WOMEN","PC_FBORNLF","A","2009",9.2,
"USA","FBORNUNEMP","WOMEN","PC_FBORNLF","A","2010",9.5,
"USA","FBORNUNEMP","WOMEN","PC_FBORNLF","A","2011",9.5,
"USA","FBORNUNEMP","WOMEN","PC_FBORNLF","A","2012",9,
"USA","FBORNUNEMP","WOMEN","PC_FBORNLF","A","2013",7.6,
"USA","FBORNUNEMP","WOMEN","PC_FBORNLF","A","2014",6.6,
"USA","FBORNUNEMP","WOMEN","PC_FBORNLF","A","2015",5.7,
"USA","FBORNUNEMP","WOMEN","PC_FBORNLF","A","2016",5.2,
"CHL","FBORNUNEMP","MEN","PC_FBORNLF","A","2006",2.5,
"CHL","FBORNUNEMP","MEN","PC_FBORNLF","A","2009",7.4,
"CHL","FBORNUNEMP","MEN","PC_FBORNLF","A","2011",3.9,
"CHL","FBORNUNEMP","MEN","PC_FBORNLF","A","2013",4.1,
"CHL","FBORNUNEMP","MEN","PC_FBORNLF","A","2015",4.9,
"CHL","FBORNUNEMP","TOT","PC_FBORNLF","A","2006",5.4,
"CHL","FBORNUNEMP","TOT","PC_FBORNLF","A","2009",8.2,
"CHL","FBORNUNEMP","TOT","PC_FBORNLF","A","2011",5.9,
"CHL","FBORNUNEMP","TOT","PC_FBORNLF","A","2013",3.9,
"CHL","FBORNUNEMP","TOT","PC_FBORNLF","A","2015",5.8,
"CHL","FBORNUNEMP","WOMEN","PC_FBORNLF","A","2006",8.4,
"CHL","FBORNUNEMP","WOMEN","PC_FBORNLF","A","2009",9,
"CHL","FBORNUNEMP","WOMEN","PC_FBORNLF","A","2011",7.7,
"CHL","FBORNUNEMP","WOMEN","PC_FBORNLF","A","2013",3.7,
"CHL","FBORNUNEMP","WOMEN","PC_FBORNLF","A","2015",6.7,
"EST","FBORNUNEMP","MEN","PC_FBORNLF","A","2000",13.4,
"EST","FBORNUNEMP","MEN","PC_FBORNLF","A","2001",12.1,
"EST","FBORNUNEMP","MEN","PC_FBORNLF","A","2002",12.9,
"EST","FBORNUNEMP","MEN","PC_FBORNLF","A","2003",13.2,
"EST","FBORNUNEMP","MEN","PC_FBORNLF","A","2004",13.2,
"EST","FBORNUNEMP","MEN","PC_FBORNLF","A","2005",9.4,
"EST","FBORNUNEMP","MEN","PC_FBORNLF","A","2006",8.6,
"EST","FBORNUNEMP","MEN","PC_FBORNLF","A","2007",7.1,
"EST","FBORNUNEMP","MEN","PC_FBORNLF","A","2008",5.4,
"EST","FBORNUNEMP","MEN","PC_FBORNLF","A","2009",17.7,
"EST","FBORNUNEMP","MEN","PC_FBORNLF","A","2010",23.6,
"EST","FBORNUNEMP","MEN","PC_FBORNLF","A","2011",15.6,
"EST","FBORNUNEMP","MEN","PC_FBORNLF","A","2012",14.9,
"EST","FBORNUNEMP","MEN","PC_FBORNLF","A","2013",11.2,
"EST","FBORNUNEMP","MEN","PC_FBORNLF","A","2014",8.8,
"EST","FBORNUNEMP","MEN","PC_FBORNLF","A","2015",7,
"EST","FBORNUNEMP","MEN","PC_FBORNLF","A","2016",9.9,
"EST","FBORNUNEMP","TOT","PC_FBORNLF","A","2000",12.2,
"EST","FBORNUNEMP","TOT","PC_FBORNLF","A","2001",13.8,
"EST","FBORNUNEMP","TOT","PC_FBORNLF","A","2002",13,
"EST","FBORNUNEMP","TOT","PC_FBORNLF","A","2003",13.7,
"EST","FBORNUNEMP","TOT","PC_FBORNLF","A","2004",12.4,
"EST","FBORNUNEMP","TOT","PC_FBORNLF","A","2005",10.5,
"EST","FBORNUNEMP","TOT","PC_FBORNLF","A","2006",7.8,
"EST","FBORNUNEMP","TOT","PC_FBORNLF","A","2007",5.7,
"EST","FBORNUNEMP","TOT","PC_FBORNLF","A","2008",6,
"EST","FBORNUNEMP","TOT","PC_FBORNLF","A","2009",14.8,
"EST","FBORNUNEMP","TOT","PC_FBORNLF","A","2010",22.8,
"EST","FBORNUNEMP","TOT","PC_FBORNLF","A","2011",16.9,
"EST","FBORNUNEMP","TOT","PC_FBORNLF","A","2012",12.9,
"EST","FBORNUNEMP","TOT","PC_FBORNLF","A","2013",11,
"EST","FBORNUNEMP","TOT","PC_FBORNLF","A","2014",9.3,
"EST","FBORNUNEMP","TOT","PC_FBORNLF","A","2015",7.8,
"EST","FBORNUNEMP","TOT","PC_FBORNLF","A","2016",9,
"EST","FBORNUNEMP","WOMEN","PC_FBORNLF","A","2000",11.1,
"EST","FBORNUNEMP","WOMEN","PC_FBORNLF","A","2001",15.4,
"EST","FBORNUNEMP","WOMEN","PC_FBORNLF","A","2002",13.1,
"EST","FBORNUNEMP","WOMEN","PC_FBORNLF","A","2003",14.1,
"EST","FBORNUNEMP","WOMEN","PC_FBORNLF","A","2004",11.8,
"EST","FBORNUNEMP","WOMEN","PC_FBORNLF","A","2005",11.4,
"EST","FBORNUNEMP","WOMEN","PC_FBORNLF","A","2006",7.1,
"EST","FBORNUNEMP","WOMEN","PC_FBORNLF","A","2007",4.6,
"EST","FBORNUNEMP","WOMEN","PC_FBORNLF","A","2008",6.5,
"EST","FBORNUNEMP","WOMEN","PC_FBORNLF","A","2009",12.3,
"EST","FBORNUNEMP","WOMEN","PC_FBORNLF","A","2010",22.2,
"EST","FBORNUNEMP","WOMEN","PC_FBORNLF","A","2011",18.1,
"EST","FBORNUNEMP","WOMEN","PC_FBORNLF","A","2012",11.2,
"EST","FBORNUNEMP","WOMEN","PC_FBORNLF","A","2013",10.8,
"EST","FBORNUNEMP","WOMEN","PC_FBORNLF","A","2014",9.7,
"EST","FBORNUNEMP","WOMEN","PC_FBORNLF","A","2015",8.6,
"EST","FBORNUNEMP","WOMEN","PC_FBORNLF","A","2016",8.3,
"ISR","FBORNUNEMP","MEN","PC_FBORNLF","A","2012",5.4,
"ISR","FBORNUNEMP","MEN","PC_FBORNLF","A","2013",5.5,
"ISR","FBORNUNEMP","MEN","PC_FBORNLF","A","2014",5.2,
"ISR","FBORNUNEMP","MEN","PC_FBORNLF","A","2015",4.4,
"ISR","FBORNUNEMP","MEN","PC_FBORNLF","A","2016",4.2,
"ISR","FBORNUNEMP","TOT","PC_FBORNLF","A","2012",5.2,
"ISR","FBORNUNEMP","TOT","PC_FBORNLF","A","2013",4.7,
"ISR","FBORNUNEMP","TOT","PC_FBORNLF","A","2014",4.6,
"ISR","FBORNUNEMP","TOT","PC_FBORNLF","A","2015",4.3,
"ISR","FBORNUNEMP","TOT","PC_FBORNLF","A","2016",4,
"ISR","FBORNUNEMP","WOMEN","PC_FBORNLF","A","2012",5.1,
"ISR","FBORNUNEMP","WOMEN","PC_FBORNLF","A","2013",3.9,
"ISR","FBORNUNEMP","WOMEN","PC_FBORNLF","A","2014",4.1,
"ISR","FBORNUNEMP","WOMEN","PC_FBORNLF","A","2015",4.1,
"ISR","FBORNUNEMP","WOMEN","PC_FBORNLF","A","2016",3.8,
"SVN","FBORNUNEMP","MEN","PC_FBORNLF","A","2000",10,
"SVN","FBORNUNEMP","MEN","PC_FBORNLF","A","2001",7,
"SVN","FBORNUNEMP","MEN","PC_FBORNLF","A","2002",6.5,
"SVN","FBORNUNEMP","MEN","PC_FBORNLF","A","2003",7.9,
"SVN","FBORNUNEMP","MEN","PC_FBORNLF","A","2004",6,
"SVN","FBORNUNEMP","MEN","PC_FBORNLF","A","2005",6.2,
"SVN","FBORNUNEMP","MEN","PC_FBORNLF","A","2006",5.7,
"SVN","FBORNUNEMP","MEN","PC_FBORNLF","A","2007",4,
"SVN","FBORNUNEMP","MEN","PC_FBORNLF","A","2008",4.7,
"SVN","FBORNUNEMP","MEN","PC_FBORNLF","A","2009",7.5,
"SVN","FBORNUNEMP","MEN","PC_FBORNLF","A","2010",9.4,
"SVN","FBORNUNEMP","MEN","PC_FBORNLF","A","2011",9.7,
"SVN","FBORNUNEMP","MEN","PC_FBORNLF","A","2012",8.3,
"SVN","FBORNUNEMP","MEN","PC_FBORNLF","A","2013",11,
"SVN","FBORNUNEMP","MEN","PC_FBORNLF","A","2014",11.1,
"SVN","FBORNUNEMP","MEN","PC_FBORNLF","A","2015",10,
"SVN","FBORNUNEMP","MEN","PC_FBORNLF","A","2016",9.4,
"SVN","FBORNUNEMP","TOT","PC_FBORNLF","A","2000",9,
"SVN","FBORNUNEMP","TOT","PC_FBORNLF","A","2001",8.2,
"SVN","FBORNUNEMP","TOT","PC_FBORNLF","A","2002",7.8,
"SVN","FBORNUNEMP","TOT","PC_FBORNLF","A","2003",8.1,
"SVN","FBORNUNEMP","TOT","PC_FBORNLF","A","2004",7.7,
"SVN","FBORNUNEMP","TOT","PC_FBORNLF","A","2005",6.9,
"SVN","FBORNUNEMP","TOT","PC_FBORNLF","A","2006",7.2,
"SVN","FBORNUNEMP","TOT","PC_FBORNLF","A","2007",5.7,
"SVN","FBORNUNEMP","TOT","PC_FBORNLF","A","2008",5.3,
"SVN","FBORNUNEMP","TOT","PC_FBORNLF","A","2009",7.4,
"SVN","FBORNUNEMP","TOT","PC_FBORNLF","A","2010",9.6,
"SVN","FBORNUNEMP","TOT","PC_FBORNLF","A","2011",11.5,
"SVN","FBORNUNEMP","TOT","PC_FBORNLF","A","2012",10.9,
"SVN","FBORNUNEMP","TOT","PC_FBORNLF","A","2013",15.3,
"SVN","FBORNUNEMP","TOT","PC_FBORNLF","A","2014",13,
"SVN","FBORNUNEMP","TOT","PC_FBORNLF","A","2015",11.9,
"SVN","FBORNUNEMP","TOT","PC_FBORNLF","A","2016",11.1,
"SVN","FBORNUNEMP","WOMEN","PC_FBORNLF","A","2000",7.9,
"SVN","FBORNUNEMP","WOMEN","PC_FBORNLF","A","2001",9.6,
"SVN","FBORNUNEMP","WOMEN","PC_FBORNLF","A","2002",9,
"SVN","FBORNUNEMP","WOMEN","PC_FBORNLF","A","2003",8.3,
"SVN","FBORNUNEMP","WOMEN","PC_FBORNLF","A","2004",9.5,
"SVN","FBORNUNEMP","WOMEN","PC_FBORNLF","A","2005",7.8,
"SVN","FBORNUNEMP","WOMEN","PC_FBORNLF","A","2006",8.9,
"SVN","FBORNUNEMP","WOMEN","PC_FBORNLF","A","2007",7.8,
"SVN","FBORNUNEMP","WOMEN","PC_FBORNLF","A","2008",6,
"SVN","FBORNUNEMP","WOMEN","PC_FBORNLF","A","2009",7.2,
"SVN","FBORNUNEMP","WOMEN","PC_FBORNLF","A","2010",9.8,
"SVN","FBORNUNEMP","WOMEN","PC_FBORNLF","A","2011",14,
"SVN","FBORNUNEMP","WOMEN","PC_FBORNLF","A","2012",14.5,
"SVN","FBORNUNEMP","WOMEN","PC_FBORNLF","A","2013",21.4,
"SVN","FBORNUNEMP","WOMEN","PC_FBORNLF","A","2014",15.7,
"SVN","FBORNUNEMP","WOMEN","PC_FBORNLF","A","2015",14.6,
"SVN","FBORNUNEMP","WOMEN","PC_FBORNLF","A","2016",13.3,
"EU27","FBORNUNEMP","MEN","PC_FBORNLF","A","2007",10,
"EU27","FBORNUNEMP","MEN","PC_FBORNLF","A","2008",10.3,
"EU27","FBORNUNEMP","MEN","PC_FBORNLF","A","2009",14.9,
"EU27","FBORNUNEMP","MEN","PC_FBORNLF","A","2010",14.7,
"EU27","FBORNUNEMP","MEN","PC_FBORNLF","A","2011",14,
"EU27","FBORNUNEMP","MEN","PC_FBORNLF","A","2012",15.2,
"EU27","FBORNUNEMP","TOT","PC_FBORNLF","A","2007",10.8,
"EU27","FBORNUNEMP","TOT","PC_FBORNLF","A","2008",10.9,
"EU27","FBORNUNEMP","TOT","PC_FBORNLF","A","2009",14.5,
"EU27","FBORNUNEMP","TOT","PC_FBORNLF","A","2010",14.5,
"EU27","FBORNUNEMP","TOT","PC_FBORNLF","A","2011",14.4,
"EU27","FBORNUNEMP","TOT","PC_FBORNLF","A","2012",15.6,
"EU27","FBORNUNEMP","WOMEN","PC_FBORNLF","A","2007",11.9,
"EU27","FBORNUNEMP","WOMEN","PC_FBORNLF","A","2008",11.7,
"EU27","FBORNUNEMP","WOMEN","PC_FBORNLF","A","2009",13.9,
"EU27","FBORNUNEMP","WOMEN","PC_FBORNLF","A","2010",14.3,
"EU27","FBORNUNEMP","WOMEN","PC_FBORNLF","A","2011",15,
"EU27","FBORNUNEMP","WOMEN","PC_FBORNLF","A","2012",16,
"OECD","FBORNUNEMP","MEN","PC_FBORNLF","A","2001",9,
"OECD","FBORNUNEMP","MEN","PC_FBORNLF","A","2002",10,
"OECD","FBORNUNEMP","MEN","PC_FBORNLF","A","2003",11,
"OECD","FBORNUNEMP","MEN","PC_FBORNLF","A","2004",11,
"OECD","FBORNUNEMP","MEN","PC_FBORNLF","A","2005",10,
"OECD","FBORNUNEMP","MEN","PC_FBORNLF","A","2006",9,
"OECD","FBORNUNEMP","MEN","PC_FBORNLF","A","2007",8,
"OECD","FBORNUNEMP","MEN","PC_FBORNLF","A","2008",8,
"OECD","FBORNUNEMP","MEN","PC_FBORNLF","A","2009",12,
"OECD","FBORNUNEMP","MEN","PC_FBORNLF","A","2010",12,
"OECD","FBORNUNEMP","MEN","PC_FBORNLF","A","2011",11,
"OECD","FBORNUNEMP","MEN","PC_FBORNLF","A","2012",12,
"OECD","FBORNUNEMP","MEN","PC_FBORNLF","A","2013",13,
"OECD","FBORNUNEMP","TOT","PC_FBORNLF","A","2001",11,
"OECD","FBORNUNEMP","TOT","PC_FBORNLF","A","2002",11,
"OECD","FBORNUNEMP","TOT","PC_FBORNLF","A","2003",12,
"OECD","FBORNUNEMP","TOT","PC_FBORNLF","A","2004",12,
"OECD","FBORNUNEMP","TOT","PC_FBORNLF","A","2005",11,
"OECD","FBORNUNEMP","TOT","PC_FBORNLF","A","2006",10,
"OECD","FBORNUNEMP","TOT","PC_FBORNLF","A","2007",9,
"OECD","FBORNUNEMP","TOT","PC_FBORNLF","A","2008",8,
"OECD","FBORNUNEMP","TOT","PC_FBORNLF","A","2009",11,
"OECD","FBORNUNEMP","TOT","PC_FBORNLF","A","2010",12,
"OECD","FBORNUNEMP","TOT","PC_FBORNLF","A","2011",12,
"OECD","FBORNUNEMP","TOT","PC_FBORNLF","A","2012",12,
"OECD","FBORNUNEMP","TOT","PC_FBORNLF","A","2013",13,
"OECD","FBORNUNEMP","WOMEN","PC_FBORNLF","A","2001",12,
"OECD","FBORNUNEMP","WOMEN","PC_FBORNLF","A","2002",11,
"OECD","FBORNUNEMP","WOMEN","PC_FBORNLF","A","2003",12,
"OECD","FBORNUNEMP","WOMEN","PC_FBORNLF","A","2004",14,
"OECD","FBORNUNEMP","WOMEN","PC_FBORNLF","A","2005",13,
"OECD","FBORNUNEMP","WOMEN","PC_FBORNLF","A","2006",12,
"OECD","FBORNUNEMP","WOMEN","PC_FBORNLF","A","2007",10,
"OECD","FBORNUNEMP","WOMEN","PC_FBORNLF","A","2008",9,
"OECD","FBORNUNEMP","WOMEN","PC_FBORNLF","A","2009",11,
"OECD","FBORNUNEMP","WOMEN","PC_FBORNLF","A","2010",12,
"OECD","FBORNUNEMP","WOMEN","PC_FBORNLF","A","2011",12,
"OECD","FBORNUNEMP","WOMEN","PC_FBORNLF","A","2012",13,
"OECD","FBORNUNEMP","WOMEN","PC_FBORNLF","A","2013",14,
"EU28","FBORNUNEMP","MEN","PC_FBORNLF","A","2003",10.9,
"EU28","FBORNUNEMP","MEN","PC_FBORNLF","A","2004",10.4,
"EU28","FBORNUNEMP","MEN","PC_FBORNLF","A","2005",9.6,
"EU28","FBORNUNEMP","MEN","PC_FBORNLF","A","2006",9,
"EU28","FBORNUNEMP","MEN","PC_FBORNLF","A","2007",8.6,
"EU28","FBORNUNEMP","MEN","PC_FBORNLF","A","2008",10.3,
"EU28","FBORNUNEMP","MEN","PC_FBORNLF","A","2009",14.7,
"EU28","FBORNUNEMP","MEN","PC_FBORNLF","A","2010",14.7,
"EU28","FBORNUNEMP","MEN","PC_FBORNLF","A","2011",14.5,
"EU28","FBORNUNEMP","MEN","PC_FBORNLF","A","2012",15.4,
"EU28","FBORNUNEMP","MEN","PC_FBORNLF","A","2013",15.9,
"EU28","FBORNUNEMP","MEN","PC_FBORNLF","A","2014",14.6,
"EU28","FBORNUNEMP","TOT","PC_FBORNLF","A","2003",11.4,
"EU28","FBORNUNEMP","TOT","PC_FBORNLF","A","2004",11.4,
"EU28","FBORNUNEMP","TOT","PC_FBORNLF","A","2005",10.8,
"EU28","FBORNUNEMP","TOT","PC_FBORNLF","A","2006",10.4,
"EU28","FBORNUNEMP","TOT","PC_FBORNLF","A","2007",9.9,
"EU28","FBORNUNEMP","TOT","PC_FBORNLF","A","2008",10.9,
"EU28","FBORNUNEMP","TOT","PC_FBORNLF","A","2009",14.2,
"EU28","FBORNUNEMP","TOT","PC_FBORNLF","A","2010",14.6,
"EU28","FBORNUNEMP","TOT","PC_FBORNLF","A","2011",14.7,
"EU28","FBORNUNEMP","TOT","PC_FBORNLF","A","2012",15.5,
"EU28","FBORNUNEMP","TOT","PC_FBORNLF","A","2013",16,
"EU28","FBORNUNEMP","TOT","PC_FBORNLF","A","2014",14.9,
"EU28","FBORNUNEMP","WOMEN","PC_FBORNLF","A","2003",12.1,
"EU28","FBORNUNEMP","WOMEN","PC_FBORNLF","A","2004",12.6,
"EU28","FBORNUNEMP","WOMEN","PC_FBORNLF","A","2005",12.4,
"EU28","FBORNUNEMP","WOMEN","PC_FBORNLF","A","2006",12.1,
"EU28","FBORNUNEMP","WOMEN","PC_FBORNLF","A","2007",11.4,
"EU28","FBORNUNEMP","WOMEN","PC_FBORNLF","A","2008",11.6,
"EU28","FBORNUNEMP","WOMEN","PC_FBORNLF","A","2009",13.6,
"EU28","FBORNUNEMP","WOMEN","PC_FBORNLF","A","2010",14.4,
"EU28","FBORNUNEMP","WOMEN","PC_FBORNLF","A","2011",14.9,
"EU28","FBORNUNEMP","WOMEN","PC_FBORNLF","A","2012",15.6,
"EU28","FBORNUNEMP","WOMEN","PC_FBORNLF","A","2013",16.2,
"EU28","FBORNUNEMP","WOMEN","PC_FBORNLF","A","2014",15.2,
