﻿"LOCATION","INDICATOR","SUBJECT","MEASURE","FREQUENCY","TIME","Value","Flag Codes"
"AUS","FBORNEMP","MEN","PC_FBORNPOP","A","2000",74,
"AUS","FBORNEMP","MEN","PC_FBORNPOP","A","2001",73.9,
"AUS","FBORNEMP","MEN","PC_FBORNPOP","A","2002",74,
"AUS","FBORNEMP","MEN","PC_FBORNPOP","A","2003",74.1,
"AUS","FBORNEMP","MEN","PC_FBORNPOP","A","2004",75.6,
"AUS","FBORNEMP","MEN","PC_FBORNPOP","A","2005",76.7,
"AUS","FBORNEMP","MEN","PC_FBORNPOP","A","2006",77.1,
"AUS","FBORNEMP","MEN","PC_FBORNPOP","A","2007",77.8,
"AUS","FBORNEMP","MEN","PC_FBORNPOP","A","2008",78.6,
"AUS","FBORNEMP","MEN","PC_FBORNPOP","A","2009",76.7,
"AUS","FBORNEMP","MEN","PC_FBORNPOP","A","2010",78,
"AUS","FBORNEMP","MEN","PC_FBORNPOP","A","2011",79.3,
"AUS","FBORNEMP","MEN","PC_FBORNPOP","A","2012",78.6,
"AUS","FBORNEMP","MEN","PC_FBORNPOP","A","2013",77.8,
"AUS","FBORNEMP","MEN","PC_FBORNPOP","A","2014",77.7,
"AUS","FBORNEMP","MEN","PC_FBORNPOP","A","2015",78.8,
"AUS","FBORNEMP","MEN","PC_FBORNPOP","A","2016",78.8,
"AUS","FBORNEMP","TOT","PC_FBORNPOP","A","2000",64.4,
"AUS","FBORNEMP","TOT","PC_FBORNPOP","A","2001",64,
"AUS","FBORNEMP","TOT","PC_FBORNPOP","A","2002",64.5,
"AUS","FBORNEMP","TOT","PC_FBORNPOP","A","2003",64.9,
"AUS","FBORNEMP","TOT","PC_FBORNPOP","A","2004",66,
"AUS","FBORNEMP","TOT","PC_FBORNPOP","A","2005",67.4,
"AUS","FBORNEMP","TOT","PC_FBORNPOP","A","2006",67.9,
"AUS","FBORNEMP","TOT","PC_FBORNPOP","A","2007",68.6,
"AUS","FBORNEMP","TOT","PC_FBORNPOP","A","2008",69.8,
"AUS","FBORNEMP","TOT","PC_FBORNPOP","A","2009",68.3,
"AUS","FBORNEMP","TOT","PC_FBORNPOP","A","2010",69.2,
"AUS","FBORNEMP","TOT","PC_FBORNPOP","A","2011",70.5,
"AUS","FBORNEMP","TOT","PC_FBORNPOP","A","2012",70,
"AUS","FBORNEMP","TOT","PC_FBORNPOP","A","2013",69.7,
"AUS","FBORNEMP","TOT","PC_FBORNPOP","A","2014",69.6,
"AUS","FBORNEMP","TOT","PC_FBORNPOP","A","2015",69.9,
"AUS","FBORNEMP","TOT","PC_FBORNPOP","A","2016",70.3,
"AUS","FBORNEMP","WOMEN","PC_FBORNPOP","A","2000",54.7,
"AUS","FBORNEMP","WOMEN","PC_FBORNPOP","A","2001",54,
"AUS","FBORNEMP","WOMEN","PC_FBORNPOP","A","2002",55,
"AUS","FBORNEMP","WOMEN","PC_FBORNPOP","A","2003",55.8,
"AUS","FBORNEMP","WOMEN","PC_FBORNPOP","A","2004",56.7,
"AUS","FBORNEMP","WOMEN","PC_FBORNPOP","A","2005",58.4,
"AUS","FBORNEMP","WOMEN","PC_FBORNPOP","A","2006",58.7,
"AUS","FBORNEMP","WOMEN","PC_FBORNPOP","A","2007",59.6,
"AUS","FBORNEMP","WOMEN","PC_FBORNPOP","A","2008",61.2,
"AUS","FBORNEMP","WOMEN","PC_FBORNPOP","A","2009",60.1,
"AUS","FBORNEMP","WOMEN","PC_FBORNPOP","A","2010",60.7,
"AUS","FBORNEMP","WOMEN","PC_FBORNPOP","A","2011",61.9,
"AUS","FBORNEMP","WOMEN","PC_FBORNPOP","A","2012",61.5,
"AUS","FBORNEMP","WOMEN","PC_FBORNPOP","A","2013",62,
"AUS","FBORNEMP","WOMEN","PC_FBORNPOP","A","2014",61.7,
"AUS","FBORNEMP","WOMEN","PC_FBORNPOP","A","2015",61.4,
"AUS","FBORNEMP","WOMEN","PC_FBORNPOP","A","2016",62,
"AUT","FBORNEMP","MEN","PC_FBORNPOP","A","2000",76.1,
"AUT","FBORNEMP","MEN","PC_FBORNPOP","A","2001",76.6,
"AUT","FBORNEMP","MEN","PC_FBORNPOP","A","2002",73.4,
"AUT","FBORNEMP","MEN","PC_FBORNPOP","A","2003",75.6,
"AUT","FBORNEMP","MEN","PC_FBORNPOP","A","2004",70.2,
"AUT","FBORNEMP","MEN","PC_FBORNPOP","A","2005",71.1,
"AUT","FBORNEMP","MEN","PC_FBORNPOP","A","2006",72.5,
"AUT","FBORNEMP","MEN","PC_FBORNPOP","A","2007",75,
"AUT","FBORNEMP","MEN","PC_FBORNPOP","A","2008",74.9,
"AUT","FBORNEMP","MEN","PC_FBORNPOP","A","2009",72.5,
"AUT","FBORNEMP","MEN","PC_FBORNPOP","A","2010",73.5,
"AUT","FBORNEMP","MEN","PC_FBORNPOP","A","2011",75,
"AUT","FBORNEMP","MEN","PC_FBORNPOP","A","2012",73.5,
"AUT","FBORNEMP","MEN","PC_FBORNPOP","A","2013",72.7,
"AUT","FBORNEMP","MEN","PC_FBORNPOP","A","2014",71.1,
"AUT","FBORNEMP","MEN","PC_FBORNPOP","A","2015",71.7,
"AUT","FBORNEMP","MEN","PC_FBORNPOP","A","2016",70.8,
"AUT","FBORNEMP","TOT","PC_FBORNPOP","A","2000",66.8,
"AUT","FBORNEMP","TOT","PC_FBORNPOP","A","2001",66.6,
"AUT","FBORNEMP","TOT","PC_FBORNPOP","A","2002",65.9,
"AUT","FBORNEMP","TOT","PC_FBORNPOP","A","2003",67.7,
"AUT","FBORNEMP","TOT","PC_FBORNPOP","A","2004",61.6,
"AUT","FBORNEMP","TOT","PC_FBORNPOP","A","2005",62.2,
"AUT","FBORNEMP","TOT","PC_FBORNPOP","A","2006",63.4,
"AUT","FBORNEMP","TOT","PC_FBORNPOP","A","2007",65,
"AUT","FBORNEMP","TOT","PC_FBORNPOP","A","2008",65.1,
"AUT","FBORNEMP","TOT","PC_FBORNPOP","A","2009",64.7,
"AUT","FBORNEMP","TOT","PC_FBORNPOP","A","2010",66.3,
"AUT","FBORNEMP","TOT","PC_FBORNPOP","A","2011",66.7,
"AUT","FBORNEMP","TOT","PC_FBORNPOP","A","2012",65.6,
"AUT","FBORNEMP","TOT","PC_FBORNPOP","A","2013",65.2,
"AUT","FBORNEMP","TOT","PC_FBORNPOP","A","2014",64.9,
"AUT","FBORNEMP","TOT","PC_FBORNPOP","A","2015",64.7,
"AUT","FBORNEMP","TOT","PC_FBORNPOP","A","2016",64.6,
"AUT","FBORNEMP","WOMEN","PC_FBORNPOP","A","2000",58.3,
"AUT","FBORNEMP","WOMEN","PC_FBORNPOP","A","2001",56.7,
"AUT","FBORNEMP","WOMEN","PC_FBORNPOP","A","2002",59.1,
"AUT","FBORNEMP","WOMEN","PC_FBORNPOP","A","2003",60.4,
"AUT","FBORNEMP","WOMEN","PC_FBORNPOP","A","2004",53.7,
"AUT","FBORNEMP","WOMEN","PC_FBORNPOP","A","2005",54.2,
"AUT","FBORNEMP","WOMEN","PC_FBORNPOP","A","2006",55.1,
"AUT","FBORNEMP","WOMEN","PC_FBORNPOP","A","2007",56.1,
"AUT","FBORNEMP","WOMEN","PC_FBORNPOP","A","2008",56.6,
"AUT","FBORNEMP","WOMEN","PC_FBORNPOP","A","2009",57.5,
"AUT","FBORNEMP","WOMEN","PC_FBORNPOP","A","2010",59.8,
"AUT","FBORNEMP","WOMEN","PC_FBORNPOP","A","2011",59.2,
"AUT","FBORNEMP","WOMEN","PC_FBORNPOP","A","2012",58.6,
"AUT","FBORNEMP","WOMEN","PC_FBORNPOP","A","2013",58.5,
"AUT","FBORNEMP","WOMEN","PC_FBORNPOP","A","2014",59.3,
"AUT","FBORNEMP","WOMEN","PC_FBORNPOP","A","2015",58.2,
"AUT","FBORNEMP","WOMEN","PC_FBORNPOP","A","2016",58.9,
"BEL","FBORNEMP","MEN","PC_FBORNPOP","A","2000",62.2,
"BEL","FBORNEMP","MEN","PC_FBORNPOP","A","2001",61.3,
"BEL","FBORNEMP","MEN","PC_FBORNPOP","A","2002",59.6,
"BEL","FBORNEMP","MEN","PC_FBORNPOP","A","2003",57.2,
"BEL","FBORNEMP","MEN","PC_FBORNPOP","A","2004",60.3,
"BEL","FBORNEMP","MEN","PC_FBORNPOP","A","2005",61.2,
"BEL","FBORNEMP","MEN","PC_FBORNPOP","A","2006",60.8,
"BEL","FBORNEMP","MEN","PC_FBORNPOP","A","2007",60.9,
"BEL","FBORNEMP","MEN","PC_FBORNPOP","A","2008",64.4,
"BEL","FBORNEMP","MEN","PC_FBORNPOP","A","2009",61.4,
"BEL","FBORNEMP","MEN","PC_FBORNPOP","A","2010",61.4,
"BEL","FBORNEMP","MEN","PC_FBORNPOP","A","2011",61.3,
"BEL","FBORNEMP","MEN","PC_FBORNPOP","A","2012",60,
"BEL","FBORNEMP","MEN","PC_FBORNPOP","A","2013",60.5,
"BEL","FBORNEMP","MEN","PC_FBORNPOP","A","2014",60.3,
"BEL","FBORNEMP","MEN","PC_FBORNPOP","A","2015",60.5,
"BEL","FBORNEMP","MEN","PC_FBORNPOP","A","2016",62.1,
"BEL","FBORNEMP","TOT","PC_FBORNPOP","A","2000",49.7,
"BEL","FBORNEMP","TOT","PC_FBORNPOP","A","2001",47.6,
"BEL","FBORNEMP","TOT","PC_FBORNPOP","A","2002",48.5,
"BEL","FBORNEMP","TOT","PC_FBORNPOP","A","2003",47.1,
"BEL","FBORNEMP","TOT","PC_FBORNPOP","A","2004",50.1,
"BEL","FBORNEMP","TOT","PC_FBORNPOP","A","2005",50.2,
"BEL","FBORNEMP","TOT","PC_FBORNPOP","A","2006",50.1,
"BEL","FBORNEMP","TOT","PC_FBORNPOP","A","2007",50.9,
"BEL","FBORNEMP","TOT","PC_FBORNPOP","A","2008",54,
"BEL","FBORNEMP","TOT","PC_FBORNPOP","A","2009",52.2,
"BEL","FBORNEMP","TOT","PC_FBORNPOP","A","2010",53,
"BEL","FBORNEMP","TOT","PC_FBORNPOP","A","2011",52.6,
"BEL","FBORNEMP","TOT","PC_FBORNPOP","A","2012",52,
"BEL","FBORNEMP","TOT","PC_FBORNPOP","A","2013",52.7,
"BEL","FBORNEMP","TOT","PC_FBORNPOP","A","2014",52.8,
"BEL","FBORNEMP","TOT","PC_FBORNPOP","A","2015",53.3,
"BEL","FBORNEMP","TOT","PC_FBORNPOP","A","2016",54.1,
"BEL","FBORNEMP","WOMEN","PC_FBORNPOP","A","2000",37.3,
"BEL","FBORNEMP","WOMEN","PC_FBORNPOP","A","2001",34.9,
"BEL","FBORNEMP","WOMEN","PC_FBORNPOP","A","2002",37.9,
"BEL","FBORNEMP","WOMEN","PC_FBORNPOP","A","2003",37.7,
"BEL","FBORNEMP","WOMEN","PC_FBORNPOP","A","2004",40.1,
"BEL","FBORNEMP","WOMEN","PC_FBORNPOP","A","2005",39.7,
"BEL","FBORNEMP","WOMEN","PC_FBORNPOP","A","2006",40.1,
"BEL","FBORNEMP","WOMEN","PC_FBORNPOP","A","2007",41.5,
"BEL","FBORNEMP","WOMEN","PC_FBORNPOP","A","2008",44.1,
"BEL","FBORNEMP","WOMEN","PC_FBORNPOP","A","2009",43.4,
"BEL","FBORNEMP","WOMEN","PC_FBORNPOP","A","2010",45,
"BEL","FBORNEMP","WOMEN","PC_FBORNPOP","A","2011",44.4,
"BEL","FBORNEMP","WOMEN","PC_FBORNPOP","A","2012",44.5,
"BEL","FBORNEMP","WOMEN","PC_FBORNPOP","A","2013",45.3,
"BEL","FBORNEMP","WOMEN","PC_FBORNPOP","A","2014",45.6,
"BEL","FBORNEMP","WOMEN","PC_FBORNPOP","A","2015",46.6,
"BEL","FBORNEMP","WOMEN","PC_FBORNPOP","A","2016",46.6,
"CAN","FBORNEMP","MEN","PC_FBORNPOP","A","2008",77.9,
"CAN","FBORNEMP","MEN","PC_FBORNPOP","A","2009",73.9,
"CAN","FBORNEMP","MEN","PC_FBORNPOP","A","2010",74.5,
"CAN","FBORNEMP","MEN","PC_FBORNPOP","A","2011",75.2,
"CAN","FBORNEMP","MEN","PC_FBORNPOP","A","2012",76.1,
"CAN","FBORNEMP","MEN","PC_FBORNPOP","A","2013",76.5,
"CAN","FBORNEMP","MEN","PC_FBORNPOP","A","2014",76.3,
"CAN","FBORNEMP","MEN","PC_FBORNPOP","A","2015",78.2,
"CAN","FBORNEMP","MEN","PC_FBORNPOP","A","2016",78.6,
"CAN","FBORNEMP","TOT","PC_FBORNPOP","A","2008",70.8,
"CAN","FBORNEMP","TOT","PC_FBORNPOP","A","2009",68.5,
"CAN","FBORNEMP","TOT","PC_FBORNPOP","A","2010",68.8,
"CAN","FBORNEMP","TOT","PC_FBORNPOP","A","2011",69,
"CAN","FBORNEMP","TOT","PC_FBORNPOP","A","2012",70.1,
"CAN","FBORNEMP","TOT","PC_FBORNPOP","A","2013",70.6,
"CAN","FBORNEMP","TOT","PC_FBORNPOP","A","2014",70.1,
"CAN","FBORNEMP","TOT","PC_FBORNPOP","A","2015",70.9,
"CAN","FBORNEMP","TOT","PC_FBORNPOP","A","2016",71.7,
"CAN","FBORNEMP","WOMEN","PC_FBORNPOP","A","2008",64.1,
"CAN","FBORNEMP","WOMEN","PC_FBORNPOP","A","2009",63.4,
"CAN","FBORNEMP","WOMEN","PC_FBORNPOP","A","2010",63.4,
"CAN","FBORNEMP","WOMEN","PC_FBORNPOP","A","2011",63.2,
"CAN","FBORNEMP","WOMEN","PC_FBORNPOP","A","2012",64.5,
"CAN","FBORNEMP","WOMEN","PC_FBORNPOP","A","2013",65.1,
"CAN","FBORNEMP","WOMEN","PC_FBORNPOP","A","2014",64.4,
"CAN","FBORNEMP","WOMEN","PC_FBORNPOP","A","2015",64.2,
"CAN","FBORNEMP","WOMEN","PC_FBORNPOP","A","2016",65.3,
"CZE","FBORNEMP","MEN","PC_FBORNPOP","A","2000",73.1,
"CZE","FBORNEMP","MEN","PC_FBORNPOP","A","2001",73.1,
"CZE","FBORNEMP","MEN","PC_FBORNPOP","A","2002",65.9,
"CZE","FBORNEMP","MEN","PC_FBORNPOP","A","2003",68,
"CZE","FBORNEMP","MEN","PC_FBORNPOP","A","2004",64.5,
"CZE","FBORNEMP","MEN","PC_FBORNPOP","A","2005",71,
"CZE","FBORNEMP","MEN","PC_FBORNPOP","A","2006",70.4,
"CZE","FBORNEMP","MEN","PC_FBORNPOP","A","2007",76.6,
"CZE","FBORNEMP","MEN","PC_FBORNPOP","A","2008",77.5,
"CZE","FBORNEMP","MEN","PC_FBORNPOP","A","2009",74.6,
"CZE","FBORNEMP","MEN","PC_FBORNPOP","A","2010",79.1,
"CZE","FBORNEMP","MEN","PC_FBORNPOP","A","2011",79.7,
"CZE","FBORNEMP","MEN","PC_FBORNPOP","A","2012",79.5,
"CZE","FBORNEMP","MEN","PC_FBORNPOP","A","2013",80.6,
"CZE","FBORNEMP","MEN","PC_FBORNPOP","A","2014",84.1,
"CZE","FBORNEMP","MEN","PC_FBORNPOP","A","2015",82.9,
"CZE","FBORNEMP","MEN","PC_FBORNPOP","A","2016",84.9,
"CZE","FBORNEMP","TOT","PC_FBORNPOP","A","2000",64.9,
"CZE","FBORNEMP","TOT","PC_FBORNPOP","A","2001",65,
"CZE","FBORNEMP","TOT","PC_FBORNPOP","A","2002",58.8,
"CZE","FBORNEMP","TOT","PC_FBORNPOP","A","2003",58.8,
"CZE","FBORNEMP","TOT","PC_FBORNPOP","A","2004",56.9,
"CZE","FBORNEMP","TOT","PC_FBORNPOP","A","2005",61.4,
"CZE","FBORNEMP","TOT","PC_FBORNPOP","A","2006",60.5,
"CZE","FBORNEMP","TOT","PC_FBORNPOP","A","2007",67.3,
"CZE","FBORNEMP","TOT","PC_FBORNPOP","A","2008",66.4,
"CZE","FBORNEMP","TOT","PC_FBORNPOP","A","2009",65.8,
"CZE","FBORNEMP","TOT","PC_FBORNPOP","A","2010",68.1,
"CZE","FBORNEMP","TOT","PC_FBORNPOP","A","2011",67.8,
"CZE","FBORNEMP","TOT","PC_FBORNPOP","A","2012",67.3,
"CZE","FBORNEMP","TOT","PC_FBORNPOP","A","2013",69.8,
"CZE","FBORNEMP","TOT","PC_FBORNPOP","A","2014",71.8,
"CZE","FBORNEMP","TOT","PC_FBORNPOP","A","2015",71.1,
"CZE","FBORNEMP","TOT","PC_FBORNPOP","A","2016",73.5,
"CZE","FBORNEMP","WOMEN","PC_FBORNPOP","A","2000",56.8,
"CZE","FBORNEMP","WOMEN","PC_FBORNPOP","A","2001",56.9,
"CZE","FBORNEMP","WOMEN","PC_FBORNPOP","A","2002",52.6,
"CZE","FBORNEMP","WOMEN","PC_FBORNPOP","A","2003",50.4,
"CZE","FBORNEMP","WOMEN","PC_FBORNPOP","A","2004",49.9,
"CZE","FBORNEMP","WOMEN","PC_FBORNPOP","A","2005",51.3,
"CZE","FBORNEMP","WOMEN","PC_FBORNPOP","A","2006",51,
"CZE","FBORNEMP","WOMEN","PC_FBORNPOP","A","2007",57.6,
"CZE","FBORNEMP","WOMEN","PC_FBORNPOP","A","2008",55.4,
"CZE","FBORNEMP","WOMEN","PC_FBORNPOP","A","2009",56.8,
"CZE","FBORNEMP","WOMEN","PC_FBORNPOP","A","2010",56.2,
"CZE","FBORNEMP","WOMEN","PC_FBORNPOP","A","2011",54.6,
"CZE","FBORNEMP","WOMEN","PC_FBORNPOP","A","2012",54.6,
"CZE","FBORNEMP","WOMEN","PC_FBORNPOP","A","2013",58.4,
"CZE","FBORNEMP","WOMEN","PC_FBORNPOP","A","2014",59.5,
"CZE","FBORNEMP","WOMEN","PC_FBORNPOP","A","2015",59.3,
"CZE","FBORNEMP","WOMEN","PC_FBORNPOP","A","2016",63.3,
"DNK","FBORNEMP","MEN","PC_FBORNPOP","A","2000",66.7,
"DNK","FBORNEMP","MEN","PC_FBORNPOP","A","2001",66.6,
"DNK","FBORNEMP","MEN","PC_FBORNPOP","A","2002",69.5,
"DNK","FBORNEMP","MEN","PC_FBORNPOP","A","2003",66.9,
"DNK","FBORNEMP","MEN","PC_FBORNPOP","A","2004",63.4,
"DNK","FBORNEMP","MEN","PC_FBORNPOP","A","2005",71.7,
"DNK","FBORNEMP","MEN","PC_FBORNPOP","A","2006",71.1,
"DNK","FBORNEMP","MEN","PC_FBORNPOP","A","2007",68.8,
"DNK","FBORNEMP","MEN","PC_FBORNPOP","A","2008",74.5,
"DNK","FBORNEMP","MEN","PC_FBORNPOP","A","2009",73.2,
"DNK","FBORNEMP","MEN","PC_FBORNPOP","A","2010",67.2,
"DNK","FBORNEMP","MEN","PC_FBORNPOP","A","2011",66.1,
"DNK","FBORNEMP","MEN","PC_FBORNPOP","A","2012",66.1,
"DNK","FBORNEMP","MEN","PC_FBORNPOP","A","2013",67.3,
"DNK","FBORNEMP","MEN","PC_FBORNPOP","A","2014",70.9,
"DNK","FBORNEMP","MEN","PC_FBORNPOP","A","2015",70.6,
"DNK","FBORNEMP","MEN","PC_FBORNPOP","A","2016",72.5,
"DNK","FBORNEMP","TOT","PC_FBORNPOP","A","2000",60.3,
"DNK","FBORNEMP","TOT","PC_FBORNPOP","A","2001",61.6,
"DNK","FBORNEMP","TOT","PC_FBORNPOP","A","2002",62.2,
"DNK","FBORNEMP","TOT","PC_FBORNPOP","A","2003",58,
"DNK","FBORNEMP","TOT","PC_FBORNPOP","A","2004",59.4,
"DNK","FBORNEMP","TOT","PC_FBORNPOP","A","2005",63.4,
"DNK","FBORNEMP","TOT","PC_FBORNPOP","A","2006",64.2,
"DNK","FBORNEMP","TOT","PC_FBORNPOP","A","2007",62.5,
"DNK","FBORNEMP","TOT","PC_FBORNPOP","A","2008",66.1,
"DNK","FBORNEMP","TOT","PC_FBORNPOP","A","2009",67.9,
"DNK","FBORNEMP","TOT","PC_FBORNPOP","A","2010",63.6,
"DNK","FBORNEMP","TOT","PC_FBORNPOP","A","2011",61.7,
"DNK","FBORNEMP","TOT","PC_FBORNPOP","A","2012",61.1,
"DNK","FBORNEMP","TOT","PC_FBORNPOP","A","2013",62.9,
"DNK","FBORNEMP","TOT","PC_FBORNPOP","A","2014",63.9,
"DNK","FBORNEMP","TOT","PC_FBORNPOP","A","2015",63.6,
"DNK","FBORNEMP","TOT","PC_FBORNPOP","A","2016",66.8,
"DNK","FBORNEMP","WOMEN","PC_FBORNPOP","A","2000",54.3,
"DNK","FBORNEMP","WOMEN","PC_FBORNPOP","A","2001",57.5,
"DNK","FBORNEMP","WOMEN","PC_FBORNPOP","A","2002",55.7,
"DNK","FBORNEMP","WOMEN","PC_FBORNPOP","A","2003",49.1,
"DNK","FBORNEMP","WOMEN","PC_FBORNPOP","A","2004",55.5,
"DNK","FBORNEMP","WOMEN","PC_FBORNPOP","A","2005",56.1,
"DNK","FBORNEMP","WOMEN","PC_FBORNPOP","A","2006",58.3,
"DNK","FBORNEMP","WOMEN","PC_FBORNPOP","A","2007",57,
"DNK","FBORNEMP","WOMEN","PC_FBORNPOP","A","2008",58.7,
"DNK","FBORNEMP","WOMEN","PC_FBORNPOP","A","2009",63.3,
"DNK","FBORNEMP","WOMEN","PC_FBORNPOP","A","2010",60.5,
"DNK","FBORNEMP","WOMEN","PC_FBORNPOP","A","2011",58.1,
"DNK","FBORNEMP","WOMEN","PC_FBORNPOP","A","2012",56.8,
"DNK","FBORNEMP","WOMEN","PC_FBORNPOP","A","2013",59.1,
"DNK","FBORNEMP","WOMEN","PC_FBORNPOP","A","2014",57.4,
"DNK","FBORNEMP","WOMEN","PC_FBORNPOP","A","2015",57.3,
"DNK","FBORNEMP","WOMEN","PC_FBORNPOP","A","2016",61.5,
"FIN","FBORNEMP","MEN","PC_FBORNPOP","A","2000",49.9,
"FIN","FBORNEMP","MEN","PC_FBORNPOP","A","2001",66.9,
"FIN","FBORNEMP","MEN","PC_FBORNPOP","A","2002",64.5,
"FIN","FBORNEMP","MEN","PC_FBORNPOP","A","2003",65.9,
"FIN","FBORNEMP","MEN","PC_FBORNPOP","A","2004",65.5,
"FIN","FBORNEMP","MEN","PC_FBORNPOP","A","2005",61.7,
"FIN","FBORNEMP","MEN","PC_FBORNPOP","A","2006",66.5,
"FIN","FBORNEMP","MEN","PC_FBORNPOP","A","2007",69.8,
"FIN","FBORNEMP","MEN","PC_FBORNPOP","A","2008",73.1,
"FIN","FBORNEMP","MEN","PC_FBORNPOP","A","2009",66.2,
"FIN","FBORNEMP","MEN","PC_FBORNPOP","A","2010",69,
"FIN","FBORNEMP","MEN","PC_FBORNPOP","A","2011",65.7,
"FIN","FBORNEMP","MEN","PC_FBORNPOP","A","2012",68.9,
"FIN","FBORNEMP","MEN","PC_FBORNPOP","A","2013",68.9,
"FIN","FBORNEMP","MEN","PC_FBORNPOP","A","2014",66.1,
"FIN","FBORNEMP","MEN","PC_FBORNPOP","A","2015",65.2,
"FIN","FBORNEMP","MEN","PC_FBORNPOP","A","2016",66.4,
"FIN","FBORNEMP","TOT","PC_FBORNPOP","A","2000",45.2,
"FIN","FBORNEMP","TOT","PC_FBORNPOP","A","2001",57.4,
"FIN","FBORNEMP","TOT","PC_FBORNPOP","A","2002",60.6,
"FIN","FBORNEMP","TOT","PC_FBORNPOP","A","2003",58.6,
"FIN","FBORNEMP","TOT","PC_FBORNPOP","A","2004",55.7,
"FIN","FBORNEMP","TOT","PC_FBORNPOP","A","2005",55.4,
"FIN","FBORNEMP","TOT","PC_FBORNPOP","A","2006",59.8,
"FIN","FBORNEMP","TOT","PC_FBORNPOP","A","2007",63.5,
"FIN","FBORNEMP","TOT","PC_FBORNPOP","A","2008",65.5,
"FIN","FBORNEMP","TOT","PC_FBORNPOP","A","2009",64.4,
"FIN","FBORNEMP","TOT","PC_FBORNPOP","A","2010",64.4,
"FIN","FBORNEMP","TOT","PC_FBORNPOP","A","2011",62.1,
"FIN","FBORNEMP","TOT","PC_FBORNPOP","A","2012",63.8,
"FIN","FBORNEMP","TOT","PC_FBORNPOP","A","2013",63.4,
"FIN","FBORNEMP","TOT","PC_FBORNPOP","A","2014",60.7,
"FIN","FBORNEMP","TOT","PC_FBORNPOP","A","2015",59.3,
"FIN","FBORNEMP","TOT","PC_FBORNPOP","A","2016",59,
"FIN","FBORNEMP","WOMEN","PC_FBORNPOP","A","2000",39,
"FIN","FBORNEMP","WOMEN","PC_FBORNPOP","A","2001",47.5,
"FIN","FBORNEMP","WOMEN","PC_FBORNPOP","A","2002",56.7,
"FIN","FBORNEMP","WOMEN","PC_FBORNPOP","A","2003",52.3,
"FIN","FBORNEMP","WOMEN","PC_FBORNPOP","A","2004",47.1,
"FIN","FBORNEMP","WOMEN","PC_FBORNPOP","A","2005",49.7,
"FIN","FBORNEMP","WOMEN","PC_FBORNPOP","A","2006",53.4,
"FIN","FBORNEMP","WOMEN","PC_FBORNPOP","A","2007",57,
"FIN","FBORNEMP","WOMEN","PC_FBORNPOP","A","2008",58.4,
"FIN","FBORNEMP","WOMEN","PC_FBORNPOP","A","2009",62.7,
"FIN","FBORNEMP","WOMEN","PC_FBORNPOP","A","2010",59.9,
"FIN","FBORNEMP","WOMEN","PC_FBORNPOP","A","2011",58.6,
"FIN","FBORNEMP","WOMEN","PC_FBORNPOP","A","2012",59.1,
"FIN","FBORNEMP","WOMEN","PC_FBORNPOP","A","2013",58.2,
"FIN","FBORNEMP","WOMEN","PC_FBORNPOP","A","2014",55.2,
"FIN","FBORNEMP","WOMEN","PC_FBORNPOP","A","2015",53.9,
"FIN","FBORNEMP","WOMEN","PC_FBORNPOP","A","2016",51.9,
"FRA","FBORNEMP","MEN","PC_FBORNPOP","A","2000",61.8,
"FRA","FBORNEMP","MEN","PC_FBORNPOP","A","2001",63.5,
"FRA","FBORNEMP","MEN","PC_FBORNPOP","A","2002",62.4,
"FRA","FBORNEMP","MEN","PC_FBORNPOP","A","2003",64.8,
"FRA","FBORNEMP","MEN","PC_FBORNPOP","A","2004",67.8,
"FRA","FBORNEMP","MEN","PC_FBORNPOP","A","2005",67.2,
"FRA","FBORNEMP","MEN","PC_FBORNPOP","A","2006",67.1,
"FRA","FBORNEMP","MEN","PC_FBORNPOP","A","2007",67.8,
"FRA","FBORNEMP","MEN","PC_FBORNPOP","A","2008",68.9,
"FRA","FBORNEMP","MEN","PC_FBORNPOP","A","2009",64.9,
"FRA","FBORNEMP","MEN","PC_FBORNPOP","A","2010",66,
"FRA","FBORNEMP","MEN","PC_FBORNPOP","A","2011",65.5,
"FRA","FBORNEMP","MEN","PC_FBORNPOP","A","2012",66.2,
"FRA","FBORNEMP","MEN","PC_FBORNPOP","A","2013",66.3,
"FRA","FBORNEMP","MEN","PC_FBORNPOP","A","2014",63.8,
"FRA","FBORNEMP","MEN","PC_FBORNPOP","A","2015",62.9,
"FRA","FBORNEMP","MEN","PC_FBORNPOP","A","2016",63.6,
"FRA","FBORNEMP","TOT","PC_FBORNPOP","A","2000",52.2,
"FRA","FBORNEMP","TOT","PC_FBORNPOP","A","2001",53.5,
"FRA","FBORNEMP","TOT","PC_FBORNPOP","A","2002",53,
"FRA","FBORNEMP","TOT","PC_FBORNPOP","A","2003",57.1,
"FRA","FBORNEMP","TOT","PC_FBORNPOP","A","2004",58.3,
"FRA","FBORNEMP","TOT","PC_FBORNPOP","A","2005",57.4,
"FRA","FBORNEMP","TOT","PC_FBORNPOP","A","2006",57.2,
"FRA","FBORNEMP","TOT","PC_FBORNPOP","A","2007",58.7,
"FRA","FBORNEMP","TOT","PC_FBORNPOP","A","2008",59.5,
"FRA","FBORNEMP","TOT","PC_FBORNPOP","A","2009",57.3,
"FRA","FBORNEMP","TOT","PC_FBORNPOP","A","2010",57.9,
"FRA","FBORNEMP","TOT","PC_FBORNPOP","A","2011",57.3,
"FRA","FBORNEMP","TOT","PC_FBORNPOP","A","2012",57.6,
"FRA","FBORNEMP","TOT","PC_FBORNPOP","A","2013",56.9,
"FRA","FBORNEMP","TOT","PC_FBORNPOP","A","2014",56.4,
"FRA","FBORNEMP","TOT","PC_FBORNPOP","A","2015",55.5,
"FRA","FBORNEMP","TOT","PC_FBORNPOP","A","2016",55.3,
"FRA","FBORNEMP","WOMEN","PC_FBORNPOP","A","2000",42.6,
"FRA","FBORNEMP","WOMEN","PC_FBORNPOP","A","2001",43.7,
"FRA","FBORNEMP","WOMEN","PC_FBORNPOP","A","2002",43.8,
"FRA","FBORNEMP","WOMEN","PC_FBORNPOP","A","2003",49.6,
"FRA","FBORNEMP","WOMEN","PC_FBORNPOP","A","2004",49.1,
"FRA","FBORNEMP","WOMEN","PC_FBORNPOP","A","2005",48.2,
"FRA","FBORNEMP","WOMEN","PC_FBORNPOP","A","2006",47.9,
"FRA","FBORNEMP","WOMEN","PC_FBORNPOP","A","2007",50.5,
"FRA","FBORNEMP","WOMEN","PC_FBORNPOP","A","2008",50.8,
"FRA","FBORNEMP","WOMEN","PC_FBORNPOP","A","2009",50.4,
"FRA","FBORNEMP","WOMEN","PC_FBORNPOP","A","2010",50.2,
"FRA","FBORNEMP","WOMEN","PC_FBORNPOP","A","2011",49.8,
"FRA","FBORNEMP","WOMEN","PC_FBORNPOP","A","2012",49.8,
"FRA","FBORNEMP","WOMEN","PC_FBORNPOP","A","2013",48.4,
"FRA","FBORNEMP","WOMEN","PC_FBORNPOP","A","2014",49.9,
"FRA","FBORNEMP","WOMEN","PC_FBORNPOP","A","2015",48.8,
"FRA","FBORNEMP","WOMEN","PC_FBORNPOP","A","2016",48.1,
"DEU","FBORNEMP","MEN","PC_FBORNPOP","A","2000",68.4,
"DEU","FBORNEMP","MEN","PC_FBORNPOP","A","2001",69.5,
"DEU","FBORNEMP","MEN","PC_FBORNPOP","A","2002",68.3,
"DEU","FBORNEMP","MEN","PC_FBORNPOP","A","2003",66.5,
"DEU","FBORNEMP","MEN","PC_FBORNPOP","A","2004",65.4,
"DEU","FBORNEMP","MEN","PC_FBORNPOP","A","2005",64.7,
"DEU","FBORNEMP","MEN","PC_FBORNPOP","A","2006",66.4,
"DEU","FBORNEMP","MEN","PC_FBORNPOP","A","2007",69.1,
"DEU","FBORNEMP","MEN","PC_FBORNPOP","A","2008",72.7,
"DEU","FBORNEMP","MEN","PC_FBORNPOP","A","2009",69.8,
"DEU","FBORNEMP","MEN","PC_FBORNPOP","A","2010",74.4,
"DEU","FBORNEMP","MEN","PC_FBORNPOP","A","2011",76.1,
"DEU","FBORNEMP","MEN","PC_FBORNPOP","A","2012",77.1,
"DEU","FBORNEMP","MEN","PC_FBORNPOP","A","2013",77.2,
"DEU","FBORNEMP","MEN","PC_FBORNPOP","A","2014",77,
"DEU","FBORNEMP","MEN","PC_FBORNPOP","A","2015",76.8,
"DEU","FBORNEMP","MEN","PC_FBORNPOP","A","2016",75.3,
"DEU","FBORNEMP","TOT","PC_FBORNPOP","A","2000",59.4,
"DEU","FBORNEMP","TOT","PC_FBORNPOP","A","2001",60.8,
"DEU","FBORNEMP","TOT","PC_FBORNPOP","A","2002",60.2,
"DEU","FBORNEMP","TOT","PC_FBORNPOP","A","2003",58.9,
"DEU","FBORNEMP","TOT","PC_FBORNPOP","A","2004",57.8,
"DEU","FBORNEMP","TOT","PC_FBORNPOP","A","2005",56.4,
"DEU","FBORNEMP","TOT","PC_FBORNPOP","A","2006",58.2,
"DEU","FBORNEMP","TOT","PC_FBORNPOP","A","2007",60.2,
"DEU","FBORNEMP","TOT","PC_FBORNPOP","A","2008",62.9,
"DEU","FBORNEMP","TOT","PC_FBORNPOP","A","2009",62.1,
"DEU","FBORNEMP","TOT","PC_FBORNPOP","A","2010",65,
"DEU","FBORNEMP","TOT","PC_FBORNPOP","A","2011",66.9,
"DEU","FBORNEMP","TOT","PC_FBORNPOP","A","2012",68,
"DEU","FBORNEMP","TOT","PC_FBORNPOP","A","2013",68.3,
"DEU","FBORNEMP","TOT","PC_FBORNPOP","A","2014",68.4,
"DEU","FBORNEMP","TOT","PC_FBORNPOP","A","2015",68.4,
"DEU","FBORNEMP","TOT","PC_FBORNPOP","A","2016",68,
"DEU","FBORNEMP","WOMEN","PC_FBORNPOP","A","2000",50.1,
"DEU","FBORNEMP","WOMEN","PC_FBORNPOP","A","2001",51.9,
"DEU","FBORNEMP","WOMEN","PC_FBORNPOP","A","2002",51.9,
"DEU","FBORNEMP","WOMEN","PC_FBORNPOP","A","2003",51.2,
"DEU","FBORNEMP","WOMEN","PC_FBORNPOP","A","2004",50,
"DEU","FBORNEMP","WOMEN","PC_FBORNPOP","A","2005",48.1,
"DEU","FBORNEMP","WOMEN","PC_FBORNPOP","A","2006",50.2,
"DEU","FBORNEMP","WOMEN","PC_FBORNPOP","A","2007",51.9,
"DEU","FBORNEMP","WOMEN","PC_FBORNPOP","A","2008",53.4,
"DEU","FBORNEMP","WOMEN","PC_FBORNPOP","A","2009",54.6,
"DEU","FBORNEMP","WOMEN","PC_FBORNPOP","A","2010",55.9,
"DEU","FBORNEMP","WOMEN","PC_FBORNPOP","A","2011",58.1,
"DEU","FBORNEMP","WOMEN","PC_FBORNPOP","A","2012",59.3,
"DEU","FBORNEMP","WOMEN","PC_FBORNPOP","A","2013",59.8,
"DEU","FBORNEMP","WOMEN","PC_FBORNPOP","A","2014",60.1,
"DEU","FBORNEMP","WOMEN","PC_FBORNPOP","A","2015",60.1,
"DEU","FBORNEMP","WOMEN","PC_FBORNPOP","A","2016",60.5,
"GRC","FBORNEMP","MEN","PC_FBORNPOP","A","2000",78.1,
"GRC","FBORNEMP","MEN","PC_FBORNPOP","A","2001",79.1,
"GRC","FBORNEMP","MEN","PC_FBORNPOP","A","2002",81.5,
"GRC","FBORNEMP","MEN","PC_FBORNPOP","A","2003",84.4,
"GRC","FBORNEMP","MEN","PC_FBORNPOP","A","2004",81.6,
"GRC","FBORNEMP","MEN","PC_FBORNPOP","A","2005",82.6,
"GRC","FBORNEMP","MEN","PC_FBORNPOP","A","2006",83.6,
"GRC","FBORNEMP","MEN","PC_FBORNPOP","A","2007",84.5,
"GRC","FBORNEMP","MEN","PC_FBORNPOP","A","2008",85,
"GRC","FBORNEMP","MEN","PC_FBORNPOP","A","2009",80.5,
"GRC","FBORNEMP","MEN","PC_FBORNPOP","A","2010",76.7,
"GRC","FBORNEMP","MEN","PC_FBORNPOP","A","2011",70,
"GRC","FBORNEMP","MEN","PC_FBORNPOP","A","2012",58.1,
"GRC","FBORNEMP","MEN","PC_FBORNPOP","A","2013",56.3,
"GRC","FBORNEMP","MEN","PC_FBORNPOP","A","2014",58.9,
"GRC","FBORNEMP","MEN","PC_FBORNPOP","A","2015",61,
"GRC","FBORNEMP","MEN","PC_FBORNPOP","A","2016",64.8,
"GRC","FBORNEMP","TOT","PC_FBORNPOP","A","2000",60.3,
"GRC","FBORNEMP","TOT","PC_FBORNPOP","A","2001",61.1,
"GRC","FBORNEMP","TOT","PC_FBORNPOP","A","2002",64.7,
"GRC","FBORNEMP","TOT","PC_FBORNPOP","A","2003",66.3,
"GRC","FBORNEMP","TOT","PC_FBORNPOP","A","2004",64.1,
"GRC","FBORNEMP","TOT","PC_FBORNPOP","A","2005",66,
"GRC","FBORNEMP","TOT","PC_FBORNPOP","A","2006",66.8,
"GRC","FBORNEMP","TOT","PC_FBORNPOP","A","2007",66.6,
"GRC","FBORNEMP","TOT","PC_FBORNPOP","A","2008",67.5,
"GRC","FBORNEMP","TOT","PC_FBORNPOP","A","2009",66,
"GRC","FBORNEMP","TOT","PC_FBORNPOP","A","2010",64,
"GRC","FBORNEMP","TOT","PC_FBORNPOP","A","2011",58.4,
"GRC","FBORNEMP","TOT","PC_FBORNPOP","A","2012",49.6,
"GRC","FBORNEMP","TOT","PC_FBORNPOP","A","2013",47.6,
"GRC","FBORNEMP","TOT","PC_FBORNPOP","A","2014",50.3,
"GRC","FBORNEMP","TOT","PC_FBORNPOP","A","2015",52.2,
"GRC","FBORNEMP","TOT","PC_FBORNPOP","A","2016",53.7,
"GRC","FBORNEMP","WOMEN","PC_FBORNPOP","A","2000",45,
"GRC","FBORNEMP","WOMEN","PC_FBORNPOP","A","2001",44.4,
"GRC","FBORNEMP","WOMEN","PC_FBORNPOP","A","2002",48.4,
"GRC","FBORNEMP","WOMEN","PC_FBORNPOP","A","2003",48.7,
"GRC","FBORNEMP","WOMEN","PC_FBORNPOP","A","2004",47.2,
"GRC","FBORNEMP","WOMEN","PC_FBORNPOP","A","2005",50.2,
"GRC","FBORNEMP","WOMEN","PC_FBORNPOP","A","2006",51.1,
"GRC","FBORNEMP","WOMEN","PC_FBORNPOP","A","2007",49.2,
"GRC","FBORNEMP","WOMEN","PC_FBORNPOP","A","2008",49.6,
"GRC","FBORNEMP","WOMEN","PC_FBORNPOP","A","2009",51.2,
"GRC","FBORNEMP","WOMEN","PC_FBORNPOP","A","2010",51.2,
"GRC","FBORNEMP","WOMEN","PC_FBORNPOP","A","2011",47,
"GRC","FBORNEMP","WOMEN","PC_FBORNPOP","A","2012",41.5,
"GRC","FBORNEMP","WOMEN","PC_FBORNPOP","A","2013",39.5,
"GRC","FBORNEMP","WOMEN","PC_FBORNPOP","A","2014",42.5,
"GRC","FBORNEMP","WOMEN","PC_FBORNPOP","A","2015",44.4,
"GRC","FBORNEMP","WOMEN","PC_FBORNPOP","A","2016",43.7,
"HUN","FBORNEMP","MEN","PC_FBORNPOP","A","2000",69.4,
"HUN","FBORNEMP","MEN","PC_FBORNPOP","A","2001",68.3,
"HUN","FBORNEMP","MEN","PC_FBORNPOP","A","2002",70.1,
"HUN","FBORNEMP","MEN","PC_FBORNPOP","A","2003",74.8,
"HUN","FBORNEMP","MEN","PC_FBORNPOP","A","2004",74.6,
"HUN","FBORNEMP","MEN","PC_FBORNPOP","A","2005",72.3,
"HUN","FBORNEMP","MEN","PC_FBORNPOP","A","2006",71.8,
"HUN","FBORNEMP","MEN","PC_FBORNPOP","A","2007",74.3,
"HUN","FBORNEMP","MEN","PC_FBORNPOP","A","2008",72.9,
"HUN","FBORNEMP","MEN","PC_FBORNPOP","A","2009",74,
"HUN","FBORNEMP","MEN","PC_FBORNPOP","A","2010",69.2,
"HUN","FBORNEMP","MEN","PC_FBORNPOP","A","2011",71.1,
"HUN","FBORNEMP","MEN","PC_FBORNPOP","A","2012",73.5,
"HUN","FBORNEMP","MEN","PC_FBORNPOP","A","2013",78.4,
"HUN","FBORNEMP","MEN","PC_FBORNPOP","A","2014",82.7,
"HUN","FBORNEMP","MEN","PC_FBORNPOP","A","2015",82.4,
"HUN","FBORNEMP","MEN","PC_FBORNPOP","A","2016",82.6,
"HUN","FBORNEMP","TOT","PC_FBORNPOP","A","2000",58.5,
"HUN","FBORNEMP","TOT","PC_FBORNPOP","A","2001",54.7,
"HUN","FBORNEMP","TOT","PC_FBORNPOP","A","2002",56.9,
"HUN","FBORNEMP","TOT","PC_FBORNPOP","A","2003",62.4,
"HUN","FBORNEMP","TOT","PC_FBORNPOP","A","2004",61.4,
"HUN","FBORNEMP","TOT","PC_FBORNPOP","A","2005",62.6,
"HUN","FBORNEMP","TOT","PC_FBORNPOP","A","2006",60.7,
"HUN","FBORNEMP","TOT","PC_FBORNPOP","A","2007",64.5,
"HUN","FBORNEMP","TOT","PC_FBORNPOP","A","2008",64.7,
"HUN","FBORNEMP","TOT","PC_FBORNPOP","A","2009",65.5,
"HUN","FBORNEMP","TOT","PC_FBORNPOP","A","2010",65.5,
"HUN","FBORNEMP","TOT","PC_FBORNPOP","A","2011",62.1,
"HUN","FBORNEMP","TOT","PC_FBORNPOP","A","2012",66.6,
"HUN","FBORNEMP","TOT","PC_FBORNPOP","A","2013",67.8,
"HUN","FBORNEMP","TOT","PC_FBORNPOP","A","2014",70.4,
"HUN","FBORNEMP","TOT","PC_FBORNPOP","A","2015",71.1,
"HUN","FBORNEMP","TOT","PC_FBORNPOP","A","2016",73.8,
"HUN","FBORNEMP","WOMEN","PC_FBORNPOP","A","2000",49.8,
"HUN","FBORNEMP","WOMEN","PC_FBORNPOP","A","2001",44.6,
"HUN","FBORNEMP","WOMEN","PC_FBORNPOP","A","2002",45.8,
"HUN","FBORNEMP","WOMEN","PC_FBORNPOP","A","2003",53.7,
"HUN","FBORNEMP","WOMEN","PC_FBORNPOP","A","2004",50.8,
"HUN","FBORNEMP","WOMEN","PC_FBORNPOP","A","2005",54.3,
"HUN","FBORNEMP","WOMEN","PC_FBORNPOP","A","2006",51,
"HUN","FBORNEMP","WOMEN","PC_FBORNPOP","A","2007",56.6,
"HUN","FBORNEMP","WOMEN","PC_FBORNPOP","A","2008",58.3,
"HUN","FBORNEMP","WOMEN","PC_FBORNPOP","A","2009",59.2,
"HUN","FBORNEMP","WOMEN","PC_FBORNPOP","A","2010",62.4,
"HUN","FBORNEMP","WOMEN","PC_FBORNPOP","A","2011",54.7,
"HUN","FBORNEMP","WOMEN","PC_FBORNPOP","A","2012",60.4,
"HUN","FBORNEMP","WOMEN","PC_FBORNPOP","A","2013",58.3,
"HUN","FBORNEMP","WOMEN","PC_FBORNPOP","A","2014",59.5,
"HUN","FBORNEMP","WOMEN","PC_FBORNPOP","A","2015",61,
"HUN","FBORNEMP","WOMEN","PC_FBORNPOP","A","2016",65.5,
"ISL","FBORNEMP","MEN","PC_FBORNPOP","A","2000",90.6,
"ISL","FBORNEMP","MEN","PC_FBORNPOP","A","2001",93.1,
"ISL","FBORNEMP","MEN","PC_FBORNPOP","A","2002",87.7,
"ISL","FBORNEMP","MEN","PC_FBORNPOP","A","2003",89.4,
"ISL","FBORNEMP","MEN","PC_FBORNPOP","A","2004",81,
"ISL","FBORNEMP","MEN","PC_FBORNPOP","A","2005",84.1,
"ISL","FBORNEMP","MEN","PC_FBORNPOP","A","2006",89.3,
"ISL","FBORNEMP","MEN","PC_FBORNPOP","A","2007",90.3,
"ISL","FBORNEMP","MEN","PC_FBORNPOP","A","2008",85.3,
"ISL","FBORNEMP","MEN","PC_FBORNPOP","A","2009",76.4,
"ISL","FBORNEMP","MEN","PC_FBORNPOP","A","2010",74.8,
"ISL","FBORNEMP","MEN","PC_FBORNPOP","A","2011",77.3,
"ISL","FBORNEMP","MEN","PC_FBORNPOP","A","2012",82.1,
"ISL","FBORNEMP","MEN","PC_FBORNPOP","A","2013",82.7,
"ISL","FBORNEMP","MEN","PC_FBORNPOP","A","2014",84.3,
"ISL","FBORNEMP","MEN","PC_FBORNPOP","A","2015",84.5,
"ISL","FBORNEMP","MEN","PC_FBORNPOP","A","2016",89.3,
"ISL","FBORNEMP","TOT","PC_FBORNPOP","A","2000",86.6,
"ISL","FBORNEMP","TOT","PC_FBORNPOP","A","2001",87.9,
"ISL","FBORNEMP","TOT","PC_FBORNPOP","A","2002",86.1,
"ISL","FBORNEMP","TOT","PC_FBORNPOP","A","2003",87.2,
"ISL","FBORNEMP","TOT","PC_FBORNPOP","A","2004",80.1,
"ISL","FBORNEMP","TOT","PC_FBORNPOP","A","2005",81.8,
"ISL","FBORNEMP","TOT","PC_FBORNPOP","A","2006",84,
"ISL","FBORNEMP","TOT","PC_FBORNPOP","A","2007",85.5,
"ISL","FBORNEMP","TOT","PC_FBORNPOP","A","2008",81.2,
"ISL","FBORNEMP","TOT","PC_FBORNPOP","A","2009",77,
"ISL","FBORNEMP","TOT","PC_FBORNPOP","A","2010",74.7,
"ISL","FBORNEMP","TOT","PC_FBORNPOP","A","2011",75.8,
"ISL","FBORNEMP","TOT","PC_FBORNPOP","A","2012",79,
"ISL","FBORNEMP","TOT","PC_FBORNPOP","A","2013",79.9,
"ISL","FBORNEMP","TOT","PC_FBORNPOP","A","2014",81.9,
"ISL","FBORNEMP","TOT","PC_FBORNPOP","A","2015",80.7,
"ISL","FBORNEMP","TOT","PC_FBORNPOP","A","2016",86.6,
"ISL","FBORNEMP","WOMEN","PC_FBORNPOP","A","2000",83.2,
"ISL","FBORNEMP","WOMEN","PC_FBORNPOP","A","2001",84,
"ISL","FBORNEMP","WOMEN","PC_FBORNPOP","A","2002",84.9,
"ISL","FBORNEMP","WOMEN","PC_FBORNPOP","A","2003",84.8,
"ISL","FBORNEMP","WOMEN","PC_FBORNPOP","A","2004",79.4,
"ISL","FBORNEMP","WOMEN","PC_FBORNPOP","A","2005",79.8,
"ISL","FBORNEMP","WOMEN","PC_FBORNPOP","A","2006",79,
"ISL","FBORNEMP","WOMEN","PC_FBORNPOP","A","2007",80.5,
"ISL","FBORNEMP","WOMEN","PC_FBORNPOP","A","2008",77,
"ISL","FBORNEMP","WOMEN","PC_FBORNPOP","A","2009",77.5,
"ISL","FBORNEMP","WOMEN","PC_FBORNPOP","A","2010",74.6,
"ISL","FBORNEMP","WOMEN","PC_FBORNPOP","A","2011",74.5,
"ISL","FBORNEMP","WOMEN","PC_FBORNPOP","A","2012",75.8,
"ISL","FBORNEMP","WOMEN","PC_FBORNPOP","A","2013",77.5,
"ISL","FBORNEMP","WOMEN","PC_FBORNPOP","A","2014",80,
"ISL","FBORNEMP","WOMEN","PC_FBORNPOP","A","2015",76.8,
"ISL","FBORNEMP","WOMEN","PC_FBORNPOP","A","2016",85.3,
"IRL","FBORNEMP","MEN","PC_FBORNPOP","A","2000",75.1,
"IRL","FBORNEMP","MEN","PC_FBORNPOP","A","2001",77.1,
"IRL","FBORNEMP","MEN","PC_FBORNPOP","A","2002",75.2,
"IRL","FBORNEMP","MEN","PC_FBORNPOP","A","2003",72.7,
"IRL","FBORNEMP","MEN","PC_FBORNPOP","A","2004",74.3,
"IRL","FBORNEMP","MEN","PC_FBORNPOP","A","2005",78.8,
"IRL","FBORNEMP","MEN","PC_FBORNPOP","A","2006",81.1,
"IRL","FBORNEMP","MEN","PC_FBORNPOP","A","2007",82.3,
"IRL","FBORNEMP","MEN","PC_FBORNPOP","A","2008",79.5,
"IRL","FBORNEMP","MEN","PC_FBORNPOP","A","2009",68,
"IRL","FBORNEMP","MEN","PC_FBORNPOP","A","2010",64.6,
"IRL","FBORNEMP","MEN","PC_FBORNPOP","A","2011",63.9,
"IRL","FBORNEMP","MEN","PC_FBORNPOP","A","2012",64.2,
"IRL","FBORNEMP","MEN","PC_FBORNPOP","A","2013",67.4,
"IRL","FBORNEMP","MEN","PC_FBORNPOP","A","2014",68.5,
"IRL","FBORNEMP","MEN","PC_FBORNPOP","A","2015",69.9,
"IRL","FBORNEMP","MEN","PC_FBORNPOP","A","2016",73.4,
"IRL","FBORNEMP","TOT","PC_FBORNPOP","A","2000",64.9,
"IRL","FBORNEMP","TOT","PC_FBORNPOP","A","2001",66.9,
"IRL","FBORNEMP","TOT","PC_FBORNPOP","A","2002",65.4,
"IRL","FBORNEMP","TOT","PC_FBORNPOP","A","2003",63.1,
"IRL","FBORNEMP","TOT","PC_FBORNPOP","A","2004",64,
"IRL","FBORNEMP","TOT","PC_FBORNPOP","A","2005",68.7,
"IRL","FBORNEMP","TOT","PC_FBORNPOP","A","2006",71.1,
"IRL","FBORNEMP","TOT","PC_FBORNPOP","A","2007",73.1,
"IRL","FBORNEMP","TOT","PC_FBORNPOP","A","2008",71.3,
"IRL","FBORNEMP","TOT","PC_FBORNPOP","A","2009",62.2,
"IRL","FBORNEMP","TOT","PC_FBORNPOP","A","2010",59.3,
"IRL","FBORNEMP","TOT","PC_FBORNPOP","A","2011",59,
"IRL","FBORNEMP","TOT","PC_FBORNPOP","A","2012",58.8,
"IRL","FBORNEMP","TOT","PC_FBORNPOP","A","2013",60.5,
"IRL","FBORNEMP","TOT","PC_FBORNPOP","A","2014",61.2,
"IRL","FBORNEMP","TOT","PC_FBORNPOP","A","2015",62.6,
"IRL","FBORNEMP","TOT","PC_FBORNPOP","A","2016",65.1,
"IRL","FBORNEMP","WOMEN","PC_FBORNPOP","A","2000",54.9,
"IRL","FBORNEMP","WOMEN","PC_FBORNPOP","A","2001",56.9,
"IRL","FBORNEMP","WOMEN","PC_FBORNPOP","A","2002",55.7,
"IRL","FBORNEMP","WOMEN","PC_FBORNPOP","A","2003",53.7,
"IRL","FBORNEMP","WOMEN","PC_FBORNPOP","A","2004",54.1,
"IRL","FBORNEMP","WOMEN","PC_FBORNPOP","A","2005",57.7,
"IRL","FBORNEMP","WOMEN","PC_FBORNPOP","A","2006",59.9,
"IRL","FBORNEMP","WOMEN","PC_FBORNPOP","A","2007",63.1,
"IRL","FBORNEMP","WOMEN","PC_FBORNPOP","A","2008",62.6,
"IRL","FBORNEMP","WOMEN","PC_FBORNPOP","A","2009",56.4,
"IRL","FBORNEMP","WOMEN","PC_FBORNPOP","A","2010",54,
"IRL","FBORNEMP","WOMEN","PC_FBORNPOP","A","2011",54.1,
"IRL","FBORNEMP","WOMEN","PC_FBORNPOP","A","2012",53.9,
"IRL","FBORNEMP","WOMEN","PC_FBORNPOP","A","2013",54.1,
"IRL","FBORNEMP","WOMEN","PC_FBORNPOP","A","2014",54.3,
"IRL","FBORNEMP","WOMEN","PC_FBORNPOP","A","2015",55.8,
"IRL","FBORNEMP","WOMEN","PC_FBORNPOP","A","2016",57.4,
"ITA","FBORNEMP","MEN","PC_FBORNPOP","A","2000",82.3,
"ITA","FBORNEMP","MEN","PC_FBORNPOP","A","2001",80.4,
"ITA","FBORNEMP","MEN","PC_FBORNPOP","A","2002",84,
"ITA","FBORNEMP","MEN","PC_FBORNPOP","A","2003",85.8,
"ITA","FBORNEMP","MEN","PC_FBORNPOP","A","2004",80.7,
"ITA","FBORNEMP","MEN","PC_FBORNPOP","A","2005",79.9,
"ITA","FBORNEMP","MEN","PC_FBORNPOP","A","2006",81.9,
"ITA","FBORNEMP","MEN","PC_FBORNPOP","A","2007",82.4,
"ITA","FBORNEMP","MEN","PC_FBORNPOP","A","2008",80.9,
"ITA","FBORNEMP","MEN","PC_FBORNPOP","A","2009",77.3,
"ITA","FBORNEMP","MEN","PC_FBORNPOP","A","2010",76.1,
"ITA","FBORNEMP","MEN","PC_FBORNPOP","A","2011",75.6,
"ITA","FBORNEMP","MEN","PC_FBORNPOP","A","2012",72.3,
"ITA","FBORNEMP","MEN","PC_FBORNPOP","A","2013",68.6,
"ITA","FBORNEMP","MEN","PC_FBORNPOP","A","2014",68.7,
"ITA","FBORNEMP","MEN","PC_FBORNPOP","A","2015",70,
"ITA","FBORNEMP","MEN","PC_FBORNPOP","A","2016",71.7,
"ITA","FBORNEMP","TOT","PC_FBORNPOP","A","2000",60.9,
"ITA","FBORNEMP","TOT","PC_FBORNPOP","A","2001",59.2,
"ITA","FBORNEMP","TOT","PC_FBORNPOP","A","2002",65.3,
"ITA","FBORNEMP","TOT","PC_FBORNPOP","A","2003",67.2,
"ITA","FBORNEMP","TOT","PC_FBORNPOP","A","2004",63.4,
"ITA","FBORNEMP","TOT","PC_FBORNPOP","A","2005",63,
"ITA","FBORNEMP","TOT","PC_FBORNPOP","A","2006",65.1,
"ITA","FBORNEMP","TOT","PC_FBORNPOP","A","2007",65.9,
"ITA","FBORNEMP","TOT","PC_FBORNPOP","A","2008",65.1,
"ITA","FBORNEMP","TOT","PC_FBORNPOP","A","2009",62.8,
"ITA","FBORNEMP","TOT","PC_FBORNPOP","A","2010",61.9,
"ITA","FBORNEMP","TOT","PC_FBORNPOP","A","2011",61.5,
"ITA","FBORNEMP","TOT","PC_FBORNPOP","A","2012",60,
"ITA","FBORNEMP","TOT","PC_FBORNPOP","A","2013",58.1,
"ITA","FBORNEMP","TOT","PC_FBORNPOP","A","2014",58.4,
"ITA","FBORNEMP","TOT","PC_FBORNPOP","A","2015",58.6,
"ITA","FBORNEMP","TOT","PC_FBORNPOP","A","2016",59.2,
"ITA","FBORNEMP","WOMEN","PC_FBORNPOP","A","2000",40.5,
"ITA","FBORNEMP","WOMEN","PC_FBORNPOP","A","2001",39.5,
"ITA","FBORNEMP","WOMEN","PC_FBORNPOP","A","2002",46.9,
"ITA","FBORNEMP","WOMEN","PC_FBORNPOP","A","2003",48.6,
"ITA","FBORNEMP","WOMEN","PC_FBORNPOP","A","2004",49.1,
"ITA","FBORNEMP","WOMEN","PC_FBORNPOP","A","2005",47.6,
"ITA","FBORNEMP","WOMEN","PC_FBORNPOP","A","2006",49.9,
"ITA","FBORNEMP","WOMEN","PC_FBORNPOP","A","2007",51,
"ITA","FBORNEMP","WOMEN","PC_FBORNPOP","A","2008",51.1,
"ITA","FBORNEMP","WOMEN","PC_FBORNPOP","A","2009",50.2,
"ITA","FBORNEMP","WOMEN","PC_FBORNPOP","A","2010",49.5,
"ITA","FBORNEMP","WOMEN","PC_FBORNPOP","A","2011",49.4,
"ITA","FBORNEMP","WOMEN","PC_FBORNPOP","A","2012",50,
"ITA","FBORNEMP","WOMEN","PC_FBORNPOP","A","2013",49.4,
"ITA","FBORNEMP","WOMEN","PC_FBORNPOP","A","2014",49.7,
"ITA","FBORNEMP","WOMEN","PC_FBORNPOP","A","2015",49,
"ITA","FBORNEMP","WOMEN","PC_FBORNPOP","A","2016",48.8,
"LUX","FBORNEMP","MEN","PC_FBORNPOP","A","2000",78.1,
"LUX","FBORNEMP","MEN","PC_FBORNPOP","A","2001",81.8,
"LUX","FBORNEMP","MEN","PC_FBORNPOP","A","2002",81.2,
"LUX","FBORNEMP","MEN","PC_FBORNPOP","A","2003",79.9,
"LUX","FBORNEMP","MEN","PC_FBORNPOP","A","2004",78.1,
"LUX","FBORNEMP","MEN","PC_FBORNPOP","A","2005",80.1,
"LUX","FBORNEMP","MEN","PC_FBORNPOP","A","2006",79.2,
"LUX","FBORNEMP","MEN","PC_FBORNPOP","A","2007",79.3,
"LUX","FBORNEMP","MEN","PC_FBORNPOP","A","2008",75.9,
"LUX","FBORNEMP","MEN","PC_FBORNPOP","A","2009",78.1,
"LUX","FBORNEMP","MEN","PC_FBORNPOP","A","2010",78.8,
"LUX","FBORNEMP","MEN","PC_FBORNPOP","A","2011",78.2,
"LUX","FBORNEMP","MEN","PC_FBORNPOP","A","2012",79.2,
"LUX","FBORNEMP","MEN","PC_FBORNPOP","A","2013",79.4,
"LUX","FBORNEMP","MEN","PC_FBORNPOP","A","2014",78.9,
"LUX","FBORNEMP","MEN","PC_FBORNPOP","A","2015",75.4,
"LUX","FBORNEMP","MEN","PC_FBORNPOP","A","2016",75,
"LUX","FBORNEMP","TOT","PC_FBORNPOP","A","2000",66.5,
"LUX","FBORNEMP","TOT","PC_FBORNPOP","A","2001",69.4,
"LUX","FBORNEMP","TOT","PC_FBORNPOP","A","2002",69.3,
"LUX","FBORNEMP","TOT","PC_FBORNPOP","A","2003",67.9,
"LUX","FBORNEMP","TOT","PC_FBORNPOP","A","2004",67.2,
"LUX","FBORNEMP","TOT","PC_FBORNPOP","A","2005",69.2,
"LUX","FBORNEMP","TOT","PC_FBORNPOP","A","2006",68.9,
"LUX","FBORNEMP","TOT","PC_FBORNPOP","A","2007",71.1,
"LUX","FBORNEMP","TOT","PC_FBORNPOP","A","2008",69,
"LUX","FBORNEMP","TOT","PC_FBORNPOP","A","2009",69,
"LUX","FBORNEMP","TOT","PC_FBORNPOP","A","2010",70.4,
"LUX","FBORNEMP","TOT","PC_FBORNPOP","A","2011",69.8,
"LUX","FBORNEMP","TOT","PC_FBORNPOP","A","2012",71.3,
"LUX","FBORNEMP","TOT","PC_FBORNPOP","A","2013",71.5,
"LUX","FBORNEMP","TOT","PC_FBORNPOP","A","2014",72,
"LUX","FBORNEMP","TOT","PC_FBORNPOP","A","2015",69.5,
"LUX","FBORNEMP","TOT","PC_FBORNPOP","A","2016",69,
"LUX","FBORNEMP","WOMEN","PC_FBORNPOP","A","2000",55.4,
"LUX","FBORNEMP","WOMEN","PC_FBORNPOP","A","2001",56.2,
"LUX","FBORNEMP","WOMEN","PC_FBORNPOP","A","2002",57.4,
"LUX","FBORNEMP","WOMEN","PC_FBORNPOP","A","2003",55.7,
"LUX","FBORNEMP","WOMEN","PC_FBORNPOP","A","2004",56.3,
"LUX","FBORNEMP","WOMEN","PC_FBORNPOP","A","2005",58.3,
"LUX","FBORNEMP","WOMEN","PC_FBORNPOP","A","2006",58.6,
"LUX","FBORNEMP","WOMEN","PC_FBORNPOP","A","2007",62.9,
"LUX","FBORNEMP","WOMEN","PC_FBORNPOP","A","2008",61.8,
"LUX","FBORNEMP","WOMEN","PC_FBORNPOP","A","2009",59.7,
"LUX","FBORNEMP","WOMEN","PC_FBORNPOP","A","2010",61.9,
"LUX","FBORNEMP","WOMEN","PC_FBORNPOP","A","2011",61.1,
"LUX","FBORNEMP","WOMEN","PC_FBORNPOP","A","2012",63.4,
"LUX","FBORNEMP","WOMEN","PC_FBORNPOP","A","2013",63.4,
"LUX","FBORNEMP","WOMEN","PC_FBORNPOP","A","2014",65,
"LUX","FBORNEMP","WOMEN","PC_FBORNPOP","A","2015",63.3,
"LUX","FBORNEMP","WOMEN","PC_FBORNPOP","A","2016",63.1,
"MEX","FBORNEMP","MEN","PC_FBORNPOP","A","2005",70.9,
"MEX","FBORNEMP","MEN","PC_FBORNPOP","A","2006",72.3,
"MEX","FBORNEMP","MEN","PC_FBORNPOP","A","2007",75.1,
"MEX","FBORNEMP","MEN","PC_FBORNPOP","A","2008",71.1,
"MEX","FBORNEMP","MEN","PC_FBORNPOP","A","2009",65.4,
"MEX","FBORNEMP","MEN","PC_FBORNPOP","A","2010",67.4,
"MEX","FBORNEMP","MEN","PC_FBORNPOP","A","2011",67.1,
"MEX","FBORNEMP","MEN","PC_FBORNPOP","A","2012",64,
"MEX","FBORNEMP","MEN","PC_FBORNPOP","A","2013",68.2,
"MEX","FBORNEMP","MEN","PC_FBORNPOP","A","2014",67.7,
"MEX","FBORNEMP","MEN","PC_FBORNPOP","A","2015",66.6,
"MEX","FBORNEMP","MEN","PC_FBORNPOP","A","2016",70.1,
"MEX","FBORNEMP","TOT","PC_FBORNPOP","A","2005",55.6,
"MEX","FBORNEMP","TOT","PC_FBORNPOP","A","2006",56.2,
"MEX","FBORNEMP","TOT","PC_FBORNPOP","A","2007",54.4,
"MEX","FBORNEMP","TOT","PC_FBORNPOP","A","2008",51.8,
"MEX","FBORNEMP","TOT","PC_FBORNPOP","A","2009",48.2,
"MEX","FBORNEMP","TOT","PC_FBORNPOP","A","2010",49.4,
"MEX","FBORNEMP","TOT","PC_FBORNPOP","A","2011",53,
"MEX","FBORNEMP","TOT","PC_FBORNPOP","A","2012",53.6,
"MEX","FBORNEMP","TOT","PC_FBORNPOP","A","2013",54,
"MEX","FBORNEMP","TOT","PC_FBORNPOP","A","2014",53.4,
"MEX","FBORNEMP","TOT","PC_FBORNPOP","A","2015",51.8,
"MEX","FBORNEMP","TOT","PC_FBORNPOP","A","2016",55,
"MEX","FBORNEMP","WOMEN","PC_FBORNPOP","A","2005",38.5,
"MEX","FBORNEMP","WOMEN","PC_FBORNPOP","A","2006",38.4,
"MEX","FBORNEMP","WOMEN","PC_FBORNPOP","A","2007",33.8,
"MEX","FBORNEMP","WOMEN","PC_FBORNPOP","A","2008",31.7,
"MEX","FBORNEMP","WOMEN","PC_FBORNPOP","A","2009",32.5,
"MEX","FBORNEMP","WOMEN","PC_FBORNPOP","A","2010",31.8,
"MEX","FBORNEMP","WOMEN","PC_FBORNPOP","A","2011",38.2,
"MEX","FBORNEMP","WOMEN","PC_FBORNPOP","A","2012",42.2,
"MEX","FBORNEMP","WOMEN","PC_FBORNPOP","A","2013",39,
"MEX","FBORNEMP","WOMEN","PC_FBORNPOP","A","2014",39.9,
"MEX","FBORNEMP","WOMEN","PC_FBORNPOP","A","2015",37.4,
"MEX","FBORNEMP","WOMEN","PC_FBORNPOP","A","2016",39.9,
"NLD","FBORNEMP","MEN","PC_FBORNPOP","A","2000",70.2,
"NLD","FBORNEMP","MEN","PC_FBORNPOP","A","2001",71.5,
"NLD","FBORNEMP","MEN","PC_FBORNPOP","A","2002",73,
"NLD","FBORNEMP","MEN","PC_FBORNPOP","A","2003",69.5,
"NLD","FBORNEMP","MEN","PC_FBORNPOP","A","2004",69.1,
"NLD","FBORNEMP","MEN","PC_FBORNPOP","A","2005",69.5,
"NLD","FBORNEMP","MEN","PC_FBORNPOP","A","2006",68.4,
"NLD","FBORNEMP","MEN","PC_FBORNPOP","A","2007",71,
"NLD","FBORNEMP","MEN","PC_FBORNPOP","A","2008",74.8,
"NLD","FBORNEMP","MEN","PC_FBORNPOP","A","2009",72.7,
"NLD","FBORNEMP","MEN","PC_FBORNPOP","A","2010",72.1,
"NLD","FBORNEMP","MEN","PC_FBORNPOP","A","2011",70.7,
"NLD","FBORNEMP","MEN","PC_FBORNPOP","A","2012",71.1,
"NLD","FBORNEMP","MEN","PC_FBORNPOP","A","2013",68.8,
"NLD","FBORNEMP","MEN","PC_FBORNPOP","A","2014",69.7,
"NLD","FBORNEMP","MEN","PC_FBORNPOP","A","2015",70.5,
"NLD","FBORNEMP","MEN","PC_FBORNPOP","A","2016",69.8,
"NLD","FBORNEMP","TOT","PC_FBORNPOP","A","2000",59.9,
"NLD","FBORNEMP","TOT","PC_FBORNPOP","A","2001",63.1,
"NLD","FBORNEMP","TOT","PC_FBORNPOP","A","2002",63.2,
"NLD","FBORNEMP","TOT","PC_FBORNPOP","A","2003",61,
"NLD","FBORNEMP","TOT","PC_FBORNPOP","A","2004",60,
"NLD","FBORNEMP","TOT","PC_FBORNPOP","A","2005",61.1,
"NLD","FBORNEMP","TOT","PC_FBORNPOP","A","2006",59.4,
"NLD","FBORNEMP","TOT","PC_FBORNPOP","A","2007",62.4,
"NLD","FBORNEMP","TOT","PC_FBORNPOP","A","2008",65.7,
"NLD","FBORNEMP","TOT","PC_FBORNPOP","A","2009",64.5,
"NLD","FBORNEMP","TOT","PC_FBORNPOP","A","2010",64.3,
"NLD","FBORNEMP","TOT","PC_FBORNPOP","A","2011",64,
"NLD","FBORNEMP","TOT","PC_FBORNPOP","A","2012",63.1,
"NLD","FBORNEMP","TOT","PC_FBORNPOP","A","2013",61.2,
"NLD","FBORNEMP","TOT","PC_FBORNPOP","A","2014",61.4,
"NLD","FBORNEMP","TOT","PC_FBORNPOP","A","2015",61.1,
"NLD","FBORNEMP","TOT","PC_FBORNPOP","A","2016",62,
"NLD","FBORNEMP","WOMEN","PC_FBORNPOP","A","2000",49.5,
"NLD","FBORNEMP","WOMEN","PC_FBORNPOP","A","2001",54.9,
"NLD","FBORNEMP","WOMEN","PC_FBORNPOP","A","2002",53.7,
"NLD","FBORNEMP","WOMEN","PC_FBORNPOP","A","2003",52.7,
"NLD","FBORNEMP","WOMEN","PC_FBORNPOP","A","2004",50.9,
"NLD","FBORNEMP","WOMEN","PC_FBORNPOP","A","2005",53.1,
"NLD","FBORNEMP","WOMEN","PC_FBORNPOP","A","2006",50.9,
"NLD","FBORNEMP","WOMEN","PC_FBORNPOP","A","2007",54.6,
"NLD","FBORNEMP","WOMEN","PC_FBORNPOP","A","2008",57.3,
"NLD","FBORNEMP","WOMEN","PC_FBORNPOP","A","2009",57.2,
"NLD","FBORNEMP","WOMEN","PC_FBORNPOP","A","2010",57.3,
"NLD","FBORNEMP","WOMEN","PC_FBORNPOP","A","2011",58,
"NLD","FBORNEMP","WOMEN","PC_FBORNPOP","A","2012",56,
"NLD","FBORNEMP","WOMEN","PC_FBORNPOP","A","2013",54.6,
"NLD","FBORNEMP","WOMEN","PC_FBORNPOP","A","2014",54.1,
"NLD","FBORNEMP","WOMEN","PC_FBORNPOP","A","2015",52.9,
"NLD","FBORNEMP","WOMEN","PC_FBORNPOP","A","2016",55.2,
"NZL","FBORNEMP","MEN","PC_FBORNPOP","A","2001",72.5,
"NZL","FBORNEMP","MEN","PC_FBORNPOP","A","2002",72.8,
"NZL","FBORNEMP","MEN","PC_FBORNPOP","A","2003",72.2,
"NZL","FBORNEMP","MEN","PC_FBORNPOP","A","2004",75.2,
"NZL","FBORNEMP","MEN","PC_FBORNPOP","A","2005",76.2,
"NZL","FBORNEMP","MEN","PC_FBORNPOP","A","2006",77.9,
"NZL","FBORNEMP","MEN","PC_FBORNPOP","A","2007",79.6,
"NZL","FBORNEMP","MEN","PC_FBORNPOP","A","2008",79,
"NZL","FBORNEMP","MEN","PC_FBORNPOP","A","2009",76.2,
"NZL","FBORNEMP","MEN","PC_FBORNPOP","A","2010",75.9,
"NZL","FBORNEMP","MEN","PC_FBORNPOP","A","2011",77.1,
"NZL","FBORNEMP","MEN","PC_FBORNPOP","A","2012",76.8,
"NZL","FBORNEMP","MEN","PC_FBORNPOP","A","2013",78.3,
"NZL","FBORNEMP","MEN","PC_FBORNPOP","A","2014",79,
"NZL","FBORNEMP","MEN","PC_FBORNPOP","A","2015",80.6,
"NZL","FBORNEMP","MEN","PC_FBORNPOP","A","2016",81.9,
"NZL","FBORNEMP","TOT","PC_FBORNPOP","A","2001",64.3,
"NZL","FBORNEMP","TOT","PC_FBORNPOP","A","2002",64.4,
"NZL","FBORNEMP","TOT","PC_FBORNPOP","A","2003",64.7,
"NZL","FBORNEMP","TOT","PC_FBORNPOP","A","2004",66.2,
"NZL","FBORNEMP","TOT","PC_FBORNPOP","A","2005",67.7,
"NZL","FBORNEMP","TOT","PC_FBORNPOP","A","2006",69.5,
"NZL","FBORNEMP","TOT","PC_FBORNPOP","A","2007",70.4,
"NZL","FBORNEMP","TOT","PC_FBORNPOP","A","2008",70,
"NZL","FBORNEMP","TOT","PC_FBORNPOP","A","2009",68.8,
"NZL","FBORNEMP","TOT","PC_FBORNPOP","A","2010",68.3,
"NZL","FBORNEMP","TOT","PC_FBORNPOP","A","2011",70.3,
"NZL","FBORNEMP","TOT","PC_FBORNPOP","A","2012",70.5,
"NZL","FBORNEMP","TOT","PC_FBORNPOP","A","2013",71.5,
"NZL","FBORNEMP","TOT","PC_FBORNPOP","A","2014",71.9,
"NZL","FBORNEMP","TOT","PC_FBORNPOP","A","2015",73.5,
"NZL","FBORNEMP","TOT","PC_FBORNPOP","A","2016",75,
"NZL","FBORNEMP","WOMEN","PC_FBORNPOP","A","2001",56.6,
"NZL","FBORNEMP","WOMEN","PC_FBORNPOP","A","2002",56.7,
"NZL","FBORNEMP","WOMEN","PC_FBORNPOP","A","2003",57.7,
"NZL","FBORNEMP","WOMEN","PC_FBORNPOP","A","2004",57.7,
"NZL","FBORNEMP","WOMEN","PC_FBORNPOP","A","2005",59.4,
"NZL","FBORNEMP","WOMEN","PC_FBORNPOP","A","2006",61.5,
"NZL","FBORNEMP","WOMEN","PC_FBORNPOP","A","2007",61.9,
"NZL","FBORNEMP","WOMEN","PC_FBORNPOP","A","2008",61.9,
"NZL","FBORNEMP","WOMEN","PC_FBORNPOP","A","2009",61.8,
"NZL","FBORNEMP","WOMEN","PC_FBORNPOP","A","2010",61,
"NZL","FBORNEMP","WOMEN","PC_FBORNPOP","A","2011",63.9,
"NZL","FBORNEMP","WOMEN","PC_FBORNPOP","A","2012",64.5,
"NZL","FBORNEMP","WOMEN","PC_FBORNPOP","A","2013",65.1,
"NZL","FBORNEMP","WOMEN","PC_FBORNPOP","A","2014",65.3,
"NZL","FBORNEMP","WOMEN","PC_FBORNPOP","A","2015",66.7,
"NZL","FBORNEMP","WOMEN","PC_FBORNPOP","A","2016",68.4,
"NOR","FBORNEMP","MEN","PC_FBORNPOP","A","2000",74.6,
"NOR","FBORNEMP","MEN","PC_FBORNPOP","A","2001",74.8,
"NOR","FBORNEMP","MEN","PC_FBORNPOP","A","2002",74,
"NOR","FBORNEMP","MEN","PC_FBORNPOP","A","2003",73,
"NOR","FBORNEMP","MEN","PC_FBORNPOP","A","2004",70.9,
"NOR","FBORNEMP","MEN","PC_FBORNPOP","A","2005",67,
"NOR","FBORNEMP","MEN","PC_FBORNPOP","A","2006",71.7,
"NOR","FBORNEMP","MEN","PC_FBORNPOP","A","2007",73.4,
"NOR","FBORNEMP","MEN","PC_FBORNPOP","A","2008",77.5,
"NOR","FBORNEMP","MEN","PC_FBORNPOP","A","2009",71.4,
"NOR","FBORNEMP","MEN","PC_FBORNPOP","A","2010",72.8,
"NOR","FBORNEMP","MEN","PC_FBORNPOP","A","2011",70.8,
"NOR","FBORNEMP","MEN","PC_FBORNPOP","A","2012",75.2,
"NOR","FBORNEMP","MEN","PC_FBORNPOP","A","2013",75,
"NOR","FBORNEMP","MEN","PC_FBORNPOP","A","2014",74.7,
"NOR","FBORNEMP","MEN","PC_FBORNPOP","A","2015",73.2,
"NOR","FBORNEMP","MEN","PC_FBORNPOP","A","2016",74.1,
"NOR","FBORNEMP","TOT","PC_FBORNPOP","A","2000",69,
"NOR","FBORNEMP","TOT","PC_FBORNPOP","A","2001",70.3,
"NOR","FBORNEMP","TOT","PC_FBORNPOP","A","2002",69,
"NOR","FBORNEMP","TOT","PC_FBORNPOP","A","2003",67.3,
"NOR","FBORNEMP","TOT","PC_FBORNPOP","A","2004",66.4,
"NOR","FBORNEMP","TOT","PC_FBORNPOP","A","2005",63.3,
"NOR","FBORNEMP","TOT","PC_FBORNPOP","A","2006",66.3,
"NOR","FBORNEMP","TOT","PC_FBORNPOP","A","2007",69.9,
"NOR","FBORNEMP","TOT","PC_FBORNPOP","A","2008",74,
"NOR","FBORNEMP","TOT","PC_FBORNPOP","A","2009",68.7,
"NOR","FBORNEMP","TOT","PC_FBORNPOP","A","2010",69.4,
"NOR","FBORNEMP","TOT","PC_FBORNPOP","A","2011",68.7,
"NOR","FBORNEMP","TOT","PC_FBORNPOP","A","2012",70.9,
"NOR","FBORNEMP","TOT","PC_FBORNPOP","A","2013",70.3,
"NOR","FBORNEMP","TOT","PC_FBORNPOP","A","2014",69.8,
"NOR","FBORNEMP","TOT","PC_FBORNPOP","A","2015",68.6,
"NOR","FBORNEMP","TOT","PC_FBORNPOP","A","2016",69.2,
"NOR","FBORNEMP","WOMEN","PC_FBORNPOP","A","2000",63.5,
"NOR","FBORNEMP","WOMEN","PC_FBORNPOP","A","2001",66.1,
"NOR","FBORNEMP","WOMEN","PC_FBORNPOP","A","2002",64.3,
"NOR","FBORNEMP","WOMEN","PC_FBORNPOP","A","2003",61.4,
"NOR","FBORNEMP","WOMEN","PC_FBORNPOP","A","2004",62,
"NOR","FBORNEMP","WOMEN","PC_FBORNPOP","A","2005",59.8,
"NOR","FBORNEMP","WOMEN","PC_FBORNPOP","A","2006",61.3,
"NOR","FBORNEMP","WOMEN","PC_FBORNPOP","A","2007",66.7,
"NOR","FBORNEMP","WOMEN","PC_FBORNPOP","A","2008",70.4,
"NOR","FBORNEMP","WOMEN","PC_FBORNPOP","A","2009",66.1,
"NOR","FBORNEMP","WOMEN","PC_FBORNPOP","A","2010",65.8,
"NOR","FBORNEMP","WOMEN","PC_FBORNPOP","A","2011",66.6,
"NOR","FBORNEMP","WOMEN","PC_FBORNPOP","A","2012",66.7,
"NOR","FBORNEMP","WOMEN","PC_FBORNPOP","A","2013",65.4,
"NOR","FBORNEMP","WOMEN","PC_FBORNPOP","A","2014",64.6,
"NOR","FBORNEMP","WOMEN","PC_FBORNPOP","A","2015",63.8,
"NOR","FBORNEMP","WOMEN","PC_FBORNPOP","A","2016",64.3,
"POL","FBORNEMP","MEN","PC_FBORNPOP","A","2000",61.2,
"POL","FBORNEMP","MEN","PC_FBORNPOP","A","2001",59.2,
"POL","FBORNEMP","MEN","PC_FBORNPOP","A","2002",57,
"POL","FBORNEMP","MEN","PC_FBORNPOP","A","2003",56.4,
"POL","FBORNEMP","MEN","PC_FBORNPOP","A","2004",36.9,
"POL","FBORNEMP","MEN","PC_FBORNPOP","A","2005",35.9,
"POL","FBORNEMP","MEN","PC_FBORNPOP","A","2006",42.5,
"POL","FBORNEMP","MEN","PC_FBORNPOP","A","2007",47.7,
"POL","FBORNEMP","MEN","PC_FBORNPOP","A","2008",51.4,
"POL","FBORNEMP","MEN","PC_FBORNPOP","A","2009",53.8,
"POL","FBORNEMP","MEN","PC_FBORNPOP","A","2010",58.8,
"POL","FBORNEMP","MEN","PC_FBORNPOP","A","2011",62.9,
"POL","FBORNEMP","MEN","PC_FBORNPOP","A","2012",71.1,
"POL","FBORNEMP","MEN","PC_FBORNPOP","A","2013",69.5,
"POL","FBORNEMP","MEN","PC_FBORNPOP","A","2014",72.1,
"POL","FBORNEMP","MEN","PC_FBORNPOP","A","2015",73.1,
"POL","FBORNEMP","MEN","PC_FBORNPOP","A","2016",72.6,
"POL","FBORNEMP","TOT","PC_FBORNPOP","A","2000",55.1,
"POL","FBORNEMP","TOT","PC_FBORNPOP","A","2001",53.7,
"POL","FBORNEMP","TOT","PC_FBORNPOP","A","2002",51.7,
"POL","FBORNEMP","TOT","PC_FBORNPOP","A","2003",51.4,
"POL","FBORNEMP","TOT","PC_FBORNPOP","A","2004",27.2,
"POL","FBORNEMP","TOT","PC_FBORNPOP","A","2005",29.9,
"POL","FBORNEMP","TOT","PC_FBORNPOP","A","2006",35.4,
"POL","FBORNEMP","TOT","PC_FBORNPOP","A","2007",36.8,
"POL","FBORNEMP","TOT","PC_FBORNPOP","A","2008",43.5,
"POL","FBORNEMP","TOT","PC_FBORNPOP","A","2009",45.5,
"POL","FBORNEMP","TOT","PC_FBORNPOP","A","2010",50.4,
"POL","FBORNEMP","TOT","PC_FBORNPOP","A","2011",55.2,
"POL","FBORNEMP","TOT","PC_FBORNPOP","A","2012",61.9,
"POL","FBORNEMP","TOT","PC_FBORNPOP","A","2013",59.2,
"POL","FBORNEMP","TOT","PC_FBORNPOP","A","2014",63,
"POL","FBORNEMP","TOT","PC_FBORNPOP","A","2015",60.7,
"POL","FBORNEMP","TOT","PC_FBORNPOP","A","2016",62.6,
"POL","FBORNEMP","WOMEN","PC_FBORNPOP","A","2000",49.3,
"POL","FBORNEMP","WOMEN","PC_FBORNPOP","A","2001",48.3,
"POL","FBORNEMP","WOMEN","PC_FBORNPOP","A","2002",46.7,
"POL","FBORNEMP","WOMEN","PC_FBORNPOP","A","2003",46.4,
"POL","FBORNEMP","WOMEN","PC_FBORNPOP","A","2004",19,
"POL","FBORNEMP","WOMEN","PC_FBORNPOP","A","2005",24,
"POL","FBORNEMP","WOMEN","PC_FBORNPOP","A","2006",29.1,
"POL","FBORNEMP","WOMEN","PC_FBORNPOP","A","2007",26.8,
"POL","FBORNEMP","WOMEN","PC_FBORNPOP","A","2008",35.7,
"POL","FBORNEMP","WOMEN","PC_FBORNPOP","A","2009",39.4,
"POL","FBORNEMP","WOMEN","PC_FBORNPOP","A","2010",43.4,
"POL","FBORNEMP","WOMEN","PC_FBORNPOP","A","2011",48.1,
"POL","FBORNEMP","WOMEN","PC_FBORNPOP","A","2012",51.7,
"POL","FBORNEMP","WOMEN","PC_FBORNPOP","A","2013",47.7,
"POL","FBORNEMP","WOMEN","PC_FBORNPOP","A","2014",54.2,
"POL","FBORNEMP","WOMEN","PC_FBORNPOP","A","2015",49.3,
"POL","FBORNEMP","WOMEN","PC_FBORNPOP","A","2016",53.4,
"PRT","FBORNEMP","MEN","PC_FBORNPOP","A","2000",75.5,
"PRT","FBORNEMP","MEN","PC_FBORNPOP","A","2001",78,
"PRT","FBORNEMP","MEN","PC_FBORNPOP","A","2002",81.2,
"PRT","FBORNEMP","MEN","PC_FBORNPOP","A","2003",78.8,
"PRT","FBORNEMP","MEN","PC_FBORNPOP","A","2004",77.1,
"PRT","FBORNEMP","MEN","PC_FBORNPOP","A","2005",78.1,
"PRT","FBORNEMP","MEN","PC_FBORNPOP","A","2006",76.8,
"PRT","FBORNEMP","MEN","PC_FBORNPOP","A","2007",79.5,
"PRT","FBORNEMP","MEN","PC_FBORNPOP","A","2008",80.5,
"PRT","FBORNEMP","MEN","PC_FBORNPOP","A","2009",74.8,
"PRT","FBORNEMP","MEN","PC_FBORNPOP","A","2010",74.3,
"PRT","FBORNEMP","MEN","PC_FBORNPOP","A","2011",70.7,
"PRT","FBORNEMP","MEN","PC_FBORNPOP","A","2012",68.1,
"PRT","FBORNEMP","MEN","PC_FBORNPOP","A","2013",64.1,
"PRT","FBORNEMP","MEN","PC_FBORNPOP","A","2014",69.5,
"PRT","FBORNEMP","MEN","PC_FBORNPOP","A","2015",71.5,
"PRT","FBORNEMP","MEN","PC_FBORNPOP","A","2016",73.4,
"PRT","FBORNEMP","TOT","PC_FBORNPOP","A","2000",70.2,
"PRT","FBORNEMP","TOT","PC_FBORNPOP","A","2001",71.3,
"PRT","FBORNEMP","TOT","PC_FBORNPOP","A","2002",74.5,
"PRT","FBORNEMP","TOT","PC_FBORNPOP","A","2003",72.7,
"PRT","FBORNEMP","TOT","PC_FBORNPOP","A","2004",70.1,
"PRT","FBORNEMP","TOT","PC_FBORNPOP","A","2005",72.5,
"PRT","FBORNEMP","TOT","PC_FBORNPOP","A","2006",71.8,
"PRT","FBORNEMP","TOT","PC_FBORNPOP","A","2007",73.1,
"PRT","FBORNEMP","TOT","PC_FBORNPOP","A","2008",74,
"PRT","FBORNEMP","TOT","PC_FBORNPOP","A","2009",69.8,
"PRT","FBORNEMP","TOT","PC_FBORNPOP","A","2010",69.1,
"PRT","FBORNEMP","TOT","PC_FBORNPOP","A","2011",68.7,
"PRT","FBORNEMP","TOT","PC_FBORNPOP","A","2012",66.4,
"PRT","FBORNEMP","TOT","PC_FBORNPOP","A","2013",62.6,
"PRT","FBORNEMP","TOT","PC_FBORNPOP","A","2014",66.6,
"PRT","FBORNEMP","TOT","PC_FBORNPOP","A","2015",68,
"PRT","FBORNEMP","TOT","PC_FBORNPOP","A","2016",70.4,
"PRT","FBORNEMP","WOMEN","PC_FBORNPOP","A","2000",65.1,
"PRT","FBORNEMP","WOMEN","PC_FBORNPOP","A","2001",65,
"PRT","FBORNEMP","WOMEN","PC_FBORNPOP","A","2002",67.8,
"PRT","FBORNEMP","WOMEN","PC_FBORNPOP","A","2003",67.1,
"PRT","FBORNEMP","WOMEN","PC_FBORNPOP","A","2004",64.1,
"PRT","FBORNEMP","WOMEN","PC_FBORNPOP","A","2005",67.3,
"PRT","FBORNEMP","WOMEN","PC_FBORNPOP","A","2006",67.1,
"PRT","FBORNEMP","WOMEN","PC_FBORNPOP","A","2007",67.1,
"PRT","FBORNEMP","WOMEN","PC_FBORNPOP","A","2008",68,
"PRT","FBORNEMP","WOMEN","PC_FBORNPOP","A","2009",65.6,
"PRT","FBORNEMP","WOMEN","PC_FBORNPOP","A","2010",64.5,
"PRT","FBORNEMP","WOMEN","PC_FBORNPOP","A","2011",66.8,
"PRT","FBORNEMP","WOMEN","PC_FBORNPOP","A","2012",64.8,
"PRT","FBORNEMP","WOMEN","PC_FBORNPOP","A","2013",61.3,
"PRT","FBORNEMP","WOMEN","PC_FBORNPOP","A","2014",64.3,
"PRT","FBORNEMP","WOMEN","PC_FBORNPOP","A","2015",65.2,
"PRT","FBORNEMP","WOMEN","PC_FBORNPOP","A","2016",67.8,
"SVK","FBORNEMP","MEN","PC_FBORNPOP","A","2000",61.6,
"SVK","FBORNEMP","MEN","PC_FBORNPOP","A","2001",61.8,
"SVK","FBORNEMP","MEN","PC_FBORNPOP","A","2002",61.9,
"SVK","FBORNEMP","MEN","PC_FBORNPOP","A","2003",63,
"SVK","FBORNEMP","MEN","PC_FBORNPOP","A","2004",66.7,
"SVK","FBORNEMP","MEN","PC_FBORNPOP","A","2005",67.1,
"SVK","FBORNEMP","MEN","PC_FBORNPOP","A","2006",69.6,
"SVK","FBORNEMP","MEN","PC_FBORNPOP","A","2007",74,
"SVK","FBORNEMP","MEN","PC_FBORNPOP","A","2008",75.4,
"SVK","FBORNEMP","MEN","PC_FBORNPOP","A","2009",72.4,
"SVK","FBORNEMP","MEN","PC_FBORNPOP","A","2010",74.5,
"SVK","FBORNEMP","MEN","PC_FBORNPOP","A","2011",73,
"SVK","FBORNEMP","MEN","PC_FBORNPOP","A","2012",68.4,
"SVK","FBORNEMP","MEN","PC_FBORNPOP","A","2013",72.5,
"SVK","FBORNEMP","MEN","PC_FBORNPOP","A","2014",78.6,
"SVK","FBORNEMP","MEN","PC_FBORNPOP","A","2015",65,
"SVK","FBORNEMP","MEN","PC_FBORNPOP","A","2016",73.3,
"SVK","FBORNEMP","TOT","PC_FBORNPOP","A","2000",56.3,
"SVK","FBORNEMP","TOT","PC_FBORNPOP","A","2001",56.7,
"SVK","FBORNEMP","TOT","PC_FBORNPOP","A","2002",56.5,
"SVK","FBORNEMP","TOT","PC_FBORNPOP","A","2003",54.5,
"SVK","FBORNEMP","TOT","PC_FBORNPOP","A","2004",52.4,
"SVK","FBORNEMP","TOT","PC_FBORNPOP","A","2005",51.4,
"SVK","FBORNEMP","TOT","PC_FBORNPOP","A","2006",55.2,
"SVK","FBORNEMP","TOT","PC_FBORNPOP","A","2007",66,
"SVK","FBORNEMP","TOT","PC_FBORNPOP","A","2008",68.1,
"SVK","FBORNEMP","TOT","PC_FBORNPOP","A","2009",60.6,
"SVK","FBORNEMP","TOT","PC_FBORNPOP","A","2010",56.5,
"SVK","FBORNEMP","TOT","PC_FBORNPOP","A","2011",59.4,
"SVK","FBORNEMP","TOT","PC_FBORNPOP","A","2012",63.7,
"SVK","FBORNEMP","TOT","PC_FBORNPOP","A","2013",66.4,
"SVK","FBORNEMP","TOT","PC_FBORNPOP","A","2014",66.1,
"SVK","FBORNEMP","TOT","PC_FBORNPOP","A","2015",58.4,
"SVK","FBORNEMP","TOT","PC_FBORNPOP","A","2016",64.7,
"SVK","FBORNEMP","WOMEN","PC_FBORNPOP","A","2000",51.1,
"SVK","FBORNEMP","WOMEN","PC_FBORNPOP","A","2001",51.8,
"SVK","FBORNEMP","WOMEN","PC_FBORNPOP","A","2002",51.2,
"SVK","FBORNEMP","WOMEN","PC_FBORNPOP","A","2003",48.6,
"SVK","FBORNEMP","WOMEN","PC_FBORNPOP","A","2004",43.3,
"SVK","FBORNEMP","WOMEN","PC_FBORNPOP","A","2005",37.7,
"SVK","FBORNEMP","WOMEN","PC_FBORNPOP","A","2006",41.2,
"SVK","FBORNEMP","WOMEN","PC_FBORNPOP","A","2007",58.6,
"SVK","FBORNEMP","WOMEN","PC_FBORNPOP","A","2008",60.3,
"SVK","FBORNEMP","WOMEN","PC_FBORNPOP","A","2009",50.6,
"SVK","FBORNEMP","WOMEN","PC_FBORNPOP","A","2010",38.9,
"SVK","FBORNEMP","WOMEN","PC_FBORNPOP","A","2011",46.7,
"SVK","FBORNEMP","WOMEN","PC_FBORNPOP","A","2012",59.7,
"SVK","FBORNEMP","WOMEN","PC_FBORNPOP","A","2013",60.5,
"SVK","FBORNEMP","WOMEN","PC_FBORNPOP","A","2014",54.7,
"SVK","FBORNEMP","WOMEN","PC_FBORNPOP","A","2015",53.1,
"SVK","FBORNEMP","WOMEN","PC_FBORNPOP","A","2016",58.1,
"ESP","FBORNEMP","MEN","PC_FBORNPOP","A","2000",75.4,
"ESP","FBORNEMP","MEN","PC_FBORNPOP","A","2001",78.4,
"ESP","FBORNEMP","MEN","PC_FBORNPOP","A","2002",78.1,
"ESP","FBORNEMP","MEN","PC_FBORNPOP","A","2003",78.3,
"ESP","FBORNEMP","MEN","PC_FBORNPOP","A","2004",78.8,
"ESP","FBORNEMP","MEN","PC_FBORNPOP","A","2005",79.6,
"ESP","FBORNEMP","MEN","PC_FBORNPOP","A","2006",81.9,
"ESP","FBORNEMP","MEN","PC_FBORNPOP","A","2007",80.8,
"ESP","FBORNEMP","MEN","PC_FBORNPOP","A","2008",73.3,
"ESP","FBORNEMP","MEN","PC_FBORNPOP","A","2009",61,
"ESP","FBORNEMP","MEN","PC_FBORNPOP","A","2010",57.9,
"ESP","FBORNEMP","MEN","PC_FBORNPOP","A","2011",59.8,
"ESP","FBORNEMP","MEN","PC_FBORNPOP","A","2012",54.5,
"ESP","FBORNEMP","MEN","PC_FBORNPOP","A","2013",53.2,
"ESP","FBORNEMP","MEN","PC_FBORNPOP","A","2014",56,
"ESP","FBORNEMP","MEN","PC_FBORNPOP","A","2015",60,
"ESP","FBORNEMP","MEN","PC_FBORNPOP","A","2016",63.6,
"ESP","FBORNEMP","TOT","PC_FBORNPOP","A","2000",60.1,
"ESP","FBORNEMP","TOT","PC_FBORNPOP","A","2001",64.1,
"ESP","FBORNEMP","TOT","PC_FBORNPOP","A","2002",65.3,
"ESP","FBORNEMP","TOT","PC_FBORNPOP","A","2003",65.5,
"ESP","FBORNEMP","TOT","PC_FBORNPOP","A","2004",66.6,
"ESP","FBORNEMP","TOT","PC_FBORNPOP","A","2005",69.3,
"ESP","FBORNEMP","TOT","PC_FBORNPOP","A","2006",69.7,
"ESP","FBORNEMP","TOT","PC_FBORNPOP","A","2007",70.3,
"ESP","FBORNEMP","TOT","PC_FBORNPOP","A","2008",65.8,
"ESP","FBORNEMP","TOT","PC_FBORNPOP","A","2009",57.4,
"ESP","FBORNEMP","TOT","PC_FBORNPOP","A","2010",55.3,
"ESP","FBORNEMP","TOT","PC_FBORNPOP","A","2011",55.1,
"ESP","FBORNEMP","TOT","PC_FBORNPOP","A","2012",52.1,
"ESP","FBORNEMP","TOT","PC_FBORNPOP","A","2013",50.7,
"ESP","FBORNEMP","TOT","PC_FBORNPOP","A","2014",52.3,
"ESP","FBORNEMP","TOT","PC_FBORNPOP","A","2015",55.2,
"ESP","FBORNEMP","TOT","PC_FBORNPOP","A","2016",57.6,
"ESP","FBORNEMP","WOMEN","PC_FBORNPOP","A","2000",45.7,
"ESP","FBORNEMP","WOMEN","PC_FBORNPOP","A","2001",50,
"ESP","FBORNEMP","WOMEN","PC_FBORNPOP","A","2002",53.5,
"ESP","FBORNEMP","WOMEN","PC_FBORNPOP","A","2003",53.1,
"ESP","FBORNEMP","WOMEN","PC_FBORNPOP","A","2004",54.6,
"ESP","FBORNEMP","WOMEN","PC_FBORNPOP","A","2005",59.2,
"ESP","FBORNEMP","WOMEN","PC_FBORNPOP","A","2006",57.5,
"ESP","FBORNEMP","WOMEN","PC_FBORNPOP","A","2007",60.6,
"ESP","FBORNEMP","WOMEN","PC_FBORNPOP","A","2008",58.5,
"ESP","FBORNEMP","WOMEN","PC_FBORNPOP","A","2009",54.1,
"ESP","FBORNEMP","WOMEN","PC_FBORNPOP","A","2010",52.7,
"ESP","FBORNEMP","WOMEN","PC_FBORNPOP","A","2011",50.8,
"ESP","FBORNEMP","WOMEN","PC_FBORNPOP","A","2012",49.9,
"ESP","FBORNEMP","WOMEN","PC_FBORNPOP","A","2013",48.4,
"ESP","FBORNEMP","WOMEN","PC_FBORNPOP","A","2014",49.1,
"ESP","FBORNEMP","WOMEN","PC_FBORNPOP","A","2015",50.9,
"ESP","FBORNEMP","WOMEN","PC_FBORNPOP","A","2016",52.2,
"SWE","FBORNEMP","MEN","PC_FBORNPOP","A","2000",51.6,
"SWE","FBORNEMP","MEN","PC_FBORNPOP","A","2001",66.5,
"SWE","FBORNEMP","MEN","PC_FBORNPOP","A","2002",65,
"SWE","FBORNEMP","MEN","PC_FBORNPOP","A","2003",64.6,
"SWE","FBORNEMP","MEN","PC_FBORNPOP","A","2004",63.6,
"SWE","FBORNEMP","MEN","PC_FBORNPOP","A","2005",63.7,
"SWE","FBORNEMP","MEN","PC_FBORNPOP","A","2006",65.6,
"SWE","FBORNEMP","MEN","PC_FBORNPOP","A","2007",68.1,
"SWE","FBORNEMP","MEN","PC_FBORNPOP","A","2008",69.9,
"SWE","FBORNEMP","MEN","PC_FBORNPOP","A","2009",66.7,
"SWE","FBORNEMP","MEN","PC_FBORNPOP","A","2010",67,
"SWE","FBORNEMP","MEN","PC_FBORNPOP","A","2011",67.5,
"SWE","FBORNEMP","MEN","PC_FBORNPOP","A","2012",67.5,
"SWE","FBORNEMP","MEN","PC_FBORNPOP","A","2013",67.4,
"SWE","FBORNEMP","MEN","PC_FBORNPOP","A","2014",68.1,
"SWE","FBORNEMP","MEN","PC_FBORNPOP","A","2015",67.7,
"SWE","FBORNEMP","MEN","PC_FBORNPOP","A","2016",68.7,
"SWE","FBORNEMP","TOT","PC_FBORNPOP","A","2000",49.8,
"SWE","FBORNEMP","TOT","PC_FBORNPOP","A","2001",61.8,
"SWE","FBORNEMP","TOT","PC_FBORNPOP","A","2002",62.1,
"SWE","FBORNEMP","TOT","PC_FBORNPOP","A","2003",62.3,
"SWE","FBORNEMP","TOT","PC_FBORNPOP","A","2004",61.3,
"SWE","FBORNEMP","TOT","PC_FBORNPOP","A","2005",61,
"SWE","FBORNEMP","TOT","PC_FBORNPOP","A","2006",61.6,
"SWE","FBORNEMP","TOT","PC_FBORNPOP","A","2007",63.1,
"SWE","FBORNEMP","TOT","PC_FBORNPOP","A","2008",64,
"SWE","FBORNEMP","TOT","PC_FBORNPOP","A","2009",62.1,
"SWE","FBORNEMP","TOT","PC_FBORNPOP","A","2010",61.2,
"SWE","FBORNEMP","TOT","PC_FBORNPOP","A","2011",62.5,
"SWE","FBORNEMP","TOT","PC_FBORNPOP","A","2012",62.8,
"SWE","FBORNEMP","TOT","PC_FBORNPOP","A","2013",62.9,
"SWE","FBORNEMP","TOT","PC_FBORNPOP","A","2014",63.5,
"SWE","FBORNEMP","TOT","PC_FBORNPOP","A","2015",64.1,
"SWE","FBORNEMP","TOT","PC_FBORNPOP","A","2016",64.9,
"SWE","FBORNEMP","WOMEN","PC_FBORNPOP","A","2000",48,
"SWE","FBORNEMP","WOMEN","PC_FBORNPOP","A","2001",57.1,
"SWE","FBORNEMP","WOMEN","PC_FBORNPOP","A","2002",59.2,
"SWE","FBORNEMP","WOMEN","PC_FBORNPOP","A","2003",60,
"SWE","FBORNEMP","WOMEN","PC_FBORNPOP","A","2004",59.1,
"SWE","FBORNEMP","WOMEN","PC_FBORNPOP","A","2005",58.4,
"SWE","FBORNEMP","WOMEN","PC_FBORNPOP","A","2006",58,
"SWE","FBORNEMP","WOMEN","PC_FBORNPOP","A","2007",58.6,
"SWE","FBORNEMP","WOMEN","PC_FBORNPOP","A","2008",58.7,
"SWE","FBORNEMP","WOMEN","PC_FBORNPOP","A","2009",58,
"SWE","FBORNEMP","WOMEN","PC_FBORNPOP","A","2010",55.9,
"SWE","FBORNEMP","WOMEN","PC_FBORNPOP","A","2011",57.8,
"SWE","FBORNEMP","WOMEN","PC_FBORNPOP","A","2012",58.4,
"SWE","FBORNEMP","WOMEN","PC_FBORNPOP","A","2013",58.5,
"SWE","FBORNEMP","WOMEN","PC_FBORNPOP","A","2014",59.3,
"SWE","FBORNEMP","WOMEN","PC_FBORNPOP","A","2015",60.7,
"SWE","FBORNEMP","WOMEN","PC_FBORNPOP","A","2016",61.3,
"CHE","FBORNEMP","MEN","PC_FBORNPOP","A","2000",87.3,
"CHE","FBORNEMP","MEN","PC_FBORNPOP","A","2001",86.9,
"CHE","FBORNEMP","MEN","PC_FBORNPOP","A","2002",86.2,
"CHE","FBORNEMP","MEN","PC_FBORNPOP","A","2003",81.8,
"CHE","FBORNEMP","MEN","PC_FBORNPOP","A","2004",81.1,
"CHE","FBORNEMP","MEN","PC_FBORNPOP","A","2005",80.5,
"CHE","FBORNEMP","MEN","PC_FBORNPOP","A","2006",81.6,
"CHE","FBORNEMP","MEN","PC_FBORNPOP","A","2007",83.2,
"CHE","FBORNEMP","MEN","PC_FBORNPOP","A","2008",83.6,
"CHE","FBORNEMP","MEN","PC_FBORNPOP","A","2009",84.1,
"CHE","FBORNEMP","MEN","PC_FBORNPOP","A","2010",82.9,
"CHE","FBORNEMP","MEN","PC_FBORNPOP","A","2011",84.4,
"CHE","FBORNEMP","MEN","PC_FBORNPOP","A","2012",84.1,
"CHE","FBORNEMP","MEN","PC_FBORNPOP","A","2013",83.3,
"CHE","FBORNEMP","MEN","PC_FBORNPOP","A","2014",83.7,
"CHE","FBORNEMP","MEN","PC_FBORNPOP","A","2015",83.7,
"CHE","FBORNEMP","MEN","PC_FBORNPOP","A","2016",83.4,
"CHE","FBORNEMP","TOT","PC_FBORNPOP","A","2000",78.3,
"CHE","FBORNEMP","TOT","PC_FBORNPOP","A","2001",75.7,
"CHE","FBORNEMP","TOT","PC_FBORNPOP","A","2002",78.8,
"CHE","FBORNEMP","TOT","PC_FBORNPOP","A","2003",72.6,
"CHE","FBORNEMP","TOT","PC_FBORNPOP","A","2004",72.3,
"CHE","FBORNEMP","TOT","PC_FBORNPOP","A","2005",71.7,
"CHE","FBORNEMP","TOT","PC_FBORNPOP","A","2006",72.7,
"CHE","FBORNEMP","TOT","PC_FBORNPOP","A","2007",73.7,
"CHE","FBORNEMP","TOT","PC_FBORNPOP","A","2008",75.5,
"CHE","FBORNEMP","TOT","PC_FBORNPOP","A","2009",75.7,
"CHE","FBORNEMP","TOT","PC_FBORNPOP","A","2010",74.6,
"CHE","FBORNEMP","TOT","PC_FBORNPOP","A","2011",75.7,
"CHE","FBORNEMP","TOT","PC_FBORNPOP","A","2012",76.1,
"CHE","FBORNEMP","TOT","PC_FBORNPOP","A","2013",75.9,
"CHE","FBORNEMP","TOT","PC_FBORNPOP","A","2014",76.3,
"CHE","FBORNEMP","TOT","PC_FBORNPOP","A","2015",76.5,
"CHE","FBORNEMP","TOT","PC_FBORNPOP","A","2016",76.6,
"CHE","FBORNEMP","WOMEN","PC_FBORNPOP","A","2000",69.3,
"CHE","FBORNEMP","WOMEN","PC_FBORNPOP","A","2001",64.9,
"CHE","FBORNEMP","WOMEN","PC_FBORNPOP","A","2002",71.5,
"CHE","FBORNEMP","WOMEN","PC_FBORNPOP","A","2003",63.7,
"CHE","FBORNEMP","WOMEN","PC_FBORNPOP","A","2004",63.9,
"CHE","FBORNEMP","WOMEN","PC_FBORNPOP","A","2005",63,
"CHE","FBORNEMP","WOMEN","PC_FBORNPOP","A","2006",64.2,
"CHE","FBORNEMP","WOMEN","PC_FBORNPOP","A","2007",64.3,
"CHE","FBORNEMP","WOMEN","PC_FBORNPOP","A","2008",67.5,
"CHE","FBORNEMP","WOMEN","PC_FBORNPOP","A","2009",67.6,
"CHE","FBORNEMP","WOMEN","PC_FBORNPOP","A","2010",66.6,
"CHE","FBORNEMP","WOMEN","PC_FBORNPOP","A","2011",67.3,
"CHE","FBORNEMP","WOMEN","PC_FBORNPOP","A","2012",68.2,
"CHE","FBORNEMP","WOMEN","PC_FBORNPOP","A","2013",68.5,
"CHE","FBORNEMP","WOMEN","PC_FBORNPOP","A","2014",69,
"CHE","FBORNEMP","WOMEN","PC_FBORNPOP","A","2015",69.3,
"CHE","FBORNEMP","WOMEN","PC_FBORNPOP","A","2016",69.8,
"TUR","FBORNEMP","MEN","PC_FBORNPOP","A","2008",66.6,
"TUR","FBORNEMP","MEN","PC_FBORNPOP","A","2009",61.9,
"TUR","FBORNEMP","MEN","PC_FBORNPOP","A","2010",64.5,
"TUR","FBORNEMP","MEN","PC_FBORNPOP","A","2011",65.9,
"TUR","FBORNEMP","MEN","PC_FBORNPOP","A","2012",64.5,
"TUR","FBORNEMP","MEN","PC_FBORNPOP","A","2013",63.5,
"TUR","FBORNEMP","MEN","PC_FBORNPOP","A","2014",64.6,
"TUR","FBORNEMP","MEN","PC_FBORNPOP","A","2015",64.6,
"TUR","FBORNEMP","MEN","PC_FBORNPOP","A","2016",65.9,
"TUR","FBORNEMP","TOT","PC_FBORNPOP","A","2008",48.8,
"TUR","FBORNEMP","TOT","PC_FBORNPOP","A","2009",47.2,
"TUR","FBORNEMP","TOT","PC_FBORNPOP","A","2010",49.5,
"TUR","FBORNEMP","TOT","PC_FBORNPOP","A","2011",49.7,
"TUR","FBORNEMP","TOT","PC_FBORNPOP","A","2012",46.1,
"TUR","FBORNEMP","TOT","PC_FBORNPOP","A","2013",46.6,
"TUR","FBORNEMP","TOT","PC_FBORNPOP","A","2014",46.3,
"TUR","FBORNEMP","TOT","PC_FBORNPOP","A","2015",44.4,
"TUR","FBORNEMP","TOT","PC_FBORNPOP","A","2016",43.9,
"TUR","FBORNEMP","WOMEN","PC_FBORNPOP","A","2008",30.5,
"TUR","FBORNEMP","WOMEN","PC_FBORNPOP","A","2009",26.4,
"TUR","FBORNEMP","WOMEN","PC_FBORNPOP","A","2010",27.8,
"TUR","FBORNEMP","WOMEN","PC_FBORNPOP","A","2011",27,
"TUR","FBORNEMP","WOMEN","PC_FBORNPOP","A","2012",32.1,
"TUR","FBORNEMP","WOMEN","PC_FBORNPOP","A","2013",33.5,
"TUR","FBORNEMP","WOMEN","PC_FBORNPOP","A","2014",29.8,
"TUR","FBORNEMP","WOMEN","PC_FBORNPOP","A","2015",26.5,
"TUR","FBORNEMP","WOMEN","PC_FBORNPOP","A","2016",25.7,
"GBR","FBORNEMP","MEN","PC_FBORNPOP","A","2000",70.8,
"GBR","FBORNEMP","MEN","PC_FBORNPOP","A","2001",72.3,
"GBR","FBORNEMP","MEN","PC_FBORNPOP","A","2002",72,
"GBR","FBORNEMP","MEN","PC_FBORNPOP","A","2003",71.8,
"GBR","FBORNEMP","MEN","PC_FBORNPOP","A","2004",72.7,
"GBR","FBORNEMP","MEN","PC_FBORNPOP","A","2005",72.3,
"GBR","FBORNEMP","MEN","PC_FBORNPOP","A","2006",76.2,
"GBR","FBORNEMP","MEN","PC_FBORNPOP","A","2007",76.8,
"GBR","FBORNEMP","MEN","PC_FBORNPOP","A","2008",77.8,
"GBR","FBORNEMP","MEN","PC_FBORNPOP","A","2009",75.8,
"GBR","FBORNEMP","MEN","PC_FBORNPOP","A","2010",76.2,
"GBR","FBORNEMP","MEN","PC_FBORNPOP","A","2011",75.2,
"GBR","FBORNEMP","MEN","PC_FBORNPOP","A","2012",76.7,
"GBR","FBORNEMP","MEN","PC_FBORNPOP","A","2013",76.7,
"GBR","FBORNEMP","MEN","PC_FBORNPOP","A","2014",79,
"GBR","FBORNEMP","MEN","PC_FBORNPOP","A","2015",79.1,
"GBR","FBORNEMP","MEN","PC_FBORNPOP","A","2016",81.2,
"GBR","FBORNEMP","TOT","PC_FBORNPOP","A","2000",61.4,
"GBR","FBORNEMP","TOT","PC_FBORNPOP","A","2001",62.6,
"GBR","FBORNEMP","TOT","PC_FBORNPOP","A","2002",63,
"GBR","FBORNEMP","TOT","PC_FBORNPOP","A","2003",62.8,
"GBR","FBORNEMP","TOT","PC_FBORNPOP","A","2004",63.4,
"GBR","FBORNEMP","TOT","PC_FBORNPOP","A","2005",63.7,
"GBR","FBORNEMP","TOT","PC_FBORNPOP","A","2006",66.2,
"GBR","FBORNEMP","TOT","PC_FBORNPOP","A","2007",66.4,
"GBR","FBORNEMP","TOT","PC_FBORNPOP","A","2008",67.9,
"GBR","FBORNEMP","TOT","PC_FBORNPOP","A","2009",66.6,
"GBR","FBORNEMP","TOT","PC_FBORNPOP","A","2010",66.8,
"GBR","FBORNEMP","TOT","PC_FBORNPOP","A","2011",66.7,
"GBR","FBORNEMP","TOT","PC_FBORNPOP","A","2012",66.5,
"GBR","FBORNEMP","TOT","PC_FBORNPOP","A","2013",67.5,
"GBR","FBORNEMP","TOT","PC_FBORNPOP","A","2014",69.4,
"GBR","FBORNEMP","TOT","PC_FBORNPOP","A","2015",70.5,
"GBR","FBORNEMP","TOT","PC_FBORNPOP","A","2016",71.9,
"GBR","FBORNEMP","WOMEN","PC_FBORNPOP","A","2000",52.9,
"GBR","FBORNEMP","WOMEN","PC_FBORNPOP","A","2001",53.6,
"GBR","FBORNEMP","WOMEN","PC_FBORNPOP","A","2002",54.6,
"GBR","FBORNEMP","WOMEN","PC_FBORNPOP","A","2003",54.6,
"GBR","FBORNEMP","WOMEN","PC_FBORNPOP","A","2004",54.9,
"GBR","FBORNEMP","WOMEN","PC_FBORNPOP","A","2005",55.8,
"GBR","FBORNEMP","WOMEN","PC_FBORNPOP","A","2006",56.5,
"GBR","FBORNEMP","WOMEN","PC_FBORNPOP","A","2007",56.1,
"GBR","FBORNEMP","WOMEN","PC_FBORNPOP","A","2008",58.4,
"GBR","FBORNEMP","WOMEN","PC_FBORNPOP","A","2009",57.7,
"GBR","FBORNEMP","WOMEN","PC_FBORNPOP","A","2010",58.1,
"GBR","FBORNEMP","WOMEN","PC_FBORNPOP","A","2011",58.7,
"GBR","FBORNEMP","WOMEN","PC_FBORNPOP","A","2012",57,
"GBR","FBORNEMP","WOMEN","PC_FBORNPOP","A","2013",59,
"GBR","FBORNEMP","WOMEN","PC_FBORNPOP","A","2014",60.6,
"GBR","FBORNEMP","WOMEN","PC_FBORNPOP","A","2015",62.5,
"GBR","FBORNEMP","WOMEN","PC_FBORNPOP","A","2016",63.1,
"USA","FBORNEMP","MEN","PC_FBORNPOP","A","2000",82.4,
"USA","FBORNEMP","MEN","PC_FBORNPOP","A","2001",81.4,
"USA","FBORNEMP","MEN","PC_FBORNPOP","A","2002",80.1,
"USA","FBORNEMP","MEN","PC_FBORNPOP","A","2003",80.2,
"USA","FBORNEMP","MEN","PC_FBORNPOP","A","2004",81.6,
"USA","FBORNEMP","MEN","PC_FBORNPOP","A","2005",82.7,
"USA","FBORNEMP","MEN","PC_FBORNPOP","A","2006",83.5,
"USA","FBORNEMP","MEN","PC_FBORNPOP","A","2007",83.7,
"USA","FBORNEMP","MEN","PC_FBORNPOP","A","2008",82,
"USA","FBORNEMP","MEN","PC_FBORNPOP","A","2009",77.5,
"USA","FBORNEMP","MEN","PC_FBORNPOP","A","2010",77.4,
"USA","FBORNEMP","MEN","PC_FBORNPOP","A","2011",78.1,
"USA","FBORNEMP","MEN","PC_FBORNPOP","A","2012",78.5,
"USA","FBORNEMP","MEN","PC_FBORNPOP","A","2013",79.6,
"USA","FBORNEMP","MEN","PC_FBORNPOP","A","2014",80.9,
"USA","FBORNEMP","MEN","PC_FBORNPOP","A","2015",81.3,
"USA","FBORNEMP","MEN","PC_FBORNPOP","A","2016",81.8,
"USA","FBORNEMP","TOT","PC_FBORNPOP","A","2000",70.5,
"USA","FBORNEMP","TOT","PC_FBORNPOP","A","2001",69.8,
"USA","FBORNEMP","TOT","PC_FBORNPOP","A","2002",68.5,
"USA","FBORNEMP","TOT","PC_FBORNPOP","A","2003",68.5,
"USA","FBORNEMP","TOT","PC_FBORNPOP","A","2004",69.7,
"USA","FBORNEMP","TOT","PC_FBORNPOP","A","2005",70.5,
"USA","FBORNEMP","TOT","PC_FBORNPOP","A","2006",71.6,
"USA","FBORNEMP","TOT","PC_FBORNPOP","A","2007",71.8,
"USA","FBORNEMP","TOT","PC_FBORNPOP","A","2008",70.8,
"USA","FBORNEMP","TOT","PC_FBORNPOP","A","2009",67.7,
"USA","FBORNEMP","TOT","PC_FBORNPOP","A","2010",67.6,
"USA","FBORNEMP","TOT","PC_FBORNPOP","A","2011",67.5,
"USA","FBORNEMP","TOT","PC_FBORNPOP","A","2012",67.7,
"USA","FBORNEMP","TOT","PC_FBORNPOP","A","2013",68.4,
"USA","FBORNEMP","TOT","PC_FBORNPOP","A","2014",69.1,
"USA","FBORNEMP","TOT","PC_FBORNPOP","A","2015",69.2,
"USA","FBORNEMP","TOT","PC_FBORNPOP","A","2016",70,
"USA","FBORNEMP","WOMEN","PC_FBORNPOP","A","2000",58.5,
"USA","FBORNEMP","WOMEN","PC_FBORNPOP","A","2001",58,
"USA","FBORNEMP","WOMEN","PC_FBORNPOP","A","2002",56.9,
"USA","FBORNEMP","WOMEN","PC_FBORNPOP","A","2003",56.5,
"USA","FBORNEMP","WOMEN","PC_FBORNPOP","A","2004",57.3,
"USA","FBORNEMP","WOMEN","PC_FBORNPOP","A","2005",57.7,
"USA","FBORNEMP","WOMEN","PC_FBORNPOP","A","2006",59.2,
"USA","FBORNEMP","WOMEN","PC_FBORNPOP","A","2007",59.1,
"USA","FBORNEMP","WOMEN","PC_FBORNPOP","A","2008",58.9,
"USA","FBORNEMP","WOMEN","PC_FBORNPOP","A","2009",57.4,
"USA","FBORNEMP","WOMEN","PC_FBORNPOP","A","2010",57.4,
"USA","FBORNEMP","WOMEN","PC_FBORNPOP","A","2011",56.7,
"USA","FBORNEMP","WOMEN","PC_FBORNPOP","A","2012",56.9,
"USA","FBORNEMP","WOMEN","PC_FBORNPOP","A","2013",57.4,
"USA","FBORNEMP","WOMEN","PC_FBORNPOP","A","2014",57.5,
"USA","FBORNEMP","WOMEN","PC_FBORNPOP","A","2015",57.4,
"USA","FBORNEMP","WOMEN","PC_FBORNPOP","A","2016",58.5,
"CHL","FBORNEMP","MEN","PC_FBORNPOP","A","2006",78.9,
"CHL","FBORNEMP","MEN","PC_FBORNPOP","A","2009",73.4,
"CHL","FBORNEMP","MEN","PC_FBORNPOP","A","2011",79.3,
"CHL","FBORNEMP","MEN","PC_FBORNPOP","A","2013",83.3,
"CHL","FBORNEMP","MEN","PC_FBORNPOP","A","2015",83.9,
"CHL","FBORNEMP","TOT","PC_FBORNPOP","A","2006",64.9,
"CHL","FBORNEMP","TOT","PC_FBORNPOP","A","2009",64.7,
"CHL","FBORNEMP","TOT","PC_FBORNPOP","A","2011",68.1,
"CHL","FBORNEMP","TOT","PC_FBORNPOP","A","2013",74.2,
"CHL","FBORNEMP","TOT","PC_FBORNPOP","A","2015",73.9,
"CHL","FBORNEMP","WOMEN","PC_FBORNPOP","A","2006",54.4,
"CHL","FBORNEMP","WOMEN","PC_FBORNPOP","A","2009",57.1,
"CHL","FBORNEMP","WOMEN","PC_FBORNPOP","A","2011",59.7,
"CHL","FBORNEMP","WOMEN","PC_FBORNPOP","A","2013",66.7,
"CHL","FBORNEMP","WOMEN","PC_FBORNPOP","A","2015",65.1,
"EST","FBORNEMP","MEN","PC_FBORNPOP","A","2000",70.2,
"EST","FBORNEMP","MEN","PC_FBORNPOP","A","2001",71,
"EST","FBORNEMP","MEN","PC_FBORNPOP","A","2002",70.1,
"EST","FBORNEMP","MEN","PC_FBORNPOP","A","2003",70.6,
"EST","FBORNEMP","MEN","PC_FBORNPOP","A","2004",68.4,
"EST","FBORNEMP","MEN","PC_FBORNPOP","A","2005",73.2,
"EST","FBORNEMP","MEN","PC_FBORNPOP","A","2006",75.1,
"EST","FBORNEMP","MEN","PC_FBORNPOP","A","2007",77.4,
"EST","FBORNEMP","MEN","PC_FBORNPOP","A","2008",80.5,
"EST","FBORNEMP","MEN","PC_FBORNPOP","A","2009",68.8,
"EST","FBORNEMP","MEN","PC_FBORNPOP","A","2010",60.8,
"EST","FBORNEMP","MEN","PC_FBORNPOP","A","2011",69.6,
"EST","FBORNEMP","MEN","PC_FBORNPOP","A","2012",70.9,
"EST","FBORNEMP","MEN","PC_FBORNPOP","A","2013",71.9,
"EST","FBORNEMP","MEN","PC_FBORNPOP","A","2014",74.6,
"EST","FBORNEMP","MEN","PC_FBORNPOP","A","2015",75.7,
"EST","FBORNEMP","MEN","PC_FBORNPOP","A","2016",76.7,
"EST","FBORNEMP","TOT","PC_FBORNPOP","A","2000",63,
"EST","FBORNEMP","TOT","PC_FBORNPOP","A","2001",62.5,
"EST","FBORNEMP","TOT","PC_FBORNPOP","A","2002",63.2,
"EST","FBORNEMP","TOT","PC_FBORNPOP","A","2003",63.5,
"EST","FBORNEMP","TOT","PC_FBORNPOP","A","2004",66.6,
"EST","FBORNEMP","TOT","PC_FBORNPOP","A","2005",68.9,
"EST","FBORNEMP","TOT","PC_FBORNPOP","A","2006",71.8,
"EST","FBORNEMP","TOT","PC_FBORNPOP","A","2007",74.2,
"EST","FBORNEMP","TOT","PC_FBORNPOP","A","2008",74.8,
"EST","FBORNEMP","TOT","PC_FBORNPOP","A","2009",67.8,
"EST","FBORNEMP","TOT","PC_FBORNPOP","A","2010",59.1,
"EST","FBORNEMP","TOT","PC_FBORNPOP","A","2011",63.6,
"EST","FBORNEMP","TOT","PC_FBORNPOP","A","2012",67.2,
"EST","FBORNEMP","TOT","PC_FBORNPOP","A","2013",68.4,
"EST","FBORNEMP","TOT","PC_FBORNPOP","A","2014",68,
"EST","FBORNEMP","TOT","PC_FBORNPOP","A","2015",70.2,
"EST","FBORNEMP","TOT","PC_FBORNPOP","A","2016",70.8,
"EST","FBORNEMP","WOMEN","PC_FBORNPOP","A","2000",57.4,
"EST","FBORNEMP","WOMEN","PC_FBORNPOP","A","2001",55.9,
"EST","FBORNEMP","WOMEN","PC_FBORNPOP","A","2002",58.1,
"EST","FBORNEMP","WOMEN","PC_FBORNPOP","A","2003",58.2,
"EST","FBORNEMP","WOMEN","PC_FBORNPOP","A","2004",65.2,
"EST","FBORNEMP","WOMEN","PC_FBORNPOP","A","2005",65.6,
"EST","FBORNEMP","WOMEN","PC_FBORNPOP","A","2006",69.2,
"EST","FBORNEMP","WOMEN","PC_FBORNPOP","A","2007",71.8,
"EST","FBORNEMP","WOMEN","PC_FBORNPOP","A","2008",70,
"EST","FBORNEMP","WOMEN","PC_FBORNPOP","A","2009",67,
"EST","FBORNEMP","WOMEN","PC_FBORNPOP","A","2010",57.8,
"EST","FBORNEMP","WOMEN","PC_FBORNPOP","A","2011",58.8,
"EST","FBORNEMP","WOMEN","PC_FBORNPOP","A","2012",64.4,
"EST","FBORNEMP","WOMEN","PC_FBORNPOP","A","2013",65.9,
"EST","FBORNEMP","WOMEN","PC_FBORNPOP","A","2014",62.5,
"EST","FBORNEMP","WOMEN","PC_FBORNPOP","A","2015",65.4,
"EST","FBORNEMP","WOMEN","PC_FBORNPOP","A","2016",66,
"ISR","FBORNEMP","MEN","PC_FBORNPOP","A","2012",78,
"ISR","FBORNEMP","MEN","PC_FBORNPOP","A","2013",78.6,
"ISR","FBORNEMP","MEN","PC_FBORNPOP","A","2014",79.5,
"ISR","FBORNEMP","MEN","PC_FBORNPOP","A","2015",80.1,
"ISR","FBORNEMP","MEN","PC_FBORNPOP","A","2016",80.3,
"ISR","FBORNEMP","TOT","PC_FBORNPOP","A","2012",74.8,
"ISR","FBORNEMP","TOT","PC_FBORNPOP","A","2013",75.8,
"ISR","FBORNEMP","TOT","PC_FBORNPOP","A","2014",77.4,
"ISR","FBORNEMP","TOT","PC_FBORNPOP","A","2015",78,
"ISR","FBORNEMP","TOT","PC_FBORNPOP","A","2016",78.6,
"ISR","FBORNEMP","WOMEN","PC_FBORNPOP","A","2012",72,
"ISR","FBORNEMP","WOMEN","PC_FBORNPOP","A","2013",73.4,
"ISR","FBORNEMP","WOMEN","PC_FBORNPOP","A","2014",75.6,
"ISR","FBORNEMP","WOMEN","PC_FBORNPOP","A","2015",76.2,
"ISR","FBORNEMP","WOMEN","PC_FBORNPOP","A","2016",77.1,
"SVN","FBORNEMP","MEN","PC_FBORNPOP","A","2000",66.7,
"SVN","FBORNEMP","MEN","PC_FBORNPOP","A","2001",72.6,
"SVN","FBORNEMP","MEN","PC_FBORNPOP","A","2002",69.8,
"SVN","FBORNEMP","MEN","PC_FBORNPOP","A","2003",66.6,
"SVN","FBORNEMP","MEN","PC_FBORNPOP","A","2004",69,
"SVN","FBORNEMP","MEN","PC_FBORNPOP","A","2005",72.7,
"SVN","FBORNEMP","MEN","PC_FBORNPOP","A","2006",71.2,
"SVN","FBORNEMP","MEN","PC_FBORNPOP","A","2007",74.2,
"SVN","FBORNEMP","MEN","PC_FBORNPOP","A","2008",74,
"SVN","FBORNEMP","MEN","PC_FBORNPOP","A","2009",70.9,
"SVN","FBORNEMP","MEN","PC_FBORNPOP","A","2010",70.3,
"SVN","FBORNEMP","MEN","PC_FBORNPOP","A","2011",68.4,
"SVN","FBORNEMP","MEN","PC_FBORNPOP","A","2012",71.4,
"SVN","FBORNEMP","MEN","PC_FBORNPOP","A","2013",71.3,
"SVN","FBORNEMP","MEN","PC_FBORNPOP","A","2014",66.8,
"SVN","FBORNEMP","MEN","PC_FBORNPOP","A","2015",69,
"SVN","FBORNEMP","MEN","PC_FBORNPOP","A","2016",69.4,
"SVN","FBORNEMP","TOT","PC_FBORNPOP","A","2000",64,
"SVN","FBORNEMP","TOT","PC_FBORNPOP","A","2001",67.9,
"SVN","FBORNEMP","TOT","PC_FBORNPOP","A","2002",66.3,
"SVN","FBORNEMP","TOT","PC_FBORNPOP","A","2003",64,
"SVN","FBORNEMP","TOT","PC_FBORNPOP","A","2004",64.8,
"SVN","FBORNEMP","TOT","PC_FBORNPOP","A","2005",67.2,
"SVN","FBORNEMP","TOT","PC_FBORNPOP","A","2006",66.8,
"SVN","FBORNEMP","TOT","PC_FBORNPOP","A","2007",67.9,
"SVN","FBORNEMP","TOT","PC_FBORNPOP","A","2008",68.4,
"SVN","FBORNEMP","TOT","PC_FBORNPOP","A","2009",66.1,
"SVN","FBORNEMP","TOT","PC_FBORNPOP","A","2010",65.3,
"SVN","FBORNEMP","TOT","PC_FBORNPOP","A","2011",61.9,
"SVN","FBORNEMP","TOT","PC_FBORNPOP","A","2012",63.9,
"SVN","FBORNEMP","TOT","PC_FBORNPOP","A","2013",60.5,
"SVN","FBORNEMP","TOT","PC_FBORNPOP","A","2014",58.2,
"SVN","FBORNEMP","TOT","PC_FBORNPOP","A","2015",61.3,
"SVN","FBORNEMP","TOT","PC_FBORNPOP","A","2016",62.4,
"SVN","FBORNEMP","WOMEN","PC_FBORNPOP","A","2000",61.3,
"SVN","FBORNEMP","WOMEN","PC_FBORNPOP","A","2001",62.8,
"SVN","FBORNEMP","WOMEN","PC_FBORNPOP","A","2002",62.9,
"SVN","FBORNEMP","WOMEN","PC_FBORNPOP","A","2003",61.3,
"SVN","FBORNEMP","WOMEN","PC_FBORNPOP","A","2004",60.7,
"SVN","FBORNEMP","WOMEN","PC_FBORNPOP","A","2005",61.6,
"SVN","FBORNEMP","WOMEN","PC_FBORNPOP","A","2006",62.3,
"SVN","FBORNEMP","WOMEN","PC_FBORNPOP","A","2007",61.2,
"SVN","FBORNEMP","WOMEN","PC_FBORNPOP","A","2008",62.1,
"SVN","FBORNEMP","WOMEN","PC_FBORNPOP","A","2009",61,
"SVN","FBORNEMP","WOMEN","PC_FBORNPOP","A","2010",59.8,
"SVN","FBORNEMP","WOMEN","PC_FBORNPOP","A","2011",54.3,
"SVN","FBORNEMP","WOMEN","PC_FBORNPOP","A","2012",55.2,
"SVN","FBORNEMP","WOMEN","PC_FBORNPOP","A","2013",48.9,
"SVN","FBORNEMP","WOMEN","PC_FBORNPOP","A","2014",49.1,
"SVN","FBORNEMP","WOMEN","PC_FBORNPOP","A","2015",53,
"SVN","FBORNEMP","WOMEN","PC_FBORNPOP","A","2016",55.2,
"EU27","FBORNEMP","MEN","PC_FBORNPOP","A","2007",73.9,
"EU27","FBORNEMP","MEN","PC_FBORNPOP","A","2008",74.2,
"EU27","FBORNEMP","MEN","PC_FBORNPOP","A","2009",69.7,
"EU27","FBORNEMP","MEN","PC_FBORNPOP","A","2010",70.3,
"EU27","FBORNEMP","MEN","PC_FBORNPOP","A","2011",70.7,
"EU27","FBORNEMP","MEN","PC_FBORNPOP","A","2012",69.8,
"EU27","FBORNEMP","TOT","PC_FBORNPOP","A","2007",63.8,
"EU27","FBORNEMP","TOT","PC_FBORNPOP","A","2008",64.4,
"EU27","FBORNEMP","TOT","PC_FBORNPOP","A","2009",61.8,
"EU27","FBORNEMP","TOT","PC_FBORNPOP","A","2010",62,
"EU27","FBORNEMP","TOT","PC_FBORNPOP","A","2011",62.2,
"EU27","FBORNEMP","TOT","PC_FBORNPOP","A","2012",61.4,
"EU27","FBORNEMP","WOMEN","PC_FBORNPOP","A","2007",54.4,
"EU27","FBORNEMP","WOMEN","PC_FBORNPOP","A","2008",55.1,
"EU27","FBORNEMP","WOMEN","PC_FBORNPOP","A","2009",54.4,
"EU27","FBORNEMP","WOMEN","PC_FBORNPOP","A","2010",54.3,
"EU27","FBORNEMP","WOMEN","PC_FBORNPOP","A","2011",54.5,
"EU27","FBORNEMP","WOMEN","PC_FBORNPOP","A","2012",53.7,
"OECD","FBORNEMP","MEN","PC_FBORNPOP","A","2001",74,
"OECD","FBORNEMP","MEN","PC_FBORNPOP","A","2002",73,
"OECD","FBORNEMP","MEN","PC_FBORNPOP","A","2003",72,
"OECD","FBORNEMP","MEN","PC_FBORNPOP","A","2004",70,
"OECD","FBORNEMP","MEN","PC_FBORNPOP","A","2005",71,
"OECD","FBORNEMP","MEN","PC_FBORNPOP","A","2006",72,
"OECD","FBORNEMP","MEN","PC_FBORNPOP","A","2007",74,
"OECD","FBORNEMP","MEN","PC_FBORNPOP","A","2008",75,
"OECD","FBORNEMP","MEN","PC_FBORNPOP","A","2009",71,
"OECD","FBORNEMP","MEN","PC_FBORNPOP","A","2010",71,
"OECD","FBORNEMP","MEN","PC_FBORNPOP","A","2011",72,
"OECD","FBORNEMP","MEN","PC_FBORNPOP","A","2012",71,
"OECD","FBORNEMP","MEN","PC_FBORNPOP","A","2013",71,
"OECD","FBORNEMP","TOT","PC_FBORNPOP","A","2001",61,
"OECD","FBORNEMP","TOT","PC_FBORNPOP","A","2002",62,
"OECD","FBORNEMP","TOT","PC_FBORNPOP","A","2003",62,
"OECD","FBORNEMP","TOT","PC_FBORNPOP","A","2004",61,
"OECD","FBORNEMP","TOT","PC_FBORNPOP","A","2005",63,
"OECD","FBORNEMP","TOT","PC_FBORNPOP","A","2006",64,
"OECD","FBORNEMP","TOT","PC_FBORNPOP","A","2007",66,
"OECD","FBORNEMP","TOT","PC_FBORNPOP","A","2008",66,
"OECD","FBORNEMP","TOT","PC_FBORNPOP","A","2009",63,
"OECD","FBORNEMP","TOT","PC_FBORNPOP","A","2010",63,
"OECD","FBORNEMP","TOT","PC_FBORNPOP","A","2011",64,
"OECD","FBORNEMP","TOT","PC_FBORNPOP","A","2012",64,
"OECD","FBORNEMP","TOT","PC_FBORNPOP","A","2013",64,
"OECD","FBORNEMP","WOMEN","PC_FBORNPOP","A","2001",54,
"OECD","FBORNEMP","WOMEN","PC_FBORNPOP","A","2002",56,
"OECD","FBORNEMP","WOMEN","PC_FBORNPOP","A","2003",54,
"OECD","FBORNEMP","WOMEN","PC_FBORNPOP","A","2004",52,
"OECD","FBORNEMP","WOMEN","PC_FBORNPOP","A","2005",53,
"OECD","FBORNEMP","WOMEN","PC_FBORNPOP","A","2006",54,
"OECD","FBORNEMP","WOMEN","PC_FBORNPOP","A","2007",56,
"OECD","FBORNEMP","WOMEN","PC_FBORNPOP","A","2008",58,
"OECD","FBORNEMP","WOMEN","PC_FBORNPOP","A","2009",56,
"OECD","FBORNEMP","WOMEN","PC_FBORNPOP","A","2010",55,
"OECD","FBORNEMP","WOMEN","PC_FBORNPOP","A","2011",56,
"OECD","FBORNEMP","WOMEN","PC_FBORNPOP","A","2012",57,
"OECD","FBORNEMP","WOMEN","PC_FBORNPOP","A","2013",56,
"EU28","FBORNEMP","MEN","PC_FBORNPOP","A","2003",70.7,
"EU28","FBORNEMP","MEN","PC_FBORNPOP","A","2004",71.3,
"EU28","FBORNEMP","MEN","PC_FBORNPOP","A","2005",72.7,
"EU28","FBORNEMP","MEN","PC_FBORNPOP","A","2006",74.4,
"EU28","FBORNEMP","MEN","PC_FBORNPOP","A","2007",75.2,
"EU28","FBORNEMP","MEN","PC_FBORNPOP","A","2008",73.8,
"EU28","FBORNEMP","MEN","PC_FBORNPOP","A","2009",69.9,
"EU28","FBORNEMP","MEN","PC_FBORNPOP","A","2010",70,
"EU28","FBORNEMP","MEN","PC_FBORNPOP","A","2011",70.2,
"EU28","FBORNEMP","MEN","PC_FBORNPOP","A","2012",69.6,
"EU28","FBORNEMP","MEN","PC_FBORNPOP","A","2013",69.2,
"EU28","FBORNEMP","MEN","PC_FBORNPOP","A","2014",70,
"EU28","FBORNEMP","TOT","PC_FBORNPOP","A","2003",61.5,
"EU28","FBORNEMP","TOT","PC_FBORNPOP","A","2004",61.6,
"EU28","FBORNEMP","TOT","PC_FBORNPOP","A","2005",62.6,
"EU28","FBORNEMP","TOT","PC_FBORNPOP","A","2006",63.9,
"EU28","FBORNEMP","TOT","PC_FBORNPOP","A","2007",64.8,
"EU28","FBORNEMP","TOT","PC_FBORNPOP","A","2008",64.2,
"EU28","FBORNEMP","TOT","PC_FBORNPOP","A","2009",62,
"EU28","FBORNEMP","TOT","PC_FBORNPOP","A","2010",61.9,
"EU28","FBORNEMP","TOT","PC_FBORNPOP","A","2011",61.9,
"EU28","FBORNEMP","TOT","PC_FBORNPOP","A","2012",61.5,
"EU28","FBORNEMP","TOT","PC_FBORNPOP","A","2013",61.3,
"EU28","FBORNEMP","TOT","PC_FBORNPOP","A","2014",62.1,
"EU28","FBORNEMP","WOMEN","PC_FBORNPOP","A","2003",52.7,
"EU28","FBORNEMP","WOMEN","PC_FBORNPOP","A","2004",52.4,
"EU28","FBORNEMP","WOMEN","PC_FBORNPOP","A","2005",53.1,
"EU28","FBORNEMP","WOMEN","PC_FBORNPOP","A","2006",54.2,
"EU28","FBORNEMP","WOMEN","PC_FBORNPOP","A","2007",55.1,
"EU28","FBORNEMP","WOMEN","PC_FBORNPOP","A","2008",55.2,
"EU28","FBORNEMP","WOMEN","PC_FBORNPOP","A","2009",54.5,
"EU28","FBORNEMP","WOMEN","PC_FBORNPOP","A","2010",54.4,
"EU28","FBORNEMP","WOMEN","PC_FBORNPOP","A","2011",54.5,
"EU28","FBORNEMP","WOMEN","PC_FBORNPOP","A","2012",54.2,
"EU28","FBORNEMP","WOMEN","PC_FBORNPOP","A","2013",54.1,
"EU28","FBORNEMP","WOMEN","PC_FBORNPOP","A","2014",54.9,
