﻿"LOCATION","INDICATOR","SUBJECT","MEASURE","FREQUENCY","TIME","Value","Flag Codes"
"AUS","NBORNEMP","MEN","PC_NBORNPOP","A","2000",78.6,
"AUS","NBORNEMP","MEN","PC_NBORNPOP","A","2001",77.7,
"AUS","NBORNEMP","MEN","PC_NBORNPOP","A","2002",78.1,
"AUS","NBORNEMP","MEN","PC_NBORNPOP","A","2003",78.7,
"AUS","NBORNEMP","MEN","PC_NBORNPOP","A","2004",79.2,
"AUS","NBORNEMP","MEN","PC_NBORNPOP","A","2005",79.9,
"AUS","NBORNEMP","MEN","PC_NBORNPOP","A","2006",80.2,
"AUS","NBORNEMP","MEN","PC_NBORNPOP","A","2007",80.8,
"AUS","NBORNEMP","MEN","PC_NBORNPOP","A","2008",80.7,
"AUS","NBORNEMP","MEN","PC_NBORNPOP","A","2009",78.8,
"AUS","NBORNEMP","MEN","PC_NBORNPOP","A","2010",79.2,
"AUS","NBORNEMP","MEN","PC_NBORNPOP","A","2011",78.9,
"AUS","NBORNEMP","MEN","PC_NBORNPOP","A","2012",78.3,
"AUS","NBORNEMP","MEN","PC_NBORNPOP","A","2013",78,
"AUS","NBORNEMP","MEN","PC_NBORNPOP","A","2014",77.1,
"AUS","NBORNEMP","MEN","PC_NBORNPOP","A","2015",77.5,
"AUS","NBORNEMP","MEN","PC_NBORNPOP","A","2016",77.5,
"AUS","NBORNEMP","TOT","PC_NBORNPOP","A","2000",71.2,
"AUS","NBORNEMP","TOT","PC_NBORNPOP","A","2001",71.2,
"AUS","NBORNEMP","TOT","PC_NBORNPOP","A","2002",71.4,
"AUS","NBORNEMP","TOT","PC_NBORNPOP","A","2003",72.3,
"AUS","NBORNEMP","TOT","PC_NBORNPOP","A","2004",72.4,
"AUS","NBORNEMP","TOT","PC_NBORNPOP","A","2005",73.5,
"AUS","NBORNEMP","TOT","PC_NBORNPOP","A","2006",74.1,
"AUS","NBORNEMP","TOT","PC_NBORNPOP","A","2007",74.8,
"AUS","NBORNEMP","TOT","PC_NBORNPOP","A","2008",75,
"AUS","NBORNEMP","TOT","PC_NBORNPOP","A","2009",73.9,
"AUS","NBORNEMP","TOT","PC_NBORNPOP","A","2010",73.9,
"AUS","NBORNEMP","TOT","PC_NBORNPOP","A","2011",73.9,
"AUS","NBORNEMP","TOT","PC_NBORNPOP","A","2012",73.6,
"AUS","NBORNEMP","TOT","PC_NBORNPOP","A","2013",73.3,
"AUS","NBORNEMP","TOT","PC_NBORNPOP","A","2014",72.7,
"AUS","NBORNEMP","TOT","PC_NBORNPOP","A","2015",73.5,
"AUS","NBORNEMP","TOT","PC_NBORNPOP","A","2016",73.7,
"AUS","NBORNEMP","WOMEN","PC_NBORNPOP","A","2000",63.9,
"AUS","NBORNEMP","WOMEN","PC_NBORNPOP","A","2001",64.6,
"AUS","NBORNEMP","WOMEN","PC_NBORNPOP","A","2002",64.8,
"AUS","NBORNEMP","WOMEN","PC_NBORNPOP","A","2003",65.8,
"AUS","NBORNEMP","WOMEN","PC_NBORNPOP","A","2004",65.5,
"AUS","NBORNEMP","WOMEN","PC_NBORNPOP","A","2005",67.1,
"AUS","NBORNEMP","WOMEN","PC_NBORNPOP","A","2006",68.1,
"AUS","NBORNEMP","WOMEN","PC_NBORNPOP","A","2007",68.8,
"AUS","NBORNEMP","WOMEN","PC_NBORNPOP","A","2008",69.2,
"AUS","NBORNEMP","WOMEN","PC_NBORNPOP","A","2009",69,
"AUS","NBORNEMP","WOMEN","PC_NBORNPOP","A","2010",68.5,
"AUS","NBORNEMP","WOMEN","PC_NBORNPOP","A","2011",68.8,
"AUS","NBORNEMP","WOMEN","PC_NBORNPOP","A","2012",68.9,
"AUS","NBORNEMP","WOMEN","PC_NBORNPOP","A","2013",68.6,
"AUS","NBORNEMP","WOMEN","PC_NBORNPOP","A","2014",68.3,
"AUS","NBORNEMP","WOMEN","PC_NBORNPOP","A","2015",69.4,
"AUS","NBORNEMP","WOMEN","PC_NBORNPOP","A","2016",69.9,
"AUT","NBORNEMP","MEN","PC_NBORNPOP","A","2000",76.2,
"AUT","NBORNEMP","MEN","PC_NBORNPOP","A","2001",75.8,
"AUT","NBORNEMP","MEN","PC_NBORNPOP","A","2002",75.5,
"AUT","NBORNEMP","MEN","PC_NBORNPOP","A","2003",75.4,
"AUT","NBORNEMP","MEN","PC_NBORNPOP","A","2004",73.4,
"AUT","NBORNEMP","MEN","PC_NBORNPOP","A","2005",76.2,
"AUT","NBORNEMP","MEN","PC_NBORNPOP","A","2006",77.8,
"AUT","NBORNEMP","MEN","PC_NBORNPOP","A","2007",79.1,
"AUT","NBORNEMP","MEN","PC_NBORNPOP","A","2008",79.2,
"AUT","NBORNEMP","MEN","PC_NBORNPOP","A","2009",77.7,
"AUT","NBORNEMP","MEN","PC_NBORNPOP","A","2010",77.9,
"AUT","NBORNEMP","MEN","PC_NBORNPOP","A","2011",78.3,
"AUT","NBORNEMP","MEN","PC_NBORNPOP","A","2012",76.8,
"AUT","NBORNEMP","MEN","PC_NBORNPOP","A","2013",76.7,
"AUT","NBORNEMP","MEN","PC_NBORNPOP","A","2014",76.2,
"AUT","NBORNEMP","MEN","PC_NBORNPOP","A","2015",76,
"AUT","NBORNEMP","MEN","PC_NBORNPOP","A","2016",76.6,
"AUT","NBORNEMP","TOT","PC_NBORNPOP","A","2000",68,
"AUT","NBORNEMP","TOT","PC_NBORNPOP","A","2001",68,
"AUT","NBORNEMP","TOT","PC_NBORNPOP","A","2002",68.4,
"AUT","NBORNEMP","TOT","PC_NBORNPOP","A","2003",68.3,
"AUT","NBORNEMP","TOT","PC_NBORNPOP","A","2004",67.4,
"AUT","NBORNEMP","TOT","PC_NBORNPOP","A","2005",69.9,
"AUT","NBORNEMP","TOT","PC_NBORNPOP","A","2006",71.6,
"AUT","NBORNEMP","TOT","PC_NBORNPOP","A","2007",72.7,
"AUT","NBORNEMP","TOT","PC_NBORNPOP","A","2008",73.6,
"AUT","NBORNEMP","TOT","PC_NBORNPOP","A","2009",73.1,
"AUT","NBORNEMP","TOT","PC_NBORNPOP","A","2010",72.9,
"AUT","NBORNEMP","TOT","PC_NBORNPOP","A","2011",73.3,
"AUT","NBORNEMP","TOT","PC_NBORNPOP","A","2012",72.7,
"AUT","NBORNEMP","TOT","PC_NBORNPOP","A","2013",72.8,
"AUT","NBORNEMP","TOT","PC_NBORNPOP","A","2014",72.6,
"AUT","NBORNEMP","TOT","PC_NBORNPOP","A","2015",72.8,
"AUT","NBORNEMP","TOT","PC_NBORNPOP","A","2016",73.4,
"AUT","NBORNEMP","WOMEN","PC_NBORNPOP","A","2000",59.9,
"AUT","NBORNEMP","WOMEN","PC_NBORNPOP","A","2001",60.2,
"AUT","NBORNEMP","WOMEN","PC_NBORNPOP","A","2002",61.3,
"AUT","NBORNEMP","WOMEN","PC_NBORNPOP","A","2003",61.3,
"AUT","NBORNEMP","WOMEN","PC_NBORNPOP","A","2004",61.4,
"AUT","NBORNEMP","WOMEN","PC_NBORNPOP","A","2005",63.5,
"AUT","NBORNEMP","WOMEN","PC_NBORNPOP","A","2006",65.3,
"AUT","NBORNEMP","WOMEN","PC_NBORNPOP","A","2007",66.3,
"AUT","NBORNEMP","WOMEN","PC_NBORNPOP","A","2008",67.9,
"AUT","NBORNEMP","WOMEN","PC_NBORNPOP","A","2009",68.4,
"AUT","NBORNEMP","WOMEN","PC_NBORNPOP","A","2010",67.9,
"AUT","NBORNEMP","WOMEN","PC_NBORNPOP","A","2011",68.2,
"AUT","NBORNEMP","WOMEN","PC_NBORNPOP","A","2012",68.5,
"AUT","NBORNEMP","WOMEN","PC_NBORNPOP","A","2013",68.9,
"AUT","NBORNEMP","WOMEN","PC_NBORNPOP","A","2014",68.9,
"AUT","NBORNEMP","WOMEN","PC_NBORNPOP","A","2015",69.5,
"AUT","NBORNEMP","WOMEN","PC_NBORNPOP","A","2016",70.2,
"BEL","NBORNEMP","MEN","PC_NBORNPOP","A","2000",70.8,
"BEL","NBORNEMP","MEN","PC_NBORNPOP","A","2001",69.5,
"BEL","NBORNEMP","MEN","PC_NBORNPOP","A","2002",69.2,
"BEL","NBORNEMP","MEN","PC_NBORNPOP","A","2003",68.5,
"BEL","NBORNEMP","MEN","PC_NBORNPOP","A","2004",68.9,
"BEL","NBORNEMP","MEN","PC_NBORNPOP","A","2005",69.3,
"BEL","NBORNEMP","MEN","PC_NBORNPOP","A","2006",69,
"BEL","NBORNEMP","MEN","PC_NBORNPOP","A","2007",69.7,
"BEL","NBORNEMP","MEN","PC_NBORNPOP","A","2008",69.2,
"BEL","NBORNEMP","MEN","PC_NBORNPOP","A","2009",68.1,
"BEL","NBORNEMP","MEN","PC_NBORNPOP","A","2010",68.5,
"BEL","NBORNEMP","MEN","PC_NBORNPOP","A","2011",68.2,
"BEL","NBORNEMP","MEN","PC_NBORNPOP","A","2012",68.2,
"BEL","NBORNEMP","MEN","PC_NBORNPOP","A","2013",67.5,
"BEL","NBORNEMP","MEN","PC_NBORNPOP","A","2014",66.9,
"BEL","NBORNEMP","MEN","PC_NBORNPOP","A","2015",66.5,
"BEL","NBORNEMP","MEN","PC_NBORNPOP","A","2016",67.4,
"BEL","NBORNEMP","TOT","PC_NBORNPOP","A","2000",62.4,
"BEL","NBORNEMP","TOT","PC_NBORNPOP","A","2001",61.4,
"BEL","NBORNEMP","TOT","PC_NBORNPOP","A","2002",61.2,
"BEL","NBORNEMP","TOT","PC_NBORNPOP","A","2003",61.1,
"BEL","NBORNEMP","TOT","PC_NBORNPOP","A","2004",62,
"BEL","NBORNEMP","TOT","PC_NBORNPOP","A","2005",62.7,
"BEL","NBORNEMP","TOT","PC_NBORNPOP","A","2006",62.7,
"BEL","NBORNEMP","TOT","PC_NBORNPOP","A","2007",63.5,
"BEL","NBORNEMP","TOT","PC_NBORNPOP","A","2008",63.8,
"BEL","NBORNEMP","TOT","PC_NBORNPOP","A","2009",63.2,
"BEL","NBORNEMP","TOT","PC_NBORNPOP","A","2010",63.6,
"BEL","NBORNEMP","TOT","PC_NBORNPOP","A","2011",63.7,
"BEL","NBORNEMP","TOT","PC_NBORNPOP","A","2012",63.8,
"BEL","NBORNEMP","TOT","PC_NBORNPOP","A","2013",63.6,
"BEL","NBORNEMP","TOT","PC_NBORNPOP","A","2014",63.8,
"BEL","NBORNEMP","TOT","PC_NBORNPOP","A","2015",63.6,
"BEL","NBORNEMP","TOT","PC_NBORNPOP","A","2016",64.1,
"BEL","NBORNEMP","WOMEN","PC_NBORNPOP","A","2000",53.8,
"BEL","NBORNEMP","WOMEN","PC_NBORNPOP","A","2001",53,
"BEL","NBORNEMP","WOMEN","PC_NBORNPOP","A","2002",53.1,
"BEL","NBORNEMP","WOMEN","PC_NBORNPOP","A","2003",53.5,
"BEL","NBORNEMP","WOMEN","PC_NBORNPOP","A","2004",54.9,
"BEL","NBORNEMP","WOMEN","PC_NBORNPOP","A","2005",56,
"BEL","NBORNEMP","WOMEN","PC_NBORNPOP","A","2006",56.2,
"BEL","NBORNEMP","WOMEN","PC_NBORNPOP","A","2007",57.2,
"BEL","NBORNEMP","WOMEN","PC_NBORNPOP","A","2008",58.2,
"BEL","NBORNEMP","WOMEN","PC_NBORNPOP","A","2009",58.2,
"BEL","NBORNEMP","WOMEN","PC_NBORNPOP","A","2010",58.7,
"BEL","NBORNEMP","WOMEN","PC_NBORNPOP","A","2011",59.1,
"BEL","NBORNEMP","WOMEN","PC_NBORNPOP","A","2012",59.4,
"BEL","NBORNEMP","WOMEN","PC_NBORNPOP","A","2013",59.7,
"BEL","NBORNEMP","WOMEN","PC_NBORNPOP","A","2014",60.5,
"BEL","NBORNEMP","WOMEN","PC_NBORNPOP","A","2015",60.7,
"BEL","NBORNEMP","WOMEN","PC_NBORNPOP","A","2016",60.7,
"CAN","NBORNEMP","MEN","PC_NBORNPOP","A","2008",76.9,
"CAN","NBORNEMP","MEN","PC_NBORNPOP","A","2009",73.8,
"CAN","NBORNEMP","MEN","PC_NBORNPOP","A","2010",74,
"CAN","NBORNEMP","MEN","PC_NBORNPOP","A","2011",74.8,
"CAN","NBORNEMP","MEN","PC_NBORNPOP","A","2012",74.6,
"CAN","NBORNEMP","MEN","PC_NBORNPOP","A","2013",74.8,
"CAN","NBORNEMP","MEN","PC_NBORNPOP","A","2014",74.9,
"CAN","NBORNEMP","MEN","PC_NBORNPOP","A","2015",74.8,
"CAN","NBORNEMP","MEN","PC_NBORNPOP","A","2016",74.5,
"CAN","NBORNEMP","TOT","PC_NBORNPOP","A","2008",74.3,
"CAN","NBORNEMP","TOT","PC_NBORNPOP","A","2009",72.2,
"CAN","NBORNEMP","TOT","PC_NBORNPOP","A","2010",72.2,
"CAN","NBORNEMP","TOT","PC_NBORNPOP","A","2011",72.7,
"CAN","NBORNEMP","TOT","PC_NBORNPOP","A","2012",72.6,
"CAN","NBORNEMP","TOT","PC_NBORNPOP","A","2013",73,
"CAN","NBORNEMP","TOT","PC_NBORNPOP","A","2014",72.9,
"CAN","NBORNEMP","TOT","PC_NBORNPOP","A","2015",73,
"CAN","NBORNEMP","TOT","PC_NBORNPOP","A","2016",72.8,
"CAN","NBORNEMP","WOMEN","PC_NBORNPOP","A","2008",71.6,
"CAN","NBORNEMP","WOMEN","PC_NBORNPOP","A","2009",70.5,
"CAN","NBORNEMP","WOMEN","PC_NBORNPOP","A","2010",70.4,
"CAN","NBORNEMP","WOMEN","PC_NBORNPOP","A","2011",70.5,
"CAN","NBORNEMP","WOMEN","PC_NBORNPOP","A","2012",70.5,
"CAN","NBORNEMP","WOMEN","PC_NBORNPOP","A","2013",71,
"CAN","NBORNEMP","WOMEN","PC_NBORNPOP","A","2014",70.9,
"CAN","NBORNEMP","WOMEN","PC_NBORNPOP","A","2015",71.1,
"CAN","NBORNEMP","WOMEN","PC_NBORNPOP","A","2016",71.2,
"CZE","NBORNEMP","MEN","PC_NBORNPOP","A","2001",72,
"CZE","NBORNEMP","MEN","PC_NBORNPOP","A","2002",74,
"CZE","NBORNEMP","MEN","PC_NBORNPOP","A","2003",73.4,
"CZE","NBORNEMP","MEN","PC_NBORNPOP","A","2004",72.3,
"CZE","NBORNEMP","MEN","PC_NBORNPOP","A","2005",73.3,
"CZE","NBORNEMP","MEN","PC_NBORNPOP","A","2006",73.7,
"CZE","NBORNEMP","MEN","PC_NBORNPOP","A","2007",74.8,
"CZE","NBORNEMP","MEN","PC_NBORNPOP","A","2008",75.4,
"CZE","NBORNEMP","MEN","PC_NBORNPOP","A","2009",73.8,
"CZE","NBORNEMP","MEN","PC_NBORNPOP","A","2010",73.4,
"CZE","NBORNEMP","MEN","PC_NBORNPOP","A","2011",74.1,
"CZE","NBORNEMP","MEN","PC_NBORNPOP","A","2012",74.5,
"CZE","NBORNEMP","MEN","PC_NBORNPOP","A","2013",75.5,
"CZE","NBORNEMP","MEN","PC_NBORNPOP","A","2014",76.8,
"CZE","NBORNEMP","MEN","PC_NBORNPOP","A","2015",77.7,
"CZE","NBORNEMP","MEN","PC_NBORNPOP","A","2016",79.1,
"CZE","NBORNEMP","TOT","PC_NBORNPOP","A","2001",65,
"CZE","NBORNEMP","TOT","PC_NBORNPOP","A","2002",65.6,
"CZE","NBORNEMP","TOT","PC_NBORNPOP","A","2003",65,
"CZE","NBORNEMP","TOT","PC_NBORNPOP","A","2004",64.3,
"CZE","NBORNEMP","TOT","PC_NBORNPOP","A","2005",64.9,
"CZE","NBORNEMP","TOT","PC_NBORNPOP","A","2006",65.4,
"CZE","NBORNEMP","TOT","PC_NBORNPOP","A","2007",66.1,
"CZE","NBORNEMP","TOT","PC_NBORNPOP","A","2008",66.6,
"CZE","NBORNEMP","TOT","PC_NBORNPOP","A","2009",65.4,
"CZE","NBORNEMP","TOT","PC_NBORNPOP","A","2010",64.9,
"CZE","NBORNEMP","TOT","PC_NBORNPOP","A","2011",65.9,
"CZE","NBORNEMP","TOT","PC_NBORNPOP","A","2012",66.5,
"CZE","NBORNEMP","TOT","PC_NBORNPOP","A","2013",67.7,
"CZE","NBORNEMP","TOT","PC_NBORNPOP","A","2014",68.9,
"CZE","NBORNEMP","TOT","PC_NBORNPOP","A","2015",70.2,
"CZE","NBORNEMP","TOT","PC_NBORNPOP","A","2016",71.6,
"CZE","NBORNEMP","WOMEN","PC_NBORNPOP","A","2001",57,
"CZE","NBORNEMP","WOMEN","PC_NBORNPOP","A","2002",57.2,
"CZE","NBORNEMP","WOMEN","PC_NBORNPOP","A","2003",56.7,
"CZE","NBORNEMP","WOMEN","PC_NBORNPOP","A","2004",56.2,
"CZE","NBORNEMP","WOMEN","PC_NBORNPOP","A","2005",56.4,
"CZE","NBORNEMP","WOMEN","PC_NBORNPOP","A","2006",56.9,
"CZE","NBORNEMP","WOMEN","PC_NBORNPOP","A","2007",57.3,
"CZE","NBORNEMP","WOMEN","PC_NBORNPOP","A","2008",57.6,
"CZE","NBORNEMP","WOMEN","PC_NBORNPOP","A","2009",56.7,
"CZE","NBORNEMP","WOMEN","PC_NBORNPOP","A","2010",56.3,
"CZE","NBORNEMP","WOMEN","PC_NBORNPOP","A","2011",57.4,
"CZE","NBORNEMP","WOMEN","PC_NBORNPOP","A","2012",58.3,
"CZE","NBORNEMP","WOMEN","PC_NBORNPOP","A","2013",59.6,
"CZE","NBORNEMP","WOMEN","PC_NBORNPOP","A","2014",60.7,
"CZE","NBORNEMP","WOMEN","PC_NBORNPOP","A","2015",62.5,
"CZE","NBORNEMP","WOMEN","PC_NBORNPOP","A","2016",64.5,
"DNK","NBORNEMP","MEN","PC_NBORNPOP","A","2000",81.6,
"DNK","NBORNEMP","MEN","PC_NBORNPOP","A","2001",80.9,
"DNK","NBORNEMP","MEN","PC_NBORNPOP","A","2002",80.9,
"DNK","NBORNEMP","MEN","PC_NBORNPOP","A","2003",80.6,
"DNK","NBORNEMP","MEN","PC_NBORNPOP","A","2004",81.3,
"DNK","NBORNEMP","MEN","PC_NBORNPOP","A","2005",80.4,
"DNK","NBORNEMP","MEN","PC_NBORNPOP","A","2006",81.9,
"DNK","NBORNEMP","MEN","PC_NBORNPOP","A","2007",82.2,
"DNK","NBORNEMP","MEN","PC_NBORNPOP","A","2008",82.6,
"DNK","NBORNEMP","MEN","PC_NBORNPOP","A","2009",78.5,
"DNK","NBORNEMP","MEN","PC_NBORNPOP","A","2010",76.5,
"DNK","NBORNEMP","MEN","PC_NBORNPOP","A","2011",77.1,
"DNK","NBORNEMP","MEN","PC_NBORNPOP","A","2012",76.3,
"DNK","NBORNEMP","MEN","PC_NBORNPOP","A","2013",76,
"DNK","NBORNEMP","MEN","PC_NBORNPOP","A","2014",76.5,
"DNK","NBORNEMP","MEN","PC_NBORNPOP","A","2015",77.5,
"DNK","NBORNEMP","MEN","PC_NBORNPOP","A","2016",78.5,
"DNK","NBORNEMP","TOT","PC_NBORNPOP","A","2000",77.5,
"DNK","NBORNEMP","TOT","PC_NBORNPOP","A","2001",76.7,
"DNK","NBORNEMP","TOT","PC_NBORNPOP","A","2002",77.5,
"DNK","NBORNEMP","TOT","PC_NBORNPOP","A","2003",76.5,
"DNK","NBORNEMP","TOT","PC_NBORNPOP","A","2004",77.4,
"DNK","NBORNEMP","TOT","PC_NBORNPOP","A","2005",76.9,
"DNK","NBORNEMP","TOT","PC_NBORNPOP","A","2006",78.4,
"DNK","NBORNEMP","TOT","PC_NBORNPOP","A","2007",78.8,
"DNK","NBORNEMP","TOT","PC_NBORNPOP","A","2008",79.2,
"DNK","NBORNEMP","TOT","PC_NBORNPOP","A","2009",76.2,
"DNK","NBORNEMP","TOT","PC_NBORNPOP","A","2010",74.6,
"DNK","NBORNEMP","TOT","PC_NBORNPOP","A","2011",74.7,
"DNK","NBORNEMP","TOT","PC_NBORNPOP","A","2012",74.2,
"DNK","NBORNEMP","TOT","PC_NBORNPOP","A","2013",73.9,
"DNK","NBORNEMP","TOT","PC_NBORNPOP","A","2014",74.2,
"DNK","NBORNEMP","TOT","PC_NBORNPOP","A","2015",75.1,
"DNK","NBORNEMP","TOT","PC_NBORNPOP","A","2016",76.3,
"DNK","NBORNEMP","WOMEN","PC_NBORNPOP","A","2000",73.3,
"DNK","NBORNEMP","WOMEN","PC_NBORNPOP","A","2001",72.3,
"DNK","NBORNEMP","WOMEN","PC_NBORNPOP","A","2002",73.9,
"DNK","NBORNEMP","WOMEN","PC_NBORNPOP","A","2003",72.2,
"DNK","NBORNEMP","WOMEN","PC_NBORNPOP","A","2004",73.4,
"DNK","NBORNEMP","WOMEN","PC_NBORNPOP","A","2005",73.2,
"DNK","NBORNEMP","WOMEN","PC_NBORNPOP","A","2006",74.7,
"DNK","NBORNEMP","WOMEN","PC_NBORNPOP","A","2007",75.2,
"DNK","NBORNEMP","WOMEN","PC_NBORNPOP","A","2008",75.7,
"DNK","NBORNEMP","WOMEN","PC_NBORNPOP","A","2009",73.9,
"DNK","NBORNEMP","WOMEN","PC_NBORNPOP","A","2010",72.6,
"DNK","NBORNEMP","WOMEN","PC_NBORNPOP","A","2011",72.3,
"DNK","NBORNEMP","WOMEN","PC_NBORNPOP","A","2012",72,
"DNK","NBORNEMP","WOMEN","PC_NBORNPOP","A","2013",71.7,
"DNK","NBORNEMP","WOMEN","PC_NBORNPOP","A","2014",71.8,
"DNK","NBORNEMP","WOMEN","PC_NBORNPOP","A","2015",72.6,
"DNK","NBORNEMP","WOMEN","PC_NBORNPOP","A","2016",73.9,
"FIN","NBORNEMP","MEN","PC_NBORNPOP","A","2000",71.2,
"FIN","NBORNEMP","MEN","PC_NBORNPOP","A","2001",71.8,
"FIN","NBORNEMP","MEN","PC_NBORNPOP","A","2002",71,
"FIN","NBORNEMP","MEN","PC_NBORNPOP","A","2003",70.4,
"FIN","NBORNEMP","MEN","PC_NBORNPOP","A","2004",70.5,
"FIN","NBORNEMP","MEN","PC_NBORNPOP","A","2005",71.2,
"FIN","NBORNEMP","MEN","PC_NBORNPOP","A","2006",71.9,
"FIN","NBORNEMP","MEN","PC_NBORNPOP","A","2007",72.2,
"FIN","NBORNEMP","MEN","PC_NBORNPOP","A","2008",73,
"FIN","NBORNEMP","MEN","PC_NBORNPOP","A","2009",69.5,
"FIN","NBORNEMP","MEN","PC_NBORNPOP","A","2010",68.9,
"FIN","NBORNEMP","MEN","PC_NBORNPOP","A","2011",70.9,
"FIN","NBORNEMP","MEN","PC_NBORNPOP","A","2012",70.6,
"FIN","NBORNEMP","MEN","PC_NBORNPOP","A","2013",70,
"FIN","NBORNEMP","MEN","PC_NBORNPOP","A","2014",69.7,
"FIN","NBORNEMP","MEN","PC_NBORNPOP","A","2015",69.6,
"FIN","NBORNEMP","MEN","PC_NBORNPOP","A","2016",70.8,
"FIN","NBORNEMP","TOT","PC_NBORNPOP","A","2000",68.3,
"FIN","NBORNEMP","TOT","PC_NBORNPOP","A","2001",69.4,
"FIN","NBORNEMP","TOT","PC_NBORNPOP","A","2002",69.3,
"FIN","NBORNEMP","TOT","PC_NBORNPOP","A","2003",69,
"FIN","NBORNEMP","TOT","PC_NBORNPOP","A","2004",68.7,
"FIN","NBORNEMP","TOT","PC_NBORNPOP","A","2005",69.6,
"FIN","NBORNEMP","TOT","PC_NBORNPOP","A","2006",70.2,
"FIN","NBORNEMP","TOT","PC_NBORNPOP","A","2007",70.5,
"FIN","NBORNEMP","TOT","PC_NBORNPOP","A","2008",71.2,
"FIN","NBORNEMP","TOT","PC_NBORNPOP","A","2009",68.7,
"FIN","NBORNEMP","TOT","PC_NBORNPOP","A","2010",68.1,
"FIN","NBORNEMP","TOT","PC_NBORNPOP","A","2011",69.4,
"FIN","NBORNEMP","TOT","PC_NBORNPOP","A","2012",69.6,
"FIN","NBORNEMP","TOT","PC_NBORNPOP","A","2013",69.2,
"FIN","NBORNEMP","TOT","PC_NBORNPOP","A","2014",69.2,
"FIN","NBORNEMP","TOT","PC_NBORNPOP","A","2015",69.2,
"FIN","NBORNEMP","TOT","PC_NBORNPOP","A","2016",70,
"FIN","NBORNEMP","WOMEN","PC_NBORNPOP","A","2000",65.3,
"FIN","NBORNEMP","WOMEN","PC_NBORNPOP","A","2001",67.1,
"FIN","NBORNEMP","WOMEN","PC_NBORNPOP","A","2002",67.5,
"FIN","NBORNEMP","WOMEN","PC_NBORNPOP","A","2003",67.5,
"FIN","NBORNEMP","WOMEN","PC_NBORNPOP","A","2004",66.8,
"FIN","NBORNEMP","WOMEN","PC_NBORNPOP","A","2005",68,
"FIN","NBORNEMP","WOMEN","PC_NBORNPOP","A","2006",68.6,
"FIN","NBORNEMP","WOMEN","PC_NBORNPOP","A","2007",68.7,
"FIN","NBORNEMP","WOMEN","PC_NBORNPOP","A","2008",69.3,
"FIN","NBORNEMP","WOMEN","PC_NBORNPOP","A","2009",67.9,
"FIN","NBORNEMP","WOMEN","PC_NBORNPOP","A","2010",67.2,
"FIN","NBORNEMP","WOMEN","PC_NBORNPOP","A","2011",67.9,
"FIN","NBORNEMP","WOMEN","PC_NBORNPOP","A","2012",68.6,
"FIN","NBORNEMP","WOMEN","PC_NBORNPOP","A","2013",68.4,
"FIN","NBORNEMP","WOMEN","PC_NBORNPOP","A","2014",68.8,
"FIN","NBORNEMP","WOMEN","PC_NBORNPOP","A","2015",68.7,
"FIN","NBORNEMP","WOMEN","PC_NBORNPOP","A","2016",68.8,
"FRA","NBORNEMP","MEN","PC_NBORNPOP","A","2000",69.4,
"FRA","NBORNEMP","MEN","PC_NBORNPOP","A","2001",70.3,
"FRA","NBORNEMP","MEN","PC_NBORNPOP","A","2002",70.1,
"FRA","NBORNEMP","MEN","PC_NBORNPOP","A","2003",70.3,
"FRA","NBORNEMP","MEN","PC_NBORNPOP","A","2004",69.4,
"FRA","NBORNEMP","MEN","PC_NBORNPOP","A","2005",69.4,
"FRA","NBORNEMP","MEN","PC_NBORNPOP","A","2006",69,
"FRA","NBORNEMP","MEN","PC_NBORNPOP","A","2007",69.5,
"FRA","NBORNEMP","MEN","PC_NBORNPOP","A","2008",69.7,
"FRA","NBORNEMP","MEN","PC_NBORNPOP","A","2009",68.5,
"FRA","NBORNEMP","MEN","PC_NBORNPOP","A","2010",68.5,
"FRA","NBORNEMP","MEN","PC_NBORNPOP","A","2011",68.4,
"FRA","NBORNEMP","MEN","PC_NBORNPOP","A","2012",68.4,
"FRA","NBORNEMP","MEN","PC_NBORNPOP","A","2013",68.1,
"FRA","NBORNEMP","MEN","PC_NBORNPOP","A","2014",67.8,
"FRA","NBORNEMP","MEN","PC_NBORNPOP","A","2015",67.7,
"FRA","NBORNEMP","MEN","PC_NBORNPOP","A","2016",68.2,
"FRA","NBORNEMP","TOT","PC_NBORNPOP","A","2000",62.7,
"FRA","NBORNEMP","TOT","PC_NBORNPOP","A","2001",63.7,
"FRA","NBORNEMP","TOT","PC_NBORNPOP","A","2002",64,
"FRA","NBORNEMP","TOT","PC_NBORNPOP","A","2003",64.7,
"FRA","NBORNEMP","TOT","PC_NBORNPOP","A","2004",64,
"FRA","NBORNEMP","TOT","PC_NBORNPOP","A","2005",64.5,
"FRA","NBORNEMP","TOT","PC_NBORNPOP","A","2006",64.4,
"FRA","NBORNEMP","TOT","PC_NBORNPOP","A","2007",65.2,
"FRA","NBORNEMP","TOT","PC_NBORNPOP","A","2008",65.6,
"FRA","NBORNEMP","TOT","PC_NBORNPOP","A","2009",64.7,
"FRA","NBORNEMP","TOT","PC_NBORNPOP","A","2010",64.9,
"FRA","NBORNEMP","TOT","PC_NBORNPOP","A","2011",64.8,
"FRA","NBORNEMP","TOT","PC_NBORNPOP","A","2012",65,
"FRA","NBORNEMP","TOT","PC_NBORNPOP","A","2013",65.1,
"FRA","NBORNEMP","TOT","PC_NBORNPOP","A","2014",64.9,
"FRA","NBORNEMP","TOT","PC_NBORNPOP","A","2015",65.1,
"FRA","NBORNEMP","TOT","PC_NBORNPOP","A","2016",65.6,
"FRA","NBORNEMP","WOMEN","PC_NBORNPOP","A","2000",56.3,
"FRA","NBORNEMP","WOMEN","PC_NBORNPOP","A","2001",57.2,
"FRA","NBORNEMP","WOMEN","PC_NBORNPOP","A","2002",58,
"FRA","NBORNEMP","WOMEN","PC_NBORNPOP","A","2003",59.4,
"FRA","NBORNEMP","WOMEN","PC_NBORNPOP","A","2004",58.7,
"FRA","NBORNEMP","WOMEN","PC_NBORNPOP","A","2005",59.7,
"FRA","NBORNEMP","WOMEN","PC_NBORNPOP","A","2006",59.8,
"FRA","NBORNEMP","WOMEN","PC_NBORNPOP","A","2007",61,
"FRA","NBORNEMP","WOMEN","PC_NBORNPOP","A","2008",61.6,
"FRA","NBORNEMP","WOMEN","PC_NBORNPOP","A","2009",60.9,
"FRA","NBORNEMP","WOMEN","PC_NBORNPOP","A","2010",61.3,
"FRA","NBORNEMP","WOMEN","PC_NBORNPOP","A","2011",61.3,
"FRA","NBORNEMP","WOMEN","PC_NBORNPOP","A","2012",61.7,
"FRA","NBORNEMP","WOMEN","PC_NBORNPOP","A","2013",62.2,
"FRA","NBORNEMP","WOMEN","PC_NBORNPOP","A","2014",62.1,
"FRA","NBORNEMP","WOMEN","PC_NBORNPOP","A","2015",62.5,
"FRA","NBORNEMP","WOMEN","PC_NBORNPOP","A","2016",63,
"DEU","NBORNEMP","MEN","PC_NBORNPOP","A","2000",73.8,
"DEU","NBORNEMP","MEN","PC_NBORNPOP","A","2001",73.4,
"DEU","NBORNEMP","MEN","PC_NBORNPOP","A","2002",72.5,
"DEU","NBORNEMP","MEN","PC_NBORNPOP","A","2003",71.8,
"DEU","NBORNEMP","MEN","PC_NBORNPOP","A","2004",70.8,
"DEU","NBORNEMP","MEN","PC_NBORNPOP","A","2005",72.4,
"DEU","NBORNEMP","MEN","PC_NBORNPOP","A","2006",73.9,
"DEU","NBORNEMP","MEN","PC_NBORNPOP","A","2007",75.1,
"DEU","NBORNEMP","MEN","PC_NBORNPOP","A","2008",76.6,
"DEU","NBORNEMP","MEN","PC_NBORNPOP","A","2009",76,
"DEU","NBORNEMP","MEN","PC_NBORNPOP","A","2010",75.9,
"DEU","NBORNEMP","MEN","PC_NBORNPOP","A","2011",76.6,
"DEU","NBORNEMP","MEN","PC_NBORNPOP","A","2012",78.1,
"DEU","NBORNEMP","MEN","PC_NBORNPOP","A","2013",78.1,
"DEU","NBORNEMP","MEN","PC_NBORNPOP","A","2014",78.3,
"DEU","NBORNEMP","MEN","PC_NBORNPOP","A","2015",78.2,
"DEU","NBORNEMP","MEN","PC_NBORNPOP","A","2016",79.2,
"DEU","NBORNEMP","TOT","PC_NBORNPOP","A","2000",66.7,
"DEU","NBORNEMP","TOT","PC_NBORNPOP","A","2001",67,
"DEU","NBORNEMP","TOT","PC_NBORNPOP","A","2002",66.6,
"DEU","NBORNEMP","TOT","PC_NBORNPOP","A","2003",66.3,
"DEU","NBORNEMP","TOT","PC_NBORNPOP","A","2004",65.6,
"DEU","NBORNEMP","TOT","PC_NBORNPOP","A","2005",67.1,
"DEU","NBORNEMP","TOT","PC_NBORNPOP","A","2006",68.8,
"DEU","NBORNEMP","TOT","PC_NBORNPOP","A","2007",70.5,
"DEU","NBORNEMP","TOT","PC_NBORNPOP","A","2008",71.6,
"DEU","NBORNEMP","TOT","PC_NBORNPOP","A","2009",71.7,
"DEU","NBORNEMP","TOT","PC_NBORNPOP","A","2010",71.9,
"DEU","NBORNEMP","TOT","PC_NBORNPOP","A","2011",73,
"DEU","NBORNEMP","TOT","PC_NBORNPOP","A","2012",74,
"DEU","NBORNEMP","TOT","PC_NBORNPOP","A","2013",74.5,
"DEU","NBORNEMP","TOT","PC_NBORNPOP","A","2014",74.9,
"DEU","NBORNEMP","TOT","PC_NBORNPOP","A","2015",75.2,
"DEU","NBORNEMP","TOT","PC_NBORNPOP","A","2016",76.2,
"DEU","NBORNEMP","WOMEN","PC_NBORNPOP","A","2000",59.6,
"DEU","NBORNEMP","WOMEN","PC_NBORNPOP","A","2001",60.5,
"DEU","NBORNEMP","WOMEN","PC_NBORNPOP","A","2002",60.6,
"DEU","NBORNEMP","WOMEN","PC_NBORNPOP","A","2003",60.7,
"DEU","NBORNEMP","WOMEN","PC_NBORNPOP","A","2004",60.3,
"DEU","NBORNEMP","WOMEN","PC_NBORNPOP","A","2005",61.8,
"DEU","NBORNEMP","WOMEN","PC_NBORNPOP","A","2006",63.5,
"DEU","NBORNEMP","WOMEN","PC_NBORNPOP","A","2007",65.7,
"DEU","NBORNEMP","WOMEN","PC_NBORNPOP","A","2008",66.4,
"DEU","NBORNEMP","WOMEN","PC_NBORNPOP","A","2009",67.4,
"DEU","NBORNEMP","WOMEN","PC_NBORNPOP","A","2010",67.8,
"DEU","NBORNEMP","WOMEN","PC_NBORNPOP","A","2011",69.3,
"DEU","NBORNEMP","WOMEN","PC_NBORNPOP","A","2012",69.8,
"DEU","NBORNEMP","WOMEN","PC_NBORNPOP","A","2013",70.8,
"DEU","NBORNEMP","WOMEN","PC_NBORNPOP","A","2014",71.4,
"DEU","NBORNEMP","WOMEN","PC_NBORNPOP","A","2015",72.1,
"DEU","NBORNEMP","WOMEN","PC_NBORNPOP","A","2016",73.2,
"GRC","NBORNEMP","MEN","PC_NBORNPOP","A","2000",71.3,
"GRC","NBORNEMP","MEN","PC_NBORNPOP","A","2001",71.2,
"GRC","NBORNEMP","MEN","PC_NBORNPOP","A","2002",71.9,
"GRC","NBORNEMP","MEN","PC_NBORNPOP","A","2003",72.7,
"GRC","NBORNEMP","MEN","PC_NBORNPOP","A","2004",73.3,
"GRC","NBORNEMP","MEN","PC_NBORNPOP","A","2005",73.5,
"GRC","NBORNEMP","MEN","PC_NBORNPOP","A","2006",73.9,
"GRC","NBORNEMP","MEN","PC_NBORNPOP","A","2007",74.1,
"GRC","NBORNEMP","MEN","PC_NBORNPOP","A","2008",74,
"GRC","NBORNEMP","MEN","PC_NBORNPOP","A","2009",72.7,
"GRC","NBORNEMP","MEN","PC_NBORNPOP","A","2010",70.2,
"GRC","NBORNEMP","MEN","PC_NBORNPOP","A","2011",65.5,
"GRC","NBORNEMP","MEN","PC_NBORNPOP","A","2012",60.3,
"GRC","NBORNEMP","MEN","PC_NBORNPOP","A","2013",58,
"GRC","NBORNEMP","MEN","PC_NBORNPOP","A","2014",57.9,
"GRC","NBORNEMP","MEN","PC_NBORNPOP","A","2015",59.1,
"GRC","NBORNEMP","MEN","PC_NBORNPOP","A","2016",60.6,
"GRC","NBORNEMP","TOT","PC_NBORNPOP","A","2000",56.4,
"GRC","NBORNEMP","TOT","PC_NBORNPOP","A","2001",56.2,
"GRC","NBORNEMP","TOT","PC_NBORNPOP","A","2002",57.2,
"GRC","NBORNEMP","TOT","PC_NBORNPOP","A","2003",58.4,
"GRC","NBORNEMP","TOT","PC_NBORNPOP","A","2004",59.3,
"GRC","NBORNEMP","TOT","PC_NBORNPOP","A","2005",59.6,
"GRC","NBORNEMP","TOT","PC_NBORNPOP","A","2006",60.5,
"GRC","NBORNEMP","TOT","PC_NBORNPOP","A","2007",60.9,
"GRC","NBORNEMP","TOT","PC_NBORNPOP","A","2008",61.3,
"GRC","NBORNEMP","TOT","PC_NBORNPOP","A","2009",60.7,
"GRC","NBORNEMP","TOT","PC_NBORNPOP","A","2010",59,
"GRC","NBORNEMP","TOT","PC_NBORNPOP","A","2011",55.2,
"GRC","NBORNEMP","TOT","PC_NBORNPOP","A","2012",50.9,
"GRC","NBORNEMP","TOT","PC_NBORNPOP","A","2013",48.9,
"GRC","NBORNEMP","TOT","PC_NBORNPOP","A","2014",49.3,
"GRC","NBORNEMP","TOT","PC_NBORNPOP","A","2015",50.6,
"GRC","NBORNEMP","TOT","PC_NBORNPOP","A","2016",51.9,
"GRC","NBORNEMP","WOMEN","PC_NBORNPOP","A","2000",41.6,
"GRC","NBORNEMP","WOMEN","PC_NBORNPOP","A","2001",41.5,
"GRC","NBORNEMP","WOMEN","PC_NBORNPOP","A","2002",42.7,
"GRC","NBORNEMP","WOMEN","PC_NBORNPOP","A","2003",44.2,
"GRC","NBORNEMP","WOMEN","PC_NBORNPOP","A","2004",45.3,
"GRC","NBORNEMP","WOMEN","PC_NBORNPOP","A","2005",45.7,
"GRC","NBORNEMP","WOMEN","PC_NBORNPOP","A","2006",47.1,
"GRC","NBORNEMP","WOMEN","PC_NBORNPOP","A","2007",47.7,
"GRC","NBORNEMP","WOMEN","PC_NBORNPOP","A","2008",48.6,
"GRC","NBORNEMP","WOMEN","PC_NBORNPOP","A","2009",48.7,
"GRC","NBORNEMP","WOMEN","PC_NBORNPOP","A","2010",47.8,
"GRC","NBORNEMP","WOMEN","PC_NBORNPOP","A","2011",44.9,
"GRC","NBORNEMP","WOMEN","PC_NBORNPOP","A","2012",41.8,
"GRC","NBORNEMP","WOMEN","PC_NBORNPOP","A","2013",40,
"GRC","NBORNEMP","WOMEN","PC_NBORNPOP","A","2014",40.9,
"GRC","NBORNEMP","WOMEN","PC_NBORNPOP","A","2015",42.3,
"GRC","NBORNEMP","WOMEN","PC_NBORNPOP","A","2016",43.3,
"HUN","NBORNEMP","MEN","PC_NBORNPOP","A","2000",62.6,
"HUN","NBORNEMP","MEN","PC_NBORNPOP","A","2001",62.8,
"HUN","NBORNEMP","MEN","PC_NBORNPOP","A","2002",62.8,
"HUN","NBORNEMP","MEN","PC_NBORNPOP","A","2003",63.4,
"HUN","NBORNEMP","MEN","PC_NBORNPOP","A","2004",62.9,
"HUN","NBORNEMP","MEN","PC_NBORNPOP","A","2005",63,
"HUN","NBORNEMP","MEN","PC_NBORNPOP","A","2006",63.6,
"HUN","NBORNEMP","MEN","PC_NBORNPOP","A","2007",63.9,
"HUN","NBORNEMP","MEN","PC_NBORNPOP","A","2008",62.8,
"HUN","NBORNEMP","MEN","PC_NBORNPOP","A","2009",60.9,
"HUN","NBORNEMP","MEN","PC_NBORNPOP","A","2010",60.2,
"HUN","NBORNEMP","MEN","PC_NBORNPOP","A","2011",61,
"HUN","NBORNEMP","MEN","PC_NBORNPOP","A","2012",61.4,
"HUN","NBORNEMP","MEN","PC_NBORNPOP","A","2013",63.4,
"HUN","NBORNEMP","MEN","PC_NBORNPOP","A","2014",67.6,
"HUN","NBORNEMP","MEN","PC_NBORNPOP","A","2015",70,
"HUN","NBORNEMP","MEN","PC_NBORNPOP","A","2016",72.8,
"HUN","NBORNEMP","TOT","PC_NBORNPOP","A","2000",55.9,
"HUN","NBORNEMP","TOT","PC_NBORNPOP","A","2001",56.1,
"HUN","NBORNEMP","TOT","PC_NBORNPOP","A","2002",56.2,
"HUN","NBORNEMP","TOT","PC_NBORNPOP","A","2003",57,
"HUN","NBORNEMP","TOT","PC_NBORNPOP","A","2004",56.5,
"HUN","NBORNEMP","TOT","PC_NBORNPOP","A","2005",56.8,
"HUN","NBORNEMP","TOT","PC_NBORNPOP","A","2006",57.3,
"HUN","NBORNEMP","TOT","PC_NBORNPOP","A","2007",57.2,
"HUN","NBORNEMP","TOT","PC_NBORNPOP","A","2008",56.5,
"HUN","NBORNEMP","TOT","PC_NBORNPOP","A","2009",55.2,
"HUN","NBORNEMP","TOT","PC_NBORNPOP","A","2010",55.2,
"HUN","NBORNEMP","TOT","PC_NBORNPOP","A","2011",55.7,
"HUN","NBORNEMP","TOT","PC_NBORNPOP","A","2012",56.4,
"HUN","NBORNEMP","TOT","PC_NBORNPOP","A","2013",57.9,
"HUN","NBORNEMP","TOT","PC_NBORNPOP","A","2014",61.6,
"HUN","NBORNEMP","TOT","PC_NBORNPOP","A","2015",63.8,
"HUN","NBORNEMP","TOT","PC_NBORNPOP","A","2016",66.4,
"HUN","NBORNEMP","WOMEN","PC_NBORNPOP","A","2000",49.4,
"HUN","NBORNEMP","WOMEN","PC_NBORNPOP","A","2001",49.7,
"HUN","NBORNEMP","WOMEN","PC_NBORNPOP","A","2002",49.8,
"HUN","NBORNEMP","WOMEN","PC_NBORNPOP","A","2003",50.8,
"HUN","NBORNEMP","WOMEN","PC_NBORNPOP","A","2004",50.4,
"HUN","NBORNEMP","WOMEN","PC_NBORNPOP","A","2005",50.9,
"HUN","NBORNEMP","WOMEN","PC_NBORNPOP","A","2006",51.2,
"HUN","NBORNEMP","WOMEN","PC_NBORNPOP","A","2007",50.8,
"HUN","NBORNEMP","WOMEN","PC_NBORNPOP","A","2008",50.4,
"HUN","NBORNEMP","WOMEN","PC_NBORNPOP","A","2009",49.7,
"HUN","NBORNEMP","WOMEN","PC_NBORNPOP","A","2010",50.4,
"HUN","NBORNEMP","WOMEN","PC_NBORNPOP","A","2011",50.5,
"HUN","NBORNEMP","WOMEN","PC_NBORNPOP","A","2012",51.7,
"HUN","NBORNEMP","WOMEN","PC_NBORNPOP","A","2013",52.5,
"HUN","NBORNEMP","WOMEN","PC_NBORNPOP","A","2014",55.8,
"HUN","NBORNEMP","WOMEN","PC_NBORNPOP","A","2015",57.7,
"HUN","NBORNEMP","WOMEN","PC_NBORNPOP","A","2016",60.1,
"ISL","NBORNEMP","MEN","PC_NBORNPOP","A","2000",90.3,
"ISL","NBORNEMP","MEN","PC_NBORNPOP","A","2001",90.6,
"ISL","NBORNEMP","MEN","PC_NBORNPOP","A","2002",87.9,
"ISL","NBORNEMP","MEN","PC_NBORNPOP","A","2003",87.6,
"ISL","NBORNEMP","MEN","PC_NBORNPOP","A","2004",86.6,
"ISL","NBORNEMP","MEN","PC_NBORNPOP","A","2005",86.9,
"ISL","NBORNEMP","MEN","PC_NBORNPOP","A","2006",87.9,
"ISL","NBORNEMP","MEN","PC_NBORNPOP","A","2007",88.8,
"ISL","NBORNEMP","MEN","PC_NBORNPOP","A","2008",87.4,
"ISL","NBORNEMP","MEN","PC_NBORNPOP","A","2009",80.2,
"ISL","NBORNEMP","MEN","PC_NBORNPOP","A","2010",80.5,
"ISL","NBORNEMP","MEN","PC_NBORNPOP","A","2011",80.5,
"ISL","NBORNEMP","MEN","PC_NBORNPOP","A","2012",81.4,
"ISL","NBORNEMP","MEN","PC_NBORNPOP","A","2013",83.2,
"ISL","NBORNEMP","MEN","PC_NBORNPOP","A","2014",85.5,
"ISL","NBORNEMP","MEN","PC_NBORNPOP","A","2015",87.4,
"ISL","NBORNEMP","MEN","PC_NBORNPOP","A","2016",89.5,
"ISL","NBORNEMP","TOT","PC_NBORNPOP","A","2000",87.2,
"ISL","NBORNEMP","TOT","PC_NBORNPOP","A","2001",86.8,
"ISL","NBORNEMP","TOT","PC_NBORNPOP","A","2002",84.8,
"ISL","NBORNEMP","TOT","PC_NBORNPOP","A","2003",84.2,
"ISL","NBORNEMP","TOT","PC_NBORNPOP","A","2004",83.4,
"ISL","NBORNEMP","TOT","PC_NBORNPOP","A","2005",83.8,
"ISL","NBORNEMP","TOT","PC_NBORNPOP","A","2006",84.5,
"ISL","NBORNEMP","TOT","PC_NBORNPOP","A","2007",85,
"ISL","NBORNEMP","TOT","PC_NBORNPOP","A","2008",83.7,
"ISL","NBORNEMP","TOT","PC_NBORNPOP","A","2009",78.3,
"ISL","NBORNEMP","TOT","PC_NBORNPOP","A","2010",78.4,
"ISL","NBORNEMP","TOT","PC_NBORNPOP","A","2011",78.7,
"ISL","NBORNEMP","TOT","PC_NBORNPOP","A","2012",79.8,
"ISL","NBORNEMP","TOT","PC_NBORNPOP","A","2013",81.2,
"ISL","NBORNEMP","TOT","PC_NBORNPOP","A","2014",83.1,
"ISL","NBORNEMP","TOT","PC_NBORNPOP","A","2015",85.2,
"ISL","NBORNEMP","TOT","PC_NBORNPOP","A","2016",86.6,
"ISL","NBORNEMP","WOMEN","PC_NBORNPOP","A","2000",83.9,
"ISL","NBORNEMP","WOMEN","PC_NBORNPOP","A","2001",82.7,
"ISL","NBORNEMP","WOMEN","PC_NBORNPOP","A","2002",81.5,
"ISL","NBORNEMP","WOMEN","PC_NBORNPOP","A","2003",80.6,
"ISL","NBORNEMP","WOMEN","PC_NBORNPOP","A","2004",80,
"ISL","NBORNEMP","WOMEN","PC_NBORNPOP","A","2005",80.5,
"ISL","NBORNEMP","WOMEN","PC_NBORNPOP","A","2006",80.9,
"ISL","NBORNEMP","WOMEN","PC_NBORNPOP","A","2007",80.7,
"ISL","NBORNEMP","WOMEN","PC_NBORNPOP","A","2008",79.7,
"ISL","NBORNEMP","WOMEN","PC_NBORNPOP","A","2009",76.4,
"ISL","NBORNEMP","WOMEN","PC_NBORNPOP","A","2010",76.3,
"ISL","NBORNEMP","WOMEN","PC_NBORNPOP","A","2011",76.8,
"ISL","NBORNEMP","WOMEN","PC_NBORNPOP","A","2012",78.2,
"ISL","NBORNEMP","WOMEN","PC_NBORNPOP","A","2013",79.1,
"ISL","NBORNEMP","WOMEN","PC_NBORNPOP","A","2014",80.6,
"ISL","NBORNEMP","WOMEN","PC_NBORNPOP","A","2015",82.9,
"ISL","NBORNEMP","WOMEN","PC_NBORNPOP","A","2016",83.5,
"IRL","NBORNEMP","MEN","PC_NBORNPOP","A","2000",75.8,
"IRL","NBORNEMP","MEN","PC_NBORNPOP","A","2001",76.1,
"IRL","NBORNEMP","MEN","PC_NBORNPOP","A","2002",74.9,
"IRL","NBORNEMP","MEN","PC_NBORNPOP","A","2003",74.9,
"IRL","NBORNEMP","MEN","PC_NBORNPOP","A","2004",75.3,
"IRL","NBORNEMP","MEN","PC_NBORNPOP","A","2005",75.8,
"IRL","NBORNEMP","MEN","PC_NBORNPOP","A","2006",76.7,
"IRL","NBORNEMP","MEN","PC_NBORNPOP","A","2007",76.3,
"IRL","NBORNEMP","MEN","PC_NBORNPOP","A","2008",74.6,
"IRL","NBORNEMP","MEN","PC_NBORNPOP","A","2009",66.1,
"IRL","NBORNEMP","MEN","PC_NBORNPOP","A","2010",63.3,
"IRL","NBORNEMP","MEN","PC_NBORNPOP","A","2011",62.3,
"IRL","NBORNEMP","MEN","PC_NBORNPOP","A","2012",62.3,
"IRL","NBORNEMP","MEN","PC_NBORNPOP","A","2013",64.6,
"IRL","NBORNEMP","MEN","PC_NBORNPOP","A","2014",66.5,
"IRL","NBORNEMP","MEN","PC_NBORNPOP","A","2015",68.4,
"IRL","NBORNEMP","MEN","PC_NBORNPOP","A","2016",69.4,
"IRL","NBORNEMP","TOT","PC_NBORNPOP","A","2000",64.5,
"IRL","NBORNEMP","TOT","PC_NBORNPOP","A","2001",65,
"IRL","NBORNEMP","TOT","PC_NBORNPOP","A","2002",65.1,
"IRL","NBORNEMP","TOT","PC_NBORNPOP","A","2003",65.3,
"IRL","NBORNEMP","TOT","PC_NBORNPOP","A","2004",65.7,
"IRL","NBORNEMP","TOT","PC_NBORNPOP","A","2005",66.9,
"IRL","NBORNEMP","TOT","PC_NBORNPOP","A","2006",67.6,
"IRL","NBORNEMP","TOT","PC_NBORNPOP","A","2007",68.1,
"IRL","NBORNEMP","TOT","PC_NBORNPOP","A","2008",67.3,
"IRL","NBORNEMP","TOT","PC_NBORNPOP","A","2009",61.9,
"IRL","NBORNEMP","TOT","PC_NBORNPOP","A","2010",59.7,
"IRL","NBORNEMP","TOT","PC_NBORNPOP","A","2011",58.8,
"IRL","NBORNEMP","TOT","PC_NBORNPOP","A","2012",58.9,
"IRL","NBORNEMP","TOT","PC_NBORNPOP","A","2013",60.5,
"IRL","NBORNEMP","TOT","PC_NBORNPOP","A","2014",61.9,
"IRL","NBORNEMP","TOT","PC_NBORNPOP","A","2015",63.4,
"IRL","NBORNEMP","TOT","PC_NBORNPOP","A","2016",64.8,
"IRL","NBORNEMP","WOMEN","PC_NBORNPOP","A","2000",53.1,
"IRL","NBORNEMP","WOMEN","PC_NBORNPOP","A","2001",53.8,
"IRL","NBORNEMP","WOMEN","PC_NBORNPOP","A","2002",55.1,
"IRL","NBORNEMP","WOMEN","PC_NBORNPOP","A","2003",55.5,
"IRL","NBORNEMP","WOMEN","PC_NBORNPOP","A","2004",56,
"IRL","NBORNEMP","WOMEN","PC_NBORNPOP","A","2005",58,
"IRL","NBORNEMP","WOMEN","PC_NBORNPOP","A","2006",58.5,
"IRL","NBORNEMP","WOMEN","PC_NBORNPOP","A","2007",59.7,
"IRL","NBORNEMP","WOMEN","PC_NBORNPOP","A","2008",60,
"IRL","NBORNEMP","WOMEN","PC_NBORNPOP","A","2009",57.6,
"IRL","NBORNEMP","WOMEN","PC_NBORNPOP","A","2010",56.2,
"IRL","NBORNEMP","WOMEN","PC_NBORNPOP","A","2011",55.4,
"IRL","NBORNEMP","WOMEN","PC_NBORNPOP","A","2012",55.4,
"IRL","NBORNEMP","WOMEN","PC_NBORNPOP","A","2013",56.4,
"IRL","NBORNEMP","WOMEN","PC_NBORNPOP","A","2014",57.3,
"IRL","NBORNEMP","WOMEN","PC_NBORNPOP","A","2015",58.5,
"IRL","NBORNEMP","WOMEN","PC_NBORNPOP","A","2016",60.1,
"ITA","NBORNEMP","MEN","PC_NBORNPOP","A","2000",67.4,
"ITA","NBORNEMP","MEN","PC_NBORNPOP","A","2001",68,
"ITA","NBORNEMP","MEN","PC_NBORNPOP","A","2002",68.7,
"ITA","NBORNEMP","MEN","PC_NBORNPOP","A","2003",69.2,
"ITA","NBORNEMP","MEN","PC_NBORNPOP","A","2004",69.8,
"ITA","NBORNEMP","MEN","PC_NBORNPOP","A","2005",69.2,
"ITA","NBORNEMP","MEN","PC_NBORNPOP","A","2006",69.6,
"ITA","NBORNEMP","MEN","PC_NBORNPOP","A","2007",69.7,
"ITA","NBORNEMP","MEN","PC_NBORNPOP","A","2008",69.3,
"ITA","NBORNEMP","MEN","PC_NBORNPOP","A","2009",67.7,
"ITA","NBORNEMP","MEN","PC_NBORNPOP","A","2010",66.7,
"ITA","NBORNEMP","MEN","PC_NBORNPOP","A","2011",66.5,
"ITA","NBORNEMP","MEN","PC_NBORNPOP","A","2012",65.6,
"ITA","NBORNEMP","MEN","PC_NBORNPOP","A","2013",64.2,
"ITA","NBORNEMP","MEN","PC_NBORNPOP","A","2014",64.1,
"ITA","NBORNEMP","MEN","PC_NBORNPOP","A","2015",64.9,
"ITA","NBORNEMP","MEN","PC_NBORNPOP","A","2016",65.7,
"ITA","NBORNEMP","TOT","PC_NBORNPOP","A","2000",53.3,
"ITA","NBORNEMP","TOT","PC_NBORNPOP","A","2001",54.4,
"ITA","NBORNEMP","TOT","PC_NBORNPOP","A","2002",55.2,
"ITA","NBORNEMP","TOT","PC_NBORNPOP","A","2003",56,
"ITA","NBORNEMP","TOT","PC_NBORNPOP","A","2004",57.4,
"ITA","NBORNEMP","TOT","PC_NBORNPOP","A","2005",57.2,
"ITA","NBORNEMP","TOT","PC_NBORNPOP","A","2006",57.9,
"ITA","NBORNEMP","TOT","PC_NBORNPOP","A","2007",58,
"ITA","NBORNEMP","TOT","PC_NBORNPOP","A","2008",58.1,
"ITA","NBORNEMP","TOT","PC_NBORNPOP","A","2009",56.9,
"ITA","NBORNEMP","TOT","PC_NBORNPOP","A","2010",56.3,
"ITA","NBORNEMP","TOT","PC_NBORNPOP","A","2011",56.3,
"ITA","NBORNEMP","TOT","PC_NBORNPOP","A","2012",56.2,
"ITA","NBORNEMP","TOT","PC_NBORNPOP","A","2013",55.2,
"ITA","NBORNEMP","TOT","PC_NBORNPOP","A","2014",55.3,
"ITA","NBORNEMP","TOT","PC_NBORNPOP","A","2015",55.9,
"ITA","NBORNEMP","TOT","PC_NBORNPOP","A","2016",56.9,
"ITA","NBORNEMP","WOMEN","PC_NBORNPOP","A","2000",39.3,
"ITA","NBORNEMP","WOMEN","PC_NBORNPOP","A","2001",40.9,
"ITA","NBORNEMP","WOMEN","PC_NBORNPOP","A","2002",41.8,
"ITA","NBORNEMP","WOMEN","PC_NBORNPOP","A","2003",42.7,
"ITA","NBORNEMP","WOMEN","PC_NBORNPOP","A","2004",45,
"ITA","NBORNEMP","WOMEN","PC_NBORNPOP","A","2005",45.1,
"ITA","NBORNEMP","WOMEN","PC_NBORNPOP","A","2006",46,
"ITA","NBORNEMP","WOMEN","PC_NBORNPOP","A","2007",46.2,
"ITA","NBORNEMP","WOMEN","PC_NBORNPOP","A","2008",46.8,
"ITA","NBORNEMP","WOMEN","PC_NBORNPOP","A","2009",45.9,
"ITA","NBORNEMP","WOMEN","PC_NBORNPOP","A","2010",45.7,
"ITA","NBORNEMP","WOMEN","PC_NBORNPOP","A","2011",46.1,
"ITA","NBORNEMP","WOMEN","PC_NBORNPOP","A","2012",46.7,
"ITA","NBORNEMP","WOMEN","PC_NBORNPOP","A","2013",46.1,
"ITA","NBORNEMP","WOMEN","PC_NBORNPOP","A","2014",46.4,
"ITA","NBORNEMP","WOMEN","PC_NBORNPOP","A","2015",46.9,
"ITA","NBORNEMP","WOMEN","PC_NBORNPOP","A","2016",48,
"LUX","NBORNEMP","MEN","PC_NBORNPOP","A","2000",73.2,
"LUX","NBORNEMP","MEN","PC_NBORNPOP","A","2001",70.5,
"LUX","NBORNEMP","MEN","PC_NBORNPOP","A","2002",72.1,
"LUX","NBORNEMP","MEN","PC_NBORNPOP","A","2003",68.9,
"LUX","NBORNEMP","MEN","PC_NBORNPOP","A","2004",69.2,
"LUX","NBORNEMP","MEN","PC_NBORNPOP","A","2005",68.8,
"LUX","NBORNEMP","MEN","PC_NBORNPOP","A","2006",68.1,
"LUX","NBORNEMP","MEN","PC_NBORNPOP","A","2007",67.3,
"LUX","NBORNEMP","MEN","PC_NBORNPOP","A","2008",68.2,
"LUX","NBORNEMP","MEN","PC_NBORNPOP","A","2009",69.2,
"LUX","NBORNEMP","MEN","PC_NBORNPOP","A","2010",68.3,
"LUX","NBORNEMP","MEN","PC_NBORNPOP","A","2011",65.9,
"LUX","NBORNEMP","MEN","PC_NBORNPOP","A","2012",66.3,
"LUX","NBORNEMP","MEN","PC_NBORNPOP","A","2013",65.3,
"LUX","NBORNEMP","MEN","PC_NBORNPOP","A","2014",66.6,
"LUX","NBORNEMP","MEN","PC_NBORNPOP","A","2015",66.7,
"LUX","NBORNEMP","MEN","PC_NBORNPOP","A","2016",65.9,
"LUX","NBORNEMP","TOT","PC_NBORNPOP","A","2000",60.4,
"LUX","NBORNEMP","TOT","PC_NBORNPOP","A","2001",59,
"LUX","NBORNEMP","TOT","PC_NBORNPOP","A","2002",60.2,
"LUX","NBORNEMP","TOT","PC_NBORNPOP","A","2003",58.5,
"LUX","NBORNEMP","TOT","PC_NBORNPOP","A","2004",59.2,
"LUX","NBORNEMP","TOT","PC_NBORNPOP","A","2005",59.8,
"LUX","NBORNEMP","TOT","PC_NBORNPOP","A","2006",59.9,
"LUX","NBORNEMP","TOT","PC_NBORNPOP","A","2007",59.2,
"LUX","NBORNEMP","TOT","PC_NBORNPOP","A","2008",59.4,
"LUX","NBORNEMP","TOT","PC_NBORNPOP","A","2009",61.9,
"LUX","NBORNEMP","TOT","PC_NBORNPOP","A","2010",60.7,
"LUX","NBORNEMP","TOT","PC_NBORNPOP","A","2011",59.5,
"LUX","NBORNEMP","TOT","PC_NBORNPOP","A","2012",60.7,
"LUX","NBORNEMP","TOT","PC_NBORNPOP","A","2013",60.3,
"LUX","NBORNEMP","TOT","PC_NBORNPOP","A","2014",61.5,
"LUX","NBORNEMP","TOT","PC_NBORNPOP","A","2015",62.6,
"LUX","NBORNEMP","TOT","PC_NBORNPOP","A","2016",61.8,
"LUX","NBORNEMP","WOMEN","PC_NBORNPOP","A","2000",46.6,
"LUX","NBORNEMP","WOMEN","PC_NBORNPOP","A","2001",47.6,
"LUX","NBORNEMP","WOMEN","PC_NBORNPOP","A","2002",47.9,
"LUX","NBORNEMP","WOMEN","PC_NBORNPOP","A","2003",47.8,
"LUX","NBORNEMP","WOMEN","PC_NBORNPOP","A","2004",48.8,
"LUX","NBORNEMP","WOMEN","PC_NBORNPOP","A","2005",50.5,
"LUX","NBORNEMP","WOMEN","PC_NBORNPOP","A","2006",51.9,
"LUX","NBORNEMP","WOMEN","PC_NBORNPOP","A","2007",51.3,
"LUX","NBORNEMP","WOMEN","PC_NBORNPOP","A","2008",50.4,
"LUX","NBORNEMP","WOMEN","PC_NBORNPOP","A","2009",54.5,
"LUX","NBORNEMP","WOMEN","PC_NBORNPOP","A","2010",52.9,
"LUX","NBORNEMP","WOMEN","PC_NBORNPOP","A","2011",53,
"LUX","NBORNEMP","WOMEN","PC_NBORNPOP","A","2012",54.9,
"LUX","NBORNEMP","WOMEN","PC_NBORNPOP","A","2013",55,
"LUX","NBORNEMP","WOMEN","PC_NBORNPOP","A","2014",56.1,
"LUX","NBORNEMP","WOMEN","PC_NBORNPOP","A","2015",58.4,
"LUX","NBORNEMP","WOMEN","PC_NBORNPOP","A","2016",57.5,
"MEX","NBORNEMP","MEN","PC_NBORNPOP","A","2005",80.7,
"MEX","NBORNEMP","MEN","PC_NBORNPOP","A","2006",81.3,
"MEX","NBORNEMP","MEN","PC_NBORNPOP","A","2007",80.8,
"MEX","NBORNEMP","MEN","PC_NBORNPOP","A","2008",80.1,
"MEX","NBORNEMP","MEN","PC_NBORNPOP","A","2009",78,
"MEX","NBORNEMP","MEN","PC_NBORNPOP","A","2010",77.8,
"MEX","NBORNEMP","MEN","PC_NBORNPOP","A","2011",78,
"MEX","NBORNEMP","MEN","PC_NBORNPOP","A","2012",78.6,
"MEX","NBORNEMP","MEN","PC_NBORNPOP","A","2013",78.3,
"MEX","NBORNEMP","MEN","PC_NBORNPOP","A","2014",78.2,
"MEX","NBORNEMP","MEN","PC_NBORNPOP","A","2015",78.4,
"MEX","NBORNEMP","MEN","PC_NBORNPOP","A","2016",78.6,
"MEX","NBORNEMP","TOT","PC_NBORNPOP","A","2005",60,
"MEX","NBORNEMP","TOT","PC_NBORNPOP","A","2006",61,
"MEX","NBORNEMP","TOT","PC_NBORNPOP","A","2007",61.1,
"MEX","NBORNEMP","TOT","PC_NBORNPOP","A","2008",60.7,
"MEX","NBORNEMP","TOT","PC_NBORNPOP","A","2009",59.9,
"MEX","NBORNEMP","TOT","PC_NBORNPOP","A","2010",59.8,
"MEX","NBORNEMP","TOT","PC_NBORNPOP","A","2011",60.1,
"MEX","NBORNEMP","TOT","PC_NBORNPOP","A","2012",60.9,
"MEX","NBORNEMP","TOT","PC_NBORNPOP","A","2013",60.9,
"MEX","NBORNEMP","TOT","PC_NBORNPOP","A","2014",60.4,
"MEX","NBORNEMP","TOT","PC_NBORNPOP","A","2015",60.8,
"MEX","NBORNEMP","TOT","PC_NBORNPOP","A","2016",61.1,
"MEX","NBORNEMP","WOMEN","PC_NBORNPOP","A","2005",41.8,
"MEX","NBORNEMP","WOMEN","PC_NBORNPOP","A","2006",43.2,
"MEX","NBORNEMP","WOMEN","PC_NBORNPOP","A","2007",43.7,
"MEX","NBORNEMP","WOMEN","PC_NBORNPOP","A","2008",43.6,
"MEX","NBORNEMP","WOMEN","PC_NBORNPOP","A","2009",43.5,
"MEX","NBORNEMP","WOMEN","PC_NBORNPOP","A","2010",43.5,
"MEX","NBORNEMP","WOMEN","PC_NBORNPOP","A","2011",43.7,
"MEX","NBORNEMP","WOMEN","PC_NBORNPOP","A","2012",44.9,
"MEX","NBORNEMP","WOMEN","PC_NBORNPOP","A","2013",45,
"MEX","NBORNEMP","WOMEN","PC_NBORNPOP","A","2014",44.3,
"MEX","NBORNEMP","WOMEN","PC_NBORNPOP","A","2015",44.7,
"MEX","NBORNEMP","WOMEN","PC_NBORNPOP","A","2016",45.1,
"NLD","NBORNEMP","MEN","PC_NBORNPOP","A","2000",84,
"NLD","NBORNEMP","MEN","PC_NBORNPOP","A","2001",84.3,
"NLD","NBORNEMP","MEN","PC_NBORNPOP","A","2002",84.4,
"NLD","NBORNEMP","MEN","PC_NBORNPOP","A","2003",83.2,
"NLD","NBORNEMP","MEN","PC_NBORNPOP","A","2004",81.9,
"NLD","NBORNEMP","MEN","PC_NBORNPOP","A","2005",81.5,
"NLD","NBORNEMP","MEN","PC_NBORNPOP","A","2006",82.2,
"NLD","NBORNEMP","MEN","PC_NBORNPOP","A","2007",82.9,
"NLD","NBORNEMP","MEN","PC_NBORNPOP","A","2008",83.8,
"NLD","NBORNEMP","MEN","PC_NBORNPOP","A","2009",82.9,
"NLD","NBORNEMP","MEN","PC_NBORNPOP","A","2010",81.2,
"NLD","NBORNEMP","MEN","PC_NBORNPOP","A","2011",81.1,
"NLD","NBORNEMP","MEN","PC_NBORNPOP","A","2012",80.5,
"NLD","NBORNEMP","MEN","PC_NBORNPOP","A","2013",79.5,
"NLD","NBORNEMP","MEN","PC_NBORNPOP","A","2014",79.4,
"NLD","NBORNEMP","MEN","PC_NBORNPOP","A","2015",80.3,
"NLD","NBORNEMP","MEN","PC_NBORNPOP","A","2016",81.1,
"NLD","NBORNEMP","TOT","PC_NBORNPOP","A","2000",74.9,
"NLD","NBORNEMP","TOT","PC_NBORNPOP","A","2001",75.7,
"NLD","NBORNEMP","TOT","PC_NBORNPOP","A","2002",76.3,
"NLD","NBORNEMP","TOT","PC_NBORNPOP","A","2003",75.7,
"NLD","NBORNEMP","TOT","PC_NBORNPOP","A","2004",75.1,
"NLD","NBORNEMP","TOT","PC_NBORNPOP","A","2005",75.2,
"NLD","NBORNEMP","TOT","PC_NBORNPOP","A","2006",75.8,
"NLD","NBORNEMP","TOT","PC_NBORNPOP","A","2007",77,
"NLD","NBORNEMP","TOT","PC_NBORNPOP","A","2008",78.3,
"NLD","NBORNEMP","TOT","PC_NBORNPOP","A","2009",78,
"NLD","NBORNEMP","TOT","PC_NBORNPOP","A","2010",76.3,
"NLD","NBORNEMP","TOT","PC_NBORNPOP","A","2011",76.5,
"NLD","NBORNEMP","TOT","PC_NBORNPOP","A","2012",76.1,
"NLD","NBORNEMP","TOT","PC_NBORNPOP","A","2013",75.5,
"NLD","NBORNEMP","TOT","PC_NBORNPOP","A","2014",75,
"NLD","NBORNEMP","TOT","PC_NBORNPOP","A","2015",76.1,
"NLD","NBORNEMP","TOT","PC_NBORNPOP","A","2016",76.9,
"NLD","NBORNEMP","WOMEN","PC_NBORNPOP","A","2000",65.6,
"NLD","NBORNEMP","WOMEN","PC_NBORNPOP","A","2001",66.8,
"NLD","NBORNEMP","WOMEN","PC_NBORNPOP","A","2002",67.9,
"NLD","NBORNEMP","WOMEN","PC_NBORNPOP","A","2003",68,
"NLD","NBORNEMP","WOMEN","PC_NBORNPOP","A","2004",68.1,
"NLD","NBORNEMP","WOMEN","PC_NBORNPOP","A","2005",68.6,
"NLD","NBORNEMP","WOMEN","PC_NBORNPOP","A","2006",69.2,
"NLD","NBORNEMP","WOMEN","PC_NBORNPOP","A","2007",71,
"NLD","NBORNEMP","WOMEN","PC_NBORNPOP","A","2008",72.6,
"NLD","NBORNEMP","WOMEN","PC_NBORNPOP","A","2009",73,
"NLD","NBORNEMP","WOMEN","PC_NBORNPOP","A","2010",71.3,
"NLD","NBORNEMP","WOMEN","PC_NBORNPOP","A","2011",71.9,
"NLD","NBORNEMP","WOMEN","PC_NBORNPOP","A","2012",71.6,
"NLD","NBORNEMP","WOMEN","PC_NBORNPOP","A","2013",71.4,
"NLD","NBORNEMP","WOMEN","PC_NBORNPOP","A","2014",70.4,
"NLD","NBORNEMP","WOMEN","PC_NBORNPOP","A","2015",71.9,
"NLD","NBORNEMP","WOMEN","PC_NBORNPOP","A","2016",72.6,
"NZL","NBORNEMP","MEN","PC_NBORNPOP","A","2001",80.1,
"NZL","NBORNEMP","MEN","PC_NBORNPOP","A","2002",81.2,
"NZL","NBORNEMP","MEN","PC_NBORNPOP","A","2003",81.1,
"NZL","NBORNEMP","MEN","PC_NBORNPOP","A","2004",82.2,
"NZL","NBORNEMP","MEN","PC_NBORNPOP","A","2005",82.9,
"NZL","NBORNEMP","MEN","PC_NBORNPOP","A","2006",83.2,
"NZL","NBORNEMP","MEN","PC_NBORNPOP","A","2007",82.8,
"NZL","NBORNEMP","MEN","PC_NBORNPOP","A","2008",81.6,
"NZL","NBORNEMP","MEN","PC_NBORNPOP","A","2009",79.5,
"NZL","NBORNEMP","MEN","PC_NBORNPOP","A","2010",79.1,
"NZL","NBORNEMP","MEN","PC_NBORNPOP","A","2011",78.7,
"NZL","NBORNEMP","MEN","PC_NBORNPOP","A","2012",77.7,
"NZL","NBORNEMP","MEN","PC_NBORNPOP","A","2013",78.2,
"NZL","NBORNEMP","MEN","PC_NBORNPOP","A","2014",80,
"NZL","NBORNEMP","MEN","PC_NBORNPOP","A","2015",79.2,
"NZL","NBORNEMP","MEN","PC_NBORNPOP","A","2016",80.2,
"NZL","NBORNEMP","TOT","PC_NBORNPOP","A","2001",73.1,
"NZL","NBORNEMP","TOT","PC_NBORNPOP","A","2002",74.2,
"NZL","NBORNEMP","TOT","PC_NBORNPOP","A","2003",74.2,
"NZL","NBORNEMP","TOT","PC_NBORNPOP","A","2004",75.2,
"NZL","NBORNEMP","TOT","PC_NBORNPOP","A","2005",76.2,
"NZL","NBORNEMP","TOT","PC_NBORNPOP","A","2006",76.5,
"NZL","NBORNEMP","TOT","PC_NBORNPOP","A","2007",76.8,
"NZL","NBORNEMP","TOT","PC_NBORNPOP","A","2008",76.2,
"NZL","NBORNEMP","TOT","PC_NBORNPOP","A","2009",74.3,
"NZL","NBORNEMP","TOT","PC_NBORNPOP","A","2010",73.7,
"NZL","NBORNEMP","TOT","PC_NBORNPOP","A","2011",73.4,
"NZL","NBORNEMP","TOT","PC_NBORNPOP","A","2012",72.5,
"NZL","NBORNEMP","TOT","PC_NBORNPOP","A","2013",73.4,
"NZL","NBORNEMP","TOT","PC_NBORNPOP","A","2014",75.2,
"NZL","NBORNEMP","TOT","PC_NBORNPOP","A","2015",74.6,
"NZL","NBORNEMP","TOT","PC_NBORNPOP","A","2016",75.8,
"NZL","NBORNEMP","WOMEN","PC_NBORNPOP","A","2001",66.4,
"NZL","NBORNEMP","WOMEN","PC_NBORNPOP","A","2002",67.3,
"NZL","NBORNEMP","WOMEN","PC_NBORNPOP","A","2003",67.6,
"NZL","NBORNEMP","WOMEN","PC_NBORNPOP","A","2004",68.4,
"NZL","NBORNEMP","WOMEN","PC_NBORNPOP","A","2005",69.9,
"NZL","NBORNEMP","WOMEN","PC_NBORNPOP","A","2006",70.1,
"NZL","NBORNEMP","WOMEN","PC_NBORNPOP","A","2007",71,
"NZL","NBORNEMP","WOMEN","PC_NBORNPOP","A","2008",71,
"NZL","NBORNEMP","WOMEN","PC_NBORNPOP","A","2009",69.4,
"NZL","NBORNEMP","WOMEN","PC_NBORNPOP","A","2010",68.6,
"NZL","NBORNEMP","WOMEN","PC_NBORNPOP","A","2011",68.4,
"NZL","NBORNEMP","WOMEN","PC_NBORNPOP","A","2012",67.7,
"NZL","NBORNEMP","WOMEN","PC_NBORNPOP","A","2013",68.8,
"NZL","NBORNEMP","WOMEN","PC_NBORNPOP","A","2014",70.6,
"NZL","NBORNEMP","WOMEN","PC_NBORNPOP","A","2015",70.2,
"NZL","NBORNEMP","WOMEN","PC_NBORNPOP","A","2016",71.6,
"NOR","NBORNEMP","MEN","PC_NBORNPOP","A","2000",82.3,
"NOR","NBORNEMP","MEN","PC_NBORNPOP","A","2001",81.5,
"NOR","NBORNEMP","MEN","PC_NBORNPOP","A","2002",80.8,
"NOR","NBORNEMP","MEN","PC_NBORNPOP","A","2003",79,
"NOR","NBORNEMP","MEN","PC_NBORNPOP","A","2004",78.6,
"NOR","NBORNEMP","MEN","PC_NBORNPOP","A","2005",78.8,
"NOR","NBORNEMP","MEN","PC_NBORNPOP","A","2006",79,
"NOR","NBORNEMP","MEN","PC_NBORNPOP","A","2007",79.8,
"NOR","NBORNEMP","MEN","PC_NBORNPOP","A","2008",80.5,
"NOR","NBORNEMP","MEN","PC_NBORNPOP","A","2009",79,
"NOR","NBORNEMP","MEN","PC_NBORNPOP","A","2010",77.9,
"NOR","NBORNEMP","MEN","PC_NBORNPOP","A","2011",77.7,
"NOR","NBORNEMP","MEN","PC_NBORNPOP","A","2012",78,
"NOR","NBORNEMP","MEN","PC_NBORNPOP","A","2013",77.6,
"NOR","NBORNEMP","MEN","PC_NBORNPOP","A","2014",77.4,
"NOR","NBORNEMP","MEN","PC_NBORNPOP","A","2015",77.1,
"NOR","NBORNEMP","MEN","PC_NBORNPOP","A","2016",76,
"NOR","NBORNEMP","TOT","PC_NBORNPOP","A","2000",78.5,
"NOR","NBORNEMP","TOT","PC_NBORNPOP","A","2001",78,
"NOR","NBORNEMP","TOT","PC_NBORNPOP","A","2002",78,
"NOR","NBORNEMP","TOT","PC_NBORNPOP","A","2003",76.2,
"NOR","NBORNEMP","TOT","PC_NBORNPOP","A","2004",76,
"NOR","NBORNEMP","TOT","PC_NBORNPOP","A","2005",75.9,
"NOR","NBORNEMP","TOT","PC_NBORNPOP","A","2006",76.2,
"NOR","NBORNEMP","TOT","PC_NBORNPOP","A","2007",77.2,
"NOR","NBORNEMP","TOT","PC_NBORNPOP","A","2008",78.2,
"NOR","NBORNEMP","TOT","PC_NBORNPOP","A","2009",77.1,
"NOR","NBORNEMP","TOT","PC_NBORNPOP","A","2010",76.1,
"NOR","NBORNEMP","TOT","PC_NBORNPOP","A","2011",75.9,
"NOR","NBORNEMP","TOT","PC_NBORNPOP","A","2012",76.5,
"NOR","NBORNEMP","TOT","PC_NBORNPOP","A","2013",76.3,
"NOR","NBORNEMP","TOT","PC_NBORNPOP","A","2014",76.1,
"NOR","NBORNEMP","TOT","PC_NBORNPOP","A","2015",75.9,
"NOR","NBORNEMP","TOT","PC_NBORNPOP","A","2016",75.2,
"NOR","NBORNEMP","WOMEN","PC_NBORNPOP","A","2000",74.6,
"NOR","NBORNEMP","WOMEN","PC_NBORNPOP","A","2001",74.4,
"NOR","NBORNEMP","WOMEN","PC_NBORNPOP","A","2002",75,
"NOR","NBORNEMP","WOMEN","PC_NBORNPOP","A","2003",73.4,
"NOR","NBORNEMP","WOMEN","PC_NBORNPOP","A","2004",73.4,
"NOR","NBORNEMP","WOMEN","PC_NBORNPOP","A","2005",72.9,
"NOR","NBORNEMP","WOMEN","PC_NBORNPOP","A","2006",73.3,
"NOR","NBORNEMP","WOMEN","PC_NBORNPOP","A","2007",74.5,
"NOR","NBORNEMP","WOMEN","PC_NBORNPOP","A","2008",75.8,
"NOR","NBORNEMP","WOMEN","PC_NBORNPOP","A","2009",75.1,
"NOR","NBORNEMP","WOMEN","PC_NBORNPOP","A","2010",74.1,
"NOR","NBORNEMP","WOMEN","PC_NBORNPOP","A","2011",74,
"NOR","NBORNEMP","WOMEN","PC_NBORNPOP","A","2012",74.8,
"NOR","NBORNEMP","WOMEN","PC_NBORNPOP","A","2013",74.8,
"NOR","NBORNEMP","WOMEN","PC_NBORNPOP","A","2014",74.8,
"NOR","NBORNEMP","WOMEN","PC_NBORNPOP","A","2015",74.6,
"NOR","NBORNEMP","WOMEN","PC_NBORNPOP","A","2016",74.4,
"POL","NBORNEMP","MEN","PC_NBORNPOP","A","2001",59,
"POL","NBORNEMP","MEN","PC_NBORNPOP","A","2002",57,
"POL","NBORNEMP","MEN","PC_NBORNPOP","A","2003",56,
"POL","NBORNEMP","MEN","PC_NBORNPOP","A","2004",56.9,
"POL","NBORNEMP","MEN","PC_NBORNPOP","A","2005",59,
"POL","NBORNEMP","MEN","PC_NBORNPOP","A","2006",60.9,
"POL","NBORNEMP","MEN","PC_NBORNPOP","A","2007",63.7,
"POL","NBORNEMP","MEN","PC_NBORNPOP","A","2008",66.4,
"POL","NBORNEMP","MEN","PC_NBORNPOP","A","2009",66.2,
"POL","NBORNEMP","MEN","PC_NBORNPOP","A","2010",65.3,
"POL","NBORNEMP","MEN","PC_NBORNPOP","A","2011",66,
"POL","NBORNEMP","MEN","PC_NBORNPOP","A","2012",66.3,
"POL","NBORNEMP","MEN","PC_NBORNPOP","A","2013",66.6,
"POL","NBORNEMP","MEN","PC_NBORNPOP","A","2014",68.2,
"POL","NBORNEMP","MEN","PC_NBORNPOP","A","2015",69.2,
"POL","NBORNEMP","MEN","PC_NBORNPOP","A","2016",71,
"POL","NBORNEMP","TOT","PC_NBORNPOP","A","2001",52,
"POL","NBORNEMP","TOT","PC_NBORNPOP","A","2002",52,
"POL","NBORNEMP","TOT","PC_NBORNPOP","A","2003",52,
"POL","NBORNEMP","TOT","PC_NBORNPOP","A","2004",51.5,
"POL","NBORNEMP","TOT","PC_NBORNPOP","A","2005",52.9,
"POL","NBORNEMP","TOT","PC_NBORNPOP","A","2006",54.6,
"POL","NBORNEMP","TOT","PC_NBORNPOP","A","2007",57.1,
"POL","NBORNEMP","TOT","PC_NBORNPOP","A","2008",59.3,
"POL","NBORNEMP","TOT","PC_NBORNPOP","A","2009",59.4,
"POL","NBORNEMP","TOT","PC_NBORNPOP","A","2010",59,
"POL","NBORNEMP","TOT","PC_NBORNPOP","A","2011",59.3,
"POL","NBORNEMP","TOT","PC_NBORNPOP","A","2012",59.7,
"POL","NBORNEMP","TOT","PC_NBORNPOP","A","2013",60,
"POL","NBORNEMP","TOT","PC_NBORNPOP","A","2014",61.7,
"POL","NBORNEMP","TOT","PC_NBORNPOP","A","2015",62.9,
"POL","NBORNEMP","TOT","PC_NBORNPOP","A","2016",64.5,
"POL","NBORNEMP","WOMEN","PC_NBORNPOP","A","2001",48,
"POL","NBORNEMP","WOMEN","PC_NBORNPOP","A","2002",47,
"POL","NBORNEMP","WOMEN","PC_NBORNPOP","A","2003",46,
"POL","NBORNEMP","WOMEN","PC_NBORNPOP","A","2004",46.3,
"POL","NBORNEMP","WOMEN","PC_NBORNPOP","A","2005",47,
"POL","NBORNEMP","WOMEN","PC_NBORNPOP","A","2006",48.3,
"POL","NBORNEMP","WOMEN","PC_NBORNPOP","A","2007",50.7,
"POL","NBORNEMP","WOMEN","PC_NBORNPOP","A","2008",52.4,
"POL","NBORNEMP","WOMEN","PC_NBORNPOP","A","2009",52.8,
"POL","NBORNEMP","WOMEN","PC_NBORNPOP","A","2010",52.6,
"POL","NBORNEMP","WOMEN","PC_NBORNPOP","A","2011",52.7,
"POL","NBORNEMP","WOMEN","PC_NBORNPOP","A","2012",53.1,
"POL","NBORNEMP","WOMEN","PC_NBORNPOP","A","2013",53.4,
"POL","NBORNEMP","WOMEN","PC_NBORNPOP","A","2014",55.2,
"POL","NBORNEMP","WOMEN","PC_NBORNPOP","A","2015",56.7,
"POL","NBORNEMP","WOMEN","PC_NBORNPOP","A","2016",58.1,
"PRT","NBORNEMP","MEN","PC_NBORNPOP","A","2000",76.2,
"PRT","NBORNEMP","MEN","PC_NBORNPOP","A","2001",76.8,
"PRT","NBORNEMP","MEN","PC_NBORNPOP","A","2002",76.6,
"PRT","NBORNEMP","MEN","PC_NBORNPOP","A","2003",74.8,
"PRT","NBORNEMP","MEN","PC_NBORNPOP","A","2004",74.2,
"PRT","NBORNEMP","MEN","PC_NBORNPOP","A","2005",73.1,
"PRT","NBORNEMP","MEN","PC_NBORNPOP","A","2006",73.7,
"PRT","NBORNEMP","MEN","PC_NBORNPOP","A","2007",73.4,
"PRT","NBORNEMP","MEN","PC_NBORNPOP","A","2008",73.4,
"PRT","NBORNEMP","MEN","PC_NBORNPOP","A","2009",70.8,
"PRT","NBORNEMP","MEN","PC_NBORNPOP","A","2010",69.7,
"PRT","NBORNEMP","MEN","PC_NBORNPOP","A","2011",67.9,
"PRT","NBORNEMP","MEN","PC_NBORNPOP","A","2012",64.2,
"PRT","NBORNEMP","MEN","PC_NBORNPOP","A","2013",63.4,
"PRT","NBORNEMP","MEN","PC_NBORNPOP","A","2014",65.4,
"PRT","NBORNEMP","MEN","PC_NBORNPOP","A","2015",66.5,
"PRT","NBORNEMP","MEN","PC_NBORNPOP","A","2016",67.8,
"PRT","NBORNEMP","TOT","PC_NBORNPOP","A","2000",68.1,
"PRT","NBORNEMP","TOT","PC_NBORNPOP","A","2001",68.8,
"PRT","NBORNEMP","TOT","PC_NBORNPOP","A","2002",68.8,
"PRT","NBORNEMP","TOT","PC_NBORNPOP","A","2003",67.9,
"PRT","NBORNEMP","TOT","PC_NBORNPOP","A","2004",67.8,
"PRT","NBORNEMP","TOT","PC_NBORNPOP","A","2005",67.1,
"PRT","NBORNEMP","TOT","PC_NBORNPOP","A","2006",67.6,
"PRT","NBORNEMP","TOT","PC_NBORNPOP","A","2007",67.3,
"PRT","NBORNEMP","TOT","PC_NBORNPOP","A","2008",67.7,
"PRT","NBORNEMP","TOT","PC_NBORNPOP","A","2009",66,
"PRT","NBORNEMP","TOT","PC_NBORNPOP","A","2010",65.2,
"PRT","NBORNEMP","TOT","PC_NBORNPOP","A","2011",63.8,
"PRT","NBORNEMP","TOT","PC_NBORNPOP","A","2012",60.9,
"PRT","NBORNEMP","TOT","PC_NBORNPOP","A","2013",60.4,
"PRT","NBORNEMP","TOT","PC_NBORNPOP","A","2014",62.2,
"PRT","NBORNEMP","TOT","PC_NBORNPOP","A","2015",63.5,
"PRT","NBORNEMP","TOT","PC_NBORNPOP","A","2016",64.7,
"PRT","NBORNEMP","WOMEN","PC_NBORNPOP","A","2000",60.2,
"PRT","NBORNEMP","WOMEN","PC_NBORNPOP","A","2001",61,
"PRT","NBORNEMP","WOMEN","PC_NBORNPOP","A","2002",61.3,
"PRT","NBORNEMP","WOMEN","PC_NBORNPOP","A","2003",61.1,
"PRT","NBORNEMP","WOMEN","PC_NBORNPOP","A","2004",61.5,
"PRT","NBORNEMP","WOMEN","PC_NBORNPOP","A","2005",61.2,
"PRT","NBORNEMP","WOMEN","PC_NBORNPOP","A","2006",61.5,
"PRT","NBORNEMP","WOMEN","PC_NBORNPOP","A","2007",61.4,
"PRT","NBORNEMP","WOMEN","PC_NBORNPOP","A","2008",62,
"PRT","NBORNEMP","WOMEN","PC_NBORNPOP","A","2009",61.2,
"PRT","NBORNEMP","WOMEN","PC_NBORNPOP","A","2010",60.8,
"PRT","NBORNEMP","WOMEN","PC_NBORNPOP","A","2011",59.7,
"PRT","NBORNEMP","WOMEN","PC_NBORNPOP","A","2012",57.9,
"PRT","NBORNEMP","WOMEN","PC_NBORNPOP","A","2013",57.6,
"PRT","NBORNEMP","WOMEN","PC_NBORNPOP","A","2014",59.1,
"PRT","NBORNEMP","WOMEN","PC_NBORNPOP","A","2015",60.7,
"PRT","NBORNEMP","WOMEN","PC_NBORNPOP","A","2016",61.9,
"SVK","NBORNEMP","MEN","PC_NBORNPOP","A","2001",61,
"SVK","NBORNEMP","MEN","PC_NBORNPOP","A","2002",61,
"SVK","NBORNEMP","MEN","PC_NBORNPOP","A","2003",63.5,
"SVK","NBORNEMP","MEN","PC_NBORNPOP","A","2004",62.9,
"SVK","NBORNEMP","MEN","PC_NBORNPOP","A","2005",64.6,
"SVK","NBORNEMP","MEN","PC_NBORNPOP","A","2006",67,
"SVK","NBORNEMP","MEN","PC_NBORNPOP","A","2007",68.4,
"SVK","NBORNEMP","MEN","PC_NBORNPOP","A","2008",69.9,
"SVK","NBORNEMP","MEN","PC_NBORNPOP","A","2009",67.5,
"SVK","NBORNEMP","MEN","PC_NBORNPOP","A","2010",65.2,
"SVK","NBORNEMP","MEN","PC_NBORNPOP","A","2011",66.1,
"SVK","NBORNEMP","MEN","PC_NBORNPOP","A","2012",66.7,
"SVK","NBORNEMP","MEN","PC_NBORNPOP","A","2013",66.3,
"SVK","NBORNEMP","MEN","PC_NBORNPOP","A","2014",67.6,
"SVK","NBORNEMP","MEN","PC_NBORNPOP","A","2015",69.5,
"SVK","NBORNEMP","MEN","PC_NBORNPOP","A","2016",71.4,
"SVK","NBORNEMP","TOT","PC_NBORNPOP","A","2001",58,
"SVK","NBORNEMP","TOT","PC_NBORNPOP","A","2002",58,
"SVK","NBORNEMP","TOT","PC_NBORNPOP","A","2003",57.9,
"SVK","NBORNEMP","TOT","PC_NBORNPOP","A","2004",56.8,
"SVK","NBORNEMP","TOT","PC_NBORNPOP","A","2005",57.8,
"SVK","NBORNEMP","TOT","PC_NBORNPOP","A","2006",59.5,
"SVK","NBORNEMP","TOT","PC_NBORNPOP","A","2007",60.7,
"SVK","NBORNEMP","TOT","PC_NBORNPOP","A","2008",62.2,
"SVK","NBORNEMP","TOT","PC_NBORNPOP","A","2009",60.2,
"SVK","NBORNEMP","TOT","PC_NBORNPOP","A","2010",58.8,
"SVK","NBORNEMP","TOT","PC_NBORNPOP","A","2011",59.3,
"SVK","NBORNEMP","TOT","PC_NBORNPOP","A","2012",59.7,
"SVK","NBORNEMP","TOT","PC_NBORNPOP","A","2013",59.8,
"SVK","NBORNEMP","TOT","PC_NBORNPOP","A","2014",60.9,
"SVK","NBORNEMP","TOT","PC_NBORNPOP","A","2015",62.8,
"SVK","NBORNEMP","TOT","PC_NBORNPOP","A","2016",64.9,
"SVK","NBORNEMP","WOMEN","PC_NBORNPOP","A","2001",52,
"SVK","NBORNEMP","WOMEN","PC_NBORNPOP","A","2002",51,
"SVK","NBORNEMP","WOMEN","PC_NBORNPOP","A","2003",52.4,
"SVK","NBORNEMP","WOMEN","PC_NBORNPOP","A","2004",50.7,
"SVK","NBORNEMP","WOMEN","PC_NBORNPOP","A","2005",51,
"SVK","NBORNEMP","WOMEN","PC_NBORNPOP","A","2006",52,
"SVK","NBORNEMP","WOMEN","PC_NBORNPOP","A","2007",53,
"SVK","NBORNEMP","WOMEN","PC_NBORNPOP","A","2008",54.6,
"SVK","NBORNEMP","WOMEN","PC_NBORNPOP","A","2009",52.8,
"SVK","NBORNEMP","WOMEN","PC_NBORNPOP","A","2010",52.4,
"SVK","NBORNEMP","WOMEN","PC_NBORNPOP","A","2011",52.6,
"SVK","NBORNEMP","WOMEN","PC_NBORNPOP","A","2012",52.7,
"SVK","NBORNEMP","WOMEN","PC_NBORNPOP","A","2013",53.3,
"SVK","NBORNEMP","WOMEN","PC_NBORNPOP","A","2014",54.3,
"SVK","NBORNEMP","WOMEN","PC_NBORNPOP","A","2015",56,
"SVK","NBORNEMP","WOMEN","PC_NBORNPOP","A","2016",58.3,
"ESP","NBORNEMP","MEN","PC_NBORNPOP","A","2000",70.8,
"ESP","NBORNEMP","MEN","PC_NBORNPOP","A","2001",72.1,
"ESP","NBORNEMP","MEN","PC_NBORNPOP","A","2002",72.4,
"ESP","NBORNEMP","MEN","PC_NBORNPOP","A","2003",72.7,
"ESP","NBORNEMP","MEN","PC_NBORNPOP","A","2004",73,
"ESP","NBORNEMP","MEN","PC_NBORNPOP","A","2005",74.6,
"ESP","NBORNEMP","MEN","PC_NBORNPOP","A","2006",75.4,
"ESP","NBORNEMP","MEN","PC_NBORNPOP","A","2007",75.3,
"ESP","NBORNEMP","MEN","PC_NBORNPOP","A","2008",73.3,
"ESP","NBORNEMP","MEN","PC_NBORNPOP","A","2009",67.6,
"ESP","NBORNEMP","MEN","PC_NBORNPOP","A","2010",66.1,
"ESP","NBORNEMP","MEN","PC_NBORNPOP","A","2011",64,
"ESP","NBORNEMP","MEN","PC_NBORNPOP","A","2012",61.4,
"ESP","NBORNEMP","MEN","PC_NBORNPOP","A","2013",60.3,
"ESP","NBORNEMP","MEN","PC_NBORNPOP","A","2014",61.5,
"ESP","NBORNEMP","MEN","PC_NBORNPOP","A","2015",63.4,
"ESP","NBORNEMP","MEN","PC_NBORNPOP","A","2016",65,
"ESP","NBORNEMP","TOT","PC_NBORNPOP","A","2000",55.9,
"ESP","NBORNEMP","TOT","PC_NBORNPOP","A","2001",57.3,
"ESP","NBORNEMP","TOT","PC_NBORNPOP","A","2002",58.1,
"ESP","NBORNEMP","TOT","PC_NBORNPOP","A","2003",59.2,
"ESP","NBORNEMP","TOT","PC_NBORNPOP","A","2004",60.2,
"ESP","NBORNEMP","TOT","PC_NBORNPOP","A","2005",62.5,
"ESP","NBORNEMP","TOT","PC_NBORNPOP","A","2006",63.9,
"ESP","NBORNEMP","TOT","PC_NBORNPOP","A","2007",64.4,
"ESP","NBORNEMP","TOT","PC_NBORNPOP","A","2008",63.8,
"ESP","NBORNEMP","TOT","PC_NBORNPOP","A","2009",60,
"ESP","NBORNEMP","TOT","PC_NBORNPOP","A","2010",59.2,
"ESP","NBORNEMP","TOT","PC_NBORNPOP","A","2011",58.1,
"ESP","NBORNEMP","TOT","PC_NBORNPOP","A","2012",56.5,
"ESP","NBORNEMP","TOT","PC_NBORNPOP","A","2013",55.6,
"ESP","NBORNEMP","TOT","PC_NBORNPOP","A","2014",56.6,
"ESP","NBORNEMP","TOT","PC_NBORNPOP","A","2015",58.3,
"ESP","NBORNEMP","TOT","PC_NBORNPOP","A","2016",59.9,
"ESP","NBORNEMP","WOMEN","PC_NBORNPOP","A","2000",41,
"ESP","NBORNEMP","WOMEN","PC_NBORNPOP","A","2001",42.4,
"ESP","NBORNEMP","WOMEN","PC_NBORNPOP","A","2002",43.5,
"ESP","NBORNEMP","WOMEN","PC_NBORNPOP","A","2003",45.4,
"ESP","NBORNEMP","WOMEN","PC_NBORNPOP","A","2004",47.2,
"ESP","NBORNEMP","WOMEN","PC_NBORNPOP","A","2005",50,
"ESP","NBORNEMP","WOMEN","PC_NBORNPOP","A","2006",52.3,
"ESP","NBORNEMP","WOMEN","PC_NBORNPOP","A","2007",53.1,
"ESP","NBORNEMP","WOMEN","PC_NBORNPOP","A","2008",53.9,
"ESP","NBORNEMP","WOMEN","PC_NBORNPOP","A","2009",52.2,
"ESP","NBORNEMP","WOMEN","PC_NBORNPOP","A","2010",52.2,
"ESP","NBORNEMP","WOMEN","PC_NBORNPOP","A","2011",52,
"ESP","NBORNEMP","WOMEN","PC_NBORNPOP","A","2012",51.4,
"ESP","NBORNEMP","WOMEN","PC_NBORNPOP","A","2013",50.7,
"ESP","NBORNEMP","WOMEN","PC_NBORNPOP","A","2014",51.7,
"ESP","NBORNEMP","WOMEN","PC_NBORNPOP","A","2015",53,
"ESP","NBORNEMP","WOMEN","PC_NBORNPOP","A","2016",54.7,
"SWE","NBORNEMP","MEN","PC_NBORNPOP","A","2000",75.8,
"SWE","NBORNEMP","MEN","PC_NBORNPOP","A","2001",77.5,
"SWE","NBORNEMP","MEN","PC_NBORNPOP","A","2002",77.1,
"SWE","NBORNEMP","MEN","PC_NBORNPOP","A","2003",76.5,
"SWE","NBORNEMP","MEN","PC_NBORNPOP","A","2004",75.7,
"SWE","NBORNEMP","MEN","PC_NBORNPOP","A","2005",76.2,
"SWE","NBORNEMP","MEN","PC_NBORNPOP","A","2006",77.1,
"SWE","NBORNEMP","MEN","PC_NBORNPOP","A","2007",78,
"SWE","NBORNEMP","MEN","PC_NBORNPOP","A","2008",77.9,
"SWE","NBORNEMP","MEN","PC_NBORNPOP","A","2009",75.6,
"SWE","NBORNEMP","MEN","PC_NBORNPOP","A","2010",76,
"SWE","NBORNEMP","MEN","PC_NBORNPOP","A","2011",77.5,
"SWE","NBORNEMP","MEN","PC_NBORNPOP","A","2012",77.4,
"SWE","NBORNEMP","MEN","PC_NBORNPOP","A","2013",78.3,
"SWE","NBORNEMP","MEN","PC_NBORNPOP","A","2014",78.5,
"SWE","NBORNEMP","MEN","PC_NBORNPOP","A","2015",79.3,
"SWE","NBORNEMP","MEN","PC_NBORNPOP","A","2016",79.8,
"SWE","NBORNEMP","TOT","PC_NBORNPOP","A","2000",74.6,
"SWE","NBORNEMP","TOT","PC_NBORNPOP","A","2001",76.2,
"SWE","NBORNEMP","TOT","PC_NBORNPOP","A","2002",76,
"SWE","NBORNEMP","TOT","PC_NBORNPOP","A","2003",75.5,
"SWE","NBORNEMP","TOT","PC_NBORNPOP","A","2004",74.3,
"SWE","NBORNEMP","TOT","PC_NBORNPOP","A","2005",74.4,
"SWE","NBORNEMP","TOT","PC_NBORNPOP","A","2006",75.1,
"SWE","NBORNEMP","TOT","PC_NBORNPOP","A","2007",76.2,
"SWE","NBORNEMP","TOT","PC_NBORNPOP","A","2008",76.3,
"SWE","NBORNEMP","TOT","PC_NBORNPOP","A","2009",74.2,
"SWE","NBORNEMP","TOT","PC_NBORNPOP","A","2010",74.4,
"SWE","NBORNEMP","TOT","PC_NBORNPOP","A","2011",76,
"SWE","NBORNEMP","TOT","PC_NBORNPOP","A","2012",76.2,
"SWE","NBORNEMP","TOT","PC_NBORNPOP","A","2013",77.2,
"SWE","NBORNEMP","TOT","PC_NBORNPOP","A","2014",77.7,
"SWE","NBORNEMP","TOT","PC_NBORNPOP","A","2015",78.5,
"SWE","NBORNEMP","TOT","PC_NBORNPOP","A","2016",79.3,
"SWE","NBORNEMP","WOMEN","PC_NBORNPOP","A","2000",73.2,
"SWE","NBORNEMP","WOMEN","PC_NBORNPOP","A","2001",74.8,
"SWE","NBORNEMP","WOMEN","PC_NBORNPOP","A","2002",74.8,
"SWE","NBORNEMP","WOMEN","PC_NBORNPOP","A","2003",74.4,
"SWE","NBORNEMP","WOMEN","PC_NBORNPOP","A","2004",72.9,
"SWE","NBORNEMP","WOMEN","PC_NBORNPOP","A","2005",72.6,
"SWE","NBORNEMP","WOMEN","PC_NBORNPOP","A","2006",73.1,
"SWE","NBORNEMP","WOMEN","PC_NBORNPOP","A","2007",74.3,
"SWE","NBORNEMP","WOMEN","PC_NBORNPOP","A","2008",74.5,
"SWE","NBORNEMP","WOMEN","PC_NBORNPOP","A","2009",72.8,
"SWE","NBORNEMP","WOMEN","PC_NBORNPOP","A","2010",72.8,
"SWE","NBORNEMP","WOMEN","PC_NBORNPOP","A","2011",74.4,
"SWE","NBORNEMP","WOMEN","PC_NBORNPOP","A","2012",75,
"SWE","NBORNEMP","WOMEN","PC_NBORNPOP","A","2013",75.9,
"SWE","NBORNEMP","WOMEN","PC_NBORNPOP","A","2014",76.8,
"SWE","NBORNEMP","WOMEN","PC_NBORNPOP","A","2015",77.7,
"SWE","NBORNEMP","WOMEN","PC_NBORNPOP","A","2016",78.8,
"CHE","NBORNEMP","MEN","PC_NBORNPOP","A","2001",87.9,
"CHE","NBORNEMP","MEN","PC_NBORNPOP","A","2002",85.8,
"CHE","NBORNEMP","MEN","PC_NBORNPOP","A","2003",86.2,
"CHE","NBORNEMP","MEN","PC_NBORNPOP","A","2004",85.6,
"CHE","NBORNEMP","MEN","PC_NBORNPOP","A","2005",85.1,
"CHE","NBORNEMP","MEN","PC_NBORNPOP","A","2006",85.8,
"CHE","NBORNEMP","MEN","PC_NBORNPOP","A","2007",86.4,
"CHE","NBORNEMP","MEN","PC_NBORNPOP","A","2008",86.1,
"CHE","NBORNEMP","MEN","PC_NBORNPOP","A","2009",84.5,
"CHE","NBORNEMP","MEN","PC_NBORNPOP","A","2010",85.3,
"CHE","NBORNEMP","MEN","PC_NBORNPOP","A","2011",85.7,
"CHE","NBORNEMP","MEN","PC_NBORNPOP","A","2012",85.6,
"CHE","NBORNEMP","MEN","PC_NBORNPOP","A","2013",85.2,
"CHE","NBORNEMP","MEN","PC_NBORNPOP","A","2014",84.8,
"CHE","NBORNEMP","MEN","PC_NBORNPOP","A","2015",84.7,
"CHE","NBORNEMP","MEN","PC_NBORNPOP","A","2016",85.6,
"CHE","NBORNEMP","TOT","PC_NBORNPOP","A","2001",80.3,
"CHE","NBORNEMP","TOT","PC_NBORNPOP","A","2002",80.7,
"CHE","NBORNEMP","TOT","PC_NBORNPOP","A","2003",79.8,
"CHE","NBORNEMP","TOT","PC_NBORNPOP","A","2004",79.2,
"CHE","NBORNEMP","TOT","PC_NBORNPOP","A","2005",79.2,
"CHE","NBORNEMP","TOT","PC_NBORNPOP","A","2006",79.8,
"CHE","NBORNEMP","TOT","PC_NBORNPOP","A","2007",80.3,
"CHE","NBORNEMP","TOT","PC_NBORNPOP","A","2008",81,
"CHE","NBORNEMP","TOT","PC_NBORNPOP","A","2009",80.3,
"CHE","NBORNEMP","TOT","PC_NBORNPOP","A","2010",80.3,
"CHE","NBORNEMP","TOT","PC_NBORNPOP","A","2011",80.9,
"CHE","NBORNEMP","TOT","PC_NBORNPOP","A","2012",80.9,
"CHE","NBORNEMP","TOT","PC_NBORNPOP","A","2013",81.2,
"CHE","NBORNEMP","TOT","PC_NBORNPOP","A","2014",81.5,
"CHE","NBORNEMP","TOT","PC_NBORNPOP","A","2015",82,
"CHE","NBORNEMP","TOT","PC_NBORNPOP","A","2016",82.9,
"CHE","NBORNEMP","WOMEN","PC_NBORNPOP","A","2001",72.5,
"CHE","NBORNEMP","WOMEN","PC_NBORNPOP","A","2002",73.2,
"CHE","NBORNEMP","WOMEN","PC_NBORNPOP","A","2003",73.3,
"CHE","NBORNEMP","WOMEN","PC_NBORNPOP","A","2004",72.6,
"CHE","NBORNEMP","WOMEN","PC_NBORNPOP","A","2005",73.1,
"CHE","NBORNEMP","WOMEN","PC_NBORNPOP","A","2006",73.7,
"CHE","NBORNEMP","WOMEN","PC_NBORNPOP","A","2007",74.2,
"CHE","NBORNEMP","WOMEN","PC_NBORNPOP","A","2008",75.8,
"CHE","NBORNEMP","WOMEN","PC_NBORNPOP","A","2009",75.9,
"CHE","NBORNEMP","WOMEN","PC_NBORNPOP","A","2010",75.1,
"CHE","NBORNEMP","WOMEN","PC_NBORNPOP","A","2011",75.9,
"CHE","NBORNEMP","WOMEN","PC_NBORNPOP","A","2012",76,
"CHE","NBORNEMP","WOMEN","PC_NBORNPOP","A","2013",77,
"CHE","NBORNEMP","WOMEN","PC_NBORNPOP","A","2014",78,
"CHE","NBORNEMP","WOMEN","PC_NBORNPOP","A","2015",79.2,
"CHE","NBORNEMP","WOMEN","PC_NBORNPOP","A","2016",80,
"TUR","NBORNEMP","MEN","PC_NBORNPOP","A","2008",66.6,
"TUR","NBORNEMP","MEN","PC_NBORNPOP","A","2009",64.6,
"TUR","NBORNEMP","MEN","PC_NBORNPOP","A","2010",66.7,
"TUR","NBORNEMP","MEN","PC_NBORNPOP","A","2011",69.4,
"TUR","NBORNEMP","MEN","PC_NBORNPOP","A","2012",69.2,
"TUR","NBORNEMP","MEN","PC_NBORNPOP","A","2013",69.6,
"TUR","NBORNEMP","MEN","PC_NBORNPOP","A","2014",69.6,
"TUR","NBORNEMP","MEN","PC_NBORNPOP","A","2015",69.9,
"TUR","NBORNEMP","MEN","PC_NBORNPOP","A","2016",70.1,
"TUR","NBORNEMP","TOT","PC_NBORNPOP","A","2008",44.8,
"TUR","NBORNEMP","TOT","PC_NBORNPOP","A","2009",44.1,
"TUR","NBORNEMP","TOT","PC_NBORNPOP","A","2010",46.2,
"TUR","NBORNEMP","TOT","PC_NBORNPOP","A","2011",48.4,
"TUR","NBORNEMP","TOT","PC_NBORNPOP","A","2012",48.9,
"TUR","NBORNEMP","TOT","PC_NBORNPOP","A","2013",49.6,
"TUR","NBORNEMP","TOT","PC_NBORNPOP","A","2014",49.6,
"TUR","NBORNEMP","TOT","PC_NBORNPOP","A","2015",50.3,
"TUR","NBORNEMP","TOT","PC_NBORNPOP","A","2016",50.8,
"TUR","NBORNEMP","WOMEN","PC_NBORNPOP","A","2008",23.3,
"TUR","NBORNEMP","WOMEN","PC_NBORNPOP","A","2009",24.2,
"TUR","NBORNEMP","WOMEN","PC_NBORNPOP","A","2010",26.1,
"TUR","NBORNEMP","WOMEN","PC_NBORNPOP","A","2011",27.9,
"TUR","NBORNEMP","WOMEN","PC_NBORNPOP","A","2012",28.7,
"TUR","NBORNEMP","WOMEN","PC_NBORNPOP","A","2013",29.6,
"TUR","NBORNEMP","WOMEN","PC_NBORNPOP","A","2014",29.5,
"TUR","NBORNEMP","WOMEN","PC_NBORNPOP","A","2015",30.5,
"TUR","NBORNEMP","WOMEN","PC_NBORNPOP","A","2016",31.3,
"GBR","NBORNEMP","MEN","PC_NBORNPOP","A","2000",78,
"GBR","NBORNEMP","MEN","PC_NBORNPOP","A","2001",78.1,
"GBR","NBORNEMP","MEN","PC_NBORNPOP","A","2002",77.5,
"GBR","NBORNEMP","MEN","PC_NBORNPOP","A","2003",77.9,
"GBR","NBORNEMP","MEN","PC_NBORNPOP","A","2004",77.8,
"GBR","NBORNEMP","MEN","PC_NBORNPOP","A","2005",77.6,
"GBR","NBORNEMP","MEN","PC_NBORNPOP","A","2006",76.9,
"GBR","NBORNEMP","MEN","PC_NBORNPOP","A","2007",77,
"GBR","NBORNEMP","MEN","PC_NBORNPOP","A","2008",76.9,
"GBR","NBORNEMP","MEN","PC_NBORNPOP","A","2009",74.2,
"GBR","NBORNEMP","MEN","PC_NBORNPOP","A","2010",73.8,
"GBR","NBORNEMP","MEN","PC_NBORNPOP","A","2011",73.9,
"GBR","NBORNEMP","MEN","PC_NBORNPOP","A","2012",74.7,
"GBR","NBORNEMP","MEN","PC_NBORNPOP","A","2013",75.2,
"GBR","NBORNEMP","MEN","PC_NBORNPOP","A","2014",76.4,
"GBR","NBORNEMP","MEN","PC_NBORNPOP","A","2015",77.3,
"GBR","NBORNEMP","MEN","PC_NBORNPOP","A","2016",77.7,
"GBR","NBORNEMP","TOT","PC_NBORNPOP","A","2000",71.7,
"GBR","NBORNEMP","TOT","PC_NBORNPOP","A","2001",72,
"GBR","NBORNEMP","TOT","PC_NBORNPOP","A","2002",71.8,
"GBR","NBORNEMP","TOT","PC_NBORNPOP","A","2003",72.1,
"GBR","NBORNEMP","TOT","PC_NBORNPOP","A","2004",72.2,
"GBR","NBORNEMP","TOT","PC_NBORNPOP","A","2005",72.2,
"GBR","NBORNEMP","TOT","PC_NBORNPOP","A","2006",71.9,
"GBR","NBORNEMP","TOT","PC_NBORNPOP","A","2007",71.6,
"GBR","NBORNEMP","TOT","PC_NBORNPOP","A","2008",71.8,
"GBR","NBORNEMP","TOT","PC_NBORNPOP","A","2009",70,
"GBR","NBORNEMP","TOT","PC_NBORNPOP","A","2010",69.6,
"GBR","NBORNEMP","TOT","PC_NBORNPOP","A","2011",69.7,
"GBR","NBORNEMP","TOT","PC_NBORNPOP","A","2012",70.6,
"GBR","NBORNEMP","TOT","PC_NBORNPOP","A","2013",71.1,
"GBR","NBORNEMP","TOT","PC_NBORNPOP","A","2014",72.4,
"GBR","NBORNEMP","TOT","PC_NBORNPOP","A","2015",73.2,
"GBR","NBORNEMP","TOT","PC_NBORNPOP","A","2016",73.9,
"GBR","NBORNEMP","WOMEN","PC_NBORNPOP","A","2000",65.5,
"GBR","NBORNEMP","WOMEN","PC_NBORNPOP","A","2001",65.9,
"GBR","NBORNEMP","WOMEN","PC_NBORNPOP","A","2002",66.2,
"GBR","NBORNEMP","WOMEN","PC_NBORNPOP","A","2003",66.4,
"GBR","NBORNEMP","WOMEN","PC_NBORNPOP","A","2004",66.6,
"GBR","NBORNEMP","WOMEN","PC_NBORNPOP","A","2005",66.8,
"GBR","NBORNEMP","WOMEN","PC_NBORNPOP","A","2006",66.8,
"GBR","NBORNEMP","WOMEN","PC_NBORNPOP","A","2007",66.4,
"GBR","NBORNEMP","WOMEN","PC_NBORNPOP","A","2008",66.8,
"GBR","NBORNEMP","WOMEN","PC_NBORNPOP","A","2009",65.9,
"GBR","NBORNEMP","WOMEN","PC_NBORNPOP","A","2010",65.4,
"GBR","NBORNEMP","WOMEN","PC_NBORNPOP","A","2011",65.4,
"GBR","NBORNEMP","WOMEN","PC_NBORNPOP","A","2012",66.4,
"GBR","NBORNEMP","WOMEN","PC_NBORNPOP","A","2013",67.1,
"GBR","NBORNEMP","WOMEN","PC_NBORNPOP","A","2014",68.4,
"GBR","NBORNEMP","WOMEN","PC_NBORNPOP","A","2015",69.2,
"GBR","NBORNEMP","WOMEN","PC_NBORNPOP","A","2016",70.1,
"USA","NBORNEMP","MEN","PC_NBORNPOP","A","2000",78.5,
"USA","NBORNEMP","MEN","PC_NBORNPOP","A","2001",77,
"USA","NBORNEMP","MEN","PC_NBORNPOP","A","2002",75.6,
"USA","NBORNEMP","MEN","PC_NBORNPOP","A","2003",74.6,
"USA","NBORNEMP","MEN","PC_NBORNPOP","A","2004",74.6,
"USA","NBORNEMP","MEN","PC_NBORNPOP","A","2005",74.9,
"USA","NBORNEMP","MEN","PC_NBORNPOP","A","2006",75.2,
"USA","NBORNEMP","MEN","PC_NBORNPOP","A","2007",74.8,
"USA","NBORNEMP","MEN","PC_NBORNPOP","A","2008",73.4,
"USA","NBORNEMP","MEN","PC_NBORNPOP","A","2009",69.1,
"USA","NBORNEMP","MEN","PC_NBORNPOP","A","2010",68.2,
"USA","NBORNEMP","MEN","PC_NBORNPOP","A","2011",68.4,
"USA","NBORNEMP","MEN","PC_NBORNPOP","A","2012",69.3,
"USA","NBORNEMP","MEN","PC_NBORNPOP","A","2013",69.3,
"USA","NBORNEMP","MEN","PC_NBORNPOP","A","2014",70.2,
"USA","NBORNEMP","MEN","PC_NBORNPOP","A","2015",70.9,
"USA","NBORNEMP","MEN","PC_NBORNPOP","A","2016",71.6,
"USA","NBORNEMP","TOT","PC_NBORNPOP","A","2000",73.2,
"USA","NBORNEMP","TOT","PC_NBORNPOP","A","2001",72.1,
"USA","NBORNEMP","TOT","PC_NBORNPOP","A","2002",71,
"USA","NBORNEMP","TOT","PC_NBORNPOP","A","2003",70.1,
"USA","NBORNEMP","TOT","PC_NBORNPOP","A","2004",70,
"USA","NBORNEMP","TOT","PC_NBORNPOP","A","2005",70.2,
"USA","NBORNEMP","TOT","PC_NBORNPOP","A","2006",70.5,
"USA","NBORNEMP","TOT","PC_NBORNPOP","A","2007",70.3,
"USA","NBORNEMP","TOT","PC_NBORNPOP","A","2008",69.4,
"USA","NBORNEMP","TOT","PC_NBORNPOP","A","2009",66.1,
"USA","NBORNEMP","TOT","PC_NBORNPOP","A","2010",65.2,
"USA","NBORNEMP","TOT","PC_NBORNPOP","A","2011",65.1,
"USA","NBORNEMP","TOT","PC_NBORNPOP","A","2012",65.6,
"USA","NBORNEMP","TOT","PC_NBORNPOP","A","2013",65.7,
"USA","NBORNEMP","TOT","PC_NBORNPOP","A","2014",66.5,
"USA","NBORNEMP","TOT","PC_NBORNPOP","A","2015",67.2,
"USA","NBORNEMP","TOT","PC_NBORNPOP","A","2016",67.9,
"USA","NBORNEMP","WOMEN","PC_NBORNPOP","A","2000",68.1,
"USA","NBORNEMP","WOMEN","PC_NBORNPOP","A","2001",67.5,
"USA","NBORNEMP","WOMEN","PC_NBORNPOP","A","2002",66.5,
"USA","NBORNEMP","WOMEN","PC_NBORNPOP","A","2003",65.9,
"USA","NBORNEMP","WOMEN","PC_NBORNPOP","A","2004",65.6,
"USA","NBORNEMP","WOMEN","PC_NBORNPOP","A","2005",65.8,
"USA","NBORNEMP","WOMEN","PC_NBORNPOP","A","2006",66,
"USA","NBORNEMP","WOMEN","PC_NBORNPOP","A","2007",65.9,
"USA","NBORNEMP","WOMEN","PC_NBORNPOP","A","2008",65.5,
"USA","NBORNEMP","WOMEN","PC_NBORNPOP","A","2009",63.2,
"USA","NBORNEMP","WOMEN","PC_NBORNPOP","A","2010",62.2,
"USA","NBORNEMP","WOMEN","PC_NBORNPOP","A","2011",61.9,
"USA","NBORNEMP","WOMEN","PC_NBORNPOP","A","2012",62,
"USA","NBORNEMP","WOMEN","PC_NBORNPOP","A","2013",62.2,
"USA","NBORNEMP","WOMEN","PC_NBORNPOP","A","2014",63,
"USA","NBORNEMP","WOMEN","PC_NBORNPOP","A","2015",63.6,
"USA","NBORNEMP","WOMEN","PC_NBORNPOP","A","2016",64.2,
"CHL","NBORNEMP","MEN","PC_NBORNPOP","A","2006",72.2,
"CHL","NBORNEMP","MEN","PC_NBORNPOP","A","2009",68.8,
"CHL","NBORNEMP","MEN","PC_NBORNPOP","A","2011",70.7,
"CHL","NBORNEMP","MEN","PC_NBORNPOP","A","2013",71,
"CHL","NBORNEMP","MEN","PC_NBORNPOP","A","2015",71.1,
"CHL","NBORNEMP","TOT","PC_NBORNPOP","A","2006",56.8,
"CHL","NBORNEMP","TOT","PC_NBORNPOP","A","2009",54.2,
"CHL","NBORNEMP","TOT","PC_NBORNPOP","A","2011",56.8,
"CHL","NBORNEMP","TOT","PC_NBORNPOP","A","2013",58.1,
"CHL","NBORNEMP","TOT","PC_NBORNPOP","A","2015",59.3,
"CHL","NBORNEMP","WOMEN","PC_NBORNPOP","A","2006",42.2,
"CHL","NBORNEMP","WOMEN","PC_NBORNPOP","A","2009",40.9,
"CHL","NBORNEMP","WOMEN","PC_NBORNPOP","A","2011",44.1,
"CHL","NBORNEMP","WOMEN","PC_NBORNPOP","A","2013",46.6,
"CHL","NBORNEMP","WOMEN","PC_NBORNPOP","A","2015",48.8,
"EST","NBORNEMP","MEN","PC_NBORNPOP","A","2000",62,
"EST","NBORNEMP","MEN","PC_NBORNPOP","A","2001",63.8,
"EST","NBORNEMP","MEN","PC_NBORNPOP","A","2002",65.4,
"EST","NBORNEMP","MEN","PC_NBORNPOP","A","2003",65.9,
"EST","NBORNEMP","MEN","PC_NBORNPOP","A","2004",65,
"EST","NBORNEMP","MEN","PC_NBORNPOP","A","2005",65.6,
"EST","NBORNEMP","MEN","PC_NBORNPOP","A","2006",70.1,
"EST","NBORNEMP","MEN","PC_NBORNPOP","A","2007",72.2,
"EST","NBORNEMP","MEN","PC_NBORNPOP","A","2008",72.3,
"EST","NBORNEMP","MEN","PC_NBORNPOP","A","2009",63.2,
"EST","NBORNEMP","MEN","PC_NBORNPOP","A","2010",61.4,
"EST","NBORNEMP","MEN","PC_NBORNPOP","A","2011",67.3,
"EST","NBORNEMP","MEN","PC_NBORNPOP","A","2012",69.5,
"EST","NBORNEMP","MEN","PC_NBORNPOP","A","2013",71.3,
"EST","NBORNEMP","MEN","PC_NBORNPOP","A","2014",72.8,
"EST","NBORNEMP","MEN","PC_NBORNPOP","A","2015",75.3,
"EST","NBORNEMP","MEN","PC_NBORNPOP","A","2016",75.5,
"EST","NBORNEMP","TOT","PC_NBORNPOP","A","2000",59.4,
"EST","NBORNEMP","TOT","PC_NBORNPOP","A","2001",60.2,
"EST","NBORNEMP","TOT","PC_NBORNPOP","A","2002",61.3,
"EST","NBORNEMP","TOT","PC_NBORNPOP","A","2003",61.9,
"EST","NBORNEMP","TOT","PC_NBORNPOP","A","2004",62,
"EST","NBORNEMP","TOT","PC_NBORNPOP","A","2005",63.4,
"EST","NBORNEMP","TOT","PC_NBORNPOP","A","2006",67.2,
"EST","NBORNEMP","TOT","PC_NBORNPOP","A","2007",68.4,
"EST","NBORNEMP","TOT","PC_NBORNPOP","A","2008",68.9,
"EST","NBORNEMP","TOT","PC_NBORNPOP","A","2009",62.8,
"EST","NBORNEMP","TOT","PC_NBORNPOP","A","2010",61.2,
"EST","NBORNEMP","TOT","PC_NBORNPOP","A","2011",65.3,
"EST","NBORNEMP","TOT","PC_NBORNPOP","A","2012",67.1,
"EST","NBORNEMP","TOT","PC_NBORNPOP","A","2013",68.5,
"EST","NBORNEMP","TOT","PC_NBORNPOP","A","2014",69.8,
"EST","NBORNEMP","TOT","PC_NBORNPOP","A","2015",72.1,
"EST","NBORNEMP","TOT","PC_NBORNPOP","A","2016",72.3,
"EST","NBORNEMP","WOMEN","PC_NBORNPOP","A","2000",56.9,
"EST","NBORNEMP","WOMEN","PC_NBORNPOP","A","2001",56.9,
"EST","NBORNEMP","WOMEN","PC_NBORNPOP","A","2002",57.4,
"EST","NBORNEMP","WOMEN","PC_NBORNPOP","A","2003",58.1,
"EST","NBORNEMP","WOMEN","PC_NBORNPOP","A","2004",59.1,
"EST","NBORNEMP","WOMEN","PC_NBORNPOP","A","2005",61.2,
"EST","NBORNEMP","WOMEN","PC_NBORNPOP","A","2006",64.4,
"EST","NBORNEMP","WOMEN","PC_NBORNPOP","A","2007",64.7,
"EST","NBORNEMP","WOMEN","PC_NBORNPOP","A","2008",65.7,
"EST","NBORNEMP","WOMEN","PC_NBORNPOP","A","2009",62.3,
"EST","NBORNEMP","WOMEN","PC_NBORNPOP","A","2010",60.9,
"EST","NBORNEMP","WOMEN","PC_NBORNPOP","A","2011",63.4,
"EST","NBORNEMP","WOMEN","PC_NBORNPOP","A","2012",64.8,
"EST","NBORNEMP","WOMEN","PC_NBORNPOP","A","2013",65.7,
"EST","NBORNEMP","WOMEN","PC_NBORNPOP","A","2014",66.8,
"EST","NBORNEMP","WOMEN","PC_NBORNPOP","A","2015",68.9,
"EST","NBORNEMP","WOMEN","PC_NBORNPOP","A","2016",69.1,
"ISR","NBORNEMP","MEN","PC_NBORNPOP","A","2012",68.8,
"ISR","NBORNEMP","MEN","PC_NBORNPOP","A","2013",69.4,
"ISR","NBORNEMP","MEN","PC_NBORNPOP","A","2014",69.6,
"ISR","NBORNEMP","MEN","PC_NBORNPOP","A","2015",70.4,
"ISR","NBORNEMP","MEN","PC_NBORNPOP","A","2016",70,
"ISR","NBORNEMP","TOT","PC_NBORNPOP","A","2012",64.1,
"ISR","NBORNEMP","TOT","PC_NBORNPOP","A","2013",64.7,
"ISR","NBORNEMP","TOT","PC_NBORNPOP","A","2014",65.3,
"ISR","NBORNEMP","TOT","PC_NBORNPOP","A","2015",65.9,
"ISR","NBORNEMP","TOT","PC_NBORNPOP","A","2016",65.9,
"ISR","NBORNEMP","WOMEN","PC_NBORNPOP","A","2012",59.2,
"ISR","NBORNEMP","WOMEN","PC_NBORNPOP","A","2013",59.8,
"ISR","NBORNEMP","WOMEN","PC_NBORNPOP","A","2014",60.9,
"ISR","NBORNEMP","WOMEN","PC_NBORNPOP","A","2015",61.2,
"ISR","NBORNEMP","WOMEN","PC_NBORNPOP","A","2016",61.7,
"SVN","NBORNEMP","MEN","PC_NBORNPOP","A","2000",66.7,
"SVN","NBORNEMP","MEN","PC_NBORNPOP","A","2001",68.1,
"SVN","NBORNEMP","MEN","PC_NBORNPOP","A","2002",68.6,
"SVN","NBORNEMP","MEN","PC_NBORNPOP","A","2003",67.2,
"SVN","NBORNEMP","MEN","PC_NBORNPOP","A","2004",70,
"SVN","NBORNEMP","MEN","PC_NBORNPOP","A","2005",70.2,
"SVN","NBORNEMP","MEN","PC_NBORNPOP","A","2006",71.1,
"SVN","NBORNEMP","MEN","PC_NBORNPOP","A","2007",72.6,
"SVN","NBORNEMP","MEN","PC_NBORNPOP","A","2008",72.6,
"SVN","NBORNEMP","MEN","PC_NBORNPOP","A","2009",71,
"SVN","NBORNEMP","MEN","PC_NBORNPOP","A","2010",69.6,
"SVN","NBORNEMP","MEN","PC_NBORNPOP","A","2011",67.6,
"SVN","NBORNEMP","MEN","PC_NBORNPOP","A","2012",67,
"SVN","NBORNEMP","MEN","PC_NBORNPOP","A","2013",66.6,
"SVN","NBORNEMP","MEN","PC_NBORNPOP","A","2014",67.6,
"SVN","NBORNEMP","MEN","PC_NBORNPOP","A","2015",69.2,
"SVN","NBORNEMP","MEN","PC_NBORNPOP","A","2016",68.8,
"SVN","NBORNEMP","TOT","PC_NBORNPOP","A","2000",62.5,
"SVN","NBORNEMP","TOT","PC_NBORNPOP","A","2001",63.2,
"SVN","NBORNEMP","TOT","PC_NBORNPOP","A","2002",64.1,
"SVN","NBORNEMP","TOT","PC_NBORNPOP","A","2003",62.4,
"SVN","NBORNEMP","TOT","PC_NBORNPOP","A","2004",65.7,
"SVN","NBORNEMP","TOT","PC_NBORNPOP","A","2005",65.9,
"SVN","NBORNEMP","TOT","PC_NBORNPOP","A","2006",66.6,
"SVN","NBORNEMP","TOT","PC_NBORNPOP","A","2007",67.8,
"SVN","NBORNEMP","TOT","PC_NBORNPOP","A","2008",68.6,
"SVN","NBORNEMP","TOT","PC_NBORNPOP","A","2009",67.7,
"SVN","NBORNEMP","TOT","PC_NBORNPOP","A","2010",66.3,
"SVN","NBORNEMP","TOT","PC_NBORNPOP","A","2011",64.7,
"SVN","NBORNEMP","TOT","PC_NBORNPOP","A","2012",64.1,
"SVN","NBORNEMP","TOT","PC_NBORNPOP","A","2013",63.5,
"SVN","NBORNEMP","TOT","PC_NBORNPOP","A","2014",64.5,
"SVN","NBORNEMP","TOT","PC_NBORNPOP","A","2015",65.7,
"SVN","NBORNEMP","TOT","PC_NBORNPOP","A","2016",66.2,
"SVN","NBORNEMP","WOMEN","PC_NBORNPOP","A","2000",58.2,
"SVN","NBORNEMP","WOMEN","PC_NBORNPOP","A","2001",58.3,
"SVN","NBORNEMP","WOMEN","PC_NBORNPOP","A","2002",59.5,
"SVN","NBORNEMP","WOMEN","PC_NBORNPOP","A","2003",57.4,
"SVN","NBORNEMP","WOMEN","PC_NBORNPOP","A","2004",61.3,
"SVN","NBORNEMP","WOMEN","PC_NBORNPOP","A","2005",61.3,
"SVN","NBORNEMP","WOMEN","PC_NBORNPOP","A","2006",61.8,
"SVN","NBORNEMP","WOMEN","PC_NBORNPOP","A","2007",62.7,
"SVN","NBORNEMP","WOMEN","PC_NBORNPOP","A","2008",64.4,
"SVN","NBORNEMP","WOMEN","PC_NBORNPOP","A","2009",64.1,
"SVN","NBORNEMP","WOMEN","PC_NBORNPOP","A","2010",62.8,
"SVN","NBORNEMP","WOMEN","PC_NBORNPOP","A","2011",61.6,
"SVN","NBORNEMP","WOMEN","PC_NBORNPOP","A","2012",61,
"SVN","NBORNEMP","WOMEN","PC_NBORNPOP","A","2013",60.3,
"SVN","NBORNEMP","WOMEN","PC_NBORNPOP","A","2014",61.2,
"SVN","NBORNEMP","WOMEN","PC_NBORNPOP","A","2015",61.9,
"SVN","NBORNEMP","WOMEN","PC_NBORNPOP","A","2016",63.5,
"EU27","NBORNEMP","MEN","PC_NBORNPOP","A","2007",72.2,
"EU27","NBORNEMP","MEN","PC_NBORNPOP","A","2008",72.5,
"EU27","NBORNEMP","MEN","PC_NBORNPOP","A","2009",70.6,
"EU27","NBORNEMP","MEN","PC_NBORNPOP","A","2010",69.9,
"EU27","NBORNEMP","MEN","PC_NBORNPOP","A","2011",69.8,
"EU27","NBORNEMP","MEN","PC_NBORNPOP","A","2012",69.7,
"EU27","NBORNEMP","TOT","PC_NBORNPOP","A","2007",65.4,
"EU27","NBORNEMP","TOT","PC_NBORNPOP","A","2008",65.9,
"EU27","NBORNEMP","TOT","PC_NBORNPOP","A","2009",64.7,
"EU27","NBORNEMP","TOT","PC_NBORNPOP","A","2010",64.3,
"EU27","NBORNEMP","TOT","PC_NBORNPOP","A","2011",64.4,
"EU27","NBORNEMP","TOT","PC_NBORNPOP","A","2012",64.5,
"EU27","NBORNEMP","WOMEN","PC_NBORNPOP","A","2007",58.6,
"EU27","NBORNEMP","WOMEN","PC_NBORNPOP","A","2008",59.3,
"EU27","NBORNEMP","WOMEN","PC_NBORNPOP","A","2009",58.8,
"EU27","NBORNEMP","WOMEN","PC_NBORNPOP","A","2010",58.7,
"EU27","NBORNEMP","WOMEN","PC_NBORNPOP","A","2011",59,
"EU27","NBORNEMP","WOMEN","PC_NBORNPOP","A","2012",59.2,
"OECD","NBORNEMP","MEN","PC_NBORNPOP","A","2001",73,
"OECD","NBORNEMP","MEN","PC_NBORNPOP","A","2002",73,
"OECD","NBORNEMP","MEN","PC_NBORNPOP","A","2003",72,
"OECD","NBORNEMP","MEN","PC_NBORNPOP","A","2004",72,
"OECD","NBORNEMP","MEN","PC_NBORNPOP","A","2005",73,
"OECD","NBORNEMP","MEN","PC_NBORNPOP","A","2006",73,
"OECD","NBORNEMP","MEN","PC_NBORNPOP","A","2007",74,
"OECD","NBORNEMP","MEN","PC_NBORNPOP","A","2008",74,
"OECD","NBORNEMP","MEN","PC_NBORNPOP","A","2009",72,
"OECD","NBORNEMP","MEN","PC_NBORNPOP","A","2010",72,
"OECD","NBORNEMP","MEN","PC_NBORNPOP","A","2011",68,
"OECD","NBORNEMP","MEN","PC_NBORNPOP","A","2012",72,
"OECD","NBORNEMP","MEN","PC_NBORNPOP","A","2013",72,
"OECD","NBORNEMP","TOT","PC_NBORNPOP","A","2001",66,
"OECD","NBORNEMP","TOT","PC_NBORNPOP","A","2002",66,
"OECD","NBORNEMP","TOT","PC_NBORNPOP","A","2003",66,
"OECD","NBORNEMP","TOT","PC_NBORNPOP","A","2004",66,
"OECD","NBORNEMP","TOT","PC_NBORNPOP","A","2005",67,
"OECD","NBORNEMP","TOT","PC_NBORNPOP","A","2006",67,
"OECD","NBORNEMP","TOT","PC_NBORNPOP","A","2007",68,
"OECD","NBORNEMP","TOT","PC_NBORNPOP","A","2008",68,
"OECD","NBORNEMP","TOT","PC_NBORNPOP","A","2009",66,
"OECD","NBORNEMP","TOT","PC_NBORNPOP","A","2010",66,
"OECD","NBORNEMP","TOT","PC_NBORNPOP","A","2011",66,
"OECD","NBORNEMP","TOT","PC_NBORNPOP","A","2012",67,
"OECD","NBORNEMP","TOT","PC_NBORNPOP","A","2013",66,
"OECD","NBORNEMP","WOMEN","PC_NBORNPOP","A","2001",59,
"OECD","NBORNEMP","WOMEN","PC_NBORNPOP","A","2002",59,
"OECD","NBORNEMP","WOMEN","PC_NBORNPOP","A","2003",59,
"OECD","NBORNEMP","WOMEN","PC_NBORNPOP","A","2004",60,
"OECD","NBORNEMP","WOMEN","PC_NBORNPOP","A","2005",60,
"OECD","NBORNEMP","WOMEN","PC_NBORNPOP","A","2006",61,
"OECD","NBORNEMP","WOMEN","PC_NBORNPOP","A","2007",62,
"OECD","NBORNEMP","WOMEN","PC_NBORNPOP","A","2008",62,
"OECD","NBORNEMP","WOMEN","PC_NBORNPOP","A","2009",60,
"OECD","NBORNEMP","WOMEN","PC_NBORNPOP","A","2010",61,
"OECD","NBORNEMP","WOMEN","PC_NBORNPOP","A","2011",64,
"OECD","NBORNEMP","WOMEN","PC_NBORNPOP","A","2012",61,
"OECD","NBORNEMP","WOMEN","PC_NBORNPOP","A","2013",61,
"EU28","NBORNEMP","MEN","PC_NBORNPOP","A","2003",73.4,
"EU28","NBORNEMP","MEN","PC_NBORNPOP","A","2004",70.5,
"EU28","NBORNEMP","MEN","PC_NBORNPOP","A","2005",71,
"EU28","NBORNEMP","MEN","PC_NBORNPOP","A","2006",71.5,
"EU28","NBORNEMP","MEN","PC_NBORNPOP","A","2007",72.3,
"EU28","NBORNEMP","MEN","PC_NBORNPOP","A","2008",72.5,
"EU28","NBORNEMP","MEN","PC_NBORNPOP","A","2009",70.7,
"EU28","NBORNEMP","MEN","PC_NBORNPOP","A","2010",70.1,
"EU28","NBORNEMP","MEN","PC_NBORNPOP","A","2011",69.9,
"EU28","NBORNEMP","MEN","PC_NBORNPOP","A","2012",69.6,
"EU28","NBORNEMP","MEN","PC_NBORNPOP","A","2013",69.4,
"EU28","NBORNEMP","MEN","PC_NBORNPOP","A","2014",70.1,
"EU28","NBORNEMP","TOT","PC_NBORNPOP","A","2003",66.1,
"EU28","NBORNEMP","TOT","PC_NBORNPOP","A","2004",63.8,
"EU28","NBORNEMP","TOT","PC_NBORNPOP","A","2005",63.9,
"EU28","NBORNEMP","TOT","PC_NBORNPOP","A","2006",64.6,
"EU28","NBORNEMP","TOT","PC_NBORNPOP","A","2007",65.4,
"EU28","NBORNEMP","TOT","PC_NBORNPOP","A","2008",65.9,
"EU28","NBORNEMP","TOT","PC_NBORNPOP","A","2009",64.8,
"EU28","NBORNEMP","TOT","PC_NBORNPOP","A","2010",64.4,
"EU28","NBORNEMP","TOT","PC_NBORNPOP","A","2011",64.4,
"EU28","NBORNEMP","TOT","PC_NBORNPOP","A","2012",64.4,
"EU28","NBORNEMP","TOT","PC_NBORNPOP","A","2013",64.4,
"EU28","NBORNEMP","TOT","PC_NBORNPOP","A","2014",65.2,
"EU28","NBORNEMP","WOMEN","PC_NBORNPOP","A","2003",58.8,
"EU28","NBORNEMP","WOMEN","PC_NBORNPOP","A","2004",57.2,
"EU28","NBORNEMP","WOMEN","PC_NBORNPOP","A","2005",56.7,
"EU28","NBORNEMP","WOMEN","PC_NBORNPOP","A","2006",57.7,
"EU28","NBORNEMP","WOMEN","PC_NBORNPOP","A","2007",58.6,
"EU28","NBORNEMP","WOMEN","PC_NBORNPOP","A","2008",59.3,
"EU28","NBORNEMP","WOMEN","PC_NBORNPOP","A","2009",58.9,
"EU28","NBORNEMP","WOMEN","PC_NBORNPOP","A","2010",58.7,
"EU28","NBORNEMP","WOMEN","PC_NBORNPOP","A","2011",58.9,
"EU28","NBORNEMP","WOMEN","PC_NBORNPOP","A","2012",59.2,
"EU28","NBORNEMP","WOMEN","PC_NBORNPOP","A","2013",59.4,
"EU28","NBORNEMP","WOMEN","PC_NBORNPOP","A","2014",60.2,
