﻿"LOCATION","INDICATOR","SUBJECT","MEASURE","FREQUENCY","TIME","Value","Flag Codes"
"AUS","NBORNPARTICIP","MEN","PC_NBORNLF","A","2000",84.1,
"AUS","NBORNPARTICIP","MEN","PC_NBORNLF","A","2001",83.7,
"AUS","NBORNPARTICIP","MEN","PC_NBORNLF","A","2002",83.6,
"AUS","NBORNPARTICIP","MEN","PC_NBORNLF","A","2003",83.6,
"AUS","NBORNPARTICIP","MEN","PC_NBORNLF","A","2004",83.8,
"AUS","NBORNPARTICIP","MEN","PC_NBORNLF","A","2005",84,
"AUS","NBORNPARTICIP","MEN","PC_NBORNLF","A","2006",84.2,
"AUS","NBORNPARTICIP","MEN","PC_NBORNLF","A","2007",84.2,
"AUS","NBORNPARTICIP","MEN","PC_NBORNLF","A","2008",84.1,
"AUS","NBORNPARTICIP","MEN","PC_NBORNLF","A","2009",83.5,
"AUS","NBORNPARTICIP","MEN","PC_NBORNLF","A","2010",83.6,
"AUS","NBORNPARTICIP","MEN","PC_NBORNLF","A","2011",83.2,
"AUS","NBORNPARTICIP","MEN","PC_NBORNLF","A","2012",82.8,
"AUS","NBORNPARTICIP","MEN","PC_NBORNLF","A","2013",82.9,
"AUS","NBORNPARTICIP","MEN","PC_NBORNLF","A","2014",82.3,
"AUS","NBORNPARTICIP","MEN","PC_NBORNLF","A","2015",82.9,
"AUS","NBORNPARTICIP","MEN","PC_NBORNLF","A","2016",82.5,
"AUS","NBORNPARTICIP","TOT","PC_NBORNLF","A","2000",76,
"AUS","NBORNPARTICIP","TOT","PC_NBORNLF","A","2001",76.2,
"AUS","NBORNPARTICIP","TOT","PC_NBORNLF","A","2002",76.3,
"AUS","NBORNPARTICIP","TOT","PC_NBORNLF","A","2003",76.8,
"AUS","NBORNPARTICIP","TOT","PC_NBORNLF","A","2004",76.6,
"AUS","NBORNPARTICIP","TOT","PC_NBORNLF","A","2005",77.4,
"AUS","NBORNPARTICIP","TOT","PC_NBORNLF","A","2006",77.9,
"AUS","NBORNPARTICIP","TOT","PC_NBORNLF","A","2007",78.2,
"AUS","NBORNPARTICIP","TOT","PC_NBORNLF","A","2008",78.3,
"AUS","NBORNPARTICIP","TOT","PC_NBORNLF","A","2009",78.1,
"AUS","NBORNPARTICIP","TOT","PC_NBORNLF","A","2010",78,
"AUS","NBORNPARTICIP","TOT","PC_NBORNLF","A","2011",77.9,
"AUS","NBORNPARTICIP","TOT","PC_NBORNLF","A","2012",77.8,
"AUS","NBORNPARTICIP","TOT","PC_NBORNLF","A","2013",77.7,
"AUS","NBORNPARTICIP","TOT","PC_NBORNLF","A","2014",77.6,
"AUS","NBORNPARTICIP","TOT","PC_NBORNLF","A","2015",78.3,
"AUS","NBORNPARTICIP","TOT","PC_NBORNLF","A","2016",78.3,
"AUS","NBORNPARTICIP","WOMEN","PC_NBORNLF","A","2000",67.9,
"AUS","NBORNPARTICIP","WOMEN","PC_NBORNLF","A","2001",68.9,
"AUS","NBORNPARTICIP","WOMEN","PC_NBORNLF","A","2002",68.9,
"AUS","NBORNPARTICIP","WOMEN","PC_NBORNLF","A","2003",70,
"AUS","NBORNPARTICIP","WOMEN","PC_NBORNLF","A","2004",69.4,
"AUS","NBORNPARTICIP","WOMEN","PC_NBORNLF","A","2005",70.7,
"AUS","NBORNPARTICIP","WOMEN","PC_NBORNLF","A","2006",71.6,
"AUS","NBORNPARTICIP","WOMEN","PC_NBORNLF","A","2007",72.1,
"AUS","NBORNPARTICIP","WOMEN","PC_NBORNLF","A","2008",72.4,
"AUS","NBORNPARTICIP","WOMEN","PC_NBORNLF","A","2009",72.6,
"AUS","NBORNPARTICIP","WOMEN","PC_NBORNLF","A","2010",72.3,
"AUS","NBORNPARTICIP","WOMEN","PC_NBORNLF","A","2011",72.5,
"AUS","NBORNPARTICIP","WOMEN","PC_NBORNLF","A","2012",72.7,
"AUS","NBORNPARTICIP","WOMEN","PC_NBORNLF","A","2013",72.6,
"AUS","NBORNPARTICIP","WOMEN","PC_NBORNLF","A","2014",72.7,
"AUS","NBORNPARTICIP","WOMEN","PC_NBORNLF","A","2015",73.7,
"AUS","NBORNPARTICIP","WOMEN","PC_NBORNLF","A","2016",74.1,
"AUT","NBORNPARTICIP","MEN","PC_NBORNLF","A","2000",79.6,
"AUT","NBORNPARTICIP","MEN","PC_NBORNLF","A","2001",78.5,
"AUT","NBORNPARTICIP","MEN","PC_NBORNLF","A","2002",79,
"AUT","NBORNPARTICIP","MEN","PC_NBORNLF","A","2003",78.9,
"AUT","NBORNPARTICIP","MEN","PC_NBORNLF","A","2004",76.7,
"AUT","NBORNPARTICIP","MEN","PC_NBORNLF","A","2005",79.2,
"AUT","NBORNPARTICIP","MEN","PC_NBORNLF","A","2006",80.5,
"AUT","NBORNPARTICIP","MEN","PC_NBORNLF","A","2007",81.6,
"AUT","NBORNPARTICIP","MEN","PC_NBORNLF","A","2008",81.5,
"AUT","NBORNPARTICIP","MEN","PC_NBORNLF","A","2009",80.9,
"AUT","NBORNPARTICIP","MEN","PC_NBORNLF","A","2010",80.9,
"AUT","NBORNPARTICIP","MEN","PC_NBORNLF","A","2011",81,
"AUT","NBORNPARTICIP","MEN","PC_NBORNLF","A","2012",80,
"AUT","NBORNPARTICIP","MEN","PC_NBORNLF","A","2013",80.3,
"AUT","NBORNPARTICIP","MEN","PC_NBORNLF","A","2014",80.1,
"AUT","NBORNPARTICIP","MEN","PC_NBORNLF","A","2015",80,
"AUT","NBORNPARTICIP","MEN","PC_NBORNLF","A","2016",80.7,
"AUT","NBORNPARTICIP","TOT","PC_NBORNLF","A","2000",71.1,
"AUT","NBORNPARTICIP","TOT","PC_NBORNLF","A","2001",70.5,
"AUT","NBORNPARTICIP","TOT","PC_NBORNLF","A","2002",71.5,
"AUT","NBORNPARTICIP","TOT","PC_NBORNLF","A","2003",71.3,
"AUT","NBORNPARTICIP","TOT","PC_NBORNLF","A","2004",70.4,
"AUT","NBORNPARTICIP","TOT","PC_NBORNLF","A","2005",72.9,
"AUT","NBORNPARTICIP","TOT","PC_NBORNLF","A","2006",74.4,
"AUT","NBORNPARTICIP","TOT","PC_NBORNLF","A","2007",75.4,
"AUT","NBORNPARTICIP","TOT","PC_NBORNLF","A","2008",76,
"AUT","NBORNPARTICIP","TOT","PC_NBORNLF","A","2009",76.1,
"AUT","NBORNPARTICIP","TOT","PC_NBORNLF","A","2010",75.7,
"AUT","NBORNPARTICIP","TOT","PC_NBORNLF","A","2011",75.9,
"AUT","NBORNPARTICIP","TOT","PC_NBORNLF","A","2012",75.8,
"AUT","NBORNPARTICIP","TOT","PC_NBORNLF","A","2013",76.2,
"AUT","NBORNPARTICIP","TOT","PC_NBORNLF","A","2014",76.1,
"AUT","NBORNPARTICIP","TOT","PC_NBORNLF","A","2015",76.3,
"AUT","NBORNPARTICIP","TOT","PC_NBORNLF","A","2016",77.1,
"AUT","NBORNPARTICIP","WOMEN","PC_NBORNLF","A","2000",62.5,
"AUT","NBORNPARTICIP","WOMEN","PC_NBORNLF","A","2001",62.5,
"AUT","NBORNPARTICIP","WOMEN","PC_NBORNLF","A","2002",64,
"AUT","NBORNPARTICIP","WOMEN","PC_NBORNLF","A","2003",63.8,
"AUT","NBORNPARTICIP","WOMEN","PC_NBORNLF","A","2004",64.1,
"AUT","NBORNPARTICIP","WOMEN","PC_NBORNLF","A","2005",66.6,
"AUT","NBORNPARTICIP","WOMEN","PC_NBORNLF","A","2006",68.3,
"AUT","NBORNPARTICIP","WOMEN","PC_NBORNLF","A","2007",69.1,
"AUT","NBORNPARTICIP","WOMEN","PC_NBORNLF","A","2008",70.3,
"AUT","NBORNPARTICIP","WOMEN","PC_NBORNLF","A","2009",71.1,
"AUT","NBORNPARTICIP","WOMEN","PC_NBORNLF","A","2010",70.4,
"AUT","NBORNPARTICIP","WOMEN","PC_NBORNLF","A","2011",70.7,
"AUT","NBORNPARTICIP","WOMEN","PC_NBORNLF","A","2012",71.5,
"AUT","NBORNPARTICIP","WOMEN","PC_NBORNLF","A","2013",72.2,
"AUT","NBORNPARTICIP","WOMEN","PC_NBORNLF","A","2014",72.2,
"AUT","NBORNPARTICIP","WOMEN","PC_NBORNLF","A","2015",72.6,
"AUT","NBORNPARTICIP","WOMEN","PC_NBORNLF","A","2016",73.4,
"BEL","NBORNPARTICIP","MEN","PC_NBORNLF","A","2000",73.9,
"BEL","NBORNPARTICIP","MEN","PC_NBORNLF","A","2001",72.9,
"BEL","NBORNPARTICIP","MEN","PC_NBORNLF","A","2002",72.8,
"BEL","NBORNPARTICIP","MEN","PC_NBORNLF","A","2003",72.9,
"BEL","NBORNPARTICIP","MEN","PC_NBORNLF","A","2004",73,
"BEL","NBORNPARTICIP","MEN","PC_NBORNLF","A","2005",74.1,
"BEL","NBORNPARTICIP","MEN","PC_NBORNLF","A","2006",73.6,
"BEL","NBORNPARTICIP","MEN","PC_NBORNLF","A","2007",73.8,
"BEL","NBORNPARTICIP","MEN","PC_NBORNLF","A","2008",73.1,
"BEL","NBORNPARTICIP","MEN","PC_NBORNLF","A","2009",72.8,
"BEL","NBORNPARTICIP","MEN","PC_NBORNLF","A","2010",73.4,
"BEL","NBORNPARTICIP","MEN","PC_NBORNLF","A","2011",72.3,
"BEL","NBORNPARTICIP","MEN","PC_NBORNLF","A","2012",72.4,
"BEL","NBORNPARTICIP","MEN","PC_NBORNLF","A","2013",72.5,
"BEL","NBORNPARTICIP","MEN","PC_NBORNLF","A","2014",72.1,
"BEL","NBORNPARTICIP","MEN","PC_NBORNLF","A","2015",71.8,
"BEL","NBORNPARTICIP","MEN","PC_NBORNLF","A","2016",72,
"BEL","NBORNPARTICIP","TOT","PC_NBORNLF","A","2000",66,
"BEL","NBORNPARTICIP","TOT","PC_NBORNLF","A","2001",64.7,
"BEL","NBORNPARTICIP","TOT","PC_NBORNLF","A","2002",64.9,
"BEL","NBORNPARTICIP","TOT","PC_NBORNLF","A","2003",65.3,
"BEL","NBORNPARTICIP","TOT","PC_NBORNLF","A","2004",66.2,
"BEL","NBORNPARTICIP","TOT","PC_NBORNLF","A","2005",67.7,
"BEL","NBORNPARTICIP","TOT","PC_NBORNLF","A","2006",67.4,
"BEL","NBORNPARTICIP","TOT","PC_NBORNLF","A","2007",67.9,
"BEL","NBORNPARTICIP","TOT","PC_NBORNLF","A","2008",67.7,
"BEL","NBORNPARTICIP","TOT","PC_NBORNLF","A","2009",67.7,
"BEL","NBORNPARTICIP","TOT","PC_NBORNLF","A","2010",68.3,
"BEL","NBORNPARTICIP","TOT","PC_NBORNLF","A","2011",67.6,
"BEL","NBORNPARTICIP","TOT","PC_NBORNLF","A","2012",67.8,
"BEL","NBORNPARTICIP","TOT","PC_NBORNLF","A","2013",68.3,
"BEL","NBORNPARTICIP","TOT","PC_NBORNLF","A","2014",68.5,
"BEL","NBORNPARTICIP","TOT","PC_NBORNLF","A","2015",68.3,
"BEL","NBORNPARTICIP","TOT","PC_NBORNLF","A","2016",68.4,
"BEL","NBORNPARTICIP","WOMEN","PC_NBORNLF","A","2000",58.1,
"BEL","NBORNPARTICIP","WOMEN","PC_NBORNLF","A","2001",56.4,
"BEL","NBORNPARTICIP","WOMEN","PC_NBORNLF","A","2002",56.9,
"BEL","NBORNPARTICIP","WOMEN","PC_NBORNLF","A","2003",57.4,
"BEL","NBORNPARTICIP","WOMEN","PC_NBORNLF","A","2004",59.3,
"BEL","NBORNPARTICIP","WOMEN","PC_NBORNLF","A","2005",61.1,
"BEL","NBORNPARTICIP","WOMEN","PC_NBORNLF","A","2006",61.1,
"BEL","NBORNPARTICIP","WOMEN","PC_NBORNLF","A","2007",61.9,
"BEL","NBORNPARTICIP","WOMEN","PC_NBORNLF","A","2008",62.3,
"BEL","NBORNPARTICIP","WOMEN","PC_NBORNLF","A","2009",62.6,
"BEL","NBORNPARTICIP","WOMEN","PC_NBORNLF","A","2010",63.2,
"BEL","NBORNPARTICIP","WOMEN","PC_NBORNLF","A","2011",62.9,
"BEL","NBORNPARTICIP","WOMEN","PC_NBORNLF","A","2012",63.1,
"BEL","NBORNPARTICIP","WOMEN","PC_NBORNLF","A","2013",64.1,
"BEL","NBORNPARTICIP","WOMEN","PC_NBORNLF","A","2014",64.8,
"BEL","NBORNPARTICIP","WOMEN","PC_NBORNLF","A","2015",64.7,
"BEL","NBORNPARTICIP","WOMEN","PC_NBORNLF","A","2016",64.6,
"CAN","NBORNPARTICIP","MEN","PC_NBORNLF","A","2008",82.4,
"CAN","NBORNPARTICIP","MEN","PC_NBORNLF","A","2009",81.4,
"CAN","NBORNPARTICIP","MEN","PC_NBORNLF","A","2010",81.1,
"CAN","NBORNPARTICIP","MEN","PC_NBORNLF","A","2011",81.2,
"CAN","NBORNPARTICIP","MEN","PC_NBORNLF","A","2012",80.9,
"CAN","NBORNPARTICIP","MEN","PC_NBORNLF","A","2013",80.9,
"CAN","NBORNPARTICIP","MEN","PC_NBORNLF","A","2014",81,
"CAN","NBORNPARTICIP","MEN","PC_NBORNLF","A","2015",81.1,
"CAN","NBORNPARTICIP","MEN","PC_NBORNLF","A","2016",80.9,
"CAN","NBORNPARTICIP","TOT","PC_NBORNLF","A","2008",79,
"CAN","NBORNPARTICIP","TOT","PC_NBORNLF","A","2009",78.4,
"CAN","NBORNPARTICIP","TOT","PC_NBORNLF","A","2010",78.2,
"CAN","NBORNPARTICIP","TOT","PC_NBORNLF","A","2011",78.3,
"CAN","NBORNPARTICIP","TOT","PC_NBORNLF","A","2012",78.1,
"CAN","NBORNPARTICIP","TOT","PC_NBORNLF","A","2013",78.4,
"CAN","NBORNPARTICIP","TOT","PC_NBORNLF","A","2014",78.2,
"CAN","NBORNPARTICIP","TOT","PC_NBORNLF","A","2015",78.4,
"CAN","NBORNPARTICIP","TOT","PC_NBORNLF","A","2016",78.3,
"CAN","NBORNPARTICIP","WOMEN","PC_NBORNLF","A","2008",75.5,
"CAN","NBORNPARTICIP","WOMEN","PC_NBORNLF","A","2009",75.3,
"CAN","NBORNPARTICIP","WOMEN","PC_NBORNLF","A","2010",75.4,
"CAN","NBORNPARTICIP","WOMEN","PC_NBORNLF","A","2011",75.4,
"CAN","NBORNPARTICIP","WOMEN","PC_NBORNLF","A","2012",75.4,
"CAN","NBORNPARTICIP","WOMEN","PC_NBORNLF","A","2013",75.7,
"CAN","NBORNPARTICIP","WOMEN","PC_NBORNLF","A","2014",75.4,
"CAN","NBORNPARTICIP","WOMEN","PC_NBORNLF","A","2015",75.5,
"CAN","NBORNPARTICIP","WOMEN","PC_NBORNLF","A","2016",75.6,
"CZE","NBORNPARTICIP","MEN","PC_NBORNLF","A","2001",77,
"CZE","NBORNPARTICIP","MEN","PC_NBORNLF","A","2002",78.5,
"CZE","NBORNPARTICIP","MEN","PC_NBORNLF","A","2003",77.9,
"CZE","NBORNPARTICIP","MEN","PC_NBORNLF","A","2004",77.7,
"CZE","NBORNPARTICIP","MEN","PC_NBORNLF","A","2005",78.4,
"CZE","NBORNPARTICIP","MEN","PC_NBORNLF","A","2006",78.3,
"CZE","NBORNPARTICIP","MEN","PC_NBORNLF","A","2007",78,
"CZE","NBORNPARTICIP","MEN","PC_NBORNLF","A","2008",78.1,
"CZE","NBORNPARTICIP","MEN","PC_NBORNLF","A","2009",78.4,
"CZE","NBORNPARTICIP","MEN","PC_NBORNLF","A","2010",78.5,
"CZE","NBORNPARTICIP","MEN","PC_NBORNLF","A","2011",78.7,
"CZE","NBORNPARTICIP","MEN","PC_NBORNLF","A","2012",79.3,
"CZE","NBORNPARTICIP","MEN","PC_NBORNLF","A","2013",80.3,
"CZE","NBORNPARTICIP","MEN","PC_NBORNLF","A","2014",81,
"CZE","NBORNPARTICIP","MEN","PC_NBORNLF","A","2015",81.1,
"CZE","NBORNPARTICIP","MEN","PC_NBORNLF","A","2016",81.9,
"CZE","NBORNPARTICIP","TOT","PC_NBORNLF","A","2001",70,
"CZE","NBORNPARTICIP","TOT","PC_NBORNLF","A","2002",70.5,
"CZE","NBORNPARTICIP","TOT","PC_NBORNLF","A","2003",70.3,
"CZE","NBORNPARTICIP","TOT","PC_NBORNLF","A","2004",70,
"CZE","NBORNPARTICIP","TOT","PC_NBORNLF","A","2005",70.4,
"CZE","NBORNPARTICIP","TOT","PC_NBORNLF","A","2006",70.4,
"CZE","NBORNPARTICIP","TOT","PC_NBORNLF","A","2007",69.8,
"CZE","NBORNPARTICIP","TOT","PC_NBORNLF","A","2008",69.6,
"CZE","NBORNPARTICIP","TOT","PC_NBORNLF","A","2009",70,
"CZE","NBORNPARTICIP","TOT","PC_NBORNLF","A","2010",70.1,
"CZE","NBORNPARTICIP","TOT","PC_NBORNLF","A","2011",70.6,
"CZE","NBORNPARTICIP","TOT","PC_NBORNLF","A","2012",71.5,
"CZE","NBORNPARTICIP","TOT","PC_NBORNLF","A","2013",72.8,
"CZE","NBORNPARTICIP","TOT","PC_NBORNLF","A","2014",73.4,
"CZE","NBORNPARTICIP","TOT","PC_NBORNLF","A","2015",73.9,
"CZE","NBORNPARTICIP","TOT","PC_NBORNLF","A","2016",74.7,
"CZE","NBORNPARTICIP","WOMEN","PC_NBORNLF","A","2002",62.6,
"CZE","NBORNPARTICIP","WOMEN","PC_NBORNLF","A","2003",62.7,
"CZE","NBORNPARTICIP","WOMEN","PC_NBORNLF","A","2004",62.2,
"CZE","NBORNPARTICIP","WOMEN","PC_NBORNLF","A","2005",62.4,
"CZE","NBORNPARTICIP","WOMEN","PC_NBORNLF","A","2006",62.4,
"CZE","NBORNPARTICIP","WOMEN","PC_NBORNLF","A","2007",61.4,
"CZE","NBORNPARTICIP","WOMEN","PC_NBORNLF","A","2008",61,
"CZE","NBORNPARTICIP","WOMEN","PC_NBORNLF","A","2009",61.4,
"CZE","NBORNPARTICIP","WOMEN","PC_NBORNLF","A","2010",61.5,
"CZE","NBORNPARTICIP","WOMEN","PC_NBORNLF","A","2011",62.4,
"CZE","NBORNPARTICIP","WOMEN","PC_NBORNLF","A","2012",63.6,
"CZE","NBORNPARTICIP","WOMEN","PC_NBORNLF","A","2013",65.1,
"CZE","NBORNPARTICIP","WOMEN","PC_NBORNLF","A","2014",65.6,
"CZE","NBORNPARTICIP","WOMEN","PC_NBORNLF","A","2015",66.5,
"CZE","NBORNPARTICIP","WOMEN","PC_NBORNLF","A","2016",67.6,
"DNK","NBORNPARTICIP","MEN","PC_NBORNLF","A","2000",84.7,
"DNK","NBORNPARTICIP","MEN","PC_NBORNLF","A","2001",83.8,
"DNK","NBORNPARTICIP","MEN","PC_NBORNLF","A","2002",84.3,
"DNK","NBORNPARTICIP","MEN","PC_NBORNLF","A","2003",84.4,
"DNK","NBORNPARTICIP","MEN","PC_NBORNLF","A","2004",85.1,
"DNK","NBORNPARTICIP","MEN","PC_NBORNLF","A","2005",84,
"DNK","NBORNPARTICIP","MEN","PC_NBORNLF","A","2006",84.6,
"DNK","NBORNPARTICIP","MEN","PC_NBORNLF","A","2007",84.8,
"DNK","NBORNPARTICIP","MEN","PC_NBORNLF","A","2008",84.9,
"DNK","NBORNPARTICIP","MEN","PC_NBORNLF","A","2009",83.9,
"DNK","NBORNPARTICIP","MEN","PC_NBORNLF","A","2010",83,
"DNK","NBORNPARTICIP","MEN","PC_NBORNLF","A","2011",83,
"DNK","NBORNPARTICIP","MEN","PC_NBORNLF","A","2012",82.1,
"DNK","NBORNPARTICIP","MEN","PC_NBORNLF","A","2013",81.2,
"DNK","NBORNPARTICIP","MEN","PC_NBORNLF","A","2014",81.3,
"DNK","NBORNPARTICIP","MEN","PC_NBORNLF","A","2015",81.9,
"DNK","NBORNPARTICIP","MEN","PC_NBORNLF","A","2016",83,
"DNK","NBORNPARTICIP","TOT","PC_NBORNLF","A","2000",80.9,
"DNK","NBORNPARTICIP","TOT","PC_NBORNLF","A","2001",79.9,
"DNK","NBORNPARTICIP","TOT","PC_NBORNLF","A","2002",80.7,
"DNK","NBORNPARTICIP","TOT","PC_NBORNLF","A","2003",80.4,
"DNK","NBORNPARTICIP","TOT","PC_NBORNLF","A","2004",81.3,
"DNK","NBORNPARTICIP","TOT","PC_NBORNLF","A","2005",80.6,
"DNK","NBORNPARTICIP","TOT","PC_NBORNLF","A","2006",81.4,
"DNK","NBORNPARTICIP","TOT","PC_NBORNLF","A","2007",81.6,
"DNK","NBORNPARTICIP","TOT","PC_NBORNLF","A","2008",81.7,
"DNK","NBORNPARTICIP","TOT","PC_NBORNLF","A","2009",80.8,
"DNK","NBORNPARTICIP","TOT","PC_NBORNLF","A","2010",80.1,
"DNK","NBORNPARTICIP","TOT","PC_NBORNLF","A","2011",80.2,
"DNK","NBORNPARTICIP","TOT","PC_NBORNLF","A","2012",79.6,
"DNK","NBORNPARTICIP","TOT","PC_NBORNLF","A","2013",79,
"DNK","NBORNPARTICIP","TOT","PC_NBORNLF","A","2014",78.9,
"DNK","NBORNPARTICIP","TOT","PC_NBORNLF","A","2015",79.4,
"DNK","NBORNPARTICIP","TOT","PC_NBORNLF","A","2016",80.7,
"DNK","NBORNPARTICIP","WOMEN","PC_NBORNLF","A","2000",77.1,
"DNK","NBORNPARTICIP","WOMEN","PC_NBORNLF","A","2001",75.8,
"DNK","NBORNPARTICIP","WOMEN","PC_NBORNLF","A","2002",77.1,
"DNK","NBORNPARTICIP","WOMEN","PC_NBORNLF","A","2003",76.4,
"DNK","NBORNPARTICIP","WOMEN","PC_NBORNLF","A","2004",77.4,
"DNK","NBORNPARTICIP","WOMEN","PC_NBORNLF","A","2005",77,
"DNK","NBORNPARTICIP","WOMEN","PC_NBORNLF","A","2006",78.1,
"DNK","NBORNPARTICIP","WOMEN","PC_NBORNLF","A","2007",78.2,
"DNK","NBORNPARTICIP","WOMEN","PC_NBORNLF","A","2008",78.3,
"DNK","NBORNPARTICIP","WOMEN","PC_NBORNLF","A","2009",77.7,
"DNK","NBORNPARTICIP","WOMEN","PC_NBORNLF","A","2010",77,
"DNK","NBORNPARTICIP","WOMEN","PC_NBORNLF","A","2011",77.3,
"DNK","NBORNPARTICIP","WOMEN","PC_NBORNLF","A","2012",77,
"DNK","NBORNPARTICIP","WOMEN","PC_NBORNLF","A","2013",76.8,
"DNK","NBORNPARTICIP","WOMEN","PC_NBORNLF","A","2014",76.3,
"DNK","NBORNPARTICIP","WOMEN","PC_NBORNLF","A","2015",76.8,
"DNK","NBORNPARTICIP","WOMEN","PC_NBORNLF","A","2016",78.4,
"FIN","NBORNPARTICIP","MEN","PC_NBORNLF","A","2000",79.4,
"FIN","NBORNPARTICIP","MEN","PC_NBORNLF","A","2001",79.4,
"FIN","NBORNPARTICIP","MEN","PC_NBORNLF","A","2002",79.3,
"FIN","NBORNPARTICIP","MEN","PC_NBORNLF","A","2003",79,
"FIN","NBORNPARTICIP","MEN","PC_NBORNLF","A","2004",78.2,
"FIN","NBORNPARTICIP","MEN","PC_NBORNLF","A","2005",78.5,
"FIN","NBORNPARTICIP","MEN","PC_NBORNLF","A","2006",78.7,
"FIN","NBORNPARTICIP","MEN","PC_NBORNLF","A","2007",77.1,
"FIN","NBORNPARTICIP","MEN","PC_NBORNLF","A","2008",77.7,
"FIN","NBORNPARTICIP","MEN","PC_NBORNLF","A","2009",76.1,
"FIN","NBORNPARTICIP","MEN","PC_NBORNLF","A","2010",75.7,
"FIN","NBORNPARTICIP","MEN","PC_NBORNLF","A","2011",77.3,
"FIN","NBORNPARTICIP","MEN","PC_NBORNLF","A","2012",76.9,
"FIN","NBORNPARTICIP","MEN","PC_NBORNLF","A","2013",76.6,
"FIN","NBORNPARTICIP","MEN","PC_NBORNLF","A","2014",76.7,
"FIN","NBORNPARTICIP","MEN","PC_NBORNLF","A","2015",77.1,
"FIN","NBORNPARTICIP","MEN","PC_NBORNLF","A","2016",77.7,
"FIN","NBORNPARTICIP","TOT","PC_NBORNLF","A","2000",76.8,
"FIN","NBORNPARTICIP","TOT","PC_NBORNLF","A","2001",77.2,
"FIN","NBORNPARTICIP","TOT","PC_NBORNLF","A","2002",77.2,
"FIN","NBORNPARTICIP","TOT","PC_NBORNLF","A","2003",76.9,
"FIN","NBORNPARTICIP","TOT","PC_NBORNLF","A","2004",76.4,
"FIN","NBORNPARTICIP","TOT","PC_NBORNLF","A","2005",76.8,
"FIN","NBORNPARTICIP","TOT","PC_NBORNLF","A","2006",77,
"FIN","NBORNPARTICIP","TOT","PC_NBORNLF","A","2007",75.5,
"FIN","NBORNPARTICIP","TOT","PC_NBORNLF","A","2008",75.8,
"FIN","NBORNPARTICIP","TOT","PC_NBORNLF","A","2009",74.7,
"FIN","NBORNPARTICIP","TOT","PC_NBORNLF","A","2010",74.2,
"FIN","NBORNPARTICIP","TOT","PC_NBORNLF","A","2011",75.1,
"FIN","NBORNPARTICIP","TOT","PC_NBORNLF","A","2012",75.3,
"FIN","NBORNPARTICIP","TOT","PC_NBORNLF","A","2013",75.2,
"FIN","NBORNPARTICIP","TOT","PC_NBORNLF","A","2014",75.5,
"FIN","NBORNPARTICIP","TOT","PC_NBORNLF","A","2015",76.1,
"FIN","NBORNPARTICIP","TOT","PC_NBORNLF","A","2016",76.7,
"FIN","NBORNPARTICIP","WOMEN","PC_NBORNLF","A","2000",74.2,
"FIN","NBORNPARTICIP","WOMEN","PC_NBORNLF","A","2001",74.9,
"FIN","NBORNPARTICIP","WOMEN","PC_NBORNLF","A","2002",75.1,
"FIN","NBORNPARTICIP","WOMEN","PC_NBORNLF","A","2003",74.8,
"FIN","NBORNPARTICIP","WOMEN","PC_NBORNLF","A","2004",74.5,
"FIN","NBORNPARTICIP","WOMEN","PC_NBORNLF","A","2005",75,
"FIN","NBORNPARTICIP","WOMEN","PC_NBORNLF","A","2006",75.2,
"FIN","NBORNPARTICIP","WOMEN","PC_NBORNLF","A","2007",73.9,
"FIN","NBORNPARTICIP","WOMEN","PC_NBORNLF","A","2008",74,
"FIN","NBORNPARTICIP","WOMEN","PC_NBORNLF","A","2009",73.3,
"FIN","NBORNPARTICIP","WOMEN","PC_NBORNLF","A","2010",72.7,
"FIN","NBORNPARTICIP","WOMEN","PC_NBORNLF","A","2011",72.9,
"FIN","NBORNPARTICIP","WOMEN","PC_NBORNLF","A","2012",73.7,
"FIN","NBORNPARTICIP","WOMEN","PC_NBORNLF","A","2013",73.7,
"FIN","NBORNPARTICIP","WOMEN","PC_NBORNLF","A","2014",74.4,
"FIN","NBORNPARTICIP","WOMEN","PC_NBORNLF","A","2015",75.1,
"FIN","NBORNPARTICIP","WOMEN","PC_NBORNLF","A","2016",74.8,
"FRA","NBORNPARTICIP","MEN","PC_NBORNLF","A","2000",75.1,
"FRA","NBORNPARTICIP","MEN","PC_NBORNLF","A","2001",75,
"FRA","NBORNPARTICIP","MEN","PC_NBORNLF","A","2002",75.4,
"FRA","NBORNPARTICIP","MEN","PC_NBORNLF","A","2003",75.4,
"FRA","NBORNPARTICIP","MEN","PC_NBORNLF","A","2004",75.2,
"FRA","NBORNPARTICIP","MEN","PC_NBORNLF","A","2005",75,
"FRA","NBORNPARTICIP","MEN","PC_NBORNLF","A","2006",74.7,
"FRA","NBORNPARTICIP","MEN","PC_NBORNLF","A","2007",74.6,
"FRA","NBORNPARTICIP","MEN","PC_NBORNLF","A","2008",74.4,
"FRA","NBORNPARTICIP","MEN","PC_NBORNLF","A","2009",74.8,
"FRA","NBORNPARTICIP","MEN","PC_NBORNLF","A","2010",74.8,
"FRA","NBORNPARTICIP","MEN","PC_NBORNLF","A","2011",74.5,
"FRA","NBORNPARTICIP","MEN","PC_NBORNLF","A","2012",74.9,
"FRA","NBORNPARTICIP","MEN","PC_NBORNLF","A","2013",75,
"FRA","NBORNPARTICIP","MEN","PC_NBORNLF","A","2014",75.1,
"FRA","NBORNPARTICIP","MEN","PC_NBORNLF","A","2015",75.2,
"FRA","NBORNPARTICIP","MEN","PC_NBORNLF","A","2016",75.3,
"FRA","NBORNPARTICIP","TOT","PC_NBORNLF","A","2000",69.2,
"FRA","NBORNPARTICIP","TOT","PC_NBORNLF","A","2001",69.2,
"FRA","NBORNPARTICIP","TOT","PC_NBORNLF","A","2002",69.6,
"FRA","NBORNPARTICIP","TOT","PC_NBORNLF","A","2003",70.2,
"FRA","NBORNPARTICIP","TOT","PC_NBORNLF","A","2004",70,
"FRA","NBORNPARTICIP","TOT","PC_NBORNLF","A","2005",70.3,
"FRA","NBORNPARTICIP","TOT","PC_NBORNLF","A","2006",70.3,
"FRA","NBORNPARTICIP","TOT","PC_NBORNLF","A","2007",70.4,
"FRA","NBORNPARTICIP","TOT","PC_NBORNLF","A","2008",70.5,
"FRA","NBORNPARTICIP","TOT","PC_NBORNLF","A","2009",70.9,
"FRA","NBORNPARTICIP","TOT","PC_NBORNLF","A","2010",70.9,
"FRA","NBORNPARTICIP","TOT","PC_NBORNLF","A","2011",70.8,
"FRA","NBORNPARTICIP","TOT","PC_NBORNLF","A","2012",71.2,
"FRA","NBORNPARTICIP","TOT","PC_NBORNLF","A","2013",71.6,
"FRA","NBORNPARTICIP","TOT","PC_NBORNLF","A","2014",71.7,
"FRA","NBORNPARTICIP","TOT","PC_NBORNLF","A","2015",71.9,
"FRA","NBORNPARTICIP","TOT","PC_NBORNLF","A","2016",72.2,
"FRA","NBORNPARTICIP","WOMEN","PC_NBORNLF","A","2000",63.5,
"FRA","NBORNPARTICIP","WOMEN","PC_NBORNLF","A","2001",63.5,
"FRA","NBORNPARTICIP","WOMEN","PC_NBORNLF","A","2002",63.8,
"FRA","NBORNPARTICIP","WOMEN","PC_NBORNLF","A","2003",65.2,
"FRA","NBORNPARTICIP","WOMEN","PC_NBORNLF","A","2004",65,
"FRA","NBORNPARTICIP","WOMEN","PC_NBORNLF","A","2005",65.7,
"FRA","NBORNPARTICIP","WOMEN","PC_NBORNLF","A","2006",65.9,
"FRA","NBORNPARTICIP","WOMEN","PC_NBORNLF","A","2007",66.3,
"FRA","NBORNPARTICIP","WOMEN","PC_NBORNLF","A","2008",66.7,
"FRA","NBORNPARTICIP","WOMEN","PC_NBORNLF","A","2009",67.1,
"FRA","NBORNPARTICIP","WOMEN","PC_NBORNLF","A","2010",67.2,
"FRA","NBORNPARTICIP","WOMEN","PC_NBORNLF","A","2011",67.2,
"FRA","NBORNPARTICIP","WOMEN","PC_NBORNLF","A","2012",67.5,
"FRA","NBORNPARTICIP","WOMEN","PC_NBORNLF","A","2013",68.3,
"FRA","NBORNPARTICIP","WOMEN","PC_NBORNLF","A","2014",68.4,
"FRA","NBORNPARTICIP","WOMEN","PC_NBORNLF","A","2015",68.7,
"FRA","NBORNPARTICIP","WOMEN","PC_NBORNLF","A","2016",69.2,
"DEU","NBORNPARTICIP","MEN","PC_NBORNLF","A","2000",79.3,
"DEU","NBORNPARTICIP","MEN","PC_NBORNLF","A","2001",79.1,
"DEU","NBORNPARTICIP","MEN","PC_NBORNLF","A","2002",78.9,
"DEU","NBORNPARTICIP","MEN","PC_NBORNLF","A","2003",79,
"DEU","NBORNPARTICIP","MEN","PC_NBORNLF","A","2004",78.8,
"DEU","NBORNPARTICIP","MEN","PC_NBORNLF","A","2005",80.5,
"DEU","NBORNPARTICIP","MEN","PC_NBORNLF","A","2006",81.4,
"DEU","NBORNPARTICIP","MEN","PC_NBORNLF","A","2007",81.3,
"DEU","NBORNPARTICIP","MEN","PC_NBORNLF","A","2008",81.9,
"DEU","NBORNPARTICIP","MEN","PC_NBORNLF","A","2009",81.9,
"DEU","NBORNPARTICIP","MEN","PC_NBORNLF","A","2010",81.6,
"DEU","NBORNPARTICIP","MEN","PC_NBORNLF","A","2011",81.4,
"DEU","NBORNPARTICIP","MEN","PC_NBORNLF","A","2012",82.3,
"DEU","NBORNPARTICIP","MEN","PC_NBORNLF","A","2013",82.3,
"DEU","NBORNPARTICIP","MEN","PC_NBORNLF","A","2014",82.3,
"DEU","NBORNPARTICIP","MEN","PC_NBORNLF","A","2015",81.9,
"DEU","NBORNPARTICIP","MEN","PC_NBORNLF","A","2016",82.4,
"DEU","NBORNPARTICIP","TOT","PC_NBORNLF","A","2000",72.1,
"DEU","NBORNPARTICIP","TOT","PC_NBORNLF","A","2001",72.3,
"DEU","NBORNPARTICIP","TOT","PC_NBORNLF","A","2002",72.4,
"DEU","NBORNPARTICIP","TOT","PC_NBORNLF","A","2003",72.8,
"DEU","NBORNPARTICIP","TOT","PC_NBORNLF","A","2004",72.8,
"DEU","NBORNPARTICIP","TOT","PC_NBORNLF","A","2005",74.6,
"DEU","NBORNPARTICIP","TOT","PC_NBORNLF","A","2006",75.8,
"DEU","NBORNPARTICIP","TOT","PC_NBORNLF","A","2007",76.4,
"DEU","NBORNPARTICIP","TOT","PC_NBORNLF","A","2008",76.6,
"DEU","NBORNPARTICIP","TOT","PC_NBORNLF","A","2009",77.1,
"DEU","NBORNPARTICIP","TOT","PC_NBORNLF","A","2010",77,
"DEU","NBORNPARTICIP","TOT","PC_NBORNLF","A","2011",77.3,
"DEU","NBORNPARTICIP","TOT","PC_NBORNLF","A","2012",77.8,
"DEU","NBORNPARTICIP","TOT","PC_NBORNLF","A","2013",78.3,
"DEU","NBORNPARTICIP","TOT","PC_NBORNLF","A","2014",78.5,
"DEU","NBORNPARTICIP","TOT","PC_NBORNLF","A","2015",78.4,
"DEU","NBORNPARTICIP","TOT","PC_NBORNLF","A","2016",79.1,
"DEU","NBORNPARTICIP","WOMEN","PC_NBORNLF","A","2000",64.8,
"DEU","NBORNPARTICIP","WOMEN","PC_NBORNLF","A","2001",65.4,
"DEU","NBORNPARTICIP","WOMEN","PC_NBORNLF","A","2002",65.8,
"DEU","NBORNPARTICIP","WOMEN","PC_NBORNLF","A","2003",66.5,
"DEU","NBORNPARTICIP","WOMEN","PC_NBORNLF","A","2004",66.6,
"DEU","NBORNPARTICIP","WOMEN","PC_NBORNLF","A","2005",68.6,
"DEU","NBORNPARTICIP","WOMEN","PC_NBORNLF","A","2006",70.1,
"DEU","NBORNPARTICIP","WOMEN","PC_NBORNLF","A","2007",71.4,
"DEU","NBORNPARTICIP","WOMEN","PC_NBORNLF","A","2008",71.3,
"DEU","NBORNPARTICIP","WOMEN","PC_NBORNLF","A","2009",72.3,
"DEU","NBORNPARTICIP","WOMEN","PC_NBORNLF","A","2010",72.3,
"DEU","NBORNPARTICIP","WOMEN","PC_NBORNLF","A","2011",73.1,
"DEU","NBORNPARTICIP","WOMEN","PC_NBORNLF","A","2012",73.3,
"DEU","NBORNPARTICIP","WOMEN","PC_NBORNLF","A","2013",74.2,
"DEU","NBORNPARTICIP","WOMEN","PC_NBORNLF","A","2014",74.6,
"DEU","NBORNPARTICIP","WOMEN","PC_NBORNLF","A","2015",74.9,
"DEU","NBORNPARTICIP","WOMEN","PC_NBORNLF","A","2016",75.7,
"GRC","NBORNPARTICIP","MEN","PC_NBORNLF","A","2000",77.1,
"GRC","NBORNPARTICIP","MEN","PC_NBORNLF","A","2001",76.4,
"GRC","NBORNPARTICIP","MEN","PC_NBORNLF","A","2002",76.9,
"GRC","NBORNPARTICIP","MEN","PC_NBORNLF","A","2003",77.5,
"GRC","NBORNPARTICIP","MEN","PC_NBORNLF","A","2004",78.4,
"GRC","NBORNPARTICIP","MEN","PC_NBORNLF","A","2005",78.4,
"GRC","NBORNPARTICIP","MEN","PC_NBORNLF","A","2006",78.4,
"GRC","NBORNPARTICIP","MEN","PC_NBORNLF","A","2007",78.2,
"GRC","NBORNPARTICIP","MEN","PC_NBORNLF","A","2008",78,
"GRC","NBORNPARTICIP","MEN","PC_NBORNLF","A","2009",77.7,
"GRC","NBORNPARTICIP","MEN","PC_NBORNLF","A","2010",77.5,
"GRC","NBORNPARTICIP","MEN","PC_NBORNLF","A","2011",76.5,
"GRC","NBORNPARTICIP","MEN","PC_NBORNLF","A","2012",75.6,
"GRC","NBORNPARTICIP","MEN","PC_NBORNLF","A","2013",75.6,
"GRC","NBORNPARTICIP","MEN","PC_NBORNLF","A","2014",74.8,
"GRC","NBORNPARTICIP","MEN","PC_NBORNLF","A","2015",74.7,
"GRC","NBORNPARTICIP","MEN","PC_NBORNLF","A","2016",74.9,
"GRC","NBORNPARTICIP","TOT","PC_NBORNLF","A","2000",63.5,
"GRC","NBORNPARTICIP","TOT","PC_NBORNLF","A","2001",62.7,
"GRC","NBORNPARTICIP","TOT","PC_NBORNLF","A","2002",63.5,
"GRC","NBORNPARTICIP","TOT","PC_NBORNLF","A","2003",64.5,
"GRC","NBORNPARTICIP","TOT","PC_NBORNLF","A","2004",66,
"GRC","NBORNPARTICIP","TOT","PC_NBORNLF","A","2005",66.2,
"GRC","NBORNPARTICIP","TOT","PC_NBORNLF","A","2006",66.5,
"GRC","NBORNPARTICIP","TOT","PC_NBORNLF","A","2007",66.5,
"GRC","NBORNPARTICIP","TOT","PC_NBORNLF","A","2008",66.5,
"GRC","NBORNPARTICIP","TOT","PC_NBORNLF","A","2009",66.9,
"GRC","NBORNPARTICIP","TOT","PC_NBORNLF","A","2010",67.3,
"GRC","NBORNPARTICIP","TOT","PC_NBORNLF","A","2011",66.8,
"GRC","NBORNPARTICIP","TOT","PC_NBORNLF","A","2012",66.7,
"GRC","NBORNPARTICIP","TOT","PC_NBORNLF","A","2013",66.5,
"GRC","NBORNPARTICIP","TOT","PC_NBORNLF","A","2014",66.5,
"GRC","NBORNPARTICIP","TOT","PC_NBORNLF","A","2015",66.9,
"GRC","NBORNPARTICIP","TOT","PC_NBORNLF","A","2016",67.3,
"GRC","NBORNPARTICIP","WOMEN","PC_NBORNLF","A","2000",50.1,
"GRC","NBORNPARTICIP","WOMEN","PC_NBORNLF","A","2001",49.3,
"GRC","NBORNPARTICIP","WOMEN","PC_NBORNLF","A","2002",50.3,
"GRC","NBORNPARTICIP","WOMEN","PC_NBORNLF","A","2003",51.7,
"GRC","NBORNPARTICIP","WOMEN","PC_NBORNLF","A","2004",53.8,
"GRC","NBORNPARTICIP","WOMEN","PC_NBORNLF","A","2005",54.1,
"GRC","NBORNPARTICIP","WOMEN","PC_NBORNLF","A","2006",54.6,
"GRC","NBORNPARTICIP","WOMEN","PC_NBORNLF","A","2007",54.7,
"GRC","NBORNPARTICIP","WOMEN","PC_NBORNLF","A","2008",54.9,
"GRC","NBORNPARTICIP","WOMEN","PC_NBORNLF","A","2009",56.1,
"GRC","NBORNPARTICIP","WOMEN","PC_NBORNLF","A","2010",57,
"GRC","NBORNPARTICIP","WOMEN","PC_NBORNLF","A","2011",57.1,
"GRC","NBORNPARTICIP","WOMEN","PC_NBORNLF","A","2012",57.9,
"GRC","NBORNPARTICIP","WOMEN","PC_NBORNLF","A","2013",57.7,
"GRC","NBORNPARTICIP","WOMEN","PC_NBORNLF","A","2014",58.3,
"GRC","NBORNPARTICIP","WOMEN","PC_NBORNLF","A","2015",59.3,
"GRC","NBORNPARTICIP","WOMEN","PC_NBORNLF","A","2016",59.9,
"HUN","NBORNPARTICIP","MEN","PC_NBORNLF","A","2000",67.5,
"HUN","NBORNPARTICIP","MEN","PC_NBORNLF","A","2001",67.1,
"HUN","NBORNPARTICIP","MEN","PC_NBORNLF","A","2002",66.9,
"HUN","NBORNPARTICIP","MEN","PC_NBORNLF","A","2003",67.6,
"HUN","NBORNPARTICIP","MEN","PC_NBORNLF","A","2004",66.9,
"HUN","NBORNPARTICIP","MEN","PC_NBORNLF","A","2005",67.8,
"HUN","NBORNPARTICIP","MEN","PC_NBORNLF","A","2006",68.6,
"HUN","NBORNPARTICIP","MEN","PC_NBORNLF","A","2007",68.9,
"HUN","NBORNPARTICIP","MEN","PC_NBORNLF","A","2008",68.1,
"HUN","NBORNPARTICIP","MEN","PC_NBORNLF","A","2009",67.9,
"HUN","NBORNPARTICIP","MEN","PC_NBORNLF","A","2010",68.2,
"HUN","NBORNPARTICIP","MEN","PC_NBORNLF","A","2011",68.6,
"HUN","NBORNPARTICIP","MEN","PC_NBORNLF","A","2012",69.3,
"HUN","NBORNPARTICIP","MEN","PC_NBORNLF","A","2013",70.7,
"HUN","NBORNPARTICIP","MEN","PC_NBORNLF","A","2014",73.2,
"HUN","NBORNPARTICIP","MEN","PC_NBORNLF","A","2015",75,
"HUN","NBORNPARTICIP","MEN","PC_NBORNLF","A","2016",76.7,
"HUN","NBORNPARTICIP","TOT","PC_NBORNLF","A","2000",59.9,
"HUN","NBORNPARTICIP","TOT","PC_NBORNLF","A","2001",59.5,
"HUN","NBORNPARTICIP","TOT","PC_NBORNLF","A","2002",59.5,
"HUN","NBORNPARTICIP","TOT","PC_NBORNLF","A","2003",60.5,
"HUN","NBORNPARTICIP","TOT","PC_NBORNLF","A","2004",60.1,
"HUN","NBORNPARTICIP","TOT","PC_NBORNLF","A","2005",61.3,
"HUN","NBORNPARTICIP","TOT","PC_NBORNLF","A","2006",61.9,
"HUN","NBORNPARTICIP","TOT","PC_NBORNLF","A","2007",61.8,
"HUN","NBORNPARTICIP","TOT","PC_NBORNLF","A","2008",61.3,
"HUN","NBORNPARTICIP","TOT","PC_NBORNLF","A","2009",61.4,
"HUN","NBORNPARTICIP","TOT","PC_NBORNLF","A","2010",62.3,
"HUN","NBORNPARTICIP","TOT","PC_NBORNLF","A","2011",62.6,
"HUN","NBORNPARTICIP","TOT","PC_NBORNLF","A","2012",63.5,
"HUN","NBORNPARTICIP","TOT","PC_NBORNLF","A","2013",64.5,
"HUN","NBORNPARTICIP","TOT","PC_NBORNLF","A","2014",66.8,
"HUN","NBORNPARTICIP","TOT","PC_NBORNLF","A","2015",68.5,
"HUN","NBORNPARTICIP","TOT","PC_NBORNLF","A","2016",70,
"HUN","NBORNPARTICIP","WOMEN","PC_NBORNLF","A","2000",52.5,
"HUN","NBORNPARTICIP","WOMEN","PC_NBORNLF","A","2001",52.2,
"HUN","NBORNPARTICIP","WOMEN","PC_NBORNLF","A","2002",52.5,
"HUN","NBORNPARTICIP","WOMEN","PC_NBORNLF","A","2003",53.7,
"HUN","NBORNPARTICIP","WOMEN","PC_NBORNLF","A","2004",53.6,
"HUN","NBORNPARTICIP","WOMEN","PC_NBORNLF","A","2005",55,
"HUN","NBORNPARTICIP","WOMEN","PC_NBORNLF","A","2006",55.5,
"HUN","NBORNPARTICIP","WOMEN","PC_NBORNLF","A","2007",55,
"HUN","NBORNPARTICIP","WOMEN","PC_NBORNLF","A","2008",54.9,
"HUN","NBORNPARTICIP","WOMEN","PC_NBORNLF","A","2009",55.1,
"HUN","NBORNPARTICIP","WOMEN","PC_NBORNLF","A","2010",56.5,
"HUN","NBORNPARTICIP","WOMEN","PC_NBORNLF","A","2011",56.7,
"HUN","NBORNPARTICIP","WOMEN","PC_NBORNLF","A","2012",57.8,
"HUN","NBORNPARTICIP","WOMEN","PC_NBORNLF","A","2013",58.4,
"HUN","NBORNPARTICIP","WOMEN","PC_NBORNLF","A","2014",60.6,
"HUN","NBORNPARTICIP","WOMEN","PC_NBORNLF","A","2015",62.1,
"HUN","NBORNPARTICIP","WOMEN","PC_NBORNLF","A","2016",63.3,
"ISL","NBORNPARTICIP","MEN","PC_NBORNLF","A","2000",91.6,
"ISL","NBORNPARTICIP","MEN","PC_NBORNLF","A","2001",92.2,
"ISL","NBORNPARTICIP","MEN","PC_NBORNLF","A","2002",90.8,
"ISL","NBORNPARTICIP","MEN","PC_NBORNLF","A","2003",91.4,
"ISL","NBORNPARTICIP","MEN","PC_NBORNLF","A","2004",91.3,
"ISL","NBORNPARTICIP","MEN","PC_NBORNLF","A","2005",89.3,
"ISL","NBORNPARTICIP","MEN","PC_NBORNLF","A","2006",90.3,
"ISL","NBORNPARTICIP","MEN","PC_NBORNLF","A","2007",90.9,
"ISL","NBORNPARTICIP","MEN","PC_NBORNLF","A","2008",90.2,
"ISL","NBORNPARTICIP","MEN","PC_NBORNLF","A","2009",87.5,
"ISL","NBORNPARTICIP","MEN","PC_NBORNLF","A","2010",87.3,
"ISL","NBORNPARTICIP","MEN","PC_NBORNLF","A","2011",87.2,
"ISL","NBORNPARTICIP","MEN","PC_NBORNLF","A","2012",86.7,
"ISL","NBORNPARTICIP","MEN","PC_NBORNLF","A","2013",88,
"ISL","NBORNPARTICIP","MEN","PC_NBORNLF","A","2014",89.9,
"ISL","NBORNPARTICIP","MEN","PC_NBORNLF","A","2015",90.8,
"ISL","NBORNPARTICIP","MEN","PC_NBORNLF","A","2016",92.2,
"ISL","NBORNPARTICIP","TOT","PC_NBORNLF","A","2000",88.8,
"ISL","NBORNPARTICIP","TOT","PC_NBORNLF","A","2001",88.5,
"ISL","NBORNPARTICIP","TOT","PC_NBORNLF","A","2002",87.4,
"ISL","NBORNPARTICIP","TOT","PC_NBORNLF","A","2003",87.8,
"ISL","NBORNPARTICIP","TOT","PC_NBORNLF","A","2004",86.8,
"ISL","NBORNPARTICIP","TOT","PC_NBORNLF","A","2005",86,
"ISL","NBORNPARTICIP","TOT","PC_NBORNLF","A","2006",87.1,
"ISL","NBORNPARTICIP","TOT","PC_NBORNLF","A","2007",86.9,
"ISL","NBORNPARTICIP","TOT","PC_NBORNLF","A","2008",86.2,
"ISL","NBORNPARTICIP","TOT","PC_NBORNLF","A","2009",84.3,
"ISL","NBORNPARTICIP","TOT","PC_NBORNLF","A","2010",84.5,
"ISL","NBORNPARTICIP","TOT","PC_NBORNLF","A","2011",84.4,
"ISL","NBORNPARTICIP","TOT","PC_NBORNLF","A","2012",84.6,
"ISL","NBORNPARTICIP","TOT","PC_NBORNLF","A","2013",85.6,
"ISL","NBORNPARTICIP","TOT","PC_NBORNLF","A","2014",87.2,
"ISL","NBORNPARTICIP","TOT","PC_NBORNLF","A","2015",88.6,
"ISL","NBORNPARTICIP","TOT","PC_NBORNLF","A","2016",89.3,
"ISL","NBORNPARTICIP","WOMEN","PC_NBORNLF","A","2000",86,
"ISL","NBORNPARTICIP","WOMEN","PC_NBORNLF","A","2001",84.7,
"ISL","NBORNPARTICIP","WOMEN","PC_NBORNLF","A","2002",83.7,
"ISL","NBORNPARTICIP","WOMEN","PC_NBORNLF","A","2003",84.1,
"ISL","NBORNPARTICIP","WOMEN","PC_NBORNLF","A","2004",82.1,
"ISL","NBORNPARTICIP","WOMEN","PC_NBORNLF","A","2005",82.6,
"ISL","NBORNPARTICIP","WOMEN","PC_NBORNLF","A","2006",83.5,
"ISL","NBORNPARTICIP","WOMEN","PC_NBORNLF","A","2007",82.5,
"ISL","NBORNPARTICIP","WOMEN","PC_NBORNLF","A","2008",81.8,
"ISL","NBORNPARTICIP","WOMEN","PC_NBORNLF","A","2009",80.9,
"ISL","NBORNPARTICIP","WOMEN","PC_NBORNLF","A","2010",81.6,
"ISL","NBORNPARTICIP","WOMEN","PC_NBORNLF","A","2011",81.5,
"ISL","NBORNPARTICIP","WOMEN","PC_NBORNLF","A","2012",82.5,
"ISL","NBORNPARTICIP","WOMEN","PC_NBORNLF","A","2013",83.2,
"ISL","NBORNPARTICIP","WOMEN","PC_NBORNLF","A","2014",84.4,
"ISL","NBORNPARTICIP","WOMEN","PC_NBORNLF","A","2015",86.3,
"ISL","NBORNPARTICIP","WOMEN","PC_NBORNLF","A","2016",86.2,
"IRL","NBORNPARTICIP","MEN","PC_NBORNLF","A","2000",79.3,
"IRL","NBORNPARTICIP","MEN","PC_NBORNLF","A","2001",79.1,
"IRL","NBORNPARTICIP","MEN","PC_NBORNLF","A","2002",78.6,
"IRL","NBORNPARTICIP","MEN","PC_NBORNLF","A","2003",78.7,
"IRL","NBORNPARTICIP","MEN","PC_NBORNLF","A","2004",79.1,
"IRL","NBORNPARTICIP","MEN","PC_NBORNLF","A","2005",79.4,
"IRL","NBORNPARTICIP","MEN","PC_NBORNLF","A","2006",80.1,
"IRL","NBORNPARTICIP","MEN","PC_NBORNLF","A","2007",80,
"IRL","NBORNPARTICIP","MEN","PC_NBORNLF","A","2008",79.5,
"IRL","NBORNPARTICIP","MEN","PC_NBORNLF","A","2009",77.4,
"IRL","NBORNPARTICIP","MEN","PC_NBORNLF","A","2010",76.1,
"IRL","NBORNPARTICIP","MEN","PC_NBORNLF","A","2011",75.8,
"IRL","NBORNPARTICIP","MEN","PC_NBORNLF","A","2012",75.8,
"IRL","NBORNPARTICIP","MEN","PC_NBORNLF","A","2013",76,
"IRL","NBORNPARTICIP","MEN","PC_NBORNLF","A","2014",76.4,
"IRL","NBORNPARTICIP","MEN","PC_NBORNLF","A","2015",76.6,
"IRL","NBORNPARTICIP","MEN","PC_NBORNLF","A","2016",76.4,
"IRL","NBORNPARTICIP","TOT","PC_NBORNLF","A","2000",67.4,
"IRL","NBORNPARTICIP","TOT","PC_NBORNLF","A","2001",67.5,
"IRL","NBORNPARTICIP","TOT","PC_NBORNLF","A","2002",67.9,
"IRL","NBORNPARTICIP","TOT","PC_NBORNLF","A","2003",68.2,
"IRL","NBORNPARTICIP","TOT","PC_NBORNLF","A","2004",68.7,
"IRL","NBORNPARTICIP","TOT","PC_NBORNLF","A","2005",69.8,
"IRL","NBORNPARTICIP","TOT","PC_NBORNLF","A","2006",70.5,
"IRL","NBORNPARTICIP","TOT","PC_NBORNLF","A","2007",71.1,
"IRL","NBORNPARTICIP","TOT","PC_NBORNLF","A","2008",70.8,
"IRL","NBORNPARTICIP","TOT","PC_NBORNLF","A","2009",69.8,
"IRL","NBORNPARTICIP","TOT","PC_NBORNLF","A","2010",69,
"IRL","NBORNPARTICIP","TOT","PC_NBORNLF","A","2011",68.7,
"IRL","NBORNPARTICIP","TOT","PC_NBORNLF","A","2012",68.7,
"IRL","NBORNPARTICIP","TOT","PC_NBORNLF","A","2013",69.3,
"IRL","NBORNPARTICIP","TOT","PC_NBORNLF","A","2014",69.5,
"IRL","NBORNPARTICIP","TOT","PC_NBORNLF","A","2015",69.8,
"IRL","NBORNPARTICIP","TOT","PC_NBORNLF","A","2016",70.2,
"IRL","NBORNPARTICIP","WOMEN","PC_NBORNLF","A","2000",55.4,
"IRL","NBORNPARTICIP","WOMEN","PC_NBORNLF","A","2001",55.7,
"IRL","NBORNPARTICIP","WOMEN","PC_NBORNLF","A","2002",57.2,
"IRL","NBORNPARTICIP","WOMEN","PC_NBORNLF","A","2003",57.7,
"IRL","NBORNPARTICIP","WOMEN","PC_NBORNLF","A","2004",58.1,
"IRL","NBORNPARTICIP","WOMEN","PC_NBORNLF","A","2005",60.1,
"IRL","NBORNPARTICIP","WOMEN","PC_NBORNLF","A","2006",60.8,
"IRL","NBORNPARTICIP","WOMEN","PC_NBORNLF","A","2007",62.2,
"IRL","NBORNPARTICIP","WOMEN","PC_NBORNLF","A","2008",62.1,
"IRL","NBORNPARTICIP","WOMEN","PC_NBORNLF","A","2009",62.2,
"IRL","NBORNPARTICIP","WOMEN","PC_NBORNLF","A","2010",61.8,
"IRL","NBORNPARTICIP","WOMEN","PC_NBORNLF","A","2011",61.6,
"IRL","NBORNPARTICIP","WOMEN","PC_NBORNLF","A","2012",61.6,
"IRL","NBORNPARTICIP","WOMEN","PC_NBORNLF","A","2013",62.5,
"IRL","NBORNPARTICIP","WOMEN","PC_NBORNLF","A","2014",62.7,
"IRL","NBORNPARTICIP","WOMEN","PC_NBORNLF","A","2015",63,
"IRL","NBORNPARTICIP","WOMEN","PC_NBORNLF","A","2016",64,
"ITA","NBORNPARTICIP","MEN","PC_NBORNLF","A","2000",73.6,
"ITA","NBORNPARTICIP","MEN","PC_NBORNLF","A","2001",73.5,
"ITA","NBORNPARTICIP","MEN","PC_NBORNLF","A","2002",74,
"ITA","NBORNPARTICIP","MEN","PC_NBORNLF","A","2003",74.5,
"ITA","NBORNPARTICIP","MEN","PC_NBORNLF","A","2004",74.6,
"ITA","NBORNPARTICIP","MEN","PC_NBORNLF","A","2005",73.8,
"ITA","NBORNPARTICIP","MEN","PC_NBORNLF","A","2006",73.7,
"ITA","NBORNPARTICIP","MEN","PC_NBORNLF","A","2007",73.4,
"ITA","NBORNPARTICIP","MEN","PC_NBORNLF","A","2008",73.4,
"ITA","NBORNPARTICIP","MEN","PC_NBORNLF","A","2009",72.5,
"ITA","NBORNPARTICIP","MEN","PC_NBORNLF","A","2010",72,
"ITA","NBORNPARTICIP","MEN","PC_NBORNLF","A","2011",71.8,
"ITA","NBORNPARTICIP","MEN","PC_NBORNLF","A","2012",72.7,
"ITA","NBORNPARTICIP","MEN","PC_NBORNLF","A","2013",72.2,
"ITA","NBORNPARTICIP","MEN","PC_NBORNLF","A","2014",72.5,
"ITA","NBORNPARTICIP","MEN","PC_NBORNLF","A","2015",73,
"ITA","NBORNPARTICIP","MEN","PC_NBORNLF","A","2016",73.7,
"ITA","NBORNPARTICIP","TOT","PC_NBORNLF","A","2000",59.8,
"ITA","NBORNPARTICIP","TOT","PC_NBORNLF","A","2001",60.2,
"ITA","NBORNPARTICIP","TOT","PC_NBORNLF","A","2002",60.9,
"ITA","NBORNPARTICIP","TOT","PC_NBORNLF","A","2003",61.5,
"ITA","NBORNPARTICIP","TOT","PC_NBORNLF","A","2004",62.3,
"ITA","NBORNPARTICIP","TOT","PC_NBORNLF","A","2005",61.9,
"ITA","NBORNPARTICIP","TOT","PC_NBORNLF","A","2006",62,
"ITA","NBORNPARTICIP","TOT","PC_NBORNLF","A","2007",61.7,
"ITA","NBORNPARTICIP","TOT","PC_NBORNLF","A","2008",62.2,
"ITA","NBORNPARTICIP","TOT","PC_NBORNLF","A","2009",61.5,
"ITA","NBORNPARTICIP","TOT","PC_NBORNLF","A","2010",61.2,
"ITA","NBORNPARTICIP","TOT","PC_NBORNLF","A","2011",61.3,
"ITA","NBORNPARTICIP","TOT","PC_NBORNLF","A","2012",62.7,
"ITA","NBORNPARTICIP","TOT","PC_NBORNLF","A","2013",62.5,
"ITA","NBORNPARTICIP","TOT","PC_NBORNLF","A","2014",63.1,
"ITA","NBORNPARTICIP","TOT","PC_NBORNLF","A","2015",63.2,
"ITA","NBORNPARTICIP","TOT","PC_NBORNLF","A","2016",64.2,
"ITA","NBORNPARTICIP","WOMEN","PC_NBORNLF","A","2000",46.2,
"ITA","NBORNPARTICIP","WOMEN","PC_NBORNLF","A","2001",47,
"ITA","NBORNPARTICIP","WOMEN","PC_NBORNLF","A","2002",47.9,
"ITA","NBORNPARTICIP","WOMEN","PC_NBORNLF","A","2003",48.6,
"ITA","NBORNPARTICIP","WOMEN","PC_NBORNLF","A","2004",50.1,
"ITA","NBORNPARTICIP","WOMEN","PC_NBORNLF","A","2005",49.9,
"ITA","NBORNPARTICIP","WOMEN","PC_NBORNLF","A","2006",50.3,
"ITA","NBORNPARTICIP","WOMEN","PC_NBORNLF","A","2007",50,
"ITA","NBORNPARTICIP","WOMEN","PC_NBORNLF","A","2008",51,
"ITA","NBORNPARTICIP","WOMEN","PC_NBORNLF","A","2009",50.4,
"ITA","NBORNPARTICIP","WOMEN","PC_NBORNLF","A","2010",50.3,
"ITA","NBORNPARTICIP","WOMEN","PC_NBORNLF","A","2011",50.6,
"ITA","NBORNPARTICIP","WOMEN","PC_NBORNLF","A","2012",52.6,
"ITA","NBORNPARTICIP","WOMEN","PC_NBORNLF","A","2013",52.6,
"ITA","NBORNPARTICIP","WOMEN","PC_NBORNLF","A","2014",53.5,
"ITA","NBORNPARTICIP","WOMEN","PC_NBORNLF","A","2015",53.3,
"ITA","NBORNPARTICIP","WOMEN","PC_NBORNLF","A","2016",54.6,
"LUX","NBORNPARTICIP","MEN","PC_NBORNLF","A","2000",74.2,
"LUX","NBORNPARTICIP","MEN","PC_NBORNLF","A","2001",71.5,
"LUX","NBORNPARTICIP","MEN","PC_NBORNLF","A","2002",73.4,
"LUX","NBORNPARTICIP","MEN","PC_NBORNLF","A","2003",70.6,
"LUX","NBORNPARTICIP","MEN","PC_NBORNLF","A","2004",71,
"LUX","NBORNPARTICIP","MEN","PC_NBORNLF","A","2005",70.9,
"LUX","NBORNPARTICIP","MEN","PC_NBORNLF","A","2006",70,
"LUX","NBORNPARTICIP","MEN","PC_NBORNLF","A","2007",69.3,
"LUX","NBORNPARTICIP","MEN","PC_NBORNLF","A","2008",70,
"LUX","NBORNPARTICIP","MEN","PC_NBORNLF","A","2009",71.2,
"LUX","NBORNPARTICIP","MEN","PC_NBORNLF","A","2010",70,
"LUX","NBORNPARTICIP","MEN","PC_NBORNLF","A","2011",68,
"LUX","NBORNPARTICIP","MEN","PC_NBORNLF","A","2012",68.9,
"LUX","NBORNPARTICIP","MEN","PC_NBORNLF","A","2013",68.3,
"LUX","NBORNPARTICIP","MEN","PC_NBORNLF","A","2014",69.9,
"LUX","NBORNPARTICIP","MEN","PC_NBORNLF","A","2015",69.8,
"LUX","NBORNPARTICIP","MEN","PC_NBORNLF","A","2016",68.6,
"LUX","NBORNPARTICIP","TOT","PC_NBORNLF","A","2000",61.6,
"LUX","NBORNPARTICIP","TOT","PC_NBORNLF","A","2001",59.8,
"LUX","NBORNPARTICIP","TOT","PC_NBORNLF","A","2002",61.5,
"LUX","NBORNPARTICIP","TOT","PC_NBORNLF","A","2003",60.2,
"LUX","NBORNPARTICIP","TOT","PC_NBORNLF","A","2004",61.2,
"LUX","NBORNPARTICIP","TOT","PC_NBORNLF","A","2005",62.1,
"LUX","NBORNPARTICIP","TOT","PC_NBORNLF","A","2006",62,
"LUX","NBORNPARTICIP","TOT","PC_NBORNLF","A","2007",61.4,
"LUX","NBORNPARTICIP","TOT","PC_NBORNLF","A","2008",61.7,
"LUX","NBORNPARTICIP","TOT","PC_NBORNLF","A","2009",64,
"LUX","NBORNPARTICIP","TOT","PC_NBORNLF","A","2010",62.5,
"LUX","NBORNPARTICIP","TOT","PC_NBORNLF","A","2011",61.7,
"LUX","NBORNPARTICIP","TOT","PC_NBORNLF","A","2012",63.1,
"LUX","NBORNPARTICIP","TOT","PC_NBORNLF","A","2013",62.9,
"LUX","NBORNPARTICIP","TOT","PC_NBORNLF","A","2014",64.3,
"LUX","NBORNPARTICIP","TOT","PC_NBORNLF","A","2015",65.5,
"LUX","NBORNPARTICIP","TOT","PC_NBORNLF","A","2016",64.3,
"LUX","NBORNPARTICIP","WOMEN","PC_NBORNLF","A","2000",48,
"LUX","NBORNPARTICIP","WOMEN","PC_NBORNLF","A","2001",48.2,
"LUX","NBORNPARTICIP","WOMEN","PC_NBORNLF","A","2002",49.3,
"LUX","NBORNPARTICIP","WOMEN","PC_NBORNLF","A","2003",49.6,
"LUX","NBORNPARTICIP","WOMEN","PC_NBORNLF","A","2004",51.1,
"LUX","NBORNPARTICIP","WOMEN","PC_NBORNLF","A","2005",52.9,
"LUX","NBORNPARTICIP","WOMEN","PC_NBORNLF","A","2006",54.1,
"LUX","NBORNPARTICIP","WOMEN","PC_NBORNLF","A","2007",53.6,
"LUX","NBORNPARTICIP","WOMEN","PC_NBORNLF","A","2008",53.3,
"LUX","NBORNPARTICIP","WOMEN","PC_NBORNLF","A","2009",56.7,
"LUX","NBORNPARTICIP","WOMEN","PC_NBORNLF","A","2010",54.9,
"LUX","NBORNPARTICIP","WOMEN","PC_NBORNLF","A","2011",55.3,
"LUX","NBORNPARTICIP","WOMEN","PC_NBORNLF","A","2012",57.2,
"LUX","NBORNPARTICIP","WOMEN","PC_NBORNLF","A","2013",57.3,
"LUX","NBORNPARTICIP","WOMEN","PC_NBORNLF","A","2014",58.5,
"LUX","NBORNPARTICIP","WOMEN","PC_NBORNLF","A","2015",61.1,
"LUX","NBORNPARTICIP","WOMEN","PC_NBORNLF","A","2016",59.9,
"MEX","NBORNPARTICIP","MEN","PC_NBORNLF","A","2005",83.7,
"MEX","NBORNPARTICIP","MEN","PC_NBORNLF","A","2006",84.2,
"MEX","NBORNPARTICIP","MEN","PC_NBORNLF","A","2007",83.8,
"MEX","NBORNPARTICIP","MEN","PC_NBORNLF","A","2008",83.4,
"MEX","NBORNPARTICIP","MEN","PC_NBORNLF","A","2009",82.7,
"MEX","NBORNPARTICIP","MEN","PC_NBORNLF","A","2010",82.5,
"MEX","NBORNPARTICIP","MEN","PC_NBORNLF","A","2011",82.5,
"MEX","NBORNPARTICIP","MEN","PC_NBORNLF","A","2012",82.8,
"MEX","NBORNPARTICIP","MEN","PC_NBORNLF","A","2013",82.5,
"MEX","NBORNPARTICIP","MEN","PC_NBORNLF","A","2014",82.3,
"MEX","NBORNPARTICIP","MEN","PC_NBORNLF","A","2015",82,
"MEX","NBORNPARTICIP","MEN","PC_NBORNLF","A","2016",81.9,
"MEX","NBORNPARTICIP","TOT","PC_NBORNLF","A","2005",62.4,
"MEX","NBORNPARTICIP","TOT","PC_NBORNLF","A","2006",63.3,
"MEX","NBORNPARTICIP","TOT","PC_NBORNLF","A","2007",63.5,
"MEX","NBORNPARTICIP","TOT","PC_NBORNLF","A","2008",63.4,
"MEX","NBORNPARTICIP","TOT","PC_NBORNLF","A","2009",63.5,
"MEX","NBORNPARTICIP","TOT","PC_NBORNLF","A","2010",63.3,
"MEX","NBORNPARTICIP","TOT","PC_NBORNLF","A","2011",63.5,
"MEX","NBORNPARTICIP","TOT","PC_NBORNLF","A","2012",64.2,
"MEX","NBORNPARTICIP","TOT","PC_NBORNLF","A","2013",64.1,
"MEX","NBORNPARTICIP","TOT","PC_NBORNLF","A","2014",63.6,
"MEX","NBORNPARTICIP","TOT","PC_NBORNLF","A","2015",63.7,
"MEX","NBORNPARTICIP","TOT","PC_NBORNLF","A","2016",63.6,
"MEX","NBORNPARTICIP","WOMEN","PC_NBORNLF","A","2005",43.6,
"MEX","NBORNPARTICIP","WOMEN","PC_NBORNLF","A","2006",45,
"MEX","NBORNPARTICIP","WOMEN","PC_NBORNLF","A","2007",45.6,
"MEX","NBORNPARTICIP","WOMEN","PC_NBORNLF","A","2008",45.5,
"MEX","NBORNPARTICIP","WOMEN","PC_NBORNLF","A","2009",46.1,
"MEX","NBORNPARTICIP","WOMEN","PC_NBORNLF","A","2010",46,
"MEX","NBORNPARTICIP","WOMEN","PC_NBORNLF","A","2011",46.2,
"MEX","NBORNPARTICIP","WOMEN","PC_NBORNLF","A","2012",47.3,
"MEX","NBORNPARTICIP","WOMEN","PC_NBORNLF","A","2013",47.4,
"MEX","NBORNPARTICIP","WOMEN","PC_NBORNLF","A","2014",46.6,
"MEX","NBORNPARTICIP","WOMEN","PC_NBORNLF","A","2015",46.9,
"MEX","NBORNPARTICIP","WOMEN","PC_NBORNLF","A","2016",47,
"NLD","NBORNPARTICIP","MEN","PC_NBORNLF","A","2000",85.5,
"NLD","NBORNPARTICIP","MEN","PC_NBORNLF","A","2001",85.6,
"NLD","NBORNPARTICIP","MEN","PC_NBORNLF","A","2002",86,
"NLD","NBORNPARTICIP","MEN","PC_NBORNLF","A","2003",85.5,
"NLD","NBORNPARTICIP","MEN","PC_NBORNLF","A","2004",85,
"NLD","NBORNPARTICIP","MEN","PC_NBORNLF","A","2005",84.6,
"NLD","NBORNPARTICIP","MEN","PC_NBORNLF","A","2006",85,
"NLD","NBORNPARTICIP","MEN","PC_NBORNLF","A","2007",85.2,
"NLD","NBORNPARTICIP","MEN","PC_NBORNLF","A","2008",85.8,
"NLD","NBORNPARTICIP","MEN","PC_NBORNLF","A","2009",85.7,
"NLD","NBORNPARTICIP","MEN","PC_NBORNLF","A","2010",84.6,
"NLD","NBORNPARTICIP","MEN","PC_NBORNLF","A","2011",84.2,
"NLD","NBORNPARTICIP","MEN","PC_NBORNLF","A","2012",84.6,
"NLD","NBORNPARTICIP","MEN","PC_NBORNLF","A","2013",85,
"NLD","NBORNPARTICIP","MEN","PC_NBORNLF","A","2014",84.9,
"NLD","NBORNPARTICIP","MEN","PC_NBORNLF","A","2015",85.3,
"NLD","NBORNPARTICIP","MEN","PC_NBORNLF","A","2016",85.5,
"NLD","NBORNPARTICIP","TOT","PC_NBORNLF","A","2000",76.7,
"NLD","NBORNPARTICIP","TOT","PC_NBORNLF","A","2001",77.1,
"NLD","NBORNPARTICIP","TOT","PC_NBORNLF","A","2002",78,
"NLD","NBORNPARTICIP","TOT","PC_NBORNLF","A","2003",78,
"NLD","NBORNPARTICIP","TOT","PC_NBORNLF","A","2004",78.2,
"NLD","NBORNPARTICIP","TOT","PC_NBORNLF","A","2005",78.3,
"NLD","NBORNPARTICIP","TOT","PC_NBORNLF","A","2006",78.7,
"NLD","NBORNPARTICIP","TOT","PC_NBORNLF","A","2007",79.5,
"NLD","NBORNPARTICIP","TOT","PC_NBORNLF","A","2008",80.3,
"NLD","NBORNPARTICIP","TOT","PC_NBORNLF","A","2009",80.7,
"NLD","NBORNPARTICIP","TOT","PC_NBORNLF","A","2010",79.5,
"NLD","NBORNPARTICIP","TOT","PC_NBORNLF","A","2011",79.5,
"NLD","NBORNPARTICIP","TOT","PC_NBORNLF","A","2012",80.2,
"NLD","NBORNPARTICIP","TOT","PC_NBORNLF","A","2013",80.7,
"NLD","NBORNPARTICIP","TOT","PC_NBORNLF","A","2014",80.4,
"NLD","NBORNPARTICIP","TOT","PC_NBORNLF","A","2015",81.2,
"NLD","NBORNPARTICIP","TOT","PC_NBORNLF","A","2016",81.3,
"NLD","NBORNPARTICIP","WOMEN","PC_NBORNLF","A","2000",67.6,
"NLD","NBORNPARTICIP","WOMEN","PC_NBORNLF","A","2001",68.4,
"NLD","NBORNPARTICIP","WOMEN","PC_NBORNLF","A","2002",69.7,
"NLD","NBORNPARTICIP","WOMEN","PC_NBORNLF","A","2003",70.3,
"NLD","NBORNPARTICIP","WOMEN","PC_NBORNLF","A","2004",71.2,
"NLD","NBORNPARTICIP","WOMEN","PC_NBORNLF","A","2005",71.8,
"NLD","NBORNPARTICIP","WOMEN","PC_NBORNLF","A","2006",72.3,
"NLD","NBORNPARTICIP","WOMEN","PC_NBORNLF","A","2007",73.6,
"NLD","NBORNPARTICIP","WOMEN","PC_NBORNLF","A","2008",74.6,
"NLD","NBORNPARTICIP","WOMEN","PC_NBORNLF","A","2009",75.6,
"NLD","NBORNPARTICIP","WOMEN","PC_NBORNLF","A","2010",74.3,
"NLD","NBORNPARTICIP","WOMEN","PC_NBORNLF","A","2011",74.7,
"NLD","NBORNPARTICIP","WOMEN","PC_NBORNLF","A","2012",75.7,
"NLD","NBORNPARTICIP","WOMEN","PC_NBORNLF","A","2013",76.3,
"NLD","NBORNPARTICIP","WOMEN","PC_NBORNLF","A","2014",75.7,
"NLD","NBORNPARTICIP","WOMEN","PC_NBORNLF","A","2015",76.9,
"NLD","NBORNPARTICIP","WOMEN","PC_NBORNLF","A","2016",77.1,
"NZL","NBORNPARTICIP","MEN","PC_NBORNLF","A","2001",84.7,
"NZL","NBORNPARTICIP","MEN","PC_NBORNLF","A","2002",85.5,
"NZL","NBORNPARTICIP","MEN","PC_NBORNLF","A","2003",84.7,
"NZL","NBORNPARTICIP","MEN","PC_NBORNLF","A","2004",85.1,
"NZL","NBORNPARTICIP","MEN","PC_NBORNLF","A","2005",85.9,
"NZL","NBORNPARTICIP","MEN","PC_NBORNLF","A","2006",86.2,
"NZL","NBORNPARTICIP","MEN","PC_NBORNLF","A","2007",85.8,
"NZL","NBORNPARTICIP","MEN","PC_NBORNLF","A","2008",85.2,
"NZL","NBORNPARTICIP","MEN","PC_NBORNLF","A","2009",84.6,
"NZL","NBORNPARTICIP","MEN","PC_NBORNLF","A","2010",84.3,
"NZL","NBORNPARTICIP","MEN","PC_NBORNLF","A","2011",84.1,
"NZL","NBORNPARTICIP","MEN","PC_NBORNLF","A","2012",83.2,
"NZL","NBORNPARTICIP","MEN","PC_NBORNLF","A","2013",83.2,
"NZL","NBORNPARTICIP","MEN","PC_NBORNLF","A","2014",84.4,
"NZL","NBORNPARTICIP","MEN","PC_NBORNLF","A","2015",83.8,
"NZL","NBORNPARTICIP","MEN","PC_NBORNLF","A","2016",84.6,
"NZL","NBORNPARTICIP","TOT","PC_NBORNLF","A","2001",77.3,
"NZL","NBORNPARTICIP","TOT","PC_NBORNLF","A","2002",78.2,
"NZL","NBORNPARTICIP","TOT","PC_NBORNLF","A","2003",77.9,
"NZL","NBORNPARTICIP","TOT","PC_NBORNLF","A","2004",78.2,
"NZL","NBORNPARTICIP","TOT","PC_NBORNLF","A","2005",79.2,
"NZL","NBORNPARTICIP","TOT","PC_NBORNLF","A","2006",79.5,
"NZL","NBORNPARTICIP","TOT","PC_NBORNLF","A","2007",79.6,
"NZL","NBORNPARTICIP","TOT","PC_NBORNLF","A","2008",79.5,
"NZL","NBORNPARTICIP","TOT","PC_NBORNLF","A","2009",79.1,
"NZL","NBORNPARTICIP","TOT","PC_NBORNLF","A","2010",78.9,
"NZL","NBORNPARTICIP","TOT","PC_NBORNLF","A","2011",78.7,
"NZL","NBORNPARTICIP","TOT","PC_NBORNLF","A","2012",78.1,
"NZL","NBORNPARTICIP","TOT","PC_NBORNLF","A","2013",78.6,
"NZL","NBORNPARTICIP","TOT","PC_NBORNLF","A","2014",79.9,
"NZL","NBORNPARTICIP","TOT","PC_NBORNLF","A","2015",79.4,
"NZL","NBORNPARTICIP","TOT","PC_NBORNLF","A","2016",80.2,
"NZL","NBORNPARTICIP","WOMEN","PC_NBORNLF","A","2001",70.1,
"NZL","NBORNPARTICIP","WOMEN","PC_NBORNLF","A","2002",71.1,
"NZL","NBORNPARTICIP","WOMEN","PC_NBORNLF","A","2003",71.2,
"NZL","NBORNPARTICIP","WOMEN","PC_NBORNLF","A","2004",71.5,
"NZL","NBORNPARTICIP","WOMEN","PC_NBORNLF","A","2005",72.8,
"NZL","NBORNPARTICIP","WOMEN","PC_NBORNLF","A","2006",73.1,
"NZL","NBORNPARTICIP","WOMEN","PC_NBORNLF","A","2007",73.8,
"NZL","NBORNPARTICIP","WOMEN","PC_NBORNLF","A","2008",74,
"NZL","NBORNPARTICIP","WOMEN","PC_NBORNLF","A","2009",73.9,
"NZL","NBORNPARTICIP","WOMEN","PC_NBORNLF","A","2010",73.7,
"NZL","NBORNPARTICIP","WOMEN","PC_NBORNLF","A","2011",73.5,
"NZL","NBORNPARTICIP","WOMEN","PC_NBORNLF","A","2012",73.2,
"NZL","NBORNPARTICIP","WOMEN","PC_NBORNLF","A","2013",74.2,
"NZL","NBORNPARTICIP","WOMEN","PC_NBORNLF","A","2014",75.5,
"NZL","NBORNPARTICIP","WOMEN","PC_NBORNLF","A","2015",75.1,
"NZL","NBORNPARTICIP","WOMEN","PC_NBORNLF","A","2016",76,
"NOR","NBORNPARTICIP","MEN","PC_NBORNLF","A","2000",85.2,
"NOR","NBORNPARTICIP","MEN","PC_NBORNLF","A","2001",84.6,
"NOR","NBORNPARTICIP","MEN","PC_NBORNLF","A","2002",83.9,
"NOR","NBORNPARTICIP","MEN","PC_NBORNLF","A","2003",82.3,
"NOR","NBORNPARTICIP","MEN","PC_NBORNLF","A","2004",82.1,
"NOR","NBORNPARTICIP","MEN","PC_NBORNLF","A","2005",82,
"NOR","NBORNPARTICIP","MEN","PC_NBORNLF","A","2006",81.5,
"NOR","NBORNPARTICIP","MEN","PC_NBORNLF","A","2007",81.7,
"NOR","NBORNPARTICIP","MEN","PC_NBORNLF","A","2008",82.5,
"NOR","NBORNPARTICIP","MEN","PC_NBORNLF","A","2009",81.4,
"NOR","NBORNPARTICIP","MEN","PC_NBORNLF","A","2010",80.8,
"NOR","NBORNPARTICIP","MEN","PC_NBORNLF","A","2011",79.8,
"NOR","NBORNPARTICIP","MEN","PC_NBORNLF","A","2012",80.5,
"NOR","NBORNPARTICIP","MEN","PC_NBORNLF","A","2013",80.1,
"NOR","NBORNPARTICIP","MEN","PC_NBORNLF","A","2014",80,
"NOR","NBORNPARTICIP","MEN","PC_NBORNLF","A","2015",80.1,
"NOR","NBORNPARTICIP","MEN","PC_NBORNLF","A","2016",79.8,
"NOR","NBORNPARTICIP","TOT","PC_NBORNLF","A","2000",81.2,
"NOR","NBORNPARTICIP","TOT","PC_NBORNLF","A","2001",80.9,
"NOR","NBORNPARTICIP","TOT","PC_NBORNLF","A","2002",81,
"NOR","NBORNPARTICIP","TOT","PC_NBORNLF","A","2003",79.4,
"NOR","NBORNPARTICIP","TOT","PC_NBORNLF","A","2004",79.2,
"NOR","NBORNPARTICIP","TOT","PC_NBORNLF","A","2005",79,
"NOR","NBORNPARTICIP","TOT","PC_NBORNLF","A","2006",78.6,
"NOR","NBORNPARTICIP","TOT","PC_NBORNLF","A","2007",79,
"NOR","NBORNPARTICIP","TOT","PC_NBORNLF","A","2008",80.1,
"NOR","NBORNPARTICIP","TOT","PC_NBORNLF","A","2009",79.1,
"NOR","NBORNPARTICIP","TOT","PC_NBORNLF","A","2010",78.5,
"NOR","NBORNPARTICIP","TOT","PC_NBORNLF","A","2011",77.9,
"NOR","NBORNPARTICIP","TOT","PC_NBORNLF","A","2012",78.6,
"NOR","NBORNPARTICIP","TOT","PC_NBORNLF","A","2013",78.5,
"NOR","NBORNPARTICIP","TOT","PC_NBORNLF","A","2014",78.4,
"NOR","NBORNPARTICIP","TOT","PC_NBORNLF","A","2015",78.6,
"NOR","NBORNPARTICIP","TOT","PC_NBORNLF","A","2016",78.3,
"NOR","NBORNPARTICIP","WOMEN","PC_NBORNLF","A","2000",77.1,
"NOR","NBORNPARTICIP","WOMEN","PC_NBORNLF","A","2001",77,
"NOR","NBORNPARTICIP","WOMEN","PC_NBORNLF","A","2002",78,
"NOR","NBORNPARTICIP","WOMEN","PC_NBORNLF","A","2003",76.3,
"NOR","NBORNPARTICIP","WOMEN","PC_NBORNLF","A","2004",76.2,
"NOR","NBORNPARTICIP","WOMEN","PC_NBORNLF","A","2005",75.8,
"NOR","NBORNPARTICIP","WOMEN","PC_NBORNLF","A","2006",75.6,
"NOR","NBORNPARTICIP","WOMEN","PC_NBORNLF","A","2007",76.2,
"NOR","NBORNPARTICIP","WOMEN","PC_NBORNLF","A","2008",77.5,
"NOR","NBORNPARTICIP","WOMEN","PC_NBORNLF","A","2009",76.8,
"NOR","NBORNPARTICIP","WOMEN","PC_NBORNLF","A","2010",76.1,
"NOR","NBORNPARTICIP","WOMEN","PC_NBORNLF","A","2011",75.9,
"NOR","NBORNPARTICIP","WOMEN","PC_NBORNLF","A","2012",76.5,
"NOR","NBORNPARTICIP","WOMEN","PC_NBORNLF","A","2013",76.8,
"NOR","NBORNPARTICIP","WOMEN","PC_NBORNLF","A","2014",76.8,
"NOR","NBORNPARTICIP","WOMEN","PC_NBORNLF","A","2015",76.9,
"NOR","NBORNPARTICIP","WOMEN","PC_NBORNLF","A","2016",76.8,
"POL","NBORNPARTICIP","MEN","PC_NBORNLF","A","2001",72,
"POL","NBORNPARTICIP","MEN","PC_NBORNLF","A","2002",71,
"POL","NBORNPARTICIP","MEN","PC_NBORNLF","A","2003",70,
"POL","NBORNPARTICIP","MEN","PC_NBORNLF","A","2004",70.1,
"POL","NBORNPARTICIP","MEN","PC_NBORNLF","A","2005",71,
"POL","NBORNPARTICIP","MEN","PC_NBORNLF","A","2006",70.2,
"POL","NBORNPARTICIP","MEN","PC_NBORNLF","A","2007",70.1,
"POL","NBORNPARTICIP","MEN","PC_NBORNLF","A","2008",71,
"POL","NBORNPARTICIP","MEN","PC_NBORNLF","A","2009",71.8,
"POL","NBORNPARTICIP","MEN","PC_NBORNLF","A","2010",72.2,
"POL","NBORNPARTICIP","MEN","PC_NBORNLF","A","2011",72.6,
"POL","NBORNPARTICIP","MEN","PC_NBORNLF","A","2012",73.3,
"POL","NBORNPARTICIP","MEN","PC_NBORNLF","A","2013",73.9,
"POL","NBORNPARTICIP","MEN","PC_NBORNLF","A","2014",74.6,
"POL","NBORNPARTICIP","MEN","PC_NBORNLF","A","2015",74.8,
"POL","NBORNPARTICIP","MEN","PC_NBORNLF","A","2016",75.7,
"POL","NBORNPARTICIP","TOT","PC_NBORNLF","A","2001",64,
"POL","NBORNPARTICIP","TOT","PC_NBORNLF","A","2002",64,
"POL","NBORNPARTICIP","TOT","PC_NBORNLF","A","2003",64,
"POL","NBORNPARTICIP","TOT","PC_NBORNLF","A","2004",63.9,
"POL","NBORNPARTICIP","TOT","PC_NBORNLF","A","2005",64.6,
"POL","NBORNPARTICIP","TOT","PC_NBORNLF","A","2006",63.5,
"POL","NBORNPARTICIP","TOT","PC_NBORNLF","A","2007",63.3,
"POL","NBORNPARTICIP","TOT","PC_NBORNLF","A","2008",63.9,
"POL","NBORNPARTICIP","TOT","PC_NBORNLF","A","2009",64.7,
"POL","NBORNPARTICIP","TOT","PC_NBORNLF","A","2010",65.3,
"POL","NBORNPARTICIP","TOT","PC_NBORNLF","A","2011",65.7,
"POL","NBORNPARTICIP","TOT","PC_NBORNLF","A","2012",66.5,
"POL","NBORNPARTICIP","TOT","PC_NBORNLF","A","2013",67,
"POL","NBORNPARTICIP","TOT","PC_NBORNLF","A","2014",67.8,
"POL","NBORNPARTICIP","TOT","PC_NBORNLF","A","2015",68.1,
"POL","NBORNPARTICIP","TOT","PC_NBORNLF","A","2016",68.8,
"POL","NBORNPARTICIP","WOMEN","PC_NBORNLF","A","2004",57.9,
"POL","NBORNPARTICIP","WOMEN","PC_NBORNLF","A","2005",58.3,
"POL","NBORNPARTICIP","WOMEN","PC_NBORNLF","A","2006",56.9,
"POL","NBORNPARTICIP","WOMEN","PC_NBORNLF","A","2007",56.6,
"POL","NBORNPARTICIP","WOMEN","PC_NBORNLF","A","2008",57,
"POL","NBORNPARTICIP","WOMEN","PC_NBORNLF","A","2009",57.9,
"POL","NBORNPARTICIP","WOMEN","PC_NBORNLF","A","2010",58.6,
"POL","NBORNPARTICIP","WOMEN","PC_NBORNLF","A","2011",58.9,
"POL","NBORNPARTICIP","WOMEN","PC_NBORNLF","A","2012",59.7,
"POL","NBORNPARTICIP","WOMEN","PC_NBORNLF","A","2013",60.1,
"POL","NBORNPARTICIP","WOMEN","PC_NBORNLF","A","2014",61.1,
"POL","NBORNPARTICIP","WOMEN","PC_NBORNLF","A","2015",61.4,
"POL","NBORNPARTICIP","WOMEN","PC_NBORNLF","A","2016",62,
"PRT","NBORNPARTICIP","MEN","PC_NBORNLF","A","2000",78.7,
"PRT","NBORNPARTICIP","MEN","PC_NBORNLF","A","2001",79.1,
"PRT","NBORNPARTICIP","MEN","PC_NBORNLF","A","2002",79.8,
"PRT","NBORNPARTICIP","MEN","PC_NBORNLF","A","2003",79,
"PRT","NBORNPARTICIP","MEN","PC_NBORNLF","A","2004",78.7,
"PRT","NBORNPARTICIP","MEN","PC_NBORNLF","A","2005",78.6,
"PRT","NBORNPARTICIP","MEN","PC_NBORNLF","A","2006",79.2,
"PRT","NBORNPARTICIP","MEN","PC_NBORNLF","A","2007",78.9,
"PRT","NBORNPARTICIP","MEN","PC_NBORNLF","A","2008",78.8,
"PRT","NBORNPARTICIP","MEN","PC_NBORNLF","A","2009",77.8,
"PRT","NBORNPARTICIP","MEN","PC_NBORNLF","A","2010",77.6,
"PRT","NBORNPARTICIP","MEN","PC_NBORNLF","A","2011",77.8,
"PRT","NBORNPARTICIP","MEN","PC_NBORNLF","A","2012",76.5,
"PRT","NBORNPARTICIP","MEN","PC_NBORNLF","A","2013",75.9,
"PRT","NBORNPARTICIP","MEN","PC_NBORNLF","A","2014",76,
"PRT","NBORNPARTICIP","MEN","PC_NBORNLF","A","2015",76,
"PRT","NBORNPARTICIP","MEN","PC_NBORNLF","A","2016",76.5,
"PRT","NBORNPARTICIP","TOT","PC_NBORNLF","A","2000",70.8,
"PRT","NBORNPARTICIP","TOT","PC_NBORNLF","A","2001",71.6,
"PRT","NBORNPARTICIP","TOT","PC_NBORNLF","A","2002",72.2,
"PRT","NBORNPARTICIP","TOT","PC_NBORNLF","A","2003",72.4,
"PRT","NBORNPARTICIP","TOT","PC_NBORNLF","A","2004",72.5,
"PRT","NBORNPARTICIP","TOT","PC_NBORNLF","A","2005",72.9,
"PRT","NBORNPARTICIP","TOT","PC_NBORNLF","A","2006",73.4,
"PRT","NBORNPARTICIP","TOT","PC_NBORNLF","A","2007",73.5,
"PRT","NBORNPARTICIP","TOT","PC_NBORNLF","A","2008",73.5,
"PRT","NBORNPARTICIP","TOT","PC_NBORNLF","A","2009",73.1,
"PRT","NBORNPARTICIP","TOT","PC_NBORNLF","A","2010",73.3,
"PRT","NBORNPARTICIP","TOT","PC_NBORNLF","A","2011",73.3,
"PRT","NBORNPARTICIP","TOT","PC_NBORNLF","A","2012",72.5,
"PRT","NBORNPARTICIP","TOT","PC_NBORNLF","A","2013",72.3,
"PRT","NBORNPARTICIP","TOT","PC_NBORNLF","A","2014",72.5,
"PRT","NBORNPARTICIP","TOT","PC_NBORNLF","A","2015",72.8,
"PRT","NBORNPARTICIP","TOT","PC_NBORNLF","A","2016",73,
"PRT","NBORNPARTICIP","WOMEN","PC_NBORNLF","A","2000",63.3,
"PRT","NBORNPARTICIP","WOMEN","PC_NBORNLF","A","2001",64.3,
"PRT","NBORNPARTICIP","WOMEN","PC_NBORNLF","A","2002",64.9,
"PRT","NBORNPARTICIP","WOMEN","PC_NBORNLF","A","2003",66,
"PRT","NBORNPARTICIP","WOMEN","PC_NBORNLF","A","2004",66.4,
"PRT","NBORNPARTICIP","WOMEN","PC_NBORNLF","A","2005",67.3,
"PRT","NBORNPARTICIP","WOMEN","PC_NBORNLF","A","2006",67.8,
"PRT","NBORNPARTICIP","WOMEN","PC_NBORNLF","A","2007",68.2,
"PRT","NBORNPARTICIP","WOMEN","PC_NBORNLF","A","2008",68.2,
"PRT","NBORNPARTICIP","WOMEN","PC_NBORNLF","A","2009",68.3,
"PRT","NBORNPARTICIP","WOMEN","PC_NBORNLF","A","2010",69.1,
"PRT","NBORNPARTICIP","WOMEN","PC_NBORNLF","A","2011",68.8,
"PRT","NBORNPARTICIP","WOMEN","PC_NBORNLF","A","2012",68.7,
"PRT","NBORNPARTICIP","WOMEN","PC_NBORNLF","A","2013",68.9,
"PRT","NBORNPARTICIP","WOMEN","PC_NBORNLF","A","2014",69.2,
"PRT","NBORNPARTICIP","WOMEN","PC_NBORNLF","A","2015",69.7,
"PRT","NBORNPARTICIP","WOMEN","PC_NBORNLF","A","2016",69.7,
"SVK","NBORNPARTICIP","MEN","PC_NBORNLF","A","2001",76,
"SVK","NBORNPARTICIP","MEN","PC_NBORNLF","A","2002",75,
"SVK","NBORNPARTICIP","MEN","PC_NBORNLF","A","2003",76.5,
"SVK","NBORNPARTICIP","MEN","PC_NBORNLF","A","2004",76.5,
"SVK","NBORNPARTICIP","MEN","PC_NBORNLF","A","2005",76.4,
"SVK","NBORNPARTICIP","MEN","PC_NBORNLF","A","2006",76.4,
"SVK","NBORNPARTICIP","MEN","PC_NBORNLF","A","2007",75.9,
"SVK","NBORNPARTICIP","MEN","PC_NBORNLF","A","2008",76.3,
"SVK","NBORNPARTICIP","MEN","PC_NBORNLF","A","2009",76.2,
"SVK","NBORNPARTICIP","MEN","PC_NBORNLF","A","2010",76,
"SVK","NBORNPARTICIP","MEN","PC_NBORNLF","A","2011",76.5,
"SVK","NBORNPARTICIP","MEN","PC_NBORNLF","A","2012",77.1,
"SVK","NBORNPARTICIP","MEN","PC_NBORNLF","A","2013",77.2,
"SVK","NBORNPARTICIP","MEN","PC_NBORNLF","A","2014",77.6,
"SVK","NBORNPARTICIP","MEN","PC_NBORNLF","A","2015",77.5,
"SVK","NBORNPARTICIP","MEN","PC_NBORNLF","A","2016",78.3,
"SVK","NBORNPARTICIP","TOT","PC_NBORNLF","A","2001",70,
"SVK","NBORNPARTICIP","TOT","PC_NBORNLF","A","2002",70,
"SVK","NBORNPARTICIP","TOT","PC_NBORNLF","A","2003",69.8,
"SVK","NBORNPARTICIP","TOT","PC_NBORNLF","A","2004",69.7,
"SVK","NBORNPARTICIP","TOT","PC_NBORNLF","A","2005",69,
"SVK","NBORNPARTICIP","TOT","PC_NBORNLF","A","2006",68.7,
"SVK","NBORNPARTICIP","TOT","PC_NBORNLF","A","2007",68.3,
"SVK","NBORNPARTICIP","TOT","PC_NBORNLF","A","2008",68.8,
"SVK","NBORNPARTICIP","TOT","PC_NBORNLF","A","2009",68.4,
"SVK","NBORNPARTICIP","TOT","PC_NBORNLF","A","2010",68.7,
"SVK","NBORNPARTICIP","TOT","PC_NBORNLF","A","2011",68.7,
"SVK","NBORNPARTICIP","TOT","PC_NBORNLF","A","2012",69.4,
"SVK","NBORNPARTICIP","TOT","PC_NBORNLF","A","2013",69.8,
"SVK","NBORNPARTICIP","TOT","PC_NBORNLF","A","2014",70.3,
"SVK","NBORNPARTICIP","TOT","PC_NBORNLF","A","2015",70.9,
"SVK","NBORNPARTICIP","TOT","PC_NBORNLF","A","2016",71.9,
"SVK","NBORNPARTICIP","WOMEN","PC_NBORNLF","A","2003",63.3,
"SVK","NBORNPARTICIP","WOMEN","PC_NBORNLF","A","2004",63,
"SVK","NBORNPARTICIP","WOMEN","PC_NBORNLF","A","2005",61.6,
"SVK","NBORNPARTICIP","WOMEN","PC_NBORNLF","A","2006",61,
"SVK","NBORNPARTICIP","WOMEN","PC_NBORNLF","A","2007",60.8,
"SVK","NBORNPARTICIP","WOMEN","PC_NBORNLF","A","2008",61.3,
"SVK","NBORNPARTICIP","WOMEN","PC_NBORNLF","A","2009",60.6,
"SVK","NBORNPARTICIP","WOMEN","PC_NBORNLF","A","2010",61.4,
"SVK","NBORNPARTICIP","WOMEN","PC_NBORNLF","A","2011",60.9,
"SVK","NBORNPARTICIP","WOMEN","PC_NBORNLF","A","2012",61.7,
"SVK","NBORNPARTICIP","WOMEN","PC_NBORNLF","A","2013",62.4,
"SVK","NBORNPARTICIP","WOMEN","PC_NBORNLF","A","2014",62.9,
"SVK","NBORNPARTICIP","WOMEN","PC_NBORNLF","A","2015",64.3,
"SVK","NBORNPARTICIP","WOMEN","PC_NBORNLF","A","2016",65.4,
"ESP","NBORNPARTICIP","MEN","PC_NBORNLF","A","2000",78.2,
"ESP","NBORNPARTICIP","MEN","PC_NBORNLF","A","2001",77.7,
"ESP","NBORNPARTICIP","MEN","PC_NBORNLF","A","2002",78.4,
"ESP","NBORNPARTICIP","MEN","PC_NBORNLF","A","2003",78.9,
"ESP","NBORNPARTICIP","MEN","PC_NBORNLF","A","2004",79.2,
"ESP","NBORNPARTICIP","MEN","PC_NBORNLF","A","2005",80.1,
"ESP","NBORNPARTICIP","MEN","PC_NBORNLF","A","2006",80.3,
"ESP","NBORNPARTICIP","MEN","PC_NBORNLF","A","2007",80.2,
"ESP","NBORNPARTICIP","MEN","PC_NBORNLF","A","2008",80.5,
"ESP","NBORNPARTICIP","MEN","PC_NBORNLF","A","2009",79.9,
"ESP","NBORNPARTICIP","MEN","PC_NBORNLF","A","2010",79.6,
"ESP","NBORNPARTICIP","MEN","PC_NBORNLF","A","2011",79.3,
"ESP","NBORNPARTICIP","MEN","PC_NBORNLF","A","2012",79,
"ESP","NBORNPARTICIP","MEN","PC_NBORNLF","A","2013",78.8,
"ESP","NBORNPARTICIP","MEN","PC_NBORNLF","A","2014",78.6,
"ESP","NBORNPARTICIP","MEN","PC_NBORNLF","A","2015",78.6,
"ESP","NBORNPARTICIP","MEN","PC_NBORNLF","A","2016",78.3,
"ESP","NBORNPARTICIP","TOT","PC_NBORNLF","A","2000",64.9,
"ESP","NBORNPARTICIP","TOT","PC_NBORNLF","A","2001",63.9,
"ESP","NBORNPARTICIP","TOT","PC_NBORNLF","A","2002",65.3,
"ESP","NBORNPARTICIP","TOT","PC_NBORNLF","A","2003",66.5,
"ESP","NBORNPARTICIP","TOT","PC_NBORNLF","A","2004",67.5,
"ESP","NBORNPARTICIP","TOT","PC_NBORNLF","A","2005",68.6,
"ESP","NBORNPARTICIP","TOT","PC_NBORNLF","A","2006",69.6,
"ESP","NBORNPARTICIP","TOT","PC_NBORNLF","A","2007",70,
"ESP","NBORNPARTICIP","TOT","PC_NBORNLF","A","2008",71.1,
"ESP","NBORNPARTICIP","TOT","PC_NBORNLF","A","2009",71.5,
"ESP","NBORNPARTICIP","TOT","PC_NBORNLF","A","2010",72,
"ESP","NBORNPARTICIP","TOT","PC_NBORNLF","A","2011",72.4,
"ESP","NBORNPARTICIP","TOT","PC_NBORNLF","A","2012",73.2,
"ESP","NBORNPARTICIP","TOT","PC_NBORNLF","A","2013",73.4,
"ESP","NBORNPARTICIP","TOT","PC_NBORNLF","A","2014",73.4,
"ESP","NBORNPARTICIP","TOT","PC_NBORNLF","A","2015",73.5,
"ESP","NBORNPARTICIP","TOT","PC_NBORNLF","A","2016",73.5,
"ESP","NBORNPARTICIP","WOMEN","PC_NBORNLF","A","2000",51.5,
"ESP","NBORNPARTICIP","WOMEN","PC_NBORNLF","A","2001",49.9,
"ESP","NBORNPARTICIP","WOMEN","PC_NBORNLF","A","2002",52,
"ESP","NBORNPARTICIP","WOMEN","PC_NBORNLF","A","2003",53.9,
"ESP","NBORNPARTICIP","WOMEN","PC_NBORNLF","A","2004",55.6,
"ESP","NBORNPARTICIP","WOMEN","PC_NBORNLF","A","2005",56.8,
"ESP","NBORNPARTICIP","WOMEN","PC_NBORNLF","A","2006",58.6,
"ESP","NBORNPARTICIP","WOMEN","PC_NBORNLF","A","2007",59.4,
"ESP","NBORNPARTICIP","WOMEN","PC_NBORNLF","A","2008",61.3,
"ESP","NBORNPARTICIP","WOMEN","PC_NBORNLF","A","2009",62.8,
"ESP","NBORNPARTICIP","WOMEN","PC_NBORNLF","A","2010",64.3,
"ESP","NBORNPARTICIP","WOMEN","PC_NBORNLF","A","2011",65.3,
"ESP","NBORNPARTICIP","WOMEN","PC_NBORNLF","A","2012",67.2,
"ESP","NBORNPARTICIP","WOMEN","PC_NBORNLF","A","2013",67.8,
"ESP","NBORNPARTICIP","WOMEN","PC_NBORNLF","A","2014",68,
"ESP","NBORNPARTICIP","WOMEN","PC_NBORNLF","A","2015",68.3,
"ESP","NBORNPARTICIP","WOMEN","PC_NBORNLF","A","2016",68.6,
"SWE","NBORNPARTICIP","MEN","PC_NBORNLF","A","2000",79.9,
"SWE","NBORNPARTICIP","MEN","PC_NBORNLF","A","2001",81.1,
"SWE","NBORNPARTICIP","MEN","PC_NBORNLF","A","2002",80.8,
"SWE","NBORNPARTICIP","MEN","PC_NBORNLF","A","2003",80.7,
"SWE","NBORNPARTICIP","MEN","PC_NBORNLF","A","2004",80.7,
"SWE","NBORNPARTICIP","MEN","PC_NBORNLF","A","2005",81.9,
"SWE","NBORNPARTICIP","MEN","PC_NBORNLF","A","2006",82,
"SWE","NBORNPARTICIP","MEN","PC_NBORNLF","A","2007",82.2,
"SWE","NBORNPARTICIP","MEN","PC_NBORNLF","A","2008",82.1,
"SWE","NBORNPARTICIP","MEN","PC_NBORNLF","A","2009",81.7,
"SWE","NBORNPARTICIP","MEN","PC_NBORNLF","A","2010",82.3,
"SWE","NBORNPARTICIP","MEN","PC_NBORNLF","A","2011",82.7,
"SWE","NBORNPARTICIP","MEN","PC_NBORNLF","A","2012",82.9,
"SWE","NBORNPARTICIP","MEN","PC_NBORNLF","A","2013",83.8,
"SWE","NBORNPARTICIP","MEN","PC_NBORNLF","A","2014",84.1,
"SWE","NBORNPARTICIP","MEN","PC_NBORNLF","A","2015",84.1,
"SWE","NBORNPARTICIP","MEN","PC_NBORNLF","A","2016",84.2,
"SWE","NBORNPARTICIP","TOT","PC_NBORNLF","A","2000",78.3,
"SWE","NBORNPARTICIP","TOT","PC_NBORNLF","A","2001",79.4,
"SWE","NBORNPARTICIP","TOT","PC_NBORNLF","A","2002",79.4,
"SWE","NBORNPARTICIP","TOT","PC_NBORNLF","A","2003",79.3,
"SWE","NBORNPARTICIP","TOT","PC_NBORNLF","A","2004",78.9,
"SWE","NBORNPARTICIP","TOT","PC_NBORNLF","A","2005",80,
"SWE","NBORNPARTICIP","TOT","PC_NBORNLF","A","2006",80.1,
"SWE","NBORNPARTICIP","TOT","PC_NBORNLF","A","2007",80.5,
"SWE","NBORNPARTICIP","TOT","PC_NBORNLF","A","2008",80.6,
"SWE","NBORNPARTICIP","TOT","PC_NBORNLF","A","2009",80,
"SWE","NBORNPARTICIP","TOT","PC_NBORNLF","A","2010",80.3,
"SWE","NBORNPARTICIP","TOT","PC_NBORNLF","A","2011",81.1,
"SWE","NBORNPARTICIP","TOT","PC_NBORNLF","A","2012",81.5,
"SWE","NBORNPARTICIP","TOT","PC_NBORNLF","A","2013",82.5,
"SWE","NBORNPARTICIP","TOT","PC_NBORNLF","A","2014",82.9,
"SWE","NBORNPARTICIP","TOT","PC_NBORNLF","A","2015",83.1,
"SWE","NBORNPARTICIP","TOT","PC_NBORNLF","A","2016",83.4,
"SWE","NBORNPARTICIP","WOMEN","PC_NBORNLF","A","2000",76.6,
"SWE","NBORNPARTICIP","WOMEN","PC_NBORNLF","A","2001",77.8,
"SWE","NBORNPARTICIP","WOMEN","PC_NBORNLF","A","2002",78,
"SWE","NBORNPARTICIP","WOMEN","PC_NBORNLF","A","2003",77.7,
"SWE","NBORNPARTICIP","WOMEN","PC_NBORNLF","A","2004",76.9,
"SWE","NBORNPARTICIP","WOMEN","PC_NBORNLF","A","2005",77.9,
"SWE","NBORNPARTICIP","WOMEN","PC_NBORNLF","A","2006",78,
"SWE","NBORNPARTICIP","WOMEN","PC_NBORNLF","A","2007",78.7,
"SWE","NBORNPARTICIP","WOMEN","PC_NBORNLF","A","2008",78.9,
"SWE","NBORNPARTICIP","WOMEN","PC_NBORNLF","A","2009",78.2,
"SWE","NBORNPARTICIP","WOMEN","PC_NBORNLF","A","2010",78.3,
"SWE","NBORNPARTICIP","WOMEN","PC_NBORNLF","A","2011",79.4,
"SWE","NBORNPARTICIP","WOMEN","PC_NBORNLF","A","2012",80.1,
"SWE","NBORNPARTICIP","WOMEN","PC_NBORNLF","A","2013",81.1,
"SWE","NBORNPARTICIP","WOMEN","PC_NBORNLF","A","2014",81.6,
"SWE","NBORNPARTICIP","WOMEN","PC_NBORNLF","A","2015",82.1,
"SWE","NBORNPARTICIP","WOMEN","PC_NBORNLF","A","2016",82.5,
"CHE","NBORNPARTICIP","MEN","PC_NBORNLF","A","2001",88.9,
"CHE","NBORNPARTICIP","MEN","PC_NBORNLF","A","2002",89.6,
"CHE","NBORNPARTICIP","MEN","PC_NBORNLF","A","2003",88.6,
"CHE","NBORNPARTICIP","MEN","PC_NBORNLF","A","2004",88.1,
"CHE","NBORNPARTICIP","MEN","PC_NBORNLF","A","2005",87.4,
"CHE","NBORNPARTICIP","MEN","PC_NBORNLF","A","2006",87.9,
"CHE","NBORNPARTICIP","MEN","PC_NBORNLF","A","2007",88.2,
"CHE","NBORNPARTICIP","MEN","PC_NBORNLF","A","2008",88,
"CHE","NBORNPARTICIP","MEN","PC_NBORNLF","A","2009",87.1,
"CHE","NBORNPARTICIP","MEN","PC_NBORNLF","A","2010",88.1,
"CHE","NBORNPARTICIP","MEN","PC_NBORNLF","A","2011",88.2,
"CHE","NBORNPARTICIP","MEN","PC_NBORNLF","A","2012",88.4,
"CHE","NBORNPARTICIP","MEN","PC_NBORNLF","A","2013",88,
"CHE","NBORNPARTICIP","MEN","PC_NBORNLF","A","2014",87.7,
"CHE","NBORNPARTICIP","MEN","PC_NBORNLF","A","2015",87.5,
"CHE","NBORNPARTICIP","MEN","PC_NBORNLF","A","2016",88.4,
"CHE","NBORNPARTICIP","TOT","PC_NBORNLF","A","2001",81.8,
"CHE","NBORNPARTICIP","TOT","PC_NBORNLF","A","2002",84.1,
"CHE","NBORNPARTICIP","TOT","PC_NBORNLF","A","2003",82.2,
"CHE","NBORNPARTICIP","TOT","PC_NBORNLF","A","2004",81.7,
"CHE","NBORNPARTICIP","TOT","PC_NBORNLF","A","2005",81.7,
"CHE","NBORNPARTICIP","TOT","PC_NBORNLF","A","2006",82.1,
"CHE","NBORNPARTICIP","TOT","PC_NBORNLF","A","2007",82.5,
"CHE","NBORNPARTICIP","TOT","PC_NBORNLF","A","2008",83,
"CHE","NBORNPARTICIP","TOT","PC_NBORNLF","A","2009",82.9,
"CHE","NBORNPARTICIP","TOT","PC_NBORNLF","A","2010",83.1,
"CHE","NBORNPARTICIP","TOT","PC_NBORNLF","A","2011",83.4,
"CHE","NBORNPARTICIP","TOT","PC_NBORNLF","A","2012",83.5,
"CHE","NBORNPARTICIP","TOT","PC_NBORNLF","A","2013",83.8,
"CHE","NBORNPARTICIP","TOT","PC_NBORNLF","A","2014",84.3,
"CHE","NBORNPARTICIP","TOT","PC_NBORNLF","A","2015",84.7,
"CHE","NBORNPARTICIP","TOT","PC_NBORNLF","A","2016",85.6,
"CHE","NBORNPARTICIP","WOMEN","PC_NBORNLF","A","2001",74.5,
"CHE","NBORNPARTICIP","WOMEN","PC_NBORNLF","A","2002",76.2,
"CHE","NBORNPARTICIP","WOMEN","PC_NBORNLF","A","2003",75.6,
"CHE","NBORNPARTICIP","WOMEN","PC_NBORNLF","A","2004",75.2,
"CHE","NBORNPARTICIP","WOMEN","PC_NBORNLF","A","2005",75.9,
"CHE","NBORNPARTICIP","WOMEN","PC_NBORNLF","A","2006",76.2,
"CHE","NBORNPARTICIP","WOMEN","PC_NBORNLF","A","2007",76.7,
"CHE","NBORNPARTICIP","WOMEN","PC_NBORNLF","A","2008",78,
"CHE","NBORNPARTICIP","WOMEN","PC_NBORNLF","A","2009",78.6,
"CHE","NBORNPARTICIP","WOMEN","PC_NBORNLF","A","2010",77.9,
"CHE","NBORNPARTICIP","WOMEN","PC_NBORNLF","A","2011",78.6,
"CHE","NBORNPARTICIP","WOMEN","PC_NBORNLF","A","2012",78.5,
"CHE","NBORNPARTICIP","WOMEN","PC_NBORNLF","A","2013",79.4,
"CHE","NBORNPARTICIP","WOMEN","PC_NBORNLF","A","2014",80.7,
"CHE","NBORNPARTICIP","WOMEN","PC_NBORNLF","A","2015",81.8,
"CHE","NBORNPARTICIP","WOMEN","PC_NBORNLF","A","2016",82.7,
"TUR","NBORNPARTICIP","MEN","PC_NBORNLF","A","2008",73.9,
"TUR","NBORNPARTICIP","MEN","PC_NBORNLF","A","2009",74.1,
"TUR","NBORNPARTICIP","MEN","PC_NBORNLF","A","2010",74.6,
"TUR","NBORNPARTICIP","MEN","PC_NBORNLF","A","2011",75.7,
"TUR","NBORNPARTICIP","MEN","PC_NBORNLF","A","2012",75.1,
"TUR","NBORNPARTICIP","MEN","PC_NBORNLF","A","2013",75.7,
"TUR","NBORNPARTICIP","MEN","PC_NBORNLF","A","2014",76.6,
"TUR","NBORNPARTICIP","MEN","PC_NBORNLF","A","2015",77.1,
"TUR","NBORNPARTICIP","MEN","PC_NBORNLF","A","2016",77.6,
"TUR","NBORNPARTICIP","TOT","PC_NBORNLF","A","2008",49.7,
"TUR","NBORNPARTICIP","TOT","PC_NBORNLF","A","2009",50.6,
"TUR","NBORNPARTICIP","TOT","PC_NBORNLF","A","2010",51.8,
"TUR","NBORNPARTICIP","TOT","PC_NBORNLF","A","2011",53.1,
"TUR","NBORNPARTICIP","TOT","PC_NBORNLF","A","2012",53.4,
"TUR","NBORNPARTICIP","TOT","PC_NBORNLF","A","2013",54.4,
"TUR","NBORNPARTICIP","TOT","PC_NBORNLF","A","2014",55.1,
"TUR","NBORNPARTICIP","TOT","PC_NBORNLF","A","2015",56.1,
"TUR","NBORNPARTICIP","TOT","PC_NBORNLF","A","2016",57.1,
"TUR","NBORNPARTICIP","WOMEN","PC_NBORNLF","A","2008",26,
"TUR","NBORNPARTICIP","WOMEN","PC_NBORNLF","A","2009",27.7,
"TUR","NBORNPARTICIP","WOMEN","PC_NBORNLF","A","2010",29.5,
"TUR","NBORNPARTICIP","WOMEN","PC_NBORNLF","A","2011",31,
"TUR","NBORNPARTICIP","WOMEN","PC_NBORNLF","A","2012",31.7,
"TUR","NBORNPARTICIP","WOMEN","PC_NBORNLF","A","2013",33.2,
"TUR","NBORNPARTICIP","WOMEN","PC_NBORNLF","A","2014",33.5,
"TUR","NBORNPARTICIP","WOMEN","PC_NBORNLF","A","2015",35,
"TUR","NBORNPARTICIP","WOMEN","PC_NBORNLF","A","2016",36.4,
"GBR","NBORNPARTICIP","MEN","PC_NBORNLF","A","2000",82.9,
"GBR","NBORNPARTICIP","MEN","PC_NBORNLF","A","2001",82.3,
"GBR","NBORNPARTICIP","MEN","PC_NBORNLF","A","2002",82,
"GBR","NBORNPARTICIP","MEN","PC_NBORNLF","A","2003",82.2,
"GBR","NBORNPARTICIP","MEN","PC_NBORNLF","A","2004",81.7,
"GBR","NBORNPARTICIP","MEN","PC_NBORNLF","A","2005",81.5,
"GBR","NBORNPARTICIP","MEN","PC_NBORNLF","A","2006",81.5,
"GBR","NBORNPARTICIP","MEN","PC_NBORNLF","A","2007",81.4,
"GBR","NBORNPARTICIP","MEN","PC_NBORNLF","A","2008",81.9,
"GBR","NBORNPARTICIP","MEN","PC_NBORNLF","A","2009",81.4,
"GBR","NBORNPARTICIP","MEN","PC_NBORNLF","A","2010",81.1,
"GBR","NBORNPARTICIP","MEN","PC_NBORNLF","A","2011",81.1,
"GBR","NBORNPARTICIP","MEN","PC_NBORNLF","A","2012",81.7,
"GBR","NBORNPARTICIP","MEN","PC_NBORNLF","A","2013",81.9,
"GBR","NBORNPARTICIP","MEN","PC_NBORNLF","A","2014",81.8,
"GBR","NBORNPARTICIP","MEN","PC_NBORNLF","A","2015",81.9,
"GBR","NBORNPARTICIP","MEN","PC_NBORNLF","A","2016",82,
"GBR","NBORNPARTICIP","TOT","PC_NBORNLF","A","2000",75.7,
"GBR","NBORNPARTICIP","TOT","PC_NBORNLF","A","2001",75.4,
"GBR","NBORNPARTICIP","TOT","PC_NBORNLF","A","2002",75.5,
"GBR","NBORNPARTICIP","TOT","PC_NBORNLF","A","2003",75.6,
"GBR","NBORNPARTICIP","TOT","PC_NBORNLF","A","2004",75.5,
"GBR","NBORNPARTICIP","TOT","PC_NBORNLF","A","2005",75.5,
"GBR","NBORNPARTICIP","TOT","PC_NBORNLF","A","2006",75.8,
"GBR","NBORNPARTICIP","TOT","PC_NBORNLF","A","2007",75.4,
"GBR","NBORNPARTICIP","TOT","PC_NBORNLF","A","2008",76,
"GBR","NBORNPARTICIP","TOT","PC_NBORNLF","A","2009",75.8,
"GBR","NBORNPARTICIP","TOT","PC_NBORNLF","A","2010",75.6,
"GBR","NBORNPARTICIP","TOT","PC_NBORNLF","A","2011",75.7,
"GBR","NBORNPARTICIP","TOT","PC_NBORNLF","A","2012",76.6,
"GBR","NBORNPARTICIP","TOT","PC_NBORNLF","A","2013",76.9,
"GBR","NBORNPARTICIP","TOT","PC_NBORNLF","A","2014",77.1,
"GBR","NBORNPARTICIP","TOT","PC_NBORNLF","A","2015",77.3,
"GBR","NBORNPARTICIP","TOT","PC_NBORNLF","A","2016",77.6,
"GBR","NBORNPARTICIP","WOMEN","PC_NBORNLF","A","2000",68.7,
"GBR","NBORNPARTICIP","WOMEN","PC_NBORNLF","A","2001",68.6,
"GBR","NBORNPARTICIP","WOMEN","PC_NBORNLF","A","2002",69.1,
"GBR","NBORNPARTICIP","WOMEN","PC_NBORNLF","A","2003",69.1,
"GBR","NBORNPARTICIP","WOMEN","PC_NBORNLF","A","2004",69.3,
"GBR","NBORNPARTICIP","WOMEN","PC_NBORNLF","A","2005",69.4,
"GBR","NBORNPARTICIP","WOMEN","PC_NBORNLF","A","2006",70,
"GBR","NBORNPARTICIP","WOMEN","PC_NBORNLF","A","2007",69.5,
"GBR","NBORNPARTICIP","WOMEN","PC_NBORNLF","A","2008",70.2,
"GBR","NBORNPARTICIP","WOMEN","PC_NBORNLF","A","2009",70.2,
"GBR","NBORNPARTICIP","WOMEN","PC_NBORNLF","A","2010",70.1,
"GBR","NBORNPARTICIP","WOMEN","PC_NBORNLF","A","2011",70.4,
"GBR","NBORNPARTICIP","WOMEN","PC_NBORNLF","A","2012",71.5,
"GBR","NBORNPARTICIP","WOMEN","PC_NBORNLF","A","2013",72,
"GBR","NBORNPARTICIP","WOMEN","PC_NBORNLF","A","2014",72.4,
"GBR","NBORNPARTICIP","WOMEN","PC_NBORNLF","A","2015",72.7,
"GBR","NBORNPARTICIP","WOMEN","PC_NBORNLF","A","2016",73.3,
"USA","NBORNPARTICIP","MEN","PC_NBORNLF","A","2000",81.8,
"USA","NBORNPARTICIP","MEN","PC_NBORNLF","A","2001",81.1,
"USA","NBORNPARTICIP","MEN","PC_NBORNLF","A","2002",80.6,
"USA","NBORNPARTICIP","MEN","PC_NBORNLF","A","2003",79.8,
"USA","NBORNPARTICIP","MEN","PC_NBORNLF","A","2004",79.3,
"USA","NBORNPARTICIP","MEN","PC_NBORNLF","A","2005",79.2,
"USA","NBORNPARTICIP","MEN","PC_NBORNLF","A","2006",79.2,
"USA","NBORNPARTICIP","MEN","PC_NBORNLF","A","2007",78.8,
"USA","NBORNPARTICIP","MEN","PC_NBORNLF","A","2008",78.4,
"USA","NBORNPARTICIP","MEN","PC_NBORNLF","A","2009",77.4,
"USA","NBORNPARTICIP","MEN","PC_NBORNLF","A","2010",76.6,
"USA","NBORNPARTICIP","MEN","PC_NBORNLF","A","2011",75.8,
"USA","NBORNPARTICIP","MEN","PC_NBORNLF","A","2012",75.9,
"USA","NBORNPARTICIP","MEN","PC_NBORNLF","A","2013",75.5,
"USA","NBORNPARTICIP","MEN","PC_NBORNLF","A","2014",75.3,
"USA","NBORNPARTICIP","MEN","PC_NBORNLF","A","2015",75.3,
"USA","NBORNPARTICIP","MEN","PC_NBORNLF","A","2016",75.7,
"USA","NBORNPARTICIP","TOT","PC_NBORNLF","A","2000",76.3,
"USA","NBORNPARTICIP","TOT","PC_NBORNLF","A","2001",75.8,
"USA","NBORNPARTICIP","TOT","PC_NBORNLF","A","2002",75.4,
"USA","NBORNPARTICIP","TOT","PC_NBORNLF","A","2003",74.7,
"USA","NBORNPARTICIP","TOT","PC_NBORNLF","A","2004",74.2,
"USA","NBORNPARTICIP","TOT","PC_NBORNLF","A","2005",74.2,
"USA","NBORNPARTICIP","TOT","PC_NBORNLF","A","2006",74.2,
"USA","NBORNPARTICIP","TOT","PC_NBORNLF","A","2007",73.9,
"USA","NBORNPARTICIP","TOT","PC_NBORNLF","A","2008",73.8,
"USA","NBORNPARTICIP","TOT","PC_NBORNLF","A","2009",73,
"USA","NBORNPARTICIP","TOT","PC_NBORNLF","A","2010",72.3,
"USA","NBORNPARTICIP","TOT","PC_NBORNLF","A","2011",71.7,
"USA","NBORNPARTICIP","TOT","PC_NBORNLF","A","2012",71.5,
"USA","NBORNPARTICIP","TOT","PC_NBORNLF","A","2013",71.2,
"USA","NBORNPARTICIP","TOT","PC_NBORNLF","A","2014",71.1,
"USA","NBORNPARTICIP","TOT","PC_NBORNLF","A","2015",71.1,
"USA","NBORNPARTICIP","TOT","PC_NBORNLF","A","2016",71.5,
"USA","NBORNPARTICIP","WOMEN","PC_NBORNLF","A","2000",71.1,
"USA","NBORNPARTICIP","WOMEN","PC_NBORNLF","A","2001",70.7,
"USA","NBORNPARTICIP","WOMEN","PC_NBORNLF","A","2002",70.4,
"USA","NBORNPARTICIP","WOMEN","PC_NBORNLF","A","2003",69.8,
"USA","NBORNPARTICIP","WOMEN","PC_NBORNLF","A","2004",69.4,
"USA","NBORNPARTICIP","WOMEN","PC_NBORNLF","A","2005",69.4,
"USA","NBORNPARTICIP","WOMEN","PC_NBORNLF","A","2006",69.3,
"USA","NBORNPARTICIP","WOMEN","PC_NBORNLF","A","2007",69.1,
"USA","NBORNPARTICIP","WOMEN","PC_NBORNLF","A","2008",69.3,
"USA","NBORNPARTICIP","WOMEN","PC_NBORNLF","A","2009",68.7,
"USA","NBORNPARTICIP","WOMEN","PC_NBORNLF","A","2010",68.1,
"USA","NBORNPARTICIP","WOMEN","PC_NBORNLF","A","2011",67.6,
"USA","NBORNPARTICIP","WOMEN","PC_NBORNLF","A","2012",67.3,
"USA","NBORNPARTICIP","WOMEN","PC_NBORNLF","A","2013",67,
"USA","NBORNPARTICIP","WOMEN","PC_NBORNLF","A","2014",67.1,
"USA","NBORNPARTICIP","WOMEN","PC_NBORNLF","A","2015",67.1,
"USA","NBORNPARTICIP","WOMEN","PC_NBORNLF","A","2016",67.5,
"CHL","NBORNPARTICIP","MEN","PC_NBORNLF","A","2006",77,
"CHL","NBORNPARTICIP","MEN","PC_NBORNLF","A","2009",75.8,
"CHL","NBORNPARTICIP","MEN","PC_NBORNLF","A","2011",75.8,
"CHL","NBORNPARTICIP","MEN","PC_NBORNLF","A","2013",76,
"CHL","NBORNPARTICIP","MEN","PC_NBORNLF","A","2015",76.6,
"CHL","NBORNPARTICIP","TOT","PC_NBORNLF","A","2006",61.5,
"CHL","NBORNPARTICIP","TOT","PC_NBORNLF","A","2009",60.8,
"CHL","NBORNPARTICIP","TOT","PC_NBORNLF","A","2011",61.7,
"CHL","NBORNPARTICIP","TOT","PC_NBORNLF","A","2013",62.8,
"CHL","NBORNPARTICIP","TOT","PC_NBORNLF","A","2015",64.4,
"CHL","NBORNPARTICIP","WOMEN","PC_NBORNLF","A","2006",46.8,
"CHL","NBORNPARTICIP","WOMEN","PC_NBORNLF","A","2009",47,
"CHL","NBORNPARTICIP","WOMEN","PC_NBORNLF","A","2011",49,
"CHL","NBORNPARTICIP","WOMEN","PC_NBORNLF","A","2013",51,
"CHL","NBORNPARTICIP","WOMEN","PC_NBORNLF","A","2015",53.5,
"EST","NBORNPARTICIP","MEN","PC_NBORNLF","A","2000",73.2,
"EST","NBORNPARTICIP","MEN","PC_NBORNLF","A","2001",72.5,
"EST","NBORNPARTICIP","MEN","PC_NBORNLF","A","2002",72.5,
"EST","NBORNPARTICIP","MEN","PC_NBORNLF","A","2003",74,
"EST","NBORNPARTICIP","MEN","PC_NBORNLF","A","2004",73.4,
"EST","NBORNPARTICIP","MEN","PC_NBORNLF","A","2005",72,
"EST","NBORNPARTICIP","MEN","PC_NBORNLF","A","2006",74.5,
"EST","NBORNPARTICIP","MEN","PC_NBORNLF","A","2007",76.3,
"EST","NBORNPARTICIP","MEN","PC_NBORNLF","A","2008",76.9,
"EST","NBORNPARTICIP","MEN","PC_NBORNLF","A","2009",76.5,
"EST","NBORNPARTICIP","MEN","PC_NBORNLF","A","2010",76.1,
"EST","NBORNPARTICIP","MEN","PC_NBORNLF","A","2011",77.4,
"EST","NBORNPARTICIP","MEN","PC_NBORNLF","A","2012",77.8,
"EST","NBORNPARTICIP","MEN","PC_NBORNLF","A","2013",78.3,
"EST","NBORNPARTICIP","MEN","PC_NBORNLF","A","2014",79,
"EST","NBORNPARTICIP","MEN","PC_NBORNLF","A","2015",80.3,
"EST","NBORNPARTICIP","MEN","PC_NBORNLF","A","2016",81.5,
"EST","NBORNPARTICIP","TOT","PC_NBORNLF","A","2000",68.8,
"EST","NBORNPARTICIP","TOT","PC_NBORNLF","A","2001",68.7,
"EST","NBORNPARTICIP","TOT","PC_NBORNLF","A","2002",67.2,
"EST","NBORNPARTICIP","TOT","PC_NBORNLF","A","2003",69.1,
"EST","NBORNPARTICIP","TOT","PC_NBORNLF","A","2004",68.9,
"EST","NBORNPARTICIP","TOT","PC_NBORNLF","A","2005",68.6,
"EST","NBORNPARTICIP","TOT","PC_NBORNLF","A","2006",71.3,
"EST","NBORNPARTICIP","TOT","PC_NBORNLF","A","2007",71.7,
"EST","NBORNPARTICIP","TOT","PC_NBORNLF","A","2008",73,
"EST","NBORNPARTICIP","TOT","PC_NBORNLF","A","2009",72.9,
"EST","NBORNPARTICIP","TOT","PC_NBORNLF","A","2010",73.2,
"EST","NBORNPARTICIP","TOT","PC_NBORNLF","A","2011",74.3,
"EST","NBORNPARTICIP","TOT","PC_NBORNLF","A","2012",74.5,
"EST","NBORNPARTICIP","TOT","PC_NBORNLF","A","2013",74.9,
"EST","NBORNPARTICIP","TOT","PC_NBORNLF","A","2014",75.3,
"EST","NBORNPARTICIP","TOT","PC_NBORNLF","A","2015",76.7,
"EST","NBORNPARTICIP","TOT","PC_NBORNLF","A","2016",77.4,
"EST","NBORNPARTICIP","WOMEN","PC_NBORNLF","A","2000",64.6,
"EST","NBORNPARTICIP","WOMEN","PC_NBORNLF","A","2001",65,
"EST","NBORNPARTICIP","WOMEN","PC_NBORNLF","A","2002",62.2,
"EST","NBORNPARTICIP","WOMEN","PC_NBORNLF","A","2003",64.5,
"EST","NBORNPARTICIP","WOMEN","PC_NBORNLF","A","2004",64.5,
"EST","NBORNPARTICIP","WOMEN","PC_NBORNLF","A","2005",65.4,
"EST","NBORNPARTICIP","WOMEN","PC_NBORNLF","A","2006",68.2,
"EST","NBORNPARTICIP","WOMEN","PC_NBORNLF","A","2007",67.3,
"EST","NBORNPARTICIP","WOMEN","PC_NBORNLF","A","2008",69.3,
"EST","NBORNPARTICIP","WOMEN","PC_NBORNLF","A","2009",69.6,
"EST","NBORNPARTICIP","WOMEN","PC_NBORNLF","A","2010",70.4,
"EST","NBORNPARTICIP","WOMEN","PC_NBORNLF","A","2011",71.3,
"EST","NBORNPARTICIP","WOMEN","PC_NBORNLF","A","2012",71.2,
"EST","NBORNPARTICIP","WOMEN","PC_NBORNLF","A","2013",71.5,
"EST","NBORNPARTICIP","WOMEN","PC_NBORNLF","A","2014",71.6,
"EST","NBORNPARTICIP","WOMEN","PC_NBORNLF","A","2015",73.2,
"EST","NBORNPARTICIP","WOMEN","PC_NBORNLF","A","2016",73.4,
"ISR","NBORNPARTICIP","MEN","PC_NBORNLF","A","2012",74.1,
"ISR","NBORNPARTICIP","MEN","PC_NBORNLF","A","2013",74.1,
"ISR","NBORNPARTICIP","MEN","PC_NBORNLF","A","2014",74.1,
"ISR","NBORNPARTICIP","MEN","PC_NBORNLF","A","2015",74.3,
"ISR","NBORNPARTICIP","MEN","PC_NBORNLF","A","2016",73.7,
"ISR","NBORNPARTICIP","TOT","PC_NBORNLF","A","2012",69.2,
"ISR","NBORNPARTICIP","TOT","PC_NBORNLF","A","2013",69.3,
"ISR","NBORNPARTICIP","TOT","PC_NBORNLF","A","2014",69.7,
"ISR","NBORNPARTICIP","TOT","PC_NBORNLF","A","2015",69.7,
"ISR","NBORNPARTICIP","TOT","PC_NBORNLF","A","2016",69.5,
"ISR","NBORNPARTICIP","WOMEN","PC_NBORNLF","A","2012",64.1,
"ISR","NBORNPARTICIP","WOMEN","PC_NBORNLF","A","2013",64.4,
"ISR","NBORNPARTICIP","WOMEN","PC_NBORNLF","A","2014",65.1,
"ISR","NBORNPARTICIP","WOMEN","PC_NBORNLF","A","2015",65,
"ISR","NBORNPARTICIP","WOMEN","PC_NBORNLF","A","2016",65.3,
"SVN","NBORNPARTICIP","MEN","PC_NBORNLF","A","2000",71.4,
"SVN","NBORNPARTICIP","MEN","PC_NBORNLF","A","2001",72,
"SVN","NBORNPARTICIP","MEN","PC_NBORNLF","A","2002",72.8,
"SVN","NBORNPARTICIP","MEN","PC_NBORNLF","A","2003",71.5,
"SVN","NBORNPARTICIP","MEN","PC_NBORNLF","A","2004",74.3,
"SVN","NBORNPARTICIP","MEN","PC_NBORNLF","A","2005",74.9,
"SVN","NBORNPARTICIP","MEN","PC_NBORNLF","A","2006",74.8,
"SVN","NBORNPARTICIP","MEN","PC_NBORNLF","A","2007",75.7,
"SVN","NBORNPARTICIP","MEN","PC_NBORNLF","A","2008",75.6,
"SVN","NBORNPARTICIP","MEN","PC_NBORNLF","A","2009",75.5,
"SVN","NBORNPARTICIP","MEN","PC_NBORNLF","A","2010",75.1,
"SVN","NBORNPARTICIP","MEN","PC_NBORNLF","A","2011",73.7,
"SVN","NBORNPARTICIP","MEN","PC_NBORNLF","A","2012",73.3,
"SVN","NBORNPARTICIP","MEN","PC_NBORNLF","A","2013",73.6,
"SVN","NBORNPARTICIP","MEN","PC_NBORNLF","A","2014",74.3,
"SVN","NBORNPARTICIP","MEN","PC_NBORNLF","A","2015",75.2,
"SVN","NBORNPARTICIP","MEN","PC_NBORNLF","A","2016",74.3,
"SVN","NBORNPARTICIP","TOT","PC_NBORNLF","A","2000",67.1,
"SVN","NBORNPARTICIP","TOT","PC_NBORNLF","A","2001",67,
"SVN","NBORNPARTICIP","TOT","PC_NBORNLF","A","2002",68.2,
"SVN","NBORNPARTICIP","TOT","PC_NBORNLF","A","2003",66.7,
"SVN","NBORNPARTICIP","TOT","PC_NBORNLF","A","2004",69.9,
"SVN","NBORNPARTICIP","TOT","PC_NBORNLF","A","2005",70.5,
"SVN","NBORNPARTICIP","TOT","PC_NBORNLF","A","2006",70.8,
"SVN","NBORNPARTICIP","TOT","PC_NBORNLF","A","2007",71.2,
"SVN","NBORNPARTICIP","TOT","PC_NBORNLF","A","2008",71.7,
"SVN","NBORNPARTICIP","TOT","PC_NBORNLF","A","2009",71.9,
"SVN","NBORNPARTICIP","TOT","PC_NBORNLF","A","2010",71.4,
"SVN","NBORNPARTICIP","TOT","PC_NBORNLF","A","2011",70.3,
"SVN","NBORNPARTICIP","TOT","PC_NBORNLF","A","2012",70.3,
"SVN","NBORNPARTICIP","TOT","PC_NBORNLF","A","2013",70.4,
"SVN","NBORNPARTICIP","TOT","PC_NBORNLF","A","2014",71.4,
"SVN","NBORNPARTICIP","TOT","PC_NBORNLF","A","2015",72,
"SVN","NBORNPARTICIP","TOT","PC_NBORNLF","A","2016",71.8,
"SVN","NBORNPARTICIP","WOMEN","PC_NBORNLF","A","2000",62.6,
"SVN","NBORNPARTICIP","WOMEN","PC_NBORNLF","A","2001",61.9,
"SVN","NBORNPARTICIP","WOMEN","PC_NBORNLF","A","2002",63.4,
"SVN","NBORNPARTICIP","WOMEN","PC_NBORNLF","A","2003",61.7,
"SVN","NBORNPARTICIP","WOMEN","PC_NBORNLF","A","2004",65.4,
"SVN","NBORNPARTICIP","WOMEN","PC_NBORNLF","A","2005",66,
"SVN","NBORNPARTICIP","WOMEN","PC_NBORNLF","A","2006",66.6,
"SVN","NBORNPARTICIP","WOMEN","PC_NBORNLF","A","2007",66.6,
"SVN","NBORNPARTICIP","WOMEN","PC_NBORNLF","A","2008",67.7,
"SVN","NBORNPARTICIP","WOMEN","PC_NBORNLF","A","2009",68.1,
"SVN","NBORNPARTICIP","WOMEN","PC_NBORNLF","A","2010",67.5,
"SVN","NBORNPARTICIP","WOMEN","PC_NBORNLF","A","2011",66.8,
"SVN","NBORNPARTICIP","WOMEN","PC_NBORNLF","A","2012",67.1,
"SVN","NBORNPARTICIP","WOMEN","PC_NBORNLF","A","2013",67,
"SVN","NBORNPARTICIP","WOMEN","PC_NBORNLF","A","2014",68.3,
"SVN","NBORNPARTICIP","WOMEN","PC_NBORNLF","A","2015",68.6,
"SVN","NBORNPARTICIP","WOMEN","PC_NBORNLF","A","2016",69.2,
"OECD","NBORNPARTICIP","MEN","PC_NBORNLF","A","2001",74,
"OECD","NBORNPARTICIP","MEN","PC_NBORNLF","A","2002",78,
"OECD","NBORNPARTICIP","MEN","PC_NBORNLF","A","2003",78,
"OECD","NBORNPARTICIP","MEN","PC_NBORNLF","A","2004",78,
"OECD","NBORNPARTICIP","MEN","PC_NBORNLF","A","2005",78,
"OECD","NBORNPARTICIP","MEN","PC_NBORNLF","A","2006",78,
"OECD","NBORNPARTICIP","MEN","PC_NBORNLF","A","2007",78,
"OECD","NBORNPARTICIP","MEN","PC_NBORNLF","A","2008",78,
"OECD","NBORNPARTICIP","MEN","PC_NBORNLF","A","2009",78,
"OECD","NBORNPARTICIP","MEN","PC_NBORNLF","A","2010",78,
"OECD","NBORNPARTICIP","MEN","PC_NBORNLF","A","2011",78,
"OECD","NBORNPARTICIP","MEN","PC_NBORNLF","A","2012",79,
"OECD","NBORNPARTICIP","MEN","PC_NBORNLF","A","2013",79,
"OECD","NBORNPARTICIP","TOT","PC_NBORNLF","A","2001",71,
"OECD","NBORNPARTICIP","TOT","PC_NBORNLF","A","2002",71,
"OECD","NBORNPARTICIP","TOT","PC_NBORNLF","A","2003",71,
"OECD","NBORNPARTICIP","TOT","PC_NBORNLF","A","2004",71,
"OECD","NBORNPARTICIP","TOT","PC_NBORNLF","A","2005",72,
"OECD","NBORNPARTICIP","TOT","PC_NBORNLF","A","2006",72,
"OECD","NBORNPARTICIP","TOT","PC_NBORNLF","A","2007",72,
"OECD","NBORNPARTICIP","TOT","PC_NBORNLF","A","2008",72,
"OECD","NBORNPARTICIP","TOT","PC_NBORNLF","A","2009",72,
"OECD","NBORNPARTICIP","TOT","PC_NBORNLF","A","2010",72,
"OECD","NBORNPARTICIP","TOT","PC_NBORNLF","A","2011",72,
"OECD","NBORNPARTICIP","TOT","PC_NBORNLF","A","2012",73,
"OECD","NBORNPARTICIP","TOT","PC_NBORNLF","A","2013",73,
"OECD","NBORNPARTICIP","WOMEN","PC_NBORNLF","A","2001",64,
"OECD","NBORNPARTICIP","WOMEN","PC_NBORNLF","A","2002",64,
"OECD","NBORNPARTICIP","WOMEN","PC_NBORNLF","A","2003",64,
"OECD","NBORNPARTICIP","WOMEN","PC_NBORNLF","A","2004",64,
"OECD","NBORNPARTICIP","WOMEN","PC_NBORNLF","A","2005",65,
"OECD","NBORNPARTICIP","WOMEN","PC_NBORNLF","A","2006",65,
"OECD","NBORNPARTICIP","WOMEN","PC_NBORNLF","A","2007",65,
"OECD","NBORNPARTICIP","WOMEN","PC_NBORNLF","A","2008",66,
"OECD","NBORNPARTICIP","WOMEN","PC_NBORNLF","A","2009",65,
"OECD","NBORNPARTICIP","WOMEN","PC_NBORNLF","A","2010",66,
"OECD","NBORNPARTICIP","WOMEN","PC_NBORNLF","A","2011",66,
"OECD","NBORNPARTICIP","WOMEN","PC_NBORNLF","A","2012",67,
"OECD","NBORNPARTICIP","WOMEN","PC_NBORNLF","A","2013",67,
"EU28","NBORNPARTICIP","MEN","PC_NBORNLF","A","2003",78.6,
"EU28","NBORNPARTICIP","MEN","PC_NBORNLF","A","2004",76.9,
"EU28","NBORNPARTICIP","MEN","PC_NBORNLF","A","2005",77.1,
"EU28","NBORNPARTICIP","MEN","PC_NBORNLF","A","2006",77.1,
"EU28","NBORNPARTICIP","MEN","PC_NBORNLF","A","2007",77.1,
"EU28","NBORNPARTICIP","MEN","PC_NBORNLF","A","2008",77.3,
"EU28","NBORNPARTICIP","MEN","PC_NBORNLF","A","2009",77.1,
"EU28","NBORNPARTICIP","MEN","PC_NBORNLF","A","2010",77,
"EU28","NBORNPARTICIP","MEN","PC_NBORNLF","A","2011",76.9,
"EU28","NBORNPARTICIP","MEN","PC_NBORNLF","A","2012",77.3,
"EU28","NBORNPARTICIP","MEN","PC_NBORNLF","A","2013",77.4,
"EU28","NBORNPARTICIP","MEN","PC_NBORNLF","A","2014",77.6,
"EU28","NBORNPARTICIP","TOT","PC_NBORNLF","A","2003",71.3,
"EU28","NBORNPARTICIP","TOT","PC_NBORNLF","A","2004",70,
"EU28","NBORNPARTICIP","TOT","PC_NBORNLF","A","2005",69.8,
"EU28","NBORNPARTICIP","TOT","PC_NBORNLF","A","2006",70.1,
"EU28","NBORNPARTICIP","TOT","PC_NBORNLF","A","2007",70.2,
"EU28","NBORNPARTICIP","TOT","PC_NBORNLF","A","2008",70.5,
"EU28","NBORNPARTICIP","TOT","PC_NBORNLF","A","2009",70.6,
"EU28","NBORNPARTICIP","TOT","PC_NBORNLF","A","2010",70.8,
"EU28","NBORNPARTICIP","TOT","PC_NBORNLF","A","2011",70.9,
"EU28","NBORNPARTICIP","TOT","PC_NBORNLF","A","2012",71.5,
"EU28","NBORNPARTICIP","TOT","PC_NBORNLF","A","2013",71.8,
"EU28","NBORNPARTICIP","TOT","PC_NBORNLF","A","2014",72.2,
"EU28","NBORNPARTICIP","WOMEN","PC_NBORNLF","A","2003",64,
"EU28","NBORNPARTICIP","WOMEN","PC_NBORNLF","A","2004",63.2,
"EU28","NBORNPARTICIP","WOMEN","PC_NBORNLF","A","2005",62.6,
"EU28","NBORNPARTICIP","WOMEN","PC_NBORNLF","A","2006",63.1,
"EU28","NBORNPARTICIP","WOMEN","PC_NBORNLF","A","2007",63.3,
"EU28","NBORNPARTICIP","WOMEN","PC_NBORNLF","A","2008",63.8,
"EU28","NBORNPARTICIP","WOMEN","PC_NBORNLF","A","2009",64.2,
"EU28","NBORNPARTICIP","WOMEN","PC_NBORNLF","A","2010",64.5,
"EU28","NBORNPARTICIP","WOMEN","PC_NBORNLF","A","2011",64.8,
"EU28","NBORNPARTICIP","WOMEN","PC_NBORNLF","A","2012",65.7,
"EU28","NBORNPARTICIP","WOMEN","PC_NBORNLF","A","2013",66.2,
"EU28","NBORNPARTICIP","WOMEN","PC_NBORNLF","A","2014",66.8,
