﻿"LOCATION","INDICATOR","SUBJECT","MEASURE","FREQUENCY","TIME","Value","Flag Codes"
"AUS","PATENT","TOT","NBR","A","1985",153.3452,
"AUS","PATENT","TOT","NBR","A","1986",179.5213,
"AUS","PATENT","TOT","NBR","A","1987",187.8355,
"AUS","PATENT","TOT","NBR","A","1988",135.0797,
"AUS","PATENT","TOT","NBR","A","1989",145.6167,
"AUS","PATENT","TOT","NBR","A","1990",185.8875,
"AUS","PATENT","TOT","NBR","A","1991",188.7245,
"AUS","PATENT","TOT","NBR","A","1992",194.5009,
"AUS","PATENT","TOT","NBR","A","1993",205.8244,
"AUS","PATENT","TOT","NBR","A","1994",243.4016,
"AUS","PATENT","TOT","NBR","A","1995",238.572,
"AUS","PATENT","TOT","NBR","A","1996",246.0313,
"AUS","PATENT","TOT","NBR","A","1997",300.8672,
"AUS","PATENT","TOT","NBR","A","1998",322.6949,
"AUS","PATENT","TOT","NBR","A","1999",335.4745,
"AUS","PATENT","TOT","NBR","A","2000",516.4744,
"AUS","PATENT","TOT","NBR","A","2001",465.0489,
"AUS","PATENT","TOT","NBR","A","2002",491.3955,
"AUS","PATENT","TOT","NBR","A","2003",495.7777,
"AUS","PATENT","TOT","NBR","A","2004",521.5104,
"AUS","PATENT","TOT","NBR","A","2005",479.4544,
"AUS","PATENT","TOT","NBR","A","2006",362.7015,
"AUS","PATENT","TOT","NBR","A","2007",346.6251,
"AUS","PATENT","TOT","NBR","A","2008",316.605,
"AUS","PATENT","TOT","NBR","A","2009",348.3667,
"AUS","PATENT","TOT","NBR","A","2010",306.9248,
"AUS","PATENT","TOT","NBR","A","2011",319.1183,
"AUS","PATENT","TOT","NBR","A","2012",332.0788,
"AUS","PATENT","TOT","NBR","A","2013",330.4669,
"AUS","PATENT","TOT","NBR","A","2014",332.4259,
"AUT","PATENT","TOT","NBR","A","1985",162.0226,
"AUT","PATENT","TOT","NBR","A","1986",157.9,
"AUT","PATENT","TOT","NBR","A","1987",181.9342,
"AUT","PATENT","TOT","NBR","A","1988",213.7556,
"AUT","PATENT","TOT","NBR","A","1989",200.2913,
"AUT","PATENT","TOT","NBR","A","1990",175.0834,
"AUT","PATENT","TOT","NBR","A","1991",189.6622,
"AUT","PATENT","TOT","NBR","A","1992",148.1911,
"AUT","PATENT","TOT","NBR","A","1993",180.4643,
"AUT","PATENT","TOT","NBR","A","1994",213.0989,
"AUT","PATENT","TOT","NBR","A","1995",226.3082,
"AUT","PATENT","TOT","NBR","A","1996",215.7495,
"AUT","PATENT","TOT","NBR","A","1997",263.0844,
"AUT","PATENT","TOT","NBR","A","1998",276.2102,
"AUT","PATENT","TOT","NBR","A","1999",279.1973,
"AUT","PATENT","TOT","NBR","A","2000",346.5143,
"AUT","PATENT","TOT","NBR","A","2001",339.2433,
"AUT","PATENT","TOT","NBR","A","2002",348.3515,
"AUT","PATENT","TOT","NBR","A","2003",347.5437,
"AUT","PATENT","TOT","NBR","A","2004",352.397,
"AUT","PATENT","TOT","NBR","A","2005",408.8634,
"AUT","PATENT","TOT","NBR","A","2006",354.8874,
"AUT","PATENT","TOT","NBR","A","2007",376.424,
"AUT","PATENT","TOT","NBR","A","2008",341.9385,
"AUT","PATENT","TOT","NBR","A","2009",368.6357,
"AUT","PATENT","TOT","NBR","A","2010",388.3561,
"AUT","PATENT","TOT","NBR","A","2011",362.8902,
"AUT","PATENT","TOT","NBR","A","2012",371.7874,
"AUT","PATENT","TOT","NBR","A","2013",404.3611,
"AUT","PATENT","TOT","NBR","A","2014",430.1203,
"BEL","PATENT","TOT","NBR","A","1985",165.2021,
"BEL","PATENT","TOT","NBR","A","1986",175.018,
"BEL","PATENT","TOT","NBR","A","1987",188.9786,
"BEL","PATENT","TOT","NBR","A","1988",194.6786,
"BEL","PATENT","TOT","NBR","A","1989",247.9681,
"BEL","PATENT","TOT","NBR","A","1990",221.7952,
"BEL","PATENT","TOT","NBR","A","1991",255.5585,
"BEL","PATENT","TOT","NBR","A","1992",296.7621,
"BEL","PATENT","TOT","NBR","A","1993",351.4256,
"BEL","PATENT","TOT","NBR","A","1994",357.5952,
"BEL","PATENT","TOT","NBR","A","1995",376.9624,
"BEL","PATENT","TOT","NBR","A","1996",365.8396,
"BEL","PATENT","TOT","NBR","A","1997",445.7175,
"BEL","PATENT","TOT","NBR","A","1998",414.9288,
"BEL","PATENT","TOT","NBR","A","1999",405.5783,
"BEL","PATENT","TOT","NBR","A","2000",455.004,
"BEL","PATENT","TOT","NBR","A","2001",439.7281,
"BEL","PATENT","TOT","NBR","A","2002",473.2659,
"BEL","PATENT","TOT","NBR","A","2003",463.9241,
"BEL","PATENT","TOT","NBR","A","2004",566.8331,
"BEL","PATENT","TOT","NBR","A","2005",542.9399,
"BEL","PATENT","TOT","NBR","A","2006",477.0633,
"BEL","PATENT","TOT","NBR","A","2007",430.6237,
"BEL","PATENT","TOT","NBR","A","2008",458.3944,
"BEL","PATENT","TOT","NBR","A","2009",479.0025,
"BEL","PATENT","TOT","NBR","A","2010",461.3871,
"BEL","PATENT","TOT","NBR","A","2011",460.0019,
"BEL","PATENT","TOT","NBR","A","2012",425.7367,
"BEL","PATENT","TOT","NBR","A","2013",437.7404,
"BEL","PATENT","TOT","NBR","A","2014",442.453,
"CAN","PATENT","TOT","NBR","A","1985",205.7241,
"CAN","PATENT","TOT","NBR","A","1986",221.0536,
"CAN","PATENT","TOT","NBR","A","1987",291.2994,
"CAN","PATENT","TOT","NBR","A","1988",254.0721,
"CAN","PATENT","TOT","NBR","A","1989",320.0611,
"CAN","PATENT","TOT","NBR","A","1990",290.7644,
"CAN","PATENT","TOT","NBR","A","1991",298.7829,
"CAN","PATENT","TOT","NBR","A","1992",287.9632,
"CAN","PATENT","TOT","NBR","A","1993",305.9511,
"CAN","PATENT","TOT","NBR","A","1994",371.9607,
"CAN","PATENT","TOT","NBR","A","1995",390.841,
"CAN","PATENT","TOT","NBR","A","1996",433.5077,
"CAN","PATENT","TOT","NBR","A","1997",547.2409,
"CAN","PATENT","TOT","NBR","A","1998",566.6505,
"CAN","PATENT","TOT","NBR","A","1999",565.9148,
"CAN","PATENT","TOT","NBR","A","2000",613.2701,
"CAN","PATENT","TOT","NBR","A","2001",635.4504,
"CAN","PATENT","TOT","NBR","A","2002",678.2509,
"CAN","PATENT","TOT","NBR","A","2003",673.1196,
"CAN","PATENT","TOT","NBR","A","2004",736.2429,
"CAN","PATENT","TOT","NBR","A","2005",715.9148,
"CAN","PATENT","TOT","NBR","A","2006",667.1321,
"CAN","PATENT","TOT","NBR","A","2007",683.2776,
"CAN","PATENT","TOT","NBR","A","2008",683.9983,
"CAN","PATENT","TOT","NBR","A","2009",675.4749,
"CAN","PATENT","TOT","NBR","A","2010",548.8973,
"CAN","PATENT","TOT","NBR","A","2011",581.6623,
"CAN","PATENT","TOT","NBR","A","2012",520.3781,
"CAN","PATENT","TOT","NBR","A","2013",505.0593,
"CAN","PATENT","TOT","NBR","A","2014",490.2274,
"CZE","PATENT","TOT","NBR","A","1985",6.5833,
"CZE","PATENT","TOT","NBR","A","1986",8.4167,
"CZE","PATENT","TOT","NBR","A","1987",6.5,
"CZE","PATENT","TOT","NBR","A","1988",11.75,
"CZE","PATENT","TOT","NBR","A","1989",10.5782,
"CZE","PATENT","TOT","NBR","A","1990",7.3889,
"CZE","PATENT","TOT","NBR","A","1991",10.8667,
"CZE","PATENT","TOT","NBR","A","1992",6.5952,
"CZE","PATENT","TOT","NBR","A","1993",8.8627,
"CZE","PATENT","TOT","NBR","A","1994",5.2309,
"CZE","PATENT","TOT","NBR","A","1995",3.0468,
"CZE","PATENT","TOT","NBR","A","1996",12.2817,
"CZE","PATENT","TOT","NBR","A","1997",11.1541,
"CZE","PATENT","TOT","NBR","A","1998",16.1389,
"CZE","PATENT","TOT","NBR","A","1999",11.8138,
"CZE","PATENT","TOT","NBR","A","2000",10.2278,
"CZE","PATENT","TOT","NBR","A","2001",19.8771,
"CZE","PATENT","TOT","NBR","A","2002",23.2422,
"CZE","PATENT","TOT","NBR","A","2003",22.1039,
"CZE","PATENT","TOT","NBR","A","2004",24.2508,
"CZE","PATENT","TOT","NBR","A","2005",24.9767,
"CZE","PATENT","TOT","NBR","A","2006",27.5115,
"CZE","PATENT","TOT","NBR","A","2007",23.2865,
"CZE","PATENT","TOT","NBR","A","2008",27.9002,
"CZE","PATENT","TOT","NBR","A","2009",17.6284,
"CZE","PATENT","TOT","NBR","A","2010",15.1286,
"CZE","PATENT","TOT","NBR","A","2011",34.2561,
"CZE","PATENT","TOT","NBR","A","2012",36.4298,
"CZE","PATENT","TOT","NBR","A","2013",40.0462,
"CZE","PATENT","TOT","NBR","A","2014",41.0946,
"DNK","PATENT","TOT","NBR","A","1985",80.524,
"DNK","PATENT","TOT","NBR","A","1986",94.0034,
"DNK","PATENT","TOT","NBR","A","1987",97.6151,
"DNK","PATENT","TOT","NBR","A","1988",111.8323,
"DNK","PATENT","TOT","NBR","A","1989",120.09,
"DNK","PATENT","TOT","NBR","A","1990",125.3212,
"DNK","PATENT","TOT","NBR","A","1991",127.9158,
"DNK","PATENT","TOT","NBR","A","1992",144.4796,
"DNK","PATENT","TOT","NBR","A","1993",168.6665,
"DNK","PATENT","TOT","NBR","A","1994",188.5405,
"DNK","PATENT","TOT","NBR","A","1995",190.6677,
"DNK","PATENT","TOT","NBR","A","1996",235.4532,
"DNK","PATENT","TOT","NBR","A","1997",222.0154,
"DNK","PATENT","TOT","NBR","A","1998",284.364,
"DNK","PATENT","TOT","NBR","A","1999",267.586,
"DNK","PATENT","TOT","NBR","A","2000",289.8142,
"DNK","PATENT","TOT","NBR","A","2001",281.4673,
"DNK","PATENT","TOT","NBR","A","2002",287.6136,
"DNK","PATENT","TOT","NBR","A","2003",312.3924,
"DNK","PATENT","TOT","NBR","A","2004",368.5401,
"DNK","PATENT","TOT","NBR","A","2005",389.223,
"DNK","PATENT","TOT","NBR","A","2006",317.8311,
"DNK","PATENT","TOT","NBR","A","2007",315.7908,
"DNK","PATENT","TOT","NBR","A","2008",344.0814,
"DNK","PATENT","TOT","NBR","A","2009",257.4946,
"DNK","PATENT","TOT","NBR","A","2010",300.3246,
"DNK","PATENT","TOT","NBR","A","2011",256.3313,
"DNK","PATENT","TOT","NBR","A","2012",284.3659,
"DNK","PATENT","TOT","NBR","A","2013",296.4983,
"DNK","PATENT","TOT","NBR","A","2014",299.2158,
"FIN","PATENT","TOT","NBR","A","1985",57.5833,
"FIN","PATENT","TOT","NBR","A","1986",86.8574,
"FIN","PATENT","TOT","NBR","A","1987",113.4167,
"FIN","PATENT","TOT","NBR","A","1988",110.7929,
"FIN","PATENT","TOT","NBR","A","1989",130.0318,
"FIN","PATENT","TOT","NBR","A","1990",151.0378,
"FIN","PATENT","TOT","NBR","A","1991",176.9237,
"FIN","PATENT","TOT","NBR","A","1992",231.5369,
"FIN","PATENT","TOT","NBR","A","1993",256.0876,
"FIN","PATENT","TOT","NBR","A","1994",355.8151,
"FIN","PATENT","TOT","NBR","A","1995",322.1792,
"FIN","PATENT","TOT","NBR","A","1996",361.4817,
"FIN","PATENT","TOT","NBR","A","1997",457.1288,
"FIN","PATENT","TOT","NBR","A","1998",470.3089,
"FIN","PATENT","TOT","NBR","A","1999",483.8497,
"FIN","PATENT","TOT","NBR","A","2000",433.5201,
"FIN","PATENT","TOT","NBR","A","2001",416.2847,
"FIN","PATENT","TOT","NBR","A","2002",318.4079,
"FIN","PATENT","TOT","NBR","A","2003",349.6102,
"FIN","PATENT","TOT","NBR","A","2004",395.5587,
"FIN","PATENT","TOT","NBR","A","2005",391.2639,
"FIN","PATENT","TOT","NBR","A","2006",294.6176,
"FIN","PATENT","TOT","NBR","A","2007",259.3192,
"FIN","PATENT","TOT","NBR","A","2008",253.2067,
"FIN","PATENT","TOT","NBR","A","2009",223.6855,
"FIN","PATENT","TOT","NBR","A","2010",227.6798,
"FIN","PATENT","TOT","NBR","A","2011",225.7571,
"FIN","PATENT","TOT","NBR","A","2012",285.7565,
"FIN","PATENT","TOT","NBR","A","2013",286.6871,
"FIN","PATENT","TOT","NBR","A","2014",288.914,
"FRA","PATENT","TOT","NBR","A","1985",1494.3493,
"FRA","PATENT","TOT","NBR","A","1986",1548.4808,
"FRA","PATENT","TOT","NBR","A","1987",1748.5996,
"FRA","PATENT","TOT","NBR","A","1988",1825.7799,
"FRA","PATENT","TOT","NBR","A","1989",1943.4277,
"FRA","PATENT","TOT","NBR","A","1990",1910.5576,
"FRA","PATENT","TOT","NBR","A","1991",1864.7671,
"FRA","PATENT","TOT","NBR","A","1992",1710.192,
"FRA","PATENT","TOT","NBR","A","1993",1744.6507,
"FRA","PATENT","TOT","NBR","A","1994",1938.6714,
"FRA","PATENT","TOT","NBR","A","1995",1995.9576,
"FRA","PATENT","TOT","NBR","A","1996",2176.2429,
"FRA","PATENT","TOT","NBR","A","1997",2261.4754,
"FRA","PATENT","TOT","NBR","A","1998",2380.7535,
"FRA","PATENT","TOT","NBR","A","1999",2507.4671,
"FRA","PATENT","TOT","NBR","A","2000",2925.566,
"FRA","PATENT","TOT","NBR","A","2001",2809.1507,
"FRA","PATENT","TOT","NBR","A","2002",2753.9853,
"FRA","PATENT","TOT","NBR","A","2003",2755.6384,
"FRA","PATENT","TOT","NBR","A","2004",2966.2627,
"FRA","PATENT","TOT","NBR","A","2005",3048.1649,
"FRA","PATENT","TOT","NBR","A","2006",2886.8459,
"FRA","PATENT","TOT","NBR","A","2007",2783.8047,
"FRA","PATENT","TOT","NBR","A","2008",2885.7425,
"FRA","PATENT","TOT","NBR","A","2009",2724.4388,
"FRA","PATENT","TOT","NBR","A","2010",2458.6425,
"FRA","PATENT","TOT","NBR","A","2011",2598.5405,
"FRA","PATENT","TOT","NBR","A","2012",2415.5998,
"FRA","PATENT","TOT","NBR","A","2013",2440.6922,
"FRA","PATENT","TOT","NBR","A","2014",2503.4464,
"DEU","PATENT","TOT","NBR","A","1985",3628.9772,
"DEU","PATENT","TOT","NBR","A","1986",3853.338,
"DEU","PATENT","TOT","NBR","A","1987",4268.9059,
"DEU","PATENT","TOT","NBR","A","1988",4462.8624,
"DEU","PATENT","TOT","NBR","A","1989",4448.0334,
"DEU","PATENT","TOT","NBR","A","1990",4133.8498,
"DEU","PATENT","TOT","NBR","A","1991",3863.2652,
"DEU","PATENT","TOT","NBR","A","1992",3970.6013,
"DEU","PATENT","TOT","NBR","A","1993",4098.6752,
"DEU","PATENT","TOT","NBR","A","1994",4460.2185,
"DEU","PATENT","TOT","NBR","A","1995",4933.4341,
"DEU","PATENT","TOT","NBR","A","1996",5600.042,
"DEU","PATENT","TOT","NBR","A","1997",5795.7093,
"DEU","PATENT","TOT","NBR","A","1998",6344.7685,
"DEU","PATENT","TOT","NBR","A","1999",6434.32,
"DEU","PATENT","TOT","NBR","A","2000",7638.8614,
"DEU","PATENT","TOT","NBR","A","2001",7231.608,
"DEU","PATENT","TOT","NBR","A","2002",6882.9845,
"DEU","PATENT","TOT","NBR","A","2003",6742.5994,
"DEU","PATENT","TOT","NBR","A","2004",6994.4911,
"DEU","PATENT","TOT","NBR","A","2005",7139.0201,
"DEU","PATENT","TOT","NBR","A","2006",6531.5658,
"DEU","PATENT","TOT","NBR","A","2007",5807.0871,
"DEU","PATENT","TOT","NBR","A","2008",5471.1841,
"DEU","PATENT","TOT","NBR","A","2009",5554.5919,
"DEU","PATENT","TOT","NBR","A","2010",5058.6607,
"DEU","PATENT","TOT","NBR","A","2011",4804.3787,
"DEU","PATENT","TOT","NBR","A","2012",4611.9372,
"DEU","PATENT","TOT","NBR","A","2013",4573.2175,
"DEU","PATENT","TOT","NBR","A","2014",4509.3994,
"GRC","PATENT","TOT","NBR","A","1985",1.5,
"GRC","PATENT","TOT","NBR","A","1986",2.35,
"GRC","PATENT","TOT","NBR","A","1987",3.25,
"GRC","PATENT","TOT","NBR","A","1988",2.75,
"GRC","PATENT","TOT","NBR","A","1989",2.3333,
"GRC","PATENT","TOT","NBR","A","1990",4.456,
"GRC","PATENT","TOT","NBR","A","1991",5.7222,
"GRC","PATENT","TOT","NBR","A","1992",5.7667,
"GRC","PATENT","TOT","NBR","A","1993",2.6667,
"GRC","PATENT","TOT","NBR","A","1994",5.2778,
"GRC","PATENT","TOT","NBR","A","1995",1.6667,
"GRC","PATENT","TOT","NBR","A","1996",13.2333,
"GRC","PATENT","TOT","NBR","A","1997",9.4038,
"GRC","PATENT","TOT","NBR","A","1998",11.1011,
"GRC","PATENT","TOT","NBR","A","1999",7.5062,
"GRC","PATENT","TOT","NBR","A","2000",10.975,
"GRC","PATENT","TOT","NBR","A","2001",11.6266,
"GRC","PATENT","TOT","NBR","A","2002",12.011,
"GRC","PATENT","TOT","NBR","A","2003",20.4402,
"GRC","PATENT","TOT","NBR","A","2004",14.8667,
"GRC","PATENT","TOT","NBR","A","2005",24.0195,
"GRC","PATENT","TOT","NBR","A","2006",22.0179,
"GRC","PATENT","TOT","NBR","A","2007",13.9176,
"GRC","PATENT","TOT","NBR","A","2008",16.0833,
"GRC","PATENT","TOT","NBR","A","2009",15.4521,
"GRC","PATENT","TOT","NBR","A","2010",5.3324,
"GRC","PATENT","TOT","NBR","A","2011",10.6167,
"GRC","PATENT","TOT","NBR","A","2012",22.4416,
"GRC","PATENT","TOT","NBR","A","2013",22.8972,
"GRC","PATENT","TOT","NBR","A","2014",26.1411,
"HUN","PATENT","TOT","NBR","A","1985",44.2419,
"HUN","PATENT","TOT","NBR","A","1986",31.0417,
"HUN","PATENT","TOT","NBR","A","1987",38.9164,
"HUN","PATENT","TOT","NBR","A","1988",23.3119,
"HUN","PATENT","TOT","NBR","A","1989",45.039,
"HUN","PATENT","TOT","NBR","A","1990",26.6731,
"HUN","PATENT","TOT","NBR","A","1991",22.7405,
"HUN","PATENT","TOT","NBR","A","1992",19.1167,
"HUN","PATENT","TOT","NBR","A","1993",25.8512,
"HUN","PATENT","TOT","NBR","A","1994",20.4604,
"HUN","PATENT","TOT","NBR","A","1995",24.8167,
"HUN","PATENT","TOT","NBR","A","1996",24.7539,
"HUN","PATENT","TOT","NBR","A","1997",32.8667,
"HUN","PATENT","TOT","NBR","A","1998",18.7083,
"HUN","PATENT","TOT","NBR","A","1999",40.7928,
"HUN","PATENT","TOT","NBR","A","2000",41.7516,
"HUN","PATENT","TOT","NBR","A","2001",42.5456,
"HUN","PATENT","TOT","NBR","A","2002",37.1637,
"HUN","PATENT","TOT","NBR","A","2003",50.5841,
"HUN","PATENT","TOT","NBR","A","2004",59.6081,
"HUN","PATENT","TOT","NBR","A","2005",57.9779,
"HUN","PATENT","TOT","NBR","A","2006",47.388,
"HUN","PATENT","TOT","NBR","A","2007",58.9041,
"HUN","PATENT","TOT","NBR","A","2008",31.3895,
"HUN","PATENT","TOT","NBR","A","2009",50.895,
"HUN","PATENT","TOT","NBR","A","2010",36.763,
"HUN","PATENT","TOT","NBR","A","2011",43.3849,
"HUN","PATENT","TOT","NBR","A","2012",30.5754,
"HUN","PATENT","TOT","NBR","A","2013",30.3737,
"HUN","PATENT","TOT","NBR","A","2014",32.0339,
"ISL","PATENT","TOT","NBR","A","1985",0.5,
"ISL","PATENT","TOT","NBR","A","1986",1,
"ISL","PATENT","TOT","NBR","A","1987",0.1765,
"ISL","PATENT","TOT","NBR","A","1988",0.5833,
"ISL","PATENT","TOT","NBR","A","1989",0,
"ISL","PATENT","TOT","NBR","A","1990",1.3333,
"ISL","PATENT","TOT","NBR","A","1991",3,
"ISL","PATENT","TOT","NBR","A","1992",0,
"ISL","PATENT","TOT","NBR","A","1993",0.5,
"ISL","PATENT","TOT","NBR","A","1994",2.5,
"ISL","PATENT","TOT","NBR","A","1995",6,
"ISL","PATENT","TOT","NBR","A","1996",6.6,
"ISL","PATENT","TOT","NBR","A","1997",3.7449,
"ISL","PATENT","TOT","NBR","A","1998",4.8975,
"ISL","PATENT","TOT","NBR","A","1999",7.9744,
"ISL","PATENT","TOT","NBR","A","2000",13.1875,
"ISL","PATENT","TOT","NBR","A","2001",5.3939,
"ISL","PATENT","TOT","NBR","A","2002",13.6548,
"ISL","PATENT","TOT","NBR","A","2003",6.0837,
"ISL","PATENT","TOT","NBR","A","2004",5.4167,
"ISL","PATENT","TOT","NBR","A","2005",6.9101,
"ISL","PATENT","TOT","NBR","A","2006",7.5833,
"ISL","PATENT","TOT","NBR","A","2007",9.7167,
"ISL","PATENT","TOT","NBR","A","2008",5.5,
"ISL","PATENT","TOT","NBR","A","2009",2.0006,
"ISL","PATENT","TOT","NBR","A","2010",3.5,
"ISL","PATENT","TOT","NBR","A","2011",2.125,
"ISL","PATENT","TOT","NBR","A","2012",1.5,
"ISL","PATENT","TOT","NBR","A","2013",1.7308,
"ISL","PATENT","TOT","NBR","A","2014",1.8145,
"IRL","PATENT","TOT","NBR","A","1985",18.4167,
"IRL","PATENT","TOT","NBR","A","1986",18.1575,
"IRL","PATENT","TOT","NBR","A","1987",21.9556,
"IRL","PATENT","TOT","NBR","A","1988",18.0455,
"IRL","PATENT","TOT","NBR","A","1989",24.7937,
"IRL","PATENT","TOT","NBR","A","1990",27.1836,
"IRL","PATENT","TOT","NBR","A","1991",29.2799,
"IRL","PATENT","TOT","NBR","A","1992",24.1892,
"IRL","PATENT","TOT","NBR","A","1993",19.094,
"IRL","PATENT","TOT","NBR","A","1994",34.8431,
"IRL","PATENT","TOT","NBR","A","1995",31.2069,
"IRL","PATENT","TOT","NBR","A","1996",29.7541,
"IRL","PATENT","TOT","NBR","A","1997",38.1702,
"IRL","PATENT","TOT","NBR","A","1998",40.1105,
"IRL","PATENT","TOT","NBR","A","1999",80.1059,
"IRL","PATENT","TOT","NBR","A","2000",50.6041,
"IRL","PATENT","TOT","NBR","A","2001",61.2195,
"IRL","PATENT","TOT","NBR","A","2002",66.5574,
"IRL","PATENT","TOT","NBR","A","2003",84.7081,
"IRL","PATENT","TOT","NBR","A","2004",95.6054,
"IRL","PATENT","TOT","NBR","A","2005",97.3012,
"IRL","PATENT","TOT","NBR","A","2006",75.8267,
"IRL","PATENT","TOT","NBR","A","2007",91.4711,
"IRL","PATENT","TOT","NBR","A","2008",83.8941,
"IRL","PATENT","TOT","NBR","A","2009",85.759,
"IRL","PATENT","TOT","NBR","A","2010",64.7165,
"IRL","PATENT","TOT","NBR","A","2011",68.8547,
"IRL","PATENT","TOT","NBR","A","2012",73.1636,
"IRL","PATENT","TOT","NBR","A","2013",85.1811,
"IRL","PATENT","TOT","NBR","A","2014",87.4661,
"ITA","PATENT","TOT","NBR","A","1985",510.0298,
"ITA","PATENT","TOT","NBR","A","1986",551.3639,
"ITA","PATENT","TOT","NBR","A","1987",592.5113,
"ITA","PATENT","TOT","NBR","A","1988",637.6888,
"ITA","PATENT","TOT","NBR","A","1989",663.3188,
"ITA","PATENT","TOT","NBR","A","1990",643.5167,
"ITA","PATENT","TOT","NBR","A","1991",683.7316,
"ITA","PATENT","TOT","NBR","A","1992",580.8549,
"ITA","PATENT","TOT","NBR","A","1993",633.8988,
"ITA","PATENT","TOT","NBR","A","1994",634.4327,
"ITA","PATENT","TOT","NBR","A","1995",630.6651,
"ITA","PATENT","TOT","NBR","A","1996",712.0334,
"ITA","PATENT","TOT","NBR","A","1997",747.2031,
"ITA","PATENT","TOT","NBR","A","1998",691.4253,
"ITA","PATENT","TOT","NBR","A","1999",698.0401,
"ITA","PATENT","TOT","NBR","A","2000",832.1212,
"ITA","PATENT","TOT","NBR","A","2001",915.272,
"ITA","PATENT","TOT","NBR","A","2002",926.1198,
"ITA","PATENT","TOT","NBR","A","2003",896.4931,
"ITA","PATENT","TOT","NBR","A","2004",971.5763,
"ITA","PATENT","TOT","NBR","A","2005",964.1271,
"ITA","PATENT","TOT","NBR","A","2006",820.4513,
"ITA","PATENT","TOT","NBR","A","2007",729.6687,
"ITA","PATENT","TOT","NBR","A","2008",759.7715,
"ITA","PATENT","TOT","NBR","A","2009",736.4521,
"ITA","PATENT","TOT","NBR","A","2010",683.1923,
"ITA","PATENT","TOT","NBR","A","2011",720.3463,
"ITA","PATENT","TOT","NBR","A","2012",719.756,
"ITA","PATENT","TOT","NBR","A","2013",736.4158,
"ITA","PATENT","TOT","NBR","A","2014",756.2512,
"JPN","PATENT","TOT","NBR","A","1985",5002.2132,
"JPN","PATENT","TOT","NBR","A","1986",5681.1434,
"JPN","PATENT","TOT","NBR","A","1987",7199.753,
"JPN","PATENT","TOT","NBR","A","1988",8255.2421,
"JPN","PATENT","TOT","NBR","A","1989",9627.7886,
"JPN","PATENT","TOT","NBR","A","1990",9598.9783,
"JPN","PATENT","TOT","NBR","A","1991",8576.4786,
"JPN","PATENT","TOT","NBR","A","1992",7925.8969,
"JPN","PATENT","TOT","NBR","A","1993",8333.1001,
"JPN","PATENT","TOT","NBR","A","1994",8290.3012,
"JPN","PATENT","TOT","NBR","A","1995",9616.8636,
"JPN","PATENT","TOT","NBR","A","1996",10774.7307,
"JPN","PATENT","TOT","NBR","A","1997",11478.1668,
"JPN","PATENT","TOT","NBR","A","1998",11979.8977,
"JPN","PATENT","TOT","NBR","A","1999",13682.4207,
"JPN","PATENT","TOT","NBR","A","2000",17913.8588,
"JPN","PATENT","TOT","NBR","A","2001",16623.4762,
"JPN","PATENT","TOT","NBR","A","2002",16820.2389,
"JPN","PATENT","TOT","NBR","A","2003",17898.6691,
"JPN","PATENT","TOT","NBR","A","2004",18703.8704,
"JPN","PATENT","TOT","NBR","A","2005",17722.7191,
"JPN","PATENT","TOT","NBR","A","2006",18008.3794,
"JPN","PATENT","TOT","NBR","A","2007",17784.8653,
"JPN","PATENT","TOT","NBR","A","2008",16023.8908,
"JPN","PATENT","TOT","NBR","A","2009",16515.2966,
"JPN","PATENT","TOT","NBR","A","2010",18297.3011,
"JPN","PATENT","TOT","NBR","A","2011",18231.9483,
"JPN","PATENT","TOT","NBR","A","2012",17858.1399,
"JPN","PATENT","TOT","NBR","A","2013",17172.3474,
"JPN","PATENT","TOT","NBR","A","2014",17121.4096,
"KOR","PATENT","TOT","NBR","A","1985",7.6333,
"KOR","PATENT","TOT","NBR","A","1986",5.9167,
"KOR","PATENT","TOT","NBR","A","1987",9.1652,
"KOR","PATENT","TOT","NBR","A","1988",21.95,
"KOR","PATENT","TOT","NBR","A","1989",33.1806,
"KOR","PATENT","TOT","NBR","A","1990",66.3413,
"KOR","PATENT","TOT","NBR","A","1991",85.5779,
"KOR","PATENT","TOT","NBR","A","1992",120.645,
"KOR","PATENT","TOT","NBR","A","1993",164.7958,
"KOR","PATENT","TOT","NBR","A","1994",214.1488,
"KOR","PATENT","TOT","NBR","A","1995",331.2227,
"KOR","PATENT","TOT","NBR","A","1996",323.5395,
"KOR","PATENT","TOT","NBR","A","1997",393.6468,
"KOR","PATENT","TOT","NBR","A","1998",479.3146,
"KOR","PATENT","TOT","NBR","A","1999",600.3496,
"KOR","PATENT","TOT","NBR","A","2000",907.9819,
"KOR","PATENT","TOT","NBR","A","2001",1154.7364,
"KOR","PATENT","TOT","NBR","A","2002",1569.0265,
"KOR","PATENT","TOT","NBR","A","2003",2194.2837,
"KOR","PATENT","TOT","NBR","A","2004",2569.8765,
"KOR","PATENT","TOT","NBR","A","2005",2745.0039,
"KOR","PATENT","TOT","NBR","A","2006",2347.835,
"KOR","PATENT","TOT","NBR","A","2007",1978.109,
"KOR","PATENT","TOT","NBR","A","2008",1826.3137,
"KOR","PATENT","TOT","NBR","A","2009",2108.7812,
"KOR","PATENT","TOT","NBR","A","2010",2462.0289,
"KOR","PATENT","TOT","NBR","A","2011",2366.2146,
"KOR","PATENT","TOT","NBR","A","2012",2478.6338,
"KOR","PATENT","TOT","NBR","A","2013",2666.7372,
"KOR","PATENT","TOT","NBR","A","2014",2713.0478,
"LUX","PATENT","TOT","NBR","A","1985",14.8833,
"LUX","PATENT","TOT","NBR","A","1986",17.3333,
"LUX","PATENT","TOT","NBR","A","1987",3.1786,
"LUX","PATENT","TOT","NBR","A","1988",7.1,
"LUX","PATENT","TOT","NBR","A","1989",5.4074,
"LUX","PATENT","TOT","NBR","A","1990",16.8611,
"LUX","PATENT","TOT","NBR","A","1991",10.2286,
"LUX","PATENT","TOT","NBR","A","1992",8.7572,
"LUX","PATENT","TOT","NBR","A","1993",12.9833,
"LUX","PATENT","TOT","NBR","A","1994",8.6444,
"LUX","PATENT","TOT","NBR","A","1995",14.1911,
"LUX","PATENT","TOT","NBR","A","1996",16.1179,
"LUX","PATENT","TOT","NBR","A","1997",15.9667,
"LUX","PATENT","TOT","NBR","A","1998",22.6079,
"LUX","PATENT","TOT","NBR","A","1999",22.3011,
"LUX","PATENT","TOT","NBR","A","2000",21.6454,
"LUX","PATENT","TOT","NBR","A","2001",27.8844,
"LUX","PATENT","TOT","NBR","A","2002",14.5783,
"LUX","PATENT","TOT","NBR","A","2003",22.8083,
"LUX","PATENT","TOT","NBR","A","2004",26.6038,
"LUX","PATENT","TOT","NBR","A","2005",21.2263,
"LUX","PATENT","TOT","NBR","A","2006",23.725,
"LUX","PATENT","TOT","NBR","A","2007",14.936,
"LUX","PATENT","TOT","NBR","A","2008",20.0833,
"LUX","PATENT","TOT","NBR","A","2009",20.1793,
"LUX","PATENT","TOT","NBR","A","2010",18.9139,
"LUX","PATENT","TOT","NBR","A","2011",23.0379,
"LUX","PATENT","TOT","NBR","A","2012",21.6928,
"LUX","PATENT","TOT","NBR","A","2013",23.5845,
"LUX","PATENT","TOT","NBR","A","2014",21.5419,
"MEX","PATENT","TOT","NBR","A","1985",0.6429,
"MEX","PATENT","TOT","NBR","A","1986",4.8333,
"MEX","PATENT","TOT","NBR","A","1987",3.7,
"MEX","PATENT","TOT","NBR","A","1988",1.9577,
"MEX","PATENT","TOT","NBR","A","1989",7.544,
"MEX","PATENT","TOT","NBR","A","1990",7.5,
"MEX","PATENT","TOT","NBR","A","1991",6.2332,
"MEX","PATENT","TOT","NBR","A","1992",5.825,
"MEX","PATENT","TOT","NBR","A","1993",6.1286,
"MEX","PATENT","TOT","NBR","A","1994",4.7419,
"MEX","PATENT","TOT","NBR","A","1995",11.7843,
"MEX","PATENT","TOT","NBR","A","1996",9.8681,
"MEX","PATENT","TOT","NBR","A","1997",8.5314,
"MEX","PATENT","TOT","NBR","A","1998",11.1863,
"MEX","PATENT","TOT","NBR","A","1999",14.0153,
"MEX","PATENT","TOT","NBR","A","2000",9.2778,
"MEX","PATENT","TOT","NBR","A","2001",13.8342,
"MEX","PATENT","TOT","NBR","A","2002",14.3045,
"MEX","PATENT","TOT","NBR","A","2003",20.9333,
"MEX","PATENT","TOT","NBR","A","2004",18.3278,
"MEX","PATENT","TOT","NBR","A","2005",19.2047,
"MEX","PATENT","TOT","NBR","A","2006",26.9726,
"MEX","PATENT","TOT","NBR","A","2007",18.784,
"MEX","PATENT","TOT","NBR","A","2008",16.9415,
"MEX","PATENT","TOT","NBR","A","2009",14.7726,
"MEX","PATENT","TOT","NBR","A","2010",15.9167,
"MEX","PATENT","TOT","NBR","A","2011",17.5833,
"MEX","PATENT","TOT","NBR","A","2012",15.4619,
"MEX","PATENT","TOT","NBR","A","2013",15.9556,
"MEX","PATENT","TOT","NBR","A","2014",17.7409,
"NLD","PATENT","TOT","NBR","A","1985",551.7063,
"NLD","PATENT","TOT","NBR","A","1986",618.9151,
"NLD","PATENT","TOT","NBR","A","1987",706.6778,
"NLD","PATENT","TOT","NBR","A","1988",691.3981,
"NLD","PATENT","TOT","NBR","A","1989",703.3532,
"NLD","PATENT","TOT","NBR","A","1990",585.71,
"NLD","PATENT","TOT","NBR","A","1991",609.3712,
"NLD","PATENT","TOT","NBR","A","1992",628.8114,
"NLD","PATENT","TOT","NBR","A","1993",605.2789,
"NLD","PATENT","TOT","NBR","A","1994",690.0349,
"NLD","PATENT","TOT","NBR","A","1995",775.7168,
"NLD","PATENT","TOT","NBR","A","1996",823.5576,
"NLD","PATENT","TOT","NBR","A","1997",852.3074,
"NLD","PATENT","TOT","NBR","A","1998",887.489,
"NLD","PATENT","TOT","NBR","A","1999",976.5289,
"NLD","PATENT","TOT","NBR","A","2000",1263.8678,
"NLD","PATENT","TOT","NBR","A","2001",1363.2233,
"NLD","PATENT","TOT","NBR","A","2002",1867.3643,
"NLD","PATENT","TOT","NBR","A","2003",1987.6634,
"NLD","PATENT","TOT","NBR","A","2004",1975.1112,
"NLD","PATENT","TOT","NBR","A","2005",1760.2834,
"NLD","PATENT","TOT","NBR","A","2006",1477.3856,
"NLD","PATENT","TOT","NBR","A","2007",1064.2731,
"NLD","PATENT","TOT","NBR","A","2008",1127.6794,
"NLD","PATENT","TOT","NBR","A","2009",1046.8794,
"NLD","PATENT","TOT","NBR","A","2010",826.168,
"NLD","PATENT","TOT","NBR","A","2011",969.7589,
"NLD","PATENT","TOT","NBR","A","2012",1042.0142,
"NLD","PATENT","TOT","NBR","A","2013",1088.955,
"NLD","PATENT","TOT","NBR","A","2014",1153.4089,
"NZL","PATENT","TOT","NBR","A","1985",16.4167,
"NZL","PATENT","TOT","NBR","A","1986",9.6667,
"NZL","PATENT","TOT","NBR","A","1987",11.0722,
"NZL","PATENT","TOT","NBR","A","1988",14.3333,
"NZL","PATENT","TOT","NBR","A","1989",10.125,
"NZL","PATENT","TOT","NBR","A","1990",8.6439,
"NZL","PATENT","TOT","NBR","A","1991",21.3952,
"NZL","PATENT","TOT","NBR","A","1992",26.4304,
"NZL","PATENT","TOT","NBR","A","1993",14.05,
"NZL","PATENT","TOT","NBR","A","1994",22.3865,
"NZL","PATENT","TOT","NBR","A","1995",22.096,
"NZL","PATENT","TOT","NBR","A","1996",33.5868,
"NZL","PATENT","TOT","NBR","A","1997",42.5163,
"NZL","PATENT","TOT","NBR","A","1998",54.2019,
"NZL","PATENT","TOT","NBR","A","1999",51.6503,
"NZL","PATENT","TOT","NBR","A","2000",72.2176,
"NZL","PATENT","TOT","NBR","A","2001",57.0307,
"NZL","PATENT","TOT","NBR","A","2002",81.3766,
"NZL","PATENT","TOT","NBR","A","2003",76.5394,
"NZL","PATENT","TOT","NBR","A","2004",79.3699,
"NZL","PATENT","TOT","NBR","A","2005",73.2693,
"NZL","PATENT","TOT","NBR","A","2006",71.3715,
"NZL","PATENT","TOT","NBR","A","2007",56.763,
"NZL","PATENT","TOT","NBR","A","2008",71.8175,
"NZL","PATENT","TOT","NBR","A","2009",55.4011,
"NZL","PATENT","TOT","NBR","A","2010",42.4358,
"NZL","PATENT","TOT","NBR","A","2011",51.985,
"NZL","PATENT","TOT","NBR","A","2012",102.5354,
"NZL","PATENT","TOT","NBR","A","2013",110.6222,
"NZL","PATENT","TOT","NBR","A","2014",123.684,
"NOR","PATENT","TOT","NBR","A","1985",35.4762,
"NOR","PATENT","TOT","NBR","A","1986",43.4875,
"NOR","PATENT","TOT","NBR","A","1987",54.7792,
"NOR","PATENT","TOT","NBR","A","1988",51.8714,
"NOR","PATENT","TOT","NBR","A","1989",73.8,
"NOR","PATENT","TOT","NBR","A","1990",52.7305,
"NOR","PATENT","TOT","NBR","A","1991",62.912,
"NOR","PATENT","TOT","NBR","A","1992",79.1219,
"NOR","PATENT","TOT","NBR","A","1993",73.6732,
"NOR","PATENT","TOT","NBR","A","1994",90.2274,
"NOR","PATENT","TOT","NBR","A","1995",88.4902,
"NOR","PATENT","TOT","NBR","A","1996",76.2213,
"NOR","PATENT","TOT","NBR","A","1997",102.7443,
"NOR","PATENT","TOT","NBR","A","1998",108.4125,
"NOR","PATENT","TOT","NBR","A","1999",118.0035,
"NOR","PATENT","TOT","NBR","A","2000",138.4985,
"NOR","PATENT","TOT","NBR","A","2001",113.6855,
"NOR","PATENT","TOT","NBR","A","2002",132.0306,
"NOR","PATENT","TOT","NBR","A","2003",120.5865,
"NOR","PATENT","TOT","NBR","A","2004",134.8686,
"NOR","PATENT","TOT","NBR","A","2005",141.5038,
"NOR","PATENT","TOT","NBR","A","2006",123.2444,
"NOR","PATENT","TOT","NBR","A","2007",104.563,
"NOR","PATENT","TOT","NBR","A","2008",87.6102,
"NOR","PATENT","TOT","NBR","A","2009",128.9738,
"NOR","PATENT","TOT","NBR","A","2010",115.2617,
"NOR","PATENT","TOT","NBR","A","2011",94.0909,
"NOR","PATENT","TOT","NBR","A","2012",98.2957,
"NOR","PATENT","TOT","NBR","A","2013",98.047,
"NOR","PATENT","TOT","NBR","A","2014",92.4714,
"POL","PATENT","TOT","NBR","A","1985",2.7857,
"POL","PATENT","TOT","NBR","A","1986",2.6667,
"POL","PATENT","TOT","NBR","A","1987",4.5012,
"POL","PATENT","TOT","NBR","A","1988",4.7857,
"POL","PATENT","TOT","NBR","A","1989",3.1957,
"POL","PATENT","TOT","NBR","A","1990",6.3356,
"POL","PATENT","TOT","NBR","A","1991",8.7389,
"POL","PATENT","TOT","NBR","A","1992",4.8958,
"POL","PATENT","TOT","NBR","A","1993",11.4348,
"POL","PATENT","TOT","NBR","A","1994",5.369,
"POL","PATENT","TOT","NBR","A","1995",4.9333,
"POL","PATENT","TOT","NBR","A","1996",10.2934,
"POL","PATENT","TOT","NBR","A","1997",8.1312,
"POL","PATENT","TOT","NBR","A","1998",3.4762,
"POL","PATENT","TOT","NBR","A","1999",8.3851,
"POL","PATENT","TOT","NBR","A","2000",9.35,
"POL","PATENT","TOT","NBR","A","2001",14.6415,
"POL","PATENT","TOT","NBR","A","2002",19.712,
"POL","PATENT","TOT","NBR","A","2003",15.8333,
"POL","PATENT","TOT","NBR","A","2004",23.9443,
"POL","PATENT","TOT","NBR","A","2005",18.0829,
"POL","PATENT","TOT","NBR","A","2006",17.8446,
"POL","PATENT","TOT","NBR","A","2007",25.1424,
"POL","PATENT","TOT","NBR","A","2008",37.6385,
"POL","PATENT","TOT","NBR","A","2009",31.7763,
"POL","PATENT","TOT","NBR","A","2010",61.6561,
"POL","PATENT","TOT","NBR","A","2011",63.4401,
"POL","PATENT","TOT","NBR","A","2012",68.087,
"POL","PATENT","TOT","NBR","A","2013",77.9273,
"POL","PATENT","TOT","NBR","A","2014",87.8093,
"PRT","PATENT","TOT","NBR","A","1985",1.5,
"PRT","PATENT","TOT","NBR","A","1986",2.3333,
"PRT","PATENT","TOT","NBR","A","1987",1.5333,
"PRT","PATENT","TOT","NBR","A","1988",1.5,
"PRT","PATENT","TOT","NBR","A","1989",0.1266,
"PRT","PATENT","TOT","NBR","A","1990",0.6667,
"PRT","PATENT","TOT","NBR","A","1991",4.4792,
"PRT","PATENT","TOT","NBR","A","1992",3.7,
"PRT","PATENT","TOT","NBR","A","1993",4.0588,
"PRT","PATENT","TOT","NBR","A","1994",2.15,
"PRT","PATENT","TOT","NBR","A","1995",3.2156,
"PRT","PATENT","TOT","NBR","A","1996",3.5972,
"PRT","PATENT","TOT","NBR","A","1997",8.2232,
"PRT","PATENT","TOT","NBR","A","1998",4.7083,
"PRT","PATENT","TOT","NBR","A","1999",5.7333,
"PRT","PATENT","TOT","NBR","A","2000",5.3187,
"PRT","PATENT","TOT","NBR","A","2001",9.0469,
"PRT","PATENT","TOT","NBR","A","2002",8.2381,
"PRT","PATENT","TOT","NBR","A","2003",12.3,
"PRT","PATENT","TOT","NBR","A","2004",11.4847,
"PRT","PATENT","TOT","NBR","A","2005",15.654,
"PRT","PATENT","TOT","NBR","A","2006",20.4991,
"PRT","PATENT","TOT","NBR","A","2007",42.0802,
"PRT","PATENT","TOT","NBR","A","2008",30.3179,
"PRT","PATENT","TOT","NBR","A","2009",16.5619,
"PRT","PATENT","TOT","NBR","A","2010",17.9024,
"PRT","PATENT","TOT","NBR","A","2011",25.6778,
"PRT","PATENT","TOT","NBR","A","2012",22.3409,
"PRT","PATENT","TOT","NBR","A","2013",27.3115,
"PRT","PATENT","TOT","NBR","A","2014",27.3852,
"SVK","PATENT","TOT","NBR","A","1985",0,
"SVK","PATENT","TOT","NBR","A","1986",0,
"SVK","PATENT","TOT","NBR","A","1987",0,
"SVK","PATENT","TOT","NBR","A","1988",0,
"SVK","PATENT","TOT","NBR","A","1989",0,
"SVK","PATENT","TOT","NBR","A","1990",0,
"SVK","PATENT","TOT","NBR","A","1991",0.1667,
"SVK","PATENT","TOT","NBR","A","1992",1.6146,
"SVK","PATENT","TOT","NBR","A","1993",1.6875,
"SVK","PATENT","TOT","NBR","A","1994",1.2,
"SVK","PATENT","TOT","NBR","A","1995",2,
"SVK","PATENT","TOT","NBR","A","1996",1.0833,
"SVK","PATENT","TOT","NBR","A","1997",4.3667,
"SVK","PATENT","TOT","NBR","A","1998",2.8333,
"SVK","PATENT","TOT","NBR","A","1999",4.1167,
"SVK","PATENT","TOT","NBR","A","2000",1.7132,
"SVK","PATENT","TOT","NBR","A","2001",4.25,
"SVK","PATENT","TOT","NBR","A","2002",3.9495,
"SVK","PATENT","TOT","NBR","A","2003",6.9333,
"SVK","PATENT","TOT","NBR","A","2004",1.5833,
"SVK","PATENT","TOT","NBR","A","2005",2.1167,
"SVK","PATENT","TOT","NBR","A","2006",3.3193,
"SVK","PATENT","TOT","NBR","A","2007",3.6095,
"SVK","PATENT","TOT","NBR","A","2008",4.4902,
"SVK","PATENT","TOT","NBR","A","2009",1.7952,
"SVK","PATENT","TOT","NBR","A","2010",7.5,
"SVK","PATENT","TOT","NBR","A","2011",12.6667,
"SVK","PATENT","TOT","NBR","A","2012",8.391,
"SVK","PATENT","TOT","NBR","A","2013",8.4701,
"SVK","PATENT","TOT","NBR","A","2014",8.8525,
"ESP","PATENT","TOT","NBR","A","1985",33.9083,
"ESP","PATENT","TOT","NBR","A","1986",36.4686,
"ESP","PATENT","TOT","NBR","A","1987",45.8956,
"ESP","PATENT","TOT","NBR","A","1988",48.5595,
"ESP","PATENT","TOT","NBR","A","1989",68.5303,
"ESP","PATENT","TOT","NBR","A","1990",70.0321,
"ESP","PATENT","TOT","NBR","A","1991",72.841,
"ESP","PATENT","TOT","NBR","A","1992",70.1578,
"ESP","PATENT","TOT","NBR","A","1993",69.712,
"ESP","PATENT","TOT","NBR","A","1994",88.1142,
"ESP","PATENT","TOT","NBR","A","1995",83.1668,
"ESP","PATENT","TOT","NBR","A","1996",92.959,
"ESP","PATENT","TOT","NBR","A","1997",111.5494,
"ESP","PATENT","TOT","NBR","A","1998",131.0043,
"ESP","PATENT","TOT","NBR","A","1999",141.6688,
"ESP","PATENT","TOT","NBR","A","2000",193.7887,
"ESP","PATENT","TOT","NBR","A","2001",211.0823,
"ESP","PATENT","TOT","NBR","A","2002",225.0318,
"ESP","PATENT","TOT","NBR","A","2003",207.6618,
"ESP","PATENT","TOT","NBR","A","2004",292.5774,
"ESP","PATENT","TOT","NBR","A","2005",291.646,
"ESP","PATENT","TOT","NBR","A","2006",267.767,
"ESP","PATENT","TOT","NBR","A","2007",257.0132,
"ESP","PATENT","TOT","NBR","A","2008",267.4527,
"ESP","PATENT","TOT","NBR","A","2009",254.1019,
"ESP","PATENT","TOT","NBR","A","2010",238.9015,
"ESP","PATENT","TOT","NBR","A","2011",218.0112,
"ESP","PATENT","TOT","NBR","A","2012",233.5462,
"ESP","PATENT","TOT","NBR","A","2013",230.9408,
"ESP","PATENT","TOT","NBR","A","2014",231.9048,
"SWE","PATENT","TOT","NBR","A","1985",432.1251,
"SWE","PATENT","TOT","NBR","A","1986",435.9607,
"SWE","PATENT","TOT","NBR","A","1987",395.3121,
"SWE","PATENT","TOT","NBR","A","1988",376.076,
"SWE","PATENT","TOT","NBR","A","1989",452.5147,
"SWE","PATENT","TOT","NBR","A","1990",442.4873,
"SWE","PATENT","TOT","NBR","A","1991",458.2145,
"SWE","PATENT","TOT","NBR","A","1992",572.2961,
"SWE","PATENT","TOT","NBR","A","1993",552.755,
"SWE","PATENT","TOT","NBR","A","1994",689.8587,
"SWE","PATENT","TOT","NBR","A","1995",764.3191,
"SWE","PATENT","TOT","NBR","A","1996",928.8368,
"SWE","PATENT","TOT","NBR","A","1997",996.6606,
"SWE","PATENT","TOT","NBR","A","1998",881.4199,
"SWE","PATENT","TOT","NBR","A","1999",925.4667,
"SWE","PATENT","TOT","NBR","A","2000",791.6978,
"SWE","PATENT","TOT","NBR","A","2001",753.9301,
"SWE","PATENT","TOT","NBR","A","2002",793.311,
"SWE","PATENT","TOT","NBR","A","2003",756.1535,
"SWE","PATENT","TOT","NBR","A","2004",804.3451,
"SWE","PATENT","TOT","NBR","A","2005",968.4419,
"SWE","PATENT","TOT","NBR","A","2006",885.0023,
"SWE","PATENT","TOT","NBR","A","2007",961.0811,
"SWE","PATENT","TOT","NBR","A","2008",835.5674,
"SWE","PATENT","TOT","NBR","A","2009",792.2828,
"SWE","PATENT","TOT","NBR","A","2010",645.1198,
"SWE","PATENT","TOT","NBR","A","2011",616.108,
"SWE","PATENT","TOT","NBR","A","2012",659.9405,
"SWE","PATENT","TOT","NBR","A","2013",630.6212,
"SWE","PATENT","TOT","NBR","A","2014",645.8436,
"CHE","PATENT","TOT","NBR","A","1985",749.1143,
"CHE","PATENT","TOT","NBR","A","1986",715.2604,
"CHE","PATENT","TOT","NBR","A","1987",837.0891,
"CHE","PATENT","TOT","NBR","A","1988",846.9514,
"CHE","PATENT","TOT","NBR","A","1989",817.258,
"CHE","PATENT","TOT","NBR","A","1990",787.0342,
"CHE","PATENT","TOT","NBR","A","1991",735.138,
"CHE","PATENT","TOT","NBR","A","1992",731.9325,
"CHE","PATENT","TOT","NBR","A","1993",715.1294,
"CHE","PATENT","TOT","NBR","A","1994",738.9385,
"CHE","PATENT","TOT","NBR","A","1995",772.6336,
"CHE","PATENT","TOT","NBR","A","1996",824.7935,
"CHE","PATENT","TOT","NBR","A","1997",842.97,
"CHE","PATENT","TOT","NBR","A","1998",835.2056,
"CHE","PATENT","TOT","NBR","A","1999",809.0272,
"CHE","PATENT","TOT","NBR","A","2000",1003.6124,
"CHE","PATENT","TOT","NBR","A","2001",982.6364,
"CHE","PATENT","TOT","NBR","A","2002",989.8187,
"CHE","PATENT","TOT","NBR","A","2003",1042.6699,
"CHE","PATENT","TOT","NBR","A","2004",1097.1966,
"CHE","PATENT","TOT","NBR","A","2005",1083.8813,
"CHE","PATENT","TOT","NBR","A","2006",1149.5133,
"CHE","PATENT","TOT","NBR","A","2007",1007.9998,
"CHE","PATENT","TOT","NBR","A","2008",992.5351,
"CHE","PATENT","TOT","NBR","A","2009",972.94,
"CHE","PATENT","TOT","NBR","A","2010",1064.5964,
"CHE","PATENT","TOT","NBR","A","2011",1050.9667,
"CHE","PATENT","TOT","NBR","A","2012",1131.9613,
"CHE","PATENT","TOT","NBR","A","2013",1171.6185,
"CHE","PATENT","TOT","NBR","A","2014",1183.5881,
"TUR","PATENT","TOT","NBR","A","1985",1,
"TUR","PATENT","TOT","NBR","A","1986",1,
"TUR","PATENT","TOT","NBR","A","1987",0.1,
"TUR","PATENT","TOT","NBR","A","1988",1.6111,
"TUR","PATENT","TOT","NBR","A","1989",1.3333,
"TUR","PATENT","TOT","NBR","A","1990",0.8,
"TUR","PATENT","TOT","NBR","A","1991",0.5,
"TUR","PATENT","TOT","NBR","A","1992",0,
"TUR","PATENT","TOT","NBR","A","1993",2.45,
"TUR","PATENT","TOT","NBR","A","1994",1.6429,
"TUR","PATENT","TOT","NBR","A","1995",1.85,
"TUR","PATENT","TOT","NBR","A","1996",3.7202,
"TUR","PATENT","TOT","NBR","A","1997",4.7429,
"TUR","PATENT","TOT","NBR","A","1998",6.7039,
"TUR","PATENT","TOT","NBR","A","1999",3.3538,
"TUR","PATENT","TOT","NBR","A","2000",4.5761,
"TUR","PATENT","TOT","NBR","A","2001",12.1425,
"TUR","PATENT","TOT","NBR","A","2002",10.0944,
"TUR","PATENT","TOT","NBR","A","2003",10.5862,
"TUR","PATENT","TOT","NBR","A","2004",16.7903,
"TUR","PATENT","TOT","NBR","A","2005",15.528,
"TUR","PATENT","TOT","NBR","A","2006",16.8498,
"TUR","PATENT","TOT","NBR","A","2007",9,
"TUR","PATENT","TOT","NBR","A","2008",27.4135,
"TUR","PATENT","TOT","NBR","A","2009",27.9402,
"TUR","PATENT","TOT","NBR","A","2010",33.0463,
"TUR","PATENT","TOT","NBR","A","2011",36.2643,
"TUR","PATENT","TOT","NBR","A","2012",30.6388,
"TUR","PATENT","TOT","NBR","A","2013",34.807,
"TUR","PATENT","TOT","NBR","A","2014",39.1769,
"GBR","PATENT","TOT","NBR","A","1985",1265.4341,
"GBR","PATENT","TOT","NBR","A","1986",1401.0553,
"GBR","PATENT","TOT","NBR","A","1987",1465.8563,
"GBR","PATENT","TOT","NBR","A","1988",1611.3262,
"GBR","PATENT","TOT","NBR","A","1989",1596.8003,
"GBR","PATENT","TOT","NBR","A","1990",1459.9272,
"GBR","PATENT","TOT","NBR","A","1991",1406.3652,
"GBR","PATENT","TOT","NBR","A","1992",1408.745,
"GBR","PATENT","TOT","NBR","A","1993",1475.1148,
"GBR","PATENT","TOT","NBR","A","1994",1571.9483,
"GBR","PATENT","TOT","NBR","A","1995",1606.0147,
"GBR","PATENT","TOT","NBR","A","1996",1715.9683,
"GBR","PATENT","TOT","NBR","A","1997",1733.0767,
"GBR","PATENT","TOT","NBR","A","1998",1912.2367,
"GBR","PATENT","TOT","NBR","A","1999",1846.5778,
"GBR","PATENT","TOT","NBR","A","2000",2361.8895,
"GBR","PATENT","TOT","NBR","A","2001",2293.0433,
"GBR","PATENT","TOT","NBR","A","2002",2223.6082,
"GBR","PATENT","TOT","NBR","A","2003",2196.8851,
"GBR","PATENT","TOT","NBR","A","2004",2095.121,
"GBR","PATENT","TOT","NBR","A","2005",2159.8784,
"GBR","PATENT","TOT","NBR","A","2006",2091.3806,
"GBR","PATENT","TOT","NBR","A","2007",1801.4069,
"GBR","PATENT","TOT","NBR","A","2008",1698.4066,
"GBR","PATENT","TOT","NBR","A","2009",1723.0079,
"GBR","PATENT","TOT","NBR","A","2010",1657.3785,
"GBR","PATENT","TOT","NBR","A","2011",1726.7105,
"GBR","PATENT","TOT","NBR","A","2012",1714.9052,
"GBR","PATENT","TOT","NBR","A","2013",1792.0146,
"GBR","PATENT","TOT","NBR","A","2014",1807.7691,
"USA","PATENT","TOT","NBR","A","1985",7830.3107,
"USA","PATENT","TOT","NBR","A","1986",8189.5047,
"USA","PATENT","TOT","NBR","A","1987",9260.1693,
"USA","PATENT","TOT","NBR","A","1988",10100.4703,
"USA","PATENT","TOT","NBR","A","1989",10944.4067,
"USA","PATENT","TOT","NBR","A","1990",11273.9139,
"USA","PATENT","TOT","NBR","A","1991",10722.8303,
"USA","PATENT","TOT","NBR","A","1992",10837.7302,
"USA","PATENT","TOT","NBR","A","1993",10894.1363,
"USA","PATENT","TOT","NBR","A","1994",11377.3,
"USA","PATENT","TOT","NBR","A","1995",12414.6345,
"USA","PATENT","TOT","NBR","A","1996",13117.3142,
"USA","PATENT","TOT","NBR","A","1997",14185.0254,
"USA","PATENT","TOT","NBR","A","1998",14924.9242,
"USA","PATENT","TOT","NBR","A","1999",15288.8511,
"USA","PATENT","TOT","NBR","A","2000",15624.2467,
"USA","PATENT","TOT","NBR","A","2001",15903.5285,
"USA","PATENT","TOT","NBR","A","2002",16451.8321,
"USA","PATENT","TOT","NBR","A","2003",16749.8965,
"USA","PATENT","TOT","NBR","A","2004",17202.3549,
"USA","PATENT","TOT","NBR","A","2005",17375.6194,
"USA","PATENT","TOT","NBR","A","2006",15463.3165,
"USA","PATENT","TOT","NBR","A","2007",13891.3913,
"USA","PATENT","TOT","NBR","A","2008",13818.5491,
"USA","PATENT","TOT","NBR","A","2009",13498.7726,
"USA","PATENT","TOT","NBR","A","2010",12744.9641,
"USA","PATENT","TOT","NBR","A","2011",13176.1614,
"USA","PATENT","TOT","NBR","A","2012",13785.0388,
"USA","PATENT","TOT","NBR","A","2013",14687.9601,
"USA","PATENT","TOT","NBR","A","2014",14943.8607,
"ARG","PATENT","TOT","NBR","A","1985",2.3333,
"ARG","PATENT","TOT","NBR","A","1986",2.6667,
"ARG","PATENT","TOT","NBR","A","1987",1,
"ARG","PATENT","TOT","NBR","A","1988",1.3971,
"ARG","PATENT","TOT","NBR","A","1989",4.75,
"ARG","PATENT","TOT","NBR","A","1990",6.1944,
"ARG","PATENT","TOT","NBR","A","1991",5,
"ARG","PATENT","TOT","NBR","A","1992",7,
"ARG","PATENT","TOT","NBR","A","1993",3.9333,
"ARG","PATENT","TOT","NBR","A","1994",3.8769,
"ARG","PATENT","TOT","NBR","A","1995",5.9,
"ARG","PATENT","TOT","NBR","A","1996",8.967,
"ARG","PATENT","TOT","NBR","A","1997",6,
"ARG","PATENT","TOT","NBR","A","1998",9.1261,
"ARG","PATENT","TOT","NBR","A","1999",8.3325,
"ARG","PATENT","TOT","NBR","A","2000",7.9272,
"ARG","PATENT","TOT","NBR","A","2001",7.8396,
"ARG","PATENT","TOT","NBR","A","2002",8.7249,
"ARG","PATENT","TOT","NBR","A","2003",8.2602,
"ARG","PATENT","TOT","NBR","A","2004",8.8767,
"ARG","PATENT","TOT","NBR","A","2005",15.9441,
"ARG","PATENT","TOT","NBR","A","2006",11.4595,
"ARG","PATENT","TOT","NBR","A","2007",15.9383,
"ARG","PATENT","TOT","NBR","A","2008",11.354,
"ARG","PATENT","TOT","NBR","A","2009",17.104,
"ARG","PATENT","TOT","NBR","A","2010",8.1833,
"ARG","PATENT","TOT","NBR","A","2011",9.5111,
"ARG","PATENT","TOT","NBR","A","2012",7.9166,
"ARG","PATENT","TOT","NBR","A","2013",7.0349,
"ARG","PATENT","TOT","NBR","A","2014",6.9659,
"CHL","PATENT","TOT","NBR","A","1985",0,
"CHL","PATENT","TOT","NBR","A","1986",0,
"CHL","PATENT","TOT","NBR","A","1987",0.5,
"CHL","PATENT","TOT","NBR","A","1988",0,
"CHL","PATENT","TOT","NBR","A","1989",1,
"CHL","PATENT","TOT","NBR","A","1990",1.8667,
"CHL","PATENT","TOT","NBR","A","1991",0.8144,
"CHL","PATENT","TOT","NBR","A","1992",0,
"CHL","PATENT","TOT","NBR","A","1993",0.2,
"CHL","PATENT","TOT","NBR","A","1994",1.8364,
"CHL","PATENT","TOT","NBR","A","1995",1.5,
"CHL","PATENT","TOT","NBR","A","1996",2.8333,
"CHL","PATENT","TOT","NBR","A","1997",0.2,
"CHL","PATENT","TOT","NBR","A","1998",2,
"CHL","PATENT","TOT","NBR","A","1999",2,
"CHL","PATENT","TOT","NBR","A","2000",2.3333,
"CHL","PATENT","TOT","NBR","A","2001",8.8143,
"CHL","PATENT","TOT","NBR","A","2002",4.6,
"CHL","PATENT","TOT","NBR","A","2003",3.4952,
"CHL","PATENT","TOT","NBR","A","2004",6.8167,
"CHL","PATENT","TOT","NBR","A","2005",5.5841,
"CHL","PATENT","TOT","NBR","A","2006",8.8409,
"CHL","PATENT","TOT","NBR","A","2007",7.026,
"CHL","PATENT","TOT","NBR","A","2008",8.9333,
"CHL","PATENT","TOT","NBR","A","2009",10.8542,
"CHL","PATENT","TOT","NBR","A","2010",14.65,
"CHL","PATENT","TOT","NBR","A","2011",14.5595,
"CHL","PATENT","TOT","NBR","A","2012",10.0261,
"CHL","PATENT","TOT","NBR","A","2013",13.8919,
"CHL","PATENT","TOT","NBR","A","2014",14.2393,
"CHN","PATENT","TOT","NBR","A","1985",30.0543,
"CHN","PATENT","TOT","NBR","A","1986",6.2955,
"CHN","PATENT","TOT","NBR","A","1987",12.1083,
"CHN","PATENT","TOT","NBR","A","1988",11.5807,
"CHN","PATENT","TOT","NBR","A","1989",8.2459,
"CHN","PATENT","TOT","NBR","A","1990",12.266,
"CHN","PATENT","TOT","NBR","A","1991",12.5136,
"CHN","PATENT","TOT","NBR","A","1992",15.7022,
"CHN","PATENT","TOT","NBR","A","1993",17.8321,
"CHN","PATENT","TOT","NBR","A","1994",19.2325,
"CHN","PATENT","TOT","NBR","A","1995",22.1709,
"CHN","PATENT","TOT","NBR","A","1996",23.6796,
"CHN","PATENT","TOT","NBR","A","1997",42.7684,
"CHN","PATENT","TOT","NBR","A","1998",49.6517,
"CHN","PATENT","TOT","NBR","A","1999",64.4921,
"CHN","PATENT","TOT","NBR","A","2000",87.0216,
"CHN","PATENT","TOT","NBR","A","2001",152.4311,
"CHN","PATENT","TOT","NBR","A","2002",271.7716,
"CHN","PATENT","TOT","NBR","A","2003",356.5283,
"CHN","PATENT","TOT","NBR","A","2004",401.8734,
"CHN","PATENT","TOT","NBR","A","2005",519.1894,
"CHN","PATENT","TOT","NBR","A","2006",561.2741,
"CHN","PATENT","TOT","NBR","A","2007",689.1226,
"CHN","PATENT","TOT","NBR","A","2008",826.8181,
"CHN","PATENT","TOT","NBR","A","2009",1299.3917,
"CHN","PATENT","TOT","NBR","A","2010",1426.0243,
"CHN","PATENT","TOT","NBR","A","2011",1499.2782,
"CHN","PATENT","TOT","NBR","A","2012",1966.2223,
"CHN","PATENT","TOT","NBR","A","2013",2190.5241,
"CHN","PATENT","TOT","NBR","A","2014",2582.3083,
"EST","PATENT","TOT","NBR","A","1985",0,
"EST","PATENT","TOT","NBR","A","1986",0,
"EST","PATENT","TOT","NBR","A","1987",0,
"EST","PATENT","TOT","NBR","A","1988",0,
"EST","PATENT","TOT","NBR","A","1989",0,
"EST","PATENT","TOT","NBR","A","1990",0,
"EST","PATENT","TOT","NBR","A","1991",0,
"EST","PATENT","TOT","NBR","A","1992",1.5,
"EST","PATENT","TOT","NBR","A","1993",0.4444,
"EST","PATENT","TOT","NBR","A","1994",0,
"EST","PATENT","TOT","NBR","A","1995",0,
"EST","PATENT","TOT","NBR","A","1996",3.5,
"EST","PATENT","TOT","NBR","A","1997",2.3333,
"EST","PATENT","TOT","NBR","A","1998",2.2857,
"EST","PATENT","TOT","NBR","A","1999",1.7143,
"EST","PATENT","TOT","NBR","A","2000",1.2971,
"EST","PATENT","TOT","NBR","A","2001",3.1667,
"EST","PATENT","TOT","NBR","A","2002",0.9038,
"EST","PATENT","TOT","NBR","A","2003",5.8833,
"EST","PATENT","TOT","NBR","A","2004",0.4167,
"EST","PATENT","TOT","NBR","A","2005",3.0517,
"EST","PATENT","TOT","NBR","A","2006",7.1053,
"EST","PATENT","TOT","NBR","A","2007",4.2833,
"EST","PATENT","TOT","NBR","A","2008",3.1769,
"EST","PATENT","TOT","NBR","A","2009",2.75,
"EST","PATENT","TOT","NBR","A","2010",3.1333,
"EST","PATENT","TOT","NBR","A","2011",6.55,
"EST","PATENT","TOT","NBR","A","2012",4.0333,
"EST","PATENT","TOT","NBR","A","2013",5,
"EST","PATENT","TOT","NBR","A","2014",5.3827,
"ISR","PATENT","TOT","NBR","A","1985",52.3463,
"ISR","PATENT","TOT","NBR","A","1986",69.7665,
"ISR","PATENT","TOT","NBR","A","1987",72.8055,
"ISR","PATENT","TOT","NBR","A","1988",70.0691,
"ISR","PATENT","TOT","NBR","A","1989",90.1999,
"ISR","PATENT","TOT","NBR","A","1990",84.3394,
"ISR","PATENT","TOT","NBR","A","1991",113.571,
"ISR","PATENT","TOT","NBR","A","1992",116.8837,
"ISR","PATENT","TOT","NBR","A","1993",124.837,
"ISR","PATENT","TOT","NBR","A","1994",144.1955,
"ISR","PATENT","TOT","NBR","A","1995",165.6202,
"ISR","PATENT","TOT","NBR","A","1996",218.0915,
"ISR","PATENT","TOT","NBR","A","1997",299.0869,
"ISR","PATENT","TOT","NBR","A","1998",317.6603,
"ISR","PATENT","TOT","NBR","A","1999",300.7539,
"ISR","PATENT","TOT","NBR","A","2000",385.1,
"ISR","PATENT","TOT","NBR","A","2001",380.2993,
"ISR","PATENT","TOT","NBR","A","2002",323.0471,
"ISR","PATENT","TOT","NBR","A","2003",361.1692,
"ISR","PATENT","TOT","NBR","A","2004",420.1123,
"ISR","PATENT","TOT","NBR","A","2005",501.8868,
"ISR","PATENT","TOT","NBR","A","2006",418.962,
"ISR","PATENT","TOT","NBR","A","2007",352.0862,
"ISR","PATENT","TOT","NBR","A","2008",369.5517,
"ISR","PATENT","TOT","NBR","A","2009",374.751,
"ISR","PATENT","TOT","NBR","A","2010",349.9855,
"ISR","PATENT","TOT","NBR","A","2011",363.9879,
"ISR","PATENT","TOT","NBR","A","2012",413.8942,
"ISR","PATENT","TOT","NBR","A","2013",439.8842,
"ISR","PATENT","TOT","NBR","A","2014",456.6529,
"ROU","PATENT","TOT","NBR","A","1985",0,
"ROU","PATENT","TOT","NBR","A","1986",0,
"ROU","PATENT","TOT","NBR","A","1987",0,
"ROU","PATENT","TOT","NBR","A","1988",0,
"ROU","PATENT","TOT","NBR","A","1989",0,
"ROU","PATENT","TOT","NBR","A","1990",0,
"ROU","PATENT","TOT","NBR","A","1991",1,
"ROU","PATENT","TOT","NBR","A","1992",0.3333,
"ROU","PATENT","TOT","NBR","A","1993",2,
"ROU","PATENT","TOT","NBR","A","1994",2,
"ROU","PATENT","TOT","NBR","A","1995",1.5286,
"ROU","PATENT","TOT","NBR","A","1996",1.6667,
"ROU","PATENT","TOT","NBR","A","1997",2.129,
"ROU","PATENT","TOT","NBR","A","1998",0.3333,
"ROU","PATENT","TOT","NBR","A","1999",1.5833,
"ROU","PATENT","TOT","NBR","A","2000",0.2654,
"ROU","PATENT","TOT","NBR","A","2001",0.4318,
"ROU","PATENT","TOT","NBR","A","2002",0.9056,
"ROU","PATENT","TOT","NBR","A","2003",4.3964,
"ROU","PATENT","TOT","NBR","A","2004",3.2273,
"ROU","PATENT","TOT","NBR","A","2005",6.95,
"ROU","PATENT","TOT","NBR","A","2006",1.6077,
"ROU","PATENT","TOT","NBR","A","2007",4.4345,
"ROU","PATENT","TOT","NBR","A","2008",6.1996,
"ROU","PATENT","TOT","NBR","A","2009",7.6833,
"ROU","PATENT","TOT","NBR","A","2010",5.9167,
"ROU","PATENT","TOT","NBR","A","2011",8.7083,
"ROU","PATENT","TOT","NBR","A","2012",13.725,
"ROU","PATENT","TOT","NBR","A","2013",15.7155,
"ROU","PATENT","TOT","NBR","A","2014",17.1747,
"RUS","PATENT","TOT","NBR","A","1985",21.5,
"RUS","PATENT","TOT","NBR","A","1986",55.0833,
"RUS","PATENT","TOT","NBR","A","1987",65.8024,
"RUS","PATENT","TOT","NBR","A","1988",80.7722,
"RUS","PATENT","TOT","NBR","A","1989",38.0895,
"RUS","PATENT","TOT","NBR","A","1990",20.972,
"RUS","PATENT","TOT","NBR","A","1991",39.4955,
"RUS","PATENT","TOT","NBR","A","1992",48.9245,
"RUS","PATENT","TOT","NBR","A","1993",33.6569,
"RUS","PATENT","TOT","NBR","A","1994",56.5283,
"RUS","PATENT","TOT","NBR","A","1995",62.5617,
"RUS","PATENT","TOT","NBR","A","1996",62.0131,
"RUS","PATENT","TOT","NBR","A","1997",71.4844,
"RUS","PATENT","TOT","NBR","A","1998",98.6067,
"RUS","PATENT","TOT","NBR","A","1999",68.3287,
"RUS","PATENT","TOT","NBR","A","2000",84.5759,
"RUS","PATENT","TOT","NBR","A","2001",81.7988,
"RUS","PATENT","TOT","NBR","A","2002",79.5461,
"RUS","PATENT","TOT","NBR","A","2003",78.9088,
"RUS","PATENT","TOT","NBR","A","2004",70.4453,
"RUS","PATENT","TOT","NBR","A","2005",90.6507,
"RUS","PATENT","TOT","NBR","A","2006",74.4954,
"RUS","PATENT","TOT","NBR","A","2007",77.239,
"RUS","PATENT","TOT","NBR","A","2008",57.1957,
"RUS","PATENT","TOT","NBR","A","2009",87.65,
"RUS","PATENT","TOT","NBR","A","2010",87.7007,
"RUS","PATENT","TOT","NBR","A","2011",85.428,
"RUS","PATENT","TOT","NBR","A","2012",93.4318,
"RUS","PATENT","TOT","NBR","A","2013",92.0062,
"RUS","PATENT","TOT","NBR","A","2014",90.8343,
"SGP","PATENT","TOT","NBR","A","1985",1.5,
"SGP","PATENT","TOT","NBR","A","1986",1.586,
"SGP","PATENT","TOT","NBR","A","1987",2.5566,
"SGP","PATENT","TOT","NBR","A","1988",3.1444,
"SGP","PATENT","TOT","NBR","A","1989",7.9,
"SGP","PATENT","TOT","NBR","A","1990",3.5517,
"SGP","PATENT","TOT","NBR","A","1991",21.3024,
"SGP","PATENT","TOT","NBR","A","1992",17.2254,
"SGP","PATENT","TOT","NBR","A","1993",15.9283,
"SGP","PATENT","TOT","NBR","A","1994",22.6627,
"SGP","PATENT","TOT","NBR","A","1995",21.5311,
"SGP","PATENT","TOT","NBR","A","1996",34.8541,
"SGP","PATENT","TOT","NBR","A","1997",32.7925,
"SGP","PATENT","TOT","NBR","A","1998",49.9472,
"SGP","PATENT","TOT","NBR","A","1999",58.0401,
"SGP","PATENT","TOT","NBR","A","2000",82.5663,
"SGP","PATENT","TOT","NBR","A","2001",117.9334,
"SGP","PATENT","TOT","NBR","A","2002",127.1651,
"SGP","PATENT","TOT","NBR","A","2003",133.0939,
"SGP","PATENT","TOT","NBR","A","2004",179.5394,
"SGP","PATENT","TOT","NBR","A","2005",168.3019,
"SGP","PATENT","TOT","NBR","A","2006",145.3483,
"SGP","PATENT","TOT","NBR","A","2007",110.4452,
"SGP","PATENT","TOT","NBR","A","2008",112.1448,
"SGP","PATENT","TOT","NBR","A","2009",101.8447,
"SGP","PATENT","TOT","NBR","A","2010",102.4197,
"SGP","PATENT","TOT","NBR","A","2011",120.406,
"SGP","PATENT","TOT","NBR","A","2012",108.5054,
"SGP","PATENT","TOT","NBR","A","2013",128.8249,
"SGP","PATENT","TOT","NBR","A","2014",145.5493,
"SVN","PATENT","TOT","NBR","A","1985",0,
"SVN","PATENT","TOT","NBR","A","1986",0,
"SVN","PATENT","TOT","NBR","A","1987",0,
"SVN","PATENT","TOT","NBR","A","1988",0,
"SVN","PATENT","TOT","NBR","A","1989",0,
"SVN","PATENT","TOT","NBR","A","1990",1,
"SVN","PATENT","TOT","NBR","A","1991",2.3333,
"SVN","PATENT","TOT","NBR","A","1992",6.25,
"SVN","PATENT","TOT","NBR","A","1993",6.0625,
"SVN","PATENT","TOT","NBR","A","1994",3.6667,
"SVN","PATENT","TOT","NBR","A","1995",7,
"SVN","PATENT","TOT","NBR","A","1996",5,
"SVN","PATENT","TOT","NBR","A","1997",5.1548,
"SVN","PATENT","TOT","NBR","A","1998",12.45,
"SVN","PATENT","TOT","NBR","A","1999",4.2714,
"SVN","PATENT","TOT","NBR","A","2000",9.1909,
"SVN","PATENT","TOT","NBR","A","2001",8.4032,
"SVN","PATENT","TOT","NBR","A","2002",17.2583,
"SVN","PATENT","TOT","NBR","A","2003",14.6167,
"SVN","PATENT","TOT","NBR","A","2004",13.6429,
"SVN","PATENT","TOT","NBR","A","2005",21.8667,
"SVN","PATENT","TOT","NBR","A","2006",7.6667,
"SVN","PATENT","TOT","NBR","A","2007",11.5,
"SVN","PATENT","TOT","NBR","A","2008",16.3732,
"SVN","PATENT","TOT","NBR","A","2009",17.4333,
"SVN","PATENT","TOT","NBR","A","2010",16.0333,
"SVN","PATENT","TOT","NBR","A","2011",9.8333,
"SVN","PATENT","TOT","NBR","A","2012",9.75,
"SVN","PATENT","TOT","NBR","A","2013",10.1744,
"SVN","PATENT","TOT","NBR","A","2014",9.0125,
"ZAF","PATENT","TOT","NBR","A","1985",21.1333,
"ZAF","PATENT","TOT","NBR","A","1986",30.6429,
"ZAF","PATENT","TOT","NBR","A","1987",15.1603,
"ZAF","PATENT","TOT","NBR","A","1988",22.9262,
"ZAF","PATENT","TOT","NBR","A","1989",21.0167,
"ZAF","PATENT","TOT","NBR","A","1990",13.2917,
"ZAF","PATENT","TOT","NBR","A","1991",19.4476,
"ZAF","PATENT","TOT","NBR","A","1992",34.1167,
"ZAF","PATENT","TOT","NBR","A","1993",32.0833,
"ZAF","PATENT","TOT","NBR","A","1994",20.3944,
"ZAF","PATENT","TOT","NBR","A","1995",24.4773,
"ZAF","PATENT","TOT","NBR","A","1996",30.6405,
"ZAF","PATENT","TOT","NBR","A","1997",34.233,
"ZAF","PATENT","TOT","NBR","A","1998",38.8093,
"ZAF","PATENT","TOT","NBR","A","1999",29.0691,
"ZAF","PATENT","TOT","NBR","A","2000",51.515,
"ZAF","PATENT","TOT","NBR","A","2001",28.2884,
"ZAF","PATENT","TOT","NBR","A","2002",38.7849,
"ZAF","PATENT","TOT","NBR","A","2003",42.0557,
"ZAF","PATENT","TOT","NBR","A","2004",36.6166,
"ZAF","PATENT","TOT","NBR","A","2005",49.0802,
"ZAF","PATENT","TOT","NBR","A","2006",39.0926,
"ZAF","PATENT","TOT","NBR","A","2007",38.4167,
"ZAF","PATENT","TOT","NBR","A","2008",52.5286,
"ZAF","PATENT","TOT","NBR","A","2009",35.1667,
"ZAF","PATENT","TOT","NBR","A","2010",30.5855,
"ZAF","PATENT","TOT","NBR","A","2011",43.8491,
"ZAF","PATENT","TOT","NBR","A","2012",32.5904,
"ZAF","PATENT","TOT","NBR","A","2013",32.1608,
"ZAF","PATENT","TOT","NBR","A","2014",28.338,
"TWN","PATENT","TOT","NBR","A","1985",5,
"TWN","PATENT","TOT","NBR","A","1986",5.3269,
"TWN","PATENT","TOT","NBR","A","1987",4.2611,
"TWN","PATENT","TOT","NBR","A","1988",12.588,
"TWN","PATENT","TOT","NBR","A","1989",4.0289,
"TWN","PATENT","TOT","NBR","A","1990",8.2779,
"TWN","PATENT","TOT","NBR","A","1991",16.9345,
"TWN","PATENT","TOT","NBR","A","1992",16.1174,
"TWN","PATENT","TOT","NBR","A","1993",18.0781,
"TWN","PATENT","TOT","NBR","A","1994",21.6753,
"TWN","PATENT","TOT","NBR","A","1995",19.5415,
"TWN","PATENT","TOT","NBR","A","1996",37.517,
"TWN","PATENT","TOT","NBR","A","1997",40.0315,
"TWN","PATENT","TOT","NBR","A","1998",40.0939,
"TWN","PATENT","TOT","NBR","A","1999",50.6894,
"TWN","PATENT","TOT","NBR","A","2000",50.3782,
"TWN","PATENT","TOT","NBR","A","2001",73.6285,
"TWN","PATENT","TOT","NBR","A","2002",111.0826,
"TWN","PATENT","TOT","NBR","A","2003",99.8066,
"TWN","PATENT","TOT","NBR","A","2004",94.9113,
"TWN","PATENT","TOT","NBR","A","2005",144.42,
"TWN","PATENT","TOT","NBR","A","2006",148.9964,
"TWN","PATENT","TOT","NBR","A","2007",284.2859,
"TWN","PATENT","TOT","NBR","A","2008",313.9888,
"TWN","PATENT","TOT","NBR","A","2009",383.6224,
"TWN","PATENT","TOT","NBR","A","2010",456.4045,
"TWN","PATENT","TOT","NBR","A","2011",485.4408,
"TWN","PATENT","TOT","NBR","A","2012",380.7537,
"TWN","PATENT","TOT","NBR","A","2013",381.7838,
"TWN","PATENT","TOT","NBR","A","2014",360.8714,
"EU28","PATENT","TOT","NBR","A","1985",8480.7731,
"EU28","PATENT","TOT","NBR","A","1986",9046.9103,
"EU28","PATENT","TOT","NBR","A","1987",9892.5382,
"EU28","PATENT","TOT","NBR","A","1988",10357.9932,
"EU28","PATENT","TOT","NBR","A","1989",10668.8335,
"EU28","PATENT","TOT","NBR","A","1990",10010.8831,
"EU28","PATENT","TOT","NBR","A","1991",9807.9885,
"EU28","PATENT","TOT","NBR","A","1992",9854.2564,
"EU28","PATENT","TOT","NBR","A","1993",10241.4169,
"EU28","PATENT","TOT","NBR","A","1994",11282.2542,
"EU28","PATENT","TOT","NBR","A","1995",12010.2858,
"EU28","PATENT","TOT","NBR","A","1996",13360.6477,
"EU28","PATENT","TOT","NBR","A","1997",14035.7749,
"EU28","PATENT","TOT","NBR","A","1998",14821.3202,
"EU28","PATENT","TOT","NBR","A","1999",15165.3132,
"EU28","PATENT","TOT","NBR","A","2000",17710.9573,
"EU28","PATENT","TOT","NBR","A","2001",17272.4843,
"EU28","PATENT","TOT","NBR","A","2002",17337.7823,
"EU28","PATENT","TOT","NBR","A","2003",17324.1362,
"EU28","PATENT","TOT","NBR","A","2004",18092.9525,
"EU28","PATENT","TOT","NBR","A","2005",18392.7182,
"EU28","PATENT","TOT","NBR","A","2006",16677.7621,
"EU28","PATENT","TOT","NBR","A","2007",15101.8925,
"EU28","PATENT","TOT","NBR","A","2008",14734.1399,
"EU28","PATENT","TOT","NBR","A","2009",14445.6156,
"EU28","PATENT","TOT","NBR","A","2010",13209.4624,
"EU28","PATENT","TOT","NBR","A","2011",13277.704,
"EU28","PATENT","TOT","NBR","A","2012",13097.8106,
"EU28","PATENT","TOT","NBR","A","2013",13288.8649,
"EU28","PATENT","TOT","NBR","A","2014",13457.2998,
"OECD","PATENT","TOT","NBR","A","1985",22526.496,
"OECD","PATENT","TOT","NBR","A","1986",24163.8144,
"OECD","PATENT","TOT","NBR","A","1987",27813.983,
"OECD","PATENT","TOT","NBR","A","1988",30108.1849,
"OECD","PATENT","TOT","NBR","A","1989",32738.1474,
"OECD","PATENT","TOT","NBR","A","1990",32370.0167,
"OECD","PATENT","TOT","NBR","A","1991",30619.1298,
"OECD","PATENT","TOT","NBR","A","1992",30172.5861,
"OECD","PATENT","TOT","NBR","A","1993",31070.651,
"OECD","PATENT","TOT","NBR","A","1994",32778.752,
"OECD","PATENT","TOT","NBR","A","1995",36061.477,
"OECD","PATENT","TOT","NBR","A","1996",39419.3669,
"OECD","PATENT","TOT","NBR","A","1997",42232.6824,
"OECD","PATENT","TOT","NBR","A","1998",44423.0793,
"OECD","PATENT","TOT","NBR","A","1999",46934.1439,
"OECD","PATENT","TOT","NBR","A","2000",54904.2532,
"OECD","PATENT","TOT","NBR","A","2001",53615.067,
"OECD","PATENT","TOT","NBR","A","2002",54886.0287,
"OECD","PATENT","TOT","NBR","A","2003",56930.4181,
"OECD","PATENT","TOT","NBR","A","2004",59571.16,
"OECD","PATENT","TOT","NBR","A","2005",59246.6291,
"OECD","PATENT","TOT","NBR","A","2006",55336.0392,
"OECD","PATENT","TOT","NBR","A","2007",51331.33,
"OECD","PATENT","TOT","NBR","A","2008",48966.8069,
"OECD","PATENT","TOT","NBR","A","2009",49163.5816,
"OECD","PATENT","TOT","NBR","A","2010",49193.0656,
"OECD","PATENT","TOT","NBR","A","2011",49566.8203,
"OECD","PATENT","TOT","NBR","A","2012",49843.1352,
"OECD","PATENT","TOT","NBR","A","2013",50501.9033,
"OECD","PATENT","TOT","NBR","A","2014",50948.4218,
"BRA","PATENT","TOT","NBR","A","1985",9.3667,
"BRA","PATENT","TOT","NBR","A","1986",2.3333,
"BRA","PATENT","TOT","NBR","A","1987",5.8373,
"BRA","PATENT","TOT","NBR","A","1988",5.9297,
"BRA","PATENT","TOT","NBR","A","1989",5.4833,
"BRA","PATENT","TOT","NBR","A","1990",9.8333,
"BRA","PATENT","TOT","NBR","A","1991",6.7429,
"BRA","PATENT","TOT","NBR","A","1992",13.7936,
"BRA","PATENT","TOT","NBR","A","1993",19.5282,
"BRA","PATENT","TOT","NBR","A","1994",14.9437,
"BRA","PATENT","TOT","NBR","A","1995",16.6386,
"BRA","PATENT","TOT","NBR","A","1996",19.2738,
"BRA","PATENT","TOT","NBR","A","1997",30.8761,
"BRA","PATENT","TOT","NBR","A","1998",30.5389,
"BRA","PATENT","TOT","NBR","A","1999",29.7833,
"BRA","PATENT","TOT","NBR","A","2000",40.6792,
"BRA","PATENT","TOT","NBR","A","2001",64.5283,
"BRA","PATENT","TOT","NBR","A","2002",57.581,
"BRA","PATENT","TOT","NBR","A","2003",56.6727,
"BRA","PATENT","TOT","NBR","A","2004",66.8849,
"BRA","PATENT","TOT","NBR","A","2005",75.2619,
"BRA","PATENT","TOT","NBR","A","2006",72.4207,
"BRA","PATENT","TOT","NBR","A","2007",69.3155,
"BRA","PATENT","TOT","NBR","A","2008",83.2998,
"BRA","PATENT","TOT","NBR","A","2009",78.674,
"BRA","PATENT","TOT","NBR","A","2010",67.5319,
"BRA","PATENT","TOT","NBR","A","2011",88.8071,
"BRA","PATENT","TOT","NBR","A","2012",70.2666,
"BRA","PATENT","TOT","NBR","A","2013",73.4884,
"BRA","PATENT","TOT","NBR","A","2014",70.0285,
"BGR","PATENT","TOT","NBR","A","1985",9,
"BGR","PATENT","TOT","NBR","A","1986",4.25,
"BGR","PATENT","TOT","NBR","A","1987",7,
"BGR","PATENT","TOT","NBR","A","1988",4,
"BGR","PATENT","TOT","NBR","A","1989",2,
"BGR","PATENT","TOT","NBR","A","1990",0,
"BGR","PATENT","TOT","NBR","A","1991",0.8167,
"BGR","PATENT","TOT","NBR","A","1992",1.6667,
"BGR","PATENT","TOT","NBR","A","1993",3.6667,
"BGR","PATENT","TOT","NBR","A","1994",0.75,
"BGR","PATENT","TOT","NBR","A","1995",3.1667,
"BGR","PATENT","TOT","NBR","A","1996",1.3333,
"BGR","PATENT","TOT","NBR","A","1997",1.7,
"BGR","PATENT","TOT","NBR","A","1998",2.0779,
"BGR","PATENT","TOT","NBR","A","1999",2.125,
"BGR","PATENT","TOT","NBR","A","2000",1.6944,
"BGR","PATENT","TOT","NBR","A","2001",3.3636,
"BGR","PATENT","TOT","NBR","A","2002",2.6667,
"BGR","PATENT","TOT","NBR","A","2003",6.0808,
"BGR","PATENT","TOT","NBR","A","2004",5.1188,
"BGR","PATENT","TOT","NBR","A","2005",6.6211,
"BGR","PATENT","TOT","NBR","A","2006",3.2619,
"BGR","PATENT","TOT","NBR","A","2007",3.7136,
"BGR","PATENT","TOT","NBR","A","2008",1.1765,
"BGR","PATENT","TOT","NBR","A","2009",1.1667,
"BGR","PATENT","TOT","NBR","A","2010",1.5595,
"BGR","PATENT","TOT","NBR","A","2011",2.05,
"BGR","PATENT","TOT","NBR","A","2012",8.1333,
"BGR","PATENT","TOT","NBR","A","2013",8.4313,
"BGR","PATENT","TOT","NBR","A","2014",8.3514,
"COL","PATENT","TOT","NBR","A","1985",0,
"COL","PATENT","TOT","NBR","A","1986",0,
"COL","PATENT","TOT","NBR","A","1987",1.25,
"COL","PATENT","TOT","NBR","A","1988",0.25,
"COL","PATENT","TOT","NBR","A","1989",0,
"COL","PATENT","TOT","NBR","A","1990",2.5,
"COL","PATENT","TOT","NBR","A","1991",1.2,
"COL","PATENT","TOT","NBR","A","1992",1.3333,
"COL","PATENT","TOT","NBR","A","1993",0,
"COL","PATENT","TOT","NBR","A","1994",2.4286,
"COL","PATENT","TOT","NBR","A","1995",1.4167,
"COL","PATENT","TOT","NBR","A","1996",1,
"COL","PATENT","TOT","NBR","A","1997",0.7565,
"COL","PATENT","TOT","NBR","A","1998",1.0154,
"COL","PATENT","TOT","NBR","A","1999",5,
"COL","PATENT","TOT","NBR","A","2000",1.5,
"COL","PATENT","TOT","NBR","A","2001",2.8512,
"COL","PATENT","TOT","NBR","A","2002",2.3333,
"COL","PATENT","TOT","NBR","A","2003",2.05,
"COL","PATENT","TOT","NBR","A","2004",0.7758,
"COL","PATENT","TOT","NBR","A","2005",2,
"COL","PATENT","TOT","NBR","A","2006",5.5,
"COL","PATENT","TOT","NBR","A","2007",3.75,
"COL","PATENT","TOT","NBR","A","2008",3.0034,
"COL","PATENT","TOT","NBR","A","2009",2.75,
"COL","PATENT","TOT","NBR","A","2010",3.2,
"COL","PATENT","TOT","NBR","A","2011",7.8667,
"COL","PATENT","TOT","NBR","A","2012",6.4472,
"COL","PATENT","TOT","NBR","A","2013",7.733,
"COL","PATENT","TOT","NBR","A","2014",7.7778,
"HRV","PATENT","TOT","NBR","A","1985",0,
"HRV","PATENT","TOT","NBR","A","1986",0,
"HRV","PATENT","TOT","NBR","A","1987",0,
"HRV","PATENT","TOT","NBR","A","1988",0,
"HRV","PATENT","TOT","NBR","A","1989",0,
"HRV","PATENT","TOT","NBR","A","1990",1,
"HRV","PATENT","TOT","NBR","A","1991",0,
"HRV","PATENT","TOT","NBR","A","1992",4.5,
"HRV","PATENT","TOT","NBR","A","1993",5,
"HRV","PATENT","TOT","NBR","A","1994",3.3333,
"HRV","PATENT","TOT","NBR","A","1995",6,
"HRV","PATENT","TOT","NBR","A","1996",6.2857,
"HRV","PATENT","TOT","NBR","A","1997",8.4222,
"HRV","PATENT","TOT","NBR","A","1998",8.4545,
"HRV","PATENT","TOT","NBR","A","1999",3,
"HRV","PATENT","TOT","NBR","A","2000",5.7526,
"HRV","PATENT","TOT","NBR","A","2001",6.3409,
"HRV","PATENT","TOT","NBR","A","2002",22.6667,
"HRV","PATENT","TOT","NBR","A","2003",21.0333,
"HRV","PATENT","TOT","NBR","A","2004",13.2577,
"HRV","PATENT","TOT","NBR","A","2005",12.7143,
"HRV","PATENT","TOT","NBR","A","2006",8.5725,
"HRV","PATENT","TOT","NBR","A","2007",8.2024,
"HRV","PATENT","TOT","NBR","A","2008",4.25,
"HRV","PATENT","TOT","NBR","A","2009",4.6429,
"HRV","PATENT","TOT","NBR","A","2010",6.4292,
"HRV","PATENT","TOT","NBR","A","2011",4.0179,
"HRV","PATENT","TOT","NBR","A","2012",4.0444,
"HRV","PATENT","TOT","NBR","A","2013",3.5374,
"HRV","PATENT","TOT","NBR","A","2014",3.4502,
"CYP","PATENT","TOT","NBR","A","1985",0,
"CYP","PATENT","TOT","NBR","A","1986",1,
"CYP","PATENT","TOT","NBR","A","1987",0,
"CYP","PATENT","TOT","NBR","A","1988",0,
"CYP","PATENT","TOT","NBR","A","1989",0,
"CYP","PATENT","TOT","NBR","A","1990",0,
"CYP","PATENT","TOT","NBR","A","1991",2,
"CYP","PATENT","TOT","NBR","A","1992",0.1,
"CYP","PATENT","TOT","NBR","A","1993",0.375,
"CYP","PATENT","TOT","NBR","A","1994",1,
"CYP","PATENT","TOT","NBR","A","1995",0.2217,
"CYP","PATENT","TOT","NBR","A","1996",0.3333,
"CYP","PATENT","TOT","NBR","A","1997",0.325,
"CYP","PATENT","TOT","NBR","A","1998",0.125,
"CYP","PATENT","TOT","NBR","A","1999",2.75,
"CYP","PATENT","TOT","NBR","A","2000",0.2,
"CYP","PATENT","TOT","NBR","A","2001",0.25,
"CYP","PATENT","TOT","NBR","A","2002",1.1556,
"CYP","PATENT","TOT","NBR","A","2003",2.4167,
"CYP","PATENT","TOT","NBR","A","2004",2,
"CYP","PATENT","TOT","NBR","A","2005",4.0333,
"CYP","PATENT","TOT","NBR","A","2006",0.5333,
"CYP","PATENT","TOT","NBR","A","2007",3.4103,
"CYP","PATENT","TOT","NBR","A","2008",1.6667,
"CYP","PATENT","TOT","NBR","A","2009",2.6667,
"CYP","PATENT","TOT","NBR","A","2010",1,
"CYP","PATENT","TOT","NBR","A","2011",2.375,
"CYP","PATENT","TOT","NBR","A","2012",1,
"CYP","PATENT","TOT","NBR","A","2013",1.8433,
"CYP","PATENT","TOT","NBR","A","2014",1.6817,
"HKG","PATENT","TOT","NBR","A","1985",8.8864,
"HKG","PATENT","TOT","NBR","A","1986",9.7278,
"HKG","PATENT","TOT","NBR","A","1987",9.9076,
"HKG","PATENT","TOT","NBR","A","1988",10.2833,
"HKG","PATENT","TOT","NBR","A","1989",11.2,
"HKG","PATENT","TOT","NBR","A","1990",10.2288,
"HKG","PATENT","TOT","NBR","A","1991",14.2,
"HKG","PATENT","TOT","NBR","A","1992",11.789,
"HKG","PATENT","TOT","NBR","A","1993",16.3103,
"HKG","PATENT","TOT","NBR","A","1994",14.4803,
"HKG","PATENT","TOT","NBR","A","1995",18.6678,
"HKG","PATENT","TOT","NBR","A","1996",17.9405,
"HKG","PATENT","TOT","NBR","A","1997",10.3095,
"HKG","PATENT","TOT","NBR","A","1998",21.6734,
"HKG","PATENT","TOT","NBR","A","1999",23.0731,
"HKG","PATENT","TOT","NBR","A","2000",38.3406,
"HKG","PATENT","TOT","NBR","A","2001",31.1256,
"HKG","PATENT","TOT","NBR","A","2002",42.623,
"HKG","PATENT","TOT","NBR","A","2003",35.0297,
"HKG","PATENT","TOT","NBR","A","2004",31.3975,
"HKG","PATENT","TOT","NBR","A","2005",29.1124,
"HKG","PATENT","TOT","NBR","A","2006",31.8978,
"HKG","PATENT","TOT","NBR","A","2007",22.0208,
"HKG","PATENT","TOT","NBR","A","2008",17.0028,
"HKG","PATENT","TOT","NBR","A","2009",31.4327,
"HKG","PATENT","TOT","NBR","A","2010",27.0043,
"HKG","PATENT","TOT","NBR","A","2011",27.4202,
"HKG","PATENT","TOT","NBR","A","2012",22.9065,
"HKG","PATENT","TOT","NBR","A","2013",26.3103,
"HKG","PATENT","TOT","NBR","A","2014",26.8787,
"IND","PATENT","TOT","NBR","A","1985",4.8333,
"IND","PATENT","TOT","NBR","A","1986",5.3199,
"IND","PATENT","TOT","NBR","A","1987",5.1387,
"IND","PATENT","TOT","NBR","A","1988",9.6464,
"IND","PATENT","TOT","NBR","A","1989",7.2891,
"IND","PATENT","TOT","NBR","A","1990",11.0476,
"IND","PATENT","TOT","NBR","A","1991",7.0424,
"IND","PATENT","TOT","NBR","A","1992",7.5014,
"IND","PATENT","TOT","NBR","A","1993",7.7455,
"IND","PATENT","TOT","NBR","A","1994",6.3496,
"IND","PATENT","TOT","NBR","A","1995",10.6528,
"IND","PATENT","TOT","NBR","A","1996",15.7974,
"IND","PATENT","TOT","NBR","A","1997",22.8327,
"IND","PATENT","TOT","NBR","A","1998",34.5248,
"IND","PATENT","TOT","NBR","A","1999",44.7229,
"IND","PATENT","TOT","NBR","A","2000",67.1536,
"IND","PATENT","TOT","NBR","A","2001",107.6357,
"IND","PATENT","TOT","NBR","A","2002",172.8149,
"IND","PATENT","TOT","NBR","A","2003",167.6044,
"IND","PATENT","TOT","NBR","A","2004",174.8608,
"IND","PATENT","TOT","NBR","A","2005",202.5849,
"IND","PATENT","TOT","NBR","A","2006",212.1106,
"IND","PATENT","TOT","NBR","A","2007",195.2126,
"IND","PATENT","TOT","NBR","A","2008",287.0819,
"IND","PATENT","TOT","NBR","A","2009",307.4075,
"IND","PATENT","TOT","NBR","A","2010",373.2078,
"IND","PATENT","TOT","NBR","A","2011",361.1917,
"IND","PATENT","TOT","NBR","A","2012",407.4059,
"IND","PATENT","TOT","NBR","A","2013",410.2939,
"IND","PATENT","TOT","NBR","A","2014",422.9155,
"IDN","PATENT","TOT","NBR","A","1985",0,
"IDN","PATENT","TOT","NBR","A","1986",1,
"IDN","PATENT","TOT","NBR","A","1987",0,
"IDN","PATENT","TOT","NBR","A","1988",0,
"IDN","PATENT","TOT","NBR","A","1989",0.3357,
"IDN","PATENT","TOT","NBR","A","1990",1,
"IDN","PATENT","TOT","NBR","A","1991",0,
"IDN","PATENT","TOT","NBR","A","1992",0.4167,
"IDN","PATENT","TOT","NBR","A","1993",1.5333,
"IDN","PATENT","TOT","NBR","A","1994",0,
"IDN","PATENT","TOT","NBR","A","1995",0.25,
"IDN","PATENT","TOT","NBR","A","1996",0.6667,
"IDN","PATENT","TOT","NBR","A","1997",2.275,
"IDN","PATENT","TOT","NBR","A","1998",2.9905,
"IDN","PATENT","TOT","NBR","A","1999",1,
"IDN","PATENT","TOT","NBR","A","2000",5.75,
"IDN","PATENT","TOT","NBR","A","2001",1.9167,
"IDN","PATENT","TOT","NBR","A","2002",5.8675,
"IDN","PATENT","TOT","NBR","A","2003",2.5667,
"IDN","PATENT","TOT","NBR","A","2004",2.2205,
"IDN","PATENT","TOT","NBR","A","2005",0.8904,
"IDN","PATENT","TOT","NBR","A","2006",4.6937,
"IDN","PATENT","TOT","NBR","A","2007",0.9071,
"IDN","PATENT","TOT","NBR","A","2008",1.072,
"IDN","PATENT","TOT","NBR","A","2009",0.7935,
"IDN","PATENT","TOT","NBR","A","2010",3.3667,
"IDN","PATENT","TOT","NBR","A","2011",4.3333,
"IDN","PATENT","TOT","NBR","A","2012",3.9345,
"IDN","PATENT","TOT","NBR","A","2013",4.4054,
"IDN","PATENT","TOT","NBR","A","2014",3.664,
"LVA","PATENT","TOT","NBR","A","1985",0,
"LVA","PATENT","TOT","NBR","A","1986",0,
"LVA","PATENT","TOT","NBR","A","1987",0,
"LVA","PATENT","TOT","NBR","A","1988",0,
"LVA","PATENT","TOT","NBR","A","1989",0,
"LVA","PATENT","TOT","NBR","A","1990",0,
"LVA","PATENT","TOT","NBR","A","1991",0,
"LVA","PATENT","TOT","NBR","A","1992",0.6429,
"LVA","PATENT","TOT","NBR","A","1993",0,
"LVA","PATENT","TOT","NBR","A","1994",0,
"LVA","PATENT","TOT","NBR","A","1995",1.9,
"LVA","PATENT","TOT","NBR","A","1996",0.75,
"LVA","PATENT","TOT","NBR","A","1997",1.5,
"LVA","PATENT","TOT","NBR","A","1998",0,
"LVA","PATENT","TOT","NBR","A","1999",1.3333,
"LVA","PATENT","TOT","NBR","A","2000",4.8993,
"LVA","PATENT","TOT","NBR","A","2001",2.2952,
"LVA","PATENT","TOT","NBR","A","2002",2.7,
"LVA","PATENT","TOT","NBR","A","2003",3.8313,
"LVA","PATENT","TOT","NBR","A","2004",3.5858,
"LVA","PATENT","TOT","NBR","A","2005",10.0238,
"LVA","PATENT","TOT","NBR","A","2006",5.6346,
"LVA","PATENT","TOT","NBR","A","2007",5.5,
"LVA","PATENT","TOT","NBR","A","2008",2.375,
"LVA","PATENT","TOT","NBR","A","2009",8.4524,
"LVA","PATENT","TOT","NBR","A","2010",0.6667,
"LVA","PATENT","TOT","NBR","A","2011",3,
"LVA","PATENT","TOT","NBR","A","2012",2.3,
"LVA","PATENT","TOT","NBR","A","2013",3.6633,
"LVA","PATENT","TOT","NBR","A","2014",2.6344,
"LTU","PATENT","TOT","NBR","A","1985",0,
"LTU","PATENT","TOT","NBR","A","1986",0,
"LTU","PATENT","TOT","NBR","A","1987",0,
"LTU","PATENT","TOT","NBR","A","1988",0,
"LTU","PATENT","TOT","NBR","A","1989",0,
"LTU","PATENT","TOT","NBR","A","1990",0,
"LTU","PATENT","TOT","NBR","A","1991",0,
"LTU","PATENT","TOT","NBR","A","1992",0,
"LTU","PATENT","TOT","NBR","A","1993",0,
"LTU","PATENT","TOT","NBR","A","1994",0,
"LTU","PATENT","TOT","NBR","A","1995",0,
"LTU","PATENT","TOT","NBR","A","1996",0.5,
"LTU","PATENT","TOT","NBR","A","1997",0,
"LTU","PATENT","TOT","NBR","A","1998",0.6667,
"LTU","PATENT","TOT","NBR","A","1999",1.5,
"LTU","PATENT","TOT","NBR","A","2000",1.3601,
"LTU","PATENT","TOT","NBR","A","2001",1.1083,
"LTU","PATENT","TOT","NBR","A","2002",3.0298,
"LTU","PATENT","TOT","NBR","A","2003",13.6012,
"LTU","PATENT","TOT","NBR","A","2004",8.1925,
"LTU","PATENT","TOT","NBR","A","2005",1,
"LTU","PATENT","TOT","NBR","A","2006",0,
"LTU","PATENT","TOT","NBR","A","2007",0.0087,
"LTU","PATENT","TOT","NBR","A","2008",2.7,
"LTU","PATENT","TOT","NBR","A","2009",0.2,
"LTU","PATENT","TOT","NBR","A","2010",1,
"LTU","PATENT","TOT","NBR","A","2011",0.4,
"LTU","PATENT","TOT","NBR","A","2012",6.3375,
"LTU","PATENT","TOT","NBR","A","2013",6.5395,
"LTU","PATENT","TOT","NBR","A","2014",8.5315,
"MYS","PATENT","TOT","NBR","A","1985",0.375,
"MYS","PATENT","TOT","NBR","A","1986",0,
"MYS","PATENT","TOT","NBR","A","1987",1,
"MYS","PATENT","TOT","NBR","A","1988",1.5882,
"MYS","PATENT","TOT","NBR","A","1989",2.5833,
"MYS","PATENT","TOT","NBR","A","1990",1.6667,
"MYS","PATENT","TOT","NBR","A","1991",2.5035,
"MYS","PATENT","TOT","NBR","A","1992",6.1548,
"MYS","PATENT","TOT","NBR","A","1993",3.3595,
"MYS","PATENT","TOT","NBR","A","1994",1.1667,
"MYS","PATENT","TOT","NBR","A","1995",4.3511,
"MYS","PATENT","TOT","NBR","A","1996",5.2958,
"MYS","PATENT","TOT","NBR","A","1997",3.2555,
"MYS","PATENT","TOT","NBR","A","1998",3.675,
"MYS","PATENT","TOT","NBR","A","1999",4.5254,
"MYS","PATENT","TOT","NBR","A","2000",17.5777,
"MYS","PATENT","TOT","NBR","A","2001",13.8569,
"MYS","PATENT","TOT","NBR","A","2002",19.2657,
"MYS","PATENT","TOT","NBR","A","2003",20.9917,
"MYS","PATENT","TOT","NBR","A","2004",13.9329,
"MYS","PATENT","TOT","NBR","A","2005",29.3793,
"MYS","PATENT","TOT","NBR","A","2006",17.1225,
"MYS","PATENT","TOT","NBR","A","2007",26.2087,
"MYS","PATENT","TOT","NBR","A","2008",22.1492,
"MYS","PATENT","TOT","NBR","A","2009",28.3242,
"MYS","PATENT","TOT","NBR","A","2010",34.0816,
"MYS","PATENT","TOT","NBR","A","2011",13.3333,
"MYS","PATENT","TOT","NBR","A","2012",20.3887,
"MYS","PATENT","TOT","NBR","A","2013",22.7364,
"MYS","PATENT","TOT","NBR","A","2014",21.844,
"MLT","PATENT","TOT","NBR","A","1985",0,
"MLT","PATENT","TOT","NBR","A","1986",0,
"MLT","PATENT","TOT","NBR","A","1987",0,
"MLT","PATENT","TOT","NBR","A","1988",0,
"MLT","PATENT","TOT","NBR","A","1989",1,
"MLT","PATENT","TOT","NBR","A","1990",0,
"MLT","PATENT","TOT","NBR","A","1991",1,
"MLT","PATENT","TOT","NBR","A","1992",2,
"MLT","PATENT","TOT","NBR","A","1993",0.5,
"MLT","PATENT","TOT","NBR","A","1994",0,
"MLT","PATENT","TOT","NBR","A","1995",0,
"MLT","PATENT","TOT","NBR","A","1996",2,
"MLT","PATENT","TOT","NBR","A","1997",0,
"MLT","PATENT","TOT","NBR","A","1998",0.3333,
"MLT","PATENT","TOT","NBR","A","1999",0,
"MLT","PATENT","TOT","NBR","A","2000",2.0667,
"MLT","PATENT","TOT","NBR","A","2001",2,
"MLT","PATENT","TOT","NBR","A","2002",1,
"MLT","PATENT","TOT","NBR","A","2003",0,
"MLT","PATENT","TOT","NBR","A","2004",2.75,
"MLT","PATENT","TOT","NBR","A","2005",1.25,
"MLT","PATENT","TOT","NBR","A","2006",0.45,
"MLT","PATENT","TOT","NBR","A","2007",1,
"MLT","PATENT","TOT","NBR","A","2008",1,
"MLT","PATENT","TOT","NBR","A","2009",0,
"MLT","PATENT","TOT","NBR","A","2010",0,
"MLT","PATENT","TOT","NBR","A","2011",0,
"MLT","PATENT","TOT","NBR","A","2012",0.0185,
"MLT","PATENT","TOT","NBR","A","2013",0.0231,
"MLT","PATENT","TOT","NBR","A","2014",0.0282,
"SAU","PATENT","TOT","NBR","A","1985",0.0455,
"SAU","PATENT","TOT","NBR","A","1986",0.6667,
"SAU","PATENT","TOT","NBR","A","1987",1,
"SAU","PATENT","TOT","NBR","A","1988",2.4767,
"SAU","PATENT","TOT","NBR","A","1989",0,
"SAU","PATENT","TOT","NBR","A","1990",0,
"SAU","PATENT","TOT","NBR","A","1991",0,
"SAU","PATENT","TOT","NBR","A","1992",0.5,
"SAU","PATENT","TOT","NBR","A","1993",2,
"SAU","PATENT","TOT","NBR","A","1994",0.3333,
"SAU","PATENT","TOT","NBR","A","1995",1.5333,
"SAU","PATENT","TOT","NBR","A","1996",0.25,
"SAU","PATENT","TOT","NBR","A","1997",1.8311,
"SAU","PATENT","TOT","NBR","A","1998",4.3526,
"SAU","PATENT","TOT","NBR","A","1999",4.6005,
"SAU","PATENT","TOT","NBR","A","2000",6.1333,
"SAU","PATENT","TOT","NBR","A","2001",7.125,
"SAU","PATENT","TOT","NBR","A","2002",5.0625,
"SAU","PATENT","TOT","NBR","A","2003",4.9286,
"SAU","PATENT","TOT","NBR","A","2004",9.1786,
"SAU","PATENT","TOT","NBR","A","2005",14.65,
"SAU","PATENT","TOT","NBR","A","2006",14.5979,
"SAU","PATENT","TOT","NBR","A","2007",12.0064,
"SAU","PATENT","TOT","NBR","A","2008",4.2781,
"SAU","PATENT","TOT","NBR","A","2009",14.5718,
"SAU","PATENT","TOT","NBR","A","2010",20.756,
"SAU","PATENT","TOT","NBR","A","2011",76.9338,
"SAU","PATENT","TOT","NBR","A","2012",44.6182,
"SAU","PATENT","TOT","NBR","A","2013",45.6967,
"SAU","PATENT","TOT","NBR","A","2014",45.7366,
"WLD","PATENT","TOT","NBR","A","1985",22725,
"WLD","PATENT","TOT","NBR","A","1986",24386,
"WLD","PATENT","TOT","NBR","A","1987",28052,
"WLD","PATENT","TOT","NBR","A","1988",30382,
"WLD","PATENT","TOT","NBR","A","1989",32961,
"WLD","PATENT","TOT","NBR","A","1990",32553,
"WLD","PATENT","TOT","NBR","A","1991",30863,
"WLD","PATENT","TOT","NBR","A","1992",30431,
"WLD","PATENT","TOT","NBR","A","1993",31321,
"WLD","PATENT","TOT","NBR","A","1994",33046,
"WLD","PATENT","TOT","NBR","A","1995",36345,
"WLD","PATENT","TOT","NBR","A","1996",39772,
"WLD","PATENT","TOT","NBR","A","1997",42635,
"WLD","PATENT","TOT","NBR","A","1998",44919,
"WLD","PATENT","TOT","NBR","A","1999",47444,
"WLD","PATENT","TOT","NBR","A","2000",55627,
"WLD","PATENT","TOT","NBR","A","2001",54535,
"WLD","PATENT","TOT","NBR","A","2002",55990,
"WLD","PATENT","TOT","NBR","A","2003",58128,
"WLD","PATENT","TOT","NBR","A","2004",60816,
"WLD","PATENT","TOT","NBR","A","2005",60748,
"WLD","PATENT","TOT","NBR","A","2006",56808,
"WLD","PATENT","TOT","NBR","A","2007",52988,
"WLD","PATENT","TOT","NBR","A","2008",50869,
"WLD","PATENT","TOT","NBR","A","2009",51670,
"WLD","PATENT","TOT","NBR","A","2010",51973,
"WLD","PATENT","TOT","NBR","A","2011",52541,
"WLD","PATENT","TOT","NBR","A","2012",53181.4501,
"WLD","PATENT","TOT","NBR","A","2013",54113.0311,
"WLD","PATENT","TOT","NBR","A","2014",54954.7401,
"CRI","PATENT","TOT","NBR","A","1985",0,
"CRI","PATENT","TOT","NBR","A","1986",0,
"CRI","PATENT","TOT","NBR","A","1987",0,
"CRI","PATENT","TOT","NBR","A","1988",0.5,
"CRI","PATENT","TOT","NBR","A","1989",0,
"CRI","PATENT","TOT","NBR","A","1990",0,
"CRI","PATENT","TOT","NBR","A","1991",0,
"CRI","PATENT","TOT","NBR","A","1992",0,
"CRI","PATENT","TOT","NBR","A","1993",0,
"CRI","PATENT","TOT","NBR","A","1994",0,
"CRI","PATENT","TOT","NBR","A","1995",0,
"CRI","PATENT","TOT","NBR","A","1996",1.1538,
"CRI","PATENT","TOT","NBR","A","1997",0,
"CRI","PATENT","TOT","NBR","A","1998",0.0714,
"CRI","PATENT","TOT","NBR","A","1999",0,
"CRI","PATENT","TOT","NBR","A","2000",2,
"CRI","PATENT","TOT","NBR","A","2001",0,
"CRI","PATENT","TOT","NBR","A","2002",0,
"CRI","PATENT","TOT","NBR","A","2003",0.25,
"CRI","PATENT","TOT","NBR","A","2004",0.1053,
"CRI","PATENT","TOT","NBR","A","2005",0,
"CRI","PATENT","TOT","NBR","A","2006",0.2965,
"CRI","PATENT","TOT","NBR","A","2007",0.3095,
"CRI","PATENT","TOT","NBR","A","2008",0.4167,
"CRI","PATENT","TOT","NBR","A","2009",1.3,
"CRI","PATENT","TOT","NBR","A","2010",0.6667,
"CRI","PATENT","TOT","NBR","A","2011",0.65,
"CRI","PATENT","TOT","NBR","A","2012",1.9333,
"CRI","PATENT","TOT","NBR","A","2013",1,
"CRI","PATENT","TOT","NBR","A","2014",0,
