﻿"LOCATION","INDICATOR","SUBJECT","MEASURE","FREQUENCY","TIME","Value","Flag Codes"
"AUS","FISHSUPP","TOT","USD","A","2005",38420494.48,
"AUS","FISHSUPP","TOT","USD","A","2006",45771980.357,
"AUS","FISHSUPP","TOT","USD","A","2007",57954314.297,
"AUS","FISHSUPP","TOT","USD","A","2008",66958630.855,
"AUS","FISHSUPP","TOT","USD","A","2009",26962337.446,
"AUS","FISHSUPP","TOT","USD","A","2010",32015024.433,
"AUS","FISHSUPP","TOT","USD","A","2011",18718757.642,
"AUS","FISHSUPP","TOT","USD","A","2012",14247412.008,
"AUS","FISHSUPP","TOT","USD","A","2013",14250961.538,
"AUS","FISHSUPP","TOT","USD","A","2014",17780909.091,
"BEL","FISHSUPP","TOT","USD","A","2006",7757024.675,
"BEL","FISHSUPP","TOT","USD","A","2007",6061722.569,
"BEL","FISHSUPP","TOT","USD","A","2008",4988432.89,
"BEL","FISHSUPP","TOT","USD","A","2009",14484295.215,
"BEL","FISHSUPP","TOT","USD","A","2010",14066535.694,
"BEL","FISHSUPP","TOT","USD","A","2011",5305914.468,
"BEL","FISHSUPP","TOT","USD","A","2012",6559658.985,
"BEL","FISHSUPP","TOT","USD","A","2013",5780484.011,
"CAN","FISHSUPP","TOT","USD","A","2001",521892258.863,
"CAN","FISHSUPP","TOT","USD","A","2002",497759083.242,
"CAN","FISHSUPP","TOT","USD","A","2003",553787022.639,
"CAN","FISHSUPP","TOT","USD","A","2004",580665167.488,
"CAN","FISHSUPP","TOT","USD","A","2005",595447549.085,
"CAN","FISHSUPP","TOT","USD","A","2006",631552288.181,
"CAN","FISHSUPP","TOT","USD","A","2007",677387114.205,
"CAN","FISHSUPP","TOT","USD","A","2008",700845545.187,
"CAN","FISHSUPP","TOT","USD","A","2009",745800858.083,
"CAN","FISHSUPP","TOT","USD","A","2010",869946510.967,
"CZE","FISHSUPP","TOT","USD","A","2006",4560624.393,
"CZE","FISHSUPP","TOT","USD","A","2007",9569376.253,
"CZE","FISHSUPP","TOT","USD","A","2008",29233678.899,
"CZE","FISHSUPP","TOT","USD","A","2009",36870709.266,
"CZE","FISHSUPP","TOT","USD","A","2010",28978807.562,
"CZE","FISHSUPP","TOT","USD","A","2011",46196461.299,
"CZE","FISHSUPP","TOT","USD","A","2012",29317384.021,
"CZE","FISHSUPP","TOT","USD","A","2013",23021819.585,
"CZE","FISHSUPP","TOT","USD","A","2014",10192260.553,
"DNK","FISHSUPP","TOT","USD","A","2004",92528705.148,
"DNK","FISHSUPP","TOT","USD","A","2005",79029407.551,
"DNK","FISHSUPP","TOT","USD","A","2006",113100806.054,
"DNK","FISHSUPP","TOT","USD","A","2007",91578248.466,
"DNK","FISHSUPP","TOT","USD","A","2008",116180458.855,
"DNK","FISHSUPP","TOT","USD","A","2009",109556316.987,
"DNK","FISHSUPP","TOT","USD","A","2010",115119584.347,
"DNK","FISHSUPP","TOT","USD","A","2011",134149591.185,
"DNK","FISHSUPP","TOT","USD","A","2012",134362165.976,
"DNK","FISHSUPP","TOT","USD","A","2013",140495898.216,
"DNK","FISHSUPP","TOT","USD","A","2014",110994787.814,
"FIN","FISHSUPP","TOT","USD","A","2004",25441240.561,
"FIN","FISHSUPP","TOT","USD","A","2005",29606638.997,
"FIN","FISHSUPP","TOT","USD","A","2006",23399346.092,
"FIN","FISHSUPP","TOT","USD","A","2007",30194987.926,
"FIN","FISHSUPP","TOT","USD","A","2008",34981159.157,
"FIN","FISHSUPP","TOT","USD","A","2009",26889633.124,
"FIN","FISHSUPP","TOT","USD","A","2010",17311578.861,
"FIN","FISHSUPP","TOT","USD","A","2011",25100251.951,
"FIN","FISHSUPP","TOT","USD","A","2012",12994095.167,
"FRA","FISHSUPP","TOT","USD","A","2004",160432452.865,
"FRA","FISHSUPP","TOT","USD","A","2005",207470758.062,
"FRA","FISHSUPP","TOT","USD","A","2006",113779736.687,
"FRA","FISHSUPP","TOT","USD","A","2008",339866669.406,
"FRA","FISHSUPP","TOT","USD","A","2009",405607566.291,
"FRA","FISHSUPP","TOT","USD","A","2010",51726092.676,
"FRA","FISHSUPP","TOT","USD","A","2011",295503958.867,
"FRA","FISHSUPP","TOT","USD","A","2012",284683339.421,
"DEU","FISHSUPP","TOT","USD","A","2004",18139753.511,
"DEU","FISHSUPP","TOT","USD","A","2005",30624416.386,
"DEU","FISHSUPP","TOT","USD","A","2006",30741917.207,
"DEU","FISHSUPP","TOT","USD","A","2007",31450319.397,
"DEU","FISHSUPP","TOT","USD","A","2008",8921287.356,
"DEU","FISHSUPP","TOT","USD","A","2009",13027222.122,
"DEU","FISHSUPP","TOT","USD","A","2010",18555221.866,
"DEU","FISHSUPP","TOT","USD","A","2011",20017833.212,
"DEU","FISHSUPP","TOT","USD","A","2012",27305775.064,
"DEU","FISHSUPP","TOT","USD","A","2013",18381430.279,
"DEU","FISHSUPP","TOT","USD","A","2014",20500937.333,
"GRC","FISHSUPP","TOT","USD","A","2006",66329209.669,
"GRC","FISHSUPP","TOT","USD","A","2007",82695241.756,
"GRC","FISHSUPP","TOT","USD","A","2008",87889071.836,
"GRC","FISHSUPP","TOT","USD","A","2009",71407514.253,
"GRC","FISHSUPP","TOT","USD","A","2010",11183001.769,
"GRC","FISHSUPP","TOT","USD","A","2011",42196197.726,
"GRC","FISHSUPP","TOT","USD","A","2012",43844816.195,
"GRC","FISHSUPP","TOT","USD","A","2013",29382118.194,
"GRC","FISHSUPP","TOT","USD","A","2014",25315900,
"HUN","FISHSUPP","TOT","USD","A","2006",282174.673,
"HUN","FISHSUPP","TOT","USD","A","2007",435742.448,
"HUN","FISHSUPP","TOT","USD","A","2008",463863.667,
"HUN","FISHSUPP","TOT","USD","A","2009",604571.03,
"HUN","FISHSUPP","TOT","USD","A","2010",7375527.003,
"HUN","FISHSUPP","TOT","USD","A","2011",7457726.441,
"HUN","FISHSUPP","TOT","USD","A","2012",14985359.954,
"ISL","FISHSUPP","TOT","USD","A","2000",36229537.864,
"ISL","FISHSUPP","TOT","USD","A","2001",33536122.017,
"ISL","FISHSUPP","TOT","USD","A","2002",35537846.579,
"ISL","FISHSUPP","TOT","USD","A","2003",45486396.09,
"ISL","FISHSUPP","TOT","USD","A","2004",36241235.609,
"ISL","FISHSUPP","TOT","USD","A","2005",43626831.821,
"ISL","FISHSUPP","TOT","USD","A","2006",53067884.865,
"ISL","FISHSUPP","TOT","USD","A","2007",66441396.434,
"ISL","FISHSUPP","TOT","USD","A","2008",51676608.882,
"ISL","FISHSUPP","TOT","USD","A","2009",31922812.559,
"ISL","FISHSUPP","TOT","USD","A","2010",23146890.615,
"ISL","FISHSUPP","TOT","USD","A","2011",13322213.63,
"ISL","FISHSUPP","TOT","USD","A","2012",-37058768.523,
"ISL","FISHSUPP","TOT","USD","A","2013",-40059475.768,
"ISL","FISHSUPP","TOT","USD","A","2014",39872325.742,
"IRL","FISHSUPP","TOT","USD","A","2005",22342239.9,
"IRL","FISHSUPP","TOT","USD","A","2006",25831645.276,
"IRL","FISHSUPP","TOT","USD","A","2007",214360634.769,
"IRL","FISHSUPP","TOT","USD","A","2008",254100656.274,
"IRL","FISHSUPP","TOT","USD","A","2009",220510316.888,
"IRL","FISHSUPP","TOT","USD","A","2011",49742231.975,
"IRL","FISHSUPP","TOT","USD","A","2012",49342475.798,
"IRL","FISHSUPP","TOT","USD","A","2013",5641655.777,
"ITA","FISHSUPP","TOT","USD","A","2005",171455611.226,
"ITA","FISHSUPP","TOT","USD","A","2006",243462560.996,
"ITA","FISHSUPP","TOT","USD","A","2007",577935807.192,
"ITA","FISHSUPP","TOT","USD","A","2008",480948277.236,
"ITA","FISHSUPP","TOT","USD","A","2009",490006903.983,
"ITA","FISHSUPP","TOT","USD","A","2010",488070230.509,
"ITA","FISHSUPP","TOT","USD","A","2011",710789525.71,
"ITA","FISHSUPP","TOT","USD","A","2012",589426538.56,
"ITA","FISHSUPP","TOT","USD","A","2013",505282236.388,
"ITA","FISHSUPP","TOT","USD","A","2014",522068426.667,
"JPN","FISHSUPP","TOT","USD","A","2004",2465072798.906,
"JPN","FISHSUPP","TOT","USD","A","2005",2188286764.51,
"JPN","FISHSUPP","TOT","USD","A","2006",1985064850.606,
"JPN","FISHSUPP","TOT","USD","A","2007",1850467385.107,
"JPN","FISHSUPP","TOT","USD","A","2008",2043657838.487,
"JPN","FISHSUPP","TOT","USD","A","2009",2196426254.526,
"JPN","FISHSUPP","TOT","USD","A","2010",1726787618.708,
"JPN","FISHSUPP","TOT","USD","A","2011",1939786126.658,
"JPN","FISHSUPP","TOT","USD","A","2012",1814684955.02,
"JPN","FISHSUPP","TOT","USD","A","2013",1470399761.881,
"KOR","FISHSUPP","TOT","USD","A","2002",538697593.766,
"KOR","FISHSUPP","TOT","USD","A","2003",569969367.539,
"KOR","FISHSUPP","TOT","USD","A","2004",564992981.064,
"KOR","FISHSUPP","TOT","USD","A","2005",733146997.154,
"KOR","FISHSUPP","TOT","USD","A","2006",748914863.862,
"KOR","FISHSUPP","TOT","USD","A","2007",791736746.169,
"KOR","FISHSUPP","TOT","USD","A","2008",879477301.743,
"KOR","FISHSUPP","TOT","USD","A","2009",565230643.702,
"KOR","FISHSUPP","TOT","USD","A","2010",498178488.483,
"KOR","FISHSUPP","TOT","USD","A","2011",429713702.873,
"MEX","FISHSUPP","TOT","USD","A","2004",150495806.422,
"MEX","FISHSUPP","TOT","USD","A","2005",85077835.156,
"MEX","FISHSUPP","TOT","USD","A","2006",89073782.432,
"MEX","FISHSUPP","TOT","USD","A","2007",85277291.356,
"MEX","FISHSUPP","TOT","USD","A","2010",33845319.147,
"MEX","FISHSUPP","TOT","USD","A","2011",30817767.693,
"NLD","FISHSUPP","TOT","USD","A","2006",21349390.404,
"NLD","FISHSUPP","TOT","USD","A","2007",7954984.157,
"NLD","FISHSUPP","TOT","USD","A","2008",43457262.372,
"NLD","FISHSUPP","TOT","USD","A","2009",5143092.278,
"NLD","FISHSUPP","TOT","USD","A","2010",17486409.301,
"NZL","FISHSUPP","TOT","USD","A","2004",29972560.364,
"NZL","FISHSUPP","TOT","USD","A","2005",37852707.613,
"NZL","FISHSUPP","TOT","USD","A","2006",38566120.615,
"NZL","FISHSUPP","TOT","USD","A","2007",41739254.072,
"NZL","FISHSUPP","TOT","USD","A","2008",43290836.49,
"NZL","FISHSUPP","TOT","USD","A","2009",39229131.931,
"NZL","FISHSUPP","TOT","USD","A","2010",45682779.116,
"NZL","FISHSUPP","TOT","USD","A","2011",46829465.939,
"NZL","FISHSUPP","TOT","USD","A","2012",39784997.571,
"NZL","FISHSUPP","TOT","USD","A","2013",46476626.516,
"NZL","FISHSUPP","TOT","USD","A","2014",46427820.833,
"NOR","FISHSUPP","TOT","USD","A","2006",221376392.861,
"NOR","FISHSUPP","TOT","USD","A","2007",276827831.672,
"NOR","FISHSUPP","TOT","USD","A","2008",303457677.169,
"NOR","FISHSUPP","TOT","USD","A","2009",341555283.004,
"NOR","FISHSUPP","TOT","USD","A","2010",335712401.447,
"NOR","FISHSUPP","TOT","USD","A","2011",369638164.125,
"NOR","FISHSUPP","TOT","USD","A","2012",417311211.35,
"NOR","FISHSUPP","TOT","USD","A","2013",426498069.089,
"NOR","FISHSUPP","TOT","USD","A","2014",456215620.451,
"POL","FISHSUPP","TOT","USD","A","2005",98019791.707,
"POL","FISHSUPP","TOT","USD","A","2006",39944149.246,
"POL","FISHSUPP","TOT","USD","A","2007",52144669.499,
"POL","FISHSUPP","TOT","USD","A","2009",38378009.615,
"POL","FISHSUPP","TOT","USD","A","2010",122236779.071,
"POL","FISHSUPP","TOT","USD","A","2011",79548433.532,
"PRT","FISHSUPP","TOT","USD","A","2008",61963576.444,
"PRT","FISHSUPP","TOT","USD","A","2009",105177391.579,
"PRT","FISHSUPP","TOT","USD","A","2010",57309525.814,
"PRT","FISHSUPP","TOT","USD","A","2011",50016468.237,
"PRT","FISHSUPP","TOT","USD","A","2012",52449507.712,
"PRT","FISHSUPP","TOT","USD","A","2013",59532901.726,
"PRT","FISHSUPP","TOT","USD","A","2014",68255276,
"SVK","FISHSUPP","TOT","USD","A","2005",7182.155,
"SVK","FISHSUPP","TOT","USD","A","2006",24530.978,
"SVK","FISHSUPP","TOT","USD","A","2007",37435.138,
"ESP","FISHSUPP","TOT","USD","A","2004",424795753.757,
"ESP","FISHSUPP","TOT","USD","A","2005",429516108.51,
"ESP","FISHSUPP","TOT","USD","A","2006",427341769.394,
"ESP","FISHSUPP","TOT","USD","A","2007",376316884.323,
"ESP","FISHSUPP","TOT","USD","A","2008",245744648.966,
"ESP","FISHSUPP","TOT","USD","A","2009",216193954.493,
"ESP","FISHSUPP","TOT","USD","A","2010",288860613.867,
"ESP","FISHSUPP","TOT","USD","A","2011",294134269.638,
"ESP","FISHSUPP","TOT","USD","A","2012",283061755.784,
"ESP","FISHSUPP","TOT","USD","A","2013",202255312.085,
"SWE","FISHSUPP","TOT","USD","A","2004",55939182.079,
"SWE","FISHSUPP","TOT","USD","A","2005",53611657.547,
"SWE","FISHSUPP","TOT","USD","A","2006",56820771.343,
"SWE","FISHSUPP","TOT","USD","A","2007",96293279.481,
"SWE","FISHSUPP","TOT","USD","A","2008",96804886.375,
"SWE","FISHSUPP","TOT","USD","A","2009",108576103.485,
"SWE","FISHSUPP","TOT","USD","A","2010",125457944.882,
"SWE","FISHSUPP","TOT","USD","A","2011",120255653.592,
"SWE","FISHSUPP","TOT","USD","A","2012",115784458.862,
"SWE","FISHSUPP","TOT","USD","A","2013",91871198.526,
"TUR","FISHSUPP","TOT","USD","A","2004",70561961.882,
"TUR","FISHSUPP","TOT","USD","A","2005",130502602.453,
"TUR","FISHSUPP","TOT","USD","A","2006",178772831.559,
"TUR","FISHSUPP","TOT","USD","A","2007",226569189.165,
"TUR","FISHSUPP","TOT","USD","A","2008",274886036.77,
"TUR","FISHSUPP","TOT","USD","A","2009",243285513.904,
"TUR","FISHSUPP","TOT","USD","A","2010",283010239.154,
"TUR","FISHSUPP","TOT","USD","A","2011",281783684.714,
"TUR","FISHSUPP","TOT","USD","A","2012",257295122.059,
"TUR","FISHSUPP","TOT","USD","A","2013",309393315.626,
"GBR","FISHSUPP","TOT","USD","A","2002",72912103.59,
"GBR","FISHSUPP","TOT","USD","A","2003",94012719.761,
"GBR","FISHSUPP","TOT","USD","A","2004",97528675.136,
"GBR","FISHSUPP","TOT","USD","A","2005",101891826.096,
"GBR","FISHSUPP","TOT","USD","A","2006",114661490.651,
"GBR","FISHSUPP","TOT","USD","A","2008",48197925.878,
"GBR","FISHSUPP","TOT","USD","A","2009",18832104.625,
"GBR","FISHSUPP","TOT","USD","A","2010",44395574.615,
"GBR","FISHSUPP","TOT","USD","A","2011",54223853.407,
"GBR","FISHSUPP","TOT","USD","A","2012",37944574.532,
"GBR","FISHSUPP","TOT","USD","A","2013",28635434.818,
"USA","FISHSUPP","TOT","USD","A","2004",1152321000,
"USA","FISHSUPP","TOT","USD","A","2005",1417013000,
"USA","FISHSUPP","TOT","USD","A","2006",1865906800,
"USA","FISHSUPP","TOT","USD","A","2007",2048855900,
"USA","FISHSUPP","TOT","USD","A","2008",2149872125,
"USA","FISHSUPP","TOT","USD","A","2009",1677251155,
"USA","FISHSUPP","TOT","USD","A","2010",1947436563,
"USA","FISHSUPP","TOT","USD","A","2011",2502210652,
"CHL","FISHSUPP","TOT","USD","A","2007",39350715.366,
"CHL","FISHSUPP","TOT","USD","A","2008",48246966.098,
"CHL","FISHSUPP","TOT","USD","A","2009",58609589.606,
"CHL","FISHSUPP","TOT","USD","A","2010",102286140.038,
"CHL","FISHSUPP","TOT","USD","A","2011",112183651.376,
"CHL","FISHSUPP","TOT","USD","A","2012",95303783.505,
"EST","FISHSUPP","TOT","USD","A","2006",14075997.39,
"EST","FISHSUPP","TOT","USD","A","2007",10665540.626,
"EST","FISHSUPP","TOT","USD","A","2008",6388455.879,
"EST","FISHSUPP","TOT","USD","A","2009",47310502.868,
"EST","FISHSUPP","TOT","USD","A","2010",35031824.472,
"EST","FISHSUPP","TOT","USD","A","2011",32832981.387,
"EST","FISHSUPP","TOT","USD","A","2012",23909157.429,
"EST","FISHSUPP","TOT","USD","A","2013",39139990.338,
"EST","FISHSUPP","TOT","USD","A","2014",32763949.84,
"TWN","FISHSUPP","TOT","USD","A","2004",39839476.273,
"TWN","FISHSUPP","TOT","USD","A","2005",65651158.672,
"TWN","FISHSUPP","TOT","USD","A","2006",87555332.698,
"TWN","FISHSUPP","TOT","USD","A","2007",54297106.693,
"TWN","FISHSUPP","TOT","USD","A","2008",29026707.428,
"TWN","FISHSUPP","TOT","USD","A","2009",25116960.604,
"TWN","FISHSUPP","TOT","USD","A","2010",18439365.079,
"TWN","FISHSUPP","TOT","USD","A","2011",26580879.989,
"TWN","FISHSUPP","TOT","USD","A","2012",28130784.122,
"TWN","FISHSUPP","TOT","USD","A","2013",29490145.012,
"THA","FISHSUPP","TOT","USD","A","2004",8631386.224,
"THA","FISHSUPP","TOT","USD","A","2005",15496917.806,
"THA","FISHSUPP","TOT","USD","A","2006",10277175.002,
"THA","FISHSUPP","TOT","USD","A","2007",38611501.11,
"THA","FISHSUPP","TOT","USD","A","2008",18001824.715,
"THA","FISHSUPP","TOT","USD","A","2009",27168261.001,
"THA","FISHSUPP","TOT","USD","A","2010",19926713.691,
"THA","FISHSUPP","TOT","USD","A","2011",49721306.611,
"THA","FISHSUPP","TOT","USD","A","2012",70622004.295,
"ARG","FISHSUPP","TOT","USD","A","2010",6224161.282,
"ARG","FISHSUPP","TOT","USD","A","2011",17168381,
"ARG","FISHSUPP","TOT","USD","A","2012",28347919.778,
"LVA","FISHSUPP","TOT","USD","A","2012",23291034.706,
"LVA","FISHSUPP","TOT","USD","A","2013",17243300.545,
"COL","FISHSUPP","TOT","USD","A","2011",28529619.441,
"COL","FISHSUPP","TOT","USD","A","2012",22245613.849,
"COL","FISHSUPP","TOT","USD","A","2013",37677397.748,
"AUS","FISHSUPP","MARINECAPT","USD","A","2005",38420494.48,
"AUS","FISHSUPP","MARINECAPT","USD","A","2006",45771980.357,
"AUS","FISHSUPP","MARINECAPT","USD","A","2007",57954314.297,
"AUS","FISHSUPP","MARINECAPT","USD","A","2008",66958630.855,
"AUS","FISHSUPP","MARINECAPT","USD","A","2009",26962337.446,
"AUS","FISHSUPP","MARINECAPT","USD","A","2010",32015024.433,
"AUS","FISHSUPP","MARINECAPT","USD","A","2011",18718757.642,
"AUS","FISHSUPP","MARINECAPT","USD","A","2012",14247412.008,
"AUS","FISHSUPP","MARINECAPT","USD","A","2013",14250961.538,
"AUS","FISHSUPP","MARINECAPT","USD","A","2014",17780909.091,
"BEL","FISHSUPP","AQUACULT","USD","A","2007",75292.399,
"BEL","FISHSUPP","AQUACULT","USD","A","2008",2138944.114,
"BEL","FISHSUPP","AQUACULT","USD","A","2009",905503.969,
"BEL","FISHSUPP","AQUACULT","USD","A","2010",3520235.398,
"BEL","FISHSUPP","AQUACULT","USD","A","2011",1727466.894,
"BEL","FISHSUPP","AQUACULT","USD","A","2012",381506.427,
"BEL","FISHSUPP","AQUACULT","USD","A","2013",101741.009,
"BEL","FISHSUPP","MARINECAPT","USD","A","2006",7131944.046,
"BEL","FISHSUPP","MARINECAPT","USD","A","2007",3288224.392,
"BEL","FISHSUPP","MARINECAPT","USD","A","2008",1267576.587,
"BEL","FISHSUPP","MARINECAPT","USD","A","2009",13578791.247,
"BEL","FISHSUPP","MARINECAPT","USD","A","2010",10546300.296,
"BEL","FISHSUPP","MARINECAPT","USD","A","2011",2866050.322,
"BEL","FISHSUPP","MARINECAPT","USD","A","2012",6178152.558,
"BEL","FISHSUPP","MARINECAPT","USD","A","2013",5678743.001,
"BEL","FISHSUPP","MKTPROC","USD","A","2006",625080.629,
"BEL","FISHSUPP","MKTPROC","USD","A","2007",2698205.777,
"BEL","FISHSUPP","MKTPROC","USD","A","2008",1581912.188,
"BEL","FISHSUPP","MKTPROC","USD","A","2011",712397.251,
"CAN","FISHSUPP","AQUACULT","USD","A","2001",18018554.662,
"CAN","FISHSUPP","AQUACULT","USD","A","2002",22483551.681,
"CAN","FISHSUPP","AQUACULT","USD","A","2003",25493483.827,
"CAN","FISHSUPP","AQUACULT","USD","A","2004",27361588.303,
"CAN","FISHSUPP","AQUACULT","USD","A","2005",40108704.111,
"CAN","FISHSUPP","AQUACULT","USD","A","2006",31793173.467,
"CAN","FISHSUPP","AQUACULT","USD","A","2007",37916380.919,
"CAN","FISHSUPP","AQUACULT","USD","A","2008",38844978.523,
"CAN","FISHSUPP","AQUACULT","USD","A","2009",38243161.299,
"CAN","FISHSUPP","AQUACULT","USD","A","2010",54386389.646,
"CAN","FISHSUPP","MARINECAPT","USD","A","2001",483982253.177,
"CAN","FISHSUPP","MARINECAPT","USD","A","2002",464256680.455,
"CAN","FISHSUPP","MARINECAPT","USD","A","2003",522580713.304,
"CAN","FISHSUPP","MARINECAPT","USD","A","2004",547923491.598,
"CAN","FISHSUPP","MARINECAPT","USD","A","2005",553193111.833,
"CAN","FISHSUPP","MARINECAPT","USD","A","2006",595219924.275,
"CAN","FISHSUPP","MARINECAPT","USD","A","2007",634525408.599,
"CAN","FISHSUPP","MARINECAPT","USD","A","2008",657050028.012,
"CAN","FISHSUPP","MARINECAPT","USD","A","2009",699537073.26,
"CAN","FISHSUPP","MARINECAPT","USD","A","2010",805543487.177,
"CAN","FISHSUPP","MKTPROC","USD","A","2001",19891451.025,
"CAN","FISHSUPP","MKTPROC","USD","A","2002",11018851.107,
"CAN","FISHSUPP","MKTPROC","USD","A","2003",5712825.508,
"CAN","FISHSUPP","MKTPROC","USD","A","2004",5380087.588,
"CAN","FISHSUPP","MKTPROC","USD","A","2005",2145733.142,
"CAN","FISHSUPP","MKTPROC","USD","A","2006",4539190.439,
"CAN","FISHSUPP","MKTPROC","USD","A","2007",4945324.688,
"CAN","FISHSUPP","MKTPROC","USD","A","2008",4950538.653,
"CAN","FISHSUPP","MKTPROC","USD","A","2009",8020623.525,
"CAN","FISHSUPP","MKTPROC","USD","A","2010",10016634.144,
"CZE","FISHSUPP","AQUACULT","USD","A","2006",3801351.107,
"CZE","FISHSUPP","AQUACULT","USD","A","2007",8835570.44,
"CZE","FISHSUPP","AQUACULT","USD","A","2008",29233678.899,
"CZE","FISHSUPP","AQUACULT","USD","A","2009",36870709.266,
"CZE","FISHSUPP","AQUACULT","USD","A","2010",28978807.562,
"CZE","FISHSUPP","AQUACULT","USD","A","2011",46196461.299,
"CZE","FISHSUPP","AQUACULT","USD","A","2012",29317384.021,
"CZE","FISHSUPP","AQUACULT","USD","A","2013",23021819.585,
"CZE","FISHSUPP","AQUACULT","USD","A","2014",10192260.553,
"CZE","FISHSUPP","MKTPROC","USD","A","2006",759273.286,
"CZE","FISHSUPP","MKTPROC","USD","A","2007",733805.813,
"DNK","FISHSUPP","AQUACULT","USD","A","2004",4064523.409,
"DNK","FISHSUPP","AQUACULT","USD","A","2005",5743942.482,
"DNK","FISHSUPP","AQUACULT","USD","A","2006",7001499.237,
"DNK","FISHSUPP","AQUACULT","USD","A","2007",7247581.89,
"DNK","FISHSUPP","AQUACULT","USD","A","2008",12117796.13,
"DNK","FISHSUPP","AQUACULT","USD","A","2009",10531555.731,
"DNK","FISHSUPP","AQUACULT","USD","A","2010",7349352.984,
"DNK","FISHSUPP","AQUACULT","USD","A","2011",7645242.157,
"DNK","FISHSUPP","AQUACULT","USD","A","2012",11119246.978,
"DNK","FISHSUPP","AQUACULT","USD","A","2013",11466477.447,
"DNK","FISHSUPP","AQUACULT","USD","A","2014",13833651.075,
"DNK","FISHSUPP","MARINECAPT","USD","A","2004",76272649.911,
"DNK","FISHSUPP","MARINECAPT","USD","A","2005",58108228.07,
"DNK","FISHSUPP","MARINECAPT","USD","A","2006",89990544.145,
"DNK","FISHSUPP","MARINECAPT","USD","A","2007",63717489.891,
"DNK","FISHSUPP","MARINECAPT","USD","A","2008",83223850.244,
"DNK","FISHSUPP","MARINECAPT","USD","A","2009",80137632.697,
"DNK","FISHSUPP","MARINECAPT","USD","A","2010",98079132.17,
"DNK","FISHSUPP","MARINECAPT","USD","A","2011",118475389.736,
"DNK","FISHSUPP","MARINECAPT","USD","A","2012",115165841.105,
"DNK","FISHSUPP","MARINECAPT","USD","A","2013",118087893.481,
"DNK","FISHSUPP","MARINECAPT","USD","A","2014",83043205.914,
"DNK","FISHSUPP","MKTPROC","USD","A","2004",12191531.827,
"DNK","FISHSUPP","MKTPROC","USD","A","2005",15177236.999,
"DNK","FISHSUPP","MKTPROC","USD","A","2006",16108762.672,
"DNK","FISHSUPP","MKTPROC","USD","A","2007",20613176.685,
"DNK","FISHSUPP","MKTPROC","USD","A","2008",20838812.481,
"DNK","FISHSUPP","MKTPROC","USD","A","2009",18887128.559,
"DNK","FISHSUPP","MKTPROC","USD","A","2010",9691099.193,
"DNK","FISHSUPP","MKTPROC","USD","A","2011",8028959.293,
"DNK","FISHSUPP","MKTPROC","USD","A","2012",8077077.893,
"DNK","FISHSUPP","MKTPROC","USD","A","2013",10941527.288,
"DNK","FISHSUPP","MKTPROC","USD","A","2014",14117930.824,
"FIN","FISHSUPP","AQUACULT","USD","A","2004",936421.487,
"FIN","FISHSUPP","AQUACULT","USD","A","2005",668176.608,
"FIN","FISHSUPP","AQUACULT","USD","A","2006",1762186.391,
"FIN","FISHSUPP","AQUACULT","USD","A","2007",2531724.989,
"FIN","FISHSUPP","AQUACULT","USD","A","2008",1538165.781,
"FIN","FISHSUPP","AQUACULT","USD","A","2009",2263937.262,
"FIN","FISHSUPP","AQUACULT","USD","A","2010",1719532.674,
"FIN","FISHSUPP","AQUACULT","USD","A","2011",5300266.424,
"FIN","FISHSUPP","AQUACULT","USD","A","2012",4760546.71,
"FIN","FISHSUPP","MARINECAPT","USD","A","2004",19397111.768,
"FIN","FISHSUPP","MARINECAPT","USD","A","2005",24816016.5,
"FIN","FISHSUPP","MARINECAPT","USD","A","2006",17568763.433,
"FIN","FISHSUPP","MARINECAPT","USD","A","2007",20877323.794,
"FIN","FISHSUPP","MARINECAPT","USD","A","2008",20900210.864,
"FIN","FISHSUPP","MARINECAPT","USD","A","2009",14986531.833,
"FIN","FISHSUPP","MARINECAPT","USD","A","2010",5714821.591,
"FIN","FISHSUPP","MARINECAPT","USD","A","2011",5902272.584,
"FIN","FISHSUPP","MARINECAPT","USD","A","2012",4892752.134,
"FIN","FISHSUPP","MKTPROC","USD","A","2004",5107707.307,
"FIN","FISHSUPP","MKTPROC","USD","A","2005",4122445.889,
"FIN","FISHSUPP","MKTPROC","USD","A","2006",4068396.268,
"FIN","FISHSUPP","MKTPROC","USD","A","2007",6785939.143,
"FIN","FISHSUPP","MKTPROC","USD","A","2008",12542782.511,
"FIN","FISHSUPP","MKTPROC","USD","A","2009",9639164.029,
"FIN","FISHSUPP","MKTPROC","USD","A","2010",9877224.597,
"FIN","FISHSUPP","MKTPROC","USD","A","2011",13897712.943,
"FIN","FISHSUPP","MKTPROC","USD","A","2012",3340796.324,
"FRA","FISHSUPP","AQUACULT","USD","A","2004",7272053.24,
"FRA","FISHSUPP","AQUACULT","USD","A","2005",8261048.485,
"FRA","FISHSUPP","AQUACULT","USD","A","2006",7477119.092,
"FRA","FISHSUPP","AQUACULT","USD","A","2008",2924052.104,
"FRA","FISHSUPP","AQUACULT","USD","A","2009",59862749.952,
"FRA","FISHSUPP","AQUACULT","USD","A","2010",51726092.676,
"FRA","FISHSUPP","MARINECAPT","USD","A","2004",108357693.352,
"FRA","FISHSUPP","MARINECAPT","USD","A","2005",141358756.534,
"FRA","FISHSUPP","MARINECAPT","USD","A","2006",63360331.483,
"FRA","FISHSUPP","MARINECAPT","USD","A","2008",323811025.158,
"FRA","FISHSUPP","MARINECAPT","USD","A","2009",327785735.532,
"FRA","FISHSUPP","MARINECAPT","USD","A","2011",295503958.867,
"FRA","FISHSUPP","MARINECAPT","USD","A","2012",284683339.421,
"FRA","FISHSUPP","MKTPROC","USD","A","2004",44802706.274,
"FRA","FISHSUPP","MKTPROC","USD","A","2005",57850953.043,
"FRA","FISHSUPP","MKTPROC","USD","A","2006",42942286.113,
"FRA","FISHSUPP","MKTPROC","USD","A","2008",13131592.144,
"FRA","FISHSUPP","MKTPROC","USD","A","2009",17959080.806,
"DEU","FISHSUPP","AQUACULT","USD","A","2004",1987918.193,
"DEU","FISHSUPP","AQUACULT","USD","A","2005",3655144.215,
"DEU","FISHSUPP","AQUACULT","USD","A","2006",6749113.54,
"DEU","FISHSUPP","AQUACULT","USD","A","2007",5976847.501,
"DEU","FISHSUPP","AQUACULT","USD","A","2008",2668197.545,
"DEU","FISHSUPP","AQUACULT","USD","A","2010",5986409.91,
"DEU","FISHSUPP","AQUACULT","USD","A","2011",9629306.404,
"DEU","FISHSUPP","AQUACULT","USD","A","2012",14236776.35,
"DEU","FISHSUPP","AQUACULT","USD","A","2013",9991343.958,
"DEU","FISHSUPP","AQUACULT","USD","A","2014",12838698.667,
"DEU","FISHSUPP","MARINECAPT","USD","A","2004",6087999.466,
"DEU","FISHSUPP","MARINECAPT","USD","A","2005",17283947.838,
"DEU","FISHSUPP","MARINECAPT","USD","A","2006",4898975.292,
"DEU","FISHSUPP","MARINECAPT","USD","A","2007",6814646.555,
"DEU","FISHSUPP","MARINECAPT","USD","A","2008",5128791.777,
"DEU","FISHSUPP","MARINECAPT","USD","A","2009",4816612.893,
"DEU","FISHSUPP","MARINECAPT","USD","A","2010",7052573.622,
"DEU","FISHSUPP","MARINECAPT","USD","A","2011",3334451.517,
"DEU","FISHSUPP","MARINECAPT","USD","A","2012",6267705.656,
"DEU","FISHSUPP","MARINECAPT","USD","A","2013",3651970.784,
"DEU","FISHSUPP","MARINECAPT","USD","A","2014",3201844,
"DEU","FISHSUPP","MKTPROC","USD","A","2004",10063835.852,
"DEU","FISHSUPP","MKTPROC","USD","A","2005",9685324.333,
"DEU","FISHSUPP","MKTPROC","USD","A","2006",19093828.374,
"DEU","FISHSUPP","MKTPROC","USD","A","2007",18658825.341,
"DEU","FISHSUPP","MKTPROC","USD","A","2008",1124298.034,
"DEU","FISHSUPP","MKTPROC","USD","A","2009",8210609.229,
"DEU","FISHSUPP","MKTPROC","USD","A","2010",5516238.335,
"DEU","FISHSUPP","MKTPROC","USD","A","2011",7054075.291,
"DEU","FISHSUPP","MKTPROC","USD","A","2012",6801293.059,
"DEU","FISHSUPP","MKTPROC","USD","A","2013",4738115.538,
"DEU","FISHSUPP","MKTPROC","USD","A","2014",4460394.667,
"GRC","FISHSUPP","AQUACULT","USD","A","2007",8623148.068,
"GRC","FISHSUPP","AQUACULT","USD","A","2008",8332021.221,
"GRC","FISHSUPP","AQUACULT","USD","A","2009",13417559.486,
"GRC","FISHSUPP","AQUACULT","USD","A","2010",2258147.986,
"GRC","FISHSUPP","AQUACULT","USD","A","2011",2418103.081,
"GRC","FISHSUPP","AQUACULT","USD","A","2013",156997.344,
"GRC","FISHSUPP","AQUACULT","USD","A","2014",7949256,
"GRC","FISHSUPP","MARINECAPT","USD","A","2006",57187561.11,
"GRC","FISHSUPP","MARINECAPT","USD","A","2007",68558659.949,
"GRC","FISHSUPP","MARINECAPT","USD","A","2008",75698686.918,
"GRC","FISHSUPP","MARINECAPT","USD","A","2009",41183907.417,
"GRC","FISHSUPP","MARINECAPT","USD","A","2010",6666705.797,
"GRC","FISHSUPP","MARINECAPT","USD","A","2011",37359991.564,
"GRC","FISHSUPP","MARINECAPT","USD","A","2012",43668471.722,
"GRC","FISHSUPP","MARINECAPT","USD","A","2013",22395521.912,
"GRC","FISHSUPP","MARINECAPT","USD","A","2014",10285757.333,
"GRC","FISHSUPP","MKTPROC","USD","A","2006",13061423.749,
"GRC","FISHSUPP","MKTPROC","USD","A","2007",11644311.691,
"GRC","FISHSUPP","MKTPROC","USD","A","2008",9776568.21,
"GRC","FISHSUPP","MKTPROC","USD","A","2009",16986652.968,
"GRC","FISHSUPP","MKTPROC","USD","A","2010",2258147.986,
"GRC","FISHSUPP","MKTPROC","USD","A","2011",2418103.081,
"GRC","FISHSUPP","MKTPROC","USD","A","2012",176344.473,
"GRC","FISHSUPP","MKTPROC","USD","A","2013",6829598.938,
"GRC","FISHSUPP","MKTPROC","USD","A","2014",7080886.667,
"HUN","FISHSUPP","AQUACULT","USD","A","2006",282174.673,
"HUN","FISHSUPP","AQUACULT","USD","A","2007",435742.448,
"HUN","FISHSUPP","AQUACULT","USD","A","2008",463863.667,
"HUN","FISHSUPP","AQUACULT","USD","A","2009",604571.03,
"HUN","FISHSUPP","AQUACULT","USD","A","2010",7375527.003,
"HUN","FISHSUPP","AQUACULT","USD","A","2011",7457726.441,
"HUN","FISHSUPP","AQUACULT","USD","A","2012",14985359.954,
"ISL","FISHSUPP","AQUACULT","USD","A","2006",1330495.472,
"ISL","FISHSUPP","AQUACULT","USD","A","2007",1061260.198,
"ISL","FISHSUPP","AQUACULT","USD","A","2008",829553.952,
"ISL","FISHSUPP","AQUACULT","USD","A","2009",816723.759,
"ISL","FISHSUPP","AQUACULT","USD","A","2010",196331.533,
"ISL","FISHSUPP","AQUACULT","USD","A","2011",189560.45,
"ISL","FISHSUPP","AQUACULT","USD","A","2012",175834.013,
"ISL","FISHSUPP","MARINECAPT","USD","A","2000",36229537.864,
"ISL","FISHSUPP","MARINECAPT","USD","A","2001",33536122.017,
"ISL","FISHSUPP","MARINECAPT","USD","A","2002",35537846.579,
"ISL","FISHSUPP","MARINECAPT","USD","A","2003",45486396.09,
"ISL","FISHSUPP","MARINECAPT","USD","A","2004",36241235.609,
"ISL","FISHSUPP","MARINECAPT","USD","A","2005",43626831.821,
"ISL","FISHSUPP","MARINECAPT","USD","A","2006",51551406.156,
"ISL","FISHSUPP","MARINECAPT","USD","A","2007",65192855.024,
"ISL","FISHSUPP","MARINECAPT","USD","A","2008",50733417.402,
"ISL","FISHSUPP","MARINECAPT","USD","A","2009",31041397.809,
"ISL","FISHSUPP","MARINECAPT","USD","A","2010",21044507.112,
"ISL","FISHSUPP","MARINECAPT","USD","A","2011",11297363.371,
"ISL","FISHSUPP","MARINECAPT","USD","A","2012",-38825101.105,
"ISL","FISHSUPP","MARINECAPT","USD","A","2013",-40059475.768,
"ISL","FISHSUPP","MARINECAPT","USD","A","2014",39872325.742,
"ISL","FISHSUPP","MKTPROC","USD","A","2006",185983.238,
"ISL","FISHSUPP","MKTPROC","USD","A","2007",187281.211,
"ISL","FISHSUPP","MKTPROC","USD","A","2008",113637.528,
"ISL","FISHSUPP","MKTPROC","USD","A","2009",64690.991,
"ISL","FISHSUPP","MKTPROC","USD","A","2010",1906051.97,
"ISL","FISHSUPP","MKTPROC","USD","A","2011",1835289.809,
"ISL","FISHSUPP","MKTPROC","USD","A","2012",1590498.569,
"ISL","FISHSUPP","MKTPROC","USD","A","2013",0,
"ISL","FISHSUPP","MKTPROC","USD","A","2014",0,
"IRL","FISHSUPP","AQUACULT","USD","A","2005",8520798.618,
"IRL","FISHSUPP","AQUACULT","USD","A","2006",6007300.986,
"IRL","FISHSUPP","AQUACULT","USD","A","2007",11770501.053,
"IRL","FISHSUPP","AQUACULT","USD","A","2008",6155644.693,
"IRL","FISHSUPP","AQUACULT","USD","A","2009",7432612.535,
"IRL","FISHSUPP","AQUACULT","USD","A","2011",857997.148,
"IRL","FISHSUPP","AQUACULT","USD","A","2012",702386.118,
"IRL","FISHSUPP","AQUACULT","USD","A","2013",1039220.345,
"IRL","FISHSUPP","MARINECAPT","USD","A","2005",10371362.962,
"IRL","FISHSUPP","MARINECAPT","USD","A","2006",19824344.29,
"IRL","FISHSUPP","MARINECAPT","USD","A","2007",200180776.958,
"IRL","FISHSUPP","MARINECAPT","USD","A","2008",245913191.578,
"IRL","FISHSUPP","MARINECAPT","USD","A","2009",212711720.963,
"IRL","FISHSUPP","MARINECAPT","USD","A","2011",45794993.424,
"IRL","FISHSUPP","MARINECAPT","USD","A","2012",43679915.438,
"IRL","FISHSUPP","MARINECAPT","USD","A","2013",1343838.884,
"IRL","FISHSUPP","MKTPROC","USD","A","2005",3450078.32,
"IRL","FISHSUPP","MKTPROC","USD","A","2007",2409356.757,
"IRL","FISHSUPP","MKTPROC","USD","A","2008",2031820.003,
"IRL","FISHSUPP","MKTPROC","USD","A","2009",365983.391,
"IRL","FISHSUPP","MKTPROC","USD","A","2011",3089241.404,
"IRL","FISHSUPP","MKTPROC","USD","A","2012",4960174.242,
"IRL","FISHSUPP","MKTPROC","USD","A","2013",3258596.547,
"ITA","FISHSUPP","AQUACULT","USD","A","2005",33166658.938,
"ITA","FISHSUPP","AQUACULT","USD","A","2006",11715816.339,
"ITA","FISHSUPP","AQUACULT","USD","A","2007",13409348.354,
"ITA","FISHSUPP","AQUACULT","USD","A","2008",1261180.643,
"ITA","FISHSUPP","AQUACULT","USD","A","2009",340072.042,
"ITA","FISHSUPP","AQUACULT","USD","A","2010",8331446.901,
"ITA","FISHSUPP","AQUACULT","USD","A","2011",15914805.36,
"ITA","FISHSUPP","AQUACULT","USD","A","2012",7691831.08,
"ITA","FISHSUPP","AQUACULT","USD","A","2013",6209834.489,
"ITA","FISHSUPP","AQUACULT","USD","A","2014",12923353.773,
"ITA","FISHSUPP","MARINECAPT","USD","A","2005",74523728.816,
"ITA","FISHSUPP","MARINECAPT","USD","A","2006",194695680.426,
"ITA","FISHSUPP","MARINECAPT","USD","A","2007",521470772.483,
"ITA","FISHSUPP","MARINECAPT","USD","A","2008",468323117.934,
"ITA","FISHSUPP","MARINECAPT","USD","A","2009",480161059.54,
"ITA","FISHSUPP","MARINECAPT","USD","A","2010",458661370.671,
"ITA","FISHSUPP","MARINECAPT","USD","A","2011",640152436.633,
"ITA","FISHSUPP","MARINECAPT","USD","A","2012",542973845.758,
"ITA","FISHSUPP","MARINECAPT","USD","A","2013",470073019.92,
"ITA","FISHSUPP","MARINECAPT","USD","A","2014",478491717.333,
"ITA","FISHSUPP","MKTPROC","USD","A","2005",63765223.472,
"ITA","FISHSUPP","MKTPROC","USD","A","2006",37051064.231,
"ITA","FISHSUPP","MKTPROC","USD","A","2007",43055686.76,
"ITA","FISHSUPP","MKTPROC","USD","A","2008",11363978.501,
"ITA","FISHSUPP","MKTPROC","USD","A","2009",9505773.457,
"ITA","FISHSUPP","MKTPROC","USD","A","2010",21077412.924,
"ITA","FISHSUPP","MKTPROC","USD","A","2011",54722284.441,
"ITA","FISHSUPP","MKTPROC","USD","A","2012",38760861.504,
"ITA","FISHSUPP","MKTPROC","USD","A","2013",28999382.776,
"ITA","FISHSUPP","MKTPROC","USD","A","2014",30653355.107,
"JPN","FISHSUPP","AQUACULT","USD","A","2004",3818879.425,
"JPN","FISHSUPP","AQUACULT","USD","A","2005",3433333.321,
"JPN","FISHSUPP","AQUACULT","USD","A","2006",15091824.851,
"JPN","FISHSUPP","AQUACULT","USD","A","2007",11982494.334,
"JPN","FISHSUPP","AQUACULT","USD","A","2008",12989883.464,
"JPN","FISHSUPP","AQUACULT","USD","A","2009",12129755.788,
"JPN","FISHSUPP","AQUACULT","USD","A","2010",10746274.371,
"JPN","FISHSUPP","AQUACULT","USD","A","2011",11842371.954,
"JPN","FISHSUPP","AQUACULT","USD","A","2012",8159232.716,
"JPN","FISHSUPP","AQUACULT","USD","A","2013",7159750.036,
"JPN","FISHSUPP","MARINECAPT","USD","A","2004",2437933788.948,
"JPN","FISHSUPP","MARINECAPT","USD","A","2005",2165198052.072,
"JPN","FISHSUPP","MARINECAPT","USD","A","2006",1952852914.648,
"JPN","FISHSUPP","MARINECAPT","USD","A","2007",1821143818.179,
"JPN","FISHSUPP","MARINECAPT","USD","A","2008",2008992356.48,
"JPN","FISHSUPP","MARINECAPT","USD","A","2009",2152652263.593,
"JPN","FISHSUPP","MARINECAPT","USD","A","2010",1697528673.327,
"JPN","FISHSUPP","MARINECAPT","USD","A","2011",1920134165.336,
"JPN","FISHSUPP","MARINECAPT","USD","A","2012",1800092577.743,
"JPN","FISHSUPP","MARINECAPT","USD","A","2013",1452227789.271,
"JPN","FISHSUPP","MKTPROC","USD","A","2004",23320130.533,
"JPN","FISHSUPP","MKTPROC","USD","A","2005",19655379.117,
"JPN","FISHSUPP","MKTPROC","USD","A","2006",17120111.107,
"JPN","FISHSUPP","MKTPROC","USD","A","2007",17341072.594,
"JPN","FISHSUPP","MKTPROC","USD","A","2008",21675598.543,
"JPN","FISHSUPP","MKTPROC","USD","A","2009",31644235.145,
"JPN","FISHSUPP","MKTPROC","USD","A","2010",18614265.52,
"JPN","FISHSUPP","MKTPROC","USD","A","2011",7809589.368,
"JPN","FISHSUPP","MKTPROC","USD","A","2012",6433144.561,
"JPN","FISHSUPP","MKTPROC","USD","A","2013",11012222.574,
"KOR","FISHSUPP","AQUACULT","USD","A","2002",15408716.738,
"KOR","FISHSUPP","AQUACULT","USD","A","2003",19988097.987,
"KOR","FISHSUPP","AQUACULT","USD","A","2004",53186504.268,
"KOR","FISHSUPP","AQUACULT","USD","A","2005",32675415.036,
"KOR","FISHSUPP","AQUACULT","USD","A","2006",35772789.613,
"KOR","FISHSUPP","AQUACULT","USD","A","2007",32895786.017,
"KOR","FISHSUPP","AQUACULT","USD","A","2008",17181084.243,
"KOR","FISHSUPP","AQUACULT","USD","A","2009",19162368.199,
"KOR","FISHSUPP","AQUACULT","USD","A","2010",20965331.978,
"KOR","FISHSUPP","AQUACULT","USD","A","2011",15262317.245,
"KOR","FISHSUPP","MARINECAPT","USD","A","2002",481445462.398,
"KOR","FISHSUPP","MARINECAPT","USD","A","2003",495287519.221,
"KOR","FISHSUPP","MARINECAPT","USD","A","2004",458866218.471,
"KOR","FISHSUPP","MARINECAPT","USD","A","2005",642269566.965,
"KOR","FISHSUPP","MARINECAPT","USD","A","2006",641987175.871,
"KOR","FISHSUPP","MARINECAPT","USD","A","2007",702989671.586,
"KOR","FISHSUPP","MARINECAPT","USD","A","2008",793569155.393,
"KOR","FISHSUPP","MARINECAPT","USD","A","2009",490125549.074,
"KOR","FISHSUPP","MARINECAPT","USD","A","2010",403345499.679,
"KOR","FISHSUPP","MARINECAPT","USD","A","2011",342123354.512,
"KOR","FISHSUPP","MKTPROC","USD","A","2002",41843414.63,
"KOR","FISHSUPP","MKTPROC","USD","A","2003",54693750.332,
"KOR","FISHSUPP","MKTPROC","USD","A","2004",52940258.324,
"KOR","FISHSUPP","MKTPROC","USD","A","2005",58202015.153,
"KOR","FISHSUPP","MKTPROC","USD","A","2006",71154898.379,
"KOR","FISHSUPP","MKTPROC","USD","A","2007",55851288.567,
"KOR","FISHSUPP","MKTPROC","USD","A","2008",68727062.108,
"KOR","FISHSUPP","MKTPROC","USD","A","2009",55942726.43,
"KOR","FISHSUPP","MKTPROC","USD","A","2010",73867656.826,
"KOR","FISHSUPP","MKTPROC","USD","A","2011",72328031.115,
"MEX","FISHSUPP","AQUACULT","USD","A","2004",17221041.511,
"MEX","FISHSUPP","AQUACULT","USD","A","2005",288530.182,
"MEX","FISHSUPP","AQUACULT","USD","A","2006",339168.671,
"MEX","FISHSUPP","AQUACULT","USD","A","2010",712483.036,
"MEX","FISHSUPP","AQUACULT","USD","A","2011",1093798.321,
"MEX","FISHSUPP","MARINECAPT","USD","A","2004",113914157.452,
"MEX","FISHSUPP","MARINECAPT","USD","A","2005",84789304.974,
"MEX","FISHSUPP","MARINECAPT","USD","A","2006",88734613.761,
"MEX","FISHSUPP","MARINECAPT","USD","A","2007",85277291.356,
"MEX","FISHSUPP","MARINECAPT","USD","A","2010",33132836.111,
"MEX","FISHSUPP","MARINECAPT","USD","A","2011",29723969.372,
"MEX","FISHSUPP","MKTPROC","USD","A","2004",19360607.459,
"NLD","FISHSUPP","AQUACULT","USD","A","2006",2848007.927,
"NLD","FISHSUPP","AQUACULT","USD","A","2007",1752259.46,
"NLD","FISHSUPP","AQUACULT","USD","A","2008",731013.026,
"NLD","FISHSUPP","AQUACULT","USD","A","2010",2695208.886,
"NLD","FISHSUPP","MARINECAPT","USD","A","2006",18501382.477,
"NLD","FISHSUPP","MARINECAPT","USD","A","2007",5634609.325,
"NLD","FISHSUPP","MARINECAPT","USD","A","2008",42726249.346,
"NLD","FISHSUPP","MARINECAPT","USD","A","2009",3206444.349,
"NLD","FISHSUPP","MARINECAPT","USD","A","2010",12404583.012,
"NLD","FISHSUPP","MKTPROC","USD","A","2007",568115.372,
"NLD","FISHSUPP","MKTPROC","USD","A","2008",606740.812,
"NLD","FISHSUPP","MKTPROC","USD","A","2009",1936647.93,
"NLD","FISHSUPP","MKTPROC","USD","A","2010",2386617.402,
"NZL","FISHSUPP","AQUACULT","USD","A","2005",705928.856,
"NZL","FISHSUPP","AQUACULT","USD","A","2006",640228.089,
"NZL","FISHSUPP","AQUACULT","USD","A","2007",1194733.428,
"NZL","FISHSUPP","AQUACULT","USD","A","2008",1485820.64,
"NZL","FISHSUPP","AQUACULT","USD","A","2009",434372.309,
"NZL","FISHSUPP","AQUACULT","USD","A","2010",1959542.444,
"NZL","FISHSUPP","AQUACULT","USD","A","2011",2904979.264,
"NZL","FISHSUPP","AQUACULT","USD","A","2012",2372375.709,
"NZL","FISHSUPP","AQUACULT","USD","A","2013",2187679.449,
"NZL","FISHSUPP","AQUACULT","USD","A","2014",3680481.667,
"NZL","FISHSUPP","MARINECAPT","USD","A","2004",29972560.364,
"NZL","FISHSUPP","MARINECAPT","USD","A","2005",37146778.757,
"NZL","FISHSUPP","MARINECAPT","USD","A","2006",37925892.526,
"NZL","FISHSUPP","MARINECAPT","USD","A","2007",40544520.644,
"NZL","FISHSUPP","MARINECAPT","USD","A","2008",41805015.85,
"NZL","FISHSUPP","MARINECAPT","USD","A","2009",38794759.622,
"NZL","FISHSUPP","MARINECAPT","USD","A","2010",43723236.673,
"NZL","FISHSUPP","MARINECAPT","USD","A","2011",43924486.675,
"NZL","FISHSUPP","MARINECAPT","USD","A","2012",37412621.862,
"NZL","FISHSUPP","MARINECAPT","USD","A","2013",44288947.067,
"NZL","FISHSUPP","MARINECAPT","USD","A","2014",42747339.167,
"NOR","FISHSUPP","AQUACULT","USD","A","2006",13071530.369,
"NOR","FISHSUPP","AQUACULT","USD","A","2007",20623360.493,
"NOR","FISHSUPP","AQUACULT","USD","A","2008",21986894.857,
"NOR","FISHSUPP","AQUACULT","USD","A","2009",36593056.986,
"NOR","FISHSUPP","AQUACULT","USD","A","2010",31094061.8,
"NOR","FISHSUPP","AQUACULT","USD","A","2011",30236012.949,
"NOR","FISHSUPP","AQUACULT","USD","A","2012",41349613.07,
"NOR","FISHSUPP","AQUACULT","USD","A","2013",43065089.764,
"NOR","FISHSUPP","AQUACULT","USD","A","2014",46856360.709,
"NOR","FISHSUPP","MARINECAPT","USD","A","2006",188487661.086,
"NOR","FISHSUPP","MARINECAPT","USD","A","2007",237346593.653,
"NOR","FISHSUPP","MARINECAPT","USD","A","2008",261244035.967,
"NOR","FISHSUPP","MARINECAPT","USD","A","2009",277890002.853,
"NOR","FISHSUPP","MARINECAPT","USD","A","2010",283965673.99,
"NOR","FISHSUPP","MARINECAPT","USD","A","2011",316817030.68,
"NOR","FISHSUPP","MARINECAPT","USD","A","2012",375961598.28,
"NOR","FISHSUPP","MARINECAPT","USD","A","2013",383432979.324,
"NOR","FISHSUPP","MARINECAPT","USD","A","2014",409359259.742,
"NOR","FISHSUPP","MKTPROC","USD","A","2006",19817201.406,
"NOR","FISHSUPP","MKTPROC","USD","A","2007",18857877.526,
"NOR","FISHSUPP","MKTPROC","USD","A","2008",20226746.346,
"NOR","FISHSUPP","MKTPROC","USD","A","2009",27072223.166,
"NOR","FISHSUPP","MKTPROC","USD","A","2010",20652665.656,
"NOR","FISHSUPP","MKTPROC","USD","A","2011",22532484.925,
"NOR","FISHSUPP","MKTPROC","USD","A","2012",17946001.72,
"POL","FISHSUPP","AQUACULT","USD","A","2005",277053.588,
"POL","FISHSUPP","AQUACULT","USD","A","2006",1887883.427,
"POL","FISHSUPP","AQUACULT","USD","A","2007",6804378.036,
"POL","FISHSUPP","AQUACULT","USD","A","2010",52959182.214,
"POL","FISHSUPP","AQUACULT","USD","A","2011",13499451.723,
"POL","FISHSUPP","MARINECAPT","USD","A","2005",97326848.526,
"POL","FISHSUPP","MARINECAPT","USD","A","2006",34264065.775,
"POL","FISHSUPP","MARINECAPT","USD","A","2007",28325730.102,
"POL","FISHSUPP","MARINECAPT","USD","A","2009",38085266.03,
"POL","FISHSUPP","MARINECAPT","USD","A","2010",5407437.459,
"POL","FISHSUPP","MARINECAPT","USD","A","2011",10789685.351,
"POL","FISHSUPP","MKTPROC","USD","A","2005",415889.593,
"POL","FISHSUPP","MKTPROC","USD","A","2006",3792200.044,
"POL","FISHSUPP","MKTPROC","USD","A","2007",17014561.361,
"POL","FISHSUPP","MKTPROC","USD","A","2009",292743.584,
"POL","FISHSUPP","MKTPROC","USD","A","2010",63870159.398,
"POL","FISHSUPP","MKTPROC","USD","A","2011",55259296.458,
"PRT","FISHSUPP","AQUACULT","USD","A","2008",39269250.734,
"PRT","FISHSUPP","AQUACULT","USD","A","2009",45495678.985,
"PRT","FISHSUPP","AQUACULT","USD","A","2010",1538483.507,
"PRT","FISHSUPP","AQUACULT","USD","A","2011",990400.236,
"PRT","FISHSUPP","AQUACULT","USD","A","2012",5417062.982,
"PRT","FISHSUPP","AQUACULT","USD","A","2013",5283698.539,
"PRT","FISHSUPP","AQUACULT","USD","A","2014",2052650.667,
"PRT","FISHSUPP","MARINECAPT","USD","A","2008",18025300.19,
"PRT","FISHSUPP","MARINECAPT","USD","A","2009",53303034.769,
"PRT","FISHSUPP","MARINECAPT","USD","A","2010",38609979.816,
"PRT","FISHSUPP","MARINECAPT","USD","A","2011",29893324.48,
"PRT","FISHSUPP","MARINECAPT","USD","A","2012",26458028.278,
"PRT","FISHSUPP","MARINECAPT","USD","A","2013",40628243.028,
"PRT","FISHSUPP","MARINECAPT","USD","A","2014",42523602.667,
"PRT","FISHSUPP","MKTPROC","USD","A","2008",4669025.52,
"PRT","FISHSUPP","MKTPROC","USD","A","2009",6378677.825,
"PRT","FISHSUPP","MKTPROC","USD","A","2010",17161062.491,
"PRT","FISHSUPP","MKTPROC","USD","A","2011",19132743.521,
"PRT","FISHSUPP","MKTPROC","USD","A","2012",20574416.452,
"PRT","FISHSUPP","MKTPROC","USD","A","2013",13620960.159,
"PRT","FISHSUPP","MKTPROC","USD","A","2014",23679022.667,
"SVK","FISHSUPP","AQUACULT","USD","A","2005",570.78,
"SVK","FISHSUPP","AQUACULT","USD","A","2006",11714.308,
"SVK","FISHSUPP","AQUACULT","USD","A","2007",27339.638,
"SVK","FISHSUPP","MKTPROC","USD","A","2005",6611.375,
"SVK","FISHSUPP","MKTPROC","USD","A","2006",12816.669,
"SVK","FISHSUPP","MKTPROC","USD","A","2007",10095.5,
"ESP","FISHSUPP","AQUACULT","USD","A","2004",30042413.691,
"ESP","FISHSUPP","AQUACULT","USD","A","2005",40301040.954,
"ESP","FISHSUPP","AQUACULT","USD","A","2006",22674862.581,
"ESP","FISHSUPP","AQUACULT","USD","A","2007",47551941.089,
"ESP","FISHSUPP","AQUACULT","USD","A","2008",41272995.451,
"ESP","FISHSUPP","AQUACULT","USD","A","2009",28081394.982,
"ESP","FISHSUPP","AQUACULT","USD","A","2010",8412060.996,
"ESP","FISHSUPP","AQUACULT","USD","A","2011",8351443.228,
"ESP","FISHSUPP","AQUACULT","USD","A","2012",11300487.995,
"ESP","FISHSUPP","AQUACULT","USD","A","2013",3348128.313,
"ESP","FISHSUPP","MARINECAPT","USD","A","2004",257729866.371,
"ESP","FISHSUPP","MARINECAPT","USD","A","2005",249046936.033,
"ESP","FISHSUPP","MARINECAPT","USD","A","2006",248489632.995,
"ESP","FISHSUPP","MARINECAPT","USD","A","2007",195066177.5,
"ESP","FISHSUPP","MARINECAPT","USD","A","2008",102698558.003,
"ESP","FISHSUPP","MARINECAPT","USD","A","2009",78978697.629,
"ESP","FISHSUPP","MARINECAPT","USD","A","2010",198010867.42,
"ESP","FISHSUPP","MARINECAPT","USD","A","2011",231281684.282,
"ESP","FISHSUPP","MARINECAPT","USD","A","2012",212549848.329,
"ESP","FISHSUPP","MARINECAPT","USD","A","2013",172478520.584,
"ESP","FISHSUPP","MKTPROC","USD","A","2004",137023473.694,
"ESP","FISHSUPP","MKTPROC","USD","A","2005",140168131.523,
"ESP","FISHSUPP","MKTPROC","USD","A","2006",156177273.818,
"ESP","FISHSUPP","MKTPROC","USD","A","2007",133698765.733,
"ESP","FISHSUPP","MKTPROC","USD","A","2008",101773095.512,
"ESP","FISHSUPP","MKTPROC","USD","A","2009",109133861.882,
"ESP","FISHSUPP","MKTPROC","USD","A","2010",82437685.451,
"ESP","FISHSUPP","MKTPROC","USD","A","2011",54501143.032,
"ESP","FISHSUPP","MKTPROC","USD","A","2012",59211419.936,
"ESP","FISHSUPP","MKTPROC","USD","A","2013",26428662.908,
"SWE","FISHSUPP","AQUACULT","USD","A","2004",593520.618,
"SWE","FISHSUPP","AQUACULT","USD","A","2005",512151.064,
"SWE","FISHSUPP","AQUACULT","USD","A","2006",324277.824,
"SWE","FISHSUPP","AQUACULT","USD","A","2007",363139.684,
"SWE","FISHSUPP","AQUACULT","USD","A","2008",143244.65,
"SWE","FISHSUPP","AQUACULT","USD","A","2009",1340197.279,
"SWE","FISHSUPP","AQUACULT","USD","A","2010",1134551.3,
"SWE","FISHSUPP","AQUACULT","USD","A","2011",2049338.344,
"SWE","FISHSUPP","AQUACULT","USD","A","2012",3096897.622,
"SWE","FISHSUPP","AQUACULT","USD","A","2013",1174165.822,
"SWE","FISHSUPP","MARINECAPT","USD","A","2004",51128806.376,
"SWE","FISHSUPP","MARINECAPT","USD","A","2005",49780093.107,
"SWE","FISHSUPP","MARINECAPT","USD","A","2006",50056913.696,
"SWE","FISHSUPP","MARINECAPT","USD","A","2007",89310461.462,
"SWE","FISHSUPP","MARINECAPT","USD","A","2008",92766448.303,
"SWE","FISHSUPP","MARINECAPT","USD","A","2009",105326882.995,
"SWE","FISHSUPP","MARINECAPT","USD","A","2010",121357534.191,
"SWE","FISHSUPP","MARINECAPT","USD","A","2011",115578368.466,
"SWE","FISHSUPP","MARINECAPT","USD","A","2012",108969278.481,
"SWE","FISHSUPP","MARINECAPT","USD","A","2013",85109571.319,
"SWE","FISHSUPP","MKTPROC","USD","A","2004",4216855.085,
"SWE","FISHSUPP","MKTPROC","USD","A","2005",3319413.376,
"SWE","FISHSUPP","MKTPROC","USD","A","2006",6439579.824,
"SWE","FISHSUPP","MKTPROC","USD","A","2007",6619678.334,
"SWE","FISHSUPP","MKTPROC","USD","A","2008",3895193.422,
"SWE","FISHSUPP","MKTPROC","USD","A","2009",1909023.211,
"SWE","FISHSUPP","MKTPROC","USD","A","2010",2965859.391,
"SWE","FISHSUPP","MKTPROC","USD","A","2011",2627946.783,
"SWE","FISHSUPP","MKTPROC","USD","A","2012",3718282.76,
"SWE","FISHSUPP","MKTPROC","USD","A","2013",5587461.385,
"TUR","FISHSUPP","AQUACULT","USD","A","2004",7363978.878,
"TUR","FISHSUPP","AQUACULT","USD","A","2005",28881029.665,
"TUR","FISHSUPP","AQUACULT","USD","A","2006",42503452.773,
"TUR","FISHSUPP","AQUACULT","USD","A","2007",68689897.021,
"TUR","FISHSUPP","AQUACULT","USD","A","2008",72995526.016,
"TUR","FISHSUPP","AQUACULT","USD","A","2009",76712365.641,
"TUR","FISHSUPP","AQUACULT","USD","A","2010",101656211.784,
"TUR","FISHSUPP","AQUACULT","USD","A","2011",112739726.152,
"TUR","FISHSUPP","AQUACULT","USD","A","2012",58764058.454,
"TUR","FISHSUPP","AQUACULT","USD","A","2013",56034473.5,
"TUR","FISHSUPP","MARINECAPT","USD","A","2004",62191314.258,
"TUR","FISHSUPP","MARINECAPT","USD","A","2005",100828563.119,
"TUR","FISHSUPP","MARINECAPT","USD","A","2006",135930906.458,
"TUR","FISHSUPP","MARINECAPT","USD","A","2007",144926612.685,
"TUR","FISHSUPP","MARINECAPT","USD","A","2008",199857831.163,
"TUR","FISHSUPP","MARINECAPT","USD","A","2009",165728215.833,
"TUR","FISHSUPP","MARINECAPT","USD","A","2010",179524408.358,
"TUR","FISHSUPP","MARINECAPT","USD","A","2011",166560794.519,
"TUR","FISHSUPP","MARINECAPT","USD","A","2012",197754416.295,
"TUR","FISHSUPP","MARINECAPT","USD","A","2013",249798802.835,
"TUR","FISHSUPP","MKTPROC","USD","A","2004",1006668.746,
"TUR","FISHSUPP","MKTPROC","USD","A","2005",793009.669,
"TUR","FISHSUPP","MKTPROC","USD","A","2006",338472.328,
"TUR","FISHSUPP","MKTPROC","USD","A","2007",12952679.458,
"TUR","FISHSUPP","MKTPROC","USD","A","2008",2032679.592,
"TUR","FISHSUPP","MKTPROC","USD","A","2009",844932.43,
"TUR","FISHSUPP","MKTPROC","USD","A","2010",1829619.012,
"TUR","FISHSUPP","MKTPROC","USD","A","2011",2483164.043,
"TUR","FISHSUPP","MKTPROC","USD","A","2012",776647.31,
"TUR","FISHSUPP","MKTPROC","USD","A","2013",3560039.291,
"GBR","FISHSUPP","AQUACULT","USD","A","2002",1443269.278,
"GBR","FISHSUPP","AQUACULT","USD","A","2003",3181556.897,
"GBR","FISHSUPP","AQUACULT","USD","A","2004",1476874.313,
"GBR","FISHSUPP","AQUACULT","USD","A","2005",2508621.077,
"GBR","FISHSUPP","AQUACULT","USD","A","2006",8765471.149,
"GBR","FISHSUPP","AQUACULT","USD","A","2008",1647302.867,
"GBR","FISHSUPP","AQUACULT","USD","A","2009",2254630.215,
"GBR","FISHSUPP","AQUACULT","USD","A","2010",5609876.984,
"GBR","FISHSUPP","AQUACULT","USD","A","2011",4159094.51,
"GBR","FISHSUPP","AQUACULT","USD","A","2012",14720133.312,
"GBR","FISHSUPP","AQUACULT","USD","A","2013",2355680.46,
"GBR","FISHSUPP","MARINECAPT","USD","A","2002",64743079.453,
"GBR","FISHSUPP","MARINECAPT","USD","A","2003",81996952.775,
"GBR","FISHSUPP","MARINECAPT","USD","A","2004",87863027.495,
"GBR","FISHSUPP","MARINECAPT","USD","A","2005",90579399.31,
"GBR","FISHSUPP","MARINECAPT","USD","A","2006",103347168.453,
"GBR","FISHSUPP","MARINECAPT","USD","A","2008",30091954.656,
"GBR","FISHSUPP","MARINECAPT","USD","A","2009",11380794.126,
"GBR","FISHSUPP","MARINECAPT","USD","A","2010",16625985.126,
"GBR","FISHSUPP","MARINECAPT","USD","A","2011",32321125.259,
"GBR","FISHSUPP","MARINECAPT","USD","A","2012",14883795.246,
"GBR","FISHSUPP","MARINECAPT","USD","A","2013",15329825.517,
"GBR","FISHSUPP","MKTPROC","USD","A","2002",6725754.859,
"GBR","FISHSUPP","MKTPROC","USD","A","2003",8834210.09,
"GBR","FISHSUPP","MKTPROC","USD","A","2004",8188773.329,
"GBR","FISHSUPP","MKTPROC","USD","A","2005",8803805.709,
"GBR","FISHSUPP","MKTPROC","USD","A","2006",2548851.048,
"GBR","FISHSUPP","MKTPROC","USD","A","2008",16458668.355,
"GBR","FISHSUPP","MKTPROC","USD","A","2009",5196678.724,
"GBR","FISHSUPP","MKTPROC","USD","A","2010",22159714.05,
"GBR","FISHSUPP","MKTPROC","USD","A","2011",17743635.236,
"GBR","FISHSUPP","MKTPROC","USD","A","2012",8340645.975,
"GBR","FISHSUPP","MKTPROC","USD","A","2013",10949928.842,
"USA","FISHSUPP","AQUACULT","USD","A","2004",4800000,
"USA","FISHSUPP","AQUACULT","USD","A","2005",9200000,
"USA","FISHSUPP","AQUACULT","USD","A","2006",65622800,
"USA","FISHSUPP","AQUACULT","USD","A","2007",56634900,
"USA","FISHSUPP","AQUACULT","USD","A","2008",60303300,
"USA","FISHSUPP","AQUACULT","USD","A","2009",15210403,
"USA","FISHSUPP","AQUACULT","USD","A","2010",19798000,
"USA","FISHSUPP","AQUACULT","USD","A","2011",13079000,
"USA","FISHSUPP","MARINECAPT","USD","A","2004",1147521000,
"USA","FISHSUPP","MARINECAPT","USD","A","2005",1407813000,
"USA","FISHSUPP","MARINECAPT","USD","A","2006",1793833000,
"USA","FISHSUPP","MARINECAPT","USD","A","2007",1985497000,
"USA","FISHSUPP","MARINECAPT","USD","A","2008",2084409000,
"USA","FISHSUPP","MARINECAPT","USD","A","2009",1579742694,
"USA","FISHSUPP","MARINECAPT","USD","A","2010",1878460533,
"USA","FISHSUPP","MARINECAPT","USD","A","2011",2429859652,
"USA","FISHSUPP","MARINECAPT","USD","A","2012",2356425707,
"USA","FISHSUPP","MARINECAPT","USD","A","2013",765434997,
"USA","FISHSUPP","MKTPROC","USD","A","2006",6451000,
"USA","FISHSUPP","MKTPROC","USD","A","2007",6724000,
"USA","FISHSUPP","MKTPROC","USD","A","2008",5159825,
"USA","FISHSUPP","MKTPROC","USD","A","2009",38452028,
"USA","FISHSUPP","MKTPROC","USD","A","2010",26372000,
"USA","FISHSUPP","MKTPROC","USD","A","2011",7600000,
"ARG","FISHSUPP","AQUACULT","USD","A","2011",584169.25,
"ARG","FISHSUPP","AQUACULT","USD","A","2012",427264.667,
"ARG","FISHSUPP","MARINECAPT","USD","A","2010",6224161.282,
"ARG","FISHSUPP","MARINECAPT","USD","A","2011",16584211.75,
"ARG","FISHSUPP","MARINECAPT","USD","A","2012",27920655.111,
"CHL","FISHSUPP","AQUACULT","USD","A","2010",212157.915,
"CHL","FISHSUPP","AQUACULT","USD","A","2011",1436078.032,
"CHL","FISHSUPP","AQUACULT","USD","A","2012",1536565.645,
"CHL","FISHSUPP","MARINECAPT","USD","A","2007",39350715.366,
"CHL","FISHSUPP","MARINECAPT","USD","A","2008",48246966.098,
"CHL","FISHSUPP","MARINECAPT","USD","A","2009",58609589.606,
"CHL","FISHSUPP","MARINECAPT","USD","A","2010",100396636.519,
"CHL","FISHSUPP","MARINECAPT","USD","A","2011",107733272.962,
"CHL","FISHSUPP","MARINECAPT","USD","A","2012",89469938.075,
"CHL","FISHSUPP","MKTPROC","USD","A","2010",1677345.605,
"CHL","FISHSUPP","MKTPROC","USD","A","2011",3014300.382,
"CHL","FISHSUPP","MKTPROC","USD","A","2012",4297279.785,
"COL","FISHSUPP","AQUACULT","USD","A","2011",3976482.018,
"COL","FISHSUPP","AQUACULT","USD","A","2012",4440551.796,
"COL","FISHSUPP","AQUACULT","USD","A","2013",10983179.773,
"COL","FISHSUPP","MARINECAPT","USD","A","2011",23581017.117,
"COL","FISHSUPP","MARINECAPT","USD","A","2012",17253254.826,
"COL","FISHSUPP","MARINECAPT","USD","A","2013",26039853.076,
"COL","FISHSUPP","MKTPROC","USD","A","2011",972120.307,
"COL","FISHSUPP","MKTPROC","USD","A","2012",551807.227,
"COL","FISHSUPP","MKTPROC","USD","A","2013",654364.899,
"EST","FISHSUPP","AQUACULT","USD","A","2006",964058.842,
"EST","FISHSUPP","AQUACULT","USD","A","2007",963180.063,
"EST","FISHSUPP","AQUACULT","USD","A","2008",536328.175,
"EST","FISHSUPP","AQUACULT","USD","A","2009",9476835.213,
"EST","FISHSUPP","AQUACULT","USD","A","2010",8415.409,
"EST","FISHSUPP","AQUACULT","USD","A","2011",7214166.507,
"EST","FISHSUPP","AQUACULT","USD","A","2012",2569421.594,
"EST","FISHSUPP","AQUACULT","USD","A","2013",3256552.5,
"EST","FISHSUPP","AQUACULT","USD","A","2014",1078389.333,
"EST","FISHSUPP","MARINECAPT","USD","A","2006",11577319.161,
"EST","FISHSUPP","MARINECAPT","USD","A","2007",9002582.057,
"EST","FISHSUPP","MARINECAPT","USD","A","2008",4051247.874,
"EST","FISHSUPP","MARINECAPT","USD","A","2009",21270315.355,
"EST","FISHSUPP","MARINECAPT","USD","A","2010",23615218.949,
"EST","FISHSUPP","MARINECAPT","USD","A","2011",21155699.958,
"EST","FISHSUPP","MARINECAPT","USD","A","2012",18468460.771,
"EST","FISHSUPP","MARINECAPT","USD","A","2013",27976785.338,
"EST","FISHSUPP","MARINECAPT","USD","A","2014",28575685.84,
"EST","FISHSUPP","MKTPROC","USD","A","2006",1534619.386,
"EST","FISHSUPP","MKTPROC","USD","A","2007",699778.505,
"EST","FISHSUPP","MKTPROC","USD","A","2008",1800879.83,
"EST","FISHSUPP","MKTPROC","USD","A","2009",16563352.3,
"EST","FISHSUPP","MKTPROC","USD","A","2010",11408190.113,
"EST","FISHSUPP","MKTPROC","USD","A","2011",4463114.688,
"EST","FISHSUPP","MKTPROC","USD","A","2012",2871275.064,
"EST","FISHSUPP","MKTPROC","USD","A","2013",7906652.5,
"EST","FISHSUPP","MKTPROC","USD","A","2014",3109874.667,
"LVA","FISHSUPP","AQUACULT","USD","A","2012",8488196.063,
"LVA","FISHSUPP","AQUACULT","USD","A","2013",8879514.821,
"LVA","FISHSUPP","MARINECAPT","USD","A","2012",3393988.604,
"LVA","FISHSUPP","MARINECAPT","USD","A","2013",2060713.811,
"LVA","FISHSUPP","MKTPROC","USD","A","2012",11408850.039,
"LVA","FISHSUPP","MKTPROC","USD","A","2013",6303071.913,
"TWN","FISHSUPP","AQUACULT","USD","A","2004",1806175.573,
"TWN","FISHSUPP","AQUACULT","USD","A","2005",1807784.375,
"TWN","FISHSUPP","AQUACULT","USD","A","2006",1512618.733,
"TWN","FISHSUPP","AQUACULT","USD","A","2007",1158881.919,
"TWN","FISHSUPP","AQUACULT","USD","A","2008",962655.075,
"TWN","FISHSUPP","AQUACULT","USD","A","2009",1410658.961,
"TWN","FISHSUPP","AQUACULT","USD","A","2010",1628222.222,
"TWN","FISHSUPP","AQUACULT","USD","A","2011",1746170.92,
"TWN","FISHSUPP","AQUACULT","USD","A","2012",2528533.802,
"TWN","FISHSUPP","AQUACULT","USD","A","2013",2725125.966,
"TWN","FISHSUPP","MARINECAPT","USD","A","2004",37182147.208,
"TWN","FISHSUPP","MARINECAPT","USD","A","2005",62738509,
"TWN","FISHSUPP","MARINECAPT","USD","A","2006",85047420.522,
"TWN","FISHSUPP","MARINECAPT","USD","A","2007",52027269.289,
"TWN","FISHSUPP","MARINECAPT","USD","A","2008",27165519.148,
"TWN","FISHSUPP","MARINECAPT","USD","A","2009",23179127.387,
"TWN","FISHSUPP","MARINECAPT","USD","A","2010",15943904.762,
"TWN","FISHSUPP","MARINECAPT","USD","A","2011",23964850.156,
"TWN","FISHSUPP","MARINECAPT","USD","A","2012",24875340.785,
"TWN","FISHSUPP","MARINECAPT","USD","A","2013",26089167.618,
"TWN","FISHSUPP","MKTPROC","USD","A","2004",851153.492,
"TWN","FISHSUPP","MKTPROC","USD","A","2005",1104865.297,
"TWN","FISHSUPP","MKTPROC","USD","A","2006",995293.443,
"TWN","FISHSUPP","MKTPROC","USD","A","2007",1110955.484,
"TWN","FISHSUPP","MKTPROC","USD","A","2008",898533.204,
"TWN","FISHSUPP","MKTPROC","USD","A","2009",527174.256,
"TWN","FISHSUPP","MKTPROC","USD","A","2010",398222.222,
"TWN","FISHSUPP","MKTPROC","USD","A","2011",869858.913,
"TWN","FISHSUPP","MKTPROC","USD","A","2012",726909.536,
"TWN","FISHSUPP","MKTPROC","USD","A","2013",675851.428,
"THA","FISHSUPP","AQUACULT","USD","A","2007",34497344.524,
"THA","FISHSUPP","AQUACULT","USD","A","2008",13391677.505,
"THA","FISHSUPP","AQUACULT","USD","A","2009",22549190.729,
"THA","FISHSUPP","AQUACULT","USD","A","2010",15447161.64,
"THA","FISHSUPP","AQUACULT","USD","A","2011",42808754.054,
"THA","FISHSUPP","AQUACULT","USD","A","2012",63665586.996,
"THA","FISHSUPP","MARINECAPT","USD","A","2004",8631386.224,
"THA","FISHSUPP","MARINECAPT","USD","A","2005",15496917.806,
"THA","FISHSUPP","MARINECAPT","USD","A","2006",10277175.002,
"THA","FISHSUPP","MARINECAPT","USD","A","2007",4114156.585,
"THA","FISHSUPP","MARINECAPT","USD","A","2008",4610147.21,
"THA","FISHSUPP","MARINECAPT","USD","A","2009",4619070.272,
"THA","FISHSUPP","MARINECAPT","USD","A","2010",4479552.05,
"THA","FISHSUPP","MARINECAPT","USD","A","2011",6912552.557,
"THA","FISHSUPP","MARINECAPT","USD","A","2012",6956417.299,
"RUS","FISHSUPP","TOT","USD","A","2014",12858.69,
"AUS","FISHSUPP","RD","PC_FISHSUPP","A","2014",50.922,
"AUS","FISHSUPP","RD","PC_FISHSUPP","A","2015",39.756,
"BEL","FISHSUPP","RD","PC_FISHSUPP","A","2009",2.019,
"BEL","FISHSUPP","RD","PC_FISHSUPP","A","2010",6.118,
"BEL","FISHSUPP","RD","PC_FISHSUPP","A","2011",22.317,
"BEL","FISHSUPP","RD","PC_FISHSUPP","A","2012",4.488,
"BEL","FISHSUPP","RD","PC_FISHSUPP","A","2013",4.69,
"BEL","FISHSUPP","RD","PC_FISHSUPP","A","2014",6.409,
"BEL","FISHSUPP","RD","PC_FISHSUPP","A","2015",10.781,
"DNK","FISHSUPP","RD","PC_FISHSUPP","A","2013",38.636,
"DNK","FISHSUPP","RD","PC_FISHSUPP","A","2014",39.174,
"DNK","FISHSUPP","RD","PC_FISHSUPP","A","2015",36.682,
"FRA","FISHSUPP","RD","PC_FISHSUPP","A","2009",0.33,
"FRA","FISHSUPP","RD","PC_FISHSUPP","A","2010",1.258,
"FRA","FISHSUPP","RD","PC_FISHSUPP","A","2011",4.971,
"FRA","FISHSUPP","RD","PC_FISHSUPP","A","2012",4.878,
"FRA","FISHSUPP","RD","PC_FISHSUPP","A","2013",0.882,
"FRA","FISHSUPP","RD","PC_FISHSUPP","A","2014",5.624,
"FRA","FISHSUPP","RD","PC_FISHSUPP","A","2015",5.624,
"GRC","FISHSUPP","RD","PC_FISHSUPP","A","2009",10.013,
"GRC","FISHSUPP","RD","PC_FISHSUPP","A","2015",2.082,
"ISL","FISHSUPP","RD","PC_FISHSUPP","A","2000",34.291,
"ISL","FISHSUPP","RD","PC_FISHSUPP","A","2001",36.056,
"ISL","FISHSUPP","RD","PC_FISHSUPP","A","2002",34.844,
"ISL","FISHSUPP","RD","PC_FISHSUPP","A","2003",38.097,
"ISL","FISHSUPP","RD","PC_FISHSUPP","A","2004",47.786,
"ISL","FISHSUPP","RD","PC_FISHSUPP","A","2005",46.591,
"ISL","FISHSUPP","RD","PC_FISHSUPP","A","2006",44.431,
"ISL","FISHSUPP","RD","PC_FISHSUPP","A","2007",50.207,
"ISL","FISHSUPP","RD","PC_FISHSUPP","A","2008",48.74,
"ISL","FISHSUPP","RD","PC_FISHSUPP","A","2009",58.587,
"ISL","FISHSUPP","RD","PC_FISHSUPP","A","2010",81.156,
"ISL","FISHSUPP","RD","PC_FISHSUPP","A","2011",164.932,
"ISL","FISHSUPP","RD","PC_FISHSUPP","A","2012",-47.131,
"ISL","FISHSUPP","RD","PC_FISHSUPP","A","2013",-48.958,
"ISL","FISHSUPP","RD","PC_FISHSUPP","A","2014",-71.934,
"ISL","FISHSUPP","RD","PC_FISHSUPP","A","2015",273.529,
"IRL","FISHSUPP","RD","PC_FISHSUPP","A","2014",3.082,
"IRL","FISHSUPP","RD","PC_FISHSUPP","A","2015",1.808,
"ITA","FISHSUPP","RD","PC_FISHSUPP","A","2008",14.099,
"ITA","FISHSUPP","RD","PC_FISHSUPP","A","2009",12.822,
"ITA","FISHSUPP","RD","PC_FISHSUPP","A","2010",16.129,
"ITA","FISHSUPP","RD","PC_FISHSUPP","A","2011",7.865,
"ITA","FISHSUPP","RD","PC_FISHSUPP","A","2012",4.141,
"ITA","FISHSUPP","RD","PC_FISHSUPP","A","2013",8.441,
"ITA","FISHSUPP","RD","PC_FISHSUPP","A","2014",8.067,
"KOR","FISHSUPP","RD","PC_FISHSUPP","A","2007",6.215,
"KOR","FISHSUPP","RD","PC_FISHSUPP","A","2008",5.764,
"KOR","FISHSUPP","RD","PC_FISHSUPP","A","2009",18.188,
"KOR","FISHSUPP","RD","PC_FISHSUPP","A","2010",20.854,
"KOR","FISHSUPP","RD","PC_FISHSUPP","A","2011",30.175,
"KOR","FISHSUPP","RD","PC_FISHSUPP","A","2012",33.498,
"NLD","FISHSUPP","RD","PC_FISHSUPP","A","2008",2.003,
"NLD","FISHSUPP","RD","PC_FISHSUPP","A","2009",31.156,
"NLD","FISHSUPP","RD","PC_FISHSUPP","A","2010",29.944,
"NLD","FISHSUPP","RD","PC_FISHSUPP","A","2011",16.446,
"NLD","FISHSUPP","RD","PC_FISHSUPP","A","2012",6.34,
"NLD","FISHSUPP","RD","PC_FISHSUPP","A","2013",8.203,
"NLD","FISHSUPP","RD","PC_FISHSUPP","A","2014",5.281,
"NLD","FISHSUPP","RD","PC_FISHSUPP","A","2015",14.595,
"NZL","FISHSUPP","RD","PC_FISHSUPP","A","2012",60.796,
"NZL","FISHSUPP","RD","PC_FISHSUPP","A","2013",93.07,
"NZL","FISHSUPP","RD","PC_FISHSUPP","A","2014",58.814,
"NZL","FISHSUPP","RD","PC_FISHSUPP","A","2015",61.773,
"NOR","FISHSUPP","RD","PC_FISHSUPP","A","2001",27.85,
"NOR","FISHSUPP","RD","PC_FISHSUPP","A","2002",33.874,
"NOR","FISHSUPP","RD","PC_FISHSUPP","A","2003",32.972,
"NOR","FISHSUPP","RD","PC_FISHSUPP","A","2004",30.706,
"NOR","FISHSUPP","RD","PC_FISHSUPP","A","2005",29.133,
"NOR","FISHSUPP","RD","PC_FISHSUPP","A","2006",40.139,
"NOR","FISHSUPP","RD","PC_FISHSUPP","A","2007",39.202,
"NOR","FISHSUPP","RD","PC_FISHSUPP","A","2008",41.323,
"NOR","FISHSUPP","RD","PC_FISHSUPP","A","2009",36.996,
"NOR","FISHSUPP","RD","PC_FISHSUPP","A","2010",40.534,
"NOR","FISHSUPP","RD","PC_FISHSUPP","A","2011",39.72,
"NOR","FISHSUPP","RD","PC_FISHSUPP","A","2012",34.813,
"NOR","FISHSUPP","RD","PC_FISHSUPP","A","2013",35.859,
"NOR","FISHSUPP","RD","PC_FISHSUPP","A","2014",37.419,
"NOR","FISHSUPP","RD","PC_FISHSUPP","A","2015",57.744,
"ESP","FISHSUPP","RD","PC_FISHSUPP","A","2008",1.275,
"ESP","FISHSUPP","RD","PC_FISHSUPP","A","2009",1.283,
"ESP","FISHSUPP","RD","PC_FISHSUPP","A","2010",0.612,
"ESP","FISHSUPP","RD","PC_FISHSUPP","A","2011",6.001,
"ESP","FISHSUPP","RD","PC_FISHSUPP","A","2012",3.86,
"ESP","FISHSUPP","RD","PC_FISHSUPP","A","2013",5.263,
"ESP","FISHSUPP","RD","PC_FISHSUPP","A","2014",6.038,
"ESP","FISHSUPP","RD","PC_FISHSUPP","A","2015",3.412,
"SWE","FISHSUPP","RD","PC_FISHSUPP","A","2004",45.864,
"SWE","FISHSUPP","RD","PC_FISHSUPP","A","2005",44.33,
"SWE","FISHSUPP","RD","PC_FISHSUPP","A","2006",43.353,
"SWE","FISHSUPP","RD","PC_FISHSUPP","A","2007",43.627,
"SWE","FISHSUPP","RD","PC_FISHSUPP","A","2008",40.998,
"SWE","FISHSUPP","RD","PC_FISHSUPP","A","2009",34.572,
"SWE","FISHSUPP","RD","PC_FISHSUPP","A","2010",26.73,
"SWE","FISHSUPP","RD","PC_FISHSUPP","A","2011",33.296,
"SWE","FISHSUPP","RD","PC_FISHSUPP","A","2012",31.085,
"SWE","FISHSUPP","RD","PC_FISHSUPP","A","2013",25.662,
"SWE","FISHSUPP","RD","PC_FISHSUPP","A","2014",25.488,
"SWE","FISHSUPP","RD","PC_FISHSUPP","A","2015",26.912,
"TUR","FISHSUPP","RD","PC_FISHSUPP","A","2012",1.323,
"TUR","FISHSUPP","RD","PC_FISHSUPP","A","2013",1.194,
"TUR","FISHSUPP","RD","PC_FISHSUPP","A","2014",1.335,
"TUR","FISHSUPP","RD","PC_FISHSUPP","A","2015",1.347,
"GBR","FISHSUPP","RD","PC_FISHSUPP","A","2009",3.915,
"GBR","FISHSUPP","RD","PC_FISHSUPP","A","2010",3.666,
"GBR","FISHSUPP","RD","PC_FISHSUPP","A","2011",1.281,
"GBR","FISHSUPP","RD","PC_FISHSUPP","A","2012",1.294,
"GBR","FISHSUPP","RD","PC_FISHSUPP","A","2013",3.527,
"GBR","FISHSUPP","RD","PC_FISHSUPP","A","2014",5.722,
"GBR","FISHSUPP","RD","PC_FISHSUPP","A","2015",1.952,
"USA","FISHSUPP","RD","PC_FISHSUPP","A","2005",9.995,
"USA","FISHSUPP","RD","PC_FISHSUPP","A","2006",0.588,
"USA","FISHSUPP","RD","PC_FISHSUPP","A","2007",1.255,
"USA","FISHSUPP","RD","PC_FISHSUPP","A","2008",5.235,
"USA","FISHSUPP","RD","PC_FISHSUPP","A","2009",4.829,
"USA","FISHSUPP","RD","PC_FISHSUPP","A","2010",6.186,
"USA","FISHSUPP","RD","PC_FISHSUPP","A","2011",2.964,
"USA","FISHSUPP","RD","PC_FISHSUPP","A","2012",3.465,
"USA","FISHSUPP","RD","PC_FISHSUPP","A","2013",3.879,
"USA","FISHSUPP","RD","PC_FISHSUPP","A","2014",3.98,
"USA","FISHSUPP","RD","PC_FISHSUPP","A","2015",3.702,
"ARG","FISHSUPP","RD","PC_FISHSUPP","A","2010",203.656,
"ARG","FISHSUPP","RD","PC_FISHSUPP","A","2011",83.147,
"ARG","FISHSUPP","RD","PC_FISHSUPP","A","2012",71.152,
"ARG","FISHSUPP","RD","PC_FISHSUPP","A","2013",80.005,
"COL","FISHSUPP","RD","PC_FISHSUPP","A","2000",1.485,
"COL","FISHSUPP","RD","PC_FISHSUPP","A","2001",21.387,
"COL","FISHSUPP","RD","PC_FISHSUPP","A","2002",15.438,
"COL","FISHSUPP","RD","PC_FISHSUPP","A","2003",22.166,
"COL","FISHSUPP","RD","PC_FISHSUPP","A","2004",5.145,
"COL","FISHSUPP","RD","PC_FISHSUPP","A","2005",7.694,
"COL","FISHSUPP","RD","PC_FISHSUPP","A","2006",18.263,
"COL","FISHSUPP","RD","PC_FISHSUPP","A","2007",8.902,
"COL","FISHSUPP","RD","PC_FISHSUPP","A","2008",18.237,
"COL","FISHSUPP","RD","PC_FISHSUPP","A","2009",12.345,
"COL","FISHSUPP","RD","PC_FISHSUPP","A","2010",11.529,
"COL","FISHSUPP","RD","PC_FISHSUPP","A","2011",14.679,
"COL","FISHSUPP","RD","PC_FISHSUPP","A","2012",11.993,
"COL","FISHSUPP","RD","PC_FISHSUPP","A","2013",23.801,
"COL","FISHSUPP","RD","PC_FISHSUPP","A","2014",28.237,
"COL","FISHSUPP","RD","PC_FISHSUPP","A","2015",14.123,
"EST","FISHSUPP","RD","PC_FISHSUPP","A","2010",1.482,
"EST","FISHSUPP","RD","PC_FISHSUPP","A","2011",1.745,
"EST","FISHSUPP","RD","PC_FISHSUPP","A","2012",0.199,
"TWN","FISHSUPP","RD","PC_FISHSUPP","A","2000",39.291,
"TWN","FISHSUPP","RD","PC_FISHSUPP","A","2001",24.577,
"TWN","FISHSUPP","RD","PC_FISHSUPP","A","2002",11.86,
"TWN","FISHSUPP","RD","PC_FISHSUPP","A","2003",18.629,
"TWN","FISHSUPP","RD","PC_FISHSUPP","A","2004",25.56,
"TWN","FISHSUPP","RD","PC_FISHSUPP","A","2005",11.563,
"TWN","FISHSUPP","RD","PC_FISHSUPP","A","2006",5.979,
"TWN","FISHSUPP","RD","PC_FISHSUPP","A","2007",8.518,
"TWN","FISHSUPP","RD","PC_FISHSUPP","A","2008",9.214,
"TWN","FISHSUPP","RD","PC_FISHSUPP","A","2009",10.646,
"TWN","FISHSUPP","RD","PC_FISHSUPP","A","2010",19.392,
"TWN","FISHSUPP","RD","PC_FISHSUPP","A","2011",18.7,
"TWN","FISHSUPP","RD","PC_FISHSUPP","A","2012",18.061,
"TWN","FISHSUPP","RD","PC_FISHSUPP","A","2013",15.945,
"TWN","FISHSUPP","RD","PC_FISHSUPP","A","2014",16.766,
"TWN","FISHSUPP","RD","PC_FISHSUPP","A","2015",22.361,
"JPN","FISHSUPP","RD","PC_FISHSUPP","A","2014",11.142,
"JPN","FISHSUPP","RD","PC_FISHSUPP","A","2015",11.575,
"IDN","FISHSUPP","RD","PC_FISHSUPP","A","2014",4.575,
"IDN","FISHSUPP","RD","PC_FISHSUPP","A","2015",3.322,
