﻿"LOCATION","INDICATOR","SUBJECT","MEASURE","FREQUENCY","TIME","Value","Flag Codes"
"FIN","URBANPOP","METROP","PC","A","2014",52.2,
"GRC","URBANPOP","MURBAN","PC","A","2014",3.9,
"GRC","URBANPOP","METROP","PC","A","2014",17.4,
"IRL","URBANPOP","MURBAN","PC","A","2014",14,
"IRL","URBANPOP","METROP","PC","A","2014",67.8,
"KOR","URBANPOP","MURBAN","PC","A","2014",9.3,
"KOR","URBANPOP","METROP","PC","A","2014",16.3,
"LUX","URBANPOP","LMETROP","PC","A","2012",0,
"NLD","URBANPOP","MURBAN","PC","A","2014",28.5,
"NLD","URBANPOP","SURBAN","PC","A","2014",21.5,
"POL","URBANPOP","SURBAN","PC","A","2014",20.3,
"PRT","URBANPOP","LMETROP","PC","A","2012",48.56,
"ESP","URBANPOP","SURBAN","PC","A","2014",20.9,
"SWE","URBANPOP","LMETROP","PC","A","2012",39.37,
"EST","URBANPOP","LMETROP","PC","A","2012",0,
"BEL","URBANPOP","METROP","PC","A","2014",36.4,
"DNK","URBANPOP","MURBAN","PC","A","2014",34.3,
"DNK","URBANPOP","METROP","PC","A","2014",0,
"DEU","URBANPOP","MURBAN","PC","A","2014",29.7,
"DEU","URBANPOP","METROP","PC","A","2014",29.1,
"IRL","URBANPOP","LMETROP","PC","A","2012",0,
"JPN","URBANPOP","MURBAN","PC","A","2014",11.4,
"JPN","URBANPOP","SURBAN","PC","A","2014",1,
"KOR","URBANPOP","LMETROP","PC","A","2012",68.35,
"MEX","URBANPOP","SURBAN","PC","A","2014",3.1,
"NLD","URBANPOP","LMETROP","PC","A","2012",19.42,
"NOR","URBANPOP","SURBAN","PC","A","2014",9,
"POL","URBANPOP","LMETROP","PC","A","2012",26.62,
"SVK","URBANPOP","SURBAN","PC","A","2014",46,
"BEL","URBANPOP","MURBAN","PC","A","2014",17.5,
"BEL","URBANPOP","SURBAN","PC","A","2014",7.5,
"CAN","URBANPOP","LMETROP","PC","A","2012",52.35,
"DNK","URBANPOP","SURBAN","PC","A","2014",0,
"FIN","URBANPOP","LMETROP","PC","A","2012",0,
"DEU","URBANPOP","SURBAN","PC","A","2014",9.6,
"GRC","URBANPOP","LMETROP","PC","A","2012",64,
"PRT","URBANPOP","METROP","PC","A","2014",22.4,
"SWE","URBANPOP","MURBAN","PC","A","2014",4.7,
"SWE","URBANPOP","METROP","PC","A","2014",30.7,
"GBR","URBANPOP","MURBAN","PC","A","2014",31.1,
"GBR","URBANPOP","METROP","PC","A","2014",21.2,
"EST","URBANPOP","METROP","PC","A","2014",71.4,
"HUN","URBANPOP","METROP","PC","A","2014",0,
"ITA","URBANPOP","MURBAN","PC","A","2014",20.8,
"ITA","URBANPOP","METROP","PC","A","2014",15.9,
"LUX","URBANPOP","MURBAN","PC","A","2014",100,
"LUX","URBANPOP","METROP","PC","A","2014",0,
"NOR","URBANPOP","LMETROP","PC","A","2012",0,
"PRT","URBANPOP","MURBAN","PC","A","2014",13,
"PRT","URBANPOP","SURBAN","PC","A","2014",16.1,
"SVK","URBANPOP","LMETROP","PC","A","2012",0,
"SWE","URBANPOP","SURBAN","PC","A","2014",25.3,
"CHE","URBANPOP","LMETROP","PC","A","2012",0,
"GBR","URBANPOP","SURBAN","PC","A","2014",13.9,
"USA","URBANPOP","LMETROP","PC","A","2012",58.27,
"EST","URBANPOP","MURBAN","PC","A","2014",0,
"EST","URBANPOP","SURBAN","PC","A","2014",28.6,
"SVN","URBANPOP","METROP","PC","A","2014",70.2,
"AUT","URBANPOP","MURBAN","PC","A","2014",18.7,
"AUT","URBANPOP","METROP","PC","A","2014",25.3,
"CZE","URBANPOP","MURBAN","PC","A","2014",10.3,
"CZE","URBANPOP","METROP","PC","A","2014",24.6,
"FRA","URBANPOP","MURBAN","PC","A","2014",23.3,
"FRA","URBANPOP","METROP","PC","A","2014",24.9,
"DEU","URBANPOP","LMETROP","PC","A","2012",32,
"HUN","URBANPOP","MURBAN","PC","A","2014",37.5,
"HUN","URBANPOP","SURBAN","PC","A","2014",5.7,
"ITA","URBANPOP","SURBAN","PC","A","2014",19.4,
"JPN","URBANPOP","LMETROP","PC","A","2012",65.85,
"LUX","URBANPOP","SURBAN","PC","A","2014",0,
"MEX","URBANPOP","LMETROP","PC","A","2012",50.34,
"SVN","URBANPOP","MURBAN","PC","A","2014",29.8,
"SVN","URBANPOP","SURBAN","PC","A","2014",0,
"AUT","URBANPOP","SURBAN","PC","A","2014",0,
"BEL","URBANPOP","LMETROP","PC","A","2012",38.69,
"CZE","URBANPOP","SURBAN","PC","A","2014",27.8,
"DNK","URBANPOP","LMETROP","PC","A","2012",65.71,
"FRA","URBANPOP","SURBAN","PC","A","2014",14.6,
"NLD","URBANPOP","METROP","PC","A","2014",30.7,
"POL","URBANPOP","MURBAN","PC","A","2014",25.4,
"POL","URBANPOP","METROP","PC","A","2014",27.7,
"ESP","URBANPOP","MURBAN","PC","A","2014",25.9,
"ESP","URBANPOP","METROP","PC","A","2014",20.3,
"GBR","URBANPOP","LMETROP","PC","A","2012",33.91,
"AUT","URBANPOP","LMETROP","PC","A","2012",56.13,
"CAN","URBANPOP","SURBAN","PC","A","2014",8.8,
"JPN","URBANPOP","METROP","PC","A","2014",22.2,
"MEX","URBANPOP","MURBAN","PC","A","2014",14.8,
"MEX","URBANPOP","METROP","PC","A","2014",31.7,
"NOR","URBANPOP","MURBAN","PC","A","2014",37.7,
"NOR","URBANPOP","METROP","PC","A","2014",53.3,
"SVK","URBANPOP","MURBAN","PC","A","2014",18.5,
"SVK","URBANPOP","METROP","PC","A","2014",35.5,
"ESP","URBANPOP","LMETROP","PC","A","2012",33.01,
"CHE","URBANPOP","MURBAN","PC","A","2014",26.2,
"CHE","URBANPOP","SURBAN","PC","A","2014",16.4,
"USA","URBANPOP","SURBAN","PC","A","2014",33.5,
"CAN","URBANPOP","MURBAN","PC","A","2014",14.4,
"CAN","URBANPOP","METROP","PC","A","2014",24.6,
"CZE","URBANPOP","LMETROP","PC","A","2012",37.74,
"FIN","URBANPOP","MURBAN","PC","A","2014",24,
"FIN","URBANPOP","SURBAN","PC","A","2014",23.8,
"FRA","URBANPOP","LMETROP","PC","A","2012",37.51,
"GRC","URBANPOP","SURBAN","PC","A","2014",14.6,
"HUN","URBANPOP","LMETROP","PC","A","2012",56.95,
"IRL","URBANPOP","SURBAN","PC","A","2014",18.2,
"ITA","URBANPOP","LMETROP","PC","A","2012",43.97,
"KOR","URBANPOP","SURBAN","PC","A","2014",6.2,
"CHE","URBANPOP","METROP","PC","A","2014",57.4,
"USA","URBANPOP","MURBAN","PC","A","2014",66.5,
"USA","URBANPOP","METROP","PC","A","2014",0,
"SVN","URBANPOP","LMETROP","PC","A","2012",0,
"TUR","URBANPOP","LMETROP","PC","A","2012",52.05,
"TUR","URBANPOP","MURBAN","PC","A","2014",10.4,
"TUR","URBANPOP","METROP","PC","A","2014",17.9,
"TUR","URBANPOP","SURBAN","PC","A","2014",19.7,
"CHL","URBANPOP","LMETROP","PC","A","2012",51.25,
"CHL","URBANPOP","MURBAN","PC","A","2014",13.8,
"CHL","URBANPOP","METROP","PC","A","2014",14.8,
"CHL","URBANPOP","SURBAN","PC","A","2014",20.2,
"OECD","URBANPOP","LMETROP","PC","A","2012",49.67,
"OECD","URBANPOP","MURBAN","PC","A","2014",21.6,
"OECD","URBANPOP","METROP","PC","A","2014",21.9,
"OECD","URBANPOP","SURBAN","PC","A","2014",12.6,
"AUS","URBANPOP","MURBAN","PC","A","2014",8.7,
"AUS","URBANPOP","METROP","PC","A","2014",10.3,
"AUS","URBANPOP","SURBAN","PC","A","2014",6.3,
