﻿"LOCATION","INDICATOR","SUBJECT","MEASURE","FREQUENCY","TIME","Value","Flag Codes"
"AUS","TAXWEDGE","TOT","PC_LC","A","2000",31.011854,
"AUS","TAXWEDGE","TOT","PC_LC","A","2001",27.630069,
"AUS","TAXWEDGE","TOT","PC_LC","A","2002",27.973221,
"AUS","TAXWEDGE","TOT","PC_LC","A","2003",28.246566,
"AUS","TAXWEDGE","TOT","PC_LC","A","2004",28.192745,
"AUS","TAXWEDGE","TOT","PC_LC","A","2005",28.50802,
"AUS","TAXWEDGE","TOT","PC_LC","A","2006",28.281561,
"AUS","TAXWEDGE","TOT","PC_LC","A","2007",27.697401,
"AUS","TAXWEDGE","TOT","PC_LC","A","2008",26.931992,
"AUS","TAXWEDGE","TOT","PC_LC","A","2009",26.748796,
"AUS","TAXWEDGE","TOT","PC_LC","A","2010",26.829039,
"AUS","TAXWEDGE","TOT","PC_LC","A","2011",26.650257,
"AUS","TAXWEDGE","TOT","PC_LC","A","2012",27.273247,
"AUS","TAXWEDGE","TOT","PC_LC","A","2013",27.415207,
"AUS","TAXWEDGE","TOT","PC_LC","A","2014",27.662194,
"AUS","TAXWEDGE","TOT","PC_LC","A","2015",28.353786,
"AUS","TAXWEDGE","TOT","PC_LC","A","2016",28.583579,
"AUT","TAXWEDGE","TOT","PC_LC","A","2000",47.312048,
"AUT","TAXWEDGE","TOT","PC_LC","A","2001",46.910884,
"AUT","TAXWEDGE","TOT","PC_LC","A","2002",47.073607,
"AUT","TAXWEDGE","TOT","PC_LC","A","2003",47.377708,
"AUT","TAXWEDGE","TOT","PC_LC","A","2004",48.266145,
"AUT","TAXWEDGE","TOT","PC_LC","A","2005",48.14329,
"AUT","TAXWEDGE","TOT","PC_LC","A","2006",48.453854,
"AUT","TAXWEDGE","TOT","PC_LC","A","2007",48.760437,
"AUT","TAXWEDGE","TOT","PC_LC","A","2008",49.033048,
"AUT","TAXWEDGE","TOT","PC_LC","A","2009",47.948742,
"AUT","TAXWEDGE","TOT","PC_LC","A","2010",48.168771,
"AUT","TAXWEDGE","TOT","PC_LC","A","2011",48.539773,
"AUT","TAXWEDGE","TOT","PC_LC","A","2012",48.839612,
"AUT","TAXWEDGE","TOT","PC_LC","A","2013",49.183759,
"AUT","TAXWEDGE","TOT","PC_LC","A","2014",49.415725,
"AUT","TAXWEDGE","TOT","PC_LC","A","2015",49.616021,
"AUT","TAXWEDGE","TOT","PC_LC","A","2016",47.148627,
"BEL","TAXWEDGE","TOT","PC_LC","A","2000",57.103642,
"BEL","TAXWEDGE","TOT","PC_LC","A","2001",56.660819,
"BEL","TAXWEDGE","TOT","PC_LC","A","2002",56.33123,
"BEL","TAXWEDGE","TOT","PC_LC","A","2003",55.74007,
"BEL","TAXWEDGE","TOT","PC_LC","A","2004",55.433739,
"BEL","TAXWEDGE","TOT","PC_LC","A","2005",55.510421,
"BEL","TAXWEDGE","TOT","PC_LC","A","2006",55.486275,
"BEL","TAXWEDGE","TOT","PC_LC","A","2007",55.560067,
"BEL","TAXWEDGE","TOT","PC_LC","A","2008",55.88346,
"BEL","TAXWEDGE","TOT","PC_LC","A","2009",55.653902,
"BEL","TAXWEDGE","TOT","PC_LC","A","2010",55.932147,
"BEL","TAXWEDGE","TOT","PC_LC","A","2011",56.086594,
"BEL","TAXWEDGE","TOT","PC_LC","A","2012",55.993728,
"BEL","TAXWEDGE","TOT","PC_LC","A","2013",55.65689,
"BEL","TAXWEDGE","TOT","PC_LC","A","2014",55.592807,
"BEL","TAXWEDGE","TOT","PC_LC","A","2015",55.277696,
"BEL","TAXWEDGE","TOT","PC_LC","A","2016",53.957092,
"CAN","TAXWEDGE","TOT","PC_LC","A","2000",32.893776,
"CAN","TAXWEDGE","TOT","PC_LC","A","2001",31.558018,
"CAN","TAXWEDGE","TOT","PC_LC","A","2002",31.721273,
"CAN","TAXWEDGE","TOT","PC_LC","A","2003",31.683664,
"CAN","TAXWEDGE","TOT","PC_LC","A","2004",31.866689,
"CAN","TAXWEDGE","TOT","PC_LC","A","2005",31.867427,
"CAN","TAXWEDGE","TOT","PC_LC","A","2006",31.764311,
"CAN","TAXWEDGE","TOT","PC_LC","A","2007",31.272815,
"CAN","TAXWEDGE","TOT","PC_LC","A","2008",31.271188,
"CAN","TAXWEDGE","TOT","PC_LC","A","2009",30.53421,
"CAN","TAXWEDGE","TOT","PC_LC","A","2010",30.416904,
"CAN","TAXWEDGE","TOT","PC_LC","A","2011",30.66578,
"CAN","TAXWEDGE","TOT","PC_LC","A","2012",30.823244,
"CAN","TAXWEDGE","TOT","PC_LC","A","2013",30.997548,
"CAN","TAXWEDGE","TOT","PC_LC","A","2014",31.580621,
"CAN","TAXWEDGE","TOT","PC_LC","A","2015",31.536225,
"CAN","TAXWEDGE","TOT","PC_LC","A","2016",31.401423,
"CZE","TAXWEDGE","TOT","PC_LC","A","2000",42.585757,
"CZE","TAXWEDGE","TOT","PC_LC","A","2001",42.587997,
"CZE","TAXWEDGE","TOT","PC_LC","A","2002",42.975246,
"CZE","TAXWEDGE","TOT","PC_LC","A","2003",43.212722,
"CZE","TAXWEDGE","TOT","PC_LC","A","2004",43.518341,
"CZE","TAXWEDGE","TOT","PC_LC","A","2005",43.729066,
"CZE","TAXWEDGE","TOT","PC_LC","A","2006",42.52621,
"CZE","TAXWEDGE","TOT","PC_LC","A","2007",42.883267,
"CZE","TAXWEDGE","TOT","PC_LC","A","2008",43.436631,
"CZE","TAXWEDGE","TOT","PC_LC","A","2009",42.005939,
"CZE","TAXWEDGE","TOT","PC_LC","A","2010",42.130289,
"CZE","TAXWEDGE","TOT","PC_LC","A","2011",42.607351,
"CZE","TAXWEDGE","TOT","PC_LC","A","2012",42.454052,
"CZE","TAXWEDGE","TOT","PC_LC","A","2013",42.441222,
"CZE","TAXWEDGE","TOT","PC_LC","A","2014",42.614151,
"CZE","TAXWEDGE","TOT","PC_LC","A","2015",42.773969,
"CZE","TAXWEDGE","TOT","PC_LC","A","2016",42.965949,
"DNK","TAXWEDGE","TOT","PC_LC","A","2000",42.089607,
"DNK","TAXWEDGE","TOT","PC_LC","A","2001",41.415854,
"DNK","TAXWEDGE","TOT","PC_LC","A","2002",40.30042,
"DNK","TAXWEDGE","TOT","PC_LC","A","2003",40.314281,
"DNK","TAXWEDGE","TOT","PC_LC","A","2004",38.964562,
"DNK","TAXWEDGE","TOT","PC_LC","A","2005",38.84154,
"DNK","TAXWEDGE","TOT","PC_LC","A","2006",38.947901,
"DNK","TAXWEDGE","TOT","PC_LC","A","2007",39.138237,
"DNK","TAXWEDGE","TOT","PC_LC","A","2008",38.943777,
"DNK","TAXWEDGE","TOT","PC_LC","A","2009",37.557287,
"DNK","TAXWEDGE","TOT","PC_LC","A","2010",36.416544,
"DNK","TAXWEDGE","TOT","PC_LC","A","2011",36.599708,
"DNK","TAXWEDGE","TOT","PC_LC","A","2012",36.715602,
"DNK","TAXWEDGE","TOT","PC_LC","A","2013",36.414068,
"DNK","TAXWEDGE","TOT","PC_LC","A","2014",36.260531,
"DNK","TAXWEDGE","TOT","PC_LC","A","2015",36.437619,
"DNK","TAXWEDGE","TOT","PC_LC","A","2016",36.458233,
"FIN","TAXWEDGE","TOT","PC_LC","A","2000",47.523951,
"FIN","TAXWEDGE","TOT","PC_LC","A","2001",46.092829,
"FIN","TAXWEDGE","TOT","PC_LC","A","2002",45.658889,
"FIN","TAXWEDGE","TOT","PC_LC","A","2003",44.764667,
"FIN","TAXWEDGE","TOT","PC_LC","A","2004",44.223765,
"FIN","TAXWEDGE","TOT","PC_LC","A","2005",44.391512,
"FIN","TAXWEDGE","TOT","PC_LC","A","2006",44.022571,
"FIN","TAXWEDGE","TOT","PC_LC","A","2007",43.881646,
"FIN","TAXWEDGE","TOT","PC_LC","A","2008",43.83802,
"FIN","TAXWEDGE","TOT","PC_LC","A","2009",42.495874,
"FIN","TAXWEDGE","TOT","PC_LC","A","2010",42.292463,
"FIN","TAXWEDGE","TOT","PC_LC","A","2011",42.346324,
"FIN","TAXWEDGE","TOT","PC_LC","A","2012",42.48978,
"FIN","TAXWEDGE","TOT","PC_LC","A","2013",43.109455,
"FIN","TAXWEDGE","TOT","PC_LC","A","2014",43.595602,
"FIN","TAXWEDGE","TOT","PC_LC","A","2015",43.543241,
"FIN","TAXWEDGE","TOT","PC_LC","A","2016",43.765098,
"FRA","TAXWEDGE","TOT","PC_LC","A","2000",50.428738,
"FRA","TAXWEDGE","TOT","PC_LC","A","2001",50.074061,
"FRA","TAXWEDGE","TOT","PC_LC","A","2002",49.861442,
"FRA","TAXWEDGE","TOT","PC_LC","A","2003",50.105372,
"FRA","TAXWEDGE","TOT","PC_LC","A","2004",50.295141,
"FRA","TAXWEDGE","TOT","PC_LC","A","2005",50.506981,
"FRA","TAXWEDGE","TOT","PC_LC","A","2006",49.746218,
"FRA","TAXWEDGE","TOT","PC_LC","A","2007",49.748358,
"FRA","TAXWEDGE","TOT","PC_LC","A","2008",49.764421,
"FRA","TAXWEDGE","TOT","PC_LC","A","2009",49.836415,
"FRA","TAXWEDGE","TOT","PC_LC","A","2010",49.897129,
"FRA","TAXWEDGE","TOT","PC_LC","A","2011",49.963928,
"FRA","TAXWEDGE","TOT","PC_LC","A","2012",50.095021,
"FRA","TAXWEDGE","TOT","PC_LC","A","2013",48.814028,
"FRA","TAXWEDGE","TOT","PC_LC","A","2014",48.387327,
"FRA","TAXWEDGE","TOT","PC_LC","A","2015",48.415278,
"FRA","TAXWEDGE","TOT","PC_LC","A","2016",48.074889,
"DEU","TAXWEDGE","TOT","PC_LC","A","2000",52.863749,
"DEU","TAXWEDGE","TOT","PC_LC","A","2001",51.909506,
"DEU","TAXWEDGE","TOT","PC_LC","A","2002",52.474167,
"DEU","TAXWEDGE","TOT","PC_LC","A","2003",53.196448,
"DEU","TAXWEDGE","TOT","PC_LC","A","2004",52.235619,
"DEU","TAXWEDGE","TOT","PC_LC","A","2005",52.134375,
"DEU","TAXWEDGE","TOT","PC_LC","A","2006",52.314298,
"DEU","TAXWEDGE","TOT","PC_LC","A","2007",51.798265,
"DEU","TAXWEDGE","TOT","PC_LC","A","2008",51.343991,
"DEU","TAXWEDGE","TOT","PC_LC","A","2009",50.789115,
"DEU","TAXWEDGE","TOT","PC_LC","A","2010",49.049591,
"DEU","TAXWEDGE","TOT","PC_LC","A","2011",49.676747,
"DEU","TAXWEDGE","TOT","PC_LC","A","2012",49.629751,
"DEU","TAXWEDGE","TOT","PC_LC","A","2013",49.21749,
"DEU","TAXWEDGE","TOT","PC_LC","A","2014",49.252069,
"DEU","TAXWEDGE","TOT","PC_LC","A","2015",49.380266,
"DEU","TAXWEDGE","TOT","PC_LC","A","2016",49.431692,
"GRC","TAXWEDGE","TOT","PC_LC","A","2000",39.068378,
"GRC","TAXWEDGE","TOT","PC_LC","A","2001",38.219975,
"GRC","TAXWEDGE","TOT","PC_LC","A","2002",39.272045,
"GRC","TAXWEDGE","TOT","PC_LC","A","2003",39.911094,
"GRC","TAXWEDGE","TOT","PC_LC","A","2004",41.435065,
"GRC","TAXWEDGE","TOT","PC_LC","A","2005",41.248747,
"GRC","TAXWEDGE","TOT","PC_LC","A","2006",42.272333,
"GRC","TAXWEDGE","TOT","PC_LC","A","2007",42.054556,
"GRC","TAXWEDGE","TOT","PC_LC","A","2008",41.501285,
"GRC","TAXWEDGE","TOT","PC_LC","A","2009",41.288685,
"GRC","TAXWEDGE","TOT","PC_LC","A","2010",40.062435,
"GRC","TAXWEDGE","TOT","PC_LC","A","2011",43.189393,
"GRC","TAXWEDGE","TOT","PC_LC","A","2012",42.913255,
"GRC","TAXWEDGE","TOT","PC_LC","A","2013",41.590494,
"GRC","TAXWEDGE","TOT","PC_LC","A","2014",40.521428,
"GRC","TAXWEDGE","TOT","PC_LC","A","2015",39.175997,
"GRC","TAXWEDGE","TOT","PC_LC","A","2016",40.240907,
"HUN","TAXWEDGE","TOT","PC_LC","A","2000",54.675755,
"HUN","TAXWEDGE","TOT","PC_LC","A","2001",55.803417,
"HUN","TAXWEDGE","TOT","PC_LC","A","2002",53.739384,
"HUN","TAXWEDGE","TOT","PC_LC","A","2003",50.763152,
"HUN","TAXWEDGE","TOT","PC_LC","A","2004",51.743499,
"HUN","TAXWEDGE","TOT","PC_LC","A","2005",51.073936,
"HUN","TAXWEDGE","TOT","PC_LC","A","2006",51.91661,
"HUN","TAXWEDGE","TOT","PC_LC","A","2007",54.533102,
"HUN","TAXWEDGE","TOT","PC_LC","A","2008",54.097725,
"HUN","TAXWEDGE","TOT","PC_LC","A","2009",53.097249,
"HUN","TAXWEDGE","TOT","PC_LC","A","2010",46.605061,
"HUN","TAXWEDGE","TOT","PC_LC","A","2011",49.493277,
"HUN","TAXWEDGE","TOT","PC_LC","A","2012",49.519793,
"HUN","TAXWEDGE","TOT","PC_LC","A","2013",49.027237,
"HUN","TAXWEDGE","TOT","PC_LC","A","2014",49.027237,
"HUN","TAXWEDGE","TOT","PC_LC","A","2015",49.027237,
"HUN","TAXWEDGE","TOT","PC_LC","A","2016",48.249027,
"ISL","TAXWEDGE","TOT","PC_LC","A","2000",28.833356,
"ISL","TAXWEDGE","TOT","PC_LC","A","2001",29.337573,
"ISL","TAXWEDGE","TOT","PC_LC","A","2002",30.862872,
"ISL","TAXWEDGE","TOT","PC_LC","A","2003",31.517635,
"ISL","TAXWEDGE","TOT","PC_LC","A","2004",31.931303,
"ISL","TAXWEDGE","TOT","PC_LC","A","2005",32.052113,
"ISL","TAXWEDGE","TOT","PC_LC","A","2006",31.760389,
"ISL","TAXWEDGE","TOT","PC_LC","A","2007",30.539833,
"ISL","TAXWEDGE","TOT","PC_LC","A","2008",30.936688,
"ISL","TAXWEDGE","TOT","PC_LC","A","2009",30.525266,
"ISL","TAXWEDGE","TOT","PC_LC","A","2010",33.362908,
"ISL","TAXWEDGE","TOT","PC_LC","A","2011",34.080548,
"ISL","TAXWEDGE","TOT","PC_LC","A","2012",33.818231,
"ISL","TAXWEDGE","TOT","PC_LC","A","2013",34.119549,
"ISL","TAXWEDGE","TOT","PC_LC","A","2014",33.66071,
"ISL","TAXWEDGE","TOT","PC_LC","A","2015",34.25137,
"ISL","TAXWEDGE","TOT","PC_LC","A","2016",34.042646,
"IRL","TAXWEDGE","TOT","PC_LC","A","2000",28.872656,
"IRL","TAXWEDGE","TOT","PC_LC","A","2001",25.894255,
"IRL","TAXWEDGE","TOT","PC_LC","A","2002",24.387194,
"IRL","TAXWEDGE","TOT","PC_LC","A","2003",24.393093,
"IRL","TAXWEDGE","TOT","PC_LC","A","2004",24.063538,
"IRL","TAXWEDGE","TOT","PC_LC","A","2005",23.474311,
"IRL","TAXWEDGE","TOT","PC_LC","A","2006",22.97378,
"IRL","TAXWEDGE","TOT","PC_LC","A","2007",22.226138,
"IRL","TAXWEDGE","TOT","PC_LC","A","2008",22.297254,
"IRL","TAXWEDGE","TOT","PC_LC","A","2009",24.740993,
"IRL","TAXWEDGE","TOT","PC_LC","A","2010",25.827455,
"IRL","TAXWEDGE","TOT","PC_LC","A","2011",25.816528,
"IRL","TAXWEDGE","TOT","PC_LC","A","2012",26.93415,
"IRL","TAXWEDGE","TOT","PC_LC","A","2013",27.583548,
"IRL","TAXWEDGE","TOT","PC_LC","A","2014",27.944249,
"IRL","TAXWEDGE","TOT","PC_LC","A","2015",27.331764,
"IRL","TAXWEDGE","TOT","PC_LC","A","2016",27.086933,
"ITA","TAXWEDGE","TOT","PC_LC","A","2000",47.080116,
"ITA","TAXWEDGE","TOT","PC_LC","A","2001",46.573693,
"ITA","TAXWEDGE","TOT","PC_LC","A","2002",46.550047,
"ITA","TAXWEDGE","TOT","PC_LC","A","2003",45.973631,
"ITA","TAXWEDGE","TOT","PC_LC","A","2004",46.283141,
"ITA","TAXWEDGE","TOT","PC_LC","A","2005",45.904517,
"ITA","TAXWEDGE","TOT","PC_LC","A","2006",46.054402,
"ITA","TAXWEDGE","TOT","PC_LC","A","2007",46.388348,
"ITA","TAXWEDGE","TOT","PC_LC","A","2008",46.645578,
"ITA","TAXWEDGE","TOT","PC_LC","A","2009",46.791249,
"ITA","TAXWEDGE","TOT","PC_LC","A","2010",47.175866,
"ITA","TAXWEDGE","TOT","PC_LC","A","2011",47.596501,
"ITA","TAXWEDGE","TOT","PC_LC","A","2012",47.722719,
"ITA","TAXWEDGE","TOT","PC_LC","A","2013",47.838911,
"ITA","TAXWEDGE","TOT","PC_LC","A","2014",47.780933,
"ITA","TAXWEDGE","TOT","PC_LC","A","2015",47.851914,
"ITA","TAXWEDGE","TOT","PC_LC","A","2016",47.770026,
"JPN","TAXWEDGE","TOT","PC_LC","A","2000",29.836575,
"JPN","TAXWEDGE","TOT","PC_LC","A","2001",29.883094,
"JPN","TAXWEDGE","TOT","PC_LC","A","2002",30.198663,
"JPN","TAXWEDGE","TOT","PC_LC","A","2003",27.355795,
"JPN","TAXWEDGE","TOT","PC_LC","A","2004",27.338675,
"JPN","TAXWEDGE","TOT","PC_LC","A","2005",27.734618,
"JPN","TAXWEDGE","TOT","PC_LC","A","2006",28.78548,
"JPN","TAXWEDGE","TOT","PC_LC","A","2007",29.312332,
"JPN","TAXWEDGE","TOT","PC_LC","A","2008",29.465224,
"JPN","TAXWEDGE","TOT","PC_LC","A","2009",29.182996,
"JPN","TAXWEDGE","TOT","PC_LC","A","2010",30.227255,
"JPN","TAXWEDGE","TOT","PC_LC","A","2011",30.848741,
"JPN","TAXWEDGE","TOT","PC_LC","A","2012",31.274649,
"JPN","TAXWEDGE","TOT","PC_LC","A","2013",31.575901,
"JPN","TAXWEDGE","TOT","PC_LC","A","2014",31.960026,
"JPN","TAXWEDGE","TOT","PC_LC","A","2015",32.293991,
"JPN","TAXWEDGE","TOT","PC_LC","A","2016",32.417027,
"KOR","TAXWEDGE","TOT","PC_LC","A","2000",16.360407,
"KOR","TAXWEDGE","TOT","PC_LC","A","2001",16.494447,
"KOR","TAXWEDGE","TOT","PC_LC","A","2002",16.11149,
"KOR","TAXWEDGE","TOT","PC_LC","A","2003",16.404462,
"KOR","TAXWEDGE","TOT","PC_LC","A","2004",17.045936,
"KOR","TAXWEDGE","TOT","PC_LC","A","2005",17.305513,
"KOR","TAXWEDGE","TOT","PC_LC","A","2006",18.162303,
"KOR","TAXWEDGE","TOT","PC_LC","A","2007",19.718794,
"KOR","TAXWEDGE","TOT","PC_LC","A","2008",19.980942,
"KOR","TAXWEDGE","TOT","PC_LC","A","2009",19.470227,
"KOR","TAXWEDGE","TOT","PC_LC","A","2010",20.147852,
"KOR","TAXWEDGE","TOT","PC_LC","A","2011",20.495261,
"KOR","TAXWEDGE","TOT","PC_LC","A","2012",21.045521,
"KOR","TAXWEDGE","TOT","PC_LC","A","2013",21.512369,
"KOR","TAXWEDGE","TOT","PC_LC","A","2014",21.705239,
"KOR","TAXWEDGE","TOT","PC_LC","A","2015",22.02509,
"KOR","TAXWEDGE","TOT","PC_LC","A","2016",22.204044,
"LUX","TAXWEDGE","TOT","PC_LC","A","2000",35.837515,
"LUX","TAXWEDGE","TOT","PC_LC","A","2001",34.482069,
"LUX","TAXWEDGE","TOT","PC_LC","A","2002",31.586815,
"LUX","TAXWEDGE","TOT","PC_LC","A","2003",32.118925,
"LUX","TAXWEDGE","TOT","PC_LC","A","2004",32.529147,
"LUX","TAXWEDGE","TOT","PC_LC","A","2005",33.394871,
"LUX","TAXWEDGE","TOT","PC_LC","A","2006",34.007649,
"LUX","TAXWEDGE","TOT","PC_LC","A","2007",35.019248,
"LUX","TAXWEDGE","TOT","PC_LC","A","2008",34.655372,
"LUX","TAXWEDGE","TOT","PC_LC","A","2009",33.871839,
"LUX","TAXWEDGE","TOT","PC_LC","A","2010",34.326436,
"LUX","TAXWEDGE","TOT","PC_LC","A","2011",36.25584,
"LUX","TAXWEDGE","TOT","PC_LC","A","2012",36.002719,
"LUX","TAXWEDGE","TOT","PC_LC","A","2013",37.227821,
"LUX","TAXWEDGE","TOT","PC_LC","A","2014",37.645594,
"LUX","TAXWEDGE","TOT","PC_LC","A","2015",38.393983,
"LUX","TAXWEDGE","TOT","PC_LC","A","2016",38.4414,
"MEX","TAXWEDGE","TOT","PC_LC","A","2000",12.681444,
"MEX","TAXWEDGE","TOT","PC_LC","A","2001",13.29133,
"MEX","TAXWEDGE","TOT","PC_LC","A","2002",15.874748,
"MEX","TAXWEDGE","TOT","PC_LC","A","2003",16.820677,
"MEX","TAXWEDGE","TOT","PC_LC","A","2004",15.300682,
"MEX","TAXWEDGE","TOT","PC_LC","A","2005",14.743151,
"MEX","TAXWEDGE","TOT","PC_LC","A","2006",15.054513,
"MEX","TAXWEDGE","TOT","PC_LC","A","2007",15.937642,
"MEX","TAXWEDGE","TOT","PC_LC","A","2008",15.082913,
"MEX","TAXWEDGE","TOT","PC_LC","A","2009",15.323398,
"MEX","TAXWEDGE","TOT","PC_LC","A","2010",15.984065,
"MEX","TAXWEDGE","TOT","PC_LC","A","2011",18.730213,
"MEX","TAXWEDGE","TOT","PC_LC","A","2012",19.008463,
"MEX","TAXWEDGE","TOT","PC_LC","A","2013",19.257555,
"MEX","TAXWEDGE","TOT","PC_LC","A","2014",19.529179,
"MEX","TAXWEDGE","TOT","PC_LC","A","2015",19.800317,
"MEX","TAXWEDGE","TOT","PC_LC","A","2016",20.133284,
"NLD","TAXWEDGE","TOT","PC_LC","A","2000",40.043015,
"NLD","TAXWEDGE","TOT","PC_LC","A","2001",37.350382,
"NLD","TAXWEDGE","TOT","PC_LC","A","2002",37.447259,
"NLD","TAXWEDGE","TOT","PC_LC","A","2003",37.171713,
"NLD","TAXWEDGE","TOT","PC_LC","A","2004",38.834032,
"NLD","TAXWEDGE","TOT","PC_LC","A","2005",38.919605,
"NLD","TAXWEDGE","TOT","PC_LC","A","2006",38.400642,
"NLD","TAXWEDGE","TOT","PC_LC","A","2007",38.672191,
"NLD","TAXWEDGE","TOT","PC_LC","A","2008",39.200442,
"NLD","TAXWEDGE","TOT","PC_LC","A","2009",38.021452,
"NLD","TAXWEDGE","TOT","PC_LC","A","2010",38.096998,
"NLD","TAXWEDGE","TOT","PC_LC","A","2011",38.033615,
"NLD","TAXWEDGE","TOT","PC_LC","A","2012",38.750299,
"NLD","TAXWEDGE","TOT","PC_LC","A","2013",41.506518,
"NLD","TAXWEDGE","TOT","PC_LC","A","2014",39.834026,
"NLD","TAXWEDGE","TOT","PC_LC","A","2015",37.048648,
"NLD","TAXWEDGE","TOT","PC_LC","A","2016",37.45203,
"NZL","TAXWEDGE","TOT","PC_LC","A","2000",19.367838,
"NZL","TAXWEDGE","TOT","PC_LC","A","2001",19.36221,
"NZL","TAXWEDGE","TOT","PC_LC","A","2002",19.416535,
"NZL","TAXWEDGE","TOT","PC_LC","A","2003",19.459168,
"NZL","TAXWEDGE","TOT","PC_LC","A","2004",19.713631,
"NZL","TAXWEDGE","TOT","PC_LC","A","2005",20.032028,
"NZL","TAXWEDGE","TOT","PC_LC","A","2006",20.439708,
"NZL","TAXWEDGE","TOT","PC_LC","A","2007",21.075868,
"NZL","TAXWEDGE","TOT","PC_LC","A","2008",20.511511,
"NZL","TAXWEDGE","TOT","PC_LC","A","2009",18.073907,
"NZL","TAXWEDGE","TOT","PC_LC","A","2010",16.991699,
"NZL","TAXWEDGE","TOT","PC_LC","A","2011",15.869015,
"NZL","TAXWEDGE","TOT","PC_LC","A","2012",16.387925,
"NZL","TAXWEDGE","TOT","PC_LC","A","2013",16.888079,
"NZL","TAXWEDGE","TOT","PC_LC","A","2014",17.247182,
"NZL","TAXWEDGE","TOT","PC_LC","A","2015",17.56015,
"NZL","TAXWEDGE","TOT","PC_LC","A","2016",17.892244,
"NOR","TAXWEDGE","TOT","PC_LC","A","2000",38.561634,
"NOR","TAXWEDGE","TOT","PC_LC","A","2001",39.223273,
"NOR","TAXWEDGE","TOT","PC_LC","A","2002",38.645123,
"NOR","TAXWEDGE","TOT","PC_LC","A","2003",38.087978,
"NOR","TAXWEDGE","TOT","PC_LC","A","2004",38.148446,
"NOR","TAXWEDGE","TOT","PC_LC","A","2005",37.244688,
"NOR","TAXWEDGE","TOT","PC_LC","A","2006",37.415916,
"NOR","TAXWEDGE","TOT","PC_LC","A","2007",37.537132,
"NOR","TAXWEDGE","TOT","PC_LC","A","2008",37.586889,
"NOR","TAXWEDGE","TOT","PC_LC","A","2009",37.30349,
"NOR","TAXWEDGE","TOT","PC_LC","A","2010",37.291511,
"NOR","TAXWEDGE","TOT","PC_LC","A","2011",37.571439,
"NOR","TAXWEDGE","TOT","PC_LC","A","2012",37.405343,
"NOR","TAXWEDGE","TOT","PC_LC","A","2013",37.353963,
"NOR","TAXWEDGE","TOT","PC_LC","A","2014",36.897512,
"NOR","TAXWEDGE","TOT","PC_LC","A","2015",36.619234,
"NOR","TAXWEDGE","TOT","PC_LC","A","2016",36.219532,
"POL","TAXWEDGE","TOT","PC_LC","A","2000",38.16724,
"POL","TAXWEDGE","TOT","PC_LC","A","2001",38.046188,
"POL","TAXWEDGE","TOT","PC_LC","A","2002",37.983875,
"POL","TAXWEDGE","TOT","PC_LC","A","2003",38.236921,
"POL","TAXWEDGE","TOT","PC_LC","A","2004",38.444196,
"POL","TAXWEDGE","TOT","PC_LC","A","2005",38.69536,
"POL","TAXWEDGE","TOT","PC_LC","A","2006",38.953777,
"POL","TAXWEDGE","TOT","PC_LC","A","2007",38.161958,
"POL","TAXWEDGE","TOT","PC_LC","A","2008",34.692522,
"POL","TAXWEDGE","TOT","PC_LC","A","2009",34.123775,
"POL","TAXWEDGE","TOT","PC_LC","A","2010",34.211232,
"POL","TAXWEDGE","TOT","PC_LC","A","2011",34.321659,
"POL","TAXWEDGE","TOT","PC_LC","A","2012",35.51103,
"POL","TAXWEDGE","TOT","PC_LC","A","2013",35.569952,
"POL","TAXWEDGE","TOT","PC_LC","A","2014",35.675176,
"POL","TAXWEDGE","TOT","PC_LC","A","2015",35.729066,
"POL","TAXWEDGE","TOT","PC_LC","A","2016",35.77997,
"PRT","TAXWEDGE","TOT","PC_LC","A","2000",37.331801,
"PRT","TAXWEDGE","TOT","PC_LC","A","2001",36.436956,
"PRT","TAXWEDGE","TOT","PC_LC","A","2002",37.571481,
"PRT","TAXWEDGE","TOT","PC_LC","A","2003",37.368579,
"PRT","TAXWEDGE","TOT","PC_LC","A","2004",37.40016,
"PRT","TAXWEDGE","TOT","PC_LC","A","2005",36.796095,
"PRT","TAXWEDGE","TOT","PC_LC","A","2006",37.523852,
"PRT","TAXWEDGE","TOT","PC_LC","A","2007",37.325414,
"PRT","TAXWEDGE","TOT","PC_LC","A","2008",36.946905,
"PRT","TAXWEDGE","TOT","PC_LC","A","2009",36.537074,
"PRT","TAXWEDGE","TOT","PC_LC","A","2010",37.131515,
"PRT","TAXWEDGE","TOT","PC_LC","A","2011",38.000937,
"PRT","TAXWEDGE","TOT","PC_LC","A","2012",37.601224,
"PRT","TAXWEDGE","TOT","PC_LC","A","2013",41.375089,
"PRT","TAXWEDGE","TOT","PC_LC","A","2014",41.150459,
"PRT","TAXWEDGE","TOT","PC_LC","A","2015",42.070153,
"PRT","TAXWEDGE","TOT","PC_LC","A","2016",41.467194,
"SVK","TAXWEDGE","TOT","PC_LC","A","2000",41.860925,
"SVK","TAXWEDGE","TOT","PC_LC","A","2001",42.515616,
"SVK","TAXWEDGE","TOT","PC_LC","A","2002",42.057456,
"SVK","TAXWEDGE","TOT","PC_LC","A","2003",42.507749,
"SVK","TAXWEDGE","TOT","PC_LC","A","2004",42.163798,
"SVK","TAXWEDGE","TOT","PC_LC","A","2005",38.006937,
"SVK","TAXWEDGE","TOT","PC_LC","A","2006",38.298533,
"SVK","TAXWEDGE","TOT","PC_LC","A","2007",38.441546,
"SVK","TAXWEDGE","TOT","PC_LC","A","2008",38.835917,
"SVK","TAXWEDGE","TOT","PC_LC","A","2009",37.71451,
"SVK","TAXWEDGE","TOT","PC_LC","A","2010",37.917042,
"SVK","TAXWEDGE","TOT","PC_LC","A","2011",38.830172,
"SVK","TAXWEDGE","TOT","PC_LC","A","2012",39.622171,
"SVK","TAXWEDGE","TOT","PC_LC","A","2013",41.125323,
"SVK","TAXWEDGE","TOT","PC_LC","A","2014",41.250392,
"SVK","TAXWEDGE","TOT","PC_LC","A","2015",41.368674,
"SVK","TAXWEDGE","TOT","PC_LC","A","2016",41.49025,
"ESP","TAXWEDGE","TOT","PC_LC","A","2000",38.627724,
"ESP","TAXWEDGE","TOT","PC_LC","A","2001",38.858001,
"ESP","TAXWEDGE","TOT","PC_LC","A","2002",39.101446,
"ESP","TAXWEDGE","TOT","PC_LC","A","2003",38.58189,
"ESP","TAXWEDGE","TOT","PC_LC","A","2004",38.809975,
"ESP","TAXWEDGE","TOT","PC_LC","A","2005",38.968565,
"ESP","TAXWEDGE","TOT","PC_LC","A","2006",39.112234,
"ESP","TAXWEDGE","TOT","PC_LC","A","2007",38.987028,
"ESP","TAXWEDGE","TOT","PC_LC","A","2008",37.991003,
"ESP","TAXWEDGE","TOT","PC_LC","A","2009",38.257526,
"ESP","TAXWEDGE","TOT","PC_LC","A","2010",39.746546,
"ESP","TAXWEDGE","TOT","PC_LC","A","2011",39.985142,
"ESP","TAXWEDGE","TOT","PC_LC","A","2012",40.615097,
"ESP","TAXWEDGE","TOT","PC_LC","A","2013",40.660487,
"ESP","TAXWEDGE","TOT","PC_LC","A","2014",40.716086,
"ESP","TAXWEDGE","TOT","PC_LC","A","2015",39.389283,
"ESP","TAXWEDGE","TOT","PC_LC","A","2016",39.478535,
"SWE","TAXWEDGE","TOT","PC_LC","A","2000",50.139717,
"SWE","TAXWEDGE","TOT","PC_LC","A","2001",49.099191,
"SWE","TAXWEDGE","TOT","PC_LC","A","2002",47.768617,
"SWE","TAXWEDGE","TOT","PC_LC","A","2003",48.229722,
"SWE","TAXWEDGE","TOT","PC_LC","A","2004",48.39539,
"SWE","TAXWEDGE","TOT","PC_LC","A","2005",48.05073,
"SWE","TAXWEDGE","TOT","PC_LC","A","2006",47.75037,
"SWE","TAXWEDGE","TOT","PC_LC","A","2007",45.322344,
"SWE","TAXWEDGE","TOT","PC_LC","A","2008",44.81103,
"SWE","TAXWEDGE","TOT","PC_LC","A","2009",43.233667,
"SWE","TAXWEDGE","TOT","PC_LC","A","2010",42.756325,
"SWE","TAXWEDGE","TOT","PC_LC","A","2011",42.814102,
"SWE","TAXWEDGE","TOT","PC_LC","A","2012",42.85535,
"SWE","TAXWEDGE","TOT","PC_LC","A","2013",43.010853,
"SWE","TAXWEDGE","TOT","PC_LC","A","2014",42.46309,
"SWE","TAXWEDGE","TOT","PC_LC","A","2015",42.612492,
"SWE","TAXWEDGE","TOT","PC_LC","A","2016",42.818154,
"CHE","TAXWEDGE","TOT","PC_LC","A","2000",22.871766,
"CHE","TAXWEDGE","TOT","PC_LC","A","2001",22.895794,
"CHE","TAXWEDGE","TOT","PC_LC","A","2002",22.885207,
"CHE","TAXWEDGE","TOT","PC_LC","A","2003",22.425267,
"CHE","TAXWEDGE","TOT","PC_LC","A","2004",22.204579,
"CHE","TAXWEDGE","TOT","PC_LC","A","2005",22.215922,
"CHE","TAXWEDGE","TOT","PC_LC","A","2006",22.110921,
"CHE","TAXWEDGE","TOT","PC_LC","A","2007",22.37855,
"CHE","TAXWEDGE","TOT","PC_LC","A","2008",21.857035,
"CHE","TAXWEDGE","TOT","PC_LC","A","2009",21.959826,
"CHE","TAXWEDGE","TOT","PC_LC","A","2010",22.097216,
"CHE","TAXWEDGE","TOT","PC_LC","A","2011",22.345545,
"CHE","TAXWEDGE","TOT","PC_LC","A","2012",22.110907,
"CHE","TAXWEDGE","TOT","PC_LC","A","2013",22.197359,
"CHE","TAXWEDGE","TOT","PC_LC","A","2014",21.868976,
"CHE","TAXWEDGE","TOT","PC_LC","A","2015",21.806404,
"CHE","TAXWEDGE","TOT","PC_LC","A","2016",21.753256,
"TUR","TAXWEDGE","TOT","PC_LC","A","2000",40.36334,
"TUR","TAXWEDGE","TOT","PC_LC","A","2001",43.604851,
"TUR","TAXWEDGE","TOT","PC_LC","A","2002",42.484984,
"TUR","TAXWEDGE","TOT","PC_LC","A","2003",42.194855,
"TUR","TAXWEDGE","TOT","PC_LC","A","2004",42.7579,
"TUR","TAXWEDGE","TOT","PC_LC","A","2005",42.800849,
"TUR","TAXWEDGE","TOT","PC_LC","A","2006",42.685484,
"TUR","TAXWEDGE","TOT","PC_LC","A","2007",42.219318,
"TUR","TAXWEDGE","TOT","PC_LC","A","2008",38.721943,
"TUR","TAXWEDGE","TOT","PC_LC","A","2009",36.73884,
"TUR","TAXWEDGE","TOT","PC_LC","A","2010",36.977973,
"TUR","TAXWEDGE","TOT","PC_LC","A","2011",37.028177,
"TUR","TAXWEDGE","TOT","PC_LC","A","2012",37.12741,
"TUR","TAXWEDGE","TOT","PC_LC","A","2013",37.35727,
"TUR","TAXWEDGE","TOT","PC_LC","A","2014",38.086217,
"TUR","TAXWEDGE","TOT","PC_LC","A","2015",38.18596,
"TUR","TAXWEDGE","TOT","PC_LC","A","2016",38.09736,
"GBR","TAXWEDGE","TOT","PC_LC","A","2000",32.590398,
"GBR","TAXWEDGE","TOT","PC_LC","A","2001",32.18807,
"GBR","TAXWEDGE","TOT","PC_LC","A","2002",32.251521,
"GBR","TAXWEDGE","TOT","PC_LC","A","2003",33.794608,
"GBR","TAXWEDGE","TOT","PC_LC","A","2004",33.920048,
"GBR","TAXWEDGE","TOT","PC_LC","A","2005",33.943313,
"GBR","TAXWEDGE","TOT","PC_LC","A","2006",33.981118,
"GBR","TAXWEDGE","TOT","PC_LC","A","2007",34.123721,
"GBR","TAXWEDGE","TOT","PC_LC","A","2008",32.78177,
"GBR","TAXWEDGE","TOT","PC_LC","A","2009",32.407154,
"GBR","TAXWEDGE","TOT","PC_LC","A","2010",32.582675,
"GBR","TAXWEDGE","TOT","PC_LC","A","2011",32.456784,
"GBR","TAXWEDGE","TOT","PC_LC","A","2012",32.091517,
"GBR","TAXWEDGE","TOT","PC_LC","A","2013",31.361598,
"GBR","TAXWEDGE","TOT","PC_LC","A","2014",30.956356,
"GBR","TAXWEDGE","TOT","PC_LC","A","2015",30.805768,
"GBR","TAXWEDGE","TOT","PC_LC","A","2016",30.773753,
"USA","TAXWEDGE","TOT","PC_LC","A","2000",30.843152,
"USA","TAXWEDGE","TOT","PC_LC","A","2001",30.739565,
"USA","TAXWEDGE","TOT","PC_LC","A","2002",30.584252,
"USA","TAXWEDGE","TOT","PC_LC","A","2003",30.460411,
"USA","TAXWEDGE","TOT","PC_LC","A","2004",30.482758,
"USA","TAXWEDGE","TOT","PC_LC","A","2005",30.418159,
"USA","TAXWEDGE","TOT","PC_LC","A","2006",30.552005,
"USA","TAXWEDGE","TOT","PC_LC","A","2007",30.917168,
"USA","TAXWEDGE","TOT","PC_LC","A","2008",30.061773,
"USA","TAXWEDGE","TOT","PC_LC","A","2009",30.278889,
"USA","TAXWEDGE","TOT","PC_LC","A","2010",30.747766,
"USA","TAXWEDGE","TOT","PC_LC","A","2011",29.905917,
"USA","TAXWEDGE","TOT","PC_LC","A","2012",29.842844,
"USA","TAXWEDGE","TOT","PC_LC","A","2013",31.450768,
"USA","TAXWEDGE","TOT","PC_LC","A","2014",31.641234,
"USA","TAXWEDGE","TOT","PC_LC","A","2015",31.565188,
"USA","TAXWEDGE","TOT","PC_LC","A","2016",31.71226,
"CHL","TAXWEDGE","TOT","PC_LC","A","2000",7,
"CHL","TAXWEDGE","TOT","PC_LC","A","2001",7,
"CHL","TAXWEDGE","TOT","PC_LC","A","2002",7,
"CHL","TAXWEDGE","TOT","PC_LC","A","2003",7,
"CHL","TAXWEDGE","TOT","PC_LC","A","2004",7,
"CHL","TAXWEDGE","TOT","PC_LC","A","2005",7,
"CHL","TAXWEDGE","TOT","PC_LC","A","2006",7,
"CHL","TAXWEDGE","TOT","PC_LC","A","2007",7,
"CHL","TAXWEDGE","TOT","PC_LC","A","2008",7,
"CHL","TAXWEDGE","TOT","PC_LC","A","2009",7,
"CHL","TAXWEDGE","TOT","PC_LC","A","2010",7,
"CHL","TAXWEDGE","TOT","PC_LC","A","2011",7,
"CHL","TAXWEDGE","TOT","PC_LC","A","2012",7,
"CHL","TAXWEDGE","TOT","PC_LC","A","2013",7,
"CHL","TAXWEDGE","TOT","PC_LC","A","2014",7,
"CHL","TAXWEDGE","TOT","PC_LC","A","2015",7,
"CHL","TAXWEDGE","TOT","PC_LC","A","2016",7,
"EST","TAXWEDGE","TOT","PC_LC","A","2000",41.309371,
"EST","TAXWEDGE","TOT","PC_LC","A","2001",40.963905,
"EST","TAXWEDGE","TOT","PC_LC","A","2002",42.088547,
"EST","TAXWEDGE","TOT","PC_LC","A","2003",42.322317,
"EST","TAXWEDGE","TOT","PC_LC","A","2004",41.468851,
"EST","TAXWEDGE","TOT","PC_LC","A","2005",39.922469,
"EST","TAXWEDGE","TOT","PC_LC","A","2006",39.032301,
"EST","TAXWEDGE","TOT","PC_LC","A","2007",39.004571,
"EST","TAXWEDGE","TOT","PC_LC","A","2008",38.384307,
"EST","TAXWEDGE","TOT","PC_LC","A","2009",39.170551,
"EST","TAXWEDGE","TOT","PC_LC","A","2010",40.089905,
"EST","TAXWEDGE","TOT","PC_LC","A","2011",40.261904,
"EST","TAXWEDGE","TOT","PC_LC","A","2012",40.412424,
"EST","TAXWEDGE","TOT","PC_LC","A","2013",39.915588,
"EST","TAXWEDGE","TOT","PC_LC","A","2014",40.028984,
"EST","TAXWEDGE","TOT","PC_LC","A","2015",39.048336,
"EST","TAXWEDGE","TOT","PC_LC","A","2016",38.930282,
"ISR","TAXWEDGE","TOT","PC_LC","A","2000",29.576715,
"ISR","TAXWEDGE","TOT","PC_LC","A","2001",30.671188,
"ISR","TAXWEDGE","TOT","PC_LC","A","2002",30.795671,
"ISR","TAXWEDGE","TOT","PC_LC","A","2003",27.655171,
"ISR","TAXWEDGE","TOT","PC_LC","A","2004",26.444075,
"ISR","TAXWEDGE","TOT","PC_LC","A","2005",25.52123,
"ISR","TAXWEDGE","TOT","PC_LC","A","2006",24.314712,
"ISR","TAXWEDGE","TOT","PC_LC","A","2007",24.92694,
"ISR","TAXWEDGE","TOT","PC_LC","A","2008",22.898402,
"ISR","TAXWEDGE","TOT","PC_LC","A","2009",21.299795,
"ISR","TAXWEDGE","TOT","PC_LC","A","2010",20.716439,
"ISR","TAXWEDGE","TOT","PC_LC","A","2011",20.784895,
"ISR","TAXWEDGE","TOT","PC_LC","A","2012",20.392396,
"ISR","TAXWEDGE","TOT","PC_LC","A","2013",20.35099,
"ISR","TAXWEDGE","TOT","PC_LC","A","2014",21.069465,
"ISR","TAXWEDGE","TOT","PC_LC","A","2015",21.562326,
"ISR","TAXWEDGE","TOT","PC_LC","A","2016",22.129401,
"SVN","TAXWEDGE","TOT","PC_LC","A","2000",46.251725,
"SVN","TAXWEDGE","TOT","PC_LC","A","2001",46.153982,
"SVN","TAXWEDGE","TOT","PC_LC","A","2002",46.070724,
"SVN","TAXWEDGE","TOT","PC_LC","A","2003",46.156228,
"SVN","TAXWEDGE","TOT","PC_LC","A","2004",46.277781,
"SVN","TAXWEDGE","TOT","PC_LC","A","2005",45.550904,
"SVN","TAXWEDGE","TOT","PC_LC","A","2006",45.293668,
"SVN","TAXWEDGE","TOT","PC_LC","A","2007",43.28492,
"SVN","TAXWEDGE","TOT","PC_LC","A","2008",42.876682,
"SVN","TAXWEDGE","TOT","PC_LC","A","2009",42.239052,
"SVN","TAXWEDGE","TOT","PC_LC","A","2010",42.539289,
"SVN","TAXWEDGE","TOT","PC_LC","A","2011",42.647217,
"SVN","TAXWEDGE","TOT","PC_LC","A","2012",42.50224,
"SVN","TAXWEDGE","TOT","PC_LC","A","2013",42.372659,
"SVN","TAXWEDGE","TOT","PC_LC","A","2014",42.505138,
"SVN","TAXWEDGE","TOT","PC_LC","A","2015",42.572902,
"SVN","TAXWEDGE","TOT","PC_LC","A","2016",42.665044,
"OAVG","TAXWEDGE","TOT","PC_LC","A","2000",37.005082,
"OAVG","TAXWEDGE","TOT","PC_LC","A","2001",36.654238,
"OAVG","TAXWEDGE","TOT","PC_LC","A","2002",36.578399,
"OAVG","TAXWEDGE","TOT","PC_LC","A","2003",36.407274,
"OAVG","TAXWEDGE","TOT","PC_LC","A","2004",36.456519,
"OAVG","TAXWEDGE","TOT","PC_LC","A","2005",36.222687,
"OAVG","TAXWEDGE","TOT","PC_LC","A","2006",36.23185,
"OAVG","TAXWEDGE","TOT","PC_LC","A","2007",36.231365,
"OAVG","TAXWEDGE","TOT","PC_LC","A","2008",35.760377,
"OAVG","TAXWEDGE","TOT","PC_LC","A","2009",35.23162,
"OAVG","TAXWEDGE","TOT","PC_LC","A","2010",35.308238,
"OAVG","TAXWEDGE","TOT","PC_LC","A","2011",35.762987,
"OAVG","TAXWEDGE","TOT","PC_LC","A","2012",35.915826,
"OAVG","TAXWEDGE","TOT","PC_LC","A","2013",36.17705,
"OAVG","TAXWEDGE","TOT","PC_LC","A","2014",36.158457,
"OAVG","TAXWEDGE","TOT","PC_LC","A","2015",36.084099,
"OAVG","TAXWEDGE","TOT","PC_LC","A","2016",36.018387,
"LVA","TAXWEDGE","TOT","PC_LC","A","2000",43.2122,
"LVA","TAXWEDGE","TOT","PC_LC","A","2001",42.96926,
"LVA","TAXWEDGE","TOT","PC_LC","A","2002",43.1385,
"LVA","TAXWEDGE","TOT","PC_LC","A","2003",42.702067,
"LVA","TAXWEDGE","TOT","PC_LC","A","2004",42.844819,
"LVA","TAXWEDGE","TOT","PC_LC","A","2005",43.142779,
"LVA","TAXWEDGE","TOT","PC_LC","A","2006",42.718848,
"LVA","TAXWEDGE","TOT","PC_LC","A","2007",42.248624,
"LVA","TAXWEDGE","TOT","PC_LC","A","2008",41.345542,
"LVA","TAXWEDGE","TOT","PC_LC","A","2009",40.885,
"LVA","TAXWEDGE","TOT","PC_LC","A","2010",44.041992,
"LVA","TAXWEDGE","TOT","PC_LC","A","2011",44.205257,
"LVA","TAXWEDGE","TOT","PC_LC","A","2012",44.272202,
"LVA","TAXWEDGE","TOT","PC_LC","A","2013",43.717217,
"LVA","TAXWEDGE","TOT","PC_LC","A","2014",43.020093,
"LVA","TAXWEDGE","TOT","PC_LC","A","2015",42.51311,
"LVA","TAXWEDGE","TOT","PC_LC","A","2016",42.612389,
