﻿"LOCATION","INDICATOR","SUBJECT","MEASURE","FREQUENCY","TIME","Value","Flag Codes"
"AUS","OOF","TOT","MLN_USD","A","1961",1.924078,
"AUS","OOF","TOT","MLN_USD","A","1963",9.247544,
"AUS","OOF","TOT","MLN_USD","A","1964",36.008951,
"AUS","OOF","TOT","MLN_USD","A","1965",26.303879,
"AUS","OOF","TOT","MLN_USD","A","1966",16.970852,
"AUS","OOF","TOT","MLN_USD","A","1967",82.219039,
"AUS","OOF","TOT","MLN_USD","A","1968",-23.791193,
"AUS","OOF","TOT","MLN_USD","A","1970",50.685217,
"AUS","OOF","TOT","MLN_USD","A","1971",70.385519,
"AUS","OOF","TOT","MLN_USD","A","1972",25.743882,
"AUS","OOF","TOT","MLN_USD","A","1973",8.345778,
"AUS","OOF","TOT","MLN_USD","A","1974",-16.33246,
"AUS","OOF","TOT","MLN_USD","A","1975",-12.342941,
"AUS","OOF","TOT","MLN_USD","A","1976",-3.31895,
"AUS","OOF","TOT","MLN_USD","A","1977",-9.4098,
"AUS","OOF","TOT","MLN_USD","A","1978",137.189172,
"AUS","OOF","TOT","MLN_USD","A","1979",56.195602,
"AUS","OOF","TOT","MLN_USD","A","1980",30.977243,
"AUS","OOF","TOT","MLN_USD","A","1981",44.196733,
"AUS","OOF","TOT","MLN_USD","A","1982",152.988736,
"AUS","OOF","TOT","MLN_USD","A","1983",274.929332,
"AUS","OOF","TOT","MLN_USD","A","1984",312.083877,
"AUS","OOF","TOT","MLN_USD","A","1985",57.018001,
"AUS","OOF","TOT","MLN_USD","A","1986",91.604283,
"AUS","OOF","TOT","MLN_USD","A","1987",-138.461735,
"AUS","OOF","TOT","MLN_USD","A","1988",96.893928,
"AUS","OOF","TOT","MLN_USD","A","1989",314.437431,
"AUS","OOF","TOT","MLN_USD","A","1990",168.863856,
"AUS","OOF","TOT","MLN_USD","A","1991",358.131001,
"AUS","OOF","TOT","MLN_USD","A","1992",711.70216,
"AUS","OOF","TOT","MLN_USD","A","1993",316.536718,
"AUS","OOF","TOT","MLN_USD","A","1994",303.068205,
"AUS","OOF","TOT","MLN_USD","A","1995",0.325617,
"AUS","OOF","TOT","MLN_USD","A","1996",349.324069,
"AUS","OOF","TOT","MLN_USD","A","1997",160.809893,
"AUS","OOF","TOT","MLN_USD","A","1998",102.7014,
"AUS","OOF","TOT","MLN_USD","A","1999",1168.560217,
"AUS","OOF","TOT","MLN_USD","A","2000",1004.768755,
"AUS","OOF","TOT","MLN_USD","A","2001",-57.85446,
"AUS","OOF","TOT","MLN_USD","A","2002",-69.542453,
"AUS","OOF","TOT","MLN_USD","A","2003",-13.157502,
"AUS","OOF","TOT","MLN_USD","A","2004",-108.67258,
"AUS","OOF","TOT","MLN_USD","A","2005",-115.704634,
"AUS","OOF","TOT","MLN_USD","A","2006",233.435456,
"AUS","OOF","TOT","MLN_USD","A","2007",-23.814655,
"AUS","OOF","TOT","MLN_USD","A","2008",-110.553174,
"AUS","OOF","TOT","MLN_USD","A","2009",395.44824,
"AUS","OOF","TOT","MLN_USD","A","2010",228.914879,
"AUS","OOF","TOT","MLN_USD","A","2011",191.765309,
"AUS","OOF","TOT","MLN_USD","A","2012",241.583069,
"AUS","OOF","TOT","MLN_USD","A","2013",362.09039,
"AUS","OOF","TOT","MLN_USD","A","2014",120.386355,
"AUS","OOF","TOT","MLN_USD","A","2015",275.48,
"AUT","OOF","TOT","MLN_USD","A","1960",-2.578568,
"AUT","OOF","TOT","MLN_USD","A","1961",-8.59859,
"AUT","OOF","TOT","MLN_USD","A","1962",135.515997,
"AUT","OOF","TOT","MLN_USD","A","1963",-23.910008,
"AUT","OOF","TOT","MLN_USD","A","1964",88.260523,
"AUT","OOF","TOT","MLN_USD","A","1965",216.358862,
"AUT","OOF","TOT","MLN_USD","A","1966",206.88115,
"AUT","OOF","TOT","MLN_USD","A","1967",110.26134,
"AUT","OOF","TOT","MLN_USD","A","1968",54.293104,
"AUT","OOF","TOT","MLN_USD","A","1969",19.56372,
"AUT","OOF","TOT","MLN_USD","A","1970",79.767744,
"AUT","OOF","TOT","MLN_USD","A","1971",-29.170967,
"AUT","OOF","TOT","MLN_USD","A","1972",-8.339262,
"AUT","OOF","TOT","MLN_USD","A","1973",0.638275,
"AUT","OOF","TOT","MLN_USD","A","1974",4.217071,
"AUT","OOF","TOT","MLN_USD","A","1975",82.922702,
"AUT","OOF","TOT","MLN_USD","A","1976",250.786898,
"AUT","OOF","TOT","MLN_USD","A","1977",12.743799,
"AUT","OOF","TOT","MLN_USD","A","1978",-79.179318,
"AUT","OOF","TOT","MLN_USD","A","1979",-77.334295,
"AUT","OOF","TOT","MLN_USD","A","1980",-91.125144,
"AUT","OOF","TOT","MLN_USD","A","1981",-71.311838,
"AUT","OOF","TOT","MLN_USD","A","1982",-74.233093,
"AUT","OOF","TOT","MLN_USD","A","1983",-13.279243,
"AUT","OOF","TOT","MLN_USD","A","1984",-17.448661,
"AUT","OOF","TOT","MLN_USD","A","1985",17.373289,
"AUT","OOF","TOT","MLN_USD","A","1986",138.140744,
"AUT","OOF","TOT","MLN_USD","A","1987",141.828049,
"AUT","OOF","TOT","MLN_USD","A","1988",-38.354829,
"AUT","OOF","TOT","MLN_USD","A","1989",-77.786205,
"AUT","OOF","TOT","MLN_USD","A","1990",171.509762,
"AUT","OOF","TOT","MLN_USD","A","1991",316.156055,
"AUT","OOF","TOT","MLN_USD","A","1992",427.504415,
"AUT","OOF","TOT","MLN_USD","A","1993",192.222861,
"AUT","OOF","TOT","MLN_USD","A","1994",251.316716,
"AUT","OOF","TOT","MLN_USD","A","1995",308.646291,
"AUT","OOF","TOT","MLN_USD","A","1996",489.049416,
"AUT","OOF","TOT","MLN_USD","A","1997",291.336421,
"AUT","OOF","TOT","MLN_USD","A","1998",189.824327,
"AUT","OOF","TOT","MLN_USD","A","1999",184.487278,
"AUT","OOF","TOT","MLN_USD","A","2000",113.850025,
"AUT","OOF","TOT","MLN_USD","A","2001",-210.2932,
"AUT","OOF","TOT","MLN_USD","A","2002",-54.166668,
"AUT","OOF","TOT","MLN_USD","A","2003",54.388446,
"AUT","OOF","TOT","MLN_USD","A","2004",-250.935405,
"AUT","OOF","TOT","MLN_USD","A","2005",330.962592,
"AUT","OOF","TOT","MLN_USD","A","2006",-464.126981,
"AUT","OOF","TOT","MLN_USD","A","2007",-580.698461,
"AUT","OOF","TOT","MLN_USD","A","2008",88.8922,
"AUT","OOF","TOT","MLN_USD","A","2009",-38.468809,
"AUT","OOF","TOT","MLN_USD","A","2010",-141.480248,
"AUT","OOF","TOT","MLN_USD","A","2011",25.904863,
"AUT","OOF","TOT","MLN_USD","A","2012",44.074609,
"AUT","OOF","TOT","MLN_USD","A","2013",392.93314,
"AUT","OOF","TOT","MLN_USD","A","2014",106.005536,
"AUT","OOF","TOT","MLN_USD","A","2015",-1.09,
"BEL","OOF","TOT","MLN_USD","A","1966",37.294847,
"BEL","OOF","TOT","MLN_USD","A","1967",72.071257,
"BEL","OOF","TOT","MLN_USD","A","1968",127.016932,
"BEL","OOF","TOT","MLN_USD","A","1969",17.229913,
"BEL","OOF","TOT","MLN_USD","A","1970",7.794824,
"BEL","OOF","TOT","MLN_USD","A","1971",5.014924,
"BEL","OOF","TOT","MLN_USD","A","1972",68.333735,
"BEL","OOF","TOT","MLN_USD","A","1973",17.193161,
"BEL","OOF","TOT","MLN_USD","A","1974",6.273212,
"BEL","OOF","TOT","MLN_USD","A","1975",108.461029,
"BEL","OOF","TOT","MLN_USD","A","1976",85.973293,
"BEL","OOF","TOT","MLN_USD","A","1977",43.156026,
"BEL","OOF","TOT","MLN_USD","A","1978",123.744967,
"BEL","OOF","TOT","MLN_USD","A","1979",55.054713,
"BEL","OOF","TOT","MLN_USD","A","1980",353.046398,
"BEL","OOF","TOT","MLN_USD","A","1981",161.069213,
"BEL","OOF","TOT","MLN_USD","A","1982",339.338988,
"BEL","OOF","TOT","MLN_USD","A","1983",221.737692,
"BEL","OOF","TOT","MLN_USD","A","1984",644.128112,
"BEL","OOF","TOT","MLN_USD","A","1985",266.897972,
"BEL","OOF","TOT","MLN_USD","A","1986",87.835468,
"BEL","OOF","TOT","MLN_USD","A","1987",605.476584,
"BEL","OOF","TOT","MLN_USD","A","1988",713.358153,
"BEL","OOF","TOT","MLN_USD","A","1989",652.180088,
"BEL","OOF","TOT","MLN_USD","A","1990",322.197183,
"BEL","OOF","TOT","MLN_USD","A","1991",238.520723,
"BEL","OOF","TOT","MLN_USD","A","1992",634.805155,
"BEL","OOF","TOT","MLN_USD","A","1993",244.74181,
"BEL","OOF","TOT","MLN_USD","A","1994",931.594518,
"BEL","OOF","TOT","MLN_USD","A","1995",247.822975,
"BEL","OOF","TOT","MLN_USD","A","1996",109.164323,
"BEL","OOF","TOT","MLN_USD","A","1997",-2.171679,
"BEL","OOF","TOT","MLN_USD","A","1998",104.959251,
"BEL","OOF","TOT","MLN_USD","A","1999",-103.83418,
"BEL","OOF","TOT","MLN_USD","A","2000",-13.475786,
"BEL","OOF","TOT","MLN_USD","A","2001",10.953167,
"BEL","OOF","TOT","MLN_USD","A","2002",154.322678,
"BEL","OOF","TOT","MLN_USD","A","2003",1142.113702,
"BEL","OOF","TOT","MLN_USD","A","2004",-99.009113,
"BEL","OOF","TOT","MLN_USD","A","2005",408.30369,
"BEL","OOF","TOT","MLN_USD","A","2006",-438.486204,
"BEL","OOF","TOT","MLN_USD","A","2007",-146.46225,
"BEL","OOF","TOT","MLN_USD","A","2008",-116.408188,
"BEL","OOF","TOT","MLN_USD","A","2009",78.264414,
"BEL","OOF","TOT","MLN_USD","A","2010",-13.514157,
"BEL","OOF","TOT","MLN_USD","A","2011",-12.436494,
"BEL","OOF","TOT","MLN_USD","A","2012",48.67783,
"BEL","OOF","TOT","MLN_USD","A","2013",64.809368,
"BEL","OOF","TOT","MLN_USD","A","2014",-37.189861,
"BEL","OOF","TOT","MLN_USD","A","2015",-72.09,
"CAN","OOF","TOT","MLN_USD","A","1961",6.217803,
"CAN","OOF","TOT","MLN_USD","A","1962",143.06598,
"CAN","OOF","TOT","MLN_USD","A","1963",237.645731,
"CAN","OOF","TOT","MLN_USD","A","1964",344.368547,
"CAN","OOF","TOT","MLN_USD","A","1965",185.382262,
"CAN","OOF","TOT","MLN_USD","A","1966",156.251737,
"CAN","OOF","TOT","MLN_USD","A","1967",91.854072,
"CAN","OOF","TOT","MLN_USD","A","1968",229.710814,
"CAN","OOF","TOT","MLN_USD","A","1969",279.643225,
"CAN","OOF","TOT","MLN_USD","A","1970",291.931935,
"CAN","OOF","TOT","MLN_USD","A","1971",285.558737,
"CAN","OOF","TOT","MLN_USD","A","1972",503.790708,
"CAN","OOF","TOT","MLN_USD","A","1973",309.300496,
"CAN","OOF","TOT","MLN_USD","A","1974",550.856171,
"CAN","OOF","TOT","MLN_USD","A","1975",526.043377,
"CAN","OOF","TOT","MLN_USD","A","1976",998.662882,
"CAN","OOF","TOT","MLN_USD","A","1977",940.041365,
"CAN","OOF","TOT","MLN_USD","A","1978",1259.490582,
"CAN","OOF","TOT","MLN_USD","A","1979",1121.186102,
"CAN","OOF","TOT","MLN_USD","A","1980",1632.676568,
"CAN","OOF","TOT","MLN_USD","A","1981",628.409092,
"CAN","OOF","TOT","MLN_USD","A","1982",1229.061009,
"CAN","OOF","TOT","MLN_USD","A","1983",521.312552,
"CAN","OOF","TOT","MLN_USD","A","1984",503.517193,
"CAN","OOF","TOT","MLN_USD","A","1985",-284.385995,
"CAN","OOF","TOT","MLN_USD","A","1986",-418.917786,
"CAN","OOF","TOT","MLN_USD","A","1987",417.154904,
"CAN","OOF","TOT","MLN_USD","A","1988",114.844876,
"CAN","OOF","TOT","MLN_USD","A","1989",569.02622,
"CAN","OOF","TOT","MLN_USD","A","1990",769.280797,
"CAN","OOF","TOT","MLN_USD","A","1991",744.88774,
"CAN","OOF","TOT","MLN_USD","A","1992",743.194951,
"CAN","OOF","TOT","MLN_USD","A","1993",501.882855,
"CAN","OOF","TOT","MLN_USD","A","1994",1190.230901,
"CAN","OOF","TOT","MLN_USD","A","1995",482.418982,
"CAN","OOF","TOT","MLN_USD","A","1996",755.187603,
"CAN","OOF","TOT","MLN_USD","A","1997",1633.913853,
"CAN","OOF","TOT","MLN_USD","A","1998",3152.294336,
"CAN","OOF","TOT","MLN_USD","A","1999",1086.612361,
"CAN","OOF","TOT","MLN_USD","A","2000",7.530297,
"CAN","OOF","TOT","MLN_USD","A","2001",-157.081043,
"CAN","OOF","TOT","MLN_USD","A","2002",-682.116339,
"CAN","OOF","TOT","MLN_USD","A","2003",-497.637887,
"CAN","OOF","TOT","MLN_USD","A","2004",-992.295849,
"CAN","OOF","TOT","MLN_USD","A","2005",-602.924439,
"CAN","OOF","TOT","MLN_USD","A","2006",366.762999,
"CAN","OOF","TOT","MLN_USD","A","2007",-4.000529,
"CAN","OOF","TOT","MLN_USD","A","2008",1452.207808,
"CAN","OOF","TOT","MLN_USD","A","2009",-1122.352684,
"CAN","OOF","TOT","MLN_USD","A","2010",1169.231182,
"CAN","OOF","TOT","MLN_USD","A","2011",266.092369,
"CAN","OOF","TOT","MLN_USD","A","2012",143.378466,
"CAN","OOF","TOT","MLN_USD","A","2013",346.145298,
"CAN","OOF","TOT","MLN_USD","A","2014",471.234378,
"CAN","OOF","TOT","MLN_USD","A","2015",557.46,
"DNK","OOF","TOT","MLN_USD","A","1960",3.055687,
"DNK","OOF","TOT","MLN_USD","A","1962",-0.95162,
"DNK","OOF","TOT","MLN_USD","A","1963",10.941812,
"DNK","OOF","TOT","MLN_USD","A","1964",6.862143,
"DNK","OOF","TOT","MLN_USD","A","1966",46.349569,
"DNK","OOF","TOT","MLN_USD","A","1967",17.947739,
"DNK","OOF","TOT","MLN_USD","A","1969",4.278205,
"DNK","OOF","TOT","MLN_USD","A","1970",-19.885888,
"DNK","OOF","TOT","MLN_USD","A","1971",14.846657,
"DNK","OOF","TOT","MLN_USD","A","1972",16.910758,
"DNK","OOF","TOT","MLN_USD","A","1973",5.872751,
"DNK","OOF","TOT","MLN_USD","A","1974",11.209774,
"DNK","OOF","TOT","MLN_USD","A","1975",9.582594,
"DNK","OOF","TOT","MLN_USD","A","1976",110.432692,
"DNK","OOF","TOT","MLN_USD","A","1977",289.836016,
"DNK","OOF","TOT","MLN_USD","A","1978",319.919459,
"DNK","OOF","TOT","MLN_USD","A","1979",310.866701,
"DNK","OOF","TOT","MLN_USD","A","1980",297.075939,
"DNK","OOF","TOT","MLN_USD","A","1981",530.996343,
"DNK","OOF","TOT","MLN_USD","A","1982",446.809486,
"DNK","OOF","TOT","MLN_USD","A","1983",528.360705,
"DNK","OOF","TOT","MLN_USD","A","1984",637.401499,
"DNK","OOF","TOT","MLN_USD","A","1985",225.231352,
"DNK","OOF","TOT","MLN_USD","A","1986",-295.895501,
"DNK","OOF","TOT","MLN_USD","A","1987",-143.15709,
"DNK","OOF","TOT","MLN_USD","A","1988",-245.960534,
"DNK","OOF","TOT","MLN_USD","A","1989",-182.306804,
"DNK","OOF","TOT","MLN_USD","A","1990",44.528584,
"DNK","OOF","TOT","MLN_USD","A","1991",35.921886,
"DNK","OOF","TOT","MLN_USD","A","1992",-124.592694,
"DNK","OOF","TOT","MLN_USD","A","1993",-16.971776,
"DNK","OOF","TOT","MLN_USD","A","1994",-104.473876,
"DNK","OOF","TOT","MLN_USD","A","1995",184.234391,
"DNK","OOF","TOT","MLN_USD","A","1996",-59.602126,
"DNK","OOF","TOT","MLN_USD","A","1997",199.136261,
"DNK","OOF","TOT","MLN_USD","A","1998",177.213864,
"DNK","OOF","TOT","MLN_USD","A","1999",-269.858131,
"DNK","OOF","TOT","MLN_USD","A","2000",-4.19354,
"DNK","OOF","TOT","MLN_USD","A","2001",-6.368872,
"DNK","OOF","TOT","MLN_USD","A","2002",-4.910977,
"DNK","OOF","TOT","MLN_USD","A","2003",50.339728,
"DNK","OOF","TOT","MLN_USD","A","2004",22.484244,
"DNK","OOF","TOT","MLN_USD","A","2005",-8.709827,
"DNK","OOF","TOT","MLN_USD","A","2006",-79.802932,
"DNK","OOF","TOT","MLN_USD","A","2007",-84.023345,
"DNK","OOF","TOT","MLN_USD","A","2008",-71.204311,
"DNK","OOF","TOT","MLN_USD","A","2009",201.758531,
"DNK","OOF","TOT","MLN_USD","A","2010",-29.837262,
"DNK","OOF","TOT","MLN_USD","A","2011",37.664421,
"DNK","OOF","TOT","MLN_USD","A","2012",-107.278067,
"DNK","OOF","TOT","MLN_USD","A","2013",95.713772,
"DNK","OOF","TOT","MLN_USD","A","2014",-89.534657,
"DNK","OOF","TOT","MLN_USD","A","2015",112.55,
"FIN","OOF","TOT","MLN_USD","A","1961",6.391626,
"FIN","OOF","TOT","MLN_USD","A","1964",7.838631,
"FIN","OOF","TOT","MLN_USD","A","1965",-18.657559,
"FIN","OOF","TOT","MLN_USD","A","1967",2.829305,
"FIN","OOF","TOT","MLN_USD","A","1968",21.686698,
"FIN","OOF","TOT","MLN_USD","A","1969",56.487488,
"FIN","OOF","TOT","MLN_USD","A","1970",13.614035,
"FIN","OOF","TOT","MLN_USD","A","1971",15.967903,
"FIN","OOF","TOT","MLN_USD","A","1972",77.087178,
"FIN","OOF","TOT","MLN_USD","A","1973",-45.829657,
"FIN","OOF","TOT","MLN_USD","A","1974",-4.709744,
"FIN","OOF","TOT","MLN_USD","A","1975",-4.557177,
"FIN","OOF","TOT","MLN_USD","A","1976",-0.314071,
"FIN","OOF","TOT","MLN_USD","A","1977",-12.836526,
"FIN","OOF","TOT","MLN_USD","A","1978",-12.141865,
"FIN","OOF","TOT","MLN_USD","A","1979",-4.680986,
"FIN","OOF","TOT","MLN_USD","A","1980",12.236073,
"FIN","OOF","TOT","MLN_USD","A","1981",-3.627417,
"FIN","OOF","TOT","MLN_USD","A","1982",-1.597663,
"FIN","OOF","TOT","MLN_USD","A","1983",3.898746,
"FIN","OOF","TOT","MLN_USD","A","1984",231.65128,
"FIN","OOF","TOT","MLN_USD","A","1985",84.181962,
"FIN","OOF","TOT","MLN_USD","A","1986",18.453821,
"FIN","OOF","TOT","MLN_USD","A","1987",-27.881138,
"FIN","OOF","TOT","MLN_USD","A","1988",26.363486,
"FIN","OOF","TOT","MLN_USD","A","1992",249.94713,
"FIN","OOF","TOT","MLN_USD","A","1993",4.477356,
"FIN","OOF","TOT","MLN_USD","A","1994",95.462058,
"FIN","OOF","TOT","MLN_USD","A","1995",230.076791,
"FIN","OOF","TOT","MLN_USD","A","1996",292.735876,
"FIN","OOF","TOT","MLN_USD","A","1997",78.327037,
"FIN","OOF","TOT","MLN_USD","A","1998",73.759685,
"FIN","OOF","TOT","MLN_USD","A","1999",192.091324,
"FIN","OOF","TOT","MLN_USD","A","2000",3.361624,
"FIN","OOF","TOT","MLN_USD","A","2001",7.941131,
"FIN","OOF","TOT","MLN_USD","A","2002",4.835926,
"FIN","OOF","TOT","MLN_USD","A","2003",8.574923,
"FIN","OOF","TOT","MLN_USD","A","2004",-3.065053,
"FIN","OOF","TOT","MLN_USD","A","2007",92.203669,
"FIN","OOF","TOT","MLN_USD","A","2008",19.657099,
"FIN","OOF","TOT","MLN_USD","A","2009",122.183565,
"FIN","OOF","TOT","MLN_USD","A","2010",40.498694,
"FIN","OOF","TOT","MLN_USD","A","2011",952.032862,
"FIN","OOF","TOT","MLN_USD","A","2012",10.164439,
"FIN","OOF","TOT","MLN_USD","A","2013",-26.680145,
"FIN","OOF","TOT","MLN_USD","A","2014",9.337909,
"FIN","OOF","TOT","MLN_USD","A","2015",21,
"FRA","OOF","TOT","MLN_USD","A","1960",209.380008,
"FRA","OOF","TOT","MLN_USD","A","1961",326.34722,
"FRA","OOF","TOT","MLN_USD","A","1962",242.561733,
"FRA","OOF","TOT","MLN_USD","A","1963",223.71077,
"FRA","OOF","TOT","MLN_USD","A","1964",195.413969,
"FRA","OOF","TOT","MLN_USD","A","1965",223.633826,
"FRA","OOF","TOT","MLN_USD","A","1966",140.521832,
"FRA","OOF","TOT","MLN_USD","A","1967",110.922785,
"FRA","OOF","TOT","MLN_USD","A","1968",126.628841,
"FRA","OOF","TOT","MLN_USD","A","1969",21.147018,
"FRA","OOF","TOT","MLN_USD","A","1970",170.538572,
"FRA","OOF","TOT","MLN_USD","A","1971",287.687046,
"FRA","OOF","TOT","MLN_USD","A","1972",106.352142,
"FRA","OOF","TOT","MLN_USD","A","1973",311.456037,
"FRA","OOF","TOT","MLN_USD","A","1974",739.042156,
"FRA","OOF","TOT","MLN_USD","A","1975",1015.401112,
"FRA","OOF","TOT","MLN_USD","A","1976",788.972057,
"FRA","OOF","TOT","MLN_USD","A","1977",456.547716,
"FRA","OOF","TOT","MLN_USD","A","1978",1126.20073,
"FRA","OOF","TOT","MLN_USD","A","1979",494.017478,
"FRA","OOF","TOT","MLN_USD","A","1980",848.012022,
"FRA","OOF","TOT","MLN_USD","A","1981",529.775317,
"FRA","OOF","TOT","MLN_USD","A","1982",655.604904,
"FRA","OOF","TOT","MLN_USD","A","1983",938.434394,
"FRA","OOF","TOT","MLN_USD","A","1984",2772.736811,
"FRA","OOF","TOT","MLN_USD","A","1985",2095.737953,
"FRA","OOF","TOT","MLN_USD","A","1986",1276.309982,
"FRA","OOF","TOT","MLN_USD","A","1987",2840.689117,
"FRA","OOF","TOT","MLN_USD","A","1988",946.207168,
"FRA","OOF","TOT","MLN_USD","A","1989",1461.53663,
"FRA","OOF","TOT","MLN_USD","A","1990",837.772758,
"FRA","OOF","TOT","MLN_USD","A","1991",1085.399629,
"FRA","OOF","TOT","MLN_USD","A","1992",675.737032,
"FRA","OOF","TOT","MLN_USD","A","1993",318.688746,
"FRA","OOF","TOT","MLN_USD","A","1994",166.274512,
"FRA","OOF","TOT","MLN_USD","A","1995",47.332088,
"FRA","OOF","TOT","MLN_USD","A","1996",-315.795052,
"FRA","OOF","TOT","MLN_USD","A","1997",118.174183,
"FRA","OOF","TOT","MLN_USD","A","1998",-240.322345,
"FRA","OOF","TOT","MLN_USD","A","1999",-4.489549,
"FRA","OOF","TOT","MLN_USD","A","2000",20.984077,
"FRA","OOF","TOT","MLN_USD","A","2001",-58.575684,
"FRA","OOF","TOT","MLN_USD","A","2002",891.510762,
"FRA","OOF","TOT","MLN_USD","A","2003",3225.324902,
"FRA","OOF","TOT","MLN_USD","A","2004",-222.157832,
"FRA","OOF","TOT","MLN_USD","A","2005",-1401.412272,
"FRA","OOF","TOT","MLN_USD","A","2006",-2288.322988,
"FRA","OOF","TOT","MLN_USD","A","2007",-1030.465173,
"FRA","OOF","TOT","MLN_USD","A","2008",-185.268932,
"FRA","OOF","TOT","MLN_USD","A","2009",246.742214,
"FRA","OOF","TOT","MLN_USD","A","2010",-499.495352,
"FRA","OOF","TOT","MLN_USD","A","2011",-58.096091,
"FRA","OOF","TOT","MLN_USD","A","2012",-464.844699,
"FRA","OOF","TOT","MLN_USD","A","2013",566.804779,
"FRA","OOF","TOT","MLN_USD","A","2014",569.951189,
"FRA","OOF","TOT","MLN_USD","A","2015",392.99,
"DEU","OOF","TOT","MLN_USD","A","1960",1375.835756,
"DEU","OOF","TOT","MLN_USD","A","1961",2488.278638,
"DEU","OOF","TOT","MLN_USD","A","1962",579.30151,
"DEU","OOF","TOT","MLN_USD","A","1963",419.597258,
"DEU","OOF","TOT","MLN_USD","A","1964",-318.441927,
"DEU","OOF","TOT","MLN_USD","A","1965",129.432506,
"DEU","OOF","TOT","MLN_USD","A","1966",551.636677,
"DEU","OOF","TOT","MLN_USD","A","1967",309.361809,
"DEU","OOF","TOT","MLN_USD","A","1968",304.402287,
"DEU","OOF","TOT","MLN_USD","A","1969",-389.3178,
"DEU","OOF","TOT","MLN_USD","A","1970",856.976534,
"DEU","OOF","TOT","MLN_USD","A","1971",947.987939,
"DEU","OOF","TOT","MLN_USD","A","1972",746.202878,
"DEU","OOF","TOT","MLN_USD","A","1973",904.643858,
"DEU","OOF","TOT","MLN_USD","A","1974",342.006635,
"DEU","OOF","TOT","MLN_USD","A","1975",29.278646,
"DEU","OOF","TOT","MLN_USD","A","1976",136.254634,
"DEU","OOF","TOT","MLN_USD","A","1977",171.986269,
"DEU","OOF","TOT","MLN_USD","A","1978",519.416456,
"DEU","OOF","TOT","MLN_USD","A","1979",230.170383,
"DEU","OOF","TOT","MLN_USD","A","1980",1229.116668,
"DEU","OOF","TOT","MLN_USD","A","1981",1555.271456,
"DEU","OOF","TOT","MLN_USD","A","1982",1291.700203,
"DEU","OOF","TOT","MLN_USD","A","1983",1465.429618,
"DEU","OOF","TOT","MLN_USD","A","1984",2641.320386,
"DEU","OOF","TOT","MLN_USD","A","1985",2466.189252,
"DEU","OOF","TOT","MLN_USD","A","1986",2180.439943,
"DEU","OOF","TOT","MLN_USD","A","1987",2265.676334,
"DEU","OOF","TOT","MLN_USD","A","1988",1945.575977,
"DEU","OOF","TOT","MLN_USD","A","1989",1612.208195,
"DEU","OOF","TOT","MLN_USD","A","1990",2762.939905,
"DEU","OOF","TOT","MLN_USD","A","1991",2464.058704,
"DEU","OOF","TOT","MLN_USD","A","1992",546.379152,
"DEU","OOF","TOT","MLN_USD","A","1993",2198.666706,
"DEU","OOF","TOT","MLN_USD","A","1994",4077.822093,
"DEU","OOF","TOT","MLN_USD","A","1995",876.872125,
"DEU","OOF","TOT","MLN_USD","A","1996",202.27713,
"DEU","OOF","TOT","MLN_USD","A","1997",-576.507672,
"DEU","OOF","TOT","MLN_USD","A","1998",-387.810274,
"DEU","OOF","TOT","MLN_USD","A","1999",-224.88266,
"DEU","OOF","TOT","MLN_USD","A","2000",-664.458509,
"DEU","OOF","TOT","MLN_USD","A","2001",-981.498517,
"DEU","OOF","TOT","MLN_USD","A","2002",5151.560512,
"DEU","OOF","TOT","MLN_USD","A","2003",-4078.3836,
"DEU","OOF","TOT","MLN_USD","A","2004",-1082.02308,
"DEU","OOF","TOT","MLN_USD","A","2005",7215.01117,
"DEU","OOF","TOT","MLN_USD","A","2006",-5782.898349,
"DEU","OOF","TOT","MLN_USD","A","2007",-2298.797592,
"DEU","OOF","TOT","MLN_USD","A","2008",-395.660682,
"DEU","OOF","TOT","MLN_USD","A","2009",163.061143,
"DEU","OOF","TOT","MLN_USD","A","2010",-371.01107,
"DEU","OOF","TOT","MLN_USD","A","2011",-351.329682,
"DEU","OOF","TOT","MLN_USD","A","2012",-772.73779,
"DEU","OOF","TOT","MLN_USD","A","2013",-317.61229,
"DEU","OOF","TOT","MLN_USD","A","2014",264.770589,
"DEU","OOF","TOT","MLN_USD","A","2015",1516.36,
"GRC","OOF","TOT","MLN_USD","A","1997",15.216234,
"GRC","OOF","TOT","MLN_USD","A","1998",12.013135,
"GRC","OOF","TOT","MLN_USD","A","1999",1.020649,
"GRC","OOF","TOT","MLN_USD","A","2000",3.826187,
"GRC","OOF","TOT","MLN_USD","A","2004",3.549121,
"GRC","OOF","TOT","MLN_USD","A","2006",7.677661,
"GRC","OOF","TOT","MLN_USD","A","2007",2.935568,
"GRC","OOF","TOT","MLN_USD","A","2008",0.824124,
"ITA","OOF","TOT","MLN_USD","A","1960",332.183456,
"ITA","OOF","TOT","MLN_USD","A","1961",232.369967,
"ITA","OOF","TOT","MLN_USD","A","1962",329.853608,
"ITA","OOF","TOT","MLN_USD","A","1963",80.292468,
"ITA","OOF","TOT","MLN_USD","A","1964",-68.359955,
"ITA","OOF","TOT","MLN_USD","A","1965",293.647951,
"ITA","OOF","TOT","MLN_USD","A","1966",316.538055,
"ITA","OOF","TOT","MLN_USD","A","1967",10.287906,
"ITA","OOF","TOT","MLN_USD","A","1968",28.978636,
"ITA","OOF","TOT","MLN_USD","A","1969",61.093577,
"ITA","OOF","TOT","MLN_USD","A","1970",221.147831,
"ITA","OOF","TOT","MLN_USD","A","1971",840.254693,
"ITA","OOF","TOT","MLN_USD","A","1972",913.237912,
"ITA","OOF","TOT","MLN_USD","A","1973",1865.988678,
"ITA","OOF","TOT","MLN_USD","A","1974",142.49337,
"ITA","OOF","TOT","MLN_USD","A","1975",646.69286,
"ITA","OOF","TOT","MLN_USD","A","1976",1709.06033,
"ITA","OOF","TOT","MLN_USD","A","1977",907.137065,
"ITA","OOF","TOT","MLN_USD","A","1978",834.980434,
"ITA","OOF","TOT","MLN_USD","A","1979",1434.662714,
"ITA","OOF","TOT","MLN_USD","A","1980",1276.626145,
"ITA","OOF","TOT","MLN_USD","A","1981",1544.187981,
"ITA","OOF","TOT","MLN_USD","A","1982",1787.426877,
"ITA","OOF","TOT","MLN_USD","A","1983",1676.156362,
"ITA","OOF","TOT","MLN_USD","A","1984",1852.110652,
"ITA","OOF","TOT","MLN_USD","A","1985",2253.024177,
"ITA","OOF","TOT","MLN_USD","A","1986",1644.624266,
"ITA","OOF","TOT","MLN_USD","A","1987",2272.811191,
"ITA","OOF","TOT","MLN_USD","A","1988",778.809892,
"ITA","OOF","TOT","MLN_USD","A","1989",1834.096856,
"ITA","OOF","TOT","MLN_USD","A","1990",1706.81461,
"ITA","OOF","TOT","MLN_USD","A","1991",1099.382033,
"ITA","OOF","TOT","MLN_USD","A","1992",1469.700805,
"ITA","OOF","TOT","MLN_USD","A","1993",1397.451197,
"ITA","OOF","TOT","MLN_USD","A","1994",1012.284804,
"ITA","OOF","TOT","MLN_USD","A","1995",1457.138897,
"ITA","OOF","TOT","MLN_USD","A","1996",2529.133679,
"ITA","OOF","TOT","MLN_USD","A","1997",1322.726966,
"ITA","OOF","TOT","MLN_USD","A","1998",-285.335538,
"ITA","OOF","TOT","MLN_USD","A","1999",26.562663,
"ITA","OOF","TOT","MLN_USD","A","2000",-165.266688,
"ITA","OOF","TOT","MLN_USD","A","2001",87.062783,
"ITA","OOF","TOT","MLN_USD","A","2002",-542.655157,
"ITA","OOF","TOT","MLN_USD","A","2003",-338.436011,
"ITA","OOF","TOT","MLN_USD","A","2004",532.929324,
"ITA","OOF","TOT","MLN_USD","A","2005",-1161.39607,
"ITA","OOF","TOT","MLN_USD","A","2006",-959.722093,
"ITA","OOF","TOT","MLN_USD","A","2007",-234.102343,
"ITA","OOF","TOT","MLN_USD","A","2008",339.250616,
"ITA","OOF","TOT","MLN_USD","A","2009",-60.833795,
"ITA","OOF","TOT","MLN_USD","A","2010",-133.431122,
"ITA","OOF","TOT","MLN_USD","A","2011",-177.546355,
"ITA","OOF","TOT","MLN_USD","A","2012",173.937678,
"ITA","OOF","TOT","MLN_USD","A","2013",136.477006,
"ITA","OOF","TOT","MLN_USD","A","2014",80.728828,
"ITA","OOF","TOT","MLN_USD","A","2015",43.04,
"JPN","OOF","TOT","MLN_USD","A","1960",436.70948,
"JPN","OOF","TOT","MLN_USD","A","1961",1200.441881,
"JPN","OOF","TOT","MLN_USD","A","1962",837.644914,
"JPN","OOF","TOT","MLN_USD","A","1963",345.468483,
"JPN","OOF","TOT","MLN_USD","A","1964",864.37052,
"JPN","OOF","TOT","MLN_USD","A","1965",947.732181,
"JPN","OOF","TOT","MLN_USD","A","1966",1501.675021,
"JPN","OOF","TOT","MLN_USD","A","1967",1549.251476,
"JPN","OOF","TOT","MLN_USD","A","1968",2217.334382,
"JPN","OOF","TOT","MLN_USD","A","1969",2608.412039,
"JPN","OOF","TOT","MLN_USD","A","1970",4502.217486,
"JPN","OOF","TOT","MLN_USD","A","1971",3905.28325,
"JPN","OOF","TOT","MLN_USD","A","1972",4294.083766,
"JPN","OOF","TOT","MLN_USD","A","1973",4623.102461,
"JPN","OOF","TOT","MLN_USD","A","1974",2752.168364,
"JPN","OOF","TOT","MLN_USD","A","1975",4534.209584,
"JPN","OOF","TOT","MLN_USD","A","1976",4083.26997,
"JPN","OOF","TOT","MLN_USD","A","1977",4215.245462,
"JPN","OOF","TOT","MLN_USD","A","1978",4189.285251,
"JPN","OOF","TOT","MLN_USD","A","1979",414.653271,
"JPN","OOF","TOT","MLN_USD","A","1980",2860.554182,
"JPN","OOF","TOT","MLN_USD","A","1981",5516.474623,
"JPN","OOF","TOT","MLN_USD","A","1982",5912.610277,
"JPN","OOF","TOT","MLN_USD","A","1983",3746.777023,
"JPN","OOF","TOT","MLN_USD","A","1984",1400.31943,
"JPN","OOF","TOT","MLN_USD","A","1985",-565.913582,
"JPN","OOF","TOT","MLN_USD","A","1986",-941.666144,
"JPN","OOF","TOT","MLN_USD","A","1987",-2019.667399,
"JPN","OOF","TOT","MLN_USD","A","1988",-630.774929,
"JPN","OOF","TOT","MLN_USD","A","1989",1604.947915,
"JPN","OOF","TOT","MLN_USD","A","1990",3591.196781,
"JPN","OOF","TOT","MLN_USD","A","1991",2492.67519,
"JPN","OOF","TOT","MLN_USD","A","1992",2923.961921,
"JPN","OOF","TOT","MLN_USD","A","1993",3005.813355,
"JPN","OOF","TOT","MLN_USD","A","1994",2319.210908,
"JPN","OOF","TOT","MLN_USD","A","1995",3693.122567,
"JPN","OOF","TOT","MLN_USD","A","1996",733.227499,
"JPN","OOF","TOT","MLN_USD","A","1997",3403.739677,
"JPN","OOF","TOT","MLN_USD","A","1998",10013.836165,
"JPN","OOF","TOT","MLN_USD","A","1999",7765.919591,
"JPN","OOF","TOT","MLN_USD","A","2000",-3946.709942,
"JPN","OOF","TOT","MLN_USD","A","2001",-1561.43208,
"JPN","OOF","TOT","MLN_USD","A","2002",-3933.968492,
"JPN","OOF","TOT","MLN_USD","A","2003",-1892.295385,
"JPN","OOF","TOT","MLN_USD","A","2004",-1974.533941,
"JPN","OOF","TOT","MLN_USD","A","2005",-2078.326145,
"JPN","OOF","TOT","MLN_USD","A","2006",2237.969523,
"JPN","OOF","TOT","MLN_USD","A","2007",198.281931,
"JPN","OOF","TOT","MLN_USD","A","2008",-1657.524473,
"JPN","OOF","TOT","MLN_USD","A","2009",6256.114773,
"JPN","OOF","TOT","MLN_USD","A","2010",2662.181815,
"JPN","OOF","TOT","MLN_USD","A","2011",1953.93819,
"JPN","OOF","TOT","MLN_USD","A","2012",3666.319659,
"JPN","OOF","TOT","MLN_USD","A","2013",1074.99644,
"JPN","OOF","TOT","MLN_USD","A","2014",-801.846102,
"JPN","OOF","TOT","MLN_USD","A","2015",-1055.06,
"KOR","OOF","TOT","MLN_USD","A","1987",-152.362002,
"KOR","OOF","TOT","MLN_USD","A","1988",83.569127,
"KOR","OOF","TOT","MLN_USD","A","1989",215.820018,
"KOR","OOF","TOT","MLN_USD","A","1990",173.433229,
"KOR","OOF","TOT","MLN_USD","A","1991",-324.885473,
"KOR","OOF","TOT","MLN_USD","A","1992",-211.823425,
"KOR","OOF","TOT","MLN_USD","A","1993",39.948342,
"KOR","OOF","TOT","MLN_USD","A","1994",1161.423288,
"KOR","OOF","TOT","MLN_USD","A","1995",627.462555,
"KOR","OOF","TOT","MLN_USD","A","1996",12.58281,
"KOR","OOF","TOT","MLN_USD","A","1997",210.931029,
"KOR","OOF","TOT","MLN_USD","A","1998",-1025.286732,
"KOR","OOF","TOT","MLN_USD","A","1999",-467.653631,
"KOR","OOF","TOT","MLN_USD","A","2000",-950.562031,
"KOR","OOF","TOT","MLN_USD","A","2001",-303.989313,
"KOR","OOF","TOT","MLN_USD","A","2002",328.318136,
"KOR","OOF","TOT","MLN_USD","A","2003",20.959737,
"KOR","OOF","TOT","MLN_USD","A","2004",363.986217,
"KOR","OOF","TOT","MLN_USD","A","2005",781.111969,
"KOR","OOF","TOT","MLN_USD","A","2006",1032.063867,
"KOR","OOF","TOT","MLN_USD","A","2007",966.817806,
"KOR","OOF","TOT","MLN_USD","A","2008",2123.081943,
"KOR","OOF","TOT","MLN_USD","A","2009",559.31792,
"KOR","OOF","TOT","MLN_USD","A","2010",2059.862388,
"KOR","OOF","TOT","MLN_USD","A","2011",2295.035832,
"KOR","OOF","TOT","MLN_USD","A","2012",1208.945763,
"KOR","OOF","TOT","MLN_USD","A","2013",1308.528736,
"KOR","OOF","TOT","MLN_USD","A","2014",2079.43124,
"KOR","OOF","TOT","MLN_USD","A","2015",3114.68,
"LUX","OOF","TOT","MLN_USD","A","1987",5.70804,
"LUX","OOF","TOT","MLN_USD","A","1989",6.467587,
"NLD","OOF","TOT","MLN_USD","A","1968",92.874602,
"NLD","OOF","TOT","MLN_USD","A","1969",52.653362,
"NLD","OOF","TOT","MLN_USD","A","1970",105.37544,
"NLD","OOF","TOT","MLN_USD","A","1971",18.32188,
"NLD","OOF","TOT","MLN_USD","A","1972",29.323174,
"NLD","OOF","TOT","MLN_USD","A","1973",64.843144,
"NLD","OOF","TOT","MLN_USD","A","1974",32.668396,
"NLD","OOF","TOT","MLN_USD","A","1975",-5.036513,
"NLD","OOF","TOT","MLN_USD","A","1976",12.428724,
"NLD","OOF","TOT","MLN_USD","A","1977",6.223866,
"NLD","OOF","TOT","MLN_USD","A","1978",46.474526,
"NLD","OOF","TOT","MLN_USD","A","1979",4.536639,
"NLD","OOF","TOT","MLN_USD","A","1980",57.560487,
"NLD","OOF","TOT","MLN_USD","A","1981",32.597701,
"NLD","OOF","TOT","MLN_USD","A","1982",53.870676,
"NLD","OOF","TOT","MLN_USD","A","1983",68.643996,
"NLD","OOF","TOT","MLN_USD","A","1984",14.924428,
"NLD","OOF","TOT","MLN_USD","A","1985",42.11005,
"NLD","OOF","TOT","MLN_USD","A","1986",11.56814,
"NLD","OOF","TOT","MLN_USD","A","1987",6.784345,
"NLD","OOF","TOT","MLN_USD","A","1988",6.533576,
"NLD","OOF","TOT","MLN_USD","A","1989",-0.05187,
"NLD","OOF","TOT","MLN_USD","A","1990",72.79021,
"NLD","OOF","TOT","MLN_USD","A","1991",64.944743,
"NLD","OOF","TOT","MLN_USD","A","1992",122.471794,
"NLD","OOF","TOT","MLN_USD","A","1993",134.916065,
"NLD","OOF","TOT","MLN_USD","A","1994",64.632449,
"NLD","OOF","TOT","MLN_USD","A","1995",104.066773,
"NLD","OOF","TOT","MLN_USD","A","1996",67.832304,
"NLD","OOF","TOT","MLN_USD","A","1997",-260.49421,
"NLD","OOF","TOT","MLN_USD","A","1998",339.16157,
"NLD","OOF","TOT","MLN_USD","A","1999",-11.57341,
"NLD","OOF","TOT","MLN_USD","A","2000",58.159941,
"NLD","OOF","TOT","MLN_USD","A","2001",63.513419,
"NLD","OOF","TOT","MLN_USD","A","2002",318.766566,
"NLD","OOF","TOT","MLN_USD","A","2003",1022.816306,
"NLD","OOF","TOT","MLN_USD","A","2004",153.774702,
"NLD","OOF","TOT","MLN_USD","A","2005",152.461843,
"NLD","OOF","TOT","MLN_USD","A","2006",331.793156,
"NZL","OOF","TOT","MLN_USD","A","1968",20.431629,
"NZL","OOF","TOT","MLN_USD","A","1969",50.266026,
"NZL","OOF","TOT","MLN_USD","A","1970",72.205389,
"NZL","OOF","TOT","MLN_USD","A","1971",52.090459,
"NZL","OOF","TOT","MLN_USD","A","1972",33.498694,
"NZL","OOF","TOT","MLN_USD","A","1973",19.957857,
"NZL","OOF","TOT","MLN_USD","A","1977",40.542324,
"NZL","OOF","TOT","MLN_USD","A","1978",49.146185,
"NZL","OOF","TOT","MLN_USD","A","1979",0.986351,
"NZL","OOF","TOT","MLN_USD","A","1980",8.647962,
"NZL","OOF","TOT","MLN_USD","A","1981",2.03805,
"NZL","OOF","TOT","MLN_USD","A","1982",-3.045584,
"NZL","OOF","TOT","MLN_USD","A","1983",0.062299,
"NZL","OOF","TOT","MLN_USD","A","1984",1.005846,
"NZL","OOF","TOT","MLN_USD","A","1985",3.825399,
"NZL","OOF","TOT","MLN_USD","A","1986",2.88478,
"NZL","OOF","TOT","MLN_USD","A","1987",1.439233,
"NZL","OOF","TOT","MLN_USD","A","1988",3.147688,
"NZL","OOF","TOT","MLN_USD","A","1989",2.997858,
"NZL","OOF","TOT","MLN_USD","A","2002",4.472742,
"NZL","OOF","TOT","MLN_USD","A","2003",4.673083,
"NZL","OOF","TOT","MLN_USD","A","2004",7.037765,
"NZL","OOF","TOT","MLN_USD","A","2005",8.670638,
"NZL","OOF","TOT","MLN_USD","A","2006",9.649408,
"NZL","OOF","TOT","MLN_USD","A","2007",9.059692,
"NZL","OOF","TOT","MLN_USD","A","2008",9.340677,
"NZL","OOF","TOT","MLN_USD","A","2009",9.376874,
"NZL","OOF","TOT","MLN_USD","A","2010",8.688974,
"NZL","OOF","TOT","MLN_USD","A","2011",8.930578,
"NZL","OOF","TOT","MLN_USD","A","2012",10.2118,
"NZL","OOF","TOT","MLN_USD","A","2013",9.653867,
"NZL","OOF","TOT","MLN_USD","A","2014",13.833456,
"NZL","OOF","TOT","MLN_USD","A","2015",15.86,
"NOR","OOF","TOT","MLN_USD","A","1960",63.29916,
"NOR","OOF","TOT","MLN_USD","A","1961",27.721254,
"NOR","OOF","TOT","MLN_USD","A","1962",-4.807695,
"NOR","OOF","TOT","MLN_USD","A","1963",124.589539,
"NOR","OOF","TOT","MLN_USD","A","1964",83.487014,
"NOR","OOF","TOT","MLN_USD","A","1965",5.306741,
"NOR","OOF","TOT","MLN_USD","A","1966",-10.207498,
"NOR","OOF","TOT","MLN_USD","A","1967",9.913302,
"NOR","OOF","TOT","MLN_USD","A","1968",-22.760407,
"NOR","OOF","TOT","MLN_USD","A","1969",75.103144,
"NOR","OOF","TOT","MLN_USD","A","1971",7.632496,
"NOR","OOF","TOT","MLN_USD","A","1972",12.679747,
"NOR","OOF","TOT","MLN_USD","A","1974",-7.276022,
"NOR","OOF","TOT","MLN_USD","A","1975",-19.685596,
"NOR","OOF","TOT","MLN_USD","A","1976",15.516136,
"NOR","OOF","TOT","MLN_USD","A","1977",7.487748,
"NOR","OOF","TOT","MLN_USD","A","1978",2.500504,
"NOR","OOF","TOT","MLN_USD","A","1979",32.435244,
"NOR","OOF","TOT","MLN_USD","A","1980",68.782879,
"NOR","OOF","TOT","MLN_USD","A","1981",109.712192,
"NOR","OOF","TOT","MLN_USD","A","1982",135.634126,
"NOR","OOF","TOT","MLN_USD","A","1983",111.682281,
"NOR","OOF","TOT","MLN_USD","A","1984",75.036479,
"NOR","OOF","TOT","MLN_USD","A","1985",39.723909,
"NOR","OOF","TOT","MLN_USD","A","1986",19.012646,
"NOR","OOF","TOT","MLN_USD","A","1987",-9.880801,
"NOR","OOF","TOT","MLN_USD","A","1988",-23.536865,
"NOR","OOF","TOT","MLN_USD","A","1989",-41.708088,
"NOR","OOF","TOT","MLN_USD","A","1990",-24.553958,
"NOR","OOF","TOT","MLN_USD","A","1991",33.844217,
"NOR","OOF","TOT","MLN_USD","A","1992",-1.092855,
"NOR","OOF","TOT","MLN_USD","A","1993",6.562769,
"NOR","OOF","TOT","MLN_USD","A","1994",-2.217869,
"NOR","OOF","TOT","MLN_USD","A","1995",-0.689023,
"NOR","OOF","TOT","MLN_USD","A","1996",-0.919761,
"NOR","OOF","TOT","MLN_USD","A","1997",-0.262511,
"NOR","OOF","TOT","MLN_USD","A","1998",-0.26321,
"NOR","OOF","TOT","MLN_USD","A","2003",0.334527,
"NOR","OOF","TOT","MLN_USD","A","2004",0.338526,
"NOR","OOF","TOT","MLN_USD","A","2005",5.068557,
"NOR","OOF","TOT","MLN_USD","A","2006",4.963183,
"NOR","OOF","TOT","MLN_USD","A","2007",4.496689,
"NOR","OOF","TOT","MLN_USD","A","2008",0.402147,
"NOR","OOF","TOT","MLN_USD","A","2009",0.109806,
"NOR","OOF","TOT","MLN_USD","A","2010",0.548713,
"NOR","OOF","TOT","MLN_USD","A","2012",-0.152204,
"NOR","OOF","TOT","MLN_USD","A","2013",0.155334,
"NOR","OOF","TOT","MLN_USD","A","2014",-34.805664,
"NOR","OOF","TOT","MLN_USD","A","2015",284.1,
"PRT","OOF","TOT","MLN_USD","A","1989",76.50947,
"PRT","OOF","TOT","MLN_USD","A","1990",58.463877,
"PRT","OOF","TOT","MLN_USD","A","1991",51.416106,
"PRT","OOF","TOT","MLN_USD","A","1992",47.034135,
"PRT","OOF","TOT","MLN_USD","A","1993",36.885425,
"PRT","OOF","TOT","MLN_USD","A","1994",653.271143,
"PRT","OOF","TOT","MLN_USD","A","1995",16.192223,
"PRT","OOF","TOT","MLN_USD","A","1996",180.075632,
"PRT","OOF","TOT","MLN_USD","A","1997",119.541114,
"PRT","OOF","TOT","MLN_USD","A","1998",164.899521,
"PRT","OOF","TOT","MLN_USD","A","1999",157.084325,
"PRT","OOF","TOT","MLN_USD","A","2000",127.242133,
"PRT","OOF","TOT","MLN_USD","A","2001",-1.721219,
"PRT","OOF","TOT","MLN_USD","A","2002",-2.073022,
"PRT","OOF","TOT","MLN_USD","A","2003",-2.149314,
"PRT","OOF","TOT","MLN_USD","A","2004",-734.356969,
"PRT","OOF","TOT","MLN_USD","A","2005",-2.810973,
"PRT","OOF","TOT","MLN_USD","A","2006",-19.965058,
"PRT","OOF","TOT","MLN_USD","A","2007",-207.769782,
"PRT","OOF","TOT","MLN_USD","A","2011",0.526646,
"PRT","OOF","TOT","MLN_USD","A","2012",1.752246,
"PRT","OOF","TOT","MLN_USD","A","2013",2.535449,
"PRT","OOF","TOT","MLN_USD","A","2014",1.56216,
"PRT","OOF","TOT","MLN_USD","A","2015",-0.45,
"ESP","OOF","TOT","MLN_USD","A","1983",5.661677,
"ESP","OOF","TOT","MLN_USD","A","1985",135.698802,
"ESP","OOF","TOT","MLN_USD","A","1986",124.08645,
"ESP","OOF","TOT","MLN_USD","A","1994",-311.999161,
"ESP","OOF","TOT","MLN_USD","A","1995",-491.408621,
"ESP","OOF","TOT","MLN_USD","A","1998",49.789521,
"ESP","OOF","TOT","MLN_USD","A","1999",15.310284,
"ESP","OOF","TOT","MLN_USD","A","2000",5.338704,
"ESP","OOF","TOT","MLN_USD","A","2001",235.439378,
"ESP","OOF","TOT","MLN_USD","A","2002",80.02122,
"ESP","OOF","TOT","MLN_USD","A","2003",86.030781,
"ESP","OOF","TOT","MLN_USD","A","2004",25.792572,
"ESP","OOF","TOT","MLN_USD","A","2005",66.117646,
"ESP","OOF","TOT","MLN_USD","A","2007",5.263237,
"ESP","OOF","TOT","MLN_USD","A","2009",2.787557,
"ESP","OOF","TOT","MLN_USD","A","2011",3.276412,
"ESP","OOF","TOT","MLN_USD","A","2012",2.152903,
"ESP","OOF","TOT","MLN_USD","A","2013",117.849343,
"ESP","OOF","TOT","MLN_USD","A","2014",3.15095,
"ESP","OOF","TOT","MLN_USD","A","2015",5.8,
"SWE","OOF","TOT","MLN_USD","A","1977",3.549328,
"SWE","OOF","TOT","MLN_USD","A","1978",43.286011,
"SWE","OOF","TOT","MLN_USD","A","1979",4.154204,
"SWE","OOF","TOT","MLN_USD","A","1981",92.515727,
"SWE","OOF","TOT","MLN_USD","A","1982",700.815293,
"SWE","OOF","TOT","MLN_USD","A","1983",679.463868,
"SWE","OOF","TOT","MLN_USD","A","1984",428.117154,
"SWE","OOF","TOT","MLN_USD","A","1985",488.106702,
"SWE","OOF","TOT","MLN_USD","A","1986",699.446113,
"SWE","OOF","TOT","MLN_USD","A","1987",3.013719,
"SWE","OOF","TOT","MLN_USD","A","1990",2.120231,
"SWE","OOF","TOT","MLN_USD","A","1991",8.325765,
"SWE","OOF","TOT","MLN_USD","A","1992",4.348868,
"SWE","OOF","TOT","MLN_USD","A","1993",3.635891,
"SWE","OOF","TOT","MLN_USD","A","1994",0,
"SWE","OOF","TOT","MLN_USD","A","1995",4.065316,
"SWE","OOF","TOT","MLN_USD","A","1996",0.021493,
"SWE","OOF","TOT","MLN_USD","A","1997",1.61563,
"SWE","OOF","TOT","MLN_USD","A","1998",16.495385,
"SWE","OOF","TOT","MLN_USD","A","1999",-0.781597,
"SWE","OOF","TOT","MLN_USD","A","2000",0.181918,
"SWE","OOF","TOT","MLN_USD","A","2001",1.803767,
"SWE","OOF","TOT","MLN_USD","A","2002",2.568355,
"SWE","OOF","TOT","MLN_USD","A","2003",-18.008619,
"SWE","OOF","TOT","MLN_USD","A","2004",-67.505313,
"SWE","OOF","TOT","MLN_USD","A","2005",-4.264433,
"SWE","OOF","TOT","MLN_USD","A","2006",-1.773807,
"SWE","OOF","TOT","MLN_USD","A","2007",-42.613116,
"SWE","OOF","TOT","MLN_USD","A","2008",27.030732,
"SWE","OOF","TOT","MLN_USD","A","2009",66.983055,
"SWE","OOF","TOT","MLN_USD","A","2010",0.045792,
"SWE","OOF","TOT","MLN_USD","A","2011",-108.716629,
"SWE","OOF","TOT","MLN_USD","A","2012",-40.835341,
"SWE","OOF","TOT","MLN_USD","A","2013",-18.733604,
"SWE","OOF","TOT","MLN_USD","A","2014",-24.243701,
"SWE","OOF","TOT","MLN_USD","A","2015",46.03,
"CHE","OOF","TOT","MLN_USD","A","1961",303.410411,
"CHE","OOF","TOT","MLN_USD","A","1965",-124.508454,
"CHE","OOF","TOT","MLN_USD","A","1966",-161.870545,
"CHE","OOF","TOT","MLN_USD","A","1967",-132.820959,
"CHE","OOF","TOT","MLN_USD","A","1968",-81.464777,
"CHE","OOF","TOT","MLN_USD","A","1969",-78.923863,
"CHE","OOF","TOT","MLN_USD","A","1970",-63.892493,
"CHE","OOF","TOT","MLN_USD","A","1971",-9.526956,
"CHE","OOF","TOT","MLN_USD","A","1972",25.138601,
"CHE","OOF","TOT","MLN_USD","A","1973",41.667913,
"CHE","OOF","TOT","MLN_USD","A","1974",67.950084,
"CHE","OOF","TOT","MLN_USD","A","1975",-24.970819,
"CHE","OOF","TOT","MLN_USD","A","1976",-13.634683,
"CHE","OOF","TOT","MLN_USD","A","1977",-20.439314,
"CHE","OOF","TOT","MLN_USD","A","1978",-7.894864,
"CHE","OOF","TOT","MLN_USD","A","1979",172.691167,
"CHE","OOF","TOT","MLN_USD","A","1980",36.720704,
"CHE","OOF","TOT","MLN_USD","A","1981",51.292755,
"CHE","OOF","TOT","MLN_USD","A","1982",21.578526,
"CHE","OOF","TOT","MLN_USD","A","1983",52.751373,
"CHE","OOF","TOT","MLN_USD","A","1984",-16.575204,
"CHE","OOF","TOT","MLN_USD","A","1985",-18.90682,
"CHE","OOF","TOT","MLN_USD","A","1986",-18.454233,
"CHE","OOF","TOT","MLN_USD","A","1987",-20.8057,
"CHE","OOF","TOT","MLN_USD","A","1988",-15.09964,
"CHE","OOF","TOT","MLN_USD","A","1989",-13.699998,
"CHE","OOF","TOT","MLN_USD","A","1990",-10.678035,
"CHE","OOF","TOT","MLN_USD","A","1991",-6.015572,
"CHE","OOF","TOT","MLN_USD","A","1992",-1.426953,
"CHE","OOF","TOT","MLN_USD","A","1998",58.667511,
"CHE","OOF","TOT","MLN_USD","A","1999",36.086789,
"CHE","OOF","TOT","MLN_USD","A","2000",14.33231,
"CHE","OOF","TOT","MLN_USD","A","2001",12.104627,
"CHE","OOF","TOT","MLN_USD","A","2002",5.604087,
"CHE","OOF","TOT","MLN_USD","A","2003",0.089649,
"CHE","OOF","TOT","MLN_USD","A","2006",23.301902,
"CHE","OOF","TOT","MLN_USD","A","2014",20.457096,
"CHE","OOF","TOT","MLN_USD","A","2015",27.01,
"TUR","OOF","TOT","MLN_USD","A","1997",397.000458,
"TUR","OOF","TOT","MLN_USD","A","1998",140.180564,
"TUR","OOF","TOT","MLN_USD","A","1999",312.864382,
"TUR","OOF","TOT","MLN_USD","A","2000",87.808948,
"TUR","OOF","TOT","MLN_USD","A","2003",56.292841,
"TUR","OOF","TOT","MLN_USD","A","2004",920.51504,
"TUR","OOF","TOT","MLN_USD","A","2005",402.440681,
"TUR","OOF","TOT","MLN_USD","A","2006",-123.356471,
"TUR","OOF","TOT","MLN_USD","A","2007",-35.473041,
"TUR","OOF","TOT","MLN_USD","A","2008",-1.954546,
"TUR","OOF","TOT","MLN_USD","A","2009",-9.468092,
"TUR","OOF","TOT","MLN_USD","A","2010",-19.908445,
"TUR","OOF","TOT","MLN_USD","A","2011",9.4987,
"TUR","OOF","TOT","MLN_USD","A","2012",45.931585,
"TUR","OOF","TOT","MLN_USD","A","2013",-10.626792,
"TUR","OOF","TOT","MLN_USD","A","2014",62.60352,
"TUR","OOF","TOT","MLN_USD","A","2015",112.78,
"GBR","OOF","TOT","MLN_USD","A","1965",115.892044,
"GBR","OOF","TOT","MLN_USD","A","1966",229.114748,
"GBR","OOF","TOT","MLN_USD","A","1967",-67.153665,
"GBR","OOF","TOT","MLN_USD","A","1968",122.021105,
"GBR","OOF","TOT","MLN_USD","A","1969",50.072131,
"GBR","OOF","TOT","MLN_USD","A","1970",73.68638,
"GBR","OOF","TOT","MLN_USD","A","1971",124.13852,
"GBR","OOF","TOT","MLN_USD","A","1972",2451.478587,
"GBR","OOF","TOT","MLN_USD","A","1973",4158.132047,
"GBR","OOF","TOT","MLN_USD","A","1974",4711.754458,
"GBR","OOF","TOT","MLN_USD","A","1975",4281.60652,
"GBR","OOF","TOT","MLN_USD","A","1976",4157.034481,
"GBR","OOF","TOT","MLN_USD","A","1977",442.260425,
"GBR","OOF","TOT","MLN_USD","A","1978",1289.074001,
"GBR","OOF","TOT","MLN_USD","A","1979",406.091982,
"GBR","OOF","TOT","MLN_USD","A","1980",-359.912441,
"GBR","OOF","TOT","MLN_USD","A","1981",786.078874,
"GBR","OOF","TOT","MLN_USD","A","1982",371.603545,
"GBR","OOF","TOT","MLN_USD","A","1983",543.038059,
"GBR","OOF","TOT","MLN_USD","A","1984",1323.514132,
"GBR","OOF","TOT","MLN_USD","A","1985",1075.673919,
"GBR","OOF","TOT","MLN_USD","A","1986",750.605268,
"GBR","OOF","TOT","MLN_USD","A","1987",523.067204,
"GBR","OOF","TOT","MLN_USD","A","1988",556.814312,
"GBR","OOF","TOT","MLN_USD","A","1989",798.761853,
"GBR","OOF","TOT","MLN_USD","A","1990",931.397717,
"GBR","OOF","TOT","MLN_USD","A","1991",723.770217,
"GBR","OOF","TOT","MLN_USD","A","1992",408.052352,
"GBR","OOF","TOT","MLN_USD","A","1993",201.98263,
"GBR","OOF","TOT","MLN_USD","A","1994",51.03803,
"GBR","OOF","TOT","MLN_USD","A","1995",305.75593,
"GBR","OOF","TOT","MLN_USD","A","1996",113.31629,
"GBR","OOF","TOT","MLN_USD","A","1997",-146.607496,
"GBR","OOF","TOT","MLN_USD","A","1998",-69.032784,
"GBR","OOF","TOT","MLN_USD","A","1999",-30.541005,
"GBR","OOF","TOT","MLN_USD","A","2000",-97.091241,
"GBR","OOF","TOT","MLN_USD","A","2001",31.840944,
"GBR","OOF","TOT","MLN_USD","A","2002",-5.024467,
"GBR","OOF","TOT","MLN_USD","A","2003",58.952113,
"GBR","OOF","TOT","MLN_USD","A","2004",-160.019592,
"GBR","OOF","TOT","MLN_USD","A","2005",-100.21239,
"GBR","OOF","TOT","MLN_USD","A","2006",-181.7867,
"GBR","OOF","TOT","MLN_USD","A","2007",-37.572867,
"GBR","OOF","TOT","MLN_USD","A","2008",-21.057125,
"GBR","OOF","TOT","MLN_USD","A","2009",325.397981,
"GBR","OOF","TOT","MLN_USD","A","2010",-20.293525,
"GBR","OOF","TOT","MLN_USD","A","2011",-40.001418,
"GBR","OOF","TOT","MLN_USD","A","2012",36.135255,
"GBR","OOF","TOT","MLN_USD","A","2013",186.101416,
"GBR","OOF","TOT","MLN_USD","A","2014",38.244588,
"USA","OOF","TOT","MLN_USD","A","1960",465.779642,
"USA","OOF","TOT","MLN_USD","A","1961",3137.845751,
"USA","OOF","TOT","MLN_USD","A","1962",1869.503606,
"USA","OOF","TOT","MLN_USD","A","1963",437.858485,
"USA","OOF","TOT","MLN_USD","A","1964",-1061.325,
"USA","OOF","TOT","MLN_USD","A","1965",402.888137,
"USA","OOF","TOT","MLN_USD","A","1966",425.058837,
"USA","OOF","TOT","MLN_USD","A","1967",1150.796223,
"USA","OOF","TOT","MLN_USD","A","1968",1587.027078,
"USA","OOF","TOT","MLN_USD","A","1969",843.71621,
"USA","OOF","TOT","MLN_USD","A","1970",666.222583,
"USA","OOF","TOT","MLN_USD","A","1971",817.815664,
"USA","OOF","TOT","MLN_USD","A","1972",911.607538,
"USA","OOF","TOT","MLN_USD","A","1973",1971.325895,
"USA","OOF","TOT","MLN_USD","A","1974",3188.475745,
"USA","OOF","TOT","MLN_USD","A","1975",3226.841145,
"USA","OOF","TOT","MLN_USD","A","1976",2733.134548,
"USA","OOF","TOT","MLN_USD","A","1977",2354.32917,
"USA","OOF","TOT","MLN_USD","A","1978",3767.816389,
"USA","OOF","TOT","MLN_USD","A","1979",2937.340078,
"USA","OOF","TOT","MLN_USD","A","1980",2756.359873,
"USA","OOF","TOT","MLN_USD","A","1981",2076.626898,
"USA","OOF","TOT","MLN_USD","A","1982",3368.426445,
"USA","OOF","TOT","MLN_USD","A","1983",114.999056,
"USA","OOF","TOT","MLN_USD","A","1984",2028.786075,
"USA","OOF","TOT","MLN_USD","A","1985",342.058733,
"USA","OOF","TOT","MLN_USD","A","1986",-1052.98855,
"USA","OOF","TOT","MLN_USD","A","1987",-3324.643951,
"USA","OOF","TOT","MLN_USD","A","1988",3382.569778,
"USA","OOF","TOT","MLN_USD","A","1989",-847.30093,
"USA","OOF","TOT","MLN_USD","A","1990",-741.302019,
"USA","OOF","TOT","MLN_USD","A","1991",-1237.155721,
"USA","OOF","TOT","MLN_USD","A","1992",2034.152501,
"USA","OOF","TOT","MLN_USD","A","1993",213.152492,
"USA","OOF","TOT","MLN_USD","A","1994",1292.512942,
"USA","OOF","TOT","MLN_USD","A","1995",2151.069038,
"USA","OOF","TOT","MLN_USD","A","1996",1604.822165,
"USA","OOF","TOT","MLN_USD","A","1997",404.674438,
"USA","OOF","TOT","MLN_USD","A","1998",861.603364,
"USA","OOF","TOT","MLN_USD","A","1999",6585.213409,
"USA","OOF","TOT","MLN_USD","A","2000",755.171125,
"USA","OOF","TOT","MLN_USD","A","2001",992.189955,
"USA","OOF","TOT","MLN_USD","A","2002",293.081465,
"USA","OOF","TOT","MLN_USD","A","2003",1354.553299,
"USA","OOF","TOT","MLN_USD","A","2004",-838.650762,
"USA","OOF","TOT","MLN_USD","A","2005",-1252.635901,
"USA","OOF","TOT","MLN_USD","A","2006",-4659.979454,
"USA","OOF","TOT","MLN_USD","A","2007",-1843.805261,
"USA","OOF","TOT","MLN_USD","A","2008",-1218.840217,
"USA","OOF","TOT","MLN_USD","A","2009",1087.060614,
"USA","OOF","TOT","MLN_USD","A","2010",175.622916,
"USA","OOF","TOT","MLN_USD","A","2011",1323.298475,
"USA","OOF","TOT","MLN_USD","A","2012",2573.791152,
"USA","OOF","TOT","MLN_USD","A","2013",1468.186555,
"USA","OOF","TOT","MLN_USD","A","2014",212.451186,
"USA","OOF","TOT","MLN_USD","A","2015",-42.76,
"DAC","OOF","TOT","MLN_USD","A","1960",2883.664621,
"DAC","OOF","TOT","MLN_USD","A","1961",7722.350039,
"DAC","OOF","TOT","MLN_USD","A","1962",4131.688033,
"DAC","OOF","TOT","MLN_USD","A","1963",1865.442082,
"DAC","OOF","TOT","MLN_USD","A","1964",178.483416,
"DAC","OOF","TOT","MLN_USD","A","1965",2403.412376,
"DAC","OOF","TOT","MLN_USD","A","1966",3456.215282,
"DAC","OOF","TOT","MLN_USD","A","1967",3317.741629,
"DAC","OOF","TOT","MLN_USD","A","1968",4804.389731,
"DAC","OOF","TOT","MLN_USD","A","1969",3671.424395,
"DAC","OOF","TOT","MLN_USD","A","1970",7028.385589,
"DAC","OOF","TOT","MLN_USD","A","1971",7354.287764,
"DAC","OOF","TOT","MLN_USD","A","1972",10207.130038,
"DAC","OOF","TOT","MLN_USD","A","1973",14256.638694,
"DAC","OOF","TOT","MLN_USD","A","1974",12520.79721,
"DAC","OOF","TOT","MLN_USD","A","1975",14394.446523,
"DAC","OOF","TOT","MLN_USD","A","1976",15064.258941,
"DAC","OOF","TOT","MLN_USD","A","1977",9848.400939,
"DAC","OOF","TOT","MLN_USD","A","1978",13609.30862,
"DAC","OOF","TOT","MLN_USD","A","1979",7593.027348,
"DAC","OOF","TOT","MLN_USD","A","1980",11017.355558,
"DAC","OOF","TOT","MLN_USD","A","1981",13586.3037,
"DAC","OOF","TOT","MLN_USD","A","1982",16388.592751,
"DAC","OOF","TOT","MLN_USD","A","1983",10940.05979,
"DAC","OOF","TOT","MLN_USD","A","1984",14832.629489,
"DAC","OOF","TOT","MLN_USD","A","1985",8723.645075,
"DAC","OOF","TOT","MLN_USD","A","1986",4317.08969,
"DAC","OOF","TOT","MLN_USD","A","1987",3246.788904,
"DAC","OOF","TOT","MLN_USD","A","1988",7700.961164,
"DAC","OOF","TOT","MLN_USD","A","1989",7986.136226,
"DAC","OOF","TOT","MLN_USD","A","1990",10836.775488,
"DAC","OOF","TOT","MLN_USD","A","1991",8149.377243,
"DAC","OOF","TOT","MLN_USD","A","1992",10660.056444,
"DAC","OOF","TOT","MLN_USD","A","1993",8800.593442,
"DAC","OOF","TOT","MLN_USD","A","1994",13151.451661,
"DAC","OOF","TOT","MLN_USD","A","1995",10244.504915,
"DAC","OOF","TOT","MLN_USD","A","1996",7062.43335,
"DAC","OOF","TOT","MLN_USD","A","1997",6974.099168,
"DAC","OOF","TOT","MLN_USD","A","1998",13309.168152,
"DAC","OOF","TOT","MLN_USD","A","1999",16105.334727,
"DAC","OOF","TOT","MLN_USD","A","2000",-3727.010641,
"DAC","OOF","TOT","MLN_USD","A","2001",-1895.965217,
"DAC","OOF","TOT","MLN_USD","A","2002",1940.604874,
"DAC","OOF","TOT","MLN_USD","A","2003",189.082878,
"DAC","OOF","TOT","MLN_USD","A","2004",-5423.333018,
"DAC","OOF","TOT","MLN_USD","A","2005",2239.311021,
"DAC","OOF","TOT","MLN_USD","A","2006",-10629.247411,
"DAC","OOF","TOT","MLN_USD","A","2007",-5255.066782,
"DAC","OOF","TOT","MLN_USD","A","2008",284.170244,
"DAC","OOF","TOT","MLN_USD","A","2009",8292.951399,
"DAC","OOF","TOT","MLN_USD","A","2010",5136.532617,
"DAC","OOF","TOT","MLN_USD","A","2011",6310.339288,
"DAC","OOF","TOT","MLN_USD","A","2012",6775.276768,
"DAC","OOF","TOT","MLN_USD","A","2013",5769.954854,
"DAC","OOF","TOT","MLN_USD","A","2014",3008.196607,
"DAC","OOF","TOT","MLN_USD","A","2015",5290.41,
"RUS","OOF","TOT","MLN_USD","A","2010",143.040894,
"RUS","OOF","TOT","MLN_USD","A","2015",-416.04,
"ARE","OOF","TOT","MLN_USD","A","2009",8.835634,
"ARE","OOF","TOT","MLN_USD","A","2010",-1.689977,
"ARE","OOF","TOT","MLN_USD","A","2011",21.744906,
"ARE","OOF","TOT","MLN_USD","A","2012",54.98073,
"ARE","OOF","TOT","MLN_USD","A","2013",6.686129,
"ARE","OOF","TOT","MLN_USD","A","2014",451.472759,
"ARE","OOF","TOT","MLN_USD","A","2015",3836.18,
"CZE","OOF","TOT","MLN_USD","A","2014",4.271132,
"CZE","OOF","TOT","MLN_USD","A","2015",49.5,
"LTU","OOF","TOT","MLN_USD","A","2014",0.368412,
"LTU","OOF","TOT","MLN_USD","A","2015",0.31,
