﻿"LOCATION","INDICATOR","SUBJECT","MEASURE","FREQUENCY","TIME","Value","Flag Codes"
"AUS","PRIVFLOW","TOT","MLN_USD","A","1964",133.23312,
"AUS","PRIVFLOW","TOT","MLN_USD","A","1965",200.610916,
"AUS","PRIVFLOW","TOT","MLN_USD","A","1966",190.328108,
"AUS","PRIVFLOW","TOT","MLN_USD","A","1967",217.140483,
"AUS","PRIVFLOW","TOT","MLN_USD","A","1968",386.289675,
"AUS","PRIVFLOW","TOT","MLN_USD","A","1969",431.829111,
"AUS","PRIVFLOW","TOT","MLN_USD","A","1970",1221.564188,
"AUS","PRIVFLOW","TOT","MLN_USD","A","1971",1983.676403,
"AUS","PRIVFLOW","TOT","MLN_USD","A","1972",924.417912,
"AUS","PRIVFLOW","TOT","MLN_USD","A","1973",193.525931,
"AUS","PRIVFLOW","TOT","MLN_USD","A","1974",295.709279,
"AUS","PRIVFLOW","TOT","MLN_USD","A","1975",188.917534,
"AUS","PRIVFLOW","TOT","MLN_USD","A","1976",354.624789,
"AUS","PRIVFLOW","TOT","MLN_USD","A","1977",554.098929,
"AUS","PRIVFLOW","TOT","MLN_USD","A","1978",118.579057,
"AUS","PRIVFLOW","TOT","MLN_USD","A","1979",512.650731,
"AUS","PRIVFLOW","TOT","MLN_USD","A","1980",411.652021,
"AUS","PRIVFLOW","TOT","MLN_USD","A","1981",277.411796,
"AUS","PRIVFLOW","TOT","MLN_USD","A","1982",557.981937,
"AUS","PRIVFLOW","TOT","MLN_USD","A","1983",122.681338,
"AUS","PRIVFLOW","TOT","MLN_USD","A","1984",1297.921088,
"AUS","PRIVFLOW","TOT","MLN_USD","A","1985",1135.434236,
"AUS","PRIVFLOW","TOT","MLN_USD","A","1986",608.316004,
"AUS","PRIVFLOW","TOT","MLN_USD","A","1987",747.467252,
"AUS","PRIVFLOW","TOT","MLN_USD","A","1988",4758.694592,
"AUS","PRIVFLOW","TOT","MLN_USD","A","1989",558.756792,
"AUS","PRIVFLOW","TOT","MLN_USD","A","1990",776.981363,
"AUS","PRIVFLOW","TOT","MLN_USD","A","1991",-6042.515148,
"AUS","PRIVFLOW","TOT","MLN_USD","A","1992",4897.781234,
"AUS","PRIVFLOW","TOT","MLN_USD","A","1993",1698.355066,
"AUS","PRIVFLOW","TOT","MLN_USD","A","1994",1426.014531,
"AUS","PRIVFLOW","TOT","MLN_USD","A","1995",2195.343103,
"AUS","PRIVFLOW","TOT","MLN_USD","A","1996",-3321.374268,
"AUS","PRIVFLOW","TOT","MLN_USD","A","1997",-7186.739092,
"AUS","PRIVFLOW","TOT","MLN_USD","A","1998",341.716275,
"AUS","PRIVFLOW","TOT","MLN_USD","A","1999",765.533151,
"AUS","PRIVFLOW","TOT","MLN_USD","A","2000",503.735061,
"AUS","PRIVFLOW","TOT","MLN_USD","A","2001",326.075007,
"AUS","PRIVFLOW","TOT","MLN_USD","A","2002",-865.665731,
"AUS","PRIVFLOW","TOT","MLN_USD","A","2003",2229.150182,
"AUS","PRIVFLOW","TOT","MLN_USD","A","2004",665.483211,
"AUS","PRIVFLOW","TOT","MLN_USD","A","2005",3555.964419,
"AUS","PRIVFLOW","TOT","MLN_USD","A","2006",7464.625883,
"AUS","PRIVFLOW","TOT","MLN_USD","A","2007",7366.839868,
"AUS","PRIVFLOW","TOT","MLN_USD","A","2008",317.13591,
"AUS","PRIVFLOW","TOT","MLN_USD","A","2010",8180.373915,
"AUS","PRIVFLOW","TOT","MLN_USD","A","2011",8707.915269,
"AUS","PRIVFLOW","TOT","MLN_USD","A","2012",10781.462752,
"AUS","PRIVFLOW","TOT","MLN_USD","A","2013",13839.498944,
"AUS","PRIVFLOW","TOT","MLN_USD","A","2014",22729.650988,
"AUS","PRIVFLOW","TOT","MLN_USD","A","2015",10071.3,
"AUT","PRIVFLOW","TOT","MLN_USD","A","1960",74.778472,
"AUT","PRIVFLOW","TOT","MLN_USD","A","1961",221.106589,
"AUT","PRIVFLOW","TOT","MLN_USD","A","1962",202.684796,
"AUT","PRIVFLOW","TOT","MLN_USD","A","1963",43.265729,
"AUT","PRIVFLOW","TOT","MLN_USD","A","1964",73.918188,
"AUT","PRIVFLOW","TOT","MLN_USD","A","1965",165.038958,
"AUT","PRIVFLOW","TOT","MLN_USD","A","1966",162.174638,
"AUT","PRIVFLOW","TOT","MLN_USD","A","1967",207.447441,
"AUT","PRIVFLOW","TOT","MLN_USD","A","1968",487.597478,
"AUT","PRIVFLOW","TOT","MLN_USD","A","1969",586.911597,
"AUT","PRIVFLOW","TOT","MLN_USD","A","1970",630.858811,
"AUT","PRIVFLOW","TOT","MLN_USD","A","1971",631.30375,
"AUT","PRIVFLOW","TOT","MLN_USD","A","1972",612.834043,
"AUT","PRIVFLOW","TOT","MLN_USD","A","1973",506.897071,
"AUT","PRIVFLOW","TOT","MLN_USD","A","1974",613.699698,
"AUT","PRIVFLOW","TOT","MLN_USD","A","1975",296.842179,
"AUT","PRIVFLOW","TOT","MLN_USD","A","1976",1023.91137,
"AUT","PRIVFLOW","TOT","MLN_USD","A","1977",1283.522164,
"AUT","PRIVFLOW","TOT","MLN_USD","A","1978",999.078664,
"AUT","PRIVFLOW","TOT","MLN_USD","A","1979",342.291849,
"AUT","PRIVFLOW","TOT","MLN_USD","A","1980",205.782222,
"AUT","PRIVFLOW","TOT","MLN_USD","A","1981",263.427057,
"AUT","PRIVFLOW","TOT","MLN_USD","A","1982",-237.354857,
"AUT","PRIVFLOW","TOT","MLN_USD","A","1983",-97.538542,
"AUT","PRIVFLOW","TOT","MLN_USD","A","1984",-387.672698,
"AUT","PRIVFLOW","TOT","MLN_USD","A","1985",-330.980402,
"AUT","PRIVFLOW","TOT","MLN_USD","A","1986",-313.861713,
"AUT","PRIVFLOW","TOT","MLN_USD","A","1987",-103.93519,
"AUT","PRIVFLOW","TOT","MLN_USD","A","1988",-0.032993,
"AUT","PRIVFLOW","TOT","MLN_USD","A","1989",-191.340328,
"AUT","PRIVFLOW","TOT","MLN_USD","A","1990",71.887403,
"AUT","PRIVFLOW","TOT","MLN_USD","A","1991",-81.128229,
"AUT","PRIVFLOW","TOT","MLN_USD","A","1992",16.683855,
"AUT","PRIVFLOW","TOT","MLN_USD","A","1993",147.359333,
"AUT","PRIVFLOW","TOT","MLN_USD","A","1994",347.161938,
"AUT","PRIVFLOW","TOT","MLN_USD","A","1995",6.405741,
"AUT","PRIVFLOW","TOT","MLN_USD","A","1996",1076.601979,
"AUT","PRIVFLOW","TOT","MLN_USD","A","1997",1245.568187,
"AUT","PRIVFLOW","TOT","MLN_USD","A","1998",404.302022,
"AUT","PRIVFLOW","TOT","MLN_USD","A","1999",1835.311358,
"AUT","PRIVFLOW","TOT","MLN_USD","A","2000",878.533804,
"AUT","PRIVFLOW","TOT","MLN_USD","A","2001",442.774242,
"AUT","PRIVFLOW","TOT","MLN_USD","A","2002",2035.934989,
"AUT","PRIVFLOW","TOT","MLN_USD","A","2003",1009.64756,
"AUT","PRIVFLOW","TOT","MLN_USD","A","2004",891.871726,
"AUT","PRIVFLOW","TOT","MLN_USD","A","2005",3002.061925,
"AUT","PRIVFLOW","TOT","MLN_USD","A","2006",2369.610992,
"AUT","PRIVFLOW","TOT","MLN_USD","A","2007",17759.391602,
"AUT","PRIVFLOW","TOT","MLN_USD","A","2008",7696.622,
"AUT","PRIVFLOW","TOT","MLN_USD","A","2009",1793.240355,
"AUT","PRIVFLOW","TOT","MLN_USD","A","2010",4721.643136,
"AUT","PRIVFLOW","TOT","MLN_USD","A","2011",5787.19954,
"AUT","PRIVFLOW","TOT","MLN_USD","A","2012",3073.049373,
"AUT","PRIVFLOW","TOT","MLN_USD","A","2013",-656.659044,
"AUT","PRIVFLOW","TOT","MLN_USD","A","2014",1639.865252,
"AUT","PRIVFLOW","TOT","MLN_USD","A","2015",3206.36,
"BEL","PRIVFLOW","TOT","MLN_USD","A","1960",736.196364,
"BEL","PRIVFLOW","TOT","MLN_USD","A","1961",643.527866,
"BEL","PRIVFLOW","TOT","MLN_USD","A","1962",425.947376,
"BEL","PRIVFLOW","TOT","MLN_USD","A","1963",813.095389,
"BEL","PRIVFLOW","TOT","MLN_USD","A","1964",758.78415,
"BEL","PRIVFLOW","TOT","MLN_USD","A","1965",923.084327,
"BEL","PRIVFLOW","TOT","MLN_USD","A","1966",722.774128,
"BEL","PRIVFLOW","TOT","MLN_USD","A","1967",472.787443,
"BEL","PRIVFLOW","TOT","MLN_USD","A","1968",966.739981,
"BEL","PRIVFLOW","TOT","MLN_USD","A","1969",944.648733,
"BEL","PRIVFLOW","TOT","MLN_USD","A","1970",1113.951176,
"BEL","PRIVFLOW","TOT","MLN_USD","A","1971",946.089326,
"BEL","PRIVFLOW","TOT","MLN_USD","A","1972",948.130577,
"BEL","PRIVFLOW","TOT","MLN_USD","A","1973",1063.495816,
"BEL","PRIVFLOW","TOT","MLN_USD","A","1974",1148.595168,
"BEL","PRIVFLOW","TOT","MLN_USD","A","1975",1367.929363,
"BEL","PRIVFLOW","TOT","MLN_USD","A","1976",2550.612597,
"BEL","PRIVFLOW","TOT","MLN_USD","A","1977",2355.407707,
"BEL","PRIVFLOW","TOT","MLN_USD","A","1978",4841.237549,
"BEL","PRIVFLOW","TOT","MLN_USD","A","1979",3158.309975,
"BEL","PRIVFLOW","TOT","MLN_USD","A","1980",3941.203042,
"BEL","PRIVFLOW","TOT","MLN_USD","A","1981",4936.881692,
"BEL","PRIVFLOW","TOT","MLN_USD","A","1982",5.731456,
"BEL","PRIVFLOW","TOT","MLN_USD","A","1983",562.268406,
"BEL","PRIVFLOW","TOT","MLN_USD","A","1984",8476.32486,
"BEL","PRIVFLOW","TOT","MLN_USD","A","1985",2227.387564,
"BEL","PRIVFLOW","TOT","MLN_USD","A","1986",-3038.094041,
"BEL","PRIVFLOW","TOT","MLN_USD","A","1987",-2395.532179,
"BEL","PRIVFLOW","TOT","MLN_USD","A","1988",1264.291137,
"BEL","PRIVFLOW","TOT","MLN_USD","A","1989",655.013613,
"BEL","PRIVFLOW","TOT","MLN_USD","A","1990",-1557.429812,
"BEL","PRIVFLOW","TOT","MLN_USD","A","1991",734.985264,
"BEL","PRIVFLOW","TOT","MLN_USD","A","1992",1028.827513,
"BEL","PRIVFLOW","TOT","MLN_USD","A","1993",-383.895584,
"BEL","PRIVFLOW","TOT","MLN_USD","A","1994",844.865686,
"BEL","PRIVFLOW","TOT","MLN_USD","A","1995",-1719.848935,
"BEL","PRIVFLOW","TOT","MLN_USD","A","1996",5262.479608,
"BEL","PRIVFLOW","TOT","MLN_USD","A","1997",-15146.81065,
"BEL","PRIVFLOW","TOT","MLN_USD","A","1998",8885.581221,
"BEL","PRIVFLOW","TOT","MLN_USD","A","1999",6528.784721,
"BEL","PRIVFLOW","TOT","MLN_USD","A","2000",2164.912908,
"BEL","PRIVFLOW","TOT","MLN_USD","A","2001",-1113.483359,
"BEL","PRIVFLOW","TOT","MLN_USD","A","2002",125.177876,
"BEL","PRIVFLOW","TOT","MLN_USD","A","2003",-2096.501041,
"BEL","PRIVFLOW","TOT","MLN_USD","A","2004",-784.359987,
"BEL","PRIVFLOW","TOT","MLN_USD","A","2005",562.245018,
"BEL","PRIVFLOW","TOT","MLN_USD","A","2006",3550.883426,
"BEL","PRIVFLOW","TOT","MLN_USD","A","2007",1530.536871,
"BEL","PRIVFLOW","TOT","MLN_USD","A","2008",1535.058513,
"BEL","PRIVFLOW","TOT","MLN_USD","A","2009",127.676748,
"BEL","PRIVFLOW","TOT","MLN_USD","A","2010",4057.238158,
"BEL","PRIVFLOW","TOT","MLN_USD","A","2011",-1778.410324,
"BEL","PRIVFLOW","TOT","MLN_USD","A","2012",295.337575,
"BEL","PRIVFLOW","TOT","MLN_USD","A","2013",6088.661998,
"BEL","PRIVFLOW","TOT","MLN_USD","A","2014",4940.23876,
"BEL","PRIVFLOW","TOT","MLN_USD","A","2015",1414.71,
"CAN","PRIVFLOW","TOT","MLN_USD","A","1960",462.99618,
"CAN","PRIVFLOW","TOT","MLN_USD","A","1961",176.171097,
"CAN","PRIVFLOW","TOT","MLN_USD","A","1962",396.846337,
"CAN","PRIVFLOW","TOT","MLN_USD","A","1963",231.242103,
"CAN","PRIVFLOW","TOT","MLN_USD","A","1964",97.501938,
"CAN","PRIVFLOW","TOT","MLN_USD","A","1965",300.079201,
"CAN","PRIVFLOW","TOT","MLN_USD","A","1966",349.343314,
"CAN","PRIVFLOW","TOT","MLN_USD","A","1967",358.529147,
"CAN","PRIVFLOW","TOT","MLN_USD","A","1968",546.402343,
"CAN","PRIVFLOW","TOT","MLN_USD","A","1969",382.039949,
"CAN","PRIVFLOW","TOT","MLN_USD","A","1970",907.991519,
"CAN","PRIVFLOW","TOT","MLN_USD","A","1971",2022.318394,
"CAN","PRIVFLOW","TOT","MLN_USD","A","1972",1569.051678,
"CAN","PRIVFLOW","TOT","MLN_USD","A","1973",1768.592512,
"CAN","PRIVFLOW","TOT","MLN_USD","A","1974",2578.412572,
"CAN","PRIVFLOW","TOT","MLN_USD","A","1975",2975.229253,
"CAN","PRIVFLOW","TOT","MLN_USD","A","1976",2891.731685,
"CAN","PRIVFLOW","TOT","MLN_USD","A","1977",2686.917273,
"CAN","PRIVFLOW","TOT","MLN_USD","A","1978",2527.963777,
"CAN","PRIVFLOW","TOT","MLN_USD","A","1979",2321.237718,
"CAN","PRIVFLOW","TOT","MLN_USD","A","1980",3423.706217,
"CAN","PRIVFLOW","TOT","MLN_USD","A","1981",9724.661553,
"CAN","PRIVFLOW","TOT","MLN_USD","A","1982",-55.156406,
"CAN","PRIVFLOW","TOT","MLN_USD","A","1983",1549.017351,
"CAN","PRIVFLOW","TOT","MLN_USD","A","1984",1662.416822,
"CAN","PRIVFLOW","TOT","MLN_USD","A","1985",43.816759,
"CAN","PRIVFLOW","TOT","MLN_USD","A","1986",-237.02916,
"CAN","PRIVFLOW","TOT","MLN_USD","A","1987",1161.157529,
"CAN","PRIVFLOW","TOT","MLN_USD","A","1988",549.114203,
"CAN","PRIVFLOW","TOT","MLN_USD","A","1989",-287.855396,
"CAN","PRIVFLOW","TOT","MLN_USD","A","1990",324.260887,
"CAN","PRIVFLOW","TOT","MLN_USD","A","1991",852.959608,
"CAN","PRIVFLOW","TOT","MLN_USD","A","1992",1263.794265,
"CAN","PRIVFLOW","TOT","MLN_USD","A","1993",3504.162738,
"CAN","PRIVFLOW","TOT","MLN_USD","A","1994",3816.908554,
"CAN","PRIVFLOW","TOT","MLN_USD","A","1995",4846.439755,
"CAN","PRIVFLOW","TOT","MLN_USD","A","1996",6320.916997,
"CAN","PRIVFLOW","TOT","MLN_USD","A","1997",11252.481437,
"CAN","PRIVFLOW","TOT","MLN_USD","A","1998",9094.337981,
"CAN","PRIVFLOW","TOT","MLN_USD","A","1999",7325.98165,
"CAN","PRIVFLOW","TOT","MLN_USD","A","2000",7234.767916,
"CAN","PRIVFLOW","TOT","MLN_USD","A","2001",-19.524742,
"CAN","PRIVFLOW","TOT","MLN_USD","A","2002",302.360582,
"CAN","PRIVFLOW","TOT","MLN_USD","A","2003",3765.004479,
"CAN","PRIVFLOW","TOT","MLN_USD","A","2004",4425.955889,
"CAN","PRIVFLOW","TOT","MLN_USD","A","2005",10355.082543,
"CAN","PRIVFLOW","TOT","MLN_USD","A","2006",9359.604816,
"CAN","PRIVFLOW","TOT","MLN_USD","A","2007",11068.049125,
"CAN","PRIVFLOW","TOT","MLN_USD","A","2008",14695.839243,
"CAN","PRIVFLOW","TOT","MLN_USD","A","2009",3096.363306,
"CAN","PRIVFLOW","TOT","MLN_USD","A","2010",12223.989046,
"CAN","PRIVFLOW","TOT","MLN_USD","A","2011",4599.140177,
"CAN","PRIVFLOW","TOT","MLN_USD","A","2012",7385.457001,
"CAN","PRIVFLOW","TOT","MLN_USD","A","2013",2530.610502,
"CAN","PRIVFLOW","TOT","MLN_USD","A","2014",9693.546913,
"CAN","PRIVFLOW","TOT","MLN_USD","A","2015",-3604.69,
"DNK","PRIVFLOW","TOT","MLN_USD","A","1960",495.021293,
"DNK","PRIVFLOW","TOT","MLN_USD","A","1961",369.842785,
"DNK","PRIVFLOW","TOT","MLN_USD","A","1962",69.468261,
"DNK","PRIVFLOW","TOT","MLN_USD","A","1963",8.75345,
"DNK","PRIVFLOW","TOT","MLN_USD","A","1964",290.954845,
"DNK","PRIVFLOW","TOT","MLN_USD","A","1965",19.570631,
"DNK","PRIVFLOW","TOT","MLN_USD","A","1966",-44.406773,
"DNK","PRIVFLOW","TOT","MLN_USD","A","1967",-28.716382,
"DNK","PRIVFLOW","TOT","MLN_USD","A","1968",496.8839,
"DNK","PRIVFLOW","TOT","MLN_USD","A","1969",823.126606,
"DNK","PRIVFLOW","TOT","MLN_USD","A","1970",203.869496,
"DNK","PRIVFLOW","TOT","MLN_USD","A","1971",520.20958,
"DNK","PRIVFLOW","TOT","MLN_USD","A","1972",96.013459,
"DNK","PRIVFLOW","TOT","MLN_USD","A","1973",306.056958,
"DNK","PRIVFLOW","TOT","MLN_USD","A","1974",132.670471,
"DNK","PRIVFLOW","TOT","MLN_USD","A","1975",218.754896,
"DNK","PRIVFLOW","TOT","MLN_USD","A","1976",802.486742,
"DNK","PRIVFLOW","TOT","MLN_USD","A","1977",295.670377,
"DNK","PRIVFLOW","TOT","MLN_USD","A","1978",522.224189,
"DNK","PRIVFLOW","TOT","MLN_USD","A","1979",368.572496,
"DNK","PRIVFLOW","TOT","MLN_USD","A","1980",413.914796,
"DNK","PRIVFLOW","TOT","MLN_USD","A","1981",895.505785,
"DNK","PRIVFLOW","TOT","MLN_USD","A","1982",683.793345,
"DNK","PRIVFLOW","TOT","MLN_USD","A","1983",1402.400369,
"DNK","PRIVFLOW","TOT","MLN_USD","A","1984",-128.907111,
"DNK","PRIVFLOW","TOT","MLN_USD","A","1985",-249.587237,
"DNK","PRIVFLOW","TOT","MLN_USD","A","1986",-232.498977,
"DNK","PRIVFLOW","TOT","MLN_USD","A","1987",85.472616,
"DNK","PRIVFLOW","TOT","MLN_USD","A","1988",-120.140672,
"DNK","PRIVFLOW","TOT","MLN_USD","A","1989",82.444138,
"DNK","PRIVFLOW","TOT","MLN_USD","A","1990",-242.547402,
"DNK","PRIVFLOW","TOT","MLN_USD","A","1991",-254.165398,
"DNK","PRIVFLOW","TOT","MLN_USD","A","1992",356.108273,
"DNK","PRIVFLOW","TOT","MLN_USD","A","1993",34.79141,
"DNK","PRIVFLOW","TOT","MLN_USD","A","1994",-129.59675,
"DNK","PRIVFLOW","TOT","MLN_USD","A","1995",-8.759027,
"DNK","PRIVFLOW","TOT","MLN_USD","A","1996",234.533058,
"DNK","PRIVFLOW","TOT","MLN_USD","A","1997",164.548631,
"DNK","PRIVFLOW","TOT","MLN_USD","A","1998",-83.242304,
"DNK","PRIVFLOW","TOT","MLN_USD","A","1999",586.140088,
"DNK","PRIVFLOW","TOT","MLN_USD","A","2000",774.728472,
"DNK","PRIVFLOW","TOT","MLN_USD","A","2001",1608.341616,
"DNK","PRIVFLOW","TOT","MLN_USD","A","2002",-94.651984,
"DNK","PRIVFLOW","TOT","MLN_USD","A","2003",130.591291,
"DNK","PRIVFLOW","TOT","MLN_USD","A","2004",566.460724,
"DNK","PRIVFLOW","TOT","MLN_USD","A","2005",35.52076,
"DNK","PRIVFLOW","TOT","MLN_USD","A","2006",469.699026,
"DNK","PRIVFLOW","TOT","MLN_USD","A","2007",2072.012,
"DNK","PRIVFLOW","TOT","MLN_USD","A","2008",1940.74517,
"DNK","PRIVFLOW","TOT","MLN_USD","A","2009",519.15957,
"DNK","PRIVFLOW","TOT","MLN_USD","A","2010",1571.638241,
"DNK","PRIVFLOW","TOT","MLN_USD","A","2011",-298.205787,
"DNK","PRIVFLOW","TOT","MLN_USD","A","2012",-213.672036,
"DNK","PRIVFLOW","TOT","MLN_USD","A","2013",1058.304761,
"DNK","PRIVFLOW","TOT","MLN_USD","A","2014",949.121318,
"DNK","PRIVFLOW","TOT","MLN_USD","A","2015",237.56,
"FIN","PRIVFLOW","TOT","MLN_USD","A","1970",112.494918,
"FIN","PRIVFLOW","TOT","MLN_USD","A","1971",98.468738,
"FIN","PRIVFLOW","TOT","MLN_USD","A","1972",86.191963,
"FIN","PRIVFLOW","TOT","MLN_USD","A","1973",33.494654,
"FIN","PRIVFLOW","TOT","MLN_USD","A","1974",102.986402,
"FIN","PRIVFLOW","TOT","MLN_USD","A","1975",133.272121,
"FIN","PRIVFLOW","TOT","MLN_USD","A","1976",35.552825,
"FIN","PRIVFLOW","TOT","MLN_USD","A","1977",60.749604,
"FIN","PRIVFLOW","TOT","MLN_USD","A","1978",218.214729,
"FIN","PRIVFLOW","TOT","MLN_USD","A","1979",202.760599,
"FIN","PRIVFLOW","TOT","MLN_USD","A","1980",148.593153,
"FIN","PRIVFLOW","TOT","MLN_USD","A","1981",140.223018,
"FIN","PRIVFLOW","TOT","MLN_USD","A","1982",105.833759,
"FIN","PRIVFLOW","TOT","MLN_USD","A","1983",82.482836,
"FIN","PRIVFLOW","TOT","MLN_USD","A","1984",-18.221942,
"FIN","PRIVFLOW","TOT","MLN_USD","A","1985",44.74836,
"FIN","PRIVFLOW","TOT","MLN_USD","A","1986",154.263568,
"FIN","PRIVFLOW","TOT","MLN_USD","A","1987",190.93984,
"FIN","PRIVFLOW","TOT","MLN_USD","A","1988",151.907761,
"FIN","PRIVFLOW","TOT","MLN_USD","A","1989",288.361943,
"FIN","PRIVFLOW","TOT","MLN_USD","A","1990",121.908593,
"FIN","PRIVFLOW","TOT","MLN_USD","A","1991",107.549868,
"FIN","PRIVFLOW","TOT","MLN_USD","A","1992",-100.189243,
"FIN","PRIVFLOW","TOT","MLN_USD","A","1993",-42.677776,
"FIN","PRIVFLOW","TOT","MLN_USD","A","1994",273.220466,
"FIN","PRIVFLOW","TOT","MLN_USD","A","1995",9.297186,
"FIN","PRIVFLOW","TOT","MLN_USD","A","1996",594.933461,
"FIN","PRIVFLOW","TOT","MLN_USD","A","1997",1.316533,
"FIN","PRIVFLOW","TOT","MLN_USD","A","1998",1562.61554,
"FIN","PRIVFLOW","TOT","MLN_USD","A","1999",406.242363,
"FIN","PRIVFLOW","TOT","MLN_USD","A","2000",1109.257822,
"FIN","PRIVFLOW","TOT","MLN_USD","A","2001",1450.61116,
"FIN","PRIVFLOW","TOT","MLN_USD","A","2002",-960.708041,
"FIN","PRIVFLOW","TOT","MLN_USD","A","2003",-758.66725,
"FIN","PRIVFLOW","TOT","MLN_USD","A","2004",713.782493,
"FIN","PRIVFLOW","TOT","MLN_USD","A","2005",790.08444,
"FIN","PRIVFLOW","TOT","MLN_USD","A","2006",592.776313,
"FIN","PRIVFLOW","TOT","MLN_USD","A","2007",1005.195912,
"FIN","PRIVFLOW","TOT","MLN_USD","A","2008",-1251.945045,
"FIN","PRIVFLOW","TOT","MLN_USD","A","2009",1557.903097,
"FIN","PRIVFLOW","TOT","MLN_USD","A","2010",2739.780259,
"FIN","PRIVFLOW","TOT","MLN_USD","A","2011",-1303.910086,
"FIN","PRIVFLOW","TOT","MLN_USD","A","2012",164.329058,
"FIN","PRIVFLOW","TOT","MLN_USD","A","2013",-366.939552,
"FIN","PRIVFLOW","TOT","MLN_USD","A","2014",1088.609857,
"FIN","PRIVFLOW","TOT","MLN_USD","A","2015",-1404.95,
"FRA","PRIVFLOW","TOT","MLN_USD","A","1960",3961.602698,
"FRA","PRIVFLOW","TOT","MLN_USD","A","1961",3729.222057,
"FRA","PRIVFLOW","TOT","MLN_USD","A","1962",3199.978453,
"FRA","PRIVFLOW","TOT","MLN_USD","A","1963",2842.143652,
"FRA","PRIVFLOW","TOT","MLN_USD","A","1964",3518.847259,
"FRA","PRIVFLOW","TOT","MLN_USD","A","1965",3484.621617,
"FRA","PRIVFLOW","TOT","MLN_USD","A","1966",3652.248181,
"FRA","PRIVFLOW","TOT","MLN_USD","A","1967",3196.243244,
"FRA","PRIVFLOW","TOT","MLN_USD","A","1968",5228.226866,
"FRA","PRIVFLOW","TOT","MLN_USD","A","1969",4539.358437,
"FRA","PRIVFLOW","TOT","MLN_USD","A","1970",5050.987074,
"FRA","PRIVFLOW","TOT","MLN_USD","A","1971",2812.685302,
"FRA","PRIVFLOW","TOT","MLN_USD","A","1972",3598.673409,
"FRA","PRIVFLOW","TOT","MLN_USD","A","1973",4923.297567,
"FRA","PRIVFLOW","TOT","MLN_USD","A","1974",5999.057226,
"FRA","PRIVFLOW","TOT","MLN_USD","A","1975",4570.674291,
"FRA","PRIVFLOW","TOT","MLN_USD","A","1976",8875.016811,
"FRA","PRIVFLOW","TOT","MLN_USD","A","1977",8021.575223,
"FRA","PRIVFLOW","TOT","MLN_USD","A","1978",11534.738135,
"FRA","PRIVFLOW","TOT","MLN_USD","A","1979",10505.901298,
"FRA","PRIVFLOW","TOT","MLN_USD","A","1980",12306.52946,
"FRA","PRIVFLOW","TOT","MLN_USD","A","1981",14499.41546,
"FRA","PRIVFLOW","TOT","MLN_USD","A","1982",20880.266414,
"FRA","PRIVFLOW","TOT","MLN_USD","A","1983",12187.620892,
"FRA","PRIVFLOW","TOT","MLN_USD","A","1984",9962.324776,
"FRA","PRIVFLOW","TOT","MLN_USD","A","1985",9312.263027,
"FRA","PRIVFLOW","TOT","MLN_USD","A","1986",5641.374984,
"FRA","PRIVFLOW","TOT","MLN_USD","A","1987",-102.132853,
"FRA","PRIVFLOW","TOT","MLN_USD","A","1988",-1185.35394,
"FRA","PRIVFLOW","TOT","MLN_USD","A","1989",-2557.669493,
"FRA","PRIVFLOW","TOT","MLN_USD","A","1990",-2983.53653,
"FRA","PRIVFLOW","TOT","MLN_USD","A","1991",-2526.447733,
"FRA","PRIVFLOW","TOT","MLN_USD","A","1992",2060.375362,
"FRA","PRIVFLOW","TOT","MLN_USD","A","1993",3130.278442,
"FRA","PRIVFLOW","TOT","MLN_USD","A","1994",4753.268235,
"FRA","PRIVFLOW","TOT","MLN_USD","A","1995",4084.927616,
"FRA","PRIVFLOW","TOT","MLN_USD","A","1996",11490.138053,
"FRA","PRIVFLOW","TOT","MLN_USD","A","1997",9544.240182,
"FRA","PRIVFLOW","TOT","MLN_USD","A","1998",3594.333209,
"FRA","PRIVFLOW","TOT","MLN_USD","A","1999",4625.889068,
"FRA","PRIVFLOW","TOT","MLN_USD","A","2000",2150.075725,
"FRA","PRIVFLOW","TOT","MLN_USD","A","2001",18345.964422,
"FRA","PRIVFLOW","TOT","MLN_USD","A","2002",-1953.863886,
"FRA","PRIVFLOW","TOT","MLN_USD","A","2003",-3590.375771,
"FRA","PRIVFLOW","TOT","MLN_USD","A","2004",4466.22716,
"FRA","PRIVFLOW","TOT","MLN_USD","A","2005",7168.097905,
"FRA","PRIVFLOW","TOT","MLN_USD","A","2006",13751.529018,
"FRA","PRIVFLOW","TOT","MLN_USD","A","2007",30078.869886,
"FRA","PRIVFLOW","TOT","MLN_USD","A","2008",24271.11305,
"FRA","PRIVFLOW","TOT","MLN_USD","A","2009",21394.403226,
"FRA","PRIVFLOW","TOT","MLN_USD","A","2010",19927.336112,
"FRA","PRIVFLOW","TOT","MLN_USD","A","2011",17516.296422,
"FRA","PRIVFLOW","TOT","MLN_USD","A","2012",15906.210966,
"FRA","PRIVFLOW","TOT","MLN_USD","A","2013",-1256.373025,
"FRA","PRIVFLOW","TOT","MLN_USD","A","2014",6667.402426,
"FRA","PRIVFLOW","TOT","MLN_USD","A","2015",-8198.41,
"DEU","PRIVFLOW","TOT","MLN_USD","A","1960",2963.998464,
"DEU","PRIVFLOW","TOT","MLN_USD","A","1961",2259.289886,
"DEU","PRIVFLOW","TOT","MLN_USD","A","1962",1351.388514,
"DEU","PRIVFLOW","TOT","MLN_USD","A","1963",1699.414602,
"DEU","PRIVFLOW","TOT","MLN_USD","A","1964",2507.730178,
"DEU","PRIVFLOW","TOT","MLN_USD","A","1965",2259.49726,
"DEU","PRIVFLOW","TOT","MLN_USD","A","1966",2510.154263,
"DEU","PRIVFLOW","TOT","MLN_USD","A","1967",4872.448498,
"DEU","PRIVFLOW","TOT","MLN_USD","A","1968",8512.904784,
"DEU","PRIVFLOW","TOT","MLN_USD","A","1969",11287.658844,
"DEU","PRIVFLOW","TOT","MLN_USD","A","1970",4400.374661,
"DEU","PRIVFLOW","TOT","MLN_USD","A","1971",5246.272437,
"DEU","PRIVFLOW","TOT","MLN_USD","A","1972",3395.778388,
"DEU","PRIVFLOW","TOT","MLN_USD","A","1973",1256.482699,
"DEU","PRIVFLOW","TOT","MLN_USD","A","1974",5235.395385,
"DEU","PRIVFLOW","TOT","MLN_USD","A","1975",9830.682973,
"DEU","PRIVFLOW","TOT","MLN_USD","A","1976",11675.852096,
"DEU","PRIVFLOW","TOT","MLN_USD","A","1977",11511.54467,
"DEU","PRIVFLOW","TOT","MLN_USD","A","1978",11022.755213,
"DEU","PRIVFLOW","TOT","MLN_USD","A","1979",7086.382275,
"DEU","PRIVFLOW","TOT","MLN_USD","A","1980",11736.217669,
"DEU","PRIVFLOW","TOT","MLN_USD","A","1981",8992.976039,
"DEU","PRIVFLOW","TOT","MLN_USD","A","1982",6856.460858,
"DEU","PRIVFLOW","TOT","MLN_USD","A","1983",6943.202178,
"DEU","PRIVFLOW","TOT","MLN_USD","A","1984",6233.906972,
"DEU","PRIVFLOW","TOT","MLN_USD","A","1985",3940.973059,
"DEU","PRIVFLOW","TOT","MLN_USD","A","1986",4567.338096,
"DEU","PRIVFLOW","TOT","MLN_USD","A","1987",3680.341924,
"DEU","PRIVFLOW","TOT","MLN_USD","A","1988",7652.599844,
"DEU","PRIVFLOW","TOT","MLN_USD","A","1989",8639.011897,
"DEU","PRIVFLOW","TOT","MLN_USD","A","1990",5727.108487,
"DEU","PRIVFLOW","TOT","MLN_USD","A","1991",4719.564024,
"DEU","PRIVFLOW","TOT","MLN_USD","A","1992",21.683866,
"DEU","PRIVFLOW","TOT","MLN_USD","A","1993",6848.462012,
"DEU","PRIVFLOW","TOT","MLN_USD","A","1994",14527.007188,
"DEU","PRIVFLOW","TOT","MLN_USD","A","1995",11653.603211,
"DEU","PRIVFLOW","TOT","MLN_USD","A","1996",12467.058914,
"DEU","PRIVFLOW","TOT","MLN_USD","A","1997",16174.867884,
"DEU","PRIVFLOW","TOT","MLN_USD","A","1998",19555.419978,
"DEU","PRIVFLOW","TOT","MLN_USD","A","1999",17167.038743,
"DEU","PRIVFLOW","TOT","MLN_USD","A","2000",10072.633656,
"DEU","PRIVFLOW","TOT","MLN_USD","A","2001",1791.823858,
"DEU","PRIVFLOW","TOT","MLN_USD","A","2002",-3680.306979,
"DEU","PRIVFLOW","TOT","MLN_USD","A","2003",1139.123917,
"DEU","PRIVFLOW","TOT","MLN_USD","A","2004",7844.011028,
"DEU","PRIVFLOW","TOT","MLN_USD","A","2005",12296.342458,
"DEU","PRIVFLOW","TOT","MLN_USD","A","2006",20128.31414,
"DEU","PRIVFLOW","TOT","MLN_USD","A","2007",23395.570467,
"DEU","PRIVFLOW","TOT","MLN_USD","A","2008",17634.535148,
"DEU","PRIVFLOW","TOT","MLN_USD","A","2009",13512.953144,
"DEU","PRIVFLOW","TOT","MLN_USD","A","2010",25112.414243,
"DEU","PRIVFLOW","TOT","MLN_USD","A","2011",35094.667166,
"DEU","PRIVFLOW","TOT","MLN_USD","A","2012",19392.427374,
"DEU","PRIVFLOW","TOT","MLN_USD","A","2013",32806.904098,
"DEU","PRIVFLOW","TOT","MLN_USD","A","2014",29496.918321,
"DEU","PRIVFLOW","TOT","MLN_USD","A","2015",26789.17,
"GRC","PRIVFLOW","TOT","MLN_USD","A","2002",56.762403,
"GRC","PRIVFLOW","TOT","MLN_USD","A","2003",37.738974,
"GRC","PRIVFLOW","TOT","MLN_USD","A","2004",-13.706605,
"GRC","PRIVFLOW","TOT","MLN_USD","A","2005",317.759182,
"GRC","PRIVFLOW","TOT","MLN_USD","A","2006",2297.399482,
"GRC","PRIVFLOW","TOT","MLN_USD","A","2007",2388.557553,
"GRC","PRIVFLOW","TOT","MLN_USD","A","2008",347.666848,
"GRC","PRIVFLOW","TOT","MLN_USD","A","2009",183.922286,
"GRC","PRIVFLOW","TOT","MLN_USD","A","2010",192.746603,
"GRC","PRIVFLOW","TOT","MLN_USD","A","2011",44.98683,
"GRC","PRIVFLOW","TOT","MLN_USD","A","2012",472.855545,
"GRC","PRIVFLOW","TOT","MLN_USD","A","2013",510.60801,
"GRC","PRIVFLOW","TOT","MLN_USD","A","2014",-566.656471,
"GRC","PRIVFLOW","TOT","MLN_USD","A","2015",-323.3,
"IRL","PRIVFLOW","TOT","MLN_USD","A","1984",9.248127,
"IRL","PRIVFLOW","TOT","MLN_USD","A","1985",106.979965,
"IRL","PRIVFLOW","TOT","MLN_USD","A","1986",67.460589,
"IRL","PRIVFLOW","TOT","MLN_USD","A","1988",-40.135409,
"IRL","PRIVFLOW","TOT","MLN_USD","A","1989",54.660932,
"IRL","PRIVFLOW","TOT","MLN_USD","A","1990",131.031547,
"IRL","PRIVFLOW","TOT","MLN_USD","A","1992",83.470563,
"IRL","PRIVFLOW","TOT","MLN_USD","A","1993",34.992862,
"IRL","PRIVFLOW","TOT","MLN_USD","A","1994",57.355416,
"IRL","PRIVFLOW","TOT","MLN_USD","A","1995",66.746552,
"IRL","PRIVFLOW","TOT","MLN_USD","A","1996",173.610432,
"IRL","PRIVFLOW","TOT","MLN_USD","A","1997",113.791887,
"IRL","PRIVFLOW","TOT","MLN_USD","A","1998",126.520077,
"IRL","PRIVFLOW","TOT","MLN_USD","A","2000",643.982148,
"IRL","PRIVFLOW","TOT","MLN_USD","A","2001",521.032983,
"IRL","PRIVFLOW","TOT","MLN_USD","A","2002",1331.65349,
"IRL","PRIVFLOW","TOT","MLN_USD","A","2003",1688.304816,
"IRL","PRIVFLOW","TOT","MLN_USD","A","2004",2973.343257,
"IRL","PRIVFLOW","TOT","MLN_USD","A","2005",4093.166331,
"IRL","PRIVFLOW","TOT","MLN_USD","A","2006",3581.917317,
"IRL","PRIVFLOW","TOT","MLN_USD","A","2007",3569.479923,
"IRL","PRIVFLOW","TOT","MLN_USD","A","2008",3539.205927,
"IRL","PRIVFLOW","TOT","MLN_USD","A","2009",2578.740044,
"IRL","PRIVFLOW","TOT","MLN_USD","A","2010",1404.269528,
"IRL","PRIVFLOW","TOT","MLN_USD","A","2011",860.698207,
"IRL","PRIVFLOW","TOT","MLN_USD","A","2013",866.183839,
"ITA","PRIVFLOW","TOT","MLN_USD","A","1960",2224.937104,
"ITA","PRIVFLOW","TOT","MLN_USD","A","1961",1989.176723,
"ITA","PRIVFLOW","TOT","MLN_USD","A","1962",2962.318733,
"ITA","PRIVFLOW","TOT","MLN_USD","A","1963",2375.482049,
"ITA","PRIVFLOW","TOT","MLN_USD","A","1964",1816.157725,
"ITA","PRIVFLOW","TOT","MLN_USD","A","1965",1530.340531,
"ITA","PRIVFLOW","TOT","MLN_USD","A","1966",4480.097518,
"ITA","PRIVFLOW","TOT","MLN_USD","A","1967",1108.058095,
"ITA","PRIVFLOW","TOT","MLN_USD","A","1968",3319.295806,
"ITA","PRIVFLOW","TOT","MLN_USD","A","1969",5689.069086,
"ITA","PRIVFLOW","TOT","MLN_USD","A","1970",3747.152216,
"ITA","PRIVFLOW","TOT","MLN_USD","A","1971",3872.189828,
"ITA","PRIVFLOW","TOT","MLN_USD","A","1972",2642.059965,
"ITA","PRIVFLOW","TOT","MLN_USD","A","1973",478.912309,
"ITA","PRIVFLOW","TOT","MLN_USD","A","1974",864.500162,
"ITA","PRIVFLOW","TOT","MLN_USD","A","1975",5614.922611,
"ITA","PRIVFLOW","TOT","MLN_USD","A","1976",4170.515557,
"ITA","PRIVFLOW","TOT","MLN_USD","A","1977",6665.326403,
"ITA","PRIVFLOW","TOT","MLN_USD","A","1978",9373.023119,
"ITA","PRIVFLOW","TOT","MLN_USD","A","1979",9938.103048,
"ITA","PRIVFLOW","TOT","MLN_USD","A","1980",7211.541839,
"ITA","PRIVFLOW","TOT","MLN_USD","A","1981",7161.983171,
"ITA","PRIVFLOW","TOT","MLN_USD","A","1982",10225.291004,
"ITA","PRIVFLOW","TOT","MLN_USD","A","1983",4780.325241,
"ITA","PRIVFLOW","TOT","MLN_USD","A","1984",1586.01618,
"ITA","PRIVFLOW","TOT","MLN_USD","A","1985",941.589056,
"ITA","PRIVFLOW","TOT","MLN_USD","A","1986",-1321.770245,
"ITA","PRIVFLOW","TOT","MLN_USD","A","1987",-3346.650636,
"ITA","PRIVFLOW","TOT","MLN_USD","A","1988",2304.431232,
"ITA","PRIVFLOW","TOT","MLN_USD","A","1989",1590.439131,
"ITA","PRIVFLOW","TOT","MLN_USD","A","1990",-1933.153298,
"ITA","PRIVFLOW","TOT","MLN_USD","A","1991",4179.07069,
"ITA","PRIVFLOW","TOT","MLN_USD","A","1992",930.307421,
"ITA","PRIVFLOW","TOT","MLN_USD","A","1993",-2457.560044,
"ITA","PRIVFLOW","TOT","MLN_USD","A","1994",-45.624186,
"ITA","PRIVFLOW","TOT","MLN_USD","A","1995",169.320458,
"ITA","PRIVFLOW","TOT","MLN_USD","A","1996",369.079147,
"ITA","PRIVFLOW","TOT","MLN_USD","A","1997",8041.259147,
"ITA","PRIVFLOW","TOT","MLN_USD","A","1998",15126.32542,
"ITA","PRIVFLOW","TOT","MLN_USD","A","1999",13357.569111,
"ITA","PRIVFLOW","TOT","MLN_USD","A","2000",15229.95848,
"ITA","PRIVFLOW","TOT","MLN_USD","A","2001",-3035.899675,
"ITA","PRIVFLOW","TOT","MLN_USD","A","2002",-826.372826,
"ITA","PRIVFLOW","TOT","MLN_USD","A","2003",2423.777797,
"ITA","PRIVFLOW","TOT","MLN_USD","A","2004",232.752203,
"ITA","PRIVFLOW","TOT","MLN_USD","A","2005",45.518229,
"ITA","PRIVFLOW","TOT","MLN_USD","A","2006",2712.728192,
"ITA","PRIVFLOW","TOT","MLN_USD","A","2007",582.917079,
"ITA","PRIVFLOW","TOT","MLN_USD","A","2008",171.695633,
"ITA","PRIVFLOW","TOT","MLN_USD","A","2009",1842.659208,
"ITA","PRIVFLOW","TOT","MLN_USD","A","2010",5853.308978,
"ITA","PRIVFLOW","TOT","MLN_USD","A","2011",6390.056527,
"ITA","PRIVFLOW","TOT","MLN_USD","A","2012",7237.24397,
"ITA","PRIVFLOW","TOT","MLN_USD","A","2013",11072.992738,
"ITA","PRIVFLOW","TOT","MLN_USD","A","2014",3768.949317,
"ITA","PRIVFLOW","TOT","MLN_USD","A","2015",11446.94,
"JPN","PRIVFLOW","TOT","MLN_USD","A","1960",1166.833143,
"JPN","PRIVFLOW","TOT","MLN_USD","A","1961",1690.763213,
"JPN","PRIVFLOW","TOT","MLN_USD","A","1962",1192.305186,
"JPN","PRIVFLOW","TOT","MLN_USD","A","1963",903.60698,
"JPN","PRIVFLOW","TOT","MLN_USD","A","1964",720.46057,
"JPN","PRIVFLOW","TOT","MLN_USD","A","1965",1141.2527,
"JPN","PRIVFLOW","TOT","MLN_USD","A","1966",1307.69839,
"JPN","PRIVFLOW","TOT","MLN_USD","A","1967",1669.203576,
"JPN","PRIVFLOW","TOT","MLN_USD","A","1968",2861.431183,
"JPN","PRIVFLOW","TOT","MLN_USD","A","1969",3135.230755,
"JPN","PRIVFLOW","TOT","MLN_USD","A","1970",4344.813181,
"JPN","PRIVFLOW","TOT","MLN_USD","A","1971",5851.956612,
"JPN","PRIVFLOW","TOT","MLN_USD","A","1972",6279.169898,
"JPN","PRIVFLOW","TOT","MLN_USD","A","1973",14304.41322,
"JPN","PRIVFLOW","TOT","MLN_USD","A","1974",3623.260963,
"JPN","PRIVFLOW","TOT","MLN_USD","A","1975",1166.720051,
"JPN","PRIVFLOW","TOT","MLN_USD","A","1976",4740.795991,
"JPN","PRIVFLOW","TOT","MLN_USD","A","1977",6415.741904,
"JPN","PRIVFLOW","TOT","MLN_USD","A","1978",12293.004639,
"JPN","PRIVFLOW","TOT","MLN_USD","A","1979",9252.525815,
"JPN","PRIVFLOW","TOT","MLN_USD","A","1980",3789.317354,
"JPN","PRIVFLOW","TOT","MLN_USD","A","1981",10985.497429,
"JPN","PRIVFLOW","TOT","MLN_USD","A","1982",5898.36493,
"JPN","PRIVFLOW","TOT","MLN_USD","A","1983",4049.0852,
"JPN","PRIVFLOW","TOT","MLN_USD","A","1984",12635.695592,
"JPN","PRIVFLOW","TOT","MLN_USD","A","1985",14866.711364,
"JPN","PRIVFLOW","TOT","MLN_USD","A","1986",11965.043492,
"JPN","PRIVFLOW","TOT","MLN_USD","A","1987",14462.31566,
"JPN","PRIVFLOW","TOT","MLN_USD","A","1988",10177.402502,
"JPN","PRIVFLOW","TOT","MLN_USD","A","1989",11813.095692,
"JPN","PRIVFLOW","TOT","MLN_USD","A","1990",5002.927671,
"JPN","PRIVFLOW","TOT","MLN_USD","A","1991",10416.88141,
"JPN","PRIVFLOW","TOT","MLN_USD","A","1992",1384.813107,
"JPN","PRIVFLOW","TOT","MLN_USD","A","1993",483.305863,
"JPN","PRIVFLOW","TOT","MLN_USD","A","1994",8480.604518,
"JPN","PRIVFLOW","TOT","MLN_USD","A","1995",14686.401212,
"JPN","PRIVFLOW","TOT","MLN_USD","A","1996",21276.439516,
"JPN","PRIVFLOW","TOT","MLN_USD","A","1997",13660.265864,
"JPN","PRIVFLOW","TOT","MLN_USD","A","1998",-3470.654971,
"JPN","PRIVFLOW","TOT","MLN_USD","A","1999",-3510.165397,
"JPN","PRIVFLOW","TOT","MLN_USD","A","2000",2133.446867,
"JPN","PRIVFLOW","TOT","MLN_USD","A","2001",4805.296085,
"JPN","PRIVFLOW","TOT","MLN_USD","A","2002",-535.776761,
"JPN","PRIVFLOW","TOT","MLN_USD","A","2003",-643.358771,
"JPN","PRIVFLOW","TOT","MLN_USD","A","2004",3656.611857,
"JPN","PRIVFLOW","TOT","MLN_USD","A","2005",10542.069067,
"JPN","PRIVFLOW","TOT","MLN_USD","A","2006",11282.946398,
"JPN","PRIVFLOW","TOT","MLN_USD","A","2007",20611.802026,
"JPN","PRIVFLOW","TOT","MLN_USD","A","2008",19810.387539,
"JPN","PRIVFLOW","TOT","MLN_USD","A","2009",20599.76302,
"JPN","PRIVFLOW","TOT","MLN_USD","A","2010",23868.637785,
"JPN","PRIVFLOW","TOT","MLN_USD","A","2011",32013.931222,
"JPN","PRIVFLOW","TOT","MLN_USD","A","2012",22091.345646,
"JPN","PRIVFLOW","TOT","MLN_USD","A","2013",37730.225743,
"JPN","PRIVFLOW","TOT","MLN_USD","A","2014",28245.50325,
"JPN","PRIVFLOW","TOT","MLN_USD","A","2015",29262.28,
"KOR","PRIVFLOW","TOT","MLN_USD","A","1987",402.295832,
"KOR","PRIVFLOW","TOT","MLN_USD","A","1989",78.952085,
"KOR","PRIVFLOW","TOT","MLN_USD","A","1990",198.479984,
"KOR","PRIVFLOW","TOT","MLN_USD","A","1991",509.120939,
"KOR","PRIVFLOW","TOT","MLN_USD","A","1992",637.437225,
"KOR","PRIVFLOW","TOT","MLN_USD","A","1993",645.14526,
"KOR","PRIVFLOW","TOT","MLN_USD","A","1994",1067.739657,
"KOR","PRIVFLOW","TOT","MLN_USD","A","1995",1346.856536,
"KOR","PRIVFLOW","TOT","MLN_USD","A","1996",1833.718577,
"KOR","PRIVFLOW","TOT","MLN_USD","A","1997",1966.386857,
"KOR","PRIVFLOW","TOT","MLN_USD","A","1998",2310.739377,
"KOR","PRIVFLOW","TOT","MLN_USD","A","1999",1046.714487,
"KOR","PRIVFLOW","TOT","MLN_USD","A","2000",677.189701,
"KOR","PRIVFLOW","TOT","MLN_USD","A","2001",-202.160007,
"KOR","PRIVFLOW","TOT","MLN_USD","A","2002",1495.024407,
"KOR","PRIVFLOW","TOT","MLN_USD","A","2003",2281.006661,
"KOR","PRIVFLOW","TOT","MLN_USD","A","2004",2899.880506,
"KOR","PRIVFLOW","TOT","MLN_USD","A","2005",3604.118527,
"KOR","PRIVFLOW","TOT","MLN_USD","A","2006",4976.062552,
"KOR","PRIVFLOW","TOT","MLN_USD","A","2007",9450.778934,
"KOR","PRIVFLOW","TOT","MLN_USD","A","2008",8772.973952,
"KOR","PRIVFLOW","TOT","MLN_USD","A","2009",6204.788654,
"KOR","PRIVFLOW","TOT","MLN_USD","A","2010",9475.799664,
"KOR","PRIVFLOW","TOT","MLN_USD","A","2011",7970.41281,
"KOR","PRIVFLOW","TOT","MLN_USD","A","2012",9924.40469,
"KOR","PRIVFLOW","TOT","MLN_USD","A","2013",11577.359793,
"KOR","PRIVFLOW","TOT","MLN_USD","A","2014",6868.409985,
"KOR","PRIVFLOW","TOT","MLN_USD","A","2015",6886.07,
"NLD","PRIVFLOW","TOT","MLN_USD","A","1960",2590.50885,
"NLD","PRIVFLOW","TOT","MLN_USD","A","1961",1730.144851,
"NLD","PRIVFLOW","TOT","MLN_USD","A","1962",565.314703,
"NLD","PRIVFLOW","TOT","MLN_USD","A","1963",1059.301589,
"NLD","PRIVFLOW","TOT","MLN_USD","A","1964",698.303657,
"NLD","PRIVFLOW","TOT","MLN_USD","A","1965",1611.286778,
"NLD","PRIVFLOW","TOT","MLN_USD","A","1966",1449.563339,
"NLD","PRIVFLOW","TOT","MLN_USD","A","1967",993.591551,
"NLD","PRIVFLOW","TOT","MLN_USD","A","1968",415.00723,
"NLD","PRIVFLOW","TOT","MLN_USD","A","1969",1830.368366,
"NLD","PRIVFLOW","TOT","MLN_USD","A","1970",1557.500404,
"NLD","PRIVFLOW","TOT","MLN_USD","A","1971",1371.185856,
"NLD","PRIVFLOW","TOT","MLN_USD","A","1972",2174.434635,
"NLD","PRIVFLOW","TOT","MLN_USD","A","1973",1145.430141,
"NLD","PRIVFLOW","TOT","MLN_USD","A","1974",1726.924337,
"NLD","PRIVFLOW","TOT","MLN_USD","A","1975",2083.85728,
"NLD","PRIVFLOW","TOT","MLN_USD","A","1976",3090.651743,
"NLD","PRIVFLOW","TOT","MLN_USD","A","1977",3122.444325,
"NLD","PRIVFLOW","TOT","MLN_USD","A","1978",3572.077938,
"NLD","PRIVFLOW","TOT","MLN_USD","A","1979",984.038167,
"NLD","PRIVFLOW","TOT","MLN_USD","A","1980",1214.735438,
"NLD","PRIVFLOW","TOT","MLN_USD","A","1981",1388.8051,
"NLD","PRIVFLOW","TOT","MLN_USD","A","1982",2120.396651,
"NLD","PRIVFLOW","TOT","MLN_USD","A","1983",2078.687299,
"NLD","PRIVFLOW","TOT","MLN_USD","A","1984",1832.523998,
"NLD","PRIVFLOW","TOT","MLN_USD","A","1985",3816.171465,
"NLD","PRIVFLOW","TOT","MLN_USD","A","1986",1891.635209,
"NLD","PRIVFLOW","TOT","MLN_USD","A","1987",1605.684738,
"NLD","PRIVFLOW","TOT","MLN_USD","A","1988",424.682418,
"NLD","PRIVFLOW","TOT","MLN_USD","A","1989",291.506875,
"NLD","PRIVFLOW","TOT","MLN_USD","A","1990",1670.813029,
"NLD","PRIVFLOW","TOT","MLN_USD","A","1991",2370.876111,
"NLD","PRIVFLOW","TOT","MLN_USD","A","1992",370.56767,
"NLD","PRIVFLOW","TOT","MLN_USD","A","1993",3705.192845,
"NLD","PRIVFLOW","TOT","MLN_USD","A","1994",2430.241407,
"NLD","PRIVFLOW","TOT","MLN_USD","A","1995",3597.687626,
"NLD","PRIVFLOW","TOT","MLN_USD","A","1996",6988.540611,
"NLD","PRIVFLOW","TOT","MLN_USD","A","1997",7509.612465,
"NLD","PRIVFLOW","TOT","MLN_USD","A","1998",12475.761142,
"NLD","PRIVFLOW","TOT","MLN_USD","A","1999",6311.972511,
"NLD","PRIVFLOW","TOT","MLN_USD","A","2000",5334.936674,
"NLD","PRIVFLOW","TOT","MLN_USD","A","2001",-10460.877276,
"NLD","PRIVFLOW","TOT","MLN_USD","A","2002",-7396.908311,
"NLD","PRIVFLOW","TOT","MLN_USD","A","2003",11315.418769,
"NLD","PRIVFLOW","TOT","MLN_USD","A","2004",9523.497779,
"NLD","PRIVFLOW","TOT","MLN_USD","A","2005",17091.326634,
"NLD","PRIVFLOW","TOT","MLN_USD","A","2006",21782.47817,
"NLD","PRIVFLOW","TOT","MLN_USD","A","2007",10043.07187,
"NLD","PRIVFLOW","TOT","MLN_USD","A","2008",-17151.870383,
"NLD","PRIVFLOW","TOT","MLN_USD","A","2009",-765.272835,
"NLD","PRIVFLOW","TOT","MLN_USD","A","2010",5183.396359,
"NLD","PRIVFLOW","TOT","MLN_USD","A","2011",12715.519034,
"NLD","PRIVFLOW","TOT","MLN_USD","A","2012",12177.481197,
"NLD","PRIVFLOW","TOT","MLN_USD","A","2013",10450.319453,
"NLD","PRIVFLOW","TOT","MLN_USD","A","2014",52829.869762,
"NLD","PRIVFLOW","TOT","MLN_USD","A","2015",62396,
"NZL","PRIVFLOW","TOT","MLN_USD","A","1970",0.880554,
"NZL","PRIVFLOW","TOT","MLN_USD","A","1971",5.362253,
"NZL","PRIVFLOW","TOT","MLN_USD","A","1972",6.738995,
"NZL","PRIVFLOW","TOT","MLN_USD","A","1973",16.277317,
"NZL","PRIVFLOW","TOT","MLN_USD","A","1974",25.699243,
"NZL","PRIVFLOW","TOT","MLN_USD","A","1975",6.533713,
"NZL","PRIVFLOW","TOT","MLN_USD","A","1976",4.298701,
"NZL","PRIVFLOW","TOT","MLN_USD","A","1977",42.840642,
"NZL","PRIVFLOW","TOT","MLN_USD","A","1978",39.391695,
"NZL","PRIVFLOW","TOT","MLN_USD","A","1979",24.066955,
"NZL","PRIVFLOW","TOT","MLN_USD","A","1980",75.952961,
"NZL","PRIVFLOW","TOT","MLN_USD","A","1981",48.109455,
"NZL","PRIVFLOW","TOT","MLN_USD","A","1982",135.200037,
"NZL","PRIVFLOW","TOT","MLN_USD","A","1983",172.507108,
"NZL","PRIVFLOW","TOT","MLN_USD","A","1984",66.767332,
"NZL","PRIVFLOW","TOT","MLN_USD","A","1985",83.641824,
"NZL","PRIVFLOW","TOT","MLN_USD","A","1986",74.212378,
"NZL","PRIVFLOW","TOT","MLN_USD","A","1987",58.632143,
"NZL","PRIVFLOW","TOT","MLN_USD","A","1988",53.825461,
"NZL","PRIVFLOW","TOT","MLN_USD","A","1995",40.772671,
"NZL","PRIVFLOW","TOT","MLN_USD","A","1996",13.464381,
"NZL","PRIVFLOW","TOT","MLN_USD","A","1997",19.743781,
"NZL","PRIVFLOW","TOT","MLN_USD","A","1998",21.171098,
"NZL","PRIVFLOW","TOT","MLN_USD","A","1999",30.877433,
"NZL","PRIVFLOW","TOT","MLN_USD","A","2000",37.223755,
"NZL","PRIVFLOW","TOT","MLN_USD","A","2001",35.627094,
"NZL","PRIVFLOW","TOT","MLN_USD","A","2002",34.714117,
"NZL","PRIVFLOW","TOT","MLN_USD","A","2003",33.931338,
"NZL","PRIVFLOW","TOT","MLN_USD","A","2004",33.271874,
"NZL","PRIVFLOW","TOT","MLN_USD","A","2005",31.997608,
"NZL","PRIVFLOW","TOT","MLN_USD","A","2006",31.298554,
"NZL","PRIVFLOW","TOT","MLN_USD","A","2007",28.979967,
"NZL","PRIVFLOW","TOT","MLN_USD","A","2008",32.822259,
"NZL","PRIVFLOW","TOT","MLN_USD","A","2009",30.211618,
"NZL","PRIVFLOW","TOT","MLN_USD","A","2010",27.602112,
"NZL","PRIVFLOW","TOT","MLN_USD","A","2011",26.374851,
"NZL","PRIVFLOW","TOT","MLN_USD","A","2012",31.913008,
"NZL","PRIVFLOW","TOT","MLN_USD","A","2013",32.475261,
"NZL","PRIVFLOW","TOT","MLN_USD","A","2014",34.676312,
"NZL","PRIVFLOW","TOT","MLN_USD","A","2015",40.73,
"NOR","PRIVFLOW","TOT","MLN_USD","A","1960",1.29182,
"NOR","PRIVFLOW","TOT","MLN_USD","A","1961",225.550201,
"NOR","PRIVFLOW","TOT","MLN_USD","A","1962",-1.201924,
"NOR","PRIVFLOW","TOT","MLN_USD","A","1963",10.479494,
"NOR","PRIVFLOW","TOT","MLN_USD","A","1964",65.676451,
"NOR","PRIVFLOW","TOT","MLN_USD","A","1965",282.000204,
"NOR","PRIVFLOW","TOT","MLN_USD","A","1966",40.625842,
"NOR","PRIVFLOW","TOT","MLN_USD","A","1967",145.428144,
"NOR","PRIVFLOW","TOT","MLN_USD","A","1968",328.318868,
"NOR","PRIVFLOW","TOT","MLN_USD","A","1969",339.102074,
"NOR","PRIVFLOW","TOT","MLN_USD","A","1970",210.450111,
"NOR","PRIVFLOW","TOT","MLN_USD","A","1971",120.024735,
"NOR","PRIVFLOW","TOT","MLN_USD","A","1972",-115.179901,
"NOR","PRIVFLOW","TOT","MLN_USD","A","1973",6.020847,
"NOR","PRIVFLOW","TOT","MLN_USD","A","1974",204.972001,
"NOR","PRIVFLOW","TOT","MLN_USD","A","1975",332.654567,
"NOR","PRIVFLOW","TOT","MLN_USD","A","1976",858.275036,
"NOR","PRIVFLOW","TOT","MLN_USD","A","1977",790.447257,
"NOR","PRIVFLOW","TOT","MLN_USD","A","1978",813.508257,
"NOR","PRIVFLOW","TOT","MLN_USD","A","1979",841.090688,
"NOR","PRIVFLOW","TOT","MLN_USD","A","1980",819.997303,
"NOR","PRIVFLOW","TOT","MLN_USD","A","1981",332.162211,
"NOR","PRIVFLOW","TOT","MLN_USD","A","1982",474.612263,
"NOR","PRIVFLOW","TOT","MLN_USD","A","1983",209.000555,
"NOR","PRIVFLOW","TOT","MLN_USD","A","1984",-33.893217,
"NOR","PRIVFLOW","TOT","MLN_USD","A","1985",-134.911952,
"NOR","PRIVFLOW","TOT","MLN_USD","A","1986",-329.957237,
"NOR","PRIVFLOW","TOT","MLN_USD","A","1987",-87.12671,
"NOR","PRIVFLOW","TOT","MLN_USD","A","1988",-248.777779,
"NOR","PRIVFLOW","TOT","MLN_USD","A","1989",-87.337102,
"NOR","PRIVFLOW","TOT","MLN_USD","A","1990",-229.235326,
"NOR","PRIVFLOW","TOT","MLN_USD","A","1991",109.229422,
"NOR","PRIVFLOW","TOT","MLN_USD","A","1992",55.215199,
"NOR","PRIVFLOW","TOT","MLN_USD","A","1993",142.057818,
"NOR","PRIVFLOW","TOT","MLN_USD","A","1994",417.537976,
"NOR","PRIVFLOW","TOT","MLN_USD","A","1995",561.184005,
"NOR","PRIVFLOW","TOT","MLN_USD","A","1996",456.069943,
"NOR","PRIVFLOW","TOT","MLN_USD","A","1997",386.223885,
"NOR","PRIVFLOW","TOT","MLN_USD","A","1998",1006.178225,
"NOR","PRIVFLOW","TOT","MLN_USD","A","1999",950.983964,
"NOR","PRIVFLOW","TOT","MLN_USD","A","2000",-9.5774,
"NOR","PRIVFLOW","TOT","MLN_USD","A","2001",-127.199774,
"NOR","PRIVFLOW","TOT","MLN_USD","A","2002",212.635818,
"NOR","PRIVFLOW","TOT","MLN_USD","A","2003",1761.203601,
"NOR","PRIVFLOW","TOT","MLN_USD","A","2004",734.650679,
"NOR","PRIVFLOW","TOT","MLN_USD","A","2005",2026.486051,
"NOR","PRIVFLOW","TOT","MLN_USD","A","2006",2530.809715,
"NOR","PRIVFLOW","TOT","MLN_USD","A","2007",2357.892299,
"NOR","PRIVFLOW","TOT","MLN_USD","A","2008",-194.851892,
"NOR","PRIVFLOW","TOT","MLN_USD","A","2009",819.329234,
"NOR","PRIVFLOW","TOT","MLN_USD","A","2010",1250.409581,
"NOR","PRIVFLOW","TOT","MLN_USD","A","2011",-0.11553,
"NOR","PRIVFLOW","TOT","MLN_USD","A","2012",-0.471107,
"NOR","PRIVFLOW","TOT","MLN_USD","A","2013",-1.192981,
"NOR","PRIVFLOW","TOT","MLN_USD","A","2015",2.8,
"PRT","PRIVFLOW","TOT","MLN_USD","A","1989",-30.830107,
"PRT","PRIVFLOW","TOT","MLN_USD","A","1990",139.873253,
"PRT","PRIVFLOW","TOT","MLN_USD","A","1991",-102.031497,
"PRT","PRIVFLOW","TOT","MLN_USD","A","1992",115.979468,
"PRT","PRIVFLOW","TOT","MLN_USD","A","1993",-26.554971,
"PRT","PRIVFLOW","TOT","MLN_USD","A","1994",-705.779502,
"PRT","PRIVFLOW","TOT","MLN_USD","A","1995",167.559518,
"PRT","PRIVFLOW","TOT","MLN_USD","A","1996",793.385041,
"PRT","PRIVFLOW","TOT","MLN_USD","A","1997",1464.279843,
"PRT","PRIVFLOW","TOT","MLN_USD","A","1998",2371.523304,
"PRT","PRIVFLOW","TOT","MLN_USD","A","1999",3037.046608,
"PRT","PRIVFLOW","TOT","MLN_USD","A","2000",6993.571318,
"PRT","PRIVFLOW","TOT","MLN_USD","A","2001",2440.168728,
"PRT","PRIVFLOW","TOT","MLN_USD","A","2002",-221.754147,
"PRT","PRIVFLOW","TOT","MLN_USD","A","2003",982.738187,
"PRT","PRIVFLOW","TOT","MLN_USD","A","2004",355.030931,
"PRT","PRIVFLOW","TOT","MLN_USD","A","2005",747.185262,
"PRT","PRIVFLOW","TOT","MLN_USD","A","2006",281.86369,
"PRT","PRIVFLOW","TOT","MLN_USD","A","2007",1735.7012,
"PRT","PRIVFLOW","TOT","MLN_USD","A","2008",740.884021,
"PRT","PRIVFLOW","TOT","MLN_USD","A","2009",-1321.000687,
"PRT","PRIVFLOW","TOT","MLN_USD","A","2010",-430.471429,
"PRT","PRIVFLOW","TOT","MLN_USD","A","2011",-1682.498802,
"PRT","PRIVFLOW","TOT","MLN_USD","A","2012",-103.881877,
"PRT","PRIVFLOW","TOT","MLN_USD","A","2013",1569.992909,
"PRT","PRIVFLOW","TOT","MLN_USD","A","2014",1647.950626,
"PRT","PRIVFLOW","TOT","MLN_USD","A","2015",-192.96,
"ESP","PRIVFLOW","TOT","MLN_USD","A","1981",609.465997,
"ESP","PRIVFLOW","TOT","MLN_USD","A","1982",1123.177573,
"ESP","PRIVFLOW","TOT","MLN_USD","A","1983",257.106728,
"ESP","PRIVFLOW","TOT","MLN_USD","A","1984",94.240546,
"ESP","PRIVFLOW","TOT","MLN_USD","A","1985",540.500782,
"ESP","PRIVFLOW","TOT","MLN_USD","A","1986",-1025.538013,
"ESP","PRIVFLOW","TOT","MLN_USD","A","1987",-518.223249,
"ESP","PRIVFLOW","TOT","MLN_USD","A","1988",551.498236,
"ESP","PRIVFLOW","TOT","MLN_USD","A","1989",-237.593791,
"ESP","PRIVFLOW","TOT","MLN_USD","A","1990",-78.99937,
"ESP","PRIVFLOW","TOT","MLN_USD","A","1994",3378.137423,
"ESP","PRIVFLOW","TOT","MLN_USD","A","1995",1219.187896,
"ESP","PRIVFLOW","TOT","MLN_USD","A","1996",3667.86288,
"ESP","PRIVFLOW","TOT","MLN_USD","A","1997",8686.604396,
"ESP","PRIVFLOW","TOT","MLN_USD","A","1998",14703.12973,
"ESP","PRIVFLOW","TOT","MLN_USD","A","1999",40209.865755,
"ESP","PRIVFLOW","TOT","MLN_USD","A","2000",36251.78519,
"ESP","PRIVFLOW","TOT","MLN_USD","A","2001",15513.52386,
"ESP","PRIVFLOW","TOT","MLN_USD","A","2002",9406.10668,
"ESP","PRIVFLOW","TOT","MLN_USD","A","2003",5462.194152,
"ESP","PRIVFLOW","TOT","MLN_USD","A","2004",10626.116535,
"ESP","PRIVFLOW","TOT","MLN_USD","A","2005",3679.951537,
"ESP","PRIVFLOW","TOT","MLN_USD","A","2006",6914.496492,
"ESP","PRIVFLOW","TOT","MLN_USD","A","2007",13820.054937,
"ESP","PRIVFLOW","TOT","MLN_USD","A","2008",18054.677695,
"ESP","PRIVFLOW","TOT","MLN_USD","A","2009",5000.436209,
"ESP","PRIVFLOW","TOT","MLN_USD","A","2010",3702.455555,
"ESP","PRIVFLOW","TOT","MLN_USD","A","2011",12822.801388,
"ESP","PRIVFLOW","TOT","MLN_USD","A","2012",-55.011891,
"ESP","PRIVFLOW","TOT","MLN_USD","A","2013",4604.038517,
"ESP","PRIVFLOW","TOT","MLN_USD","A","2014",9905.016743,
"ESP","PRIVFLOW","TOT","MLN_USD","A","2015",20638.29,
"SWE","PRIVFLOW","TOT","MLN_USD","A","1960",314.185103,
"SWE","PRIVFLOW","TOT","MLN_USD","A","1961",332.693898,
"SWE","PRIVFLOW","TOT","MLN_USD","A","1962",137.914845,
"SWE","PRIVFLOW","TOT","MLN_USD","A","1963",219.129156,
"SWE","PRIVFLOW","TOT","MLN_USD","A","1964",235.025125,
"SWE","PRIVFLOW","TOT","MLN_USD","A","1965",223.324055,
"SWE","PRIVFLOW","TOT","MLN_USD","A","1966",311.437414,
"SWE","PRIVFLOW","TOT","MLN_USD","A","1967",351.005842,
"SWE","PRIVFLOW","TOT","MLN_USD","A","1968",324.019833,
"SWE","PRIVFLOW","TOT","MLN_USD","A","1969",500.170145,
"SWE","PRIVFLOW","TOT","MLN_USD","A","1970",453.613608,
"SWE","PRIVFLOW","TOT","MLN_USD","A","1971",292.130358,
"SWE","PRIVFLOW","TOT","MLN_USD","A","1972",200.762949,
"SWE","PRIVFLOW","TOT","MLN_USD","A","1973",193.593164,
"SWE","PRIVFLOW","TOT","MLN_USD","A","1974",682.52128,
"SWE","PRIVFLOW","TOT","MLN_USD","A","1975",400.481587,
"SWE","PRIVFLOW","TOT","MLN_USD","A","1976",1229.254549,
"SWE","PRIVFLOW","TOT","MLN_USD","A","1977",1729.398239,
"SWE","PRIVFLOW","TOT","MLN_USD","A","1978",1068.411102,
"SWE","PRIVFLOW","TOT","MLN_USD","A","1979",380.36812,
"SWE","PRIVFLOW","TOT","MLN_USD","A","1980",1430.771263,
"SWE","PRIVFLOW","TOT","MLN_USD","A","1981",720.971805,
"SWE","PRIVFLOW","TOT","MLN_USD","A","1982",833.450467,
"SWE","PRIVFLOW","TOT","MLN_USD","A","1983",490.178551,
"SWE","PRIVFLOW","TOT","MLN_USD","A","1984",661.250964,
"SWE","PRIVFLOW","TOT","MLN_USD","A","1985",657.34366,
"SWE","PRIVFLOW","TOT","MLN_USD","A","1986",261.835487,
"SWE","PRIVFLOW","TOT","MLN_USD","A","1987",420.506032,
"SWE","PRIVFLOW","TOT","MLN_USD","A","1988",956.689934,
"SWE","PRIVFLOW","TOT","MLN_USD","A","1989",559.605518,
"SWE","PRIVFLOW","TOT","MLN_USD","A","1990",752.761886,
"SWE","PRIVFLOW","TOT","MLN_USD","A","1991",-462.596276,
"SWE","PRIVFLOW","TOT","MLN_USD","A","1992",446.948795,
"SWE","PRIVFLOW","TOT","MLN_USD","A","1993",784.171699,
"SWE","PRIVFLOW","TOT","MLN_USD","A","1994",543.584906,
"SWE","PRIVFLOW","TOT","MLN_USD","A","1995",553.980137,
"SWE","PRIVFLOW","TOT","MLN_USD","A","1996",-18.634599,
"SWE","PRIVFLOW","TOT","MLN_USD","A","1997",400.977668,
"SWE","PRIVFLOW","TOT","MLN_USD","A","1998",1519.853652,
"SWE","PRIVFLOW","TOT","MLN_USD","A","1999",1527.329337,
"SWE","PRIVFLOW","TOT","MLN_USD","A","2000",2976.07886,
"SWE","PRIVFLOW","TOT","MLN_USD","A","2001",2149.565911,
"SWE","PRIVFLOW","TOT","MLN_USD","A","2002",283.874585,
"SWE","PRIVFLOW","TOT","MLN_USD","A","2003",-1343.652773,
"SWE","PRIVFLOW","TOT","MLN_USD","A","2004",280.211328,
"SWE","PRIVFLOW","TOT","MLN_USD","A","2005",168.897088,
"SWE","PRIVFLOW","TOT","MLN_USD","A","2006",216.579725,
"SWE","PRIVFLOW","TOT","MLN_USD","A","2007",2335.577462,
"SWE","PRIVFLOW","TOT","MLN_USD","A","2008",974.029348,
"SWE","PRIVFLOW","TOT","MLN_USD","A","2009",2425.690937,
"SWE","PRIVFLOW","TOT","MLN_USD","A","2010",341.052416,
"SWE","PRIVFLOW","TOT","MLN_USD","A","2011",894.90994,
"SWE","PRIVFLOW","TOT","MLN_USD","A","2012",7538.434853,
"SWE","PRIVFLOW","TOT","MLN_USD","A","2013",3716.698843,
"SWE","PRIVFLOW","TOT","MLN_USD","A","2014",2592.647483,
"SWE","PRIVFLOW","TOT","MLN_USD","A","2015",3229.64,
"CHE","PRIVFLOW","TOT","MLN_USD","A","1960",3122.46478,
"CHE","PRIVFLOW","TOT","MLN_USD","A","1961",3664.414774,
"CHE","PRIVFLOW","TOT","MLN_USD","A","1962",2892.513852,
"CHE","PRIVFLOW","TOT","MLN_USD","A","1963",3470.143965,
"CHE","PRIVFLOW","TOT","MLN_USD","A","1964",1690.21238,
"CHE","PRIVFLOW","TOT","MLN_USD","A","1965",3036.712692,
"CHE","PRIVFLOW","TOT","MLN_USD","A","1966",1649.537937,
"CHE","PRIVFLOW","TOT","MLN_USD","A","1967",1940.661794,
"CHE","PRIVFLOW","TOT","MLN_USD","A","1968",3149.256763,
"CHE","PRIVFLOW","TOT","MLN_USD","A","1969",1324.584616,
"CHE","PRIVFLOW","TOT","MLN_USD","A","1970",1340.148355,
"CHE","PRIVFLOW","TOT","MLN_USD","A","1971",2366.054478,
"CHE","PRIVFLOW","TOT","MLN_USD","A","1972",879.949236,
"CHE","PRIVFLOW","TOT","MLN_USD","A","1973",1570.420694,
"CHE","PRIVFLOW","TOT","MLN_USD","A","1974",1729.813113,
"CHE","PRIVFLOW","TOT","MLN_USD","A","1975",3054.638456,
"CHE","PRIVFLOW","TOT","MLN_USD","A","1976",6088.84531,
"CHE","PRIVFLOW","TOT","MLN_USD","A","1977",18303.309256,
"CHE","PRIVFLOW","TOT","MLN_USD","A","1978",12198.086236,
"CHE","PRIVFLOW","TOT","MLN_USD","A","1979",14862.509128,
"CHE","PRIVFLOW","TOT","MLN_USD","A","1980",7397.541455,
"CHE","PRIVFLOW","TOT","MLN_USD","A","1981",6844.333849,
"CHE","PRIVFLOW","TOT","MLN_USD","A","1982",9560.847126,
"CHE","PRIVFLOW","TOT","MLN_USD","A","1983",9622.346783,
"CHE","PRIVFLOW","TOT","MLN_USD","A","1984",10995.368171,
"CHE","PRIVFLOW","TOT","MLN_USD","A","1985",7967.060249,
"CHE","PRIVFLOW","TOT","MLN_USD","A","1986",2380.122929,
"CHE","PRIVFLOW","TOT","MLN_USD","A","1987",-4601.129464,
"CHE","PRIVFLOW","TOT","MLN_USD","A","1988",1452.373741,
"CHE","PRIVFLOW","TOT","MLN_USD","A","1989",2646.914392,
"CHE","PRIVFLOW","TOT","MLN_USD","A","1990",4731.387332,
"CHE","PRIVFLOW","TOT","MLN_USD","A","1991",3746.180264,
"CHE","PRIVFLOW","TOT","MLN_USD","A","1992",3072.04597,
"CHE","PRIVFLOW","TOT","MLN_USD","A","1993",4570.585264,
"CHE","PRIVFLOW","TOT","MLN_USD","A","1994",-1690.157887,
"CHE","PRIVFLOW","TOT","MLN_USD","A","1995",-204.67626,
"CHE","PRIVFLOW","TOT","MLN_USD","A","1996",-3783.280375,
"CHE","PRIVFLOW","TOT","MLN_USD","A","1997",-7349.972411,
"CHE","PRIVFLOW","TOT","MLN_USD","A","1998",5957.287625,
"CHE","PRIVFLOW","TOT","MLN_USD","A","1999",4045.865724,
"CHE","PRIVFLOW","TOT","MLN_USD","A","2000",1348.037623,
"CHE","PRIVFLOW","TOT","MLN_USD","A","2001",831.448317,
"CHE","PRIVFLOW","TOT","MLN_USD","A","2002",799.760864,
"CHE","PRIVFLOW","TOT","MLN_USD","A","2003",2458.355893,
"CHE","PRIVFLOW","TOT","MLN_USD","A","2004",-626.629503,
"CHE","PRIVFLOW","TOT","MLN_USD","A","2005",8215.701935,
"CHE","PRIVFLOW","TOT","MLN_USD","A","2006",14178.045132,
"CHE","PRIVFLOW","TOT","MLN_USD","A","2007",4866.568474,
"CHE","PRIVFLOW","TOT","MLN_USD","A","2008",11142.742676,
"CHE","PRIVFLOW","TOT","MLN_USD","A","2009",6907.975615,
"CHE","PRIVFLOW","TOT","MLN_USD","A","2010",22209.241523,
"CHE","PRIVFLOW","TOT","MLN_USD","A","2011",8516.186385,
"CHE","PRIVFLOW","TOT","MLN_USD","A","2012",10423.819249,
"CHE","PRIVFLOW","TOT","MLN_USD","A","2013",9132.096765,
"CHE","PRIVFLOW","TOT","MLN_USD","A","2014",8351.403689,
"CHE","PRIVFLOW","TOT","MLN_USD","A","2015",2421.89,
"TUR","PRIVFLOW","TOT","MLN_USD","A","2006",990.907183,
"TUR","PRIVFLOW","TOT","MLN_USD","A","2007",622.765049,
"TUR","PRIVFLOW","TOT","MLN_USD","A","2008",556.945932,
"TUR","PRIVFLOW","TOT","MLN_USD","A","2009",614.428421,
"TUR","PRIVFLOW","TOT","MLN_USD","A","2010",528.927049,
"TUR","PRIVFLOW","TOT","MLN_USD","A","2011",712.56459,
"TUR","PRIVFLOW","TOT","MLN_USD","A","2012",597.199976,
"TUR","PRIVFLOW","TOT","MLN_USD","A","2013",667.225834,
"TUR","PRIVFLOW","TOT","MLN_USD","A","2014",2083.041665,
"TUR","PRIVFLOW","TOT","MLN_USD","A","2015",597,
"GBR","PRIVFLOW","TOT","MLN_USD","A","1960",5010.236724,
"GBR","PRIVFLOW","TOT","MLN_USD","A","1961",4526.65166,
"GBR","PRIVFLOW","TOT","MLN_USD","A","1962",3186.891601,
"GBR","PRIVFLOW","TOT","MLN_USD","A","1963",2989.72425,
"GBR","PRIVFLOW","TOT","MLN_USD","A","1964",4022.230694,
"GBR","PRIVFLOW","TOT","MLN_USD","A","1965",4877.272108,
"GBR","PRIVFLOW","TOT","MLN_USD","A","1966",3377.321102,
"GBR","PRIVFLOW","TOT","MLN_USD","A","1967",2736.511851,
"GBR","PRIVFLOW","TOT","MLN_USD","A","1968",3762.979406,
"GBR","PRIVFLOW","TOT","MLN_USD","A","1969",6152.352282,
"GBR","PRIVFLOW","TOT","MLN_USD","A","1970",6018.301449,
"GBR","PRIVFLOW","TOT","MLN_USD","A","1971",5173.39399,
"GBR","PRIVFLOW","TOT","MLN_USD","A","1972",2918.35241,
"GBR","PRIVFLOW","TOT","MLN_USD","A","1973",1288.264066,
"GBR","PRIVFLOW","TOT","MLN_USD","A","1974",4834.547105,
"GBR","PRIVFLOW","TOT","MLN_USD","A","1975",21667.159979,
"GBR","PRIVFLOW","TOT","MLN_USD","A","1976",28530.979954,
"GBR","PRIVFLOW","TOT","MLN_USD","A","1977",24741.392018,
"GBR","PRIVFLOW","TOT","MLN_USD","A","1978",27075.30754,
"GBR","PRIVFLOW","TOT","MLN_USD","A","1979",31824.075982,
"GBR","PRIVFLOW","TOT","MLN_USD","A","1980",22660.24751,
"GBR","PRIVFLOW","TOT","MLN_USD","A","1981",20694.065272,
"GBR","PRIVFLOW","TOT","MLN_USD","A","1982",10071.654946,
"GBR","PRIVFLOW","TOT","MLN_USD","A","1983",10976.758776,
"GBR","PRIVFLOW","TOT","MLN_USD","A","1984",7909.320455,
"GBR","PRIVFLOW","TOT","MLN_USD","A","1985",1050.576158,
"GBR","PRIVFLOW","TOT","MLN_USD","A","1986",10329.528594,
"GBR","PRIVFLOW","TOT","MLN_USD","A","1987",2252.966961,
"GBR","PRIVFLOW","TOT","MLN_USD","A","1988",1863.842705,
"GBR","PRIVFLOW","TOT","MLN_USD","A","1989",10711.272632,
"GBR","PRIVFLOW","TOT","MLN_USD","A","1990",4350.907275,
"GBR","PRIVFLOW","TOT","MLN_USD","A","1991",2141.081703,
"GBR","PRIVFLOW","TOT","MLN_USD","A","1992",7289.133399,
"GBR","PRIVFLOW","TOT","MLN_USD","A","1993",5983.386457,
"GBR","PRIVFLOW","TOT","MLN_USD","A","1994",12398.793476,
"GBR","PRIVFLOW","TOT","MLN_USD","A","1995",13581.166512,
"GBR","PRIVFLOW","TOT","MLN_USD","A","1996",26179.01382,
"GBR","PRIVFLOW","TOT","MLN_USD","A","1997",20842.248097,
"GBR","PRIVFLOW","TOT","MLN_USD","A","1998",10063.510797,
"GBR","PRIVFLOW","TOT","MLN_USD","A","1999",14729.912361,
"GBR","PRIVFLOW","TOT","MLN_USD","A","2000",7115.964775,
"GBR","PRIVFLOW","TOT","MLN_USD","A","2001",6614.512739,
"GBR","PRIVFLOW","TOT","MLN_USD","A","2002",3121.013689,
"GBR","PRIVFLOW","TOT","MLN_USD","A","2003",14047.449653,
"GBR","PRIVFLOW","TOT","MLN_USD","A","2004",24316.961194,
"GBR","PRIVFLOW","TOT","MLN_USD","A","2005",20135.829792,
"GBR","PRIVFLOW","TOT","MLN_USD","A","2006",13736.384509,
"GBR","PRIVFLOW","TOT","MLN_USD","A","2007",34367.463219,
"GBR","PRIVFLOW","TOT","MLN_USD","A","2008",28080.97563,
"GBR","PRIVFLOW","TOT","MLN_USD","A","2009",13694.569143,
"GBR","PRIVFLOW","TOT","MLN_USD","A","2010",13052.690516,
"GBR","PRIVFLOW","TOT","MLN_USD","A","2011",32640.875301,
"GBR","PRIVFLOW","TOT","MLN_USD","A","2012",48650.057889,
"GBR","PRIVFLOW","TOT","MLN_USD","A","2013",11634.390652,
"GBR","PRIVFLOW","TOT","MLN_USD","A","2014",11613.252316,
"USA","PRIVFLOW","TOT","MLN_USD","A","1960",6559.939766,
"USA","PRIVFLOW","TOT","MLN_USD","A","1961",6859.056872,
"USA","PRIVFLOW","TOT","MLN_USD","A","1962",5036.590306,
"USA","PRIVFLOW","TOT","MLN_USD","A","1963",5351.603708,
"USA","PRIVFLOW","TOT","MLN_USD","A","1964",11330.183418,
"USA","PRIVFLOW","TOT","MLN_USD","A","1965",11116.183646,
"USA","PRIVFLOW","TOT","MLN_USD","A","1966",8647.058315,
"USA","PRIVFLOW","TOT","MLN_USD","A","1967",11439.581586,
"USA","PRIVFLOW","TOT","MLN_USD","A","1968",13063.376614,
"USA","PRIVFLOW","TOT","MLN_USD","A","1969",7252.90983,
"USA","PRIVFLOW","TOT","MLN_USD","A","1970",12174.010773,
"USA","PRIVFLOW","TOT","MLN_USD","A","1971",11230.814412,
"USA","PRIVFLOW","TOT","MLN_USD","A","1972",13770.998902,
"USA","PRIVFLOW","TOT","MLN_USD","A","1973",8298.780835,
"USA","PRIVFLOW","TOT","MLN_USD","A","1974",-2652.106676,
"USA","PRIVFLOW","TOT","MLN_USD","A","1975",41384.237688,
"USA","PRIVFLOW","TOT","MLN_USD","A","1976",21276.554713,
"USA","PRIVFLOW","TOT","MLN_USD","A","1977",19282.331592,
"USA","PRIVFLOW","TOT","MLN_USD","A","1978",24242.154049,
"USA","PRIVFLOW","TOT","MLN_USD","A","1979",32448.555339,
"USA","PRIVFLOW","TOT","MLN_USD","A","1980",10661.06458,
"USA","PRIVFLOW","TOT","MLN_USD","A","1981",42298.804212,
"USA","PRIVFLOW","TOT","MLN_USD","A","1982",40769.06,
"USA","PRIVFLOW","TOT","MLN_USD","A","1983",27887.271026,
"USA","PRIVFLOW","TOT","MLN_USD","A","1984",34481.430579,
"USA","PRIVFLOW","TOT","MLN_USD","A","1985",-17829.331025,
"USA","PRIVFLOW","TOT","MLN_USD","A","1986",14076.893443,
"USA","PRIVFLOW","TOT","MLN_USD","A","1987",8072.823295,
"USA","PRIVFLOW","TOT","MLN_USD","A","1988",5684.349946,
"USA","PRIVFLOW","TOT","MLN_USD","A","1989",12513.063125,
"USA","PRIVFLOW","TOT","MLN_USD","A","1990",-3881.127905,
"USA","PRIVFLOW","TOT","MLN_USD","A","1991",12114.879283,
"USA","PRIVFLOW","TOT","MLN_USD","A","1992",27536.657532,
"USA","PRIVFLOW","TOT","MLN_USD","A","1993",69129.920814,
"USA","PRIVFLOW","TOT","MLN_USD","A","1994",69068.194474,
"USA","PRIVFLOW","TOT","MLN_USD","A","1995",52049.153198,
"USA","PRIVFLOW","TOT","MLN_USD","A","1996",61275.810388,
"USA","PRIVFLOW","TOT","MLN_USD","A","1997",92085.289918,
"USA","PRIVFLOW","TOT","MLN_USD","A","1998",50372.098162,
"USA","PRIVFLOW","TOT","MLN_USD","A","1999",44262.838002,
"USA","PRIVFLOW","TOT","MLN_USD","A","2000",14327.537831,
"USA","PRIVFLOW","TOT","MLN_USD","A","2001",28715.274369,
"USA","PRIVFLOW","TOT","MLN_USD","A","2002",6691.28087,
"USA","PRIVFLOW","TOT","MLN_USD","A","2003",17941.236498,
"USA","PRIVFLOW","TOT","MLN_USD","A","2004",7979.765642,
"USA","PRIVFLOW","TOT","MLN_USD","A","2005",93284.322771,
"USA","PRIVFLOW","TOT","MLN_USD","A","2006",72329.628572,
"USA","PRIVFLOW","TOT","MLN_USD","A","2007",110234.008006,
"USA","PRIVFLOW","TOT","MLN_USD","A","2008",-31898.78969,
"USA","PRIVFLOW","TOT","MLN_USD","A","2009",76083.793107,
"USA","PRIVFLOW","TOT","MLN_USD","A","2010",175214.31326,
"USA","PRIVFLOW","TOT","MLN_USD","A","2011",115455.2233,
"USA","PRIVFLOW","TOT","MLN_USD","A","2012",112067.729249,
"USA","PRIVFLOW","TOT","MLN_USD","A","2013",95991.061883,
"USA","PRIVFLOW","TOT","MLN_USD","A","2014",181274.361032,
"USA","PRIVFLOW","TOT","MLN_USD","A","2015",-21238.94,
"DAC","PRIVFLOW","TOT","MLN_USD","A","1960",29684.990761,
"DAC","PRIVFLOW","TOT","MLN_USD","A","1961",28417.612472,
"DAC","PRIVFLOW","TOT","MLN_USD","A","1962",21618.961039,
"DAC","PRIVFLOW","TOT","MLN_USD","A","1963",22017.386116,
"DAC","PRIVFLOW","TOT","MLN_USD","A","1964",27959.219698,
"DAC","PRIVFLOW","TOT","MLN_USD","A","1965",31170.875624,
"DAC","PRIVFLOW","TOT","MLN_USD","A","1966",28805.955716,
"DAC","PRIVFLOW","TOT","MLN_USD","A","1967",29679.922313,
"DAC","PRIVFLOW","TOT","MLN_USD","A","1968",43848.73073,
"DAC","PRIVFLOW","TOT","MLN_USD","A","1969",45219.360431,
"DAC","PRIVFLOW","TOT","MLN_USD","A","1970",43488.962494,
"DAC","PRIVFLOW","TOT","MLN_USD","A","1971",44544.136452,
"DAC","PRIVFLOW","TOT","MLN_USD","A","1972",39988.378518,
"DAC","PRIVFLOW","TOT","MLN_USD","A","1973",37353.955801,
"DAC","PRIVFLOW","TOT","MLN_USD","A","1974",27146.657729,
"DAC","PRIVFLOW","TOT","MLN_USD","A","1975",95293.508542,
"DAC","PRIVFLOW","TOT","MLN_USD","A","1976",98199.960469,
"DAC","PRIVFLOW","TOT","MLN_USD","A","1977",107862.717583,
"DAC","PRIVFLOW","TOT","MLN_USD","A","1978",122459.755888,
"DAC","PRIVFLOW","TOT","MLN_USD","A","1979",125053.440183,
"DAC","PRIVFLOW","TOT","MLN_USD","A","1980",87848.768283,
"DAC","PRIVFLOW","TOT","MLN_USD","A","1981",130814.700901,
"DAC","PRIVFLOW","TOT","MLN_USD","A","1982",110009.611503,
"DAC","PRIVFLOW","TOT","MLN_USD","A","1983",83275.402095,
"DAC","PRIVFLOW","TOT","MLN_USD","A","1984",97336.061494,
"DAC","PRIVFLOW","TOT","MLN_USD","A","1985",28190.386912,
"DAC","PRIVFLOW","TOT","MLN_USD","A","1986",45519.275387,
"DAC","PRIVFLOW","TOT","MLN_USD","A","1987",21985.873541,
"DAC","PRIVFLOW","TOT","MLN_USD","A","1988",36251.262919,
"DAC","PRIVFLOW","TOT","MLN_USD","A","1989",47090.472548,
"DAC","PRIVFLOW","TOT","MLN_USD","A","1990",13094.299067,
"DAC","PRIVFLOW","TOT","MLN_USD","A","1991",32533.494305,
"DAC","PRIVFLOW","TOT","MLN_USD","A","1992",51467.641474,
"DAC","PRIVFLOW","TOT","MLN_USD","A","1993",97931.479508,
"DAC","PRIVFLOW","TOT","MLN_USD","A","1994",121259.477526,
"DAC","PRIVFLOW","TOT","MLN_USD","A","1995",108902.748711,
"DAC","PRIVFLOW","TOT","MLN_USD","A","1996",153350.367564,
"DAC","PRIVFLOW","TOT","MLN_USD","A","1997",163876.184509,
"DAC","PRIVFLOW","TOT","MLN_USD","A","1998",155938.50756,
"DAC","PRIVFLOW","TOT","MLN_USD","A","1999",165241.731038,
"DAC","PRIVFLOW","TOT","MLN_USD","A","2000",117948.781186,
"DAC","PRIVFLOW","TOT","MLN_USD","A","2001",70632.895558,
"DAC","PRIVFLOW","TOT","MLN_USD","A","2002",9360.291704,
"DAC","PRIVFLOW","TOT","MLN_USD","A","2003",60274.318162,
"DAC","PRIVFLOW","TOT","MLN_USD","A","2004",81761.189921,
"DAC","PRIVFLOW","TOT","MLN_USD","A","2005",201749.729482,
"DAC","PRIVFLOW","TOT","MLN_USD","A","2006",214539.682114,
"DAC","PRIVFLOW","TOT","MLN_USD","A","2007",310669.31868,
"DAC","PRIVFLOW","TOT","MLN_USD","A","2008",109261.653552,
"DAC","PRIVFLOW","TOT","MLN_USD","A","2009",176287.304999,
"DAC","PRIVFLOW","TOT","MLN_USD","A","2010",339879.865561,
"DAC","PRIVFLOW","TOT","MLN_USD","A","2011",296994.05384,
"DAC","PRIVFLOW","TOT","MLN_USD","A","2012",287240.522484,
"DAC","PRIVFLOW","TOT","MLN_USD","A","2013",252931.260107,
"DAC","PRIVFLOW","TOT","MLN_USD","A","2014",383675.724363,
"DAC","PRIVFLOW","TOT","MLN_USD","A","2015",143246.99,
"CZE","PRIVFLOW","TOT","MLN_USD","A","2014",-95.013516,
"CZE","PRIVFLOW","TOT","MLN_USD","A","2015",14.91,
"ISL","PRIVFLOW","TOT","MLN_USD","A","2015",0.2,
"POL","PRIVFLOW","TOT","MLN_USD","A","2015",58.31,
"SVN","PRIVFLOW","TOT","MLN_USD","A","2015",93.08,
