﻿"LOCATION","INDICATOR","SUBJECT","MEASURE","FREQUENCY","TIME","Value","Flag Codes"
"AUS","TOTFLOW","TOT","MLN_USD","A","1960",573.243095,
"AUS","TOTFLOW","TOT","MLN_USD","A","1961",682.085519,
"AUS","TOTFLOW","TOT","MLN_USD","A","1962",704.12665,
"AUS","TOTFLOW","TOT","MLN_USD","A","1963",896.087013,
"AUS","TOTFLOW","TOT","MLN_USD","A","1964",1069.465859,
"AUS","TOTFLOW","TOT","MLN_USD","A","1965",1266.444089,
"AUS","TOTFLOW","TOT","MLN_USD","A","1966",1328.138895,
"AUS","TOTFLOW","TOT","MLN_USD","A","1967",1618.810664,
"AUS","TOTFLOW","TOT","MLN_USD","A","1968",1628.586483,
"AUS","TOTFLOW","TOT","MLN_USD","A","1969",1841.434123,
"AUS","TOTFLOW","TOT","MLN_USD","A","1970",2911.912554,
"AUS","TOTFLOW","TOT","MLN_USD","A","1971",3611.109119,
"AUS","TOTFLOW","TOT","MLN_USD","A","1972",2702.989473,
"AUS","TOTFLOW","TOT","MLN_USD","A","1973",1615.978661,
"AUS","TOTFLOW","TOT","MLN_USD","A","1974",2004.855328,
"AUS","TOTFLOW","TOT","MLN_USD","A","1975",2241.442886,
"AUS","TOTFLOW","TOT","MLN_USD","A","1976",1741.040762,
"AUS","TOTFLOW","TOT","MLN_USD","A","1977",2014.101884,
"AUS","TOTFLOW","TOT","MLN_USD","A","1978",2146.386677,
"AUS","TOTFLOW","TOT","MLN_USD","A","1979",2483.111386,
"AUS","TOTFLOW","TOT","MLN_USD","A","1980",2224.942372,
"AUS","TOTFLOW","TOT","MLN_USD","A","1981",1879.611556,
"AUS","TOTFLOW","TOT","MLN_USD","A","1982",2819.094237,
"AUS","TOTFLOW","TOT","MLN_USD","A","1983",2272.146201,
"AUS","TOTFLOW","TOT","MLN_USD","A","1984",3500.917796,
"AUS","TOTFLOW","TOT","MLN_USD","A","1985",3396.14844,
"AUS","TOTFLOW","TOT","MLN_USD","A","1986",2832.837536,
"AUS","TOTFLOW","TOT","MLN_USD","A","1987",2213.222797,
"AUS","TOTFLOW","TOT","MLN_USD","A","1988",7136.29955,
"AUS","TOTFLOW","TOT","MLN_USD","A","1989",2819.818437,
"AUS","TOTFLOW","TOT","MLN_USD","A","1990",2723.270587,
"AUS","TOTFLOW","TOT","MLN_USD","A","1991",-3697.584291,
"AUS","TOTFLOW","TOT","MLN_USD","A","1992",7569.195806,
"AUS","TOTFLOW","TOT","MLN_USD","A","1993",4047.45209,
"AUS","TOTFLOW","TOT","MLN_USD","A","1994",3808.000819,
"AUS","TOTFLOW","TOT","MLN_USD","A","1995",4346.042422,
"AUS","TOTFLOW","TOT","MLN_USD","A","1996",-1145.151394,
"AUS","TOTFLOW","TOT","MLN_USD","A","1997",-5024.607315,
"AUS","TOTFLOW","TOT","MLN_USD","A","1998",2525.005052,
"AUS","TOTFLOW","TOT","MLN_USD","A","1999",3943.855753,
"AUS","TOTFLOW","TOT","MLN_USD","A","2000",3783.495735,
"AUS","TOTFLOW","TOT","MLN_USD","A","2001",2612.992152,
"AUS","TOTFLOW","TOT","MLN_USD","A","2002",1534.307826,
"AUS","TOTFLOW","TOT","MLN_USD","A","2003",4738.907216,
"AUS","TOTFLOW","TOT","MLN_USD","A","2004",3247.654717,
"AUS","TOTFLOW","TOT","MLN_USD","A","2005",6638.744881,
"AUS","TOTFLOW","TOT","MLN_USD","A","2006",11063.336473,
"AUS","TOTFLOW","TOT","MLN_USD","A","2007",10867.360917,
"AUS","TOTFLOW","TOT","MLN_USD","A","2008",3866.462431,
"AUS","TOTFLOW","TOT","MLN_USD","A","2009",3339.122773,
"AUS","TOTFLOW","TOT","MLN_USD","A","2010",12498.843556,
"AUS","TOTFLOW","TOT","MLN_USD","A","2011",13549.018234,
"AUS","TOTFLOW","TOT","MLN_USD","A","2012",16023.001277,
"AUS","TOTFLOW","TOT","MLN_USD","A","2013",17956.837589,
"AUS","TOTFLOW","TOT","MLN_USD","A","2014",26479.283874,
"AUS","TOTFLOW","TOT","MLN_USD","A","2015",13840.39,
"AUT","TOTFLOW","TOT","MLN_USD","A","1960",73.489188,
"AUT","TOTFLOW","TOT","MLN_USD","A","1961",248.130728,
"AUT","TOTFLOW","TOT","MLN_USD","A","1962",365.303992,
"AUT","TOTFLOW","TOT","MLN_USD","A","1963",67.175737,
"AUT","TOTFLOW","TOT","MLN_USD","A","1964",234.993642,
"AUT","TOTFLOW","TOT","MLN_USD","A","1965",495.116875,
"AUT","TOTFLOW","TOT","MLN_USD","A","1966",496.010171,
"AUT","TOTFLOW","TOT","MLN_USD","A","1967",465.146732,
"AUT","TOTFLOW","TOT","MLN_USD","A","1968",697.675848,
"AUT","TOTFLOW","TOT","MLN_USD","A","1969",738.02762,
"AUT","TOTFLOW","TOT","MLN_USD","A","1970",833.399517,
"AUT","TOTFLOW","TOT","MLN_USD","A","1971",731.239864,
"AUT","TOTFLOW","TOT","MLN_USD","A","1972",756.364264,
"AUT","TOTFLOW","TOT","MLN_USD","A","1973",768.962325,
"AUT","TOTFLOW","TOT","MLN_USD","A","1974",938.923928,
"AUT","TOTFLOW","TOT","MLN_USD","A","1975",746.101477,
"AUT","TOTFLOW","TOT","MLN_USD","A","1976",1515.123051,
"AUT","TOTFLOW","TOT","MLN_USD","A","1977",1708.915707,
"AUT","TOTFLOW","TOT","MLN_USD","A","1978",1404.685927,
"AUT","TOTFLOW","TOT","MLN_USD","A","1979",639.34085,
"AUT","TOTFLOW","TOT","MLN_USD","A","1980",583.247474,
"AUT","TOTFLOW","TOT","MLN_USD","A","1981",836.203096,
"AUT","TOTFLOW","TOT","MLN_USD","A","1982",372.830251,
"AUT","TOTFLOW","TOT","MLN_USD","A","1983",361.067626,
"AUT","TOTFLOW","TOT","MLN_USD","A","1984",165.467538,
"AUT","TOTFLOW","TOT","MLN_USD","A","1985",476.418808,
"AUT","TOTFLOW","TOT","MLN_USD","A","1986",284.833059,
"AUT","TOTFLOW","TOT","MLN_USD","A","1987",424.47207,
"AUT","TOTFLOW","TOT","MLN_USD","A","1988",499.817035,
"AUT","TOTFLOW","TOT","MLN_USD","A","1989",260.884286,
"AUT","TOTFLOW","TOT","MLN_USD","A","1990",525.990011,
"AUT","TOTFLOW","TOT","MLN_USD","A","1991",728.877121,
"AUT","TOTFLOW","TOT","MLN_USD","A","1992",812.911796,
"AUT","TOTFLOW","TOT","MLN_USD","A","1993",705.30042,
"AUT","TOTFLOW","TOT","MLN_USD","A","1994",1055.685577,
"AUT","TOTFLOW","TOT","MLN_USD","A","1995",1057.8861,
"AUT","TOTFLOW","TOT","MLN_USD","A","1996",2224.504534,
"AUT","TOTFLOW","TOT","MLN_USD","A","1997",2228.045288,
"AUT","TOTFLOW","TOT","MLN_USD","A","1998",1261.644387,
"AUT","TOTFLOW","TOT","MLN_USD","A","1999",2806.848052,
"AUT","TOTFLOW","TOT","MLN_USD","A","2000",1781.114464,
"AUT","TOTFLOW","TOT","MLN_USD","A","2001",1325.61264,
"AUT","TOTFLOW","TOT","MLN_USD","A","2002",2840.790404,
"AUT","TOTFLOW","TOT","MLN_USD","A","2003",1770.056603,
"AUT","TOTFLOW","TOT","MLN_USD","A","2004",1479.916732,
"AUT","TOTFLOW","TOT","MLN_USD","A","2005",5160.51547,
"AUT","TOTFLOW","TOT","MLN_USD","A","2006",3582.347272,
"AUT","TOTFLOW","TOT","MLN_USD","A","2007",18974.479582,
"AUT","TOTFLOW","TOT","MLN_USD","A","2008",9389.830294,
"AUT","TOTFLOW","TOT","MLN_USD","A","2009",2883.768529,
"AUT","TOTFLOW","TOT","MLN_USD","A","2010",5841.154984,
"AUT","TOTFLOW","TOT","MLN_USD","A","2011",6921.690242,
"AUT","TOTFLOW","TOT","MLN_USD","A","2012",4361.349826,
"AUT","TOTFLOW","TOT","MLN_USD","A","2013",904.329354,
"AUT","TOTFLOW","TOT","MLN_USD","A","2014",2960.58926,
"AUT","TOTFLOW","TOT","MLN_USD","A","2015",4528.78,
"BEL","TOTFLOW","TOT","MLN_USD","A","1960",1651.001943,
"BEL","TOTFLOW","TOT","MLN_USD","A","1961",1469.000241,
"BEL","TOTFLOW","TOT","MLN_USD","A","1962",1040.226857,
"BEL","TOTFLOW","TOT","MLN_USD","A","1963",1495.239626,
"BEL","TOTFLOW","TOT","MLN_USD","A","1964",1340.518666,
"BEL","TOTFLOW","TOT","MLN_USD","A","1965",1709.060069,
"BEL","TOTFLOW","TOT","MLN_USD","A","1966",1327.77113,
"BEL","TOTFLOW","TOT","MLN_USD","A","1967",1184.707315,
"BEL","TOTFLOW","TOT","MLN_USD","A","1968",1714.940275,
"BEL","TOTFLOW","TOT","MLN_USD","A","1969",1752.615899,
"BEL","TOTFLOW","TOT","MLN_USD","A","1970",1987.808896,
"BEL","TOTFLOW","TOT","MLN_USD","A","1971",1895.104025,
"BEL","TOTFLOW","TOT","MLN_USD","A","1972",2059.519802,
"BEL","TOTFLOW","TOT","MLN_USD","A","1973",2130.564783,
"BEL","TOTFLOW","TOT","MLN_USD","A","1974",2233.823432,
"BEL","TOTFLOW","TOT","MLN_USD","A","1975",2726.553083,
"BEL","TOTFLOW","TOT","MLN_USD","A","1976",3748.748434,
"BEL","TOTFLOW","TOT","MLN_USD","A","1977",3453.541809,
"BEL","TOTFLOW","TOT","MLN_USD","A","1978",6230.503339,
"BEL","TOTFLOW","TOT","MLN_USD","A","1979",4570.911055,
"BEL","TOTFLOW","TOT","MLN_USD","A","1980",5512.15292,
"BEL","TOTFLOW","TOT","MLN_USD","A","1981",6504.295662,
"BEL","TOTFLOW","TOT","MLN_USD","A","1982",1741.23203,
"BEL","TOTFLOW","TOT","MLN_USD","A","1983",2129.834953,
"BEL","TOTFLOW","TOT","MLN_USD","A","1984",10498.894293,
"BEL","TOTFLOW","TOT","MLN_USD","A","1985",3853.132223,
"BEL","TOTFLOW","TOT","MLN_USD","A","1986",-1734.149471,
"BEL","TOTFLOW","TOT","MLN_USD","A","1987",-545.530504,
"BEL","TOTFLOW","TOT","MLN_USD","A","1988",3027.385499,
"BEL","TOTFLOW","TOT","MLN_USD","A","1989",2548.83389,
"BEL","TOTFLOW","TOT","MLN_USD","A","1990",126.503702,
"BEL","TOTFLOW","TOT","MLN_USD","A","1991",2198.01592,
"BEL","TOTFLOW","TOT","MLN_USD","A","1992",2830.828283,
"BEL","TOTFLOW","TOT","MLN_USD","A","1993",986.725547,
"BEL","TOTFLOW","TOT","MLN_USD","A","1994",2767.09846,
"BEL","TOTFLOW","TOT","MLN_USD","A","1995",-259.446942,
"BEL","TOTFLOW","TOT","MLN_USD","A","1996",6497.754012,
"BEL","TOTFLOW","TOT","MLN_USD","A","1997",-14084.290322,
"BEL","TOTFLOW","TOT","MLN_USD","A","1998",10203.793325,
"BEL","TOTFLOW","TOT","MLN_USD","A","1999",7573.291635,
"BEL","TOTFLOW","TOT","MLN_USD","A","2000",3540.545324,
"BEL","TOTFLOW","TOT","MLN_USD","A","2001",475.555237,
"BEL","TOTFLOW","TOT","MLN_USD","A","2002",1954.866035,
"BEL","TOTFLOW","TOT","MLN_USD","A","2003",1460.717355,
"BEL","TOTFLOW","TOT","MLN_USD","A","2004",870.364886,
"BEL","TOTFLOW","TOT","MLN_USD","A","2005",3280.931993,
"BEL","TOTFLOW","TOT","MLN_USD","A","2006",5363.604954,
"BEL","TOTFLOW","TOT","MLN_USD","A","2007",3465.556107,
"BEL","TOTFLOW","TOT","MLN_USD","A","2008",3739.402841,
"BEL","TOTFLOW","TOT","MLN_USD","A","2009",2799.398435,
"BEL","TOTFLOW","TOT","MLN_USD","A","2010",7071.298066,
"BEL","TOTFLOW","TOT","MLN_USD","A","2011",991.339976,
"BEL","TOTFLOW","TOT","MLN_USD","A","2012",2395.778834,
"BEL","TOTFLOW","TOT","MLN_USD","A","2013",8667.065386,
"BEL","TOTFLOW","TOT","MLN_USD","A","2014",7357.554441,
"BEL","TOTFLOW","TOT","MLN_USD","A","2015",3635.05,
"CAN","TOTFLOW","TOT","MLN_USD","A","1960",895.148153,
"CAN","TOTFLOW","TOT","MLN_USD","A","1961",601.054332,
"CAN","TOTFLOW","TOT","MLN_USD","A","1962",839.488166,
"CAN","TOTFLOW","TOT","MLN_USD","A","1963",928.525983,
"CAN","TOTFLOW","TOT","MLN_USD","A","1964",980.551406,
"CAN","TOTFLOW","TOT","MLN_USD","A","1965",1129.031322,
"CAN","TOTFLOW","TOT","MLN_USD","A","1966",1729.312921,
"CAN","TOTFLOW","TOT","MLN_USD","A","1967",1634.625077,
"CAN","TOTFLOW","TOT","MLN_USD","A","1968",1909.080752,
"CAN","TOTFLOW","TOT","MLN_USD","A","1969",1859.168333,
"CAN","TOTFLOW","TOT","MLN_USD","A","1970",3206.858607,
"CAN","TOTFLOW","TOT","MLN_USD","A","1971",4398.939381,
"CAN","TOTFLOW","TOT","MLN_USD","A","1972",4378.522908,
"CAN","TOTFLOW","TOT","MLN_USD","A","1973",4488.819464,
"CAN","TOTFLOW","TOT","MLN_USD","A","1974",5792.890154,
"CAN","TOTFLOW","TOT","MLN_USD","A","1975",6568.330147,
"CAN","TOTFLOW","TOT","MLN_USD","A","1976",6738.736073,
"CAN","TOTFLOW","TOT","MLN_USD","A","1977",6798.793962,
"CAN","TOTFLOW","TOT","MLN_USD","A","1978",7132.427563,
"CAN","TOTFLOW","TOT","MLN_USD","A","1979",6577.797548,
"CAN","TOTFLOW","TOT","MLN_USD","A","1980",7963.416388,
"CAN","TOTFLOW","TOT","MLN_USD","A","1981",13305.226574,
"CAN","TOTFLOW","TOT","MLN_USD","A","1982",4024.991707,
"CAN","TOTFLOW","TOT","MLN_USD","A","1983",5257.335335,
"CAN","TOTFLOW","TOT","MLN_USD","A","1984",5824.560422,
"CAN","TOTFLOW","TOT","MLN_USD","A","1985",3570.410339,
"CAN","TOTFLOW","TOT","MLN_USD","A","1986",3249.430395,
"CAN","TOTFLOW","TOT","MLN_USD","A","1987",5530.492413,
"CAN","TOTFLOW","TOT","MLN_USD","A","1988",4994.814925,
"CAN","TOTFLOW","TOT","MLN_USD","A","1989",4249.170609,
"CAN","TOTFLOW","TOT","MLN_USD","A","1990",5119.650464,
"CAN","TOTFLOW","TOT","MLN_USD","A","1991",5643.911081,
"CAN","TOTFLOW","TOT","MLN_USD","A","1992",6081.97881,
"CAN","TOTFLOW","TOT","MLN_USD","A","1993",8142.494407,
"CAN","TOTFLOW","TOT","MLN_USD","A","1994",9064.651233,
"CAN","TOTFLOW","TOT","MLN_USD","A","1995",9046.035426,
"CAN","TOTFLOW","TOT","MLN_USD","A","1996",10312.933766,
"CAN","TOTFLOW","TOT","MLN_USD","A","1997",16326.555659,
"CAN","TOTFLOW","TOT","MLN_USD","A","1998",15342.058148,
"CAN","TOTFLOW","TOT","MLN_USD","A","1999",11424.119043,
"CAN","TOTFLOW","TOT","MLN_USD","A","2000",10149.66598,
"CAN","TOTFLOW","TOT","MLN_USD","A","2001",2470.249135,
"CAN","TOTFLOW","TOT","MLN_USD","A","2002",3287.132128,
"CAN","TOTFLOW","TOT","MLN_USD","A","2003",6873.463596,
"CAN","TOTFLOW","TOT","MLN_USD","A","2004",7479.932307,
"CAN","TOTFLOW","TOT","MLN_USD","A","2005",15088.579257,
"CAN","TOTFLOW","TOT","MLN_USD","A","2006",14649.605008,
"CAN","TOTFLOW","TOT","MLN_USD","A","2007",16191.925088,
"CAN","TOTFLOW","TOT","MLN_USD","A","2008",21855.841472,
"CAN","TOTFLOW","TOT","MLN_USD","A","2009",7238.130987,
"CAN","TOTFLOW","TOT","MLN_USD","A","2010",19596.620305,
"CAN","TOTFLOW","TOT","MLN_USD","A","2011",10904.716387,
"CAN","TOTFLOW","TOT","MLN_USD","A","2012",13710.5608,
"CAN","TOTFLOW","TOT","MLN_USD","A","2013",8479.197862,
"CAN","TOTFLOW","TOT","MLN_USD","A","2014",15363.244513,
"CAN","TOTFLOW","TOT","MLN_USD","A","2015",3717.61,
"CZE","TOTFLOW","TOT","MLN_USD","A","1993",51.857776,
"CZE","TOTFLOW","TOT","MLN_USD","A","1994",58.222347,
"CZE","TOTFLOW","TOT","MLN_USD","A","1998",28.835751,
"CZE","TOTFLOW","TOT","MLN_USD","A","1999",27.488705,
"CZE","TOTFLOW","TOT","MLN_USD","A","2000",32.972848,
"CZE","TOTFLOW","TOT","MLN_USD","A","2001",50.745444,
"CZE","TOTFLOW","TOT","MLN_USD","A","2002",72.907793,
"CZE","TOTFLOW","TOT","MLN_USD","A","2003",123.641348,
"CZE","TOTFLOW","TOT","MLN_USD","A","2004",129.836014,
"CZE","TOTFLOW","TOT","MLN_USD","A","2005",150.917639,
"CZE","TOTFLOW","TOT","MLN_USD","A","2006",168.169425,
"CZE","TOTFLOW","TOT","MLN_USD","A","2007",162.262046,
"CZE","TOTFLOW","TOT","MLN_USD","A","2008",189.446866,
"CZE","TOTFLOW","TOT","MLN_USD","A","2009",174.086237,
"CZE","TOTFLOW","TOT","MLN_USD","A","2010",188.098881,
"CZE","TOTFLOW","TOT","MLN_USD","A","2011",191.717301,
"CZE","TOTFLOW","TOT","MLN_USD","A","2012",183.200175,
"CZE","TOTFLOW","TOT","MLN_USD","A","2013",173.595342,
"CZE","TOTFLOW","TOT","MLN_USD","A","2014",90.120043,
"CZE","TOTFLOW","TOT","MLN_USD","A","2015",263.41,
"DNK","TOTFLOW","TOT","MLN_USD","A","1960",579.052685,
"DNK","TOTFLOW","TOT","MLN_USD","A","1961",488.720822,
"DNK","TOTFLOW","TOT","MLN_USD","A","1962",139.888143,
"DNK","TOTFLOW","TOT","MLN_USD","A","1963",114.889027,
"DNK","TOTFLOW","TOT","MLN_USD","A","1964",436.432268,
"DNK","TOTFLOW","TOT","MLN_USD","A","1965",130.442507,
"DNK","TOTFLOW","TOT","MLN_USD","A","1966",197.332596,
"DNK","TOTFLOW","TOT","MLN_USD","A","1967",222.372485,
"DNK","TOTFLOW","TOT","MLN_USD","A","1968",758.819211,
"DNK","TOTFLOW","TOT","MLN_USD","A","1969",1291.761162,
"DNK","TOTFLOW","TOT","MLN_USD","A","1970",670.404953,
"DNK","TOTFLOW","TOT","MLN_USD","A","1971",1102.904849,
"DNK","TOTFLOW","TOT","MLN_USD","A","1972",740.418631,
"DNK","TOTFLOW","TOT","MLN_USD","A","1973",973.86573,
"DNK","TOTFLOW","TOT","MLN_USD","A","1974",888.879268,
"DNK","TOTFLOW","TOT","MLN_USD","A","1975",984.540057,
"DNK","TOTFLOW","TOT","MLN_USD","A","1976",1669.911624,
"DNK","TOTFLOW","TOT","MLN_USD","A","1977",1415.209038,
"DNK","TOTFLOW","TOT","MLN_USD","A","1978",1887.754698,
"DNK","TOTFLOW","TOT","MLN_USD","A","1979",1789.468714,
"DNK","TOTFLOW","TOT","MLN_USD","A","1980",1859.068608,
"DNK","TOTFLOW","TOT","MLN_USD","A","1981",2526.310971,
"DNK","TOTFLOW","TOT","MLN_USD","A","1982",2330.770341,
"DNK","TOTFLOW","TOT","MLN_USD","A","1983",3110.01222,
"DNK","TOTFLOW","TOT","MLN_USD","A","1984",1931.259527,
"DNK","TOTFLOW","TOT","MLN_USD","A","1985",1354.326572,
"DNK","TOTFLOW","TOT","MLN_USD","A","1986",1064.786741,
"DNK","TOTFLOW","TOT","MLN_USD","A","1987",1548.157513,
"DNK","TOTFLOW","TOT","MLN_USD","A","1988",1253.465962,
"DNK","TOTFLOW","TOT","MLN_USD","A","1989",1610.626114,
"DNK","TOTFLOW","TOT","MLN_USD","A","1990",1560.508475,
"DNK","TOTFLOW","TOT","MLN_USD","A","1991",1592.089815,
"DNK","TOTFLOW","TOT","MLN_USD","A","1992",2198.877499,
"DNK","TOTFLOW","TOT","MLN_USD","A","1993",2042.124182,
"DNK","TOTFLOW","TOT","MLN_USD","A","1994",1863.018594,
"DNK","TOTFLOW","TOT","MLN_USD","A","1995",2209.510509,
"DNK","TOTFLOW","TOT","MLN_USD","A","1996",2428.222772,
"DNK","TOTFLOW","TOT","MLN_USD","A","1997",2681.723908,
"DNK","TOTFLOW","TOT","MLN_USD","A","1998",2516.944073,
"DNK","TOTFLOW","TOT","MLN_USD","A","1999",2844.737799,
"DNK","TOTFLOW","TOT","MLN_USD","A","2000",3496.014851,
"DNK","TOTFLOW","TOT","MLN_USD","A","2001",4264.531903,
"DNK","TOTFLOW","TOT","MLN_USD","A","2002",2353.298195,
"DNK","TOTFLOW","TOT","MLN_USD","A","2003",2325.749424,
"DNK","TOTFLOW","TOT","MLN_USD","A","2004",2881.528251,
"DNK","TOTFLOW","TOT","MLN_USD","A","2005",2358.467739,
"DNK","TOTFLOW","TOT","MLN_USD","A","2006",2777.015887,
"DNK","TOTFLOW","TOT","MLN_USD","A","2007",4442.995517,
"DNK","TOTFLOW","TOT","MLN_USD","A","2008",4340.429049,
"DNK","TOTFLOW","TOT","MLN_USD","A","2009",3258.712544,
"DNK","TOTFLOW","TOT","MLN_USD","A","2010",4235.751444,
"DNK","TOTFLOW","TOT","MLN_USD","A","2011",2358.492985,
"DNK","TOTFLOW","TOT","MLN_USD","A","2012",2119.895091,
"DNK","TOTFLOW","TOT","MLN_USD","A","2013",3712.487342,
"DNK","TOTFLOW","TOT","MLN_USD","A","2014",3535.872906,
"DNK","TOTFLOW","TOT","MLN_USD","A","2015",2931.41,
"FIN","TOTFLOW","TOT","MLN_USD","A","1961",36.52358,
"FIN","TOTFLOW","TOT","MLN_USD","A","1962",20.198348,
"FIN","TOTFLOW","TOT","MLN_USD","A","1963",26.052299,
"FIN","TOTFLOW","TOT","MLN_USD","A","1964",39.193154,
"FIN","TOTFLOW","TOT","MLN_USD","A","1965",2.238907,
"FIN","TOTFLOW","TOT","MLN_USD","A","1966",83.4017,
"FIN","TOTFLOW","TOT","MLN_USD","A","1967",37.488288,
"FIN","TOTFLOW","TOT","MLN_USD","A","1968",79.001544,
"FIN","TOTFLOW","TOT","MLN_USD","A","1969",242.301592,
"FIN","TOTFLOW","TOT","MLN_USD","A","1970",180.565091,
"FIN","TOTFLOW","TOT","MLN_USD","A","1971",208.248074,
"FIN","TOTFLOW","TOT","MLN_USD","A","1972",293.234769,
"FIN","TOTFLOW","TOT","MLN_USD","A","1973",130.663278,
"FIN","TOTFLOW","TOT","MLN_USD","A","1974",254.169183,
"FIN","TOTFLOW","TOT","MLN_USD","A","1975",298.748295,
"FIN","TOTFLOW","TOT","MLN_USD","A","1976",208.543074,
"FIN","TOTFLOW","TOT","MLN_USD","A","1977",208.011419,
"FIN","TOTFLOW","TOT","MLN_USD","A","1978",378.176743,
"FIN","TOTFLOW","TOT","MLN_USD","A","1979",444.274834,
"FIN","TOTFLOW","TOT","MLN_USD","A","1980",431.461108,
"FIN","TOTFLOW","TOT","MLN_USD","A","1981",466.156415,
"FIN","TOTFLOW","TOT","MLN_USD","A","1982",466.67735,
"FIN","TOTFLOW","TOT","MLN_USD","A","1983",499.307473,
"FIN","TOTFLOW","TOT","MLN_USD","A","1984",688.944477,
"FIN","TOTFLOW","TOT","MLN_USD","A","1985",659.433282,
"FIN","TOTFLOW","TOT","MLN_USD","A","1986",803.371165,
"FIN","TOTFLOW","TOT","MLN_USD","A","1987",888.703627,
"FIN","TOTFLOW","TOT","MLN_USD","A","1988",1020.158766,
"FIN","TOTFLOW","TOT","MLN_USD","A","1989",1228.879379,
"FIN","TOTFLOW","TOT","MLN_USD","A","1990",1098.472585,
"FIN","TOTFLOW","TOT","MLN_USD","A","1991",1195.5699,
"FIN","TOTFLOW","TOT","MLN_USD","A","1992",976.201905,
"FIN","TOTFLOW","TOT","MLN_USD","A","1993",533.519828,
"FIN","TOTFLOW","TOT","MLN_USD","A","1994",785.601355,
"FIN","TOTFLOW","TOT","MLN_USD","A","1995",689.887724,
"FIN","TOTFLOW","TOT","MLN_USD","A","1996",1378.403782,
"FIN","TOTFLOW","TOT","MLN_USD","A","1997",597.014258,
"FIN","TOTFLOW","TOT","MLN_USD","A","1998",2170.235865,
"FIN","TOTFLOW","TOT","MLN_USD","A","1999",1178.675994,
"FIN","TOTFLOW","TOT","MLN_USD","A","2000",1700.043739,
"FIN","TOTFLOW","TOT","MLN_USD","A","2001",2077.664702,
"FIN","TOTFLOW","TOT","MLN_USD","A","2002",-263.396783,
"FIN","TOTFLOW","TOT","MLN_USD","A","2003",-53.584122,
"FIN","TOTFLOW","TOT","MLN_USD","A","2004",1475.30484,
"FIN","TOTFLOW","TOT","MLN_USD","A","2005",1792.85578,
"FIN","TOTFLOW","TOT","MLN_USD","A","2006",1513.744111,
"FIN","TOTFLOW","TOT","MLN_USD","A","2007",2054.858774,
"FIN","TOTFLOW","TOT","MLN_USD","A","2008",-194.986449,
"FIN","TOTFLOW","TOT","MLN_USD","A","2009",2850.245784,
"FIN","TOTFLOW","TOT","MLN_USD","A","2010",4043.024297,
"FIN","TOTFLOW","TOT","MLN_USD","A","2011",884.542998,
"FIN","TOTFLOW","TOT","MLN_USD","A","2012",1397.038522,
"FIN","TOTFLOW","TOT","MLN_USD","A","2013",859.909585,
"FIN","TOTFLOW","TOT","MLN_USD","A","2014",2571.629536,
"FIN","TOTFLOW","TOT","MLN_USD","A","2015",-48.33,
"FRA","TOTFLOW","TOT","MLN_USD","A","1960",11009.898772,
"FRA","TOTFLOW","TOT","MLN_USD","A","1961",11331.903583,
"FRA","TOTFLOW","TOT","MLN_USD","A","1962",10675.77699,
"FRA","TOTFLOW","TOT","MLN_USD","A","1963",9021.064185,
"FRA","TOTFLOW","TOT","MLN_USD","A","1964",9494.327272,
"FRA","TOTFLOW","TOT","MLN_USD","A","1965",8805.75132,
"FRA","TOTFLOW","TOT","MLN_USD","A","1966",8706.416049,
"FRA","TOTFLOW","TOT","MLN_USD","A","1967",8600.042253,
"FRA","TOTFLOW","TOT","MLN_USD","A","1968",10626.321689,
"FRA","TOTFLOW","TOT","MLN_USD","A","1969",10331.828733,
"FRA","TOTFLOW","TOT","MLN_USD","A","1970",11173.930889,
"FRA","TOTFLOW","TOT","MLN_USD","A","1971",9303.695913,
"FRA","TOTFLOW","TOT","MLN_USD","A","1972",10232.953457,
"FRA","TOTFLOW","TOT","MLN_USD","A","1973",11150.568465,
"FRA","TOTFLOW","TOT","MLN_USD","A","1974",13060.618622,
"FRA","TOTFLOW","TOT","MLN_USD","A","1975",12001.694262,
"FRA","TOTFLOW","TOT","MLN_USD","A","1976",16281.308232,
"FRA","TOTFLOW","TOT","MLN_USD","A","1977",15087.787438,
"FRA","TOTFLOW","TOT","MLN_USD","A","1978",19291.217578,
"FRA","TOTFLOW","TOT","MLN_USD","A","1979",18218.960446,
"FRA","TOTFLOW","TOT","MLN_USD","A","1980",18562.698396,
"FRA","TOTFLOW","TOT","MLN_USD","A","1981",21408.834764,
"FRA","TOTFLOW","TOT","MLN_USD","A","1982",28609.257824,
"FRA","TOTFLOW","TOT","MLN_USD","A","1983",20280.42099,
"FRA","TOTFLOW","TOT","MLN_USD","A","1984",20698.212649,
"FRA","TOTFLOW","TOT","MLN_USD","A","1985",19520.583266,
"FRA","TOTFLOW","TOT","MLN_USD","A","1986",14596.443874,
"FRA","TOTFLOW","TOT","MLN_USD","A","1987",11175.11118,
"FRA","TOTFLOW","TOT","MLN_USD","A","1988",8187.066068,
"FRA","TOTFLOW","TOT","MLN_USD","A","1989",8255.288864,
"FRA","TOTFLOW","TOT","MLN_USD","A","1990",7442.509048,
"FRA","TOTFLOW","TOT","MLN_USD","A","1991",8533.205581,
"FRA","TOTFLOW","TOT","MLN_USD","A","1992",13119.313117,
"FRA","TOTFLOW","TOT","MLN_USD","A","1993",13903.220566,
"FRA","TOTFLOW","TOT","MLN_USD","A","1994",15754.317975,
"FRA","TOTFLOW","TOT","MLN_USD","A","1995",13736.709884,
"FRA","TOTFLOW","TOT","MLN_USD","A","1996",19472.086843,
"FRA","TOTFLOW","TOT","MLN_USD","A","1997",17604.42721,
"FRA","TOTFLOW","TOT","MLN_USD","A","1998",10592.653032,
"FRA","TOTFLOW","TOT","MLN_USD","A","1999",12024.350051,
"FRA","TOTFLOW","TOT","MLN_USD","A","2000",8305.92799,
"FRA","TOTFLOW","TOT","MLN_USD","A","2001",24616.924829,
"FRA","TOTFLOW","TOT","MLN_USD","A","2002",6639.099887,
"FRA","TOTFLOW","TOT","MLN_USD","A","2003",7972.733519,
"FRA","TOTFLOW","TOT","MLN_USD","A","2004",12958.572609,
"FRA","TOTFLOW","TOT","MLN_USD","A","2005",15878.71551,
"FRA","TOTFLOW","TOT","MLN_USD","A","2006",21824.377134,
"FRA","TOTFLOW","TOT","MLN_USD","A","2007",37684.991764,
"FRA","TOTFLOW","TOT","MLN_USD","A","2008",32921.611185,
"FRA","TOTFLOW","TOT","MLN_USD","A","2009",32203.819446,
"FRA","TOTFLOW","TOT","MLN_USD","A","2010",30688.143473,
"FRA","TOTFLOW","TOT","MLN_USD","A","2011",28151.994941,
"FRA","TOTFLOW","TOT","MLN_USD","A","2012",26024.484255,
"FRA","TOTFLOW","TOT","MLN_USD","A","2013",8894.620631,
"FRA","TOTFLOW","TOT","MLN_USD","A","2014",16173.092779,
"FRA","TOTFLOW","TOT","MLN_USD","A","2015",1233.89,
"DEU","TOTFLOW","TOT","MLN_USD","A","1960",6736.55512,
"DEU","TOTFLOW","TOT","MLN_USD","A","1961",8361.050514,
"DEU","TOTFLOW","TOT","MLN_USD","A","1962",5758.994128,
"DEU","TOTFLOW","TOT","MLN_USD","A","1963",5674.161612,
"DEU","TOTFLOW","TOT","MLN_USD","A","1964",6248.538263,
"DEU","TOTFLOW","TOT","MLN_USD","A","1965",6296.76285,
"DEU","TOTFLOW","TOT","MLN_USD","A","1966",6540.005355,
"DEU","TOTFLOW","TOT","MLN_USD","A","1967",9324.002113,
"DEU","TOTFLOW","TOT","MLN_USD","A","1968",13255.046165,
"DEU","TOTFLOW","TOT","MLN_USD","A","1969",15256.353661,
"DEU","TOTFLOW","TOT","MLN_USD","A","1970",9648.123151,
"DEU","TOTFLOW","TOT","MLN_USD","A","1971",11059.628303,
"DEU","TOTFLOW","TOT","MLN_USD","A","1972",8825.1845,
"DEU","TOTFLOW","TOT","MLN_USD","A","1973",7131.71369,
"DEU","TOTFLOW","TOT","MLN_USD","A","1974",11317.219778,
"DEU","TOTFLOW","TOT","MLN_USD","A","1975",15946.481078,
"DEU","TOTFLOW","TOT","MLN_USD","A","1976",17511.209694,
"DEU","TOTFLOW","TOT","MLN_USD","A","1977",17159.480092,
"DEU","TOTFLOW","TOT","MLN_USD","A","1978",17703.31154,
"DEU","TOTFLOW","TOT","MLN_USD","A","1979",15113.958357,
"DEU","TOTFLOW","TOT","MLN_USD","A","1980",20744.004298,
"DEU","TOTFLOW","TOT","MLN_USD","A","1981",18811.740785,
"DEU","TOTFLOW","TOT","MLN_USD","A","1982",16595.698194,
"DEU","TOTFLOW","TOT","MLN_USD","A","1983",17028.034079,
"DEU","TOTFLOW","TOT","MLN_USD","A","1984",17277.676078,
"DEU","TOTFLOW","TOT","MLN_USD","A","1985",15454.398911,
"DEU","TOTFLOW","TOT","MLN_USD","A","1986",15153.406479,
"DEU","TOTFLOW","TOT","MLN_USD","A","1987",13809.90289,
"DEU","TOTFLOW","TOT","MLN_USD","A","1988",17755.445936,
"DEU","TOTFLOW","TOT","MLN_USD","A","1989",19098.654999,
"DEU","TOTFLOW","TOT","MLN_USD","A","1990",17755.720198,
"DEU","TOTFLOW","TOT","MLN_USD","A","1991",17277.284711,
"DEU","TOTFLOW","TOT","MLN_USD","A","1992",10524.178201,
"DEU","TOTFLOW","TOT","MLN_USD","A","1993",18424.766086,
"DEU","TOTFLOW","TOT","MLN_USD","A","1994",27590.187895,
"DEU","TOTFLOW","TOT","MLN_USD","A","1995",21144.173384,
"DEU","TOTFLOW","TOT","MLN_USD","A","1996",21877.49489,
"DEU","TOTFLOW","TOT","MLN_USD","A","1997",23672.877711,
"DEU","TOTFLOW","TOT","MLN_USD","A","1998",27075.072785,
"DEU","TOTFLOW","TOT","MLN_USD","A","1999",25109.056418,
"DEU","TOTFLOW","TOT","MLN_USD","A","2000",17972.080325,
"DEU","TOTFLOW","TOT","MLN_USD","A","2001",9396.960072,
"DEU","TOTFLOW","TOT","MLN_USD","A","2002",10008.059381,
"DEU","TOTFLOW","TOT","MLN_USD","A","2003",5978.426455,
"DEU","TOTFLOW","TOT","MLN_USD","A","2004",15700.4068,
"DEU","TOTFLOW","TOT","MLN_USD","A","2005",31380.516238,
"DEU","TOTFLOW","TOT","MLN_USD","A","2006",26240.493875,
"DEU","TOTFLOW","TOT","MLN_USD","A","2007",33441.540958,
"DEU","TOTFLOW","TOT","MLN_USD","A","2008",30609.808288,
"DEU","TOTFLOW","TOT","MLN_USD","A","2009",25403.884827,
"DEU","TOTFLOW","TOT","MLN_USD","A","2010",37890.678347,
"DEU","TOTFLOW","TOT","MLN_USD","A","2011",48199.814876,
"DEU","TOTFLOW","TOT","MLN_USD","A","2012",31720.880809,
"DEU","TOTFLOW","TOT","MLN_USD","A","2013",46060.10599,
"DEU","TOTFLOW","TOT","MLN_USD","A","2014",45182.487204,
"DEU","TOTFLOW","TOT","MLN_USD","A","2015",47626.73,
"GRC","TOTFLOW","TOT","MLN_USD","A","1996",217.046094,
"GRC","TOTFLOW","TOT","MLN_USD","A","1997",232.677376,
"GRC","TOTFLOW","TOT","MLN_USD","A","1998",244.526255,
"GRC","TOTFLOW","TOT","MLN_USD","A","1999",251.841812,
"GRC","TOTFLOW","TOT","MLN_USD","A","2000",346.96835,
"GRC","TOTFLOW","TOT","MLN_USD","A","2001",308.428481,
"GRC","TOTFLOW","TOT","MLN_USD","A","2002",453.198456,
"GRC","TOTFLOW","TOT","MLN_USD","A","2003",457.465844,
"GRC","TOTFLOW","TOT","MLN_USD","A","2004",327.718817,
"GRC","TOTFLOW","TOT","MLN_USD","A","2005",694.336555,
"GRC","TOTFLOW","TOT","MLN_USD","A","2006",2711.094305,
"GRC","TOTFLOW","TOT","MLN_USD","A","2007",2812.365725,
"GRC","TOTFLOW","TOT","MLN_USD","A","2008",881.525197,
"GRC","TOTFLOW","TOT","MLN_USD","A","2009",648.355409,
"GRC","TOTFLOW","TOT","MLN_USD","A","2010",604.513685,
"GRC","TOTFLOW","TOT","MLN_USD","A","2011",364.457975,
"GRC","TOTFLOW","TOT","MLN_USD","A","2012",740.706331,
"GRC","TOTFLOW","TOT","MLN_USD","A","2013",704.501983,
"GRC","TOTFLOW","TOT","MLN_USD","A","2014",-361.99445,
"GRC","TOTFLOW","TOT","MLN_USD","A","2015",-84.6,
"ISL","TOTFLOW","TOT","MLN_USD","A","1990",2.544994,
"ISL","TOTFLOW","TOT","MLN_USD","A","1991",10.116665,
"ISL","TOTFLOW","TOT","MLN_USD","A","1992",5.864052,
"ISL","TOTFLOW","TOT","MLN_USD","A","1993",9.206027,
"ISL","TOTFLOW","TOT","MLN_USD","A","1994",8.313887,
"ISL","TOTFLOW","TOT","MLN_USD","A","1997",10.116141,
"ISL","TOTFLOW","TOT","MLN_USD","A","1998",8.860366,
"ISL","TOTFLOW","TOT","MLN_USD","A","1999",9.234609,
"ISL","TOTFLOW","TOT","MLN_USD","A","2000",10.994409,
"ISL","TOTFLOW","TOT","MLN_USD","A","2001",14.162513,
"ISL","TOTFLOW","TOT","MLN_USD","A","2002",16.300552,
"ISL","TOTFLOW","TOT","MLN_USD","A","2003",18.982714,
"ISL","TOTFLOW","TOT","MLN_USD","A","2004",20.383536,
"ISL","TOTFLOW","TOT","MLN_USD","A","2005",22.857268,
"ISL","TOTFLOW","TOT","MLN_USD","A","2006",35.699801,
"ISL","TOTFLOW","TOT","MLN_USD","A","2007",36.482691,
"ISL","TOTFLOW","TOT","MLN_USD","A","2008",46.371922,
"ISL","TOTFLOW","TOT","MLN_USD","A","2009",40.520559,
"ISL","TOTFLOW","TOT","MLN_USD","A","2010",31.8089,
"ISL","TOTFLOW","TOT","MLN_USD","A","2011",26.08442,
"ISL","TOTFLOW","TOT","MLN_USD","A","2012",27.817891,
"ISL","TOTFLOW","TOT","MLN_USD","A","2013",35.640009,
"ISL","TOTFLOW","TOT","MLN_USD","A","2014",34.83351,
"ISL","TOTFLOW","TOT","MLN_USD","A","2015",40.06,
"IRL","TOTFLOW","TOT","MLN_USD","A","1974",31.068449,
"IRL","TOTFLOW","TOT","MLN_USD","A","1975",34.382814,
"IRL","TOTFLOW","TOT","MLN_USD","A","1976",38.783488,
"IRL","TOTFLOW","TOT","MLN_USD","A","1977",35.680079,
"IRL","TOTFLOW","TOT","MLN_USD","A","1978",87.699372,
"IRL","TOTFLOW","TOT","MLN_USD","A","1979",83.601226,
"IRL","TOTFLOW","TOT","MLN_USD","A","1980",74.425942,
"IRL","TOTFLOW","TOT","MLN_USD","A","1981",75.18147,
"IRL","TOTFLOW","TOT","MLN_USD","A","1982",122.712147,
"IRL","TOTFLOW","TOT","MLN_USD","A","1983",89.249426,
"IRL","TOTFLOW","TOT","MLN_USD","A","1984",172.92529,
"IRL","TOTFLOW","TOT","MLN_USD","A","1985",283.239469,
"IRL","TOTFLOW","TOT","MLN_USD","A","1986",242.480868,
"IRL","TOTFLOW","TOT","MLN_USD","A","1987",144.564956,
"IRL","TOTFLOW","TOT","MLN_USD","A","1988",100.52409,
"IRL","TOTFLOW","TOT","MLN_USD","A","1989",188.524439,
"IRL","TOTFLOW","TOT","MLN_USD","A","1990",260.370261,
"IRL","TOTFLOW","TOT","MLN_USD","A","1991",152.790906,
"IRL","TOTFLOW","TOT","MLN_USD","A","1992",223.919736,
"IRL","TOTFLOW","TOT","MLN_USD","A","1993",204.202083,
"IRL","TOTFLOW","TOT","MLN_USD","A","1994",304.553723,
"IRL","TOTFLOW","TOT","MLN_USD","A","1995",343.925515,
"IRL","TOTFLOW","TOT","MLN_USD","A","1996",516.794492,
"IRL","TOTFLOW","TOT","MLN_USD","A","1997",458.17364,
"IRL","TOTFLOW","TOT","MLN_USD","A","1998",469.60148,
"IRL","TOTFLOW","TOT","MLN_USD","A","1999",357.553345,
"IRL","TOTFLOW","TOT","MLN_USD","A","2000",1145.405844,
"IRL","TOTFLOW","TOT","MLN_USD","A","2001",1102.98328,
"IRL","TOTFLOW","TOT","MLN_USD","A","2002",1985.293228,
"IRL","TOTFLOW","TOT","MLN_USD","A","2003",2547.048455,
"IRL","TOTFLOW","TOT","MLN_USD","A","2004",3804.466783,
"IRL","TOTFLOW","TOT","MLN_USD","A","2005",5077.097965,
"IRL","TOTFLOW","TOT","MLN_USD","A","2006",4838.591017,
"IRL","TOTFLOW","TOT","MLN_USD","A","2007",4815.079172,
"IRL","TOTFLOW","TOT","MLN_USD","A","2008",4798.549775,
"IRL","TOTFLOW","TOT","MLN_USD","A","2009",3599.998463,
"IRL","TOTFLOW","TOT","MLN_USD","A","2010",2523.144679,
"IRL","TOTFLOW","TOT","MLN_USD","A","2011",2103.167711,
"IRL","TOTFLOW","TOT","MLN_USD","A","2012",867.447251,
"IRL","TOTFLOW","TOT","MLN_USD","A","2013",1674.497936,
"IRL","TOTFLOW","TOT","MLN_USD","A","2014",1055.507789,
"IRL","TOTFLOW","TOT","MLN_USD","A","2015",1227.61,
"ITA","TOTFLOW","TOT","MLN_USD","A","1960",3440.636279,
"ITA","TOTFLOW","TOT","MLN_USD","A","1961",2890.592586,
"ITA","TOTFLOW","TOT","MLN_USD","A","1962",4141.730989,
"ITA","TOTFLOW","TOT","MLN_USD","A","1963",3144.135556,
"ITA","TOTFLOW","TOT","MLN_USD","A","1964",2187.518562,
"ITA","TOTFLOW","TOT","MLN_USD","A","1965",2356.280841,
"ITA","TOTFLOW","TOT","MLN_USD","A","1966",5476.455249,
"ITA","TOTFLOW","TOT","MLN_USD","A","1967",2422.380277,
"ITA","TOTFLOW","TOT","MLN_USD","A","1968",4557.428744,
"ITA","TOTFLOW","TOT","MLN_USD","A","1969",6787.712552,
"ITA","TOTFLOW","TOT","MLN_USD","A","1970",5108.499905,
"ITA","TOTFLOW","TOT","MLN_USD","A","1971",6015.723484,
"ITA","TOTFLOW","TOT","MLN_USD","A","1972",4244.466783,
"ITA","TOTFLOW","TOT","MLN_USD","A","1973",3500.499455,
"ITA","TOTFLOW","TOT","MLN_USD","A","1974",2108.275983,
"ITA","TOTFLOW","TOT","MLN_USD","A","1975",7067.513003,
"ITA","TOTFLOW","TOT","MLN_USD","A","1976",6945.38633,
"ITA","TOTFLOW","TOT","MLN_USD","A","1977",8409.659097,
"ITA","TOTFLOW","TOT","MLN_USD","A","1978",11549.998723,
"ITA","TOTFLOW","TOT","MLN_USD","A","1979",12194.467666,
"ITA","TOTFLOW","TOT","MLN_USD","A","1980",10241.258868,
"ITA","TOTFLOW","TOT","MLN_USD","A","1981",10610.978226,
"ITA","TOTFLOW","TOT","MLN_USD","A","1982",14367.833965,
"ITA","TOTFLOW","TOT","MLN_USD","A","1983",8818.730864,
"ITA","TOTFLOW","TOT","MLN_USD","A","1984",6801.514979,
"ITA","TOTFLOW","TOT","MLN_USD","A","1985",6439.869412,
"ITA","TOTFLOW","TOT","MLN_USD","A","1986",5469.205949,
"ITA","TOTFLOW","TOT","MLN_USD","A","1987",3531.760385,
"ITA","TOTFLOW","TOT","MLN_USD","A","1988",8370.292854,
"ITA","TOTFLOW","TOT","MLN_USD","A","1989",9395.211899,
"ITA","TOTFLOW","TOT","MLN_USD","A","1990",4242.98483,
"ITA","TOTFLOW","TOT","MLN_USD","A","1991",9519.185094,
"ITA","TOTFLOW","TOT","MLN_USD","A","1992",7499.153239,
"ITA","TOTFLOW","TOT","MLN_USD","A","1993",3519.06042,
"ITA","TOTFLOW","TOT","MLN_USD","A","1994",5018.352439,
"ITA","TOTFLOW","TOT","MLN_USD","A","1995",3953.913031,
"ITA","TOTFLOW","TOT","MLN_USD","A","1996",6025.29282,
"ITA","TOTFLOW","TOT","MLN_USD","A","1997",11160.263828,
"ITA","TOTFLOW","TOT","MLN_USD","A","1998",18011.694723,
"ITA","TOTFLOW","TOT","MLN_USD","A","1999",15966.822642,
"ITA","TOTFLOW","TOT","MLN_USD","A","2000",17320.871926,
"ITA","TOTFLOW","TOT","MLN_USD","A","2001",-300.858085,
"ITA","TOTFLOW","TOT","MLN_USD","A","2002",2052.558984,
"ITA","TOTFLOW","TOT","MLN_USD","A","2003",5003.0981,
"ITA","TOTFLOW","TOT","MLN_USD","A","2004",3407.057134,
"ITA","TOTFLOW","TOT","MLN_USD","A","2005",4235.455747,
"ITA","TOTFLOW","TOT","MLN_USD","A","2006",5528.605069,
"ITA","TOTFLOW","TOT","MLN_USD","A","2007",3970.223116,
"ITA","TOTFLOW","TOT","MLN_USD","A","2008",4639.956003,
"ITA","TOTFLOW","TOT","MLN_USD","A","2009",4704.322499,
"ITA","TOTFLOW","TOT","MLN_USD","A","2010",8505.448386,
"ITA","TOTFLOW","TOT","MLN_USD","A","2011",9899.871385,
"ITA","TOTFLOW","TOT","MLN_USD","A","2012",9919.333708,
"ITA","TOTFLOW","TOT","MLN_USD","A","2013",14167.865428,
"ITA","TOTFLOW","TOT","MLN_USD","A","2014",7324.079972,
"ITA","TOTFLOW","TOT","MLN_USD","A","2015",15621.23,
"JPN","TOTFLOW","TOT","MLN_USD","A","1960",2798.807374,
"JPN","TOTFLOW","TOT","MLN_USD","A","1961",4030.356808,
"JPN","TOTFLOW","TOT","MLN_USD","A","1962",2891.845289,
"JPN","TOTFLOW","TOT","MLN_USD","A","1963",2573.21093,
"JPN","TOTFLOW","TOT","MLN_USD","A","1964",2639.563505,
"JPN","TOTFLOW","TOT","MLN_USD","A","1965",4194.384449,
"JPN","TOTFLOW","TOT","MLN_USD","A","1966",5154.353616,
"JPN","TOTFLOW","TOT","MLN_USD","A","1967",6219.594285,
"JPN","TOTFLOW","TOT","MLN_USD","A","1968",7690.325292,
"JPN","TOTFLOW","TOT","MLN_USD","A","1969",8767.124124,
"JPN","TOTFLOW","TOT","MLN_USD","A","1970",11838.426461,
"JPN","TOTFLOW","TOT","MLN_USD","A","1971",12839.202765,
"JPN","TOTFLOW","TOT","MLN_USD","A","1972",13665.405133,
"JPN","TOTFLOW","TOT","MLN_USD","A","1973",22918.724465,
"JPN","TOTFLOW","TOT","MLN_USD","A","1974",10334.804762,
"JPN","TOTFLOW","TOT","MLN_USD","A","1975",9534.272824,
"JPN","TOTFLOW","TOT","MLN_USD","A","1976",12257.496512,
"JPN","TOTFLOW","TOT","MLN_USD","A","1977",14378.928688,
"JPN","TOTFLOW","TOT","MLN_USD","A","1978",20830.378874,
"JPN","TOTFLOW","TOT","MLN_USD","A","1979",15002.776523,
"JPN","TOTFLOW","TOT","MLN_USD","A","1980",13190.69769,
"JPN","TOTFLOW","TOT","MLN_USD","A","1981",22338.837702,
"JPN","TOTFLOW","TOT","MLN_USD","A","1982",17993.394786,
"JPN","TOTFLOW","TOT","MLN_USD","A","1983",15063.509545,
"JPN","TOTFLOW","TOT","MLN_USD","A","1984",22254.391935,
"JPN","TOTFLOW","TOT","MLN_USD","A","1985",21607.069373,
"JPN","TOTFLOW","TOT","MLN_USD","A","1986",18457.01016,
"JPN","TOTFLOW","TOT","MLN_USD","A","1987",20747.679251,
"JPN","TOTFLOW","TOT","MLN_USD","A","1988",18662.623978,
"JPN","TOTFLOW","TOT","MLN_USD","A","1989",22864.499163,
"JPN","TOTFLOW","TOT","MLN_USD","A","1990",18377.375255,
"JPN","TOTFLOW","TOT","MLN_USD","A","1991",23647.140009,
"JPN","TOTFLOW","TOT","MLN_USD","A","1992",14463.539888,
"JPN","TOTFLOW","TOT","MLN_USD","A","1993",12422.786057,
"JPN","TOTFLOW","TOT","MLN_USD","A","1994",20461.232153,
"JPN","TOTFLOW","TOT","MLN_USD","A","1995",28175.449749,
"JPN","TOTFLOW","TOT","MLN_USD","A","1996",29500.794413,
"JPN","TOTFLOW","TOT","MLN_USD","A","1997",25268.308531,
"JPN","TOTFLOW","TOT","MLN_USD","A","1998",16593.267336,
"JPN","TOTFLOW","TOT","MLN_USD","A","1999",14404.412853,
"JPN","TOTFLOW","TOT","MLN_USD","A","2000",8943.25569,
"JPN","TOTFLOW","TOT","MLN_USD","A","2001",12248.39414,
"JPN","TOTFLOW","TOT","MLN_USD","A","2002",4355.053466,
"JPN","TOTFLOW","TOT","MLN_USD","A","2003",5577.639677,
"JPN","TOTFLOW","TOT","MLN_USD","A","2004",9463.192976,
"JPN","TOTFLOW","TOT","MLN_USD","A","2005",19952.720924,
"JPN","TOTFLOW","TOT","MLN_USD","A","2006",24033.495365,
"JPN","TOTFLOW","TOT","MLN_USD","A","2007",28447.075291,
"JPN","TOTFLOW","TOT","MLN_USD","A","2008",26541.897374,
"JPN","TOTFLOW","TOT","MLN_USD","A","2009",34424.677076,
"JPN","TOTFLOW","TOT","MLN_USD","A","2010",35071.424738,
"JPN","TOTFLOW","TOT","MLN_USD","A","2011",41759.312801,
"JPN","TOTFLOW","TOT","MLN_USD","A","2012",33298.208772,
"JPN","TOTFLOW","TOT","MLN_USD","A","2013",48776.394964,
"JPN","TOTFLOW","TOT","MLN_USD","A","2014",36319.105296,
"JPN","TOTFLOW","TOT","MLN_USD","A","2015",37908.51,
"KOR","TOTFLOW","TOT","MLN_USD","A","1987",298.359281,
"KOR","TOTFLOW","TOT","MLN_USD","A","1988",141.425985,
"KOR","TOTFLOW","TOT","MLN_USD","A","1989",344.508827,
"KOR","TOTFLOW","TOT","MLN_USD","A","1990",458.347134,
"KOR","TOTFLOW","TOT","MLN_USD","A","1991",261.084919,
"KOR","TOTFLOW","TOT","MLN_USD","A","1992",526.997566,
"KOR","TOTFLOW","TOT","MLN_USD","A","1993",827.751637,
"KOR","TOTFLOW","TOT","MLN_USD","A","1994",2395.412559,
"KOR","TOTFLOW","TOT","MLN_USD","A","1995",2097.663523,
"KOR","TOTFLOW","TOT","MLN_USD","A","1996",2033.299179,
"KOR","TOTFLOW","TOT","MLN_USD","A","1997",2419.082407,
"KOR","TOTFLOW","TOT","MLN_USD","A","1998",1597.923898,
"KOR","TOTFLOW","TOT","MLN_USD","A","1999",1071.233412,
"KOR","TOTFLOW","TOT","MLN_USD","A","2000",60.170506,
"KOR","TOTFLOW","TOT","MLN_USD","A","2001",-57.840014,
"KOR","TOTFLOW","TOT","MLN_USD","A","2002",2271.399901,
"KOR","TOTFLOW","TOT","MLN_USD","A","2003",2859.463952,
"KOR","TOTFLOW","TOT","MLN_USD","A","2004",3859.872272,
"KOR","TOTFLOW","TOT","MLN_USD","A","2005",5320.601269,
"KOR","TOTFLOW","TOT","MLN_USD","A","2006",6569.388042,
"KOR","TOTFLOW","TOT","MLN_USD","A","2007",11138.682849,
"KOR","TOTFLOW","TOT","MLN_USD","A","2008",11937.754719,
"KOR","TOTFLOW","TOT","MLN_USD","A","2009",7965.909329,
"KOR","TOTFLOW","TOT","MLN_USD","A","2010",12865.168381,
"KOR","TOTFLOW","TOT","MLN_USD","A","2011",11803.22603,
"KOR","TOTFLOW","TOT","MLN_USD","A","2012",12813.161378,
"KOR","TOTFLOW","TOT","MLN_USD","A","2013",14961.73765,
"KOR","TOTFLOW","TOT","MLN_USD","A","2014",11082.729927,
"KOR","TOTFLOW","TOT","MLN_USD","A","2015",12318.15,
"LUX","TOTFLOW","TOT","MLN_USD","A","1980",11.304686,
"LUX","TOTFLOW","TOT","MLN_USD","A","1981",13.390137,
"LUX","TOTFLOW","TOT","MLN_USD","A","1982",11.895248,
"LUX","TOTFLOW","TOT","MLN_USD","A","1983",12.459667,
"LUX","TOTFLOW","TOT","MLN_USD","A","1984",24.941069,
"LUX","TOTFLOW","TOT","MLN_USD","A","1985",28.254311,
"LUX","TOTFLOW","TOT","MLN_USD","A","1986",28.350367,
"LUX","TOTFLOW","TOT","MLN_USD","A","1987",35.728102,
"LUX","TOTFLOW","TOT","MLN_USD","A","1988",37.471117,
"LUX","TOTFLOW","TOT","MLN_USD","A","1989",44.22995,
"LUX","TOTFLOW","TOT","MLN_USD","A","1990",43.850489,
"LUX","TOTFLOW","TOT","MLN_USD","A","1991",79.978239,
"LUX","TOTFLOW","TOT","MLN_USD","A","1992",64.693495,
"LUX","TOTFLOW","TOT","MLN_USD","A","1993",86.703991,
"LUX","TOTFLOW","TOT","MLN_USD","A","1994",95.387481,
"LUX","TOTFLOW","TOT","MLN_USD","A","1995",92.437574,
"LUX","TOTFLOW","TOT","MLN_USD","A","1996",116.675506,
"LUX","TOTFLOW","TOT","MLN_USD","A","1997",154.304434,
"LUX","TOTFLOW","TOT","MLN_USD","A","1998",185.359972,
"LUX","TOTFLOW","TOT","MLN_USD","A","1999",193.458178,
"LUX","TOTFLOW","TOT","MLN_USD","A","2000",227.328598,
"LUX","TOTFLOW","TOT","MLN_USD","A","2001",263.1162,
"LUX","TOTFLOW","TOT","MLN_USD","A","2002",253.406626,
"LUX","TOTFLOW","TOT","MLN_USD","A","2003",277.527118,
"LUX","TOTFLOW","TOT","MLN_USD","A","2004",297.315601,
"LUX","TOTFLOW","TOT","MLN_USD","A","2005",312.157718,
"LUX","TOTFLOW","TOT","MLN_USD","A","2006",326.726111,
"LUX","TOTFLOW","TOT","MLN_USD","A","2007",379.035956,
"LUX","TOTFLOW","TOT","MLN_USD","A","2008",386.065824,
"LUX","TOTFLOW","TOT","MLN_USD","A","2009",394.598313,
"LUX","TOTFLOW","TOT","MLN_USD","A","2010",383.451122,
"LUX","TOTFLOW","TOT","MLN_USD","A","2011",351.572485,
"LUX","TOTFLOW","TOT","MLN_USD","A","2012",355.507996,
"LUX","TOTFLOW","TOT","MLN_USD","A","2013",365.564108,
"LUX","TOTFLOW","TOT","MLN_USD","A","2014",355.209399,
"LUX","TOTFLOW","TOT","MLN_USD","A","2015",362.88,
"NLD","TOTFLOW","TOT","MLN_USD","A","1960",3040.311911,
"NLD","TOTFLOW","TOT","MLN_USD","A","1961",2399.916991,
"NLD","TOTFLOW","TOT","MLN_USD","A","1962",1312.173558,
"NLD","TOTFLOW","TOT","MLN_USD","A","1963",1473.810907,
"NLD","TOTFLOW","TOT","MLN_USD","A","1964",1194.785448,
"NLD","TOTFLOW","TOT","MLN_USD","A","1965",2274.085595,
"NLD","TOTFLOW","TOT","MLN_USD","A","1966",2299.213761,
"NLD","TOTFLOW","TOT","MLN_USD","A","1967",1976.701448,
"NLD","TOTFLOW","TOT","MLN_USD","A","1968",1539.877635,
"NLD","TOTFLOW","TOT","MLN_USD","A","1969",3000.929168,
"NLD","TOTFLOW","TOT","MLN_USD","A","1970",3142.978537,
"NLD","TOTFLOW","TOT","MLN_USD","A","1971",2874.63073,
"NLD","TOTFLOW","TOT","MLN_USD","A","1972",3976.927953,
"NLD","TOTFLOW","TOT","MLN_USD","A","1973",2694.4021,
"NLD","TOTFLOW","TOT","MLN_USD","A","1974",3527.022777,
"NLD","TOTFLOW","TOT","MLN_USD","A","1975",4172.320318,
"NLD","TOTFLOW","TOT","MLN_USD","A","1976",5515.301889,
"NLD","TOTFLOW","TOT","MLN_USD","A","1977",5757.131202,
"NLD","TOTFLOW","TOT","MLN_USD","A","1978",6232.889293,
"NLD","TOTFLOW","TOT","MLN_USD","A","1979",4159.5615,
"NLD","TOTFLOW","TOT","MLN_USD","A","1980",4582.469361,
"NLD","TOTFLOW","TOT","MLN_USD","A","1981",5101.528689,
"NLD","TOTFLOW","TOT","MLN_USD","A","1982",5874.316153,
"NLD","TOTFLOW","TOT","MLN_USD","A","1983",5340.478389,
"NLD","TOTFLOW","TOT","MLN_USD","A","1984",5568.062051,
"NLD","TOTFLOW","TOT","MLN_USD","A","1985",7269.14029,
"NLD","TOTFLOW","TOT","MLN_USD","A","1986",5732.76669,
"NLD","TOTFLOW","TOT","MLN_USD","A","1987",5455.59672,
"NLD","TOTFLOW","TOT","MLN_USD","A","1988",4368.740702,
"NLD","TOTFLOW","TOT","MLN_USD","A","1989",4253.009225,
"NLD","TOTFLOW","TOT","MLN_USD","A","1990",5804.303024,
"NLD","TOTFLOW","TOT","MLN_USD","A","1991",6426.167346,
"NLD","TOTFLOW","TOT","MLN_USD","A","1992",4517.444704,
"NLD","TOTFLOW","TOT","MLN_USD","A","1993",7724.402971,
"NLD","TOTFLOW","TOT","MLN_USD","A","1994",6203.422217,
"NLD","TOTFLOW","TOT","MLN_USD","A","1995",7827.194417,
"NLD","TOTFLOW","TOT","MLN_USD","A","1996",11350.33908,
"NLD","TOTFLOW","TOT","MLN_USD","A","1997",11692.534099,
"NLD","TOTFLOW","TOT","MLN_USD","A","1998",17106.457482,
"NLD","TOTFLOW","TOT","MLN_USD","A","1999",11000.980929,
"NLD","TOTFLOW","TOT","MLN_USD","A","2000",10683.605983,
"NLD","TOTFLOW","TOT","MLN_USD","A","2001",-5213.964038,
"NLD","TOTFLOW","TOT","MLN_USD","A","2002",-2070.749851,
"NLD","TOTFLOW","TOT","MLN_USD","A","2003",17288.180423,
"NLD","TOTFLOW","TOT","MLN_USD","A","2004",14384.032639,
"NLD","TOTFLOW","TOT","MLN_USD","A","2005",22780.995422,
"NLD","TOTFLOW","TOT","MLN_USD","A","2006",27649.358782,
"NLD","TOTFLOW","TOT","MLN_USD","A","2007",15741.446889,
"NLD","TOTFLOW","TOT","MLN_USD","A","2008",-11267.712021,
"NLD","TOTFLOW","TOT","MLN_USD","A","2009",5011.097915,
"NLD","TOTFLOW","TOT","MLN_USD","A","2010",11243.550196,
"NLD","TOTFLOW","TOT","MLN_USD","A","2011",18118.911788,
"NLD","TOTFLOW","TOT","MLN_USD","A","2012",17481.999665,
"NLD","TOTFLOW","TOT","MLN_USD","A","2013",16270.155409,
"NLD","TOTFLOW","TOT","MLN_USD","A","2014",57631.157373,
"NLD","TOTFLOW","TOT","MLN_USD","A","2015",68159.9,
"NZL","TOTFLOW","TOT","MLN_USD","A","1961",93.081741,
"NZL","TOTFLOW","TOT","MLN_USD","A","1962",73.328384,
"NZL","TOTFLOW","TOT","MLN_USD","A","1963",76.183575,
"NZL","TOTFLOW","TOT","MLN_USD","A","1964",108.06393,
"NZL","TOTFLOW","TOT","MLN_USD","A","1965",82.725699,
"NZL","TOTFLOW","TOT","MLN_USD","A","1966",84.883981,
"NZL","TOTFLOW","TOT","MLN_USD","A","1967",84.558679,
"NZL","TOTFLOW","TOT","MLN_USD","A","1968",120.643904,
"NZL","TOTFLOW","TOT","MLN_USD","A","1969",165.582202,
"NZL","TOTFLOW","TOT","MLN_USD","A","1970",206.049526,
"NZL","TOTFLOW","TOT","MLN_USD","A","1971",198.403366,
"NZL","TOTFLOW","TOT","MLN_USD","A","1972",205.833771,
"NZL","TOTFLOW","TOT","MLN_USD","A","1973",199.68225,
"NZL","TOTFLOW","TOT","MLN_USD","A","1974",253.003744,
"NZL","TOTFLOW","TOT","MLN_USD","A","1975",380.925812,
"NZL","TOTFLOW","TOT","MLN_USD","A","1976",311.970346,
"NZL","TOTFLOW","TOT","MLN_USD","A","1977",350.125716,
"NZL","TOTFLOW","TOT","MLN_USD","A","1978",315.806284,
"NZL","TOTFLOW","TOT","MLN_USD","A","1979",280.649629,
"NZL","TOTFLOW","TOT","MLN_USD","A","1980",320.362255,
"NZL","TOTFLOW","TOT","MLN_USD","A","1981",264.114018,
"NZL","TOTFLOW","TOT","MLN_USD","A","1982",346.748682,
"NZL","TOTFLOW","TOT","MLN_USD","A","1983",384.605501,
"NZL","TOTFLOW","TOT","MLN_USD","A","1984",281.359272,
"NZL","TOTFLOW","TOT","MLN_USD","A","1985",302.516657,
"NZL","TOTFLOW","TOT","MLN_USD","A","1986",308.614889,
"NZL","TOTFLOW","TOT","MLN_USD","A","1987",268.58304,
"NZL","TOTFLOW","TOT","MLN_USD","A","1988",262.850445,
"NZL","TOTFLOW","TOT","MLN_USD","A","1989",194.164508,
"NZL","TOTFLOW","TOT","MLN_USD","A","1990",202.745231,
"NZL","TOTFLOW","TOT","MLN_USD","A","1991",218.311192,
"NZL","TOTFLOW","TOT","MLN_USD","A","1992",223.533338,
"NZL","TOTFLOW","TOT","MLN_USD","A","1993",223.241279,
"NZL","TOTFLOW","TOT","MLN_USD","A","1994",226.519381,
"NZL","TOTFLOW","TOT","MLN_USD","A","1995",265.070141,
"NZL","TOTFLOW","TOT","MLN_USD","A","1996",218.465162,
"NZL","TOTFLOW","TOT","MLN_USD","A","1997",280.451079,
"NZL","TOTFLOW","TOT","MLN_USD","A","1998",289.407399,
"NZL","TOTFLOW","TOT","MLN_USD","A","1999",309.096761,
"NZL","TOTFLOW","TOT","MLN_USD","A","2000",306.831638,
"NZL","TOTFLOW","TOT","MLN_USD","A","2001",309.899878,
"NZL","TOTFLOW","TOT","MLN_USD","A","2002",330.64038,
"NZL","TOTFLOW","TOT","MLN_USD","A","2003",329.539502,
"NZL","TOTFLOW","TOT","MLN_USD","A","2004",363.188915,
"NZL","TOTFLOW","TOT","MLN_USD","A","2005",493.438101,
"NZL","TOTFLOW","TOT","MLN_USD","A","2006",441.901109,
"NZL","TOTFLOW","TOT","MLN_USD","A","2007",446.68703,
"NZL","TOTFLOW","TOT","MLN_USD","A","2008",489.476343,
"NZL","TOTFLOW","TOT","MLN_USD","A","2009",479.942341,
"NZL","TOTFLOW","TOT","MLN_USD","A","2010",445.215902,
"NZL","TOTFLOW","TOT","MLN_USD","A","2011",496.517922,
"NZL","TOTFLOW","TOT","MLN_USD","A","2012",570.257009,
"NZL","TOTFLOW","TOT","MLN_USD","A","2013",505.697395,
"NZL","TOTFLOW","TOT","MLN_USD","A","2014",562.192656,
"NZL","TOTFLOW","TOT","MLN_USD","A","2015",620.72,
"NOR","TOTFLOW","TOT","MLN_USD","A","1960",131.765598,
"NOR","TOTFLOW","TOT","MLN_USD","A","1961",338.95533,
"NOR","TOTFLOW","TOT","MLN_USD","A","1962",81.730818,
"NOR","TOTFLOW","TOT","MLN_USD","A","1963",250.343465,
"NOR","TOTFLOW","TOT","MLN_USD","A","1964",256.026844,
"NOR","TOTFLOW","TOT","MLN_USD","A","1965",407.663825,
"NOR","TOTFLOW","TOT","MLN_USD","A","1966",173.731616,
"NOR","TOTFLOW","TOT","MLN_USD","A","1967",298.985195,
"NOR","TOTFLOW","TOT","MLN_USD","A","1968",557.440296,
"NOR","TOTFLOW","TOT","MLN_USD","A","1969",683.028956,
"NOR","TOTFLOW","TOT","MLN_USD","A","1970",538.839468,
"NOR","TOTFLOW","TOT","MLN_USD","A","1971",483.690704,
"NOR","TOTFLOW","TOT","MLN_USD","A","1972",370.567267,
"NOR","TOTFLOW","TOT","MLN_USD","A","1973",504.578961,
"NOR","TOTFLOW","TOT","MLN_USD","A","1974",856.958878,
"NOR","TOTFLOW","TOT","MLN_USD","A","1975",1090.550022,
"NOR","TOTFLOW","TOT","MLN_USD","A","1976",1793.820427,
"NOR","TOTFLOW","TOT","MLN_USD","A","1977",1913.504475,
"NOR","TOTFLOW","TOT","MLN_USD","A","1978",2051.712574,
"NOR","TOTFLOW","TOT","MLN_USD","A","1979",2236.755797,
"NOR","TOTFLOW","TOT","MLN_USD","A","1980",2216.041625,
"NOR","TOTFLOW","TOT","MLN_USD","A","1981",1766.418903,
"NOR","TOTFLOW","TOT","MLN_USD","A","1982",2213.28528,
"NOR","TOTFLOW","TOT","MLN_USD","A","1983",2095.303516,
"NOR","TOTFLOW","TOT","MLN_USD","A","1984",1793.893976,
"NOR","TOTFLOW","TOT","MLN_USD","A","1985",1775.270439,
"NOR","TOTFLOW","TOT","MLN_USD","A","1986",1897.596391,
"NOR","TOTFLOW","TOT","MLN_USD","A","1987",2002.004046,
"NOR","TOTFLOW","TOT","MLN_USD","A","1988",1834.801953,
"NOR","TOTFLOW","TOT","MLN_USD","A","1989",1832.291352,
"NOR","TOTFLOW","TOT","MLN_USD","A","1990",2117.920809,
"NOR","TOTFLOW","TOT","MLN_USD","A","1991",2489.995635,
"NOR","TOTFLOW","TOT","MLN_USD","A","1992",2487.77169,
"NOR","TOTFLOW","TOT","MLN_USD","A","1993",2363.719742,
"NOR","TOTFLOW","TOT","MLN_USD","A","1994",2853.182597,
"NOR","TOTFLOW","TOT","MLN_USD","A","1995",2807.0796,
"NOR","TOTFLOW","TOT","MLN_USD","A","1996",2739.918034,
"NOR","TOTFLOW","TOT","MLN_USD","A","1997",2883.159811,
"NOR","TOTFLOW","TOT","MLN_USD","A","1998",3727.736347,
"NOR","TOTFLOW","TOT","MLN_USD","A","1999",3751.771256,
"NOR","TOTFLOW","TOT","MLN_USD","A","2000",2557.770945,
"NOR","TOTFLOW","TOT","MLN_USD","A","2001",2658.106418,
"NOR","TOTFLOW","TOT","MLN_USD","A","2002",3686.377583,
"NOR","TOTFLOW","TOT","MLN_USD","A","2003",4610.402107,
"NOR","TOTFLOW","TOT","MLN_USD","A","2004",3491.201858,
"NOR","TOTFLOW","TOT","MLN_USD","A","2005",5109.75513,
"NOR","TOTFLOW","TOT","MLN_USD","A","2006",5506.863346,
"NOR","TOTFLOW","TOT","MLN_USD","A","2007",5701.230066,
"NOR","TOTFLOW","TOT","MLN_USD","A","2008",2964.183713,
"NOR","TOTFLOW","TOT","MLN_USD","A","2009",4553.971317,
"NOR","TOTFLOW","TOT","MLN_USD","A","2010",4885.402553,
"NOR","TOTFLOW","TOT","MLN_USD","A","2011",3433.72939,
"NOR","TOTFLOW","TOT","MLN_USD","A","2012",3444.252379,
"NOR","TOTFLOW","TOT","MLN_USD","A","2013",3986.515786,
"NOR","TOTFLOW","TOT","MLN_USD","A","2014",3848.052839,
"NOR","TOTFLOW","TOT","MLN_USD","A","2015",4564.57,
"POL","TOTFLOW","TOT","MLN_USD","A","1975",110.645807,
"POL","TOTFLOW","TOT","MLN_USD","A","1976",103.588846,
"POL","TOTFLOW","TOT","MLN_USD","A","1977",64.374681,
"POL","TOTFLOW","TOT","MLN_USD","A","1978",72.794997,
"POL","TOTFLOW","TOT","MLN_USD","A","1979",71.201131,
"POL","TOTFLOW","TOT","MLN_USD","A","1980",89.10892,
"POL","TOTFLOW","TOT","MLN_USD","A","1981",13.666176,
"POL","TOTFLOW","TOT","MLN_USD","A","1982",6.836238,
"POL","TOTFLOW","TOT","MLN_USD","A","1983",4.330417,
"POL","TOTFLOW","TOT","MLN_USD","A","1984",9.529258,
"POL","TOTFLOW","TOT","MLN_USD","A","1985",43.450154,
"POL","TOTFLOW","TOT","MLN_USD","A","1986",31.724747,
"POL","TOTFLOW","TOT","MLN_USD","A","1987",19.236567,
"POL","TOTFLOW","TOT","MLN_USD","A","1988",16.542234,
"POL","TOTFLOW","TOT","MLN_USD","A","1989",9.634743,
"POL","TOTFLOW","TOT","MLN_USD","A","1990",3.469273,
"POL","TOTFLOW","TOT","MLN_USD","A","1991",1.337056,
"POL","TOTFLOW","TOT","MLN_USD","A","1998",28.060376,
"POL","TOTFLOW","TOT","MLN_USD","A","1999",32.635661,
"POL","TOTFLOW","TOT","MLN_USD","A","2000",47.237309,
"POL","TOTFLOW","TOT","MLN_USD","A","2001",53.01627,
"POL","TOTFLOW","TOT","MLN_USD","A","2002",20.733173,
"POL","TOTFLOW","TOT","MLN_USD","A","2003",37.306137,
"POL","TOTFLOW","TOT","MLN_USD","A","2004",144.560047,
"POL","TOTFLOW","TOT","MLN_USD","A","2005",217.573538,
"POL","TOTFLOW","TOT","MLN_USD","A","2006",300.375855,
"POL","TOTFLOW","TOT","MLN_USD","A","2007",312.467873,
"POL","TOTFLOW","TOT","MLN_USD","A","2008",272.950464,
"POL","TOTFLOW","TOT","MLN_USD","A","2009",336.704997,
"POL","TOTFLOW","TOT","MLN_USD","A","2010",323.570252,
"POL","TOTFLOW","TOT","MLN_USD","A","2011",340.386063,
"POL","TOTFLOW","TOT","MLN_USD","A","2012",368.237708,
"POL","TOTFLOW","TOT","MLN_USD","A","2013",412.735339,
"POL","TOTFLOW","TOT","MLN_USD","A","2014",380.316958,
"POL","TOTFLOW","TOT","MLN_USD","A","2015",499.2,
"PRT","TOTFLOW","TOT","MLN_USD","A","1980",12.856101,
"PRT","TOTFLOW","TOT","MLN_USD","A","1981",20.180521,
"PRT","TOTFLOW","TOT","MLN_USD","A","1982",14.383146,
"PRT","TOTFLOW","TOT","MLN_USD","A","1983",48.322502,
"PRT","TOTFLOW","TOT","MLN_USD","A","1984",34.140236,
"PRT","TOTFLOW","TOT","MLN_USD","A","1985",40.696102,
"PRT","TOTFLOW","TOT","MLN_USD","A","1986",64.814681,
"PRT","TOTFLOW","TOT","MLN_USD","A","1987",101.706275,
"PRT","TOTFLOW","TOT","MLN_USD","A","1988",196.666671,
"PRT","TOTFLOW","TOT","MLN_USD","A","1989",305.16032,
"PRT","TOTFLOW","TOT","MLN_USD","A","1990",464.234982,
"PRT","TOTFLOW","TOT","MLN_USD","A","1991",301.187983,
"PRT","TOTFLOW","TOT","MLN_USD","A","1992",581.895758,
"PRT","TOTFLOW","TOT","MLN_USD","A","1993",383.621097,
"PRT","TOTFLOW","TOT","MLN_USD","A","1994",410.267344,
"PRT","TOTFLOW","TOT","MLN_USD","A","1995",526.960224,
"PRT","TOTFLOW","TOT","MLN_USD","A","1996",1264.184219,
"PRT","TOTFLOW","TOT","MLN_USD","A","1997",1956.67155,
"PRT","TOTFLOW","TOT","MLN_USD","A","1998",2920.74381,
"PRT","TOTFLOW","TOT","MLN_USD","A","1999",3598.308931,
"PRT","TOTFLOW","TOT","MLN_USD","A","2000",7563.697903,
"PRT","TOTFLOW","TOT","MLN_USD","A","2001",2882.310881,
"PRT","TOTFLOW","TOT","MLN_USD","A","2002",258.861244,
"PRT","TOTFLOW","TOT","MLN_USD","A","2003",1366.940077,
"PRT","TOTFLOW","TOT","MLN_USD","A","2004",716.90182,
"PRT","TOTFLOW","TOT","MLN_USD","A","2005",1137.910464,
"PRT","TOTFLOW","TOT","MLN_USD","A","2006",655.617838,
"PRT","TOTFLOW","TOT","MLN_USD","A","2007",1941.805528,
"PRT","TOTFLOW","TOT","MLN_USD","A","2008",1249.138392,
"PRT","TOTFLOW","TOT","MLN_USD","A","2009",-887.721175,
"PRT","TOTFLOW","TOT","MLN_USD","A","2010",141.807193,
"PRT","TOTFLOW","TOT","MLN_USD","A","2011",-1085.826106,
"PRT","TOTFLOW","TOT","MLN_USD","A","2012",431.061673,
"PRT","TOTFLOW","TOT","MLN_USD","A","2013",1998.612688,
"PRT","TOTFLOW","TOT","MLN_USD","A","2014",2022.689732,
"PRT","TOTFLOW","TOT","MLN_USD","A","2015",127.99,
"SVK","TOTFLOW","TOT","MLN_USD","A","1999",16.751283,
"SVK","TOTFLOW","TOT","MLN_USD","A","2000",13.629388,
"SVK","TOTFLOW","TOT","MLN_USD","A","2001",19.150035,
"SVK","TOTFLOW","TOT","MLN_USD","A","2002",13.935998,
"SVK","TOTFLOW","TOT","MLN_USD","A","2003",24.212919,
"SVK","TOTFLOW","TOT","MLN_USD","A","2004",37.545713,
"SVK","TOTFLOW","TOT","MLN_USD","A","2005",71.157895,
"SVK","TOTFLOW","TOT","MLN_USD","A","2006",64.050454,
"SVK","TOTFLOW","TOT","MLN_USD","A","2007",64.305405,
"SVK","TOTFLOW","TOT","MLN_USD","A","2008",75.023676,
"SVK","TOTFLOW","TOT","MLN_USD","A","2009",62.201163,
"SVK","TOTFLOW","TOT","MLN_USD","A","2010",63.622844,
"SVK","TOTFLOW","TOT","MLN_USD","A","2011",69.581113,
"SVK","TOTFLOW","TOT","MLN_USD","A","2012",68.853453,
"SVK","TOTFLOW","TOT","MLN_USD","A","2013",71.607975,
"SVK","TOTFLOW","TOT","MLN_USD","A","2014",69.417547,
"SVK","TOTFLOW","TOT","MLN_USD","A","2015",84.91,
"ESP","TOTFLOW","TOT","MLN_USD","A","1980",384.963497,
"ESP","TOTFLOW","TOT","MLN_USD","A","1981",1257.023619,
"ESP","TOTFLOW","TOT","MLN_USD","A","1982",1795.943835,
"ESP","TOTFLOW","TOT","MLN_USD","A","1983",492.565869,
"ESP","TOTFLOW","TOT","MLN_USD","A","1984",548.614608,
"ESP","TOTFLOW","TOT","MLN_USD","A","1985",1229.483587,
"ESP","TOTFLOW","TOT","MLN_USD","A","1986",-407.052217,
"ESP","TOTFLOW","TOT","MLN_USD","A","1987",-47.627088,
"ESP","TOTFLOW","TOT","MLN_USD","A","1988",999.263569,
"ESP","TOTFLOW","TOT","MLN_USD","A","1989",745.890112,
"ESP","TOTFLOW","TOT","MLN_USD","A","1990",1345.466627,
"ESP","TOTFLOW","TOT","MLN_USD","A","1991",1769.092399,
"ESP","TOTFLOW","TOT","MLN_USD","A","1992",1924.451146,
"ESP","TOTFLOW","TOT","MLN_USD","A","1993",1979.108106,
"ESP","TOTFLOW","TOT","MLN_USD","A","1994",5154.582829,
"ESP","TOTFLOW","TOT","MLN_USD","A","1995",2621.488937,
"ESP","TOTFLOW","TOT","MLN_USD","A","1996",5414.269327,
"ESP","TOTFLOW","TOT","MLN_USD","A","1997",10634.202376,
"ESP","TOTFLOW","TOT","MLN_USD","A","1998",16906.990704,
"ESP","TOTFLOW","TOT","MLN_USD","A","1999",42207.341667,
"ESP","TOTFLOW","TOT","MLN_USD","A","2000",38201.877,
"ESP","TOTFLOW","TOT","MLN_USD","A","2001",18544.36732,
"ESP","TOTFLOW","TOT","MLN_USD","A","2002",12001.05326,
"ESP","TOTFLOW","TOT","MLN_USD","A","2003",7860.527657,
"ESP","TOTFLOW","TOT","MLN_USD","A","2004",13166.168994,
"ESP","TOTFLOW","TOT","MLN_USD","A","2005",6734.889806,
"ESP","TOTFLOW","TOT","MLN_USD","A","2006",10510.760772,
"ESP","TOTFLOW","TOT","MLN_USD","A","2007",18126.110635,
"ESP","TOTFLOW","TOT","MLN_USD","A","2008",23393.945342,
"ESP","TOTFLOW","TOT","MLN_USD","A","2009",10292.441285,
"ESP","TOTFLOW","TOT","MLN_USD","A","2010",8719.391824,
"ESP","TOTFLOW","TOT","MLN_USD","A","2011",16177.253259,
"ESP","TOTFLOW","TOT","MLN_USD","A","2012",1716.06369,
"ESP","TOTFLOW","TOT","MLN_USD","A","2013",6688.745832,
"ESP","TOTFLOW","TOT","MLN_USD","A","2014",11485.188954,
"ESP","TOTFLOW","TOT","MLN_USD","A","2015",22040.83,
"SWE","TOTFLOW","TOT","MLN_USD","A","1960",366.943003,
"SWE","TOTFLOW","TOT","MLN_USD","A","1961",396.938237,
"SWE","TOTFLOW","TOT","MLN_USD","A","1962",273.628921,
"SWE","TOTFLOW","TOT","MLN_USD","A","1963",383.655638,
"SWE","TOTFLOW","TOT","MLN_USD","A","1964",459.118848,
"SWE","TOTFLOW","TOT","MLN_USD","A","1965",469.367782,
"SWE","TOTFLOW","TOT","MLN_USD","A","1966",658.223889,
"SWE","TOTFLOW","TOT","MLN_USD","A","1967",696.527219,
"SWE","TOTFLOW","TOT","MLN_USD","A","1968",726.955995,
"SWE","TOTFLOW","TOT","MLN_USD","A","1969",1158.363478,
"SWE","TOTFLOW","TOT","MLN_USD","A","1970",1194.238076,
"SWE","TOTFLOW","TOT","MLN_USD","A","1971",1165.743798,
"SWE","TOTFLOW","TOT","MLN_USD","A","1972",1139.632343,
"SWE","TOTFLOW","TOT","MLN_USD","A","1973",1281.173179,
"SWE","TOTFLOW","TOT","MLN_USD","A","1974",2123.941221,
"SWE","TOTFLOW","TOT","MLN_USD","A","1975",2040.151357,
"SWE","TOTFLOW","TOT","MLN_USD","A","1976",2884.781213,
"SWE","TOTFLOW","TOT","MLN_USD","A","1977",3680.037924,
"SWE","TOTFLOW","TOT","MLN_USD","A","1978",2912.116464,
"SWE","TOTFLOW","TOT","MLN_USD","A","1979",2368.910978,
"SWE","TOTFLOW","TOT","MLN_USD","A","1980",3157.468558,
"SWE","TOTFLOW","TOT","MLN_USD","A","1981",2633.025481,
"SWE","TOTFLOW","TOT","MLN_USD","A","1982",3770.735327,
"SWE","TOTFLOW","TOT","MLN_USD","A","1983",3101.500274,
"SWE","TOTFLOW","TOT","MLN_USD","A","1984",2998.555274,
"SWE","TOTFLOW","TOT","MLN_USD","A","1985",3276.381977,
"SWE","TOTFLOW","TOT","MLN_USD","A","1986",3087.172999,
"SWE","TOTFLOW","TOT","MLN_USD","A","1987",2699.861529,
"SWE","TOTFLOW","TOT","MLN_USD","A","1988",3262.893418,
"SWE","TOTFLOW","TOT","MLN_USD","A","1989",3184.621869,
"SWE","TOTFLOW","TOT","MLN_USD","A","1990",3202.255926,
"SWE","TOTFLOW","TOT","MLN_USD","A","1991",1962.16979,
"SWE","TOTFLOW","TOT","MLN_USD","A","1992",3107.317754,
"SWE","TOTFLOW","TOT","MLN_USD","A","1993",3334.970289,
"SWE","TOTFLOW","TOT","MLN_USD","A","1994",3069.390676,
"SWE","TOTFLOW","TOT","MLN_USD","A","1995",2569.083316,
"SWE","TOTFLOW","TOT","MLN_USD","A","1996",2153.059225,
"SWE","TOTFLOW","TOT","MLN_USD","A","1997",2522.070802,
"SWE","TOTFLOW","TOT","MLN_USD","A","1998",3543.955663,
"SWE","TOTFLOW","TOT","MLN_USD","A","1999",3705.62609,
"SWE","TOTFLOW","TOT","MLN_USD","A","2000",5529.856309,
"SWE","TOTFLOW","TOT","MLN_USD","A","2001",4744.060978,
"SWE","TOTFLOW","TOT","MLN_USD","A","2002",3184.218154,
"SWE","TOTFLOW","TOT","MLN_USD","A","2003",1463.278958,
"SWE","TOTFLOW","TOT","MLN_USD","A","2004",3113.337426,
"SWE","TOTFLOW","TOT","MLN_USD","A","2005",3770.397245,
"SWE","TOTFLOW","TOT","MLN_USD","A","2006",4305.936182,
"SWE","TOTFLOW","TOT","MLN_USD","A","2007",6352.617377,
"SWE","TOTFLOW","TOT","MLN_USD","A","2008",5182.630788,
"SWE","TOTFLOW","TOT","MLN_USD","A","2009",7026.796106,
"SWE","TOTFLOW","TOT","MLN_USD","A","2010",4695.925152,
"SWE","TOTFLOW","TOT","MLN_USD","A","2011",5381.456799,
"SWE","TOTFLOW","TOT","MLN_USD","A","2012",11929.076681,
"SWE","TOTFLOW","TOT","MLN_USD","A","2013",8381.663022,
"SWE","TOTFLOW","TOT","MLN_USD","A","2014",7744.977991,
"SWE","TOTFLOW","TOT","MLN_USD","A","2015",10364.96,
"CHE","TOTFLOW","TOT","MLN_USD","A","1960",3193.75393,
"CHE","TOTFLOW","TOT","MLN_USD","A","1961",4122.466621,
"CHE","TOTFLOW","TOT","MLN_USD","A","1962",2983.252123,
"CHE","TOTFLOW","TOT","MLN_USD","A","1963",3579.578821,
"CHE","TOTFLOW","TOT","MLN_USD","A","1964",1844.324907,
"CHE","TOTFLOW","TOT","MLN_USD","A","1965",3103.009402,
"CHE","TOTFLOW","TOT","MLN_USD","A","1966",1688.078543,
"CHE","TOTFLOW","TOT","MLN_USD","A","1967",1999.693331,
"CHE","TOTFLOW","TOT","MLN_USD","A","1968",3413.659985,
"CHE","TOTFLOW","TOT","MLN_USD","A","1969",1661.576982,
"CHE","TOTFLOW","TOT","MLN_USD","A","1970",1821.932287,
"CHE","TOTFLOW","TOT","MLN_USD","A","1971",2850.767431,
"CHE","TOTFLOW","TOT","MLN_USD","A","1972",1734.956266,
"CHE","TOTFLOW","TOT","MLN_USD","A","1973",2253.910097,
"CHE","TOTFLOW","TOT","MLN_USD","A","1974",2428.91749,
"CHE","TOTFLOW","TOT","MLN_USD","A","1975",3756.447066,
"CHE","TOTFLOW","TOT","MLN_USD","A","1976",6816.028388,
"CHE","TOTFLOW","TOT","MLN_USD","A","1977",19025.998856,
"CHE","TOTFLOW","TOT","MLN_USD","A","1978",12962.044729,
"CHE","TOTFLOW","TOT","MLN_USD","A","1979",15872.332227,
"CHE","TOTFLOW","TOT","MLN_USD","A","1980",8417.101143,
"CHE","TOTFLOW","TOT","MLN_USD","A","1981",7900.501456,
"CHE","TOTFLOW","TOT","MLN_USD","A","1982",10580.382664,
"CHE","TOTFLOW","TOT","MLN_USD","A","1983",10908.802869,
"CHE","TOTFLOW","TOT","MLN_USD","A","1984",12192.619076,
"CHE","TOTFLOW","TOT","MLN_USD","A","1985",9266.561894,
"CHE","TOTFLOW","TOT","MLN_USD","A","1986",3644.211633,
"CHE","TOTFLOW","TOT","MLN_USD","A","1987",-3256.32659,
"CHE","TOTFLOW","TOT","MLN_USD","A","1988",2873.184757,
"CHE","TOTFLOW","TOT","MLN_USD","A","1989",4060.455123,
"CHE","TOTFLOW","TOT","MLN_USD","A","1990",6262.488993,
"CHE","TOTFLOW","TOT","MLN_USD","A","1991",5477.458522,
"CHE","TOTFLOW","TOT","MLN_USD","A","1992",5264.820052,
"CHE","TOTFLOW","TOT","MLN_USD","A","1993",6186.422273,
"CHE","TOTFLOW","TOT","MLN_USD","A","1994",122.083422,
"CHE","TOTFLOW","TOT","MLN_USD","A","1995",1513.283048,
"CHE","TOTFLOW","TOT","MLN_USD","A","1996",-2076.707986,
"CHE","TOTFLOW","TOT","MLN_USD","A","1997",-5739.26405,
"CHE","TOTFLOW","TOT","MLN_USD","A","1998",7785.123897,
"CHE","TOTFLOW","TOT","MLN_USD","A","1999",5774.058274,
"CHE","TOTFLOW","TOT","MLN_USD","A","2000",3363.232845,
"CHE","TOTFLOW","TOT","MLN_USD","A","2001",2893.6845,
"CHE","TOTFLOW","TOT","MLN_USD","A","2002",2797.94095,
"CHE","TOTFLOW","TOT","MLN_USD","A","2003",4818.725389,
"CHE","TOTFLOW","TOT","MLN_USD","A","2004",1934.813526,
"CHE","TOTFLOW","TOT","MLN_USD","A","2005",11096.494067,
"CHE","TOTFLOW","TOT","MLN_USD","A","2006",16969.786029,
"CHE","TOTFLOW","TOT","MLN_USD","A","2007",7369.616571,
"CHE","TOTFLOW","TOT","MLN_USD","A","2008",13909.379815,
"CHE","TOTFLOW","TOT","MLN_USD","A","2009",9886.368415,
"CHE","TOTFLOW","TOT","MLN_USD","A","2010",25116.71086,
"CHE","TOTFLOW","TOT","MLN_USD","A","2011",11715.419243,
"CHE","TOTFLOW","TOT","MLN_USD","A","2012",13820.468599,
"CHE","TOTFLOW","TOT","MLN_USD","A","2013",12658.310657,
"CHE","TOTFLOW","TOT","MLN_USD","A","2014",12215.468207,
"CHE","TOTFLOW","TOT","MLN_USD","A","2015",6518.13,
"TUR","TOTFLOW","TOT","MLN_USD","A","1997",508.616829,
"TUR","TOTFLOW","TOT","MLN_USD","A","1998",238.069316,
"TUR","TOTFLOW","TOT","MLN_USD","A","1999",491.423471,
"TUR","TOTFLOW","TOT","MLN_USD","A","2000",209.220678,
"TUR","TOTFLOW","TOT","MLN_USD","A","2001",122.357072,
"TUR","TOTFLOW","TOT","MLN_USD","A","2002",124.732736,
"TUR","TOTFLOW","TOT","MLN_USD","A","2003",148.021674,
"TUR","TOTFLOW","TOT","MLN_USD","A","2004",1316.15639,
"TUR","TOTFLOW","TOT","MLN_USD","A","2005",1073.93062,
"TUR","TOTFLOW","TOT","MLN_USD","A","2006",1657.181587,
"TUR","TOTFLOW","TOT","MLN_USD","A","2007",1139.776095,
"TUR","TOTFLOW","TOT","MLN_USD","A","2008",1208.560868,
"TUR","TOTFLOW","TOT","MLN_USD","A","2009",1306.828856,
"TUR","TOTFLOW","TOT","MLN_USD","A","2010",1355.778486,
"TUR","TOTFLOW","TOT","MLN_USD","A","2011",1915.503618,
"TUR","TOTFLOW","TOT","MLN_USD","A","2012",2792.198329,
"TUR","TOTFLOW","TOT","MLN_USD","A","2013",3537.224529,
"TUR","TOTFLOW","TOT","MLN_USD","A","2014",5529.845181,
"TUR","TOTFLOW","TOT","MLN_USD","A","2015",5104.7,
"GBR","TOTFLOW","TOT","MLN_USD","A","1960",9311.976486,
"GBR","TOTFLOW","TOT","MLN_USD","A","1961",9202.758576,
"GBR","TOTFLOW","TOT","MLN_USD","A","1962",7341.990282,
"GBR","TOTFLOW","TOT","MLN_USD","A","1963",7035.563956,
"GBR","TOTFLOW","TOT","MLN_USD","A","1964",8685.371473,
"GBR","TOTFLOW","TOT","MLN_USD","A","1965",9200.936836,
"GBR","TOTFLOW","TOT","MLN_USD","A","1966",7730.501317,
"GBR","TOTFLOW","TOT","MLN_USD","A","1967",6769.425205,
"GBR","TOTFLOW","TOT","MLN_USD","A","1968",7733.514773,
"GBR","TOTFLOW","TOT","MLN_USD","A","1969",10353.282354,
"GBR","TOTFLOW","TOT","MLN_USD","A","1970",10173.390147,
"GBR","TOTFLOW","TOT","MLN_USD","A","1971",10090.411833,
"GBR","TOTFLOW","TOT","MLN_USD","A","1972",10081.255205,
"GBR","TOTFLOW","TOT","MLN_USD","A","1973",9753.030695,
"GBR","TOTFLOW","TOT","MLN_USD","A","1974",14192.63642,
"GBR","TOTFLOW","TOT","MLN_USD","A","1975",30392.731796,
"GBR","TOTFLOW","TOT","MLN_USD","A","1976",37307.669775,
"GBR","TOTFLOW","TOT","MLN_USD","A","1977",30375.653392,
"GBR","TOTFLOW","TOT","MLN_USD","A","1978",33883.323726,
"GBR","TOTFLOW","TOT","MLN_USD","A","1979",38729.275647,
"GBR","TOTFLOW","TOT","MLN_USD","A","1980",26598.017007,
"GBR","TOTFLOW","TOT","MLN_USD","A","1981",26610.058579,
"GBR","TOTFLOW","TOT","MLN_USD","A","1982",14989.892116,
"GBR","TOTFLOW","TOT","MLN_USD","A","1983",15945.370178,
"GBR","TOTFLOW","TOT","MLN_USD","A","1984",13677.2092,
"GBR","TOTFLOW","TOT","MLN_USD","A","1985",6846.491337,
"GBR","TOTFLOW","TOT","MLN_USD","A","1986",15570.650898,
"GBR","TOTFLOW","TOT","MLN_USD","A","1987",6925.548607,
"GBR","TOTFLOW","TOT","MLN_USD","A","1988",7386.162943,
"GBR","TOTFLOW","TOT","MLN_USD","A","1989",16464.62912,
"GBR","TOTFLOW","TOT","MLN_USD","A","1990",9679.19861,
"GBR","TOTFLOW","TOT","MLN_USD","A","1991",7884.469891,
"GBR","TOTFLOW","TOT","MLN_USD","A","1992",12734.807113,
"GBR","TOTFLOW","TOT","MLN_USD","A","1993",11442.843914,
"GBR","TOTFLOW","TOT","MLN_USD","A","1994",18093.140549,
"GBR","TOTFLOW","TOT","MLN_USD","A","1995",19167.217212,
"GBR","TOTFLOW","TOT","MLN_USD","A","1996",31276.841022,
"GBR","TOTFLOW","TOT","MLN_USD","A","1997",25568.596987,
"GBR","TOTFLOW","TOT","MLN_USD","A","1998",15423.006708,
"GBR","TOTFLOW","TOT","MLN_USD","A","1999",19739.617742,
"GBR","TOTFLOW","TOT","MLN_USD","A","2000",13827.479584,
"GBR","TOTFLOW","TOT","MLN_USD","A","2001",13533.80891,
"GBR","TOTFLOW","TOT","MLN_USD","A","2002",10099.495682,
"GBR","TOTFLOW","TOT","MLN_USD","A","2003",21996.671632,
"GBR","TOTFLOW","TOT","MLN_USD","A","2004",32717.592459,
"GBR","TOTFLOW","TOT","MLN_USD","A","2005",31686.875895,
"GBR","TOTFLOW","TOT","MLN_USD","A","2006",26197.150501,
"GBR","TOTFLOW","TOT","MLN_USD","A","2007",43499.431363,
"GBR","TOTFLOW","TOT","MLN_USD","A","2008",39279.89584,
"GBR","TOTFLOW","TOT","MLN_USD","A","2009",26445.099987,
"GBR","TOTFLOW","TOT","MLN_USD","A","2010",27319.507219,
"GBR","TOTFLOW","TOT","MLN_USD","A","2011",47159.175587,
"GBR","TOTFLOW","TOT","MLN_USD","A","2012",63646.599816,
"GBR","TOTFLOW","TOT","MLN_USD","A","2013",30659.564943,
"GBR","TOTFLOW","TOT","MLN_USD","A","2014",29642.201941,
"GBR","TOTFLOW","TOT","MLN_USD","A","2015",18544.86,
"USA","TOTFLOW","TOT","MLN_USD","A","1960",24396.782319,
"USA","TOTFLOW","TOT","MLN_USD","A","1961",28837.051483,
"USA","TOTFLOW","TOT","MLN_USD","A","1962",27305.822071,
"USA","TOTFLOW","TOT","MLN_USD","A","1963",27562.583509,
"USA","TOTFLOW","TOT","MLN_USD","A","1964",31841.546813,
"USA","TOTFLOW","TOT","MLN_USD","A","1965",35178.898213,
"USA","TOTFLOW","TOT","MLN_USD","A","1966",30924.603658,
"USA","TOTFLOW","TOT","MLN_USD","A","1967",30914.166946,
"USA","TOTFLOW","TOT","MLN_USD","A","1968",35114.307278,
"USA","TOTFLOW","TOT","MLN_USD","A","1969",25255.577396,
"USA","TOTFLOW","TOT","MLN_USD","A","1970",30948.935584,
"USA","TOTFLOW","TOT","MLN_USD","A","1971",29099.627223,
"USA","TOTFLOW","TOT","MLN_USD","A","1972",35061.21863,
"USA","TOTFLOW","TOT","MLN_USD","A","1973",25140.25232,
"USA","TOTFLOW","TOT","MLN_USD","A","1974",17431.228276,
"USA","TOTFLOW","TOT","MLN_USD","A","1975",62025.147966,
"USA","TOTFLOW","TOT","MLN_USD","A","1976",41130.682468,
"USA","TOTFLOW","TOT","MLN_USD","A","1977",38925.326377,
"USA","TOTFLOW","TOT","MLN_USD","A","1978",47301.01483,
"USA","TOTFLOW","TOT","MLN_USD","A","1979",50823.819855,
"USA","TOTFLOW","TOT","MLN_USD","A","1980",34335.518847,
"USA","TOTFLOW","TOT","MLN_USD","A","1981",59791.438648,
"USA","TOTFLOW","TOT","MLN_USD","A","1982",64377.929763,
"USA","TOTFLOW","TOT","MLN_USD","A","1983",47307.73657,
"USA","TOTFLOW","TOT","MLN_USD","A","1984",56689.002881,
"USA","TOTFLOW","TOT","MLN_USD","A","1985",3489.767745,
"USA","TOTFLOW","TOT","MLN_USD","A","1986",34341.742857,
"USA","TOTFLOW","TOT","MLN_USD","A","1987",25386.687317,
"USA","TOTFLOW","TOT","MLN_USD","A","1988",31066.046148,
"USA","TOTFLOW","TOT","MLN_USD","A","1989",27986.554701,
"USA","TOTFLOW","TOT","MLN_USD","A","1990",18273.918443,
"USA","TOTFLOW","TOT","MLN_USD","A","1991",33090.72699,
"USA","TOTFLOW","TOT","MLN_USD","A","1992",52205.237975,
"USA","TOTFLOW","TOT","MLN_USD","A","1993",88663.824217,
"USA","TOTFLOW","TOT","MLN_USD","A","1994",89056.676051,
"USA","TOTFLOW","TOT","MLN_USD","A","1995",68612.238759,
"USA","TOTFLOW","TOT","MLN_USD","A","1996",79927.027775,
"USA","TOTFLOW","TOT","MLN_USD","A","1997",105738.469655,
"USA","TOTFLOW","TOT","MLN_USD","A","1998",67541.911956,
"USA","TOTFLOW","TOT","MLN_USD","A","1999",68881.620223,
"USA","TOTFLOW","TOT","MLN_USD","A","2000",33920.868952,
"USA","TOTFLOW","TOT","MLN_USD","A","2001",50719.036302,
"USA","TOTFLOW","TOT","MLN_USD","A","2002",31573.907616,
"USA","TOTFLOW","TOT","MLN_USD","A","2003",48015.140235,
"USA","TOTFLOW","TOT","MLN_USD","A","2004",39845.507661,
"USA","TOTFLOW","TOT","MLN_USD","A","2005",135754.064499,
"USA","TOTFLOW","TOT","MLN_USD","A","2006",105454.777021,
"USA","TOTFLOW","TOT","MLN_USD","A","2007",146754.070098,
"USA","TOTFLOW","TOT","MLN_USD","A","2008",15160.268677,
"USA","TOTFLOW","TOT","MLN_USD","A","2009",126801.470909,
"USA","TOTFLOW","TOT","MLN_USD","A","2010",235761.315885,
"USA","TOTFLOW","TOT","MLN_USD","A","2011",177572.643534,
"USA","TOTFLOW","TOT","MLN_USD","A","2012",175122.387201,
"USA","TOTFLOW","TOT","MLN_USD","A","2013",156241.497155,
"USA","TOTFLOW","TOT","MLN_USD","A","2014",241215.331967,
"USA","TOTFLOW","TOT","MLN_USD","A","2015",38519.84,
"SVN","TOTFLOW","TOT","MLN_USD","A","2005",36.664346,
"SVN","TOTFLOW","TOT","MLN_USD","A","2006",45.119197,
"SVN","TOTFLOW","TOT","MLN_USD","A","2007",48.845185,
"SVN","TOTFLOW","TOT","MLN_USD","A","2008",55.383959,
"SVN","TOTFLOW","TOT","MLN_USD","A","2009",58.491287,
"SVN","TOTFLOW","TOT","MLN_USD","A","2010",51.089916,
"SVN","TOTFLOW","TOT","MLN_USD","A","2011",51.553457,
"SVN","TOTFLOW","TOT","MLN_USD","A","2012",51.788147,
"SVN","TOTFLOW","TOT","MLN_USD","A","2013",52.346775,
"SVN","TOTFLOW","TOT","MLN_USD","A","2014",51.952673,
"SVN","TOTFLOW","TOT","MLN_USD","A","2015",156.37,
"ARE","TOTFLOW","TOT","MLN_USD","A","2009",919.00062,
"DAC","TOTFLOW","TOT","MLN_USD","A","1960",68199.365856,
"DAC","TOTFLOW","TOT","MLN_USD","A","1961",75530.587692,
"DAC","TOTFLOW","TOT","MLN_USD","A","1962",65949.505709,
"DAC","TOTFLOW","TOT","MLN_USD","A","1963",64302.261839,
"DAC","TOTFLOW","TOT","MLN_USD","A","1964",69060.34086,
"DAC","TOTFLOW","TOT","MLN_USD","A","1965",77102.200581,
"DAC","TOTFLOW","TOT","MLN_USD","A","1966",74598.434447,
"DAC","TOTFLOW","TOT","MLN_USD","A","1967",74469.227512,
"DAC","TOTFLOW","TOT","MLN_USD","A","1968",92123.625869,
"DAC","TOTFLOW","TOT","MLN_USD","A","1969",91146.668335,
"DAC","TOTFLOW","TOT","MLN_USD","A","1970",95586.293649,
"DAC","TOTFLOW","TOT","MLN_USD","A","1971",97929.070862,
"DAC","TOTFLOW","TOT","MLN_USD","A","1972",100469.451155,
"DAC","TOTFLOW","TOT","MLN_USD","A","1973",96637.389918,
"DAC","TOTFLOW","TOT","MLN_USD","A","1974",89779.237693,
"DAC","TOTFLOW","TOT","MLN_USD","A","1975",162118.98007,
"DAC","TOTFLOW","TOT","MLN_USD","A","1976",164520.130626,
"DAC","TOTFLOW","TOT","MLN_USD","A","1977",170762.261836,
"DAC","TOTFLOW","TOT","MLN_USD","A","1978",194374.243931,
"DAC","TOTFLOW","TOT","MLN_USD","A","1979",191661.175369,
"DAC","TOTFLOW","TOT","MLN_USD","A","1980",161512.586064,
"DAC","TOTFLOW","TOT","MLN_USD","A","1981",204134.723448,
"DAC","TOTFLOW","TOT","MLN_USD","A","1982",193426.841284,
"DAC","TOTFLOW","TOT","MLN_USD","A","1983",160551.124464,
"DAC","TOTFLOW","TOT","MLN_USD","A","1984",183632.691885,
"DAC","TOTFLOW","TOT","MLN_USD","A","1985",110183.044588,
"DAC","TOTFLOW","TOT","MLN_USD","A","1986",124720.25069,
"DAC","TOTFLOW","TOT","MLN_USD","A","1987",99357.894384,
"DAC","TOTFLOW","TOT","MLN_USD","A","1988",123453.944605,
"DAC","TOTFLOW","TOT","MLN_USD","A","1989",131945.541929,
"DAC","TOTFLOW","TOT","MLN_USD","A","1990",107094.099951,
"DAC","TOTFLOW","TOT","MLN_USD","A","1991",126762.582474,
"DAC","TOTFLOW","TOT","MLN_USD","A","1992",149944.932923,
"DAC","TOTFLOW","TOT","MLN_USD","A","1993",188209.325005,
"DAC","TOTFLOW","TOT","MLN_USD","A","1994",216219.301563,
"DAC","TOTFLOW","TOT","MLN_USD","A","1995",192543.803553,
"DAC","TOTFLOW","TOT","MLN_USD","A","1996",233723.547567,
"DAC","TOTFLOW","TOT","MLN_USD","A","1997",239241.565063,
"DAC","TOTFLOW","TOT","MLN_USD","A","1998",244100.87079,
"DAC","TOTFLOW","TOT","MLN_USD","A","1999",258204.789118,
"DAC","TOTFLOW","TOT","MLN_USD","A","2000",194832.944435,
"DAC","TOTFLOW","TOT","MLN_USD","A","2001",152013.100083,
"DAC","TOTFLOW","TOT","MLN_USD","A","2002",101710.690268,
"DAC","TOTFLOW","TOT","MLN_USD","A","2003",155742.26229,
"DAC","TOTFLOW","TOT","MLN_USD","A","2004",177318.375333,
"DAC","TOTFLOW","TOT","MLN_USD","A","2005",336235.688361,
"DAC","TOTFLOW","TOT","MLN_USD","A","2006",329327.990935,
"DAC","TOTFLOW","TOT","MLN_USD","A","2007",425243.549573,
"DAC","TOTFLOW","TOT","MLN_USD","A","2008",246714.531779,
"DAC","TOTFLOW","TOT","MLN_USD","A","2009",321996.415757,
"DAC","TOTFLOW","TOT","MLN_USD","A","2010",500805.68304,
"DAC","TOTFLOW","TOT","MLN_USD","A","2011",457891.822796,
"DAC","TOTFLOW","TOT","MLN_USD","A","2012",444609.418937,
"DAC","TOTFLOW","TOT","MLN_USD","A","2013",414429.7201,
"DAC","TOTFLOW","TOT","MLN_USD","A","2014",542392.294837,
"DAC","TOTFLOW","TOT","MLN_USD","A","2015",315325.06,
"LIE","TOTFLOW","TOT","MLN_USD","A","2011",27.865367,
"LIE","TOTFLOW","TOT","MLN_USD","A","2013",25.533783,
"LVA","TOTFLOW","TOT","MLN_USD","A","2013",20.224432,
"LVA","TOTFLOW","TOT","MLN_USD","A","2014",21.2934,
"RUS","TOTFLOW","TOT","MLN_USD","A","2010",504.383611,
"RUS","TOTFLOW","TOT","MLN_USD","A","2013",435.589988,
"RUS","TOTFLOW","TOT","MLN_USD","A","2014",594.151163,
"HUN","TOTFLOW","TOT","MLN_USD","A","2013",107.915965,
"BGR","TOTFLOW","TOT","MLN_USD","A","2013",44.860309,
"BGR","TOTFLOW","TOT","MLN_USD","A","2014",43.846389,
"ISR","TOTFLOW","TOT","MLN_USD","A","2013",194.672797,
"ISR","TOTFLOW","TOT","MLN_USD","A","2014",188.759518,
"LTU","TOTFLOW","TOT","MLN_USD","A","2013",42.652816,
"MLT","TOTFLOW","TOT","MLN_USD","A","2013",16.498474,
"MLT","TOTFLOW","TOT","MLN_USD","A","2014",18.387195,
"ROU","TOTFLOW","TOT","MLN_USD","A","2013",120.982788,
"THA","TOTFLOW","TOT","MLN_USD","A","2013",32.852384,
"THA","TOTFLOW","TOT","MLN_USD","A","2014",62.134486,
"TWN","TOTFLOW","TOT","MLN_USD","A","2014",246.81724,
"SAU","TOTFLOW","TOT","MLN_USD","A","2014",12282.709478,
"SAU","TOTFLOW","TOT","MLN_USD","A","2015",6758.22,
