﻿"LOCATION","INDICATOR","SUBJECT","MEASURE","FREQUENCY","TIME","Value","Flag Codes"
"AUS","DISCRIMFAMCODE","LEGAGEMARRIAGE","IDX","A","2014",0.5,
"AUS","DISCRIMFAMCODE","PARENTATYDIV","IDX","A","2014",0,
"AUT","DISCRIMFAMCODE","LEGAGEMARRIAGE","IDX","A","2014",0,
"AUT","DISCRIMFAMCODE","PARENTATYDIV","IDX","A","2014",0,
"BEL","DISCRIMFAMCODE","LEGAGEMARRIAGE","IDX","A","2014",0,
"BEL","DISCRIMFAMCODE","PARENTATYDIV","IDX","A","2014",0,
"CAN","DISCRIMFAMCODE","LEGAGEMARRIAGE","IDX","A","2014",0,
"CAN","DISCRIMFAMCODE","PARENTATYDIV","IDX","A","2014",0,
"CZE","DISCRIMFAMCODE","LEGAGEMARRIAGE","IDX","A","2014",0,
"CZE","DISCRIMFAMCODE","PARENTATYDIV","IDX","A","2014",0,
"DNK","DISCRIMFAMCODE","LEGAGEMARRIAGE","IDX","A","2014",0,
"DNK","DISCRIMFAMCODE","PARENTATYDIV","IDX","A","2014",0,
"FIN","DISCRIMFAMCODE","LEGAGEMARRIAGE","IDX","A","2014",0,
"FIN","DISCRIMFAMCODE","PARENTATYDIV","IDX","A","2014",0,
"FRA","DISCRIMFAMCODE","LEGAGEMARRIAGE","IDX","A","2014",0.5,
"FRA","DISCRIMFAMCODE","PARENTATYDIV","IDX","A","2014",0,
"DEU","DISCRIMFAMCODE","LEGAGEMARRIAGE","IDX","A","2014",0,
"DEU","DISCRIMFAMCODE","PARENTATYDIV","IDX","A","2014",0,
"GRC","DISCRIMFAMCODE","LEGAGEMARRIAGE","IDX","A","2014",0.5,
"GRC","DISCRIMFAMCODE","PARENTATYDIV","IDX","A","2014",0.5,
"HUN","DISCRIMFAMCODE","LEGAGEMARRIAGE","IDX","A","2014",0,
"HUN","DISCRIMFAMCODE","PARENTATYDIV","IDX","A","2014",0,
"ISL","DISCRIMFAMCODE","LEGAGEMARRIAGE","IDX","A","2014",0,
"ISL","DISCRIMFAMCODE","PARENTATYDIV","IDX","A","2014",0,
"IRL","DISCRIMFAMCODE","LEGAGEMARRIAGE","IDX","A","2014",0,
"IRL","DISCRIMFAMCODE","PARENTATYDIV","IDX","A","2014",0,
"ITA","DISCRIMFAMCODE","LEGAGEMARRIAGE","IDX","A","2014",0,
"ITA","DISCRIMFAMCODE","PARENTATYDIV","IDX","A","2014",0,
"JPN","DISCRIMFAMCODE","LEGAGEMARRIAGE","IDX","A","2014",1,
"JPN","DISCRIMFAMCODE","PARENTATYDIV","IDX","A","2014",0,
"KOR","DISCRIMFAMCODE","LEGAGEMARRIAGE","IDX","A","2014",0,
"KOR","DISCRIMFAMCODE","PARENTATYDIV","IDX","A","2014",0,
"LUX","DISCRIMFAMCODE","LEGAGEMARRIAGE","IDX","A","2014",0.75,
"LUX","DISCRIMFAMCODE","PARENTATYDIV","IDX","A","2014",0,
"MEX","DISCRIMFAMCODE","LEGAGEMARRIAGE","IDX","A","2014",0.5,
"MEX","DISCRIMFAMCODE","PARENTATYDIV","IDX","A","2014",0,
"NLD","DISCRIMFAMCODE","LEGAGEMARRIAGE","IDX","A","2014",0,
"NLD","DISCRIMFAMCODE","PARENTATYDIV","IDX","A","2014",0,
"NZL","DISCRIMFAMCODE","LEGAGEMARRIAGE","IDX","A","2014",0,
"NZL","DISCRIMFAMCODE","PARENTATYDIV","IDX","A","2014",0,
"NOR","DISCRIMFAMCODE","LEGAGEMARRIAGE","IDX","A","2014",0,
"NOR","DISCRIMFAMCODE","PARENTATYDIV","IDX","A","2014",0,
"POL","DISCRIMFAMCODE","LEGAGEMARRIAGE","IDX","A","2014",0.5,
"POL","DISCRIMFAMCODE","PARENTATYDIV","IDX","A","2014",0,
"PRT","DISCRIMFAMCODE","LEGAGEMARRIAGE","IDX","A","2014",0.25,
"PRT","DISCRIMFAMCODE","PARENTATYDIV","IDX","A","2014",0,
"SVK","DISCRIMFAMCODE","LEGAGEMARRIAGE","IDX","A","2014",0,
"SVK","DISCRIMFAMCODE","PARENTATYDIV","IDX","A","2014",0,
"ESP","DISCRIMFAMCODE","LEGAGEMARRIAGE","IDX","A","2014",0,
"ESP","DISCRIMFAMCODE","PARENTATYDIV","IDX","A","2014",0,
"SWE","DISCRIMFAMCODE","LEGAGEMARRIAGE","IDX","A","2014",0,
"SWE","DISCRIMFAMCODE","PARENTATYDIV","IDX","A","2014",0.5,
"CHE","DISCRIMFAMCODE","LEGAGEMARRIAGE","IDX","A","2014",0,
"CHE","DISCRIMFAMCODE","PARENTATYDIV","IDX","A","2014",0,
"TUR","DISCRIMFAMCODE","LEGAGEMARRIAGE","IDX","A","2014",0.5,
"TUR","DISCRIMFAMCODE","PARENTATYDIV","IDX","A","2014",0,
"GBR","DISCRIMFAMCODE","LEGAGEMARRIAGE","IDX","A","2014",0,
"GBR","DISCRIMFAMCODE","PARENTATYDIV","IDX","A","2014",0,
"USA","DISCRIMFAMCODE","LEGAGEMARRIAGE","IDX","A","2014",0.5,
"USA","DISCRIMFAMCODE","PARENTATYDIV","IDX","A","2014",0,
"ALB","DISCRIMFAMCODE","LEGAGEMARRIAGE","IDX","A","2014",0,
"ALB","DISCRIMFAMCODE","PARENTATYDIV","IDX","A","2014",0.5,
"DZA","DISCRIMFAMCODE","LEGAGEMARRIAGE","IDX","A","2014",0,
"DZA","DISCRIMFAMCODE","PARENTATYDIV","IDX","A","2014",1,
"ARG","DISCRIMFAMCODE","LEGAGEMARRIAGE","IDX","A","2014",0,
"ARG","DISCRIMFAMCODE","PARENTATYDIV","IDX","A","2014",0,
"ARM","DISCRIMFAMCODE","LEGAGEMARRIAGE","IDX","A","2014",0,
"ARM","DISCRIMFAMCODE","PARENTATYDIV","IDX","A","2014",0.5,
"AZE","DISCRIMFAMCODE","LEGAGEMARRIAGE","IDX","A","2014",0,
"AZE","DISCRIMFAMCODE","PARENTATYDIV","IDX","A","2014",0.5,
"BGD","DISCRIMFAMCODE","LEGAGEMARRIAGE","IDX","A","2014",1,
"BGD","DISCRIMFAMCODE","PARENTATYDIV","IDX","A","2014",1,
"BLR","DISCRIMFAMCODE","LEGAGEMARRIAGE","IDX","A","2014",0,
"BLR","DISCRIMFAMCODE","PARENTATYDIV","IDX","A","2014",0.5,
"BIH","DISCRIMFAMCODE","LEGAGEMARRIAGE","IDX","A","2014",0,
"BIH","DISCRIMFAMCODE","PARENTATYDIV","IDX","A","2014",0,
"BRA","DISCRIMFAMCODE","LEGAGEMARRIAGE","IDX","A","2014",0.25,
"BRA","DISCRIMFAMCODE","PARENTATYDIV","IDX","A","2014",0,
"BGR","DISCRIMFAMCODE","LEGAGEMARRIAGE","IDX","A","2014",0.5,
"BGR","DISCRIMFAMCODE","PARENTATYDIV","IDX","A","2014",0,
"KHM","DISCRIMFAMCODE","LEGAGEMARRIAGE","IDX","A","2014",0,
"KHM","DISCRIMFAMCODE","PARENTATYDIV","IDX","A","2014",0.5,
"CHL","DISCRIMFAMCODE","LEGAGEMARRIAGE","IDX","A","2014",0,
"CHL","DISCRIMFAMCODE","PARENTATYDIV","IDX","A","2014",0,
"CHN","DISCRIMFAMCODE","LEGAGEMARRIAGE","IDX","A","2014",0.75,
"CHN","DISCRIMFAMCODE","PARENTATYDIV","IDX","A","2014",0,
"COL","DISCRIMFAMCODE","LEGAGEMARRIAGE","IDX","A","2014",0.25,
"COL","DISCRIMFAMCODE","PARENTATYDIV","IDX","A","2014",0,
"HRV","DISCRIMFAMCODE","LEGAGEMARRIAGE","IDX","A","2014",0.5,
"HRV","DISCRIMFAMCODE","PARENTATYDIV","IDX","A","2014",0,
"CYP","DISCRIMFAMCODE","LEGAGEMARRIAGE","IDX","A","2014",0,
"CYP","DISCRIMFAMCODE","PARENTATYDIV","IDX","A","2014",0,
"EGY","DISCRIMFAMCODE","LEGAGEMARRIAGE","IDX","A","2014",0.5,
"EGY","DISCRIMFAMCODE","PARENTATYDIV","IDX","A","2014",1,
"EST","DISCRIMFAMCODE","LEGAGEMARRIAGE","IDX","A","2014",0,
"EST","DISCRIMFAMCODE","PARENTATYDIV","IDX","A","2014",0,
"ETH","DISCRIMFAMCODE","LEGAGEMARRIAGE","IDX","A","2014",0,
"ETH","DISCRIMFAMCODE","PARENTATYDIV","IDX","A","2014",0,
"GEO","DISCRIMFAMCODE","LEGAGEMARRIAGE","IDX","A","2014",0,
"GEO","DISCRIMFAMCODE","PARENTATYDIV","IDX","A","2014",0,
"GHA","DISCRIMFAMCODE","LEGAGEMARRIAGE","IDX","A","2014",0.5,
"GHA","DISCRIMFAMCODE","PARENTATYDIV","IDX","A","2014",0,
"HTI","DISCRIMFAMCODE","LEGAGEMARRIAGE","IDX","A","2014",1,
"HTI","DISCRIMFAMCODE","PARENTATYDIV","IDX","A","2014",0,
"HKG","DISCRIMFAMCODE","LEGAGEMARRIAGE","IDX","A","2014",0,
"HKG","DISCRIMFAMCODE","PARENTATYDIV","IDX","A","2014",0,
"IND","DISCRIMFAMCODE","LEGAGEMARRIAGE","IDX","A","2014",1,
"IND","DISCRIMFAMCODE","PARENTATYDIV","IDX","A","2014",0.5,
"IDN","DISCRIMFAMCODE","LEGAGEMARRIAGE","IDX","A","2014",1,
"IDN","DISCRIMFAMCODE","PARENTATYDIV","IDX","A","2014",0.5,
"IRN","DISCRIMFAMCODE","LEGAGEMARRIAGE","IDX","A","2014",0.75,
"IRN","DISCRIMFAMCODE","PARENTATYDIV","IDX","A","2014",0.5,
"ISR","DISCRIMFAMCODE","LEGAGEMARRIAGE","IDX","A","2014",0.5,
"ISR","DISCRIMFAMCODE","PARENTATYDIV","IDX","A","2014",0,
"KAZ","DISCRIMFAMCODE","LEGAGEMARRIAGE","IDX","A","2014",0,
"KAZ","DISCRIMFAMCODE","PARENTATYDIV","IDX","A","2014",0,
"LVA","DISCRIMFAMCODE","LEGAGEMARRIAGE","IDX","A","2014",0,
"LVA","DISCRIMFAMCODE","PARENTATYDIV","IDX","A","2014",0,
"LTU","DISCRIMFAMCODE","LEGAGEMARRIAGE","IDX","A","2014",0,
"LTU","DISCRIMFAMCODE","PARENTATYDIV","IDX","A","2014",0,
"MKD","DISCRIMFAMCODE","LEGAGEMARRIAGE","IDX","A","2014",0,
"MKD","DISCRIMFAMCODE","PARENTATYDIV","IDX","A","2014",0,
"MYS","DISCRIMFAMCODE","LEGAGEMARRIAGE","IDX","A","2014",0.5,
"MYS","DISCRIMFAMCODE","PARENTATYDIV","IDX","A","2014",0.5,
"MDA","DISCRIMFAMCODE","LEGAGEMARRIAGE","IDX","A","2014",0,
"MDA","DISCRIMFAMCODE","PARENTATYDIV","IDX","A","2014",0,
"MOZ","DISCRIMFAMCODE","LEGAGEMARRIAGE","IDX","A","2014",0,
"MOZ","DISCRIMFAMCODE","PARENTATYDIV","IDX","A","2014",0,
"NGA","DISCRIMFAMCODE","LEGAGEMARRIAGE","IDX","A","2014",0.5,
"NGA","DISCRIMFAMCODE","PARENTATYDIV","IDX","A","2014",0.5,
"PAK","DISCRIMFAMCODE","LEGAGEMARRIAGE","IDX","A","2014",0.75,
"PAK","DISCRIMFAMCODE","PARENTATYDIV","IDX","A","2014",1,
"PRY","DISCRIMFAMCODE","LEGAGEMARRIAGE","IDX","A","2014",0.25,
"PRY","DISCRIMFAMCODE","PARENTATYDIV","IDX","A","2014",0,
"PER","DISCRIMFAMCODE","LEGAGEMARRIAGE","IDX","A","2014",0.25,
"PER","DISCRIMFAMCODE","PARENTATYDIV","IDX","A","2014",0,
"PHL","DISCRIMFAMCODE","LEGAGEMARRIAGE","IDX","A","2014",0.5,
"PHL","DISCRIMFAMCODE","PARENTATYDIV","IDX","A","2014",0.5,
"ROU","DISCRIMFAMCODE","LEGAGEMARRIAGE","IDX","A","2014",0.5,
"ROU","DISCRIMFAMCODE","PARENTATYDIV","IDX","A","2014",0,
"RUS","DISCRIMFAMCODE","LEGAGEMARRIAGE","IDX","A","2014",0,
"RUS","DISCRIMFAMCODE","PARENTATYDIV","IDX","A","2014",0,
"SAU","DISCRIMFAMCODE","LEGAGEMARRIAGE","IDX","A","2014",1,
"SAU","DISCRIMFAMCODE","PARENTATYDIV","IDX","A","2014",1,
"SGP","DISCRIMFAMCODE","LEGAGEMARRIAGE","IDX","A","2014",0,
"SGP","DISCRIMFAMCODE","PARENTATYDIV","IDX","A","2014",0,
"SVN","DISCRIMFAMCODE","LEGAGEMARRIAGE","IDX","A","2014",0,
"SVN","DISCRIMFAMCODE","PARENTATYDIV","IDX","A","2014",0,
"ZAF","DISCRIMFAMCODE","LEGAGEMARRIAGE","IDX","A","2014",0,
"ZAF","DISCRIMFAMCODE","PARENTATYDIV","IDX","A","2014",0,
"SDN","DISCRIMFAMCODE","LEGAGEMARRIAGE","IDX","A","2014",1,
"SDN","DISCRIMFAMCODE","PARENTATYDIV","IDX","A","2014",1,
"TZA","DISCRIMFAMCODE","LEGAGEMARRIAGE","IDX","A","2014",1,
"TZA","DISCRIMFAMCODE","PARENTATYDIV","IDX","A","2014",0,
"THA","DISCRIMFAMCODE","LEGAGEMARRIAGE","IDX","A","2014",0.25,
"THA","DISCRIMFAMCODE","PARENTATYDIV","IDX","A","2014",1,
"UKR","DISCRIMFAMCODE","LEGAGEMARRIAGE","IDX","A","2014",0,
"UKR","DISCRIMFAMCODE","PARENTATYDIV","IDX","A","2014",0,
"ARE","DISCRIMFAMCODE","LEGAGEMARRIAGE","IDX","A","2014",0,
"ARE","DISCRIMFAMCODE","PARENTATYDIV","IDX","A","2014",1,
"URY","DISCRIMFAMCODE","LEGAGEMARRIAGE","IDX","A","2014",0.25,
"URY","DISCRIMFAMCODE","PARENTATYDIV","IDX","A","2014",0,
"VNM","DISCRIMFAMCODE","LEGAGEMARRIAGE","IDX","A","2014",0.75,
"VNM","DISCRIMFAMCODE","PARENTATYDIV","IDX","A","2014",0,
"ZMB","DISCRIMFAMCODE","LEGAGEMARRIAGE","IDX","A","2014",0.5,
"SRB","DISCRIMFAMCODE","LEGAGEMARRIAGE","IDX","A","2014",0,
"SRB","DISCRIMFAMCODE","PARENTATYDIV","IDX","A","2014",0,
"AUS","DISCRIMFAMCODE","EARMARRIAGE","PC","A","2014",1,
"AUT","DISCRIMFAMCODE","EARMARRIAGE","PC","A","2014",0,
"BEL","DISCRIMFAMCODE","EARMARRIAGE","PC","A","2014",1,
"CAN","DISCRIMFAMCODE","EARMARRIAGE","PC","A","2014",3,
"CZE","DISCRIMFAMCODE","EARMARRIAGE","PC","A","2014",0,
"DNK","DISCRIMFAMCODE","EARMARRIAGE","PC","A","2014",0,
"FIN","DISCRIMFAMCODE","EARMARRIAGE","PC","A","2014",1,
"FRA","DISCRIMFAMCODE","EARMARRIAGE","PC","A","2014",1,
"DEU","DISCRIMFAMCODE","EARMARRIAGE","PC","A","2014",0,
"GRC","DISCRIMFAMCODE","EARMARRIAGE","PC","A","2014",4,
"HUN","DISCRIMFAMCODE","EARMARRIAGE","PC","A","2014",1,
"ISL","DISCRIMFAMCODE","EARMARRIAGE","PC","A","2014",1,
"IRL","DISCRIMFAMCODE","EARMARRIAGE","PC","A","2014",0,
"ITA","DISCRIMFAMCODE","EARMARRIAGE","PC","A","2014",0,
"JPN","DISCRIMFAMCODE","EARMARRIAGE","PC","A","2014",1,
"KOR","DISCRIMFAMCODE","EARMARRIAGE","PC","A","2014",0,
"LUX","DISCRIMFAMCODE","EARMARRIAGE","PC","A","2014",1,
"MEX","DISCRIMFAMCODE","EARMARRIAGE","PC","A","2014",17,
"NLD","DISCRIMFAMCODE","EARMARRIAGE","PC","A","2014",0,
"NZL","DISCRIMFAMCODE","EARMARRIAGE","PC","A","2014",8,
"NOR","DISCRIMFAMCODE","EARMARRIAGE","PC","A","2014",0,
"POL","DISCRIMFAMCODE","EARMARRIAGE","PC","A","2014",2,
"PRT","DISCRIMFAMCODE","EARMARRIAGE","PC","A","2014",5,
"SVK","DISCRIMFAMCODE","EARMARRIAGE","PC","A","2014",1,
"ESP","DISCRIMFAMCODE","EARMARRIAGE","PC","A","2014",1,
"SWE","DISCRIMFAMCODE","EARMARRIAGE","PC","A","2014",1,
"CHE","DISCRIMFAMCODE","EARMARRIAGE","PC","A","2014",1,
"TUR","DISCRIMFAMCODE","EARMARRIAGE","PC","A","2014",10,
"GBR","DISCRIMFAMCODE","EARMARRIAGE","PC","A","2014",0,
"USA","DISCRIMFAMCODE","EARMARRIAGE","PC","A","2014",3,
"ALB","DISCRIMFAMCODE","EARMARRIAGE","PC","A","2014",7,
"DZA","DISCRIMFAMCODE","EARMARRIAGE","PC","A","2014",2,
"ARG","DISCRIMFAMCODE","EARMARRIAGE","PC","A","2014",13,
"ARM","DISCRIMFAMCODE","EARMARRIAGE","PC","A","2014",8,
"AZE","DISCRIMFAMCODE","EARMARRIAGE","PC","A","2014",8,
"BGD","DISCRIMFAMCODE","EARMARRIAGE","PC","A","2014",46,
"BLR","DISCRIMFAMCODE","EARMARRIAGE","PC","A","2014",4,
"BIH","DISCRIMFAMCODE","EARMARRIAGE","PC","A","2014",17,
"BRA","DISCRIMFAMCODE","EARMARRIAGE","PC","A","2014",4,
"BGR","DISCRIMFAMCODE","EARMARRIAGE","PC","A","2014",9,
"KHM","DISCRIMFAMCODE","EARMARRIAGE","PC","A","2014",11,
"CHL","DISCRIMFAMCODE","EARMARRIAGE","PC","A","2014",6,
"CHN","DISCRIMFAMCODE","EARMARRIAGE","PC","A","2014",2,
"COL","DISCRIMFAMCODE","EARMARRIAGE","PC","A","2014",17,
"HRV","DISCRIMFAMCODE","EARMARRIAGE","PC","A","2014",2,
"CYP","DISCRIMFAMCODE","EARMARRIAGE","PC","A","2014",2,
"EGY","DISCRIMFAMCODE","EARMARRIAGE","PC","A","2014",14,
"EST","DISCRIMFAMCODE","EARMARRIAGE","PC","A","2014",5,
"ETH","DISCRIMFAMCODE","EARMARRIAGE","PC","A","2014",23,
"GEO","DISCRIMFAMCODE","EARMARRIAGE","PC","A","2014",14,
"GHA","DISCRIMFAMCODE","EARMARRIAGE","PC","A","2014",9,
"HTI","DISCRIMFAMCODE","EARMARRIAGE","PC","A","2014",19,
"HKG","DISCRIMFAMCODE","EARMARRIAGE","PC","A","2014",0,
"IND","DISCRIMFAMCODE","EARMARRIAGE","PC","A","2014",28,
"IDN","DISCRIMFAMCODE","EARMARRIAGE","PC","A","2014",14,
"IRN","DISCRIMFAMCODE","EARMARRIAGE","PC","A","2014",21,
"ISR","DISCRIMFAMCODE","EARMARRIAGE","PC","A","2014",3,
"KAZ","DISCRIMFAMCODE","EARMARRIAGE","PC","A","2014",5,
"LVA","DISCRIMFAMCODE","EARMARRIAGE","PC","A","2014",1,
"LTU","DISCRIMFAMCODE","EARMARRIAGE","PC","A","2014",0,
"MKD","DISCRIMFAMCODE","EARMARRIAGE","PC","A","2014",7,
"MYS","DISCRIMFAMCODE","EARMARRIAGE","PC","A","2014",6,
"MDA","DISCRIMFAMCODE","EARMARRIAGE","PC","A","2014",11,
"MOZ","DISCRIMFAMCODE","EARMARRIAGE","PC","A","2014",45,
"NGA","DISCRIMFAMCODE","EARMARRIAGE","PC","A","2014",29,
"PAK","DISCRIMFAMCODE","EARMARRIAGE","PC","A","2014",11,
"PRY","DISCRIMFAMCODE","EARMARRIAGE","PC","A","2014",13,
"PER","DISCRIMFAMCODE","EARMARRIAGE","PC","A","2014",16,
"PHL","DISCRIMFAMCODE","EARMARRIAGE","PC","A","2014",5,
"ROU","DISCRIMFAMCODE","EARMARRIAGE","PC","A","2014",3,
"RUS","DISCRIMFAMCODE","EARMARRIAGE","PC","A","2014",8,
"SAU","DISCRIMFAMCODE","EARMARRIAGE","PC","A","2014",4,
"SGP","DISCRIMFAMCODE","EARMARRIAGE","PC","A","2014",0,
"SVN","DISCRIMFAMCODE","EARMARRIAGE","PC","A","2014",1,
"ZAF","DISCRIMFAMCODE","EARMARRIAGE","PC","A","2014",3,
"SDN","DISCRIMFAMCODE","EARMARRIAGE","PC","A","2014",24,
"TZA","DISCRIMFAMCODE","EARMARRIAGE","PC","A","2014",20,
"THA","DISCRIMFAMCODE","EARMARRIAGE","PC","A","2014",11,
"UKR","DISCRIMFAMCODE","EARMARRIAGE","PC","A","2014",7,
"ARE","DISCRIMFAMCODE","EARMARRIAGE","PC","A","2014",7,
"URY","DISCRIMFAMCODE","EARMARRIAGE","PC","A","2014",11,
"VNM","DISCRIMFAMCODE","EARMARRIAGE","PC","A","2014",10,
"ZMB","DISCRIMFAMCODE","EARMARRIAGE","PC","A","2014",19,
"SRB","DISCRIMFAMCODE","EARMARRIAGE","PC","A","2014",5,
"AFG","DISCRIMFAMCODE","LEGAGEMARRIAGE","IDX","A","2014",0.75,
"AFG","DISCRIMFAMCODE","PARENTATYDIV","IDX","A","2014",1,
"AFG","DISCRIMFAMCODE","EARMARRIAGE","PC","A","2014",17,
"AGO","DISCRIMFAMCODE","LEGAGEMARRIAGE","IDX","A","2014",0.5,
"AGO","DISCRIMFAMCODE","PARENTATYDIV","IDX","A","2014",0,
"AGO","DISCRIMFAMCODE","EARMARRIAGE","PC","A","2014",36,
"BHR","DISCRIMFAMCODE","LEGAGEMARRIAGE","IDX","A","2014",1,
"BHR","DISCRIMFAMCODE","PARENTATYDIV","IDX","A","2014",1,
"BHR","DISCRIMFAMCODE","EARMARRIAGE","PC","A","2014",4,
"BEN","DISCRIMFAMCODE","LEGAGEMARRIAGE","IDX","A","2014",0,
"BEN","DISCRIMFAMCODE","PARENTATYDIV","IDX","A","2014",0,
"BEN","DISCRIMFAMCODE","EARMARRIAGE","PC","A","2014",22,
"BTN","DISCRIMFAMCODE","LEGAGEMARRIAGE","IDX","A","2014",0.5,
"BTN","DISCRIMFAMCODE","PARENTATYDIV","IDX","A","2014",0.5,
"BTN","DISCRIMFAMCODE","EARMARRIAGE","PC","A","2014",14,
"BOL","DISCRIMFAMCODE","LEGAGEMARRIAGE","IDX","A","2014",0.75,
"BOL","DISCRIMFAMCODE","PARENTATYDIV","IDX","A","2014",0,
"BOL","DISCRIMFAMCODE","EARMARRIAGE","PC","A","2014",15,
"BWA","DISCRIMFAMCODE","LEGAGEMARRIAGE","IDX","A","2014",0.5,
"BWA","DISCRIMFAMCODE","PARENTATYDIV","IDX","A","2014",0.5,
"BWA","DISCRIMFAMCODE","EARMARRIAGE","PC","A","2014",5,
"BFA","DISCRIMFAMCODE","LEGAGEMARRIAGE","IDX","A","2014",1,
"BFA","DISCRIMFAMCODE","PARENTATYDIV","IDX","A","2014",0,
"BFA","DISCRIMFAMCODE","EARMARRIAGE","PC","A","2014",32,
"BDI","DISCRIMFAMCODE","LEGAGEMARRIAGE","IDX","A","2014",1,
"BDI","DISCRIMFAMCODE","PARENTATYDIV","IDX","A","2014",0,
"BDI","DISCRIMFAMCODE","EARMARRIAGE","PC","A","2014",10,
"CMR","DISCRIMFAMCODE","LEGAGEMARRIAGE","IDX","A","2014",1,
"CMR","DISCRIMFAMCODE","PARENTATYDIV","IDX","A","2014",0.5,
"CMR","DISCRIMFAMCODE","EARMARRIAGE","PC","A","2014",26,
"CAF","DISCRIMFAMCODE","LEGAGEMARRIAGE","IDX","A","2014",0,
"CAF","DISCRIMFAMCODE","PARENTATYDIV","IDX","A","2014",0,
"CAF","DISCRIMFAMCODE","EARMARRIAGE","PC","A","2014",42,
"TCD","DISCRIMFAMCODE","LEGAGEMARRIAGE","IDX","A","2014",1,
"TCD","DISCRIMFAMCODE","PARENTATYDIV","IDX","A","2014",0.5,
"TCD","DISCRIMFAMCODE","EARMARRIAGE","PC","A","2014",45,
"COG","DISCRIMFAMCODE","LEGAGEMARRIAGE","IDX","A","2014",1,
"COG","DISCRIMFAMCODE","PARENTATYDIV","IDX","A","2014",0,
"COG","DISCRIMFAMCODE","EARMARRIAGE","PC","A","2014",20,
"CRI","DISCRIMFAMCODE","LEGAGEMARRIAGE","IDX","A","2014",0.25,
"CRI","DISCRIMFAMCODE","PARENTATYDIV","IDX","A","2014",0,
"CRI","DISCRIMFAMCODE","EARMARRIAGE","PC","A","2014",13,
"CIV","DISCRIMFAMCODE","LEGAGEMARRIAGE","IDX","A","2014",1,
"CIV","DISCRIMFAMCODE","PARENTATYDIV","IDX","A","2014",0,
"CIV","DISCRIMFAMCODE","EARMARRIAGE","PC","A","2014",25,
"CUB","DISCRIMFAMCODE","LEGAGEMARRIAGE","IDX","A","2014",0.5,
"CUB","DISCRIMFAMCODE","PARENTATYDIV","IDX","A","2014",0,
"CUB","DISCRIMFAMCODE","EARMARRIAGE","PC","A","2014",23,
"PRK","DISCRIMFAMCODE","LEGAGEMARRIAGE","IDX","A","2014",0.75,
"PRK","DISCRIMFAMCODE","PARENTATYDIV","IDX","A","2014",0,
"PRK","DISCRIMFAMCODE","EARMARRIAGE","PC","A","2014",0,
"COD","DISCRIMFAMCODE","LEGAGEMARRIAGE","IDX","A","2014",0,
"COD","DISCRIMFAMCODE","PARENTATYDIV","IDX","A","2014",0.5,
"COD","DISCRIMFAMCODE","EARMARRIAGE","PC","A","2014",25,
"DOM","DISCRIMFAMCODE","LEGAGEMARRIAGE","IDX","A","2014",1,
"DOM","DISCRIMFAMCODE","PARENTATYDIV","IDX","A","2014",0,
"DOM","DISCRIMFAMCODE","EARMARRIAGE","PC","A","2014",27,
"ECU","DISCRIMFAMCODE","LEGAGEMARRIAGE","IDX","A","2014",0,
"ECU","DISCRIMFAMCODE","PARENTATYDIV","IDX","A","2014",0,
"ECU","DISCRIMFAMCODE","EARMARRIAGE","PC","A","2014",22,
"SLV","DISCRIMFAMCODE","LEGAGEMARRIAGE","IDX","A","2014",0,
"SLV","DISCRIMFAMCODE","PARENTATYDIV","IDX","A","2014",0,
"SLV","DISCRIMFAMCODE","EARMARRIAGE","PC","A","2014",17,
"GNQ","DISCRIMFAMCODE","LEGAGEMARRIAGE","IDX","A","2014",0,
"GNQ","DISCRIMFAMCODE","EARMARRIAGE","PC","A","2014",26,
"ERI","DISCRIMFAMCODE","LEGAGEMARRIAGE","IDX","A","2014",0,
"ERI","DISCRIMFAMCODE","PARENTATYDIV","IDX","A","2014",0,
"ERI","DISCRIMFAMCODE","EARMARRIAGE","PC","A","2014",31,
"FJI","DISCRIMFAMCODE","LEGAGEMARRIAGE","IDX","A","2014",0,
"FJI","DISCRIMFAMCODE","PARENTATYDIV","IDX","A","2014",0,
"FJI","DISCRIMFAMCODE","EARMARRIAGE","PC","A","2014",10,
"GAB","DISCRIMFAMCODE","LEGAGEMARRIAGE","IDX","A","2014",1,
"GAB","DISCRIMFAMCODE","PARENTATYDIV","IDX","A","2014",1,
"GAB","DISCRIMFAMCODE","EARMARRIAGE","PC","A","2014",22,
"GMB","DISCRIMFAMCODE","LEGAGEMARRIAGE","IDX","A","2014",0.5,
"GMB","DISCRIMFAMCODE","PARENTATYDIV","IDX","A","2014",0.5,
"GMB","DISCRIMFAMCODE","EARMARRIAGE","PC","A","2014",25,
"GTM","DISCRIMFAMCODE","LEGAGEMARRIAGE","IDX","A","2014",0.75,
"GTM","DISCRIMFAMCODE","PARENTATYDIV","IDX","A","2014",0,
"GTM","DISCRIMFAMCODE","EARMARRIAGE","PC","A","2014",20,
"GIN","DISCRIMFAMCODE","LEGAGEMARRIAGE","IDX","A","2014",0,
"GIN","DISCRIMFAMCODE","PARENTATYDIV","IDX","A","2014",0.5,
"GIN","DISCRIMFAMCODE","EARMARRIAGE","PC","A","2014",38,
"GNB","DISCRIMFAMCODE","LEGAGEMARRIAGE","IDX","A","2014",0,
"GNB","DISCRIMFAMCODE","PARENTATYDIV","IDX","A","2014",0,
"GNB","DISCRIMFAMCODE","EARMARRIAGE","PC","A","2014",22,
"HND","DISCRIMFAMCODE","LEGAGEMARRIAGE","IDX","A","2014",0.5,
"HND","DISCRIMFAMCODE","PARENTATYDIV","IDX","A","2014",0,
"HND","DISCRIMFAMCODE","EARMARRIAGE","PC","A","2014",25,
"IRQ","DISCRIMFAMCODE","LEGAGEMARRIAGE","IDX","A","2014",0.5,
"IRQ","DISCRIMFAMCODE","PARENTATYDIV","IDX","A","2014",1,
"IRQ","DISCRIMFAMCODE","EARMARRIAGE","PC","A","2014",19,
"JAM","DISCRIMFAMCODE","LEGAGEMARRIAGE","IDX","A","2014",0,
"JAM","DISCRIMFAMCODE","PARENTATYDIV","IDX","A","2014",0,
"JAM","DISCRIMFAMCODE","EARMARRIAGE","PC","A","2014",1,
"JOR","DISCRIMFAMCODE","LEGAGEMARRIAGE","IDX","A","2014",0,
"JOR","DISCRIMFAMCODE","PARENTATYDIV","IDX","A","2014",1,
"JOR","DISCRIMFAMCODE","EARMARRIAGE","PC","A","2014",7,
"KEN","DISCRIMFAMCODE","LEGAGEMARRIAGE","IDX","A","2014",0,
"KEN","DISCRIMFAMCODE","PARENTATYDIV","IDX","A","2014",0,
"KEN","DISCRIMFAMCODE","EARMARRIAGE","PC","A","2014",13,
"KWT","DISCRIMFAMCODE","LEGAGEMARRIAGE","IDX","A","2014",0.75,
"KWT","DISCRIMFAMCODE","PARENTATYDIV","IDX","A","2014",1,
"KWT","DISCRIMFAMCODE","EARMARRIAGE","PC","A","2014",5,
"KGZ","DISCRIMFAMCODE","LEGAGEMARRIAGE","IDX","A","2014",0,
"KGZ","DISCRIMFAMCODE","PARENTATYDIV","IDX","A","2014",0.5,
"KGZ","DISCRIMFAMCODE","EARMARRIAGE","PC","A","2014",8,
"LAO","DISCRIMFAMCODE","LEGAGEMARRIAGE","IDX","A","2014",0,
"LAO","DISCRIMFAMCODE","PARENTATYDIV","IDX","A","2014",0,
"LAO","DISCRIMFAMCODE","EARMARRIAGE","PC","A","2014",20,
"LBN","DISCRIMFAMCODE","LEGAGEMARRIAGE","IDX","A","2014",1,
"LBN","DISCRIMFAMCODE","PARENTATYDIV","IDX","A","2014",1,
"LBN","DISCRIMFAMCODE","EARMARRIAGE","PC","A","2014",3,
"LSO","DISCRIMFAMCODE","LEGAGEMARRIAGE","IDX","A","2014",0.5,
"LSO","DISCRIMFAMCODE","PARENTATYDIV","IDX","A","2014",0.5,
"LSO","DISCRIMFAMCODE","EARMARRIAGE","PC","A","2014",15,
"LBR","DISCRIMFAMCODE","LEGAGEMARRIAGE","IDX","A","2014",1,
"LBR","DISCRIMFAMCODE","PARENTATYDIV","IDX","A","2014",0.5,
"LBR","DISCRIMFAMCODE","EARMARRIAGE","PC","A","2014",20,
"LBY","DISCRIMFAMCODE","LEGAGEMARRIAGE","IDX","A","2014",0,
"LBY","DISCRIMFAMCODE","PARENTATYDIV","IDX","A","2014",1,
"LBY","DISCRIMFAMCODE","EARMARRIAGE","PC","A","2014",3,
"MDG","DISCRIMFAMCODE","LEGAGEMARRIAGE","IDX","A","2014",0,
"MDG","DISCRIMFAMCODE","PARENTATYDIV","IDX","A","2014",0.5,
"MDG","DISCRIMFAMCODE","EARMARRIAGE","PC","A","2014",40,
"MWI","DISCRIMFAMCODE","LEGAGEMARRIAGE","IDX","A","2014",0.5,
"MWI","DISCRIMFAMCODE","PARENTATYDIV","IDX","A","2014",0,
"MWI","DISCRIMFAMCODE","EARMARRIAGE","PC","A","2014",26,
"MLI","DISCRIMFAMCODE","LEGAGEMARRIAGE","IDX","A","2014",0.75,
"MLI","DISCRIMFAMCODE","PARENTATYDIV","IDX","A","2014",0.5,
"MLI","DISCRIMFAMCODE","EARMARRIAGE","PC","A","2014",53,
"MRT","DISCRIMFAMCODE","LEGAGEMARRIAGE","IDX","A","2014",0.5,
"MRT","DISCRIMFAMCODE","PARENTATYDIV","IDX","A","2014",1,
"MRT","DISCRIMFAMCODE","EARMARRIAGE","PC","A","2014",28,
"MUS","DISCRIMFAMCODE","LEGAGEMARRIAGE","IDX","A","2014",0,
"MUS","DISCRIMFAMCODE","PARENTATYDIV","IDX","A","2014",0.5,
"MUS","DISCRIMFAMCODE","EARMARRIAGE","PC","A","2014",10,
"MNG","DISCRIMFAMCODE","LEGAGEMARRIAGE","IDX","A","2014",0,
"MNG","DISCRIMFAMCODE","PARENTATYDIV","IDX","A","2014",0,
"MNG","DISCRIMFAMCODE","EARMARRIAGE","PC","A","2014",4,
"MAR","DISCRIMFAMCODE","LEGAGEMARRIAGE","IDX","A","2014",0,
"MAR","DISCRIMFAMCODE","PARENTATYDIV","IDX","A","2014",0.5,
"MAR","DISCRIMFAMCODE","EARMARRIAGE","PC","A","2014",11,
"MMR","DISCRIMFAMCODE","LEGAGEMARRIAGE","IDX","A","2014",0.5,
"MMR","DISCRIMFAMCODE","PARENTATYDIV","IDX","A","2014",0,
"MMR","DISCRIMFAMCODE","EARMARRIAGE","PC","A","2014",7,
"NAM","DISCRIMFAMCODE","LEGAGEMARRIAGE","IDX","A","2014",0,
"NAM","DISCRIMFAMCODE","PARENTATYDIV","IDX","A","2014",0,
"NAM","DISCRIMFAMCODE","EARMARRIAGE","PC","A","2014",5,
"NPL","DISCRIMFAMCODE","LEGAGEMARRIAGE","IDX","A","2014",0,
"NPL","DISCRIMFAMCODE","PARENTATYDIV","IDX","A","2014",0,
"NPL","DISCRIMFAMCODE","EARMARRIAGE","PC","A","2014",29,
"NIC","DISCRIMFAMCODE","LEGAGEMARRIAGE","IDX","A","2014",1,
"NIC","DISCRIMFAMCODE","PARENTATYDIV","IDX","A","2014",0,
"NIC","DISCRIMFAMCODE","EARMARRIAGE","PC","A","2014",30,
"NER","DISCRIMFAMCODE","LEGAGEMARRIAGE","IDX","A","2014",1,
"NER","DISCRIMFAMCODE","PARENTATYDIV","IDX","A","2014",1,
"NER","DISCRIMFAMCODE","EARMARRIAGE","PC","A","2014",61,
"PSE","DISCRIMFAMCODE","LEGAGEMARRIAGE","IDX","A","2014",0.75,
"PSE","DISCRIMFAMCODE","PARENTATYDIV","IDX","A","2014",1,
"PSE","DISCRIMFAMCODE","EARMARRIAGE","PC","A","2014",6,
"OMN","DISCRIMFAMCODE","LEGAGEMARRIAGE","IDX","A","2014",0.5,
"OMN","DISCRIMFAMCODE","PARENTATYDIV","IDX","A","2014",1,
"OMN","DISCRIMFAMCODE","EARMARRIAGE","PC","A","2014",4,
"PAN","DISCRIMFAMCODE","LEGAGEMARRIAGE","IDX","A","2014",0.5,
"PAN","DISCRIMFAMCODE","PARENTATYDIV","IDX","A","2014",0,
"PAN","DISCRIMFAMCODE","EARMARRIAGE","PC","A","2014",22,
"PNG","DISCRIMFAMCODE","LEGAGEMARRIAGE","IDX","A","2014",0.75,
"PNG","DISCRIMFAMCODE","PARENTATYDIV","IDX","A","2014",0,
"PNG","DISCRIMFAMCODE","EARMARRIAGE","PC","A","2014",16,
"QAT","DISCRIMFAMCODE","LEGAGEMARRIAGE","IDX","A","2014",0.75,
"QAT","DISCRIMFAMCODE","PARENTATYDIV","IDX","A","2014",1,
"QAT","DISCRIMFAMCODE","EARMARRIAGE","PC","A","2014",18,
"RWA","DISCRIMFAMCODE","LEGAGEMARRIAGE","IDX","A","2014",0,
"RWA","DISCRIMFAMCODE","PARENTATYDIV","IDX","A","2014",0,
"RWA","DISCRIMFAMCODE","EARMARRIAGE","PC","A","2014",4,
"SEN","DISCRIMFAMCODE","LEGAGEMARRIAGE","IDX","A","2014",0.75,
"SEN","DISCRIMFAMCODE","PARENTATYDIV","IDX","A","2014",0.5,
"SEN","DISCRIMFAMCODE","EARMARRIAGE","PC","A","2014",25,
"SLE","DISCRIMFAMCODE","LEGAGEMARRIAGE","IDX","A","2014",0,
"SLE","DISCRIMFAMCODE","PARENTATYDIV","IDX","A","2014",0,
"SLE","DISCRIMFAMCODE","EARMARRIAGE","PC","A","2014",31,
"SOM","DISCRIMFAMCODE","LEGAGEMARRIAGE","IDX","A","2014",0.5,
"SOM","DISCRIMFAMCODE","PARENTATYDIV","IDX","A","2014",0,
"SOM","DISCRIMFAMCODE","EARMARRIAGE","PC","A","2014",22,
"LKA","DISCRIMFAMCODE","LEGAGEMARRIAGE","IDX","A","2014",0,
"LKA","DISCRIMFAMCODE","PARENTATYDIV","IDX","A","2014",1,
"LKA","DISCRIMFAMCODE","EARMARRIAGE","PC","A","2014",9,
"SWZ","DISCRIMFAMCODE","LEGAGEMARRIAGE","IDX","A","2014",0.5,
"SWZ","DISCRIMFAMCODE","PARENTATYDIV","IDX","A","2014",0.5,
"SWZ","DISCRIMFAMCODE","EARMARRIAGE","PC","A","2014",7,
"SYR","DISCRIMFAMCODE","LEGAGEMARRIAGE","IDX","A","2014",0.75,
"SYR","DISCRIMFAMCODE","PARENTATYDIV","IDX","A","2014",1,
"SYR","DISCRIMFAMCODE","EARMARRIAGE","PC","A","2014",11,
"TJK","DISCRIMFAMCODE","LEGAGEMARRIAGE","IDX","A","2014",0.5,
"TJK","DISCRIMFAMCODE","PARENTATYDIV","IDX","A","2014",0.5,
"TJK","DISCRIMFAMCODE","EARMARRIAGE","PC","A","2014",13,
"TLS","DISCRIMFAMCODE","LEGAGEMARRIAGE","IDX","A","2014",0.25,
"TLS","DISCRIMFAMCODE","PARENTATYDIV","IDX","A","2014",0.5,
"TLS","DISCRIMFAMCODE","EARMARRIAGE","PC","A","2014",8,
"TGO","DISCRIMFAMCODE","LEGAGEMARRIAGE","IDX","A","2014",0,
"TGO","DISCRIMFAMCODE","PARENTATYDIV","IDX","A","2014",0.5,
"TGO","DISCRIMFAMCODE","EARMARRIAGE","PC","A","2014",16,
"TTO","DISCRIMFAMCODE","LEGAGEMARRIAGE","IDX","A","2014",0.5,
"TTO","DISCRIMFAMCODE","PARENTATYDIV","IDX","A","2014",0,
"TTO","DISCRIMFAMCODE","EARMARRIAGE","PC","A","2014",3,
"TUN","DISCRIMFAMCODE","LEGAGEMARRIAGE","IDX","A","2014",0,
"TUN","DISCRIMFAMCODE","PARENTATYDIV","IDX","A","2014",0,
"TUN","DISCRIMFAMCODE","EARMARRIAGE","PC","A","2014",2,
"TKM","DISCRIMFAMCODE","LEGAGEMARRIAGE","IDX","A","2014",0,
"TKM","DISCRIMFAMCODE","PARENTATYDIV","IDX","A","2014",0.5,
"TKM","DISCRIMFAMCODE","EARMARRIAGE","PC","A","2014",5,
"UGA","DISCRIMFAMCODE","LEGAGEMARRIAGE","IDX","A","2014",0.5,
"UGA","DISCRIMFAMCODE","PARENTATYDIV","IDX","A","2014",0,
"UGA","DISCRIMFAMCODE","EARMARRIAGE","PC","A","2014",23,
"UZB","DISCRIMFAMCODE","LEGAGEMARRIAGE","IDX","A","2014",0.75,
"UZB","DISCRIMFAMCODE","PARENTATYDIV","IDX","A","2014",0,
"UZB","DISCRIMFAMCODE","EARMARRIAGE","PC","A","2014",5,
"VEN","DISCRIMFAMCODE","LEGAGEMARRIAGE","IDX","A","2014",0.75,
"VEN","DISCRIMFAMCODE","PARENTATYDIV","IDX","A","2014",0,
"VEN","DISCRIMFAMCODE","EARMARRIAGE","PC","A","2014",17,
"YEM","DISCRIMFAMCODE","LEGAGEMARRIAGE","IDX","A","2014",1,
"YEM","DISCRIMFAMCODE","PARENTATYDIV","IDX","A","2014",1,
"YEM","DISCRIMFAMCODE","EARMARRIAGE","PC","A","2014",17,
"ZWE","DISCRIMFAMCODE","LEGAGEMARRIAGE","IDX","A","2014",0.75,
"ZWE","DISCRIMFAMCODE","EARMARRIAGE","PC","A","2014",26,
