﻿"LOCATION","INDICATOR","SUBJECT","MEASURE","FREQUENCY","TIME","Value","Flag Codes"
"AUS","INCOMEINEQ","P50P10","RT","A","2012",2.2,
"AUS","INCOMEINEQ","P50P10","RT","A","2014",2.2,
"AUS","INCOMEINEQ","P90P10","RT","A","2012",4.4,
"AUS","INCOMEINEQ","P90P10","RT","A","2014",4.3,
"AUS","INCOMEINEQ","P90P50","RT","A","2012",2,
"AUS","INCOMEINEQ","P90P50","RT","A","2014",2,
"AUS","INCOMEINEQ","GINI","INEQ","A","2012",0.326,
"AUS","INCOMEINEQ","GINI","INEQ","A","2014",0.337,
"AUT","INCOMEINEQ","P50P10","RT","A","2007",2,
"AUT","INCOMEINEQ","P50P10","RT","A","2008",1.9,
"AUT","INCOMEINEQ","P50P10","RT","A","2009",2,
"AUT","INCOMEINEQ","P50P10","RT","A","2010",1.9,
"AUT","INCOMEINEQ","P50P10","RT","A","2011",1.9,
"AUT","INCOMEINEQ","P50P10","RT","A","2012",2,
"AUT","INCOMEINEQ","P50P10","RT","A","2013",1.9,
"AUT","INCOMEINEQ","P50P10","RT","A","2014",1.9,
"AUT","INCOMEINEQ","P90P10","RT","A","2007",3.6,
"AUT","INCOMEINEQ","P90P10","RT","A","2008",3.4,
"AUT","INCOMEINEQ","P90P10","RT","A","2009",3.6,
"AUT","INCOMEINEQ","P90P10","RT","A","2010",3.5,
"AUT","INCOMEINEQ","P90P10","RT","A","2011",3.5,
"AUT","INCOMEINEQ","P90P10","RT","A","2012",3.5,
"AUT","INCOMEINEQ","P90P10","RT","A","2013",3.4,
"AUT","INCOMEINEQ","P90P10","RT","A","2014",3.4,
"AUT","INCOMEINEQ","P90P50","RT","A","2007",1.8,
"AUT","INCOMEINEQ","P90P50","RT","A","2008",1.8,
"AUT","INCOMEINEQ","P90P50","RT","A","2009",1.8,
"AUT","INCOMEINEQ","P90P50","RT","A","2010",1.8,
"AUT","INCOMEINEQ","P90P50","RT","A","2011",1.8,
"AUT","INCOMEINEQ","P90P50","RT","A","2012",1.8,
"AUT","INCOMEINEQ","P90P50","RT","A","2013",1.8,
"AUT","INCOMEINEQ","P90P50","RT","A","2014",1.7,
"AUT","INCOMEINEQ","GINI","INEQ","A","2007",0.284,
"AUT","INCOMEINEQ","GINI","INEQ","A","2008",0.281,
"AUT","INCOMEINEQ","GINI","INEQ","A","2009",0.289,
"AUT","INCOMEINEQ","GINI","INEQ","A","2010",0.28,
"AUT","INCOMEINEQ","GINI","INEQ","A","2011",0.281,
"AUT","INCOMEINEQ","GINI","INEQ","A","2012",0.275,
"AUT","INCOMEINEQ","GINI","INEQ","A","2013",0.279,
"AUT","INCOMEINEQ","GINI","INEQ","A","2014",0.274,
"BEL","INCOMEINEQ","P50P10","RT","A","2004",1.9,
"BEL","INCOMEINEQ","P50P10","RT","A","2005",2,
"BEL","INCOMEINEQ","P50P10","RT","A","2006",2,
"BEL","INCOMEINEQ","P50P10","RT","A","2007",1.9,
"BEL","INCOMEINEQ","P50P10","RT","A","2008",2,
"BEL","INCOMEINEQ","P50P10","RT","A","2009",2,
"BEL","INCOMEINEQ","P50P10","RT","A","2010",2,
"BEL","INCOMEINEQ","P50P10","RT","A","2011",2,
"BEL","INCOMEINEQ","P50P10","RT","A","2012",2,
"BEL","INCOMEINEQ","P50P10","RT","A","2013",2,
"BEL","INCOMEINEQ","P50P10","RT","A","2014",1.9,
"BEL","INCOMEINEQ","P90P10","RT","A","2004",3.3,
"BEL","INCOMEINEQ","P90P10","RT","A","2005",3.4,
"BEL","INCOMEINEQ","P90P10","RT","A","2006",3.4,
"BEL","INCOMEINEQ","P90P10","RT","A","2007",3.3,
"BEL","INCOMEINEQ","P90P10","RT","A","2008",3.4,
"BEL","INCOMEINEQ","P90P10","RT","A","2009",3.4,
"BEL","INCOMEINEQ","P90P10","RT","A","2010",3.4,
"BEL","INCOMEINEQ","P90P10","RT","A","2011",3.4,
"BEL","INCOMEINEQ","P90P10","RT","A","2012",3.4,
"BEL","INCOMEINEQ","P90P10","RT","A","2013",3.4,
"BEL","INCOMEINEQ","P90P10","RT","A","2014",3.4,
"BEL","INCOMEINEQ","P90P50","RT","A","2004",1.7,
"BEL","INCOMEINEQ","P90P50","RT","A","2005",1.7,
"BEL","INCOMEINEQ","P90P50","RT","A","2006",1.7,
"BEL","INCOMEINEQ","P90P50","RT","A","2007",1.7,
"BEL","INCOMEINEQ","P90P50","RT","A","2008",1.7,
"BEL","INCOMEINEQ","P90P50","RT","A","2009",1.7,
"BEL","INCOMEINEQ","P90P50","RT","A","2010",1.7,
"BEL","INCOMEINEQ","P90P50","RT","A","2011",1.7,
"BEL","INCOMEINEQ","P90P50","RT","A","2012",1.7,
"BEL","INCOMEINEQ","P90P50","RT","A","2013",1.7,
"BEL","INCOMEINEQ","P90P50","RT","A","2014",1.7,
"BEL","INCOMEINEQ","GINI","INEQ","A","2004",0.287,
"BEL","INCOMEINEQ","GINI","INEQ","A","2005",0.277,
"BEL","INCOMEINEQ","GINI","INEQ","A","2006",0.268,
"BEL","INCOMEINEQ","GINI","INEQ","A","2007",0.277,
"BEL","INCOMEINEQ","GINI","INEQ","A","2008",0.266,
"BEL","INCOMEINEQ","GINI","INEQ","A","2009",0.272,
"BEL","INCOMEINEQ","GINI","INEQ","A","2010",0.267,
"BEL","INCOMEINEQ","GINI","INEQ","A","2011",0.27,
"BEL","INCOMEINEQ","GINI","INEQ","A","2012",0.265,
"BEL","INCOMEINEQ","GINI","INEQ","A","2013",0.265,
"BEL","INCOMEINEQ","GINI","INEQ","A","2014",0.266,
"CAN","INCOMEINEQ","P50P10","RT","A","1976",2.3,
"CAN","INCOMEINEQ","P50P10","RT","A","1977",2.4,
"CAN","INCOMEINEQ","P50P10","RT","A","1978",2.3,
"CAN","INCOMEINEQ","P50P10","RT","A","1979",2.3,
"CAN","INCOMEINEQ","P50P10","RT","A","1980",2.3,
"CAN","INCOMEINEQ","P50P10","RT","A","1981",2.2,
"CAN","INCOMEINEQ","P50P10","RT","A","1982",2.2,
"CAN","INCOMEINEQ","P50P10","RT","A","1983",2.2,
"CAN","INCOMEINEQ","P50P10","RT","A","1984",2.3,
"CAN","INCOMEINEQ","P50P10","RT","A","1985",2.2,
"CAN","INCOMEINEQ","P50P10","RT","A","1986",2.2,
"CAN","INCOMEINEQ","P50P10","RT","A","1987",2.2,
"CAN","INCOMEINEQ","P50P10","RT","A","1988",2.1,
"CAN","INCOMEINEQ","P50P10","RT","A","1989",2.1,
"CAN","INCOMEINEQ","P50P10","RT","A","1990",2.1,
"CAN","INCOMEINEQ","P50P10","RT","A","1991",2.1,
"CAN","INCOMEINEQ","P50P10","RT","A","1992",2.2,
"CAN","INCOMEINEQ","P50P10","RT","A","1993",2.1,
"CAN","INCOMEINEQ","P50P10","RT","A","1994",2.1,
"CAN","INCOMEINEQ","P50P10","RT","A","1995",2.1,
"CAN","INCOMEINEQ","P50P10","RT","A","1996",2.2,
"CAN","INCOMEINEQ","P50P10","RT","A","1997",2.2,
"CAN","INCOMEINEQ","P50P10","RT","A","1998",2.2,
"CAN","INCOMEINEQ","P50P10","RT","A","1999",2.2,
"CAN","INCOMEINEQ","P50P10","RT","A","2000",2.2,
"CAN","INCOMEINEQ","P50P10","RT","A","2001",2.1,
"CAN","INCOMEINEQ","P50P10","RT","A","2002",2.2,
"CAN","INCOMEINEQ","P50P10","RT","A","2003",2.2,
"CAN","INCOMEINEQ","P50P10","RT","A","2004",2.2,
"CAN","INCOMEINEQ","P50P10","RT","A","2005",2.2,
"CAN","INCOMEINEQ","P50P10","RT","A","2006",2.2,
"CAN","INCOMEINEQ","P50P10","RT","A","2007",2.2,
"CAN","INCOMEINEQ","P50P10","RT","A","2008",2.2,
"CAN","INCOMEINEQ","P50P10","RT","A","2009",2.3,
"CAN","INCOMEINEQ","P50P10","RT","A","2010",2.2,
"CAN","INCOMEINEQ","P50P10","RT","A","2011",2.2,
"CAN","INCOMEINEQ","P50P10","RT","A","2012",2.2,
"CAN","INCOMEINEQ","P50P10","RT","A","2013",2.3,
"CAN","INCOMEINEQ","P50P10","RT","A","2014",2.2,
"CAN","INCOMEINEQ","P90P10","RT","A","1976",4.2,
"CAN","INCOMEINEQ","P90P10","RT","A","1977",4.3,
"CAN","INCOMEINEQ","P90P10","RT","A","1978",4.2,
"CAN","INCOMEINEQ","P90P10","RT","A","1979",4.1,
"CAN","INCOMEINEQ","P90P10","RT","A","1980",4.1,
"CAN","INCOMEINEQ","P90P10","RT","A","1981",4,
"CAN","INCOMEINEQ","P90P10","RT","A","1982",4.1,
"CAN","INCOMEINEQ","P90P10","RT","A","1983",4.2,
"CAN","INCOMEINEQ","P90P10","RT","A","1984",4.2,
"CAN","INCOMEINEQ","P90P10","RT","A","1985",4,
"CAN","INCOMEINEQ","P90P10","RT","A","1986",4,
"CAN","INCOMEINEQ","P90P10","RT","A","1987",4,
"CAN","INCOMEINEQ","P90P10","RT","A","1988",3.9,
"CAN","INCOMEINEQ","P90P10","RT","A","1989",3.8,
"CAN","INCOMEINEQ","P90P10","RT","A","1990",3.9,
"CAN","INCOMEINEQ","P90P10","RT","A","1991",4,
"CAN","INCOMEINEQ","P90P10","RT","A","1992",4.1,
"CAN","INCOMEINEQ","P90P10","RT","A","1993",4,
"CAN","INCOMEINEQ","P90P10","RT","A","1994",4,
"CAN","INCOMEINEQ","P90P10","RT","A","1995",4,
"CAN","INCOMEINEQ","P90P10","RT","A","1996",4.1,
"CAN","INCOMEINEQ","P90P10","RT","A","1997",4.2,
"CAN","INCOMEINEQ","P90P10","RT","A","1998",4.1,
"CAN","INCOMEINEQ","P90P10","RT","A","1999",4,
"CAN","INCOMEINEQ","P90P10","RT","A","2000",4.1,
"CAN","INCOMEINEQ","P90P10","RT","A","2001",4.1,
"CAN","INCOMEINEQ","P90P10","RT","A","2002",4.2,
"CAN","INCOMEINEQ","P90P10","RT","A","2003",4.2,
"CAN","INCOMEINEQ","P90P10","RT","A","2004",4.3,
"CAN","INCOMEINEQ","P90P10","RT","A","2005",4.2,
"CAN","INCOMEINEQ","P90P10","RT","A","2006",4.3,
"CAN","INCOMEINEQ","P90P10","RT","A","2007",4.3,
"CAN","INCOMEINEQ","P90P10","RT","A","2008",4.2,
"CAN","INCOMEINEQ","P90P10","RT","A","2009",4.3,
"CAN","INCOMEINEQ","P90P10","RT","A","2010",4.2,
"CAN","INCOMEINEQ","P90P10","RT","A","2011",4.3,
"CAN","INCOMEINEQ","P90P10","RT","A","2012",4.3,
"CAN","INCOMEINEQ","P90P10","RT","A","2013",4.4,
"CAN","INCOMEINEQ","P90P10","RT","A","2014",4.2,
"CAN","INCOMEINEQ","P90P50","RT","A","1976",1.8,
"CAN","INCOMEINEQ","P90P50","RT","A","1977",1.8,
"CAN","INCOMEINEQ","P90P50","RT","A","1978",1.8,
"CAN","INCOMEINEQ","P90P50","RT","A","1979",1.8,
"CAN","INCOMEINEQ","P90P50","RT","A","1980",1.8,
"CAN","INCOMEINEQ","P90P50","RT","A","1981",1.8,
"CAN","INCOMEINEQ","P90P50","RT","A","1982",1.8,
"CAN","INCOMEINEQ","P90P50","RT","A","1983",1.9,
"CAN","INCOMEINEQ","P90P50","RT","A","1984",1.8,
"CAN","INCOMEINEQ","P90P50","RT","A","1985",1.8,
"CAN","INCOMEINEQ","P90P50","RT","A","1986",1.8,
"CAN","INCOMEINEQ","P90P50","RT","A","1987",1.8,
"CAN","INCOMEINEQ","P90P50","RT","A","1988",1.8,
"CAN","INCOMEINEQ","P90P50","RT","A","1989",1.8,
"CAN","INCOMEINEQ","P90P50","RT","A","1990",1.8,
"CAN","INCOMEINEQ","P90P50","RT","A","1991",1.9,
"CAN","INCOMEINEQ","P90P50","RT","A","1992",1.9,
"CAN","INCOMEINEQ","P90P50","RT","A","1993",1.9,
"CAN","INCOMEINEQ","P90P50","RT","A","1994",1.9,
"CAN","INCOMEINEQ","P90P50","RT","A","1995",1.9,
"CAN","INCOMEINEQ","P90P50","RT","A","1996",1.9,
"CAN","INCOMEINEQ","P90P50","RT","A","1997",1.9,
"CAN","INCOMEINEQ","P90P50","RT","A","1998",1.9,
"CAN","INCOMEINEQ","P90P50","RT","A","1999",1.9,
"CAN","INCOMEINEQ","P90P50","RT","A","2000",1.9,
"CAN","INCOMEINEQ","P90P50","RT","A","2001",1.9,
"CAN","INCOMEINEQ","P90P50","RT","A","2002",1.9,
"CAN","INCOMEINEQ","P90P50","RT","A","2003",1.9,
"CAN","INCOMEINEQ","P90P50","RT","A","2004",1.9,
"CAN","INCOMEINEQ","P90P50","RT","A","2005",1.9,
"CAN","INCOMEINEQ","P90P50","RT","A","2006",1.9,
"CAN","INCOMEINEQ","P90P50","RT","A","2007",1.9,
"CAN","INCOMEINEQ","P90P50","RT","A","2008",1.9,
"CAN","INCOMEINEQ","P90P50","RT","A","2009",1.9,
"CAN","INCOMEINEQ","P90P50","RT","A","2010",1.9,
"CAN","INCOMEINEQ","P90P50","RT","A","2011",1.9,
"CAN","INCOMEINEQ","P90P50","RT","A","2012",1.9,
"CAN","INCOMEINEQ","P90P50","RT","A","2013",2,
"CAN","INCOMEINEQ","P90P50","RT","A","2014",1.9,
"CAN","INCOMEINEQ","GINI","INEQ","A","1976",0.303,
"CAN","INCOMEINEQ","GINI","INEQ","A","1977",0.289,
"CAN","INCOMEINEQ","GINI","INEQ","A","1978",0.294,
"CAN","INCOMEINEQ","GINI","INEQ","A","1979",0.289,
"CAN","INCOMEINEQ","GINI","INEQ","A","1980",0.289,
"CAN","INCOMEINEQ","GINI","INEQ","A","1981",0.288,
"CAN","INCOMEINEQ","GINI","INEQ","A","1982",0.292,
"CAN","INCOMEINEQ","GINI","INEQ","A","1983",0.3,
"CAN","INCOMEINEQ","GINI","INEQ","A","1984",0.297,
"CAN","INCOMEINEQ","GINI","INEQ","A","1985",0.294,
"CAN","INCOMEINEQ","GINI","INEQ","A","1986",0.293,
"CAN","INCOMEINEQ","GINI","INEQ","A","1987",0.291,
"CAN","INCOMEINEQ","GINI","INEQ","A","1988",0.286,
"CAN","INCOMEINEQ","GINI","INEQ","A","1989",0.284,
"CAN","INCOMEINEQ","GINI","INEQ","A","1990",0.289,
"CAN","INCOMEINEQ","GINI","INEQ","A","1991",0.296,
"CAN","INCOMEINEQ","GINI","INEQ","A","1992",0.296,
"CAN","INCOMEINEQ","GINI","INEQ","A","1993",0.29,
"CAN","INCOMEINEQ","GINI","INEQ","A","1994",0.291,
"CAN","INCOMEINEQ","GINI","INEQ","A","1995",0.293,
"CAN","INCOMEINEQ","GINI","INEQ","A","1996",0.301,
"CAN","INCOMEINEQ","GINI","INEQ","A","1997",0.304,
"CAN","INCOMEINEQ","GINI","INEQ","A","1998",0.31,
"CAN","INCOMEINEQ","GINI","INEQ","A","1999",0.308,
"CAN","INCOMEINEQ","GINI","INEQ","A","2000",0.315,
"CAN","INCOMEINEQ","GINI","INEQ","A","2001",0.317,
"CAN","INCOMEINEQ","GINI","INEQ","A","2002",0.317,
"CAN","INCOMEINEQ","GINI","INEQ","A","2003",0.315,
"CAN","INCOMEINEQ","GINI","INEQ","A","2004",0.321,
"CAN","INCOMEINEQ","GINI","INEQ","A","2005",0.315,
"CAN","INCOMEINEQ","GINI","INEQ","A","2006",0.316,
"CAN","INCOMEINEQ","GINI","INEQ","A","2007",0.317,
"CAN","INCOMEINEQ","GINI","INEQ","A","2008",0.315,
"CAN","INCOMEINEQ","GINI","INEQ","A","2009",0.316,
"CAN","INCOMEINEQ","GINI","INEQ","A","2010",0.316,
"CAN","INCOMEINEQ","GINI","INEQ","A","2011",0.313,
"CAN","INCOMEINEQ","GINI","INEQ","A","2012",0.317,
"CAN","INCOMEINEQ","GINI","INEQ","A","2013",0.32,
"CAN","INCOMEINEQ","GINI","INEQ","A","2014",0.313,
"CZE","INCOMEINEQ","P50P10","RT","A","2004",1.7,
"CZE","INCOMEINEQ","P50P10","RT","A","2005",1.7,
"CZE","INCOMEINEQ","P50P10","RT","A","2006",1.7,
"CZE","INCOMEINEQ","P50P10","RT","A","2007",1.7,
"CZE","INCOMEINEQ","P50P10","RT","A","2008",1.7,
"CZE","INCOMEINEQ","P50P10","RT","A","2009",1.7,
"CZE","INCOMEINEQ","P50P10","RT","A","2010",1.7,
"CZE","INCOMEINEQ","P50P10","RT","A","2011",1.7,
"CZE","INCOMEINEQ","P50P10","RT","A","2012",1.7,
"CZE","INCOMEINEQ","P50P10","RT","A","2013",1.7,
"CZE","INCOMEINEQ","P50P10","RT","A","2014",1.7,
"CZE","INCOMEINEQ","P90P10","RT","A","2004",3.2,
"CZE","INCOMEINEQ","P90P10","RT","A","2005",3.1,
"CZE","INCOMEINEQ","P90P10","RT","A","2006",3.1,
"CZE","INCOMEINEQ","P90P10","RT","A","2007",3,
"CZE","INCOMEINEQ","P90P10","RT","A","2008",2.9,
"CZE","INCOMEINEQ","P90P10","RT","A","2009",3,
"CZE","INCOMEINEQ","P90P10","RT","A","2010",3.1,
"CZE","INCOMEINEQ","P90P10","RT","A","2011",3,
"CZE","INCOMEINEQ","P90P10","RT","A","2012",3,
"CZE","INCOMEINEQ","P90P10","RT","A","2013",3,
"CZE","INCOMEINEQ","P90P10","RT","A","2014",3.1,
"CZE","INCOMEINEQ","P90P50","RT","A","2004",1.8,
"CZE","INCOMEINEQ","P90P50","RT","A","2005",1.8,
"CZE","INCOMEINEQ","P90P50","RT","A","2006",1.8,
"CZE","INCOMEINEQ","P90P50","RT","A","2007",1.8,
"CZE","INCOMEINEQ","P90P50","RT","A","2008",1.7,
"CZE","INCOMEINEQ","P90P50","RT","A","2009",1.8,
"CZE","INCOMEINEQ","P90P50","RT","A","2010",1.8,
"CZE","INCOMEINEQ","P90P50","RT","A","2011",1.8,
"CZE","INCOMEINEQ","P90P50","RT","A","2012",1.8,
"CZE","INCOMEINEQ","P90P50","RT","A","2013",1.8,
"CZE","INCOMEINEQ","P90P50","RT","A","2014",1.8,
"CZE","INCOMEINEQ","GINI","INEQ","A","2004",0.268,
"CZE","INCOMEINEQ","GINI","INEQ","A","2005",0.261,
"CZE","INCOMEINEQ","GINI","INEQ","A","2006",0.26,
"CZE","INCOMEINEQ","GINI","INEQ","A","2007",0.256,
"CZE","INCOMEINEQ","GINI","INEQ","A","2008",0.259,
"CZE","INCOMEINEQ","GINI","INEQ","A","2009",0.257,
"CZE","INCOMEINEQ","GINI","INEQ","A","2010",0.259,
"CZE","INCOMEINEQ","GINI","INEQ","A","2011",0.257,
"CZE","INCOMEINEQ","GINI","INEQ","A","2012",0.253,
"CZE","INCOMEINEQ","GINI","INEQ","A","2013",0.259,
"CZE","INCOMEINEQ","GINI","INEQ","A","2014",0.257,
"DNK","INCOMEINEQ","P50P10","RT","A","2011",1.8,
"DNK","INCOMEINEQ","P50P10","RT","A","2012",1.7,
"DNK","INCOMEINEQ","P50P10","RT","A","2013",1.7,
"DNK","INCOMEINEQ","P50P10","RT","A","2014",1.7,
"DNK","INCOMEINEQ","P90P10","RT","A","2011",2.9,
"DNK","INCOMEINEQ","P90P10","RT","A","2012",2.8,
"DNK","INCOMEINEQ","P90P10","RT","A","2013",2.9,
"DNK","INCOMEINEQ","P90P10","RT","A","2014",2.9,
"DNK","INCOMEINEQ","P90P50","RT","A","2011",1.6,
"DNK","INCOMEINEQ","P90P50","RT","A","2012",1.6,
"DNK","INCOMEINEQ","P90P50","RT","A","2013",1.6,
"DNK","INCOMEINEQ","P90P50","RT","A","2014",1.7,
"DNK","INCOMEINEQ","GINI","INEQ","A","2011",0.251,
"DNK","INCOMEINEQ","GINI","INEQ","A","2012",0.249,
"DNK","INCOMEINEQ","GINI","INEQ","A","2013",0.254,
"DNK","INCOMEINEQ","GINI","INEQ","A","2014",0.256,
"FIN","INCOMEINEQ","P50P10","RT","A","1987",1.7,
"FIN","INCOMEINEQ","P50P10","RT","A","1988",1.7,
"FIN","INCOMEINEQ","P50P10","RT","A","1989",1.7,
"FIN","INCOMEINEQ","P50P10","RT","A","1990",1.7,
"FIN","INCOMEINEQ","P50P10","RT","A","1991",1.7,
"FIN","INCOMEINEQ","P50P10","RT","A","1992",1.7,
"FIN","INCOMEINEQ","P50P10","RT","A","1993",1.6,
"FIN","INCOMEINEQ","P50P10","RT","A","1994",1.6,
"FIN","INCOMEINEQ","P50P10","RT","A","1995",1.6,
"FIN","INCOMEINEQ","P50P10","RT","A","1996",1.7,
"FIN","INCOMEINEQ","P50P10","RT","A","1997",1.7,
"FIN","INCOMEINEQ","P50P10","RT","A","1998",1.7,
"FIN","INCOMEINEQ","P50P10","RT","A","1999",1.7,
"FIN","INCOMEINEQ","P50P10","RT","A","2000",1.8,
"FIN","INCOMEINEQ","P50P10","RT","A","2001",1.8,
"FIN","INCOMEINEQ","P50P10","RT","A","2002",1.8,
"FIN","INCOMEINEQ","P50P10","RT","A","2003",1.8,
"FIN","INCOMEINEQ","P50P10","RT","A","2004",1.8,
"FIN","INCOMEINEQ","P50P10","RT","A","2005",1.8,
"FIN","INCOMEINEQ","P50P10","RT","A","2006",1.8,
"FIN","INCOMEINEQ","P50P10","RT","A","2007",1.9,
"FIN","INCOMEINEQ","P50P10","RT","A","2008",1.9,
"FIN","INCOMEINEQ","P50P10","RT","A","2009",1.8,
"FIN","INCOMEINEQ","P50P10","RT","A","2010",1.9,
"FIN","INCOMEINEQ","P50P10","RT","A","2011",1.9,
"FIN","INCOMEINEQ","P50P10","RT","A","2012",1.8,
"FIN","INCOMEINEQ","P50P10","RT","A","2013",1.8,
"FIN","INCOMEINEQ","P50P10","RT","A","2014",1.8,
"FIN","INCOMEINEQ","P50P10","RT","A","2015",1.8,
"FIN","INCOMEINEQ","P90P10","RT","A","1987",2.6,
"FIN","INCOMEINEQ","P90P10","RT","A","1988",2.7,
"FIN","INCOMEINEQ","P90P10","RT","A","1989",2.7,
"FIN","INCOMEINEQ","P90P10","RT","A","1990",2.7,
"FIN","INCOMEINEQ","P90P10","RT","A","1991",2.6,
"FIN","INCOMEINEQ","P90P10","RT","A","1992",2.6,
"FIN","INCOMEINEQ","P90P10","RT","A","1993",2.6,
"FIN","INCOMEINEQ","P90P10","RT","A","1994",2.6,
"FIN","INCOMEINEQ","P90P10","RT","A","1995",2.6,
"FIN","INCOMEINEQ","P90P10","RT","A","1996",2.7,
"FIN","INCOMEINEQ","P90P10","RT","A","1997",2.8,
"FIN","INCOMEINEQ","P90P10","RT","A","1998",2.8,
"FIN","INCOMEINEQ","P90P10","RT","A","1999",2.8,
"FIN","INCOMEINEQ","P90P10","RT","A","2000",2.9,
"FIN","INCOMEINEQ","P90P10","RT","A","2001",3,
"FIN","INCOMEINEQ","P90P10","RT","A","2002",3,
"FIN","INCOMEINEQ","P90P10","RT","A","2003",3,
"FIN","INCOMEINEQ","P90P10","RT","A","2004",3.1,
"FIN","INCOMEINEQ","P90P10","RT","A","2005",3.1,
"FIN","INCOMEINEQ","P90P10","RT","A","2006",3.1,
"FIN","INCOMEINEQ","P90P10","RT","A","2007",3.2,
"FIN","INCOMEINEQ","P90P10","RT","A","2008",3.2,
"FIN","INCOMEINEQ","P90P10","RT","A","2009",3.1,
"FIN","INCOMEINEQ","P90P10","RT","A","2010",3.2,
"FIN","INCOMEINEQ","P90P10","RT","A","2011",3.2,
"FIN","INCOMEINEQ","P90P10","RT","A","2012",3.1,
"FIN","INCOMEINEQ","P90P10","RT","A","2013",3.2,
"FIN","INCOMEINEQ","P90P10","RT","A","2014",3.1,
"FIN","INCOMEINEQ","P90P10","RT","A","2015",3.1,
"FIN","INCOMEINEQ","P90P50","RT","A","1987",1.5,
"FIN","INCOMEINEQ","P90P50","RT","A","1988",1.5,
"FIN","INCOMEINEQ","P90P50","RT","A","1989",1.6,
"FIN","INCOMEINEQ","P90P50","RT","A","1990",1.6,
"FIN","INCOMEINEQ","P90P50","RT","A","1991",1.6,
"FIN","INCOMEINEQ","P90P50","RT","A","1992",1.5,
"FIN","INCOMEINEQ","P90P50","RT","A","1993",1.6,
"FIN","INCOMEINEQ","P90P50","RT","A","1994",1.6,
"FIN","INCOMEINEQ","P90P50","RT","A","1995",1.6,
"FIN","INCOMEINEQ","P90P50","RT","A","1996",1.6,
"FIN","INCOMEINEQ","P90P50","RT","A","1997",1.7,
"FIN","INCOMEINEQ","P90P50","RT","A","1998",1.7,
"FIN","INCOMEINEQ","P90P50","RT","A","1999",1.7,
"FIN","INCOMEINEQ","P90P50","RT","A","2000",1.7,
"FIN","INCOMEINEQ","P90P50","RT","A","2001",1.7,
"FIN","INCOMEINEQ","P90P50","RT","A","2002",1.7,
"FIN","INCOMEINEQ","P90P50","RT","A","2003",1.7,
"FIN","INCOMEINEQ","P90P50","RT","A","2004",1.7,
"FIN","INCOMEINEQ","P90P50","RT","A","2005",1.7,
"FIN","INCOMEINEQ","P90P50","RT","A","2006",1.7,
"FIN","INCOMEINEQ","P90P50","RT","A","2007",1.7,
"FIN","INCOMEINEQ","P90P50","RT","A","2008",1.7,
"FIN","INCOMEINEQ","P90P50","RT","A","2009",1.7,
"FIN","INCOMEINEQ","P90P50","RT","A","2010",1.7,
"FIN","INCOMEINEQ","P90P50","RT","A","2011",1.7,
"FIN","INCOMEINEQ","P90P50","RT","A","2012",1.7,
"FIN","INCOMEINEQ","P90P50","RT","A","2013",1.7,
"FIN","INCOMEINEQ","P90P50","RT","A","2014",1.7,
"FIN","INCOMEINEQ","P90P50","RT","A","2015",1.7,
"FIN","INCOMEINEQ","GINI","INEQ","A","1987",0.209,
"FIN","INCOMEINEQ","GINI","INEQ","A","1988",0.213,
"FIN","INCOMEINEQ","GINI","INEQ","A","1989",0.217,
"FIN","INCOMEINEQ","GINI","INEQ","A","1990",0.215,
"FIN","INCOMEINEQ","GINI","INEQ","A","1991",0.212,
"FIN","INCOMEINEQ","GINI","INEQ","A","1992",0.211,
"FIN","INCOMEINEQ","GINI","INEQ","A","1993",0.214,
"FIN","INCOMEINEQ","GINI","INEQ","A","1994",0.215,
"FIN","INCOMEINEQ","GINI","INEQ","A","1995",0.22,
"FIN","INCOMEINEQ","GINI","INEQ","A","1996",0.224,
"FIN","INCOMEINEQ","GINI","INEQ","A","1997",0.235,
"FIN","INCOMEINEQ","GINI","INEQ","A","1998",0.243,
"FIN","INCOMEINEQ","GINI","INEQ","A","1999",0.25,
"FIN","INCOMEINEQ","GINI","INEQ","A","2000",0.254,
"FIN","INCOMEINEQ","GINI","INEQ","A","2001",0.262,
"FIN","INCOMEINEQ","GINI","INEQ","A","2002",0.258,
"FIN","INCOMEINEQ","GINI","INEQ","A","2003",0.261,
"FIN","INCOMEINEQ","GINI","INEQ","A","2004",0.266,
"FIN","INCOMEINEQ","GINI","INEQ","A","2005",0.265,
"FIN","INCOMEINEQ","GINI","INEQ","A","2006",0.268,
"FIN","INCOMEINEQ","GINI","INEQ","A","2007",0.269,
"FIN","INCOMEINEQ","GINI","INEQ","A","2008",0.264,
"FIN","INCOMEINEQ","GINI","INEQ","A","2009",0.259,
"FIN","INCOMEINEQ","GINI","INEQ","A","2010",0.264,
"FIN","INCOMEINEQ","GINI","INEQ","A","2011",0.264,
"FIN","INCOMEINEQ","GINI","INEQ","A","2012",0.26,
"FIN","INCOMEINEQ","GINI","INEQ","A","2013",0.262,
"FIN","INCOMEINEQ","GINI","INEQ","A","2014",0.257,
"FIN","INCOMEINEQ","GINI","INEQ","A","2015",0.26,
"FRA","INCOMEINEQ","P50P10","RT","A","2012",1.9,
"FRA","INCOMEINEQ","P50P10","RT","A","2013",1.9,
"FRA","INCOMEINEQ","P50P10","RT","A","2014",1.9,
"FRA","INCOMEINEQ","P90P10","RT","A","2012",3.6,
"FRA","INCOMEINEQ","P90P10","RT","A","2013",3.5,
"FRA","INCOMEINEQ","P90P10","RT","A","2014",3.5,
"FRA","INCOMEINEQ","P90P50","RT","A","2012",1.9,
"FRA","INCOMEINEQ","P90P50","RT","A","2013",1.9,
"FRA","INCOMEINEQ","P90P50","RT","A","2014",1.9,
"FRA","INCOMEINEQ","GINI","INEQ","A","2012",0.308,
"FRA","INCOMEINEQ","GINI","INEQ","A","2013",0.294,
"FRA","INCOMEINEQ","GINI","INEQ","A","2014",0.297,
"DEU","INCOMEINEQ","P50P10","RT","A","2008",1.9,
"DEU","INCOMEINEQ","P50P10","RT","A","2011",1.9,
"DEU","INCOMEINEQ","P50P10","RT","A","2012",1.9,
"DEU","INCOMEINEQ","P50P10","RT","A","2013",1.9,
"DEU","INCOMEINEQ","P50P10","RT","A","2014",2,
"DEU","INCOMEINEQ","P90P10","RT","A","2008",3.5,
"DEU","INCOMEINEQ","P90P10","RT","A","2011",3.5,
"DEU","INCOMEINEQ","P90P10","RT","A","2012",3.5,
"DEU","INCOMEINEQ","P90P10","RT","A","2013",3.6,
"DEU","INCOMEINEQ","P90P10","RT","A","2014",3.7,
"DEU","INCOMEINEQ","P90P50","RT","A","2008",1.8,
"DEU","INCOMEINEQ","P90P50","RT","A","2011",1.9,
"DEU","INCOMEINEQ","P90P50","RT","A","2012",1.9,
"DEU","INCOMEINEQ","P90P50","RT","A","2013",1.9,
"DEU","INCOMEINEQ","P90P50","RT","A","2014",1.9,
"DEU","INCOMEINEQ","GINI","INEQ","A","2008",0.285,
"DEU","INCOMEINEQ","GINI","INEQ","A","2011",0.291,
"DEU","INCOMEINEQ","GINI","INEQ","A","2012",0.289,
"DEU","INCOMEINEQ","GINI","INEQ","A","2013",0.292,
"DEU","INCOMEINEQ","GINI","INEQ","A","2014",0.289,
"GRC","INCOMEINEQ","P50P10","RT","A","2004",2.1,
"GRC","INCOMEINEQ","P50P10","RT","A","2005",2.2,
"GRC","INCOMEINEQ","P50P10","RT","A","2006",2.2,
"GRC","INCOMEINEQ","P50P10","RT","A","2007",2.2,
"GRC","INCOMEINEQ","P50P10","RT","A","2008",2.2,
"GRC","INCOMEINEQ","P50P10","RT","A","2009",2.2,
"GRC","INCOMEINEQ","P50P10","RT","A","2010",2.3,
"GRC","INCOMEINEQ","P50P10","RT","A","2011",2.4,
"GRC","INCOMEINEQ","P50P10","RT","A","2012",2.5,
"GRC","INCOMEINEQ","P50P10","RT","A","2013",2.5,
"GRC","INCOMEINEQ","P50P10","RT","A","2014",2.5,
"GRC","INCOMEINEQ","P90P10","RT","A","2004",4.5,
"GRC","INCOMEINEQ","P90P10","RT","A","2005",4.8,
"GRC","INCOMEINEQ","P90P10","RT","A","2006",4.6,
"GRC","INCOMEINEQ","P90P10","RT","A","2007",4.4,
"GRC","INCOMEINEQ","P90P10","RT","A","2008",4.4,
"GRC","INCOMEINEQ","P90P10","RT","A","2009",4.3,
"GRC","INCOMEINEQ","P90P10","RT","A","2010",4.6,
"GRC","INCOMEINEQ","P90P10","RT","A","2011",4.7,
"GRC","INCOMEINEQ","P90P10","RT","A","2012",4.9,
"GRC","INCOMEINEQ","P90P10","RT","A","2013",5.1,
"GRC","INCOMEINEQ","P90P10","RT","A","2014",5,
"GRC","INCOMEINEQ","P90P50","RT","A","2004",2.1,
"GRC","INCOMEINEQ","P90P50","RT","A","2005",2.1,
"GRC","INCOMEINEQ","P90P50","RT","A","2006",2.1,
"GRC","INCOMEINEQ","P90P50","RT","A","2007",2,
"GRC","INCOMEINEQ","P90P50","RT","A","2008",2,
"GRC","INCOMEINEQ","P90P50","RT","A","2009",2,
"GRC","INCOMEINEQ","P90P50","RT","A","2010",2,
"GRC","INCOMEINEQ","P90P50","RT","A","2011",1.9,
"GRC","INCOMEINEQ","P90P50","RT","A","2012",1.9,
"GRC","INCOMEINEQ","P90P50","RT","A","2013",2.1,
"GRC","INCOMEINEQ","P90P50","RT","A","2014",2,
"GRC","INCOMEINEQ","GINI","INEQ","A","2004",0.333,
"GRC","INCOMEINEQ","GINI","INEQ","A","2005",0.345,
"GRC","INCOMEINEQ","GINI","INEQ","A","2006",0.337,
"GRC","INCOMEINEQ","GINI","INEQ","A","2007",0.329,
"GRC","INCOMEINEQ","GINI","INEQ","A","2008",0.328,
"GRC","INCOMEINEQ","GINI","INEQ","A","2009",0.33,
"GRC","INCOMEINEQ","GINI","INEQ","A","2010",0.336,
"GRC","INCOMEINEQ","GINI","INEQ","A","2011",0.333,
"GRC","INCOMEINEQ","GINI","INEQ","A","2012",0.338,
"GRC","INCOMEINEQ","GINI","INEQ","A","2013",0.342,
"GRC","INCOMEINEQ","GINI","INEQ","A","2014",0.339,
"HUN","INCOMEINEQ","P50P10","RT","A","2007",1.8,
"HUN","INCOMEINEQ","P50P10","RT","A","2009",1.8,
"HUN","INCOMEINEQ","P50P10","RT","A","2012",2,
"HUN","INCOMEINEQ","P50P10","RT","A","2014",2,
"HUN","INCOMEINEQ","P90P10","RT","A","2007",3.1,
"HUN","INCOMEINEQ","P90P10","RT","A","2009",3.4,
"HUN","INCOMEINEQ","P90P10","RT","A","2012",3.8,
"HUN","INCOMEINEQ","P90P10","RT","A","2014",3.6,
"HUN","INCOMEINEQ","P90P50","RT","A","2007",1.7,
"HUN","INCOMEINEQ","P90P50","RT","A","2009",1.9,
"HUN","INCOMEINEQ","P90P50","RT","A","2012",1.8,
"HUN","INCOMEINEQ","P90P50","RT","A","2014",1.8,
"HUN","INCOMEINEQ","GINI","INEQ","A","2007",0.272,
"HUN","INCOMEINEQ","GINI","INEQ","A","2009",0.272,
"HUN","INCOMEINEQ","GINI","INEQ","A","2012",0.289,
"HUN","INCOMEINEQ","GINI","INEQ","A","2014",0.288,
"ISL","INCOMEINEQ","P50P10","RT","A","2004",1.7,
"ISL","INCOMEINEQ","P50P10","RT","A","2005",1.8,
"ISL","INCOMEINEQ","P50P10","RT","A","2006",1.8,
"ISL","INCOMEINEQ","P50P10","RT","A","2007",1.8,
"ISL","INCOMEINEQ","P50P10","RT","A","2008",1.8,
"ISL","INCOMEINEQ","P50P10","RT","A","2009",1.8,
"ISL","INCOMEINEQ","P50P10","RT","A","2010",1.7,
"ISL","INCOMEINEQ","P50P10","RT","A","2011",1.7,
"ISL","INCOMEINEQ","P50P10","RT","A","2012",1.7,
"ISL","INCOMEINEQ","P50P10","RT","A","2013",1.7,
"ISL","INCOMEINEQ","P50P10","RT","A","2014",1.8,
"ISL","INCOMEINEQ","P90P10","RT","A","2004",2.9,
"ISL","INCOMEINEQ","P90P10","RT","A","2005",3,
"ISL","INCOMEINEQ","P90P10","RT","A","2006",3.2,
"ISL","INCOMEINEQ","P90P10","RT","A","2007",3.2,
"ISL","INCOMEINEQ","P90P10","RT","A","2008",3.3,
"ISL","INCOMEINEQ","P90P10","RT","A","2009",3.1,
"ISL","INCOMEINEQ","P90P10","RT","A","2010",2.8,
"ISL","INCOMEINEQ","P90P10","RT","A","2011",2.9,
"ISL","INCOMEINEQ","P90P10","RT","A","2012",2.9,
"ISL","INCOMEINEQ","P90P10","RT","A","2013",2.9,
"ISL","INCOMEINEQ","P90P10","RT","A","2014",3,
"ISL","INCOMEINEQ","P90P50","RT","A","2004",1.7,
"ISL","INCOMEINEQ","P90P50","RT","A","2005",1.7,
"ISL","INCOMEINEQ","P90P50","RT","A","2006",1.8,
"ISL","INCOMEINEQ","P90P50","RT","A","2007",1.8,
"ISL","INCOMEINEQ","P90P50","RT","A","2008",1.8,
"ISL","INCOMEINEQ","P90P50","RT","A","2009",1.8,
"ISL","INCOMEINEQ","P90P50","RT","A","2010",1.6,
"ISL","INCOMEINEQ","P90P50","RT","A","2011",1.7,
"ISL","INCOMEINEQ","P90P50","RT","A","2012",1.7,
"ISL","INCOMEINEQ","P90P50","RT","A","2013",1.7,
"ISL","INCOMEINEQ","P90P50","RT","A","2014",1.7,
"ISL","INCOMEINEQ","GINI","INEQ","A","2004",0.261,
"ISL","INCOMEINEQ","GINI","INEQ","A","2005",0.273,
"ISL","INCOMEINEQ","GINI","INEQ","A","2006",0.289,
"ISL","INCOMEINEQ","GINI","INEQ","A","2007",0.286,
"ISL","INCOMEINEQ","GINI","INEQ","A","2008",0.305,
"ISL","INCOMEINEQ","GINI","INEQ","A","2009",0.266,
"ISL","INCOMEINEQ","GINI","INEQ","A","2010",0.249,
"ISL","INCOMEINEQ","GINI","INEQ","A","2011",0.252,
"ISL","INCOMEINEQ","GINI","INEQ","A","2012",0.253,
"ISL","INCOMEINEQ","GINI","INEQ","A","2013",0.241,
"ISL","INCOMEINEQ","GINI","INEQ","A","2014",0.246,
"IRL","INCOMEINEQ","P50P10","RT","A","2004",2.2,
"IRL","INCOMEINEQ","P50P10","RT","A","2005",2.1,
"IRL","INCOMEINEQ","P50P10","RT","A","2006",2.1,
"IRL","INCOMEINEQ","P50P10","RT","A","2007",2,
"IRL","INCOMEINEQ","P50P10","RT","A","2008",2,
"IRL","INCOMEINEQ","P50P10","RT","A","2009",1.9,
"IRL","INCOMEINEQ","P50P10","RT","A","2010",1.9,
"IRL","INCOMEINEQ","P50P10","RT","A","2011",2,
"IRL","INCOMEINEQ","P50P10","RT","A","2012",1.9,
"IRL","INCOMEINEQ","P50P10","RT","A","2013",1.9,
"IRL","INCOMEINEQ","P50P10","RT","A","2014",2,
"IRL","INCOMEINEQ","P90P10","RT","A","2004",4.2,
"IRL","INCOMEINEQ","P90P10","RT","A","2005",4,
"IRL","INCOMEINEQ","P90P10","RT","A","2006",4,
"IRL","INCOMEINEQ","P90P10","RT","A","2007",3.8,
"IRL","INCOMEINEQ","P90P10","RT","A","2008",3.7,
"IRL","INCOMEINEQ","P90P10","RT","A","2009",3.9,
"IRL","INCOMEINEQ","P90P10","RT","A","2010",3.8,
"IRL","INCOMEINEQ","P90P10","RT","A","2011",3.9,
"IRL","INCOMEINEQ","P90P10","RT","A","2012",3.9,
"IRL","INCOMEINEQ","P90P10","RT","A","2013",3.8,
"IRL","INCOMEINEQ","P90P10","RT","A","2014",3.7,
"IRL","INCOMEINEQ","P90P50","RT","A","2004",1.9,
"IRL","INCOMEINEQ","P90P50","RT","A","2005",2,
"IRL","INCOMEINEQ","P90P50","RT","A","2006",1.9,
"IRL","INCOMEINEQ","P90P50","RT","A","2007",1.9,
"IRL","INCOMEINEQ","P90P50","RT","A","2008",1.9,
"IRL","INCOMEINEQ","P90P50","RT","A","2009",2,
"IRL","INCOMEINEQ","P90P50","RT","A","2010",1.9,
"IRL","INCOMEINEQ","P90P50","RT","A","2011",2,
"IRL","INCOMEINEQ","P90P50","RT","A","2012",2,
"IRL","INCOMEINEQ","P90P50","RT","A","2013",2,
"IRL","INCOMEINEQ","P90P50","RT","A","2014",1.9,
"IRL","INCOMEINEQ","GINI","INEQ","A","2004",0.323,
"IRL","INCOMEINEQ","GINI","INEQ","A","2005",0.324,
"IRL","INCOMEINEQ","GINI","INEQ","A","2006",0.316,
"IRL","INCOMEINEQ","GINI","INEQ","A","2007",0.304,
"IRL","INCOMEINEQ","GINI","INEQ","A","2008",0.295,
"IRL","INCOMEINEQ","GINI","INEQ","A","2009",0.312,
"IRL","INCOMEINEQ","GINI","INEQ","A","2010",0.298,
"IRL","INCOMEINEQ","GINI","INEQ","A","2011",0.307,
"IRL","INCOMEINEQ","GINI","INEQ","A","2012",0.31,
"IRL","INCOMEINEQ","GINI","INEQ","A","2013",0.308,
"IRL","INCOMEINEQ","GINI","INEQ","A","2014",0.298,
"ITA","INCOMEINEQ","P50P10","RT","A","2004",2.2,
"ITA","INCOMEINEQ","P50P10","RT","A","2005",2.2,
"ITA","INCOMEINEQ","P50P10","RT","A","2006",2.2,
"ITA","INCOMEINEQ","P50P10","RT","A","2007",2.1,
"ITA","INCOMEINEQ","P50P10","RT","A","2008",2.1,
"ITA","INCOMEINEQ","P50P10","RT","A","2009",2.1,
"ITA","INCOMEINEQ","P50P10","RT","A","2010",2.3,
"ITA","INCOMEINEQ","P50P10","RT","A","2011",2.2,
"ITA","INCOMEINEQ","P50P10","RT","A","2012",2.3,
"ITA","INCOMEINEQ","P50P10","RT","A","2013",2.3,
"ITA","INCOMEINEQ","P50P10","RT","A","2014",2.3,
"ITA","INCOMEINEQ","P90P10","RT","A","2004",4.3,
"ITA","INCOMEINEQ","P90P10","RT","A","2005",4.4,
"ITA","INCOMEINEQ","P90P10","RT","A","2006",4.3,
"ITA","INCOMEINEQ","P90P10","RT","A","2007",4.1,
"ITA","INCOMEINEQ","P90P10","RT","A","2008",4.2,
"ITA","INCOMEINEQ","P90P10","RT","A","2009",4.2,
"ITA","INCOMEINEQ","P90P10","RT","A","2010",4.4,
"ITA","INCOMEINEQ","P90P10","RT","A","2011",4.3,
"ITA","INCOMEINEQ","P90P10","RT","A","2012",4.4,
"ITA","INCOMEINEQ","P90P10","RT","A","2013",4.5,
"ITA","INCOMEINEQ","P90P10","RT","A","2014",4.6,
"ITA","INCOMEINEQ","P90P50","RT","A","2004",2,
"ITA","INCOMEINEQ","P90P50","RT","A","2005",2,
"ITA","INCOMEINEQ","P90P50","RT","A","2006",2,
"ITA","INCOMEINEQ","P90P50","RT","A","2007",1.9,
"ITA","INCOMEINEQ","P90P50","RT","A","2008",2,
"ITA","INCOMEINEQ","P90P50","RT","A","2009",1.9,
"ITA","INCOMEINEQ","P90P50","RT","A","2010",1.9,
"ITA","INCOMEINEQ","P90P50","RT","A","2011",2,
"ITA","INCOMEINEQ","P90P50","RT","A","2012",1.9,
"ITA","INCOMEINEQ","P90P50","RT","A","2013",1.9,
"ITA","INCOMEINEQ","P90P50","RT","A","2014",2,
"ITA","INCOMEINEQ","GINI","INEQ","A","2004",0.331,
"ITA","INCOMEINEQ","GINI","INEQ","A","2005",0.324,
"ITA","INCOMEINEQ","GINI","INEQ","A","2006",0.324,
"ITA","INCOMEINEQ","GINI","INEQ","A","2007",0.313,
"ITA","INCOMEINEQ","GINI","INEQ","A","2008",0.317,
"ITA","INCOMEINEQ","GINI","INEQ","A","2009",0.315,
"ITA","INCOMEINEQ","GINI","INEQ","A","2010",0.327,
"ITA","INCOMEINEQ","GINI","INEQ","A","2011",0.327,
"ITA","INCOMEINEQ","GINI","INEQ","A","2012",0.33,
"ITA","INCOMEINEQ","GINI","INEQ","A","2013",0.325,
"ITA","INCOMEINEQ","GINI","INEQ","A","2014",0.326,
"JPN","INCOMEINEQ","P50P10","RT","A","2009",2.6,
"JPN","INCOMEINEQ","P50P10","RT","A","2012",2.6,
"JPN","INCOMEINEQ","P90P10","RT","A","2009",5.2,
"JPN","INCOMEINEQ","P90P10","RT","A","2012",5.1,
"JPN","INCOMEINEQ","P90P50","RT","A","2009",2,
"JPN","INCOMEINEQ","P90P50","RT","A","2012",2,
"JPN","INCOMEINEQ","GINI","INEQ","A","2009",0.336,
"JPN","INCOMEINEQ","GINI","INEQ","A","2012",0.33,
"KOR","INCOMEINEQ","GINI","INEQ","A","2012",0.307,
"KOR","INCOMEINEQ","GINI","INEQ","A","2013",0.302,
"KOR","INCOMEINEQ","GINI","INEQ","A","2014",0.302,
"KOR","INCOMEINEQ","GINI","INEQ","A","2015",0.295,
"LUX","INCOMEINEQ","P50P10","RT","A","2004",1.9,
"LUX","INCOMEINEQ","P50P10","RT","A","2005",1.9,
"LUX","INCOMEINEQ","P50P10","RT","A","2006",1.9,
"LUX","INCOMEINEQ","P50P10","RT","A","2007",1.8,
"LUX","INCOMEINEQ","P50P10","RT","A","2008",1.9,
"LUX","INCOMEINEQ","P50P10","RT","A","2009",1.9,
"LUX","INCOMEINEQ","P50P10","RT","A","2010",1.8,
"LUX","INCOMEINEQ","P50P10","RT","A","2011",1.9,
"LUX","INCOMEINEQ","P50P10","RT","A","2012",1.9,
"LUX","INCOMEINEQ","P50P10","RT","A","2013",1.9,
"LUX","INCOMEINEQ","P50P10","RT","A","2014",1.9,
"LUX","INCOMEINEQ","P90P10","RT","A","2004",3.4,
"LUX","INCOMEINEQ","P90P10","RT","A","2005",3.5,
"LUX","INCOMEINEQ","P90P10","RT","A","2006",3.4,
"LUX","INCOMEINEQ","P90P10","RT","A","2007",3.3,
"LUX","INCOMEINEQ","P90P10","RT","A","2008",3.5,
"LUX","INCOMEINEQ","P90P10","RT","A","2009",3.5,
"LUX","INCOMEINEQ","P90P10","RT","A","2010",3.4,
"LUX","INCOMEINEQ","P90P10","RT","A","2011",3.4,
"LUX","INCOMEINEQ","P90P10","RT","A","2012",3.5,
"LUX","INCOMEINEQ","P90P10","RT","A","2013",3.5,
"LUX","INCOMEINEQ","P90P10","RT","A","2014",3.4,
"LUX","INCOMEINEQ","P90P50","RT","A","2004",1.8,
"LUX","INCOMEINEQ","P90P50","RT","A","2005",1.8,
"LUX","INCOMEINEQ","P90P50","RT","A","2006",1.8,
"LUX","INCOMEINEQ","P90P50","RT","A","2007",1.8,
"LUX","INCOMEINEQ","P90P50","RT","A","2008",1.8,
"LUX","INCOMEINEQ","P90P50","RT","A","2009",1.8,
"LUX","INCOMEINEQ","P90P50","RT","A","2010",1.8,
"LUX","INCOMEINEQ","P90P50","RT","A","2011",1.8,
"LUX","INCOMEINEQ","P90P50","RT","A","2012",1.9,
"LUX","INCOMEINEQ","P90P50","RT","A","2013",1.9,
"LUX","INCOMEINEQ","P90P50","RT","A","2014",1.8,
"LUX","INCOMEINEQ","GINI","INEQ","A","2004",0.263,
"LUX","INCOMEINEQ","GINI","INEQ","A","2005",0.282,
"LUX","INCOMEINEQ","GINI","INEQ","A","2006",0.276,
"LUX","INCOMEINEQ","GINI","INEQ","A","2007",0.277,
"LUX","INCOMEINEQ","GINI","INEQ","A","2008",0.291,
"LUX","INCOMEINEQ","GINI","INEQ","A","2009",0.278,
"LUX","INCOMEINEQ","GINI","INEQ","A","2010",0.271,
"LUX","INCOMEINEQ","GINI","INEQ","A","2011",0.277,
"LUX","INCOMEINEQ","GINI","INEQ","A","2012",0.299,
"LUX","INCOMEINEQ","GINI","INEQ","A","2013",0.28,
"LUX","INCOMEINEQ","GINI","INEQ","A","2014",0.284,
"MEX","INCOMEINEQ","P50P10","RT","A","2012",2.9,
"MEX","INCOMEINEQ","P50P10","RT","A","2014",2.6,
"MEX","INCOMEINEQ","P90P10","RT","A","2012",8.1,
"MEX","INCOMEINEQ","P90P10","RT","A","2014",7.2,
"MEX","INCOMEINEQ","P90P50","RT","A","2012",2.8,
"MEX","INCOMEINEQ","P90P50","RT","A","2014",2.8,
"MEX","INCOMEINEQ","GINI","INEQ","A","2012",0.457,
"MEX","INCOMEINEQ","GINI","INEQ","A","2014",0.459,
"NLD","INCOMEINEQ","P50P10","RT","A","2013",1.9,"P"
"NLD","INCOMEINEQ","P50P10","RT","A","2014",1.9,"P"
"NLD","INCOMEINEQ","P50P10","RT","A","2015",1.9,"P"
"NLD","INCOMEINEQ","P90P10","RT","A","2013",3.4,"P"
"NLD","INCOMEINEQ","P90P10","RT","A","2014",3.4,"P"
"NLD","INCOMEINEQ","P90P10","RT","A","2015",3.4,"P"
"NLD","INCOMEINEQ","P90P50","RT","A","2013",1.8,"P"
"NLD","INCOMEINEQ","P90P50","RT","A","2014",1.8,"P"
"NLD","INCOMEINEQ","P90P50","RT","A","2015",1.8,"P"
"NLD","INCOMEINEQ","GINI","INEQ","A","2013",0.289,"P"
"NLD","INCOMEINEQ","GINI","INEQ","A","2014",0.305,"P"
"NLD","INCOMEINEQ","GINI","INEQ","A","2015",0.303,"P"
"NZL","INCOMEINEQ","P50P10","RT","A","2011",2,
"NZL","INCOMEINEQ","P50P10","RT","A","2012",2,
"NZL","INCOMEINEQ","P50P10","RT","A","2014",2.1,
"NZL","INCOMEINEQ","P90P10","RT","A","2011",4.2,
"NZL","INCOMEINEQ","P90P10","RT","A","2012",4.2,
"NZL","INCOMEINEQ","P90P10","RT","A","2014",4.3,
"NZL","INCOMEINEQ","P90P50","RT","A","2011",2.1,
"NZL","INCOMEINEQ","P90P50","RT","A","2012",2.1,
"NZL","INCOMEINEQ","P90P50","RT","A","2014",2.1,
"NZL","INCOMEINEQ","GINI","INEQ","A","2011",0.323,
"NZL","INCOMEINEQ","GINI","INEQ","A","2012",0.333,
"NZL","INCOMEINEQ","GINI","INEQ","A","2014",0.349,
"NOR","INCOMEINEQ","P50P10","RT","A","2004",1.8,
"NOR","INCOMEINEQ","P50P10","RT","A","2008",1.8,
"NOR","INCOMEINEQ","P50P10","RT","A","2009",1.8,
"NOR","INCOMEINEQ","P50P10","RT","A","2010",1.8,
"NOR","INCOMEINEQ","P50P10","RT","A","2011",1.8,
"NOR","INCOMEINEQ","P50P10","RT","A","2012",1.9,
"NOR","INCOMEINEQ","P50P10","RT","A","2013",1.9,
"NOR","INCOMEINEQ","P50P10","RT","A","2014",1.9,
"NOR","INCOMEINEQ","P90P10","RT","A","2004",2.8,
"NOR","INCOMEINEQ","P90P10","RT","A","2008",3,
"NOR","INCOMEINEQ","P90P10","RT","A","2009",2.9,
"NOR","INCOMEINEQ","P90P10","RT","A","2010",2.9,
"NOR","INCOMEINEQ","P90P10","RT","A","2011",3,
"NOR","INCOMEINEQ","P90P10","RT","A","2012",3,
"NOR","INCOMEINEQ","P90P10","RT","A","2013",3,
"NOR","INCOMEINEQ","P90P10","RT","A","2014",3.1,
"NOR","INCOMEINEQ","P90P50","RT","A","2004",1.6,
"NOR","INCOMEINEQ","P90P50","RT","A","2008",1.6,
"NOR","INCOMEINEQ","P90P50","RT","A","2009",1.6,
"NOR","INCOMEINEQ","P90P50","RT","A","2010",1.6,
"NOR","INCOMEINEQ","P90P50","RT","A","2011",1.6,
"NOR","INCOMEINEQ","P90P50","RT","A","2012",1.6,
"NOR","INCOMEINEQ","P90P50","RT","A","2013",1.6,
"NOR","INCOMEINEQ","P90P50","RT","A","2014",1.6,
"NOR","INCOMEINEQ","GINI","INEQ","A","2004",0.285,
"NOR","INCOMEINEQ","GINI","INEQ","A","2008",0.25,
"NOR","INCOMEINEQ","GINI","INEQ","A","2009",0.245,
"NOR","INCOMEINEQ","GINI","INEQ","A","2010",0.249,
"NOR","INCOMEINEQ","GINI","INEQ","A","2011",0.25,
"NOR","INCOMEINEQ","GINI","INEQ","A","2012",0.253,
"NOR","INCOMEINEQ","GINI","INEQ","A","2013",0.252,
"NOR","INCOMEINEQ","GINI","INEQ","A","2014",0.257,
"POL","INCOMEINEQ","P50P10","RT","A","2004",2.9,
"POL","INCOMEINEQ","P50P10","RT","A","2005",2.2,
"POL","INCOMEINEQ","P50P10","RT","A","2006",2.1,
"POL","INCOMEINEQ","P50P10","RT","A","2007",2,
"POL","INCOMEINEQ","P50P10","RT","A","2008",2.1,
"POL","INCOMEINEQ","P50P10","RT","A","2009",2.1,
"POL","INCOMEINEQ","P50P10","RT","A","2010",2.1,
"POL","INCOMEINEQ","P50P10","RT","A","2011",2,
"POL","INCOMEINEQ","P50P10","RT","A","2012",2,
"POL","INCOMEINEQ","P50P10","RT","A","2013",2,
"POL","INCOMEINEQ","P50P10","RT","A","2014",2,
"POL","INCOMEINEQ","P90P10","RT","A","2004",6.2,
"POL","INCOMEINEQ","P90P10","RT","A","2005",4.5,
"POL","INCOMEINEQ","P90P10","RT","A","2006",4.2,
"POL","INCOMEINEQ","P90P10","RT","A","2007",3.9,
"POL","INCOMEINEQ","P90P10","RT","A","2008",4,
"POL","INCOMEINEQ","P90P10","RT","A","2009",4,
"POL","INCOMEINEQ","P90P10","RT","A","2010",3.9,
"POL","INCOMEINEQ","P90P10","RT","A","2011",3.9,
"POL","INCOMEINEQ","P90P10","RT","A","2012",3.9,
"POL","INCOMEINEQ","P90P10","RT","A","2013",3.9,
"POL","INCOMEINEQ","P90P10","RT","A","2014",3.9,
"POL","INCOMEINEQ","P90P50","RT","A","2004",2.2,
"POL","INCOMEINEQ","P90P50","RT","A","2005",2.1,
"POL","INCOMEINEQ","P90P50","RT","A","2006",2,
"POL","INCOMEINEQ","P90P50","RT","A","2007",2,
"POL","INCOMEINEQ","P90P50","RT","A","2008",1.9,
"POL","INCOMEINEQ","P90P50","RT","A","2009",1.9,
"POL","INCOMEINEQ","P90P50","RT","A","2010",1.9,
"POL","INCOMEINEQ","P90P50","RT","A","2011",1.9,
"POL","INCOMEINEQ","P90P50","RT","A","2012",1.9,
"POL","INCOMEINEQ","P90P50","RT","A","2013",1.9,
"POL","INCOMEINEQ","P90P50","RT","A","2014",1.9,
"POL","INCOMEINEQ","GINI","INEQ","A","2004",0.376,
"POL","INCOMEINEQ","GINI","INEQ","A","2005",0.327,
"POL","INCOMEINEQ","GINI","INEQ","A","2006",0.315,
"POL","INCOMEINEQ","GINI","INEQ","A","2007",0.316,
"POL","INCOMEINEQ","GINI","INEQ","A","2008",0.308,
"POL","INCOMEINEQ","GINI","INEQ","A","2009",0.303,
"POL","INCOMEINEQ","GINI","INEQ","A","2010",0.305,
"POL","INCOMEINEQ","GINI","INEQ","A","2011",0.301,
"POL","INCOMEINEQ","GINI","INEQ","A","2012",0.297,
"POL","INCOMEINEQ","GINI","INEQ","A","2013",0.299,
"POL","INCOMEINEQ","GINI","INEQ","A","2014",0.298,
"PRT","INCOMEINEQ","P50P10","RT","A","2004",2.2,
"PRT","INCOMEINEQ","P50P10","RT","A","2005",2.1,
"PRT","INCOMEINEQ","P50P10","RT","A","2006",2.2,
"PRT","INCOMEINEQ","P50P10","RT","A","2007",2.2,
"PRT","INCOMEINEQ","P50P10","RT","A","2008",2.1,
"PRT","INCOMEINEQ","P50P10","RT","A","2009",2.1,
"PRT","INCOMEINEQ","P50P10","RT","A","2010",2.1,
"PRT","INCOMEINEQ","P50P10","RT","A","2011",2.1,
"PRT","INCOMEINEQ","P50P10","RT","A","2012",2.2,
"PRT","INCOMEINEQ","P50P10","RT","A","2013",2.3,
"PRT","INCOMEINEQ","P50P10","RT","A","2014",2.2,
"PRT","INCOMEINEQ","P90P10","RT","A","2004",5.4,
"PRT","INCOMEINEQ","P90P10","RT","A","2005",5.3,
"PRT","INCOMEINEQ","P90P10","RT","A","2006",5.3,
"PRT","INCOMEINEQ","P90P10","RT","A","2007",4.9,
"PRT","INCOMEINEQ","P90P10","RT","A","2008",4.7,
"PRT","INCOMEINEQ","P90P10","RT","A","2009",4.6,
"PRT","INCOMEINEQ","P90P10","RT","A","2010",4.5,
"PRT","INCOMEINEQ","P90P10","RT","A","2011",4.5,
"PRT","INCOMEINEQ","P90P10","RT","A","2012",4.7,
"PRT","INCOMEINEQ","P90P10","RT","A","2013",4.9,
"PRT","INCOMEINEQ","P90P10","RT","A","2014",4.7,
"PRT","INCOMEINEQ","P90P50","RT","A","2004",2.5,
"PRT","INCOMEINEQ","P90P50","RT","A","2005",2.5,
"PRT","INCOMEINEQ","P90P50","RT","A","2006",2.4,
"PRT","INCOMEINEQ","P90P50","RT","A","2007",2.3,
"PRT","INCOMEINEQ","P90P50","RT","A","2008",2.3,
"PRT","INCOMEINEQ","P90P50","RT","A","2009",2.2,
"PRT","INCOMEINEQ","P90P50","RT","A","2010",2.2,
"PRT","INCOMEINEQ","P90P50","RT","A","2011",2.1,
"PRT","INCOMEINEQ","P90P50","RT","A","2012",2.1,
"PRT","INCOMEINEQ","P90P50","RT","A","2013",2.1,
"PRT","INCOMEINEQ","P90P50","RT","A","2014",2.1,
"PRT","INCOMEINEQ","GINI","INEQ","A","2004",0.384,
"PRT","INCOMEINEQ","GINI","INEQ","A","2005",0.379,
"PRT","INCOMEINEQ","GINI","INEQ","A","2006",0.369,
"PRT","INCOMEINEQ","GINI","INEQ","A","2007",0.361,
"PRT","INCOMEINEQ","GINI","INEQ","A","2008",0.355,
"PRT","INCOMEINEQ","GINI","INEQ","A","2009",0.337,
"PRT","INCOMEINEQ","GINI","INEQ","A","2010",0.341,
"PRT","INCOMEINEQ","GINI","INEQ","A","2011",0.337,
"PRT","INCOMEINEQ","GINI","INEQ","A","2012",0.337,
"PRT","INCOMEINEQ","GINI","INEQ","A","2013",0.341,
"PRT","INCOMEINEQ","GINI","INEQ","A","2014",0.338,
"SVK","INCOMEINEQ","P50P10","RT","A","2004",1.9,
"SVK","INCOMEINEQ","P50P10","RT","A","2005",1.8,
"SVK","INCOMEINEQ","P50P10","RT","A","2006",1.8,
"SVK","INCOMEINEQ","P50P10","RT","A","2007",1.8,
"SVK","INCOMEINEQ","P50P10","RT","A","2008",1.8,
"SVK","INCOMEINEQ","P50P10","RT","A","2009",1.8,
"SVK","INCOMEINEQ","P50P10","RT","A","2010",1.8,
"SVK","INCOMEINEQ","P50P10","RT","A","2011",1.9,
"SVK","INCOMEINEQ","P50P10","RT","A","2012",1.9,
"SVK","INCOMEINEQ","P50P10","RT","A","2013",1.9,
"SVK","INCOMEINEQ","P50P10","RT","A","2014",1.9,
"SVK","INCOMEINEQ","P90P10","RT","A","2004",3.2,
"SVK","INCOMEINEQ","P90P10","RT","A","2005",3.1,
"SVK","INCOMEINEQ","P90P10","RT","A","2006",3,
"SVK","INCOMEINEQ","P90P10","RT","A","2007",3,
"SVK","INCOMEINEQ","P90P10","RT","A","2008",3.1,
"SVK","INCOMEINEQ","P90P10","RT","A","2009",3.2,
"SVK","INCOMEINEQ","P90P10","RT","A","2010",3.2,
"SVK","INCOMEINEQ","P90P10","RT","A","2011",3.3,
"SVK","INCOMEINEQ","P90P10","RT","A","2012",3.2,
"SVK","INCOMEINEQ","P90P10","RT","A","2013",3.3,
"SVK","INCOMEINEQ","P90P10","RT","A","2014",3.1,
"SVK","INCOMEINEQ","P90P50","RT","A","2004",1.7,
"SVK","INCOMEINEQ","P90P50","RT","A","2005",1.7,
"SVK","INCOMEINEQ","P90P50","RT","A","2006",1.7,
"SVK","INCOMEINEQ","P90P50","RT","A","2007",1.7,
"SVK","INCOMEINEQ","P90P50","RT","A","2008",1.8,
"SVK","INCOMEINEQ","P90P50","RT","A","2009",1.8,
"SVK","INCOMEINEQ","P90P50","RT","A","2010",1.7,
"SVK","INCOMEINEQ","P90P50","RT","A","2011",1.7,
"SVK","INCOMEINEQ","P90P50","RT","A","2012",1.7,
"SVK","INCOMEINEQ","P90P50","RT","A","2013",1.8,
"SVK","INCOMEINEQ","P90P50","RT","A","2014",1.7,
"SVK","INCOMEINEQ","GINI","INEQ","A","2004",0.265,
"SVK","INCOMEINEQ","GINI","INEQ","A","2005",0.289,
"SVK","INCOMEINEQ","GINI","INEQ","A","2007",0.245,
"SVK","INCOMEINEQ","GINI","INEQ","A","2008",0.256,
"SVK","INCOMEINEQ","GINI","INEQ","A","2009",0.264,
"SVK","INCOMEINEQ","GINI","INEQ","A","2010",0.263,
"SVK","INCOMEINEQ","GINI","INEQ","A","2011",0.261,
"SVK","INCOMEINEQ","GINI","INEQ","A","2012",0.25,
"SVK","INCOMEINEQ","GINI","INEQ","A","2013",0.269,
"SVK","INCOMEINEQ","GINI","INEQ","A","2014",0.247,
"ESP","INCOMEINEQ","P50P10","RT","A","2007",2.3,
"ESP","INCOMEINEQ","P50P10","RT","A","2008",2.3,
"ESP","INCOMEINEQ","P50P10","RT","A","2009",2.4,
"ESP","INCOMEINEQ","P50P10","RT","A","2010",2.3,
"ESP","INCOMEINEQ","P50P10","RT","A","2011",2.4,
"ESP","INCOMEINEQ","P50P10","RT","A","2012",2.4,
"ESP","INCOMEINEQ","P50P10","RT","A","2013",2.6,
"ESP","INCOMEINEQ","P50P10","RT","A","2014",2.6,
"ESP","INCOMEINEQ","P90P10","RT","A","2007",4.6,
"ESP","INCOMEINEQ","P90P10","RT","A","2008",4.6,
"ESP","INCOMEINEQ","P90P10","RT","A","2009",4.8,
"ESP","INCOMEINEQ","P90P10","RT","A","2010",4.8,
"ESP","INCOMEINEQ","P90P10","RT","A","2011",5.1,
"ESP","INCOMEINEQ","P90P10","RT","A","2012",4.9,
"ESP","INCOMEINEQ","P90P10","RT","A","2013",5.4,
"ESP","INCOMEINEQ","P90P10","RT","A","2014",5.5,
"ESP","INCOMEINEQ","P90P50","RT","A","2007",2,
"ESP","INCOMEINEQ","P90P50","RT","A","2008",2,
"ESP","INCOMEINEQ","P90P50","RT","A","2009",2,
"ESP","INCOMEINEQ","P90P50","RT","A","2010",2.1,
"ESP","INCOMEINEQ","P90P50","RT","A","2011",2.1,
"ESP","INCOMEINEQ","P90P50","RT","A","2012",2,
"ESP","INCOMEINEQ","P90P50","RT","A","2013",2.1,
"ESP","INCOMEINEQ","P90P50","RT","A","2014",2.1,
"ESP","INCOMEINEQ","GINI","INEQ","A","2007",0.324,
"ESP","INCOMEINEQ","GINI","INEQ","A","2008",0.327,
"ESP","INCOMEINEQ","GINI","INEQ","A","2009",0.333,
"ESP","INCOMEINEQ","GINI","INEQ","A","2010",0.339,
"ESP","INCOMEINEQ","GINI","INEQ","A","2011",0.341,
"ESP","INCOMEINEQ","GINI","INEQ","A","2012",0.334,
"ESP","INCOMEINEQ","GINI","INEQ","A","2013",0.345,
"ESP","INCOMEINEQ","GINI","INEQ","A","2014",0.344,
"SWE","INCOMEINEQ","P50P10","RT","A","2013",1.9,
"SWE","INCOMEINEQ","P50P10","RT","A","2014",1.9,
"SWE","INCOMEINEQ","P90P10","RT","A","2013",3.2,
"SWE","INCOMEINEQ","P90P10","RT","A","2014",3.3,
"SWE","INCOMEINEQ","P90P50","RT","A","2013",1.7,
"SWE","INCOMEINEQ","P90P50","RT","A","2014",1.7,
"SWE","INCOMEINEQ","GINI","INEQ","A","2013",0.268,
"SWE","INCOMEINEQ","GINI","INEQ","A","2014",0.274,
"CHE","INCOMEINEQ","P50P10","RT","A","2013",1.9,
"CHE","INCOMEINEQ","P50P10","RT","A","2014",2,
"CHE","INCOMEINEQ","P90P10","RT","A","2013",3.6,
"CHE","INCOMEINEQ","P90P10","RT","A","2014",3.7,
"CHE","INCOMEINEQ","P90P50","RT","A","2013",1.9,
"CHE","INCOMEINEQ","P90P50","RT","A","2014",1.8,
"CHE","INCOMEINEQ","GINI","INEQ","A","2013",0.295,
"CHE","INCOMEINEQ","GINI","INEQ","A","2014",0.297,
"TUR","INCOMEINEQ","P50P10","RT","A","2011",2.5,
"TUR","INCOMEINEQ","P50P10","RT","A","2012",2.4,
"TUR","INCOMEINEQ","P50P10","RT","A","2013",2.4,
"TUR","INCOMEINEQ","P50P10","RT","A","2014",2.4,
"TUR","INCOMEINEQ","P90P10","RT","A","2011",6.1,
"TUR","INCOMEINEQ","P90P10","RT","A","2012",6,
"TUR","INCOMEINEQ","P90P10","RT","A","2013",5.9,
"TUR","INCOMEINEQ","P90P10","RT","A","2014",5.9,
"TUR","INCOMEINEQ","P90P50","RT","A","2011",2.5,
"TUR","INCOMEINEQ","P90P50","RT","A","2012",2.5,
"TUR","INCOMEINEQ","P90P50","RT","A","2013",2.5,
"TUR","INCOMEINEQ","P90P50","RT","A","2014",2.5,
"TUR","INCOMEINEQ","GINI","INEQ","A","2011",0.403,
"TUR","INCOMEINEQ","GINI","INEQ","A","2012",0.399,
"TUR","INCOMEINEQ","GINI","INEQ","A","2013",0.39,
"TUR","INCOMEINEQ","GINI","INEQ","A","2014",0.398,
"GBR","INCOMEINEQ","P50P10","RT","A","2002",2.2,
"GBR","INCOMEINEQ","P50P10","RT","A","2003",2.1,
"GBR","INCOMEINEQ","P50P10","RT","A","2004",2.1,
"GBR","INCOMEINEQ","P50P10","RT","A","2005",2.1,
"GBR","INCOMEINEQ","P50P10","RT","A","2006",2.2,
"GBR","INCOMEINEQ","P50P10","RT","A","2007",2.2,
"GBR","INCOMEINEQ","P50P10","RT","A","2008",2.1,
"GBR","INCOMEINEQ","P50P10","RT","A","2009",2.1,
"GBR","INCOMEINEQ","P50P10","RT","A","2010",2.1,
"GBR","INCOMEINEQ","P50P10","RT","A","2011",2,
"GBR","INCOMEINEQ","P50P10","RT","A","2012",2,
"GBR","INCOMEINEQ","P50P10","RT","A","2013",2,
"GBR","INCOMEINEQ","P50P10","RT","A","2014",2,
"GBR","INCOMEINEQ","P50P10","RT","A","2015",2.1,
"GBR","INCOMEINEQ","P90P10","RT","A","2002",4.5,
"GBR","INCOMEINEQ","P90P10","RT","A","2003",4.5,
"GBR","INCOMEINEQ","P90P10","RT","A","2004",4.4,
"GBR","INCOMEINEQ","P90P10","RT","A","2005",4.4,
"GBR","INCOMEINEQ","P90P10","RT","A","2006",4.6,
"GBR","INCOMEINEQ","P90P10","RT","A","2007",4.6,
"GBR","INCOMEINEQ","P90P10","RT","A","2008",4.5,
"GBR","INCOMEINEQ","P90P10","RT","A","2009",4.5,
"GBR","INCOMEINEQ","P90P10","RT","A","2010",4.3,
"GBR","INCOMEINEQ","P90P10","RT","A","2011",4.2,
"GBR","INCOMEINEQ","P90P10","RT","A","2012",4.2,
"GBR","INCOMEINEQ","P90P10","RT","A","2013",4.2,
"GBR","INCOMEINEQ","P90P10","RT","A","2014",4.2,
"GBR","INCOMEINEQ","P90P10","RT","A","2015",4.2,
"GBR","INCOMEINEQ","P90P50","RT","A","2002",2.1,
"GBR","INCOMEINEQ","P90P50","RT","A","2003",2.1,
"GBR","INCOMEINEQ","P90P50","RT","A","2004",2.1,
"GBR","INCOMEINEQ","P90P50","RT","A","2005",2.1,
"GBR","INCOMEINEQ","P90P50","RT","A","2006",2.1,
"GBR","INCOMEINEQ","P90P50","RT","A","2007",2.1,
"GBR","INCOMEINEQ","P90P50","RT","A","2008",2.1,
"GBR","INCOMEINEQ","P90P50","RT","A","2009",2.1,
"GBR","INCOMEINEQ","P90P50","RT","A","2010",2.1,
"GBR","INCOMEINEQ","P90P50","RT","A","2011",2.1,
"GBR","INCOMEINEQ","P90P50","RT","A","2012",2.1,
"GBR","INCOMEINEQ","P90P50","RT","A","2013",2.1,
"GBR","INCOMEINEQ","P90P50","RT","A","2014",2.1,
"GBR","INCOMEINEQ","P90P50","RT","A","2015",2.1,
"GBR","INCOMEINEQ","GINI","INEQ","A","2002",0.359,
"GBR","INCOMEINEQ","GINI","INEQ","A","2003",0.353,
"GBR","INCOMEINEQ","GINI","INEQ","A","2004",0.354,
"GBR","INCOMEINEQ","GINI","INEQ","A","2005",0.359,
"GBR","INCOMEINEQ","GINI","INEQ","A","2006",0.364,
"GBR","INCOMEINEQ","GINI","INEQ","A","2007",0.373,
"GBR","INCOMEINEQ","GINI","INEQ","A","2008",0.369,
"GBR","INCOMEINEQ","GINI","INEQ","A","2009",0.374,
"GBR","INCOMEINEQ","GINI","INEQ","A","2010",0.351,
"GBR","INCOMEINEQ","GINI","INEQ","A","2011",0.354,
"GBR","INCOMEINEQ","GINI","INEQ","A","2012",0.351,
"GBR","INCOMEINEQ","GINI","INEQ","A","2013",0.358,
"GBR","INCOMEINEQ","GINI","INEQ","A","2014",0.356,
"GBR","INCOMEINEQ","GINI","INEQ","A","2015",0.36,
"USA","INCOMEINEQ","P50P10","RT","A","2013",2.7,
"USA","INCOMEINEQ","P50P10","RT","A","2014",2.7,
"USA","INCOMEINEQ","P50P10","RT","A","2015",2.7,
"USA","INCOMEINEQ","P90P10","RT","A","2013",6.4,
"USA","INCOMEINEQ","P90P10","RT","A","2014",6.4,
"USA","INCOMEINEQ","P90P10","RT","A","2015",6.1,
"USA","INCOMEINEQ","P90P50","RT","A","2013",2.3,
"USA","INCOMEINEQ","P90P50","RT","A","2014",2.3,
"USA","INCOMEINEQ","P90P50","RT","A","2015",2.3,
"USA","INCOMEINEQ","GINI","INEQ","A","2013",0.396,
"USA","INCOMEINEQ","GINI","INEQ","A","2014",0.394,
"USA","INCOMEINEQ","GINI","INEQ","A","2015",0.39,
"CHL","INCOMEINEQ","P50P10","RT","A","2009",2.6,
"CHL","INCOMEINEQ","P50P10","RT","A","2011",2.6,
"CHL","INCOMEINEQ","P50P10","RT","A","2013",2.5,
"CHL","INCOMEINEQ","P50P10","RT","A","2015",2.5,
"CHL","INCOMEINEQ","P90P10","RT","A","2009",7.9,
"CHL","INCOMEINEQ","P90P10","RT","A","2011",7.6,
"CHL","INCOMEINEQ","P90P10","RT","A","2013",7.4,
"CHL","INCOMEINEQ","P90P10","RT","A","2015",7,
"CHL","INCOMEINEQ","P90P50","RT","A","2009",3.1,
"CHL","INCOMEINEQ","P90P50","RT","A","2011",3,
"CHL","INCOMEINEQ","P90P50","RT","A","2013",2.9,
"CHL","INCOMEINEQ","P90P50","RT","A","2015",2.8,
"CHL","INCOMEINEQ","GINI","INEQ","A","2009",0.48,
"CHL","INCOMEINEQ","GINI","INEQ","A","2011",0.471,
"CHL","INCOMEINEQ","GINI","INEQ","A","2013",0.465,
"CHL","INCOMEINEQ","GINI","INEQ","A","2015",0.454,
"EST","INCOMEINEQ","P50P10","RT","A","2013",2.3,
"EST","INCOMEINEQ","P50P10","RT","A","2014",2.3,
"EST","INCOMEINEQ","P90P10","RT","A","2013",5.2,
"EST","INCOMEINEQ","P90P10","RT","A","2014",5,
"EST","INCOMEINEQ","P90P50","RT","A","2013",2.2,
"EST","INCOMEINEQ","P90P50","RT","A","2014",2.2,
"EST","INCOMEINEQ","GINI","INEQ","A","2013",0.357,
"EST","INCOMEINEQ","GINI","INEQ","A","2014",0.346,
"ISR","INCOMEINEQ","P50P10","RT","A","2011",2.6,
"ISR","INCOMEINEQ","P50P10","RT","A","2012",2.7,
"ISR","INCOMEINEQ","P50P10","RT","A","2013",2.7,
"ISR","INCOMEINEQ","P50P10","RT","A","2014",2.8,
"ISR","INCOMEINEQ","P50P10","RT","A","2015",2.8,
"ISR","INCOMEINEQ","P90P10","RT","A","2011",5.9,
"ISR","INCOMEINEQ","P90P10","RT","A","2012",6.1,
"ISR","INCOMEINEQ","P90P10","RT","A","2013",5.9,
"ISR","INCOMEINEQ","P90P10","RT","A","2014",5.9,
"ISR","INCOMEINEQ","P90P10","RT","A","2015",5.8,
"ISR","INCOMEINEQ","P90P50","RT","A","2011",2.3,
"ISR","INCOMEINEQ","P90P50","RT","A","2012",2.2,
"ISR","INCOMEINEQ","P90P50","RT","A","2013",2.1,
"ISR","INCOMEINEQ","P90P50","RT","A","2014",2.1,
"ISR","INCOMEINEQ","P90P50","RT","A","2015",2.1,
"ISR","INCOMEINEQ","GINI","INEQ","A","2011",0.371,
"ISR","INCOMEINEQ","GINI","INEQ","A","2012",0.371,
"ISR","INCOMEINEQ","GINI","INEQ","A","2013",0.36,
"ISR","INCOMEINEQ","GINI","INEQ","A","2014",0.365,
"ISR","INCOMEINEQ","GINI","INEQ","A","2015",0.36,
"SVN","INCOMEINEQ","P50P10","RT","A","2004",1.8,
"SVN","INCOMEINEQ","P50P10","RT","A","2005",1.8,
"SVN","INCOMEINEQ","P50P10","RT","A","2006",1.8,
"SVN","INCOMEINEQ","P50P10","RT","A","2007",1.8,
"SVN","INCOMEINEQ","P50P10","RT","A","2008",1.8,
"SVN","INCOMEINEQ","P50P10","RT","A","2009",1.9,
"SVN","INCOMEINEQ","P50P10","RT","A","2010",1.9,
"SVN","INCOMEINEQ","P50P10","RT","A","2011",1.9,
"SVN","INCOMEINEQ","P50P10","RT","A","2012",2,
"SVN","INCOMEINEQ","P50P10","RT","A","2013",2,
"SVN","INCOMEINEQ","P50P10","RT","A","2014",2,
"SVN","INCOMEINEQ","P90P10","RT","A","2004",3,
"SVN","INCOMEINEQ","P90P10","RT","A","2005",3,
"SVN","INCOMEINEQ","P90P10","RT","A","2006",3,
"SVN","INCOMEINEQ","P90P10","RT","A","2007",3,
"SVN","INCOMEINEQ","P90P10","RT","A","2008",3,
"SVN","INCOMEINEQ","P90P10","RT","A","2009",3.1,
"SVN","INCOMEINEQ","P90P10","RT","A","2010",3.2,
"SVN","INCOMEINEQ","P90P10","RT","A","2011",3.2,
"SVN","INCOMEINEQ","P90P10","RT","A","2012",3.2,
"SVN","INCOMEINEQ","P90P10","RT","A","2013",3.3,
"SVN","INCOMEINEQ","P90P10","RT","A","2014",3.3,
"SVN","INCOMEINEQ","P90P50","RT","A","2004",1.7,
"SVN","INCOMEINEQ","P90P50","RT","A","2005",1.7,
"SVN","INCOMEINEQ","P90P50","RT","A","2006",1.7,
"SVN","INCOMEINEQ","P90P50","RT","A","2007",1.6,
"SVN","INCOMEINEQ","P90P50","RT","A","2008",1.6,
"SVN","INCOMEINEQ","P90P50","RT","A","2009",1.7,
"SVN","INCOMEINEQ","P90P50","RT","A","2010",1.6,
"SVN","INCOMEINEQ","P90P50","RT","A","2011",1.6,
"SVN","INCOMEINEQ","P90P50","RT","A","2012",1.7,
"SVN","INCOMEINEQ","P90P50","RT","A","2013",1.7,
"SVN","INCOMEINEQ","P90P50","RT","A","2014",1.7,
"SVN","INCOMEINEQ","GINI","INEQ","A","2004",0.241,
"SVN","INCOMEINEQ","GINI","INEQ","A","2005",0.24,
"SVN","INCOMEINEQ","GINI","INEQ","A","2006",0.237,
"SVN","INCOMEINEQ","GINI","INEQ","A","2007",0.239,
"SVN","INCOMEINEQ","GINI","INEQ","A","2008",0.234,
"SVN","INCOMEINEQ","GINI","INEQ","A","2009",0.245,
"SVN","INCOMEINEQ","GINI","INEQ","A","2010",0.244,
"SVN","INCOMEINEQ","GINI","INEQ","A","2011",0.244,
"SVN","INCOMEINEQ","GINI","INEQ","A","2012",0.249,
"SVN","INCOMEINEQ","GINI","INEQ","A","2013",0.254,
"SVN","INCOMEINEQ","GINI","INEQ","A","2014",0.251,
"RUS","INCOMEINEQ","GINI","INEQ","A","2011",0.376,
"RUS","INCOMEINEQ","P50P10","RT","A","2011",2.4,
"RUS","INCOMEINEQ","P90P50","RT","A","2011",2.5,
"RUS","INCOMEINEQ","P90P10","RT","A","2011",5.9,
"AUS","INCOMEINEQ","S80S20","RT","A","2012",5.5,
"AUS","INCOMEINEQ","S80S20","RT","A","2014",5.7,
"AUT","INCOMEINEQ","S80S20","RT","A","2007",4.4,
"AUT","INCOMEINEQ","S80S20","RT","A","2008",4.3,
"AUT","INCOMEINEQ","S80S20","RT","A","2009",4.5,
"AUT","INCOMEINEQ","S80S20","RT","A","2010",4.3,
"AUT","INCOMEINEQ","S80S20","RT","A","2011",4.4,
"AUT","INCOMEINEQ","S80S20","RT","A","2012",4.2,
"AUT","INCOMEINEQ","S80S20","RT","A","2013",4.2,
"AUT","INCOMEINEQ","S80S20","RT","A","2014",4.1,
"BEL","INCOMEINEQ","S80S20","RT","A","2004",4.2,
"BEL","INCOMEINEQ","S80S20","RT","A","2005",4.1,
"BEL","INCOMEINEQ","S80S20","RT","A","2006",4,
"BEL","INCOMEINEQ","S80S20","RT","A","2007",4.1,
"BEL","INCOMEINEQ","S80S20","RT","A","2008",3.9,
"BEL","INCOMEINEQ","S80S20","RT","A","2009",4.1,
"BEL","INCOMEINEQ","S80S20","RT","A","2010",4,
"BEL","INCOMEINEQ","S80S20","RT","A","2011",4,
"BEL","INCOMEINEQ","S80S20","RT","A","2012",3.9,
"BEL","INCOMEINEQ","S80S20","RT","A","2013",3.9,
"BEL","INCOMEINEQ","S80S20","RT","A","2014",3.9,
"CAN","INCOMEINEQ","S80S20","RT","A","1976",5.1,
"CAN","INCOMEINEQ","S80S20","RT","A","1977",4.9,
"CAN","INCOMEINEQ","S80S20","RT","A","1978",4.9,
"CAN","INCOMEINEQ","S80S20","RT","A","1979",4.8,
"CAN","INCOMEINEQ","S80S20","RT","A","1980",4.8,
"CAN","INCOMEINEQ","S80S20","RT","A","1981",4.7,
"CAN","INCOMEINEQ","S80S20","RT","A","1982",4.8,
"CAN","INCOMEINEQ","S80S20","RT","A","1983",4.9,
"CAN","INCOMEINEQ","S80S20","RT","A","1984",5,
"CAN","INCOMEINEQ","S80S20","RT","A","1985",4.8,
"CAN","INCOMEINEQ","S80S20","RT","A","1986",4.7,
"CAN","INCOMEINEQ","S80S20","RT","A","1987",4.7,
"CAN","INCOMEINEQ","S80S20","RT","A","1988",4.5,
"CAN","INCOMEINEQ","S80S20","RT","A","1989",4.5,
"CAN","INCOMEINEQ","S80S20","RT","A","1990",4.6,
"CAN","INCOMEINEQ","S80S20","RT","A","1991",4.8,
"CAN","INCOMEINEQ","S80S20","RT","A","1992",4.8,
"CAN","INCOMEINEQ","S80S20","RT","A","1993",4.6,
"CAN","INCOMEINEQ","S80S20","RT","A","1994",4.7,
"CAN","INCOMEINEQ","S80S20","RT","A","1995",4.7,
"CAN","INCOMEINEQ","S80S20","RT","A","1996",4.9,
"CAN","INCOMEINEQ","S80S20","RT","A","1997",5,
"CAN","INCOMEINEQ","S80S20","RT","A","1998",5.1,
"CAN","INCOMEINEQ","S80S20","RT","A","1999",5,
"CAN","INCOMEINEQ","S80S20","RT","A","2000",5.2,
"CAN","INCOMEINEQ","S80S20","RT","A","2001",5.2,
"CAN","INCOMEINEQ","S80S20","RT","A","2002",5.2,
"CAN","INCOMEINEQ","S80S20","RT","A","2003",5.2,
"CAN","INCOMEINEQ","S80S20","RT","A","2004",5.4,
"CAN","INCOMEINEQ","S80S20","RT","A","2005",5.2,
"CAN","INCOMEINEQ","S80S20","RT","A","2006",5.3,
"CAN","INCOMEINEQ","S80S20","RT","A","2007",5.3,
"CAN","INCOMEINEQ","S80S20","RT","A","2008",5.3,
"CAN","INCOMEINEQ","S80S20","RT","A","2009",5.3,
"CAN","INCOMEINEQ","S80S20","RT","A","2010",5.3,
"CAN","INCOMEINEQ","S80S20","RT","A","2011",5.2,
"CAN","INCOMEINEQ","S80S20","RT","A","2012",5.3,
"CAN","INCOMEINEQ","S80S20","RT","A","2013",5.5,
"CAN","INCOMEINEQ","S80S20","RT","A","2014",5.2,
"CZE","INCOMEINEQ","S80S20","RT","A","2004",3.8,
"CZE","INCOMEINEQ","S80S20","RT","A","2005",3.7,
"CZE","INCOMEINEQ","S80S20","RT","A","2006",3.7,
"CZE","INCOMEINEQ","S80S20","RT","A","2007",3.6,
"CZE","INCOMEINEQ","S80S20","RT","A","2008",3.6,
"CZE","INCOMEINEQ","S80S20","RT","A","2009",3.6,
"CZE","INCOMEINEQ","S80S20","RT","A","2010",3.7,
"CZE","INCOMEINEQ","S80S20","RT","A","2011",3.7,
"CZE","INCOMEINEQ","S80S20","RT","A","2012",3.6,
"CZE","INCOMEINEQ","S80S20","RT","A","2013",3.7,
"CZE","INCOMEINEQ","S80S20","RT","A","2014",3.7,
"DNK","INCOMEINEQ","S80S20","RT","A","2011",3.6,
"DNK","INCOMEINEQ","S80S20","RT","A","2012",3.5,
"DNK","INCOMEINEQ","S80S20","RT","A","2013",3.6,
"DNK","INCOMEINEQ","S80S20","RT","A","2014",3.6,
"FIN","INCOMEINEQ","S80S20","RT","A","1987",2.9,
"FIN","INCOMEINEQ","S80S20","RT","A","1988",3,
"FIN","INCOMEINEQ","S80S20","RT","A","1989",3.1,
"FIN","INCOMEINEQ","S80S20","RT","A","1990",3,
"FIN","INCOMEINEQ","S80S20","RT","A","1991",3,
"FIN","INCOMEINEQ","S80S20","RT","A","1992",3,
"FIN","INCOMEINEQ","S80S20","RT","A","1993",3,
"FIN","INCOMEINEQ","S80S20","RT","A","1994",3,
"FIN","INCOMEINEQ","S80S20","RT","A","1995",3,
"FIN","INCOMEINEQ","S80S20","RT","A","1996",3.1,
"FIN","INCOMEINEQ","S80S20","RT","A","1997",3.3,
"FIN","INCOMEINEQ","S80S20","RT","A","1998",3.4,
"FIN","INCOMEINEQ","S80S20","RT","A","1999",3.5,
"FIN","INCOMEINEQ","S80S20","RT","A","2000",3.6,
"FIN","INCOMEINEQ","S80S20","RT","A","2001",3.7,
"FIN","INCOMEINEQ","S80S20","RT","A","2002",3.7,
"FIN","INCOMEINEQ","S80S20","RT","A","2003",3.7,
"FIN","INCOMEINEQ","S80S20","RT","A","2004",3.8,
"FIN","INCOMEINEQ","S80S20","RT","A","2005",3.8,
"FIN","INCOMEINEQ","S80S20","RT","A","2006",3.8,
"FIN","INCOMEINEQ","S80S20","RT","A","2007",3.9,
"FIN","INCOMEINEQ","S80S20","RT","A","2008",3.9,
"FIN","INCOMEINEQ","S80S20","RT","A","2009",3.7,
"FIN","INCOMEINEQ","S80S20","RT","A","2010",3.8,
"FIN","INCOMEINEQ","S80S20","RT","A","2011",3.8,
"FIN","INCOMEINEQ","S80S20","RT","A","2012",3.7,
"FIN","INCOMEINEQ","S80S20","RT","A","2013",3.8,
"FIN","INCOMEINEQ","S80S20","RT","A","2014",3.7,
"FIN","INCOMEINEQ","S80S20","RT","A","2015",3.7,
"FRA","INCOMEINEQ","S80S20","RT","A","2012",4.7,
"FRA","INCOMEINEQ","S80S20","RT","A","2013",4.4,
"FRA","INCOMEINEQ","S80S20","RT","A","2014",4.5,
"DEU","INCOMEINEQ","S80S20","RT","A","2008",4.3,
"DEU","INCOMEINEQ","S80S20","RT","A","2011",4.4,
"DEU","INCOMEINEQ","S80S20","RT","A","2012",4.3,
"DEU","INCOMEINEQ","S80S20","RT","A","2013",4.4,
"DEU","INCOMEINEQ","S80S20","RT","A","2014",4.4,
"GRC","INCOMEINEQ","S80S20","RT","A","2004",5.7,
"GRC","INCOMEINEQ","S80S20","RT","A","2005",5.9,
"GRC","INCOMEINEQ","S80S20","RT","A","2006",5.8,
"GRC","INCOMEINEQ","S80S20","RT","A","2007",5.6,
"GRC","INCOMEINEQ","S80S20","RT","A","2008",5.6,
"GRC","INCOMEINEQ","S80S20","RT","A","2009",5.6,
"GRC","INCOMEINEQ","S80S20","RT","A","2010",5.9,
"GRC","INCOMEINEQ","S80S20","RT","A","2011",6.2,
"GRC","INCOMEINEQ","S80S20","RT","A","2012",6.2,
"GRC","INCOMEINEQ","S80S20","RT","A","2013",6.3,
"GRC","INCOMEINEQ","S80S20","RT","A","2014",6.4,
"HUN","INCOMEINEQ","S80S20","RT","A","2007",3.9,
"HUN","INCOMEINEQ","S80S20","RT","A","2009",4,
"HUN","INCOMEINEQ","S80S20","RT","A","2012",4.5,
"HUN","INCOMEINEQ","S80S20","RT","A","2014",4.5,
"ISL","INCOMEINEQ","S80S20","RT","A","2004",3.7,
"ISL","INCOMEINEQ","S80S20","RT","A","2005",4,
"ISL","INCOMEINEQ","S80S20","RT","A","2006",4.2,
"ISL","INCOMEINEQ","S80S20","RT","A","2007",4.1,
"ISL","INCOMEINEQ","S80S20","RT","A","2008",4.5,
"ISL","INCOMEINEQ","S80S20","RT","A","2009",3.8,
"ISL","INCOMEINEQ","S80S20","RT","A","2010",3.5,
"ISL","INCOMEINEQ","S80S20","RT","A","2011",3.6,
"ISL","INCOMEINEQ","S80S20","RT","A","2012",3.6,
"ISL","INCOMEINEQ","S80S20","RT","A","2013",3.4,
"ISL","INCOMEINEQ","S80S20","RT","A","2014",3.6,
"IRL","INCOMEINEQ","S80S20","RT","A","2004",5.2,
"IRL","INCOMEINEQ","S80S20","RT","A","2005",5.1,
"IRL","INCOMEINEQ","S80S20","RT","A","2006",5,
"IRL","INCOMEINEQ","S80S20","RT","A","2007",4.6,
"IRL","INCOMEINEQ","S80S20","RT","A","2008",4.5,
"IRL","INCOMEINEQ","S80S20","RT","A","2009",4.9,
"IRL","INCOMEINEQ","S80S20","RT","A","2010",4.6,
"IRL","INCOMEINEQ","S80S20","RT","A","2011",4.9,
"IRL","INCOMEINEQ","S80S20","RT","A","2012",4.8,
"IRL","INCOMEINEQ","S80S20","RT","A","2013",4.8,
"IRL","INCOMEINEQ","S80S20","RT","A","2014",4.6,
"ITA","INCOMEINEQ","S80S20","RT","A","2004",5.6,
"ITA","INCOMEINEQ","S80S20","RT","A","2005",5.5,
"ITA","INCOMEINEQ","S80S20","RT","A","2006",5.5,
"ITA","INCOMEINEQ","S80S20","RT","A","2007",5.2,
"ITA","INCOMEINEQ","S80S20","RT","A","2008",5.3,
"ITA","INCOMEINEQ","S80S20","RT","A","2009",5.3,
"ITA","INCOMEINEQ","S80S20","RT","A","2010",5.8,
"ITA","INCOMEINEQ","S80S20","RT","A","2011",5.7,
"ITA","INCOMEINEQ","S80S20","RT","A","2012",5.9,
"ITA","INCOMEINEQ","S80S20","RT","A","2013",5.8,
"ITA","INCOMEINEQ","S80S20","RT","A","2014",5.9,
"LUX","INCOMEINEQ","S80S20","RT","A","2004",3.9,
"LUX","INCOMEINEQ","S80S20","RT","A","2005",4.2,
"LUX","INCOMEINEQ","S80S20","RT","A","2006",4,
"LUX","INCOMEINEQ","S80S20","RT","A","2007",4,
"LUX","INCOMEINEQ","S80S20","RT","A","2008",4.3,
"LUX","INCOMEINEQ","S80S20","RT","A","2009",4.1,
"LUX","INCOMEINEQ","S80S20","RT","A","2010",3.9,
"LUX","INCOMEINEQ","S80S20","RT","A","2011",4,
"LUX","INCOMEINEQ","S80S20","RT","A","2012",4.5,
"LUX","INCOMEINEQ","S80S20","RT","A","2013",4.2,
"LUX","INCOMEINEQ","S80S20","RT","A","2014",4.2,
"MEX","INCOMEINEQ","S80S20","RT","A","2012",11.5,
"MEX","INCOMEINEQ","S80S20","RT","A","2014",10.4,
"NLD","INCOMEINEQ","S80S20","RT","A","2013",4.3,"P"
"NLD","INCOMEINEQ","S80S20","RT","A","2014",4.6,"P"
"NLD","INCOMEINEQ","S80S20","RT","A","2015",4.6,"P"
"NZL","INCOMEINEQ","S80S20","RT","A","2011",5.2,
"NZL","INCOMEINEQ","S80S20","RT","A","2012",5.3,
"NZL","INCOMEINEQ","S80S20","RT","A","2014",5.8,
"NOR","INCOMEINEQ","S80S20","RT","A","2004",4.1,
"NOR","INCOMEINEQ","S80S20","RT","A","2008",3.7,
"NOR","INCOMEINEQ","S80S20","RT","A","2009",3.6,
"NOR","INCOMEINEQ","S80S20","RT","A","2010",3.7,
"NOR","INCOMEINEQ","S80S20","RT","A","2011",3.7,
"NOR","INCOMEINEQ","S80S20","RT","A","2012",3.8,
"NOR","INCOMEINEQ","S80S20","RT","A","2013",3.8,
"NOR","INCOMEINEQ","S80S20","RT","A","2014",3.9,
"POL","INCOMEINEQ","S80S20","RT","A","2004",8.3,
"POL","INCOMEINEQ","S80S20","RT","A","2005",5.5,
"POL","INCOMEINEQ","S80S20","RT","A","2006",5.1,
"POL","INCOMEINEQ","S80S20","RT","A","2007",5,
"POL","INCOMEINEQ","S80S20","RT","A","2008",4.8,
"POL","INCOMEINEQ","S80S20","RT","A","2009",4.8,
"POL","INCOMEINEQ","S80S20","RT","A","2010",4.8,
"POL","INCOMEINEQ","S80S20","RT","A","2011",4.7,
"POL","INCOMEINEQ","S80S20","RT","A","2012",4.6,
"POL","INCOMEINEQ","S80S20","RT","A","2013",4.7,
"POL","INCOMEINEQ","S80S20","RT","A","2014",4.7,
"PRT","INCOMEINEQ","S80S20","RT","A","2004",7.1,
"PRT","INCOMEINEQ","S80S20","RT","A","2005",6.9,
"PRT","INCOMEINEQ","S80S20","RT","A","2006",6.5,
"PRT","INCOMEINEQ","S80S20","RT","A","2007",6.3,
"PRT","INCOMEINEQ","S80S20","RT","A","2008",6,
"PRT","INCOMEINEQ","S80S20","RT","A","2009",5.6,
"PRT","INCOMEINEQ","S80S20","RT","A","2010",5.6,
"PRT","INCOMEINEQ","S80S20","RT","A","2011",5.7,
"PRT","INCOMEINEQ","S80S20","RT","A","2012",5.9,
"PRT","INCOMEINEQ","S80S20","RT","A","2013",6,
"PRT","INCOMEINEQ","S80S20","RT","A","2014",5.9,
"SVK","INCOMEINEQ","S80S20","RT","A","2004",3.9,
"SVK","INCOMEINEQ","S80S20","RT","A","2005",4.2,
"SVK","INCOMEINEQ","S80S20","RT","A","2006",3.6,
"SVK","INCOMEINEQ","S80S20","RT","A","2007",3.5,
"SVK","INCOMEINEQ","S80S20","RT","A","2008",3.7,
"SVK","INCOMEINEQ","S80S20","RT","A","2009",3.9,
"SVK","INCOMEINEQ","S80S20","RT","A","2010",3.9,
"SVK","INCOMEINEQ","S80S20","RT","A","2011",3.9,
"SVK","INCOMEINEQ","S80S20","RT","A","2012",3.7,
"SVK","INCOMEINEQ","S80S20","RT","A","2013",4.1,
"SVK","INCOMEINEQ","S80S20","RT","A","2014",3.7,
"ESP","INCOMEINEQ","S80S20","RT","A","2007",5.6,
"ESP","INCOMEINEQ","S80S20","RT","A","2008",5.8,
"ESP","INCOMEINEQ","S80S20","RT","A","2009",6.1,
"ESP","INCOMEINEQ","S80S20","RT","A","2010",6.1,
"ESP","INCOMEINEQ","S80S20","RT","A","2011",6.3,
"ESP","INCOMEINEQ","S80S20","RT","A","2012",6.1,
"ESP","INCOMEINEQ","S80S20","RT","A","2013",6.6,
"ESP","INCOMEINEQ","S80S20","RT","A","2014",6.6,
"SWE","INCOMEINEQ","S80S20","RT","A","2013",4,
"SWE","INCOMEINEQ","S80S20","RT","A","2014",4.1,
"CHE","INCOMEINEQ","S80S20","RT","A","2013",4.4,
"CHE","INCOMEINEQ","S80S20","RT","A","2014",4.6,
"TUR","INCOMEINEQ","S80S20","RT","A","2011",8,
"TUR","INCOMEINEQ","S80S20","RT","A","2012",7.7,
"TUR","INCOMEINEQ","S80S20","RT","A","2013",7.5,
"TUR","INCOMEINEQ","S80S20","RT","A","2014",7.7,
"GBR","INCOMEINEQ","S80S20","RT","A","2002",6.2,
"GBR","INCOMEINEQ","S80S20","RT","A","2003",6.1,
"GBR","INCOMEINEQ","S80S20","RT","A","2004",6,
"GBR","INCOMEINEQ","S80S20","RT","A","2005",6.1,
"GBR","INCOMEINEQ","S80S20","RT","A","2006",6.4,
"GBR","INCOMEINEQ","S80S20","RT","A","2007",6.6,
"GBR","INCOMEINEQ","S80S20","RT","A","2008",6.5,
"GBR","INCOMEINEQ","S80S20","RT","A","2009",6.5,
"GBR","INCOMEINEQ","S80S20","RT","A","2010",5.9,
"GBR","INCOMEINEQ","S80S20","RT","A","2011",5.9,
"GBR","INCOMEINEQ","S80S20","RT","A","2012",5.9,
"GBR","INCOMEINEQ","S80S20","RT","A","2013",6,
"GBR","INCOMEINEQ","S80S20","RT","A","2014",6,
"GBR","INCOMEINEQ","S80S20","RT","A","2015",6.1,
"USA","INCOMEINEQ","S80S20","RT","A","2013",8.6,
"USA","INCOMEINEQ","S80S20","RT","A","2014",8.7,
"USA","INCOMEINEQ","S80S20","RT","A","2015",8.3,
"EST","INCOMEINEQ","S80S20","RT","A","2013",6.5,
"EST","INCOMEINEQ","S80S20","RT","A","2014",6.2,
"ISR","INCOMEINEQ","S80S20","RT","A","2011",7.3,
"ISR","INCOMEINEQ","S80S20","RT","A","2012",7.5,
"ISR","INCOMEINEQ","S80S20","RT","A","2013",7.6,
"ISR","INCOMEINEQ","S80S20","RT","A","2014",7.4,
"ISR","INCOMEINEQ","S80S20","RT","A","2015",7.1,
"SVN","INCOMEINEQ","S80S20","RT","A","2004",3.5,
"SVN","INCOMEINEQ","S80S20","RT","A","2005",3.5,
"SVN","INCOMEINEQ","S80S20","RT","A","2006",3.4,
"SVN","INCOMEINEQ","S80S20","RT","A","2007",3.5,
"SVN","INCOMEINEQ","S80S20","RT","A","2008",3.4,
"SVN","INCOMEINEQ","S80S20","RT","A","2009",3.6,
"SVN","INCOMEINEQ","S80S20","RT","A","2010",3.6,
"SVN","INCOMEINEQ","S80S20","RT","A","2011",3.6,
"SVN","INCOMEINEQ","S80S20","RT","A","2012",3.7,
"SVN","INCOMEINEQ","S80S20","RT","A","2013",3.8,
"SVN","INCOMEINEQ","S80S20","RT","A","2014",3.7,
"LVA","INCOMEINEQ","GINI","INEQ","A","2004",0.363,
"LVA","INCOMEINEQ","GINI","INEQ","A","2005",0.392,
"LVA","INCOMEINEQ","GINI","INEQ","A","2006",0.351,
"LVA","INCOMEINEQ","GINI","INEQ","A","2007",0.374,
"LVA","INCOMEINEQ","GINI","INEQ","A","2008",0.373,
"LVA","INCOMEINEQ","GINI","INEQ","A","2009",0.354,
"LVA","INCOMEINEQ","GINI","INEQ","A","2010",0.347,
"LVA","INCOMEINEQ","GINI","INEQ","A","2011",0.352,
"LVA","INCOMEINEQ","GINI","INEQ","A","2012",0.347,
"LVA","INCOMEINEQ","GINI","INEQ","A","2013",0.351,
"LVA","INCOMEINEQ","GINI","INEQ","A","2014",0.35,
"JPN","INCOMEINEQ","S80S20","RT","A","2009",6.2,
"JPN","INCOMEINEQ","S80S20","RT","A","2012",6.1,
"CHL","INCOMEINEQ","S80S20","RT","A","2009",11.8,
"CHL","INCOMEINEQ","S80S20","RT","A","2011",11.3,
"CHL","INCOMEINEQ","S80S20","RT","A","2013",10.6,
"CHL","INCOMEINEQ","S80S20","RT","A","2015",10,
"LVA","INCOMEINEQ","P50P10","RT","A","2004",2.4,
"LVA","INCOMEINEQ","P50P10","RT","A","2005",2.5,
"LVA","INCOMEINEQ","P50P10","RT","A","2006",2.4,
"LVA","INCOMEINEQ","P50P10","RT","A","2007",2.7,
"LVA","INCOMEINEQ","P50P10","RT","A","2008",2.6,
"LVA","INCOMEINEQ","P50P10","RT","A","2009",2.3,
"LVA","INCOMEINEQ","P50P10","RT","A","2010",2.3,
"LVA","INCOMEINEQ","P50P10","RT","A","2011",2.3,
"LVA","INCOMEINEQ","P50P10","RT","A","2012",2.3,
"LVA","INCOMEINEQ","P50P10","RT","A","2013",2.2,
"LVA","INCOMEINEQ","P50P10","RT","A","2014",2.4,
"LVA","INCOMEINEQ","P90P10","RT","A","2004",5.3,
"LVA","INCOMEINEQ","P90P10","RT","A","2005",5.8,
"LVA","INCOMEINEQ","P90P10","RT","A","2006",5.3,
"LVA","INCOMEINEQ","P90P10","RT","A","2007",6.1,
"LVA","INCOMEINEQ","P90P10","RT","A","2008",5.8,
"LVA","INCOMEINEQ","P90P10","RT","A","2009",5.1,
"LVA","INCOMEINEQ","P90P10","RT","A","2010",5.1,
"LVA","INCOMEINEQ","P90P10","RT","A","2011",4.9,
"LVA","INCOMEINEQ","P90P10","RT","A","2012",5,
"LVA","INCOMEINEQ","P90P10","RT","A","2013",4.9,
"LVA","INCOMEINEQ","P90P10","RT","A","2014",5.1,
"LVA","INCOMEINEQ","P90P50","RT","A","2004",2.2,
"LVA","INCOMEINEQ","P90P50","RT","A","2005",2.3,
"LVA","INCOMEINEQ","P90P50","RT","A","2006",2.2,
"LVA","INCOMEINEQ","P90P50","RT","A","2007",2.3,
"LVA","INCOMEINEQ","P90P50","RT","A","2008",2.2,
"LVA","INCOMEINEQ","P90P50","RT","A","2009",2.2,
"LVA","INCOMEINEQ","P90P50","RT","A","2010",2.2,
"LVA","INCOMEINEQ","P90P50","RT","A","2011",2.2,
"LVA","INCOMEINEQ","P90P50","RT","A","2012",2.2,
"LVA","INCOMEINEQ","P90P50","RT","A","2013",2.2,
"LVA","INCOMEINEQ","P90P50","RT","A","2014",2.2,
"LVA","INCOMEINEQ","S80S20","RT","A","2004",6.8,
"LVA","INCOMEINEQ","S80S20","RT","A","2005",7.9,
"LVA","INCOMEINEQ","S80S20","RT","A","2006",6.3,
"LVA","INCOMEINEQ","S80S20","RT","A","2007",7.3,
"LVA","INCOMEINEQ","S80S20","RT","A","2008",7.3,
"LVA","INCOMEINEQ","S80S20","RT","A","2009",6.5,
"LVA","INCOMEINEQ","S80S20","RT","A","2010",6.2,
"LVA","INCOMEINEQ","S80S20","RT","A","2011",6.2,
"LVA","INCOMEINEQ","S80S20","RT","A","2012",6.1,
"LVA","INCOMEINEQ","S80S20","RT","A","2013",6.3,
"LVA","INCOMEINEQ","S80S20","RT","A","2014",6.4,
"LTU","INCOMEINEQ","P50P10","RT","A","2004",2.3,
"LTU","INCOMEINEQ","P50P10","RT","A","2005",2.3,
"LTU","INCOMEINEQ","P50P10","RT","A","2006",2.2,
"LTU","INCOMEINEQ","P50P10","RT","A","2007",2.3,
"LTU","INCOMEINEQ","P50P10","RT","A","2008",2.3,
"LTU","INCOMEINEQ","P50P10","RT","A","2009",2.4,
"LTU","INCOMEINEQ","P50P10","RT","A","2010",2.2,
"LTU","INCOMEINEQ","P50P10","RT","A","2011",2.1,
"LTU","INCOMEINEQ","P50P10","RT","A","2012",2.2,
"LTU","INCOMEINEQ","P50P10","RT","A","2013",2.2,
"LTU","INCOMEINEQ","P50P10","RT","A","2014",2.4,
"LTU","INCOMEINEQ","P90P10","RT","A","2004",5,
"LTU","INCOMEINEQ","P90P10","RT","A","2005",5.2,
"LTU","INCOMEINEQ","P90P10","RT","A","2006",4.6,
"LTU","INCOMEINEQ","P90P10","RT","A","2007",4.6,
"LTU","INCOMEINEQ","P90P10","RT","A","2008",4.8,
"LTU","INCOMEINEQ","P90P10","RT","A","2009",5.5,
"LTU","INCOMEINEQ","P90P10","RT","A","2010",4.7,
"LTU","INCOMEINEQ","P90P10","RT","A","2011",4.5,
"LTU","INCOMEINEQ","P90P10","RT","A","2012",4.8,
"LTU","INCOMEINEQ","P90P10","RT","A","2013",4.9,
"LTU","INCOMEINEQ","P90P10","RT","A","2014",5.4,
"LTU","INCOMEINEQ","P90P50","RT","A","2004",2.2,
"LTU","INCOMEINEQ","P90P50","RT","A","2005",2.2,
"LTU","INCOMEINEQ","P90P50","RT","A","2006",2.1,
"LTU","INCOMEINEQ","P90P50","RT","A","2007",2,
"LTU","INCOMEINEQ","P90P50","RT","A","2008",2.1,
"LTU","INCOMEINEQ","P90P50","RT","A","2009",2.3,
"LTU","INCOMEINEQ","P90P50","RT","A","2010",2.1,
"LTU","INCOMEINEQ","P90P50","RT","A","2011",2.1,
"LTU","INCOMEINEQ","P90P50","RT","A","2012",2.1,
"LTU","INCOMEINEQ","P90P50","RT","A","2013",2.3,
"LTU","INCOMEINEQ","P90P50","RT","A","2014",2.2,
"LTU","INCOMEINEQ","S80S20","RT","A","2004",6.3,
"LTU","INCOMEINEQ","S80S20","RT","A","2005",6.4,
"LTU","INCOMEINEQ","S80S20","RT","A","2006",5.6,
"LTU","INCOMEINEQ","S80S20","RT","A","2007",5.8,
"LTU","INCOMEINEQ","S80S20","RT","A","2008",6.3,
"LTU","INCOMEINEQ","S80S20","RT","A","2009",7.2,
"LTU","INCOMEINEQ","S80S20","RT","A","2010",5.7,
"LTU","INCOMEINEQ","S80S20","RT","A","2011",5.3,
"LTU","INCOMEINEQ","S80S20","RT","A","2012",6.2,
"LTU","INCOMEINEQ","S80S20","RT","A","2013",6.1,
"LTU","INCOMEINEQ","S80S20","RT","A","2014",7.4,
"LTU","INCOMEINEQ","GINI","INEQ","A","2004",0.35,
"LTU","INCOMEINEQ","GINI","INEQ","A","2005",0.352,
"LTU","INCOMEINEQ","GINI","INEQ","A","2006",0.329,
"LTU","INCOMEINEQ","GINI","INEQ","A","2007",0.338,
"LTU","INCOMEINEQ","GINI","INEQ","A","2008",0.358,
"LTU","INCOMEINEQ","GINI","INEQ","A","2009",0.366,
"LTU","INCOMEINEQ","GINI","INEQ","A","2010",0.329,
"LTU","INCOMEINEQ","GINI","INEQ","A","2011",0.322,
"LTU","INCOMEINEQ","GINI","INEQ","A","2012",0.35,
"LTU","INCOMEINEQ","GINI","INEQ","A","2013",0.352,
"LTU","INCOMEINEQ","GINI","INEQ","A","2014",0.381,
"BRA","INCOMEINEQ","P50P10","RT","A","2006",3.1,
"BRA","INCOMEINEQ","P50P10","RT","A","2009",2.8,
"BRA","INCOMEINEQ","P50P10","RT","A","2011",3.1,
"BRA","INCOMEINEQ","P50P10","RT","A","2013",3,
"BRA","INCOMEINEQ","P90P50","RT","A","2006",3.4,
"BRA","INCOMEINEQ","P90P50","RT","A","2009",3.1,
"BRA","INCOMEINEQ","P90P50","RT","A","2011",3,
"BRA","INCOMEINEQ","P90P50","RT","A","2013",2.9,
"BRA","INCOMEINEQ","S80S20","RT","A","2006",15.3,
"BRA","INCOMEINEQ","S80S20","RT","A","2009",13.1,
"BRA","INCOMEINEQ","S80S20","RT","A","2011",13.9,
"BRA","INCOMEINEQ","S80S20","RT","A","2013",12.5,
"CHN","INCOMEINEQ","P50P10","RT","A","2013",23.9,
"CHN","INCOMEINEQ","P90P10","RT","A","2013",76,
"CHN","INCOMEINEQ","P90P50","RT","A","2013",3.2,
"CHN","INCOMEINEQ","S80S20","RT","A","2013",73.4,
"CHN","INCOMEINEQ","GINI","INEQ","A","2013",0.556,
"CRI","INCOMEINEQ","P50P10","RT","A","2010",3,
"CRI","INCOMEINEQ","P50P10","RT","A","2011",3.2,
"CRI","INCOMEINEQ","P50P10","RT","A","2012",3.3,
"CRI","INCOMEINEQ","P50P10","RT","A","2013",3.3,
"CRI","INCOMEINEQ","P50P10","RT","A","2014",3.4,
"CRI","INCOMEINEQ","P50P10","RT","A","2015",3.4,
"CRI","INCOMEINEQ","P50P10","RT","A","2016",3.4,
"CRI","INCOMEINEQ","P90P10","RT","A","2010",9.8,
"CRI","INCOMEINEQ","P90P10","RT","A","2011",10.4,
"CRI","INCOMEINEQ","P90P10","RT","A","2012",10.6,
"CRI","INCOMEINEQ","P90P10","RT","A","2013",11.3,
"CRI","INCOMEINEQ","P90P10","RT","A","2014",10.9,
"CRI","INCOMEINEQ","P90P10","RT","A","2015",11.4,
"CRI","INCOMEINEQ","P90P10","RT","A","2016",11.2,
"CRI","INCOMEINEQ","P90P50","RT","A","2010",3.2,
"CRI","INCOMEINEQ","P90P50","RT","A","2011",3.3,
"CRI","INCOMEINEQ","P90P50","RT","A","2012",3.2,
"CRI","INCOMEINEQ","P90P50","RT","A","2013",3.4,
"CRI","INCOMEINEQ","P90P50","RT","A","2014",3.2,
"CRI","INCOMEINEQ","P90P50","RT","A","2015",3.3,
"CRI","INCOMEINEQ","P90P50","RT","A","2016",3.3,
"CRI","INCOMEINEQ","S80S20","RT","A","2010",12.9,
"CRI","INCOMEINEQ","S80S20","RT","A","2011",13.8,
"CRI","INCOMEINEQ","S80S20","RT","A","2012",14.2,
"CRI","INCOMEINEQ","S80S20","RT","A","2013",15.1,
"CRI","INCOMEINEQ","S80S20","RT","A","2014",14.7,
"CRI","INCOMEINEQ","S80S20","RT","A","2015",14.6,
"CRI","INCOMEINEQ","S80S20","RT","A","2016",14.7,
"CRI","INCOMEINEQ","GINI","INEQ","A","2010",0.479,
"CRI","INCOMEINEQ","GINI","INEQ","A","2011",0.486,
"CRI","INCOMEINEQ","GINI","INEQ","A","2012",0.489,
"CRI","INCOMEINEQ","GINI","INEQ","A","2013",0.499,
"CRI","INCOMEINEQ","GINI","INEQ","A","2014",0.491,
"CRI","INCOMEINEQ","GINI","INEQ","A","2015",0.487,
"CRI","INCOMEINEQ","GINI","INEQ","A","2016",0.493,
"IND","INCOMEINEQ","P50P10","RT","A","2004",2.9,
"IND","INCOMEINEQ","P50P10","RT","A","2011",2.9,
"IND","INCOMEINEQ","P90P10","RT","A","2004",9.1,
"IND","INCOMEINEQ","P90P10","RT","A","2011",9.4,
"IND","INCOMEINEQ","P90P50","RT","A","2004",3.2,
"IND","INCOMEINEQ","P90P50","RT","A","2011",3.2,
"IND","INCOMEINEQ","S80S20","RT","A","2004",12.5,
"IND","INCOMEINEQ","S80S20","RT","A","2011",13.4,
"IND","INCOMEINEQ","GINI","INEQ","A","2004",0.482,
"IND","INCOMEINEQ","GINI","INEQ","A","2011",0.495,
"RUS","INCOMEINEQ","S80S20","RT","A","2011",7.1,
"ZAF","INCOMEINEQ","P50P10","RT","A","2015",4.8,"P"
"ZAF","INCOMEINEQ","P90P10","RT","A","2015",25.6,"P"
"ZAF","INCOMEINEQ","P90P50","RT","A","2015",5.3,"P"
"ZAF","INCOMEINEQ","S80S20","RT","A","2015",37.6,"P"
"ZAF","INCOMEINEQ","GINI","INEQ","A","2015",0.62,"P"
"BRA","INCOMEINEQ","P90P10","RT","A","2006",10.4,
"BRA","INCOMEINEQ","P90P10","RT","A","2009",8.9,
"BRA","INCOMEINEQ","P90P10","RT","A","2011",9.3,
"BRA","INCOMEINEQ","P90P10","RT","A","2013",8.7,
"BRA","INCOMEINEQ","GINI","INEQ","A","2006",0.51,
"BRA","INCOMEINEQ","GINI","INEQ","A","2009",0.485,
"BRA","INCOMEINEQ","GINI","INEQ","A","2011",0.483,
"BRA","INCOMEINEQ","GINI","INEQ","A","2013",0.47,
"AUS","INCOMEINEQ","PALMA","RT","A","2012",1.24,
"AUS","INCOMEINEQ","PALMA","RT","A","2014",1.34,
"AUT","INCOMEINEQ","PALMA","RT","A","2007",1,
"AUT","INCOMEINEQ","PALMA","RT","A","2008",1,
"AUT","INCOMEINEQ","PALMA","RT","A","2009",1.03,
"AUT","INCOMEINEQ","PALMA","RT","A","2010",0.98,
"AUT","INCOMEINEQ","PALMA","RT","A","2011",0.99,
"AUT","INCOMEINEQ","PALMA","RT","A","2012",0.96,
"AUT","INCOMEINEQ","PALMA","RT","A","2013",0.99,
"AUT","INCOMEINEQ","PALMA","RT","A","2014",0.96,
"BEL","INCOMEINEQ","PALMA","RT","A","2004",1.05,
"BEL","INCOMEINEQ","PALMA","RT","A","2005",0.99,
"BEL","INCOMEINEQ","PALMA","RT","A","2006",0.93,
"BEL","INCOMEINEQ","PALMA","RT","A","2007",0.98,
"BEL","INCOMEINEQ","PALMA","RT","A","2008",0.91,
"BEL","INCOMEINEQ","PALMA","RT","A","2009",0.95,
"BEL","INCOMEINEQ","PALMA","RT","A","2010",0.92,
"BEL","INCOMEINEQ","PALMA","RT","A","2011",0.93,
"BEL","INCOMEINEQ","PALMA","RT","A","2012",0.91,
"BEL","INCOMEINEQ","PALMA","RT","A","2013",0.9,
"BEL","INCOMEINEQ","PALMA","RT","A","2014",0.92,
"CAN","INCOMEINEQ","PALMA","RT","A","1976",1.09,
"CAN","INCOMEINEQ","PALMA","RT","A","1977",0.99,
"CAN","INCOMEINEQ","PALMA","RT","A","1978",1.04,
"CAN","INCOMEINEQ","PALMA","RT","A","1979",1,
"CAN","INCOMEINEQ","PALMA","RT","A","1980",1.01,
"CAN","INCOMEINEQ","PALMA","RT","A","1981",0.99,
"CAN","INCOMEINEQ","PALMA","RT","A","1982",1.03,
"CAN","INCOMEINEQ","PALMA","RT","A","1983",1.07,
"CAN","INCOMEINEQ","PALMA","RT","A","1984",1.06,
"CAN","INCOMEINEQ","PALMA","RT","A","1985",1.04,
"CAN","INCOMEINEQ","PALMA","RT","A","1986",1.04,
"CAN","INCOMEINEQ","PALMA","RT","A","1987",1.02,
"CAN","INCOMEINEQ","PALMA","RT","A","1988",1,
"CAN","INCOMEINEQ","PALMA","RT","A","1989",0.99,
"CAN","INCOMEINEQ","PALMA","RT","A","1990",1.02,
"CAN","INCOMEINEQ","PALMA","RT","A","1991",1.06,
"CAN","INCOMEINEQ","PALMA","RT","A","1992",1.05,
"CAN","INCOMEINEQ","PALMA","RT","A","1993",1.02,
"CAN","INCOMEINEQ","PALMA","RT","A","1994",1.02,
"CAN","INCOMEINEQ","PALMA","RT","A","1995",1.04,
"CAN","INCOMEINEQ","PALMA","RT","A","1996",1.08,
"CAN","INCOMEINEQ","PALMA","RT","A","1997",1.1,
"CAN","INCOMEINEQ","PALMA","RT","A","1998",1.14,
"CAN","INCOMEINEQ","PALMA","RT","A","1999",1.13,
"CAN","INCOMEINEQ","PALMA","RT","A","2000",1.19,
"CAN","INCOMEINEQ","PALMA","RT","A","2001",1.19,
"CAN","INCOMEINEQ","PALMA","RT","A","2002",1.2,
"CAN","INCOMEINEQ","PALMA","RT","A","2003",1.18,
"CAN","INCOMEINEQ","PALMA","RT","A","2004",1.22,
"CAN","INCOMEINEQ","PALMA","RT","A","2005",1.18,
"CAN","INCOMEINEQ","PALMA","RT","A","2006",1.18,
"CAN","INCOMEINEQ","PALMA","RT","A","2007",1.19,
"CAN","INCOMEINEQ","PALMA","RT","A","2008",1.18,
"CAN","INCOMEINEQ","PALMA","RT","A","2009",1.18,
"CAN","INCOMEINEQ","PALMA","RT","A","2010",1.18,
"CAN","INCOMEINEQ","PALMA","RT","A","2011",1.16,
"CAN","INCOMEINEQ","PALMA","RT","A","2012",1.19,
"CAN","INCOMEINEQ","PALMA","RT","A","2013",1.2,
"CAN","INCOMEINEQ","PALMA","RT","A","2014",1.16,
"CZE","INCOMEINEQ","PALMA","RT","A","2004",0.94,
"CZE","INCOMEINEQ","PALMA","RT","A","2005",0.91,
"CZE","INCOMEINEQ","PALMA","RT","A","2006",0.91,
"CZE","INCOMEINEQ","PALMA","RT","A","2007",0.89,
"CZE","INCOMEINEQ","PALMA","RT","A","2008",0.91,
"CZE","INCOMEINEQ","PALMA","RT","A","2009",0.9,
"CZE","INCOMEINEQ","PALMA","RT","A","2010",0.91,
"CZE","INCOMEINEQ","PALMA","RT","A","2011",0.89,
"CZE","INCOMEINEQ","PALMA","RT","A","2012",0.88,
"CZE","INCOMEINEQ","PALMA","RT","A","2013",0.91,
"CZE","INCOMEINEQ","PALMA","RT","A","2014",0.9,
"DNK","INCOMEINEQ","PALMA","RT","A","2011",0.86,
"DNK","INCOMEINEQ","PALMA","RT","A","2012",0.86,
"DNK","INCOMEINEQ","PALMA","RT","A","2013",0.88,
"DNK","INCOMEINEQ","PALMA","RT","A","2014",0.89,
"FIN","INCOMEINEQ","PALMA","RT","A","1987",0.68,
"FIN","INCOMEINEQ","PALMA","RT","A","1988",0.7,
"FIN","INCOMEINEQ","PALMA","RT","A","1989",0.71,
"FIN","INCOMEINEQ","PALMA","RT","A","1990",0.7,
"FIN","INCOMEINEQ","PALMA","RT","A","1991",0.69,
"FIN","INCOMEINEQ","PALMA","RT","A","1992",0.69,
"FIN","INCOMEINEQ","PALMA","RT","A","1993",0.71,
"FIN","INCOMEINEQ","PALMA","RT","A","1994",0.72,
"FIN","INCOMEINEQ","PALMA","RT","A","1995",0.74,
"FIN","INCOMEINEQ","PALMA","RT","A","1996",0.75,
"FIN","INCOMEINEQ","PALMA","RT","A","1997",0.8,
"FIN","INCOMEINEQ","PALMA","RT","A","1998",0.83,
"FIN","INCOMEINEQ","PALMA","RT","A","1999",0.87,
"FIN","INCOMEINEQ","PALMA","RT","A","2000",0.89,
"FIN","INCOMEINEQ","PALMA","RT","A","2001",0.92,
"FIN","INCOMEINEQ","PALMA","RT","A","2002",0.9,
"FIN","INCOMEINEQ","PALMA","RT","A","2003",0.92,
"FIN","INCOMEINEQ","PALMA","RT","A","2004",0.94,
"FIN","INCOMEINEQ","PALMA","RT","A","2005",0.94,
"FIN","INCOMEINEQ","PALMA","RT","A","2006",0.95,
"FIN","INCOMEINEQ","PALMA","RT","A","2007",0.95,
"FIN","INCOMEINEQ","PALMA","RT","A","2008",0.93,
"FIN","INCOMEINEQ","PALMA","RT","A","2009",0.9,
"FIN","INCOMEINEQ","PALMA","RT","A","2010",0.92,
"FIN","INCOMEINEQ","PALMA","RT","A","2011",0.92,
"FIN","INCOMEINEQ","PALMA","RT","A","2012",0.9,
"FIN","INCOMEINEQ","PALMA","RT","A","2013",0.91,
"FIN","INCOMEINEQ","PALMA","RT","A","2014",0.89,
"FIN","INCOMEINEQ","PALMA","RT","A","2015",0.91,
"FRA","INCOMEINEQ","PALMA","RT","A","2012",1.17,
"FRA","INCOMEINEQ","PALMA","RT","A","2013",1.09,
"FRA","INCOMEINEQ","PALMA","RT","A","2014",1.1,
"DEU","INCOMEINEQ","PALMA","RT","A","2008",1.02,
"DEU","INCOMEINEQ","PALMA","RT","A","2011",1.06,
"DEU","INCOMEINEQ","PALMA","RT","A","2012",1.05,
"DEU","INCOMEINEQ","PALMA","RT","A","2013",1.06,
"DEU","INCOMEINEQ","PALMA","RT","A","2014",1.03,
"GRC","INCOMEINEQ","PALMA","RT","A","2004",1.29,
"GRC","INCOMEINEQ","PALMA","RT","A","2005",1.39,
"GRC","INCOMEINEQ","PALMA","RT","A","2006",1.32,
"GRC","INCOMEINEQ","PALMA","RT","A","2007",1.27,
"GRC","INCOMEINEQ","PALMA","RT","A","2008",1.26,
"GRC","INCOMEINEQ","PALMA","RT","A","2009",1.29,
"GRC","INCOMEINEQ","PALMA","RT","A","2010",1.31,
"GRC","INCOMEINEQ","PALMA","RT","A","2011",1.29,
"GRC","INCOMEINEQ","PALMA","RT","A","2012",1.33,
"GRC","INCOMEINEQ","PALMA","RT","A","2013",1.34,
"GRC","INCOMEINEQ","PALMA","RT","A","2014",1.32,
"HUN","INCOMEINEQ","PALMA","RT","A","2007",0.97,
"HUN","INCOMEINEQ","PALMA","RT","A","2009",0.95,
"HUN","INCOMEINEQ","PALMA","RT","A","2012",1.03,
"HUN","INCOMEINEQ","PALMA","RT","A","2014",1.02,
"ISL","INCOMEINEQ","PALMA","RT","A","2004",0.92,
"ISL","INCOMEINEQ","PALMA","RT","A","2005",0.98,
"ISL","INCOMEINEQ","PALMA","RT","A","2006",1.08,
"ISL","INCOMEINEQ","PALMA","RT","A","2007",1.05,
"ISL","INCOMEINEQ","PALMA","RT","A","2008",1.18,
"ISL","INCOMEINEQ","PALMA","RT","A","2009",0.95,
"ISL","INCOMEINEQ","PALMA","RT","A","2010",0.85,
"ISL","INCOMEINEQ","PALMA","RT","A","2011",0.86,
"ISL","INCOMEINEQ","PALMA","RT","A","2012",0.87,
"ISL","INCOMEINEQ","PALMA","RT","A","2013",0.82,
"ISL","INCOMEINEQ","PALMA","RT","A","2014",0.83,
"IRL","INCOMEINEQ","PALMA","RT","A","2004",1.25,
"IRL","INCOMEINEQ","PALMA","RT","A","2005",1.26,
"IRL","INCOMEINEQ","PALMA","RT","A","2006",1.2,
"IRL","INCOMEINEQ","PALMA","RT","A","2007",1.13,
"IRL","INCOMEINEQ","PALMA","RT","A","2008",1.06,
"IRL","INCOMEINEQ","PALMA","RT","A","2009",1.16,
"IRL","INCOMEINEQ","PALMA","RT","A","2010",1.07,
"IRL","INCOMEINEQ","PALMA","RT","A","2011",1.12,
"IRL","INCOMEINEQ","PALMA","RT","A","2012",1.15,
"IRL","INCOMEINEQ","PALMA","RT","A","2013",1.15,
"IRL","INCOMEINEQ","PALMA","RT","A","2014",1.09,
"ITA","INCOMEINEQ","PALMA","RT","A","2004",1.29,
"ITA","INCOMEINEQ","PALMA","RT","A","2005",1.23,
"ITA","INCOMEINEQ","PALMA","RT","A","2006",1.24,
"ITA","INCOMEINEQ","PALMA","RT","A","2007",1.16,
"ITA","INCOMEINEQ","PALMA","RT","A","2008",1.19,
"ITA","INCOMEINEQ","PALMA","RT","A","2009",1.17,
"ITA","INCOMEINEQ","PALMA","RT","A","2010",1.26,
"ITA","INCOMEINEQ","PALMA","RT","A","2011",1.26,
"ITA","INCOMEINEQ","PALMA","RT","A","2012",1.27,
"ITA","INCOMEINEQ","PALMA","RT","A","2013",1.23,
"ITA","INCOMEINEQ","PALMA","RT","A","2014",1.24,
"JPN","INCOMEINEQ","PALMA","RT","A","2009",1.3,
"JPN","INCOMEINEQ","PALMA","RT","A","2012",1.25,
"LUX","INCOMEINEQ","PALMA","RT","A","2004",0.91,
"LUX","INCOMEINEQ","PALMA","RT","A","2005",1.02,
"LUX","INCOMEINEQ","PALMA","RT","A","2006",0.98,
"LUX","INCOMEINEQ","PALMA","RT","A","2007",1,
"LUX","INCOMEINEQ","PALMA","RT","A","2008",1.07,
"LUX","INCOMEINEQ","PALMA","RT","A","2009",0.98,
"LUX","INCOMEINEQ","PALMA","RT","A","2010",0.94,
"LUX","INCOMEINEQ","PALMA","RT","A","2011",0.98,
"LUX","INCOMEINEQ","PALMA","RT","A","2012",1.1,
"LUX","INCOMEINEQ","PALMA","RT","A","2013",0.98,
"LUX","INCOMEINEQ","PALMA","RT","A","2014",1.01,
"MEX","INCOMEINEQ","PALMA","RT","A","2012",2.54,
"MEX","INCOMEINEQ","PALMA","RT","A","2014",2.54,
"NLD","INCOMEINEQ","PALMA","RT","A","2013",1.05,"P"
"NLD","INCOMEINEQ","PALMA","RT","A","2014",1.16,"P"
"NLD","INCOMEINEQ","PALMA","RT","A","2015",1.14,"P"
"NZL","INCOMEINEQ","PALMA","RT","A","2011",1.22,
"NZL","INCOMEINEQ","PALMA","RT","A","2012",1.3,
"NZL","INCOMEINEQ","PALMA","RT","A","2014",1.43,
"NOR","INCOMEINEQ","PALMA","RT","A","2004",1.07,
"NOR","INCOMEINEQ","PALMA","RT","A","2008",0.85,
"NOR","INCOMEINEQ","PALMA","RT","A","2009",0.83,
"NOR","INCOMEINEQ","PALMA","RT","A","2010",0.84,
"NOR","INCOMEINEQ","PALMA","RT","A","2011",0.85,
"NOR","INCOMEINEQ","PALMA","RT","A","2012",0.86,
"NOR","INCOMEINEQ","PALMA","RT","A","2013",0.86,
"NOR","INCOMEINEQ","PALMA","RT","A","2014",0.88,
"POL","INCOMEINEQ","PALMA","RT","A","2004",1.61,
"POL","INCOMEINEQ","PALMA","RT","A","2005",1.25,
"POL","INCOMEINEQ","PALMA","RT","A","2006",1.19,
"POL","INCOMEINEQ","PALMA","RT","A","2007",1.2,
"POL","INCOMEINEQ","PALMA","RT","A","2008",1.15,
"POL","INCOMEINEQ","PALMA","RT","A","2009",1.11,
"POL","INCOMEINEQ","PALMA","RT","A","2010",1.13,
"POL","INCOMEINEQ","PALMA","RT","A","2011",1.1,
"POL","INCOMEINEQ","PALMA","RT","A","2012",1.08,
"POL","INCOMEINEQ","PALMA","RT","A","2013",1.09,
"POL","INCOMEINEQ","PALMA","RT","A","2014",1.08,
"PRT","INCOMEINEQ","PALMA","RT","A","2004",1.71,
"PRT","INCOMEINEQ","PALMA","RT","A","2005",1.66,
"PRT","INCOMEINEQ","PALMA","RT","A","2006",1.57,
"PRT","INCOMEINEQ","PALMA","RT","A","2007",1.52,
"PRT","INCOMEINEQ","PALMA","RT","A","2008",1.46,
"PRT","INCOMEINEQ","PALMA","RT","A","2009",1.33,
"PRT","INCOMEINEQ","PALMA","RT","A","2010",1.37,
"PRT","INCOMEINEQ","PALMA","RT","A","2011",1.34,
"PRT","INCOMEINEQ","PALMA","RT","A","2012",1.33,
"PRT","INCOMEINEQ","PALMA","RT","A","2013",1.36,
"PRT","INCOMEINEQ","PALMA","RT","A","2014",1.34,
"SVK","INCOMEINEQ","PALMA","RT","A","2004",0.92,
"SVK","INCOMEINEQ","PALMA","RT","A","2005",1.08,
"SVK","INCOMEINEQ","PALMA","RT","A","2006",0.85,
"SVK","INCOMEINEQ","PALMA","RT","A","2007",0.83,
"SVK","INCOMEINEQ","PALMA","RT","A","2008",0.87,
"SVK","INCOMEINEQ","PALMA","RT","A","2009",0.91,
"SVK","INCOMEINEQ","PALMA","RT","A","2010",0.9,
"SVK","INCOMEINEQ","PALMA","RT","A","2011",0.88,
"SVK","INCOMEINEQ","PALMA","RT","A","2012",0.82,
"SVK","INCOMEINEQ","PALMA","RT","A","2013",0.93,
"SVK","INCOMEINEQ","PALMA","RT","A","2014",0.81,
"ESP","INCOMEINEQ","PALMA","RT","A","2007",1.22,
"ESP","INCOMEINEQ","PALMA","RT","A","2008",1.24,
"ESP","INCOMEINEQ","PALMA","RT","A","2009",1.28,
"ESP","INCOMEINEQ","PALMA","RT","A","2010",1.32,
"ESP","INCOMEINEQ","PALMA","RT","A","2011",1.33,
"ESP","INCOMEINEQ","PALMA","RT","A","2012",1.28,
"ESP","INCOMEINEQ","PALMA","RT","A","2013",1.35,
"ESP","INCOMEINEQ","PALMA","RT","A","2014",1.34,
"SWE","INCOMEINEQ","PALMA","RT","A","2013",0.94,
"SWE","INCOMEINEQ","PALMA","RT","A","2014",0.97,
"CHE","INCOMEINEQ","PALMA","RT","A","2013",1.09,
"CHE","INCOMEINEQ","PALMA","RT","A","2014",1.1,
"TUR","INCOMEINEQ","PALMA","RT","A","2011",1.89,
"TUR","INCOMEINEQ","PALMA","RT","A","2012",1.86,
"TUR","INCOMEINEQ","PALMA","RT","A","2013",1.76,
"TUR","INCOMEINEQ","PALMA","RT","A","2014",1.84,
"GBR","INCOMEINEQ","PALMA","RT","A","2002",1.51,
"GBR","INCOMEINEQ","PALMA","RT","A","2003",1.46,
"GBR","INCOMEINEQ","PALMA","RT","A","2004",1.46,
"GBR","INCOMEINEQ","PALMA","RT","A","2005",1.5,
"GBR","INCOMEINEQ","PALMA","RT","A","2006",1.54,
"GBR","INCOMEINEQ","PALMA","RT","A","2007",1.62,
"GBR","INCOMEINEQ","PALMA","RT","A","2008",1.58,
"GBR","INCOMEINEQ","PALMA","RT","A","2009",1.63,
"GBR","INCOMEINEQ","PALMA","RT","A","2010",1.44,
"GBR","INCOMEINEQ","PALMA","RT","A","2011",1.47,
"GBR","INCOMEINEQ","PALMA","RT","A","2012",1.45,
"GBR","INCOMEINEQ","PALMA","RT","A","2013",1.5,
"GBR","INCOMEINEQ","PALMA","RT","A","2014",1.49,
"GBR","INCOMEINEQ","PALMA","RT","A","2015",1.52,
"USA","INCOMEINEQ","PALMA","RT","A","2013",1.82,
"USA","INCOMEINEQ","PALMA","RT","A","2014",1.79,
"USA","INCOMEINEQ","PALMA","RT","A","2015",1.75,
"BRA","INCOMEINEQ","PALMA","RT","A","2006",3.39,
"BRA","INCOMEINEQ","PALMA","RT","A","2009",2.96,
"BRA","INCOMEINEQ","PALMA","RT","A","2011",2.95,
"BRA","INCOMEINEQ","PALMA","RT","A","2013",2.71,
"CHL","INCOMEINEQ","PALMA","RT","A","2009",2.85,
"CHL","INCOMEINEQ","PALMA","RT","A","2011",2.73,
"CHL","INCOMEINEQ","PALMA","RT","A","2013",2.62,
"CHL","INCOMEINEQ","PALMA","RT","A","2015",2.47,
"CHN","INCOMEINEQ","PALMA","RT","A","2013",5.96,
"CRI","INCOMEINEQ","PALMA","RT","A","2010",2.86,
"CRI","INCOMEINEQ","PALMA","RT","A","2011",2.97,
"CRI","INCOMEINEQ","PALMA","RT","A","2012",3.04,
"CRI","INCOMEINEQ","PALMA","RT","A","2013",3.19,
"CRI","INCOMEINEQ","PALMA","RT","A","2014",3.09,
"CRI","INCOMEINEQ","PALMA","RT","A","2015",3,
"CRI","INCOMEINEQ","PALMA","RT","A","2016",3.11,
"EST","INCOMEINEQ","PALMA","RT","A","2013",1.45,
"EST","INCOMEINEQ","PALMA","RT","A","2014",1.38,
"IND","INCOMEINEQ","PALMA","RT","A","2004",2.88,
"IND","INCOMEINEQ","PALMA","RT","A","2011",3.09,
"ISR","INCOMEINEQ","PALMA","RT","A","2011",1.54,
"ISR","INCOMEINEQ","PALMA","RT","A","2012",1.56,
"ISR","INCOMEINEQ","PALMA","RT","A","2013",1.49,
"ISR","INCOMEINEQ","PALMA","RT","A","2014",1.53,
"ISR","INCOMEINEQ","PALMA","RT","A","2015",1.49,
"LVA","INCOMEINEQ","PALMA","RT","A","2004",1.52,
"LVA","INCOMEINEQ","PALMA","RT","A","2005",1.78,
"LVA","INCOMEINEQ","PALMA","RT","A","2006",1.4,
"LVA","INCOMEINEQ","PALMA","RT","A","2007",1.62,
"LVA","INCOMEINEQ","PALMA","RT","A","2008",1.61,
"LVA","INCOMEINEQ","PALMA","RT","A","2009",1.43,
"LVA","INCOMEINEQ","PALMA","RT","A","2010",1.37,
"LVA","INCOMEINEQ","PALMA","RT","A","2011",1.42,
"LVA","INCOMEINEQ","PALMA","RT","A","2012",1.37,
"LVA","INCOMEINEQ","PALMA","RT","A","2013",1.42,
"LVA","INCOMEINEQ","PALMA","RT","A","2014",1.42,
"LTU","INCOMEINEQ","PALMA","RT","A","2004",1.41,
"LTU","INCOMEINEQ","PALMA","RT","A","2005",1.43,
"LTU","INCOMEINEQ","PALMA","RT","A","2006",1.26,
"LTU","INCOMEINEQ","PALMA","RT","A","2007",1.33,
"LTU","INCOMEINEQ","PALMA","RT","A","2008",1.48,
"LTU","INCOMEINEQ","PALMA","RT","A","2009",1.53,
"LTU","INCOMEINEQ","PALMA","RT","A","2010",1.24,
"LTU","INCOMEINEQ","PALMA","RT","A","2011",1.2,
"LTU","INCOMEINEQ","PALMA","RT","A","2012",1.42,
"LTU","INCOMEINEQ","PALMA","RT","A","2013",1.42,
"LTU","INCOMEINEQ","PALMA","RT","A","2014",1.67,
"RUS","INCOMEINEQ","PALMA","RT","A","2011",1.59,
"SVN","INCOMEINEQ","PALMA","RT","A","2004",0.8,
"SVN","INCOMEINEQ","PALMA","RT","A","2005",0.8,
"SVN","INCOMEINEQ","PALMA","RT","A","2006",0.79,
"SVN","INCOMEINEQ","PALMA","RT","A","2007",0.79,
"SVN","INCOMEINEQ","PALMA","RT","A","2008",0.77,
"SVN","INCOMEINEQ","PALMA","RT","A","2009",0.82,
"SVN","INCOMEINEQ","PALMA","RT","A","2010",0.81,
"SVN","INCOMEINEQ","PALMA","RT","A","2011",0.81,
"SVN","INCOMEINEQ","PALMA","RT","A","2012",0.83,
"SVN","INCOMEINEQ","PALMA","RT","A","2013",0.86,
"SVN","INCOMEINEQ","PALMA","RT","A","2014",0.85,
"ZAF","INCOMEINEQ","PALMA","RT","A","2015",7.03,"P"
