﻿"LOCATION","INDICATOR","SUBJECT","MEASURE","FREQUENCY","TIME","Value","Flag Codes"
"AUS","POVERTYGAP","TOT","RT","A","2012",0.271,
"AUS","POVERTYGAP","TOT","RT","A","2014",0.278,
"AUS","POVERTYGAP","18_65","RT","A","2012",0.323,
"AUS","POVERTYGAP","18_65","RT","A","2014",0.328,
"AUT","POVERTYGAP","TOT","RT","A","2007",0.28,
"AUT","POVERTYGAP","TOT","RT","A","2008",0.304,
"AUT","POVERTYGAP","TOT","RT","A","2009",0.328,
"AUT","POVERTYGAP","TOT","RT","A","2010",0.297,
"AUT","POVERTYGAP","TOT","RT","A","2011",0.328,
"AUT","POVERTYGAP","TOT","RT","A","2012",0.335,
"AUT","POVERTYGAP","TOT","RT","A","2013",0.28,
"AUT","POVERTYGAP","TOT","RT","A","2014",0.279,
"AUT","POVERTYGAP","18_65","RT","A","2007",0.284,
"AUT","POVERTYGAP","18_65","RT","A","2008",0.323,
"AUT","POVERTYGAP","18_65","RT","A","2009",0.334,
"AUT","POVERTYGAP","18_65","RT","A","2010",0.313,
"AUT","POVERTYGAP","18_65","RT","A","2011",0.342,
"AUT","POVERTYGAP","18_65","RT","A","2012",0.33,
"AUT","POVERTYGAP","18_65","RT","A","2013",0.287,
"AUT","POVERTYGAP","18_65","RT","A","2014",0.287,
"BEL","POVERTYGAP","TOT","RT","A","2004",0.207,
"BEL","POVERTYGAP","TOT","RT","A","2005",0.225,
"BEL","POVERTYGAP","TOT","RT","A","2006",0.226,
"BEL","POVERTYGAP","TOT","RT","A","2007",0.234,
"BEL","POVERTYGAP","TOT","RT","A","2008",0.22,
"BEL","POVERTYGAP","TOT","RT","A","2009",0.235,
"BEL","POVERTYGAP","TOT","RT","A","2010",0.228,
"BEL","POVERTYGAP","TOT","RT","A","2011",0.247,
"BEL","POVERTYGAP","TOT","RT","A","2012",0.224,
"BEL","POVERTYGAP","TOT","RT","A","2013",0.223,
"BEL","POVERTYGAP","TOT","RT","A","2014",0.218,
"BEL","POVERTYGAP","18_65","RT","A","2004",0.225,
"BEL","POVERTYGAP","18_65","RT","A","2005",0.254,
"BEL","POVERTYGAP","18_65","RT","A","2006",0.251,
"BEL","POVERTYGAP","18_65","RT","A","2007",0.261,
"BEL","POVERTYGAP","18_65","RT","A","2008",0.254,
"BEL","POVERTYGAP","18_65","RT","A","2009",0.249,
"BEL","POVERTYGAP","18_65","RT","A","2010",0.254,
"BEL","POVERTYGAP","18_65","RT","A","2011",0.249,
"BEL","POVERTYGAP","18_65","RT","A","2012",0.242,
"BEL","POVERTYGAP","18_65","RT","A","2013",0.247,
"BEL","POVERTYGAP","18_65","RT","A","2014",0.239,
"CAN","POVERTYGAP","TOT","RT","A","1976",0.324,
"CAN","POVERTYGAP","TOT","RT","A","1977",0.349,
"CAN","POVERTYGAP","TOT","RT","A","1978",0.33,
"CAN","POVERTYGAP","TOT","RT","A","1979",0.335,
"CAN","POVERTYGAP","TOT","RT","A","1980",0.325,
"CAN","POVERTYGAP","TOT","RT","A","1981",0.313,
"CAN","POVERTYGAP","TOT","RT","A","1982",0.307,
"CAN","POVERTYGAP","TOT","RT","A","1983",0.299,
"CAN","POVERTYGAP","TOT","RT","A","1984",0.322,
"CAN","POVERTYGAP","TOT","RT","A","1985",0.314,
"CAN","POVERTYGAP","TOT","RT","A","1986",0.307,
"CAN","POVERTYGAP","TOT","RT","A","1987",0.3,
"CAN","POVERTYGAP","TOT","RT","A","1988",0.296,
"CAN","POVERTYGAP","TOT","RT","A","1989",0.292,
"CAN","POVERTYGAP","TOT","RT","A","1990",0.301,
"CAN","POVERTYGAP","TOT","RT","A","1991",0.3,
"CAN","POVERTYGAP","TOT","RT","A","1992",0.304,
"CAN","POVERTYGAP","TOT","RT","A","1993",0.281,
"CAN","POVERTYGAP","TOT","RT","A","1994",0.294,
"CAN","POVERTYGAP","TOT","RT","A","1995",0.293,
"CAN","POVERTYGAP","TOT","RT","A","1996",0.301,
"CAN","POVERTYGAP","TOT","RT","A","1997",0.311,
"CAN","POVERTYGAP","TOT","RT","A","1998",0.307,
"CAN","POVERTYGAP","TOT","RT","A","1999",0.32,
"CAN","POVERTYGAP","TOT","RT","A","2000",0.306,
"CAN","POVERTYGAP","TOT","RT","A","2001",0.302,
"CAN","POVERTYGAP","TOT","RT","A","2002",0.302,
"CAN","POVERTYGAP","TOT","RT","A","2003",0.301,
"CAN","POVERTYGAP","TOT","RT","A","2004",0.298,
"CAN","POVERTYGAP","TOT","RT","A","2005",0.309,
"CAN","POVERTYGAP","TOT","RT","A","2006",0.3,
"CAN","POVERTYGAP","TOT","RT","A","2007",0.298,
"CAN","POVERTYGAP","TOT","RT","A","2008",0.304,
"CAN","POVERTYGAP","TOT","RT","A","2009",0.302,
"CAN","POVERTYGAP","TOT","RT","A","2010",0.291,
"CAN","POVERTYGAP","TOT","RT","A","2011",0.306,
"CAN","POVERTYGAP","TOT","RT","A","2012",0.317,
"CAN","POVERTYGAP","TOT","RT","A","2013",0.325,
"CAN","POVERTYGAP","TOT","RT","A","2014",0.312,
"CAN","POVERTYGAP","18_65","RT","A","1976",0.355,
"CAN","POVERTYGAP","18_65","RT","A","1977",0.372,
"CAN","POVERTYGAP","18_65","RT","A","1978",0.353,
"CAN","POVERTYGAP","18_65","RT","A","1979",0.36,
"CAN","POVERTYGAP","18_65","RT","A","1980",0.362,
"CAN","POVERTYGAP","18_65","RT","A","1981",0.34,
"CAN","POVERTYGAP","18_65","RT","A","1982",0.337,
"CAN","POVERTYGAP","18_65","RT","A","1983",0.327,
"CAN","POVERTYGAP","18_65","RT","A","1984",0.345,
"CAN","POVERTYGAP","18_65","RT","A","1985",0.336,
"CAN","POVERTYGAP","18_65","RT","A","1986",0.326,
"CAN","POVERTYGAP","18_65","RT","A","1987",0.319,
"CAN","POVERTYGAP","18_65","RT","A","1988",0.321,
"CAN","POVERTYGAP","18_65","RT","A","1989",0.319,
"CAN","POVERTYGAP","18_65","RT","A","1990",0.322,
"CAN","POVERTYGAP","18_65","RT","A","1991",0.317,
"CAN","POVERTYGAP","18_65","RT","A","1992",0.322,
"CAN","POVERTYGAP","18_65","RT","A","1993",0.3,
"CAN","POVERTYGAP","18_65","RT","A","1994",0.31,
"CAN","POVERTYGAP","18_65","RT","A","1995",0.311,
"CAN","POVERTYGAP","18_65","RT","A","1996",0.321,
"CAN","POVERTYGAP","18_65","RT","A","1997",0.33,
"CAN","POVERTYGAP","18_65","RT","A","1998",0.337,
"CAN","POVERTYGAP","18_65","RT","A","1999",0.354,
"CAN","POVERTYGAP","18_65","RT","A","2000",0.341,
"CAN","POVERTYGAP","18_65","RT","A","2001",0.329,
"CAN","POVERTYGAP","18_65","RT","A","2002",0.331,
"CAN","POVERTYGAP","18_65","RT","A","2003",0.328,
"CAN","POVERTYGAP","18_65","RT","A","2004",0.329,
"CAN","POVERTYGAP","18_65","RT","A","2005",0.341,
"CAN","POVERTYGAP","18_65","RT","A","2006",0.329,
"CAN","POVERTYGAP","18_65","RT","A","2007",0.332,
"CAN","POVERTYGAP","18_65","RT","A","2008",0.34,
"CAN","POVERTYGAP","18_65","RT","A","2009",0.336,
"CAN","POVERTYGAP","18_65","RT","A","2010",0.331,
"CAN","POVERTYGAP","18_65","RT","A","2011",0.344,
"CAN","POVERTYGAP","18_65","RT","A","2012",0.358,
"CAN","POVERTYGAP","18_65","RT","A","2013",0.372,
"CAN","POVERTYGAP","18_65","RT","A","2014",0.354,
"CZE","POVERTYGAP","TOT","RT","A","2004",0.231,
"CZE","POVERTYGAP","TOT","RT","A","2005",0.202,
"CZE","POVERTYGAP","TOT","RT","A","2006",0.222,
"CZE","POVERTYGAP","TOT","RT","A","2007",0.23,
"CZE","POVERTYGAP","TOT","RT","A","2008",0.227,
"CZE","POVERTYGAP","TOT","RT","A","2009",0.244,
"CZE","POVERTYGAP","TOT","RT","A","2010",0.236,
"CZE","POVERTYGAP","TOT","RT","A","2011",0.239,
"CZE","POVERTYGAP","TOT","RT","A","2012",0.249,
"CZE","POVERTYGAP","TOT","RT","A","2013",0.216,
"CZE","POVERTYGAP","TOT","RT","A","2014",0.236,
"CZE","POVERTYGAP","18_65","RT","A","2004",0.248,
"CZE","POVERTYGAP","18_65","RT","A","2005",0.21,
"CZE","POVERTYGAP","18_65","RT","A","2006",0.237,
"CZE","POVERTYGAP","18_65","RT","A","2007",0.239,
"CZE","POVERTYGAP","18_65","RT","A","2008",0.246,
"CZE","POVERTYGAP","18_65","RT","A","2009",0.248,
"CZE","POVERTYGAP","18_65","RT","A","2010",0.247,
"CZE","POVERTYGAP","18_65","RT","A","2011",0.253,
"CZE","POVERTYGAP","18_65","RT","A","2012",0.262,
"CZE","POVERTYGAP","18_65","RT","A","2013",0.22,
"CZE","POVERTYGAP","18_65","RT","A","2014",0.25,
"DNK","POVERTYGAP","TOT","RT","A","2011",0.294,
"DNK","POVERTYGAP","TOT","RT","A","2012",0.305,
"DNK","POVERTYGAP","TOT","RT","A","2013",0.308,
"DNK","POVERTYGAP","TOT","RT","A","2014",0.307,
"DNK","POVERTYGAP","18_65","RT","A","2011",0.351,
"DNK","POVERTYGAP","18_65","RT","A","2012",0.353,
"DNK","POVERTYGAP","18_65","RT","A","2013",0.352,
"DNK","POVERTYGAP","18_65","RT","A","2014",0.343,
"FIN","POVERTYGAP","TOT","RT","A","1987",0.257,
"FIN","POVERTYGAP","TOT","RT","A","1988",0.228,
"FIN","POVERTYGAP","TOT","RT","A","1989",0.209,
"FIN","POVERTYGAP","TOT","RT","A","1990",0.209,
"FIN","POVERTYGAP","TOT","RT","A","1991",0.238,
"FIN","POVERTYGAP","TOT","RT","A","1992",0.232,
"FIN","POVERTYGAP","TOT","RT","A","1993",0.258,
"FIN","POVERTYGAP","TOT","RT","A","1994",0.218,
"FIN","POVERTYGAP","TOT","RT","A","1995",0.218,
"FIN","POVERTYGAP","TOT","RT","A","1996",0.215,
"FIN","POVERTYGAP","TOT","RT","A","1997",0.224,
"FIN","POVERTYGAP","TOT","RT","A","1998",0.223,
"FIN","POVERTYGAP","TOT","RT","A","1999",0.222,
"FIN","POVERTYGAP","TOT","RT","A","2000",0.218,
"FIN","POVERTYGAP","TOT","RT","A","2001",0.221,
"FIN","POVERTYGAP","TOT","RT","A","2002",0.218,
"FIN","POVERTYGAP","TOT","RT","A","2003",0.229,
"FIN","POVERTYGAP","TOT","RT","A","2004",0.208,
"FIN","POVERTYGAP","TOT","RT","A","2005",0.209,
"FIN","POVERTYGAP","TOT","RT","A","2006",0.206,
"FIN","POVERTYGAP","TOT","RT","A","2007",0.206,
"FIN","POVERTYGAP","TOT","RT","A","2008",0.209,
"FIN","POVERTYGAP","TOT","RT","A","2009",0.208,
"FIN","POVERTYGAP","TOT","RT","A","2010",0.217,
"FIN","POVERTYGAP","TOT","RT","A","2011",0.208,
"FIN","POVERTYGAP","TOT","RT","A","2012",0.226,
"FIN","POVERTYGAP","TOT","RT","A","2013",0.21,
"FIN","POVERTYGAP","TOT","RT","A","2014",0.213,
"FIN","POVERTYGAP","TOT","RT","A","2015",0.223,
"FIN","POVERTYGAP","18_65","RT","A","1987",0.304,
"FIN","POVERTYGAP","18_65","RT","A","1988",0.274,
"FIN","POVERTYGAP","18_65","RT","A","1989",0.245,
"FIN","POVERTYGAP","18_65","RT","A","1990",0.248,
"FIN","POVERTYGAP","18_65","RT","A","1991",0.277,
"FIN","POVERTYGAP","18_65","RT","A","1992",0.268,
"FIN","POVERTYGAP","18_65","RT","A","1993",0.287,
"FIN","POVERTYGAP","18_65","RT","A","1994",0.232,
"FIN","POVERTYGAP","18_65","RT","A","1995",0.239,
"FIN","POVERTYGAP","18_65","RT","A","1996",0.24,
"FIN","POVERTYGAP","18_65","RT","A","1997",0.248,
"FIN","POVERTYGAP","18_65","RT","A","1998",0.252,
"FIN","POVERTYGAP","18_65","RT","A","1999",0.245,
"FIN","POVERTYGAP","18_65","RT","A","2000",0.242,
"FIN","POVERTYGAP","18_65","RT","A","2001",0.252,
"FIN","POVERTYGAP","18_65","RT","A","2002",0.252,
"FIN","POVERTYGAP","18_65","RT","A","2003",0.26,
"FIN","POVERTYGAP","18_65","RT","A","2004",0.239,
"FIN","POVERTYGAP","18_65","RT","A","2005",0.242,
"FIN","POVERTYGAP","18_65","RT","A","2006",0.237,
"FIN","POVERTYGAP","18_65","RT","A","2007",0.243,
"FIN","POVERTYGAP","18_65","RT","A","2008",0.246,
"FIN","POVERTYGAP","18_65","RT","A","2009",0.245,
"FIN","POVERTYGAP","18_65","RT","A","2010",0.253,
"FIN","POVERTYGAP","18_65","RT","A","2011",0.244,
"FIN","POVERTYGAP","18_65","RT","A","2012",0.265,
"FIN","POVERTYGAP","18_65","RT","A","2013",0.244,
"FIN","POVERTYGAP","18_65","RT","A","2014",0.244,
"FIN","POVERTYGAP","18_65","RT","A","2015",0.255,
"FRA","POVERTYGAP","TOT","RT","A","2012",0.261,
"FRA","POVERTYGAP","TOT","RT","A","2013",0.242,
"FRA","POVERTYGAP","TOT","RT","A","2014",0.277,
"FRA","POVERTYGAP","18_65","RT","A","2012",0.286,
"FRA","POVERTYGAP","18_65","RT","A","2013",0.267,
"FRA","POVERTYGAP","18_65","RT","A","2014",0.321,
"DEU","POVERTYGAP","TOT","RT","A","2008",0.237,
"DEU","POVERTYGAP","TOT","RT","A","2011",0.236,
"DEU","POVERTYGAP","TOT","RT","A","2012",0.218,
"DEU","POVERTYGAP","TOT","RT","A","2013",0.227,
"DEU","POVERTYGAP","TOT","RT","A","2014",0.257,
"DEU","POVERTYGAP","18_65","RT","A","2008",0.254,
"DEU","POVERTYGAP","18_65","RT","A","2011",0.256,
"DEU","POVERTYGAP","18_65","RT","A","2012",0.238,
"DEU","POVERTYGAP","18_65","RT","A","2013",0.242,
"DEU","POVERTYGAP","18_65","RT","A","2014",0.291,
"GRC","POVERTYGAP","TOT","RT","A","2004",0.308,
"GRC","POVERTYGAP","TOT","RT","A","2005",0.292,
"GRC","POVERTYGAP","TOT","RT","A","2006",0.316,
"GRC","POVERTYGAP","TOT","RT","A","2007",0.31,
"GRC","POVERTYGAP","TOT","RT","A","2008",0.297,
"GRC","POVERTYGAP","TOT","RT","A","2009",0.304,
"GRC","POVERTYGAP","TOT","RT","A","2010",0.343,
"GRC","POVERTYGAP","TOT","RT","A","2011",0.395,
"GRC","POVERTYGAP","TOT","RT","A","2012",0.387,
"GRC","POVERTYGAP","TOT","RT","A","2013",0.346,
"GRC","POVERTYGAP","TOT","RT","A","2014",0.39,
"GRC","POVERTYGAP","18_65","RT","A","2004",0.324,
"GRC","POVERTYGAP","18_65","RT","A","2005",0.299,
"GRC","POVERTYGAP","18_65","RT","A","2006",0.335,
"GRC","POVERTYGAP","18_65","RT","A","2007",0.331,
"GRC","POVERTYGAP","18_65","RT","A","2008",0.327,
"GRC","POVERTYGAP","18_65","RT","A","2009",0.319,
"GRC","POVERTYGAP","18_65","RT","A","2010",0.361,
"GRC","POVERTYGAP","18_65","RT","A","2011",0.414,
"GRC","POVERTYGAP","18_65","RT","A","2012",0.396,
"GRC","POVERTYGAP","18_65","RT","A","2013",0.359,
"GRC","POVERTYGAP","18_65","RT","A","2014",0.413,
"HUN","POVERTYGAP","TOT","RT","A","2007",0.257,
"HUN","POVERTYGAP","TOT","RT","A","2009",0.269,
"HUN","POVERTYGAP","TOT","RT","A","2012",0.309,
"HUN","POVERTYGAP","TOT","RT","A","2014",0.292,
"HUN","POVERTYGAP","18_65","RT","A","2007",0.276,
"HUN","POVERTYGAP","18_65","RT","A","2009",0.283,
"HUN","POVERTYGAP","18_65","RT","A","2012",0.328,
"HUN","POVERTYGAP","18_65","RT","A","2014",0.315,
"ISL","POVERTYGAP","TOT","RT","A","2004",0.306,
"ISL","POVERTYGAP","TOT","RT","A","2005",0.306,
"ISL","POVERTYGAP","TOT","RT","A","2006",0.28,
"ISL","POVERTYGAP","TOT","RT","A","2007",0.247,
"ISL","POVERTYGAP","TOT","RT","A","2008",0.281,
"ISL","POVERTYGAP","TOT","RT","A","2009",0.3,
"ISL","POVERTYGAP","TOT","RT","A","2010",0.296,
"ISL","POVERTYGAP","TOT","RT","A","2011",0.337,
"ISL","POVERTYGAP","TOT","RT","A","2012",0.281,
"ISL","POVERTYGAP","TOT","RT","A","2013",0.305,
"ISL","POVERTYGAP","TOT","RT","A","2014",0.34,
"ISL","POVERTYGAP","18_65","RT","A","2004",0.318,
"ISL","POVERTYGAP","18_65","RT","A","2005",0.32,
"ISL","POVERTYGAP","18_65","RT","A","2006",0.308,
"ISL","POVERTYGAP","18_65","RT","A","2007",0.288,
"ISL","POVERTYGAP","18_65","RT","A","2008",0.319,
"ISL","POVERTYGAP","18_65","RT","A","2009",0.316,
"ISL","POVERTYGAP","18_65","RT","A","2010",0.308,
"ISL","POVERTYGAP","18_65","RT","A","2011",0.384,
"ISL","POVERTYGAP","18_65","RT","A","2012",0.293,
"ISL","POVERTYGAP","18_65","RT","A","2013",0.32,
"ISL","POVERTYGAP","18_65","RT","A","2014",0.339,
"IRL","POVERTYGAP","TOT","RT","A","2004",0.203,
"IRL","POVERTYGAP","TOT","RT","A","2005",0.187,
"IRL","POVERTYGAP","TOT","RT","A","2006",0.218,
"IRL","POVERTYGAP","TOT","RT","A","2007",0.21,
"IRL","POVERTYGAP","TOT","RT","A","2008",0.228,
"IRL","POVERTYGAP","TOT","RT","A","2009",0.297,
"IRL","POVERTYGAP","TOT","RT","A","2010",0.326,
"IRL","POVERTYGAP","TOT","RT","A","2011",0.294,
"IRL","POVERTYGAP","TOT","RT","A","2012",0.277,
"IRL","POVERTYGAP","TOT","RT","A","2013",0.304,
"IRL","POVERTYGAP","TOT","RT","A","2014",0.256,
"IRL","POVERTYGAP","18_65","RT","A","2004",0.222,
"IRL","POVERTYGAP","18_65","RT","A","2005",0.211,
"IRL","POVERTYGAP","18_65","RT","A","2006",0.257,
"IRL","POVERTYGAP","18_65","RT","A","2007",0.213,
"IRL","POVERTYGAP","18_65","RT","A","2008",0.24,
"IRL","POVERTYGAP","18_65","RT","A","2009",0.325,
"IRL","POVERTYGAP","18_65","RT","A","2010",0.343,
"IRL","POVERTYGAP","18_65","RT","A","2011",0.324,
"IRL","POVERTYGAP","18_65","RT","A","2012",0.295,
"IRL","POVERTYGAP","18_65","RT","A","2013",0.312,
"IRL","POVERTYGAP","18_65","RT","A","2014",0.265,
"ITA","POVERTYGAP","TOT","RT","A","2004",0.332,
"ITA","POVERTYGAP","TOT","RT","A","2005",0.337,
"ITA","POVERTYGAP","TOT","RT","A","2006",0.333,
"ITA","POVERTYGAP","TOT","RT","A","2007",0.332,
"ITA","POVERTYGAP","TOT","RT","A","2008",0.333,
"ITA","POVERTYGAP","TOT","RT","A","2009",0.342,
"ITA","POVERTYGAP","TOT","RT","A","2010",0.377,
"ITA","POVERTYGAP","TOT","RT","A","2011",0.369,
"ITA","POVERTYGAP","TOT","RT","A","2012",0.401,
"ITA","POVERTYGAP","TOT","RT","A","2013",0.399,
"ITA","POVERTYGAP","TOT","RT","A","2014",0.397,
"ITA","POVERTYGAP","18_65","RT","A","2004",0.363,
"ITA","POVERTYGAP","18_65","RT","A","2005",0.373,
"ITA","POVERTYGAP","18_65","RT","A","2006",0.365,
"ITA","POVERTYGAP","18_65","RT","A","2007",0.368,
"ITA","POVERTYGAP","18_65","RT","A","2008",0.367,
"ITA","POVERTYGAP","18_65","RT","A","2009",0.373,
"ITA","POVERTYGAP","18_65","RT","A","2010",0.416,
"ITA","POVERTYGAP","18_65","RT","A","2011",0.403,
"ITA","POVERTYGAP","18_65","RT","A","2012",0.431,
"ITA","POVERTYGAP","18_65","RT","A","2013",0.424,
"ITA","POVERTYGAP","18_65","RT","A","2014",0.428,
"JPN","POVERTYGAP","TOT","RT","A","2009",0.332,
"JPN","POVERTYGAP","TOT","RT","A","2012",0.339,
"JPN","POVERTYGAP","18_65","RT","A","2009",0.34,
"JPN","POVERTYGAP","18_65","RT","A","2012",0.354,
"KOR","POVERTYGAP","TOT","RT","A","2012",0.392,
"KOR","POVERTYGAP","TOT","RT","A","2013",0.394,
"KOR","POVERTYGAP","TOT","RT","A","2014",0.387,
"KOR","POVERTYGAP","TOT","RT","A","2015",0.368,
"KOR","POVERTYGAP","18_65","RT","A","2012",0.349,
"KOR","POVERTYGAP","18_65","RT","A","2013",0.35,
"KOR","POVERTYGAP","18_65","RT","A","2014",0.364,
"KOR","POVERTYGAP","18_65","RT","A","2015",0.347,
"LUX","POVERTYGAP","TOT","RT","A","2004",0.217,
"LUX","POVERTYGAP","TOT","RT","A","2005",0.244,
"LUX","POVERTYGAP","TOT","RT","A","2006",0.205,
"LUX","POVERTYGAP","TOT","RT","A","2007",0.22,
"LUX","POVERTYGAP","TOT","RT","A","2008",0.205,
"LUX","POVERTYGAP","TOT","RT","A","2009",0.183,
"LUX","POVERTYGAP","TOT","RT","A","2010",0.234,
"LUX","POVERTYGAP","TOT","RT","A","2011",0.205,
"LUX","POVERTYGAP","TOT","RT","A","2012",0.243,
"LUX","POVERTYGAP","TOT","RT","A","2013",0.261,
"LUX","POVERTYGAP","TOT","RT","A","2014",0.245,
"LUX","POVERTYGAP","18_65","RT","A","2004",0.235,
"LUX","POVERTYGAP","18_65","RT","A","2005",0.258,
"LUX","POVERTYGAP","18_65","RT","A","2006",0.219,
"LUX","POVERTYGAP","18_65","RT","A","2007",0.236,
"LUX","POVERTYGAP","18_65","RT","A","2008",0.216,
"LUX","POVERTYGAP","18_65","RT","A","2009",0.186,
"LUX","POVERTYGAP","18_65","RT","A","2010",0.252,
"LUX","POVERTYGAP","18_65","RT","A","2011",0.206,
"LUX","POVERTYGAP","18_65","RT","A","2012",0.253,
"LUX","POVERTYGAP","18_65","RT","A","2013",0.264,
"LUX","POVERTYGAP","18_65","RT","A","2014",0.267,
"MEX","POVERTYGAP","TOT","RT","A","2012",0.384,
"MEX","POVERTYGAP","TOT","RT","A","2014",0.334,
"MEX","POVERTYGAP","18_65","RT","A","2012",0.397,
"MEX","POVERTYGAP","18_65","RT","A","2014",0.334,
"NLD","POVERTYGAP","TOT","RT","A","2013",0.308,"P"
"NLD","POVERTYGAP","TOT","RT","A","2014",0.304,"P"
"NLD","POVERTYGAP","TOT","RT","A","2015",0.309,"P"
"NLD","POVERTYGAP","18_65","RT","A","2013",0.343,"P"
"NLD","POVERTYGAP","18_65","RT","A","2014",0.344,"P"
"NLD","POVERTYGAP","18_65","RT","A","2015",0.348,"P"
"NZL","POVERTYGAP","TOT","RT","A","2011",0.258,
"NZL","POVERTYGAP","TOT","RT","A","2012",0.233,
"NZL","POVERTYGAP","TOT","RT","A","2014",0.262,
"NZL","POVERTYGAP","18_65","RT","A","2011",0.294,
"NZL","POVERTYGAP","18_65","RT","A","2012",0.267,
"NZL","POVERTYGAP","18_65","RT","A","2014",0.307,
"NOR","POVERTYGAP","TOT","RT","A","2004",0.317,
"NOR","POVERTYGAP","TOT","RT","A","2008",0.336,
"NOR","POVERTYGAP","TOT","RT","A","2009",0.362,
"NOR","POVERTYGAP","TOT","RT","A","2010",0.367,
"NOR","POVERTYGAP","TOT","RT","A","2011",0.369,
"NOR","POVERTYGAP","TOT","RT","A","2012",0.368,
"NOR","POVERTYGAP","TOT","RT","A","2013",0.356,
"NOR","POVERTYGAP","TOT","RT","A","2014",0.353,
"NOR","POVERTYGAP","18_65","RT","A","2004",0.375,
"NOR","POVERTYGAP","18_65","RT","A","2008",0.392,
"NOR","POVERTYGAP","18_65","RT","A","2009",0.415,
"NOR","POVERTYGAP","18_65","RT","A","2010",0.416,
"NOR","POVERTYGAP","18_65","RT","A","2011",0.415,
"NOR","POVERTYGAP","18_65","RT","A","2012",0.415,
"NOR","POVERTYGAP","18_65","RT","A","2013",0.404,
"NOR","POVERTYGAP","18_65","RT","A","2014",0.401,
"POL","POVERTYGAP","TOT","RT","A","2004",0.451,
"POL","POVERTYGAP","TOT","RT","A","2005",0.295,
"POL","POVERTYGAP","TOT","RT","A","2006",0.273,
"POL","POVERTYGAP","TOT","RT","A","2007",0.278,
"POL","POVERTYGAP","TOT","RT","A","2008",0.248,
"POL","POVERTYGAP","TOT","RT","A","2009",0.266,
"POL","POVERTYGAP","TOT","RT","A","2010",0.28,
"POL","POVERTYGAP","TOT","RT","A","2011",0.271,
"POL","POVERTYGAP","TOT","RT","A","2012",0.271,
"POL","POVERTYGAP","TOT","RT","A","2013",0.271,
"POL","POVERTYGAP","TOT","RT","A","2014",0.293,
"POL","POVERTYGAP","18_65","RT","A","2004",0.411,
"POL","POVERTYGAP","18_65","RT","A","2005",0.3,
"POL","POVERTYGAP","18_65","RT","A","2006",0.279,
"POL","POVERTYGAP","18_65","RT","A","2007",0.29,
"POL","POVERTYGAP","18_65","RT","A","2008",0.26,
"POL","POVERTYGAP","18_65","RT","A","2009",0.28,
"POL","POVERTYGAP","18_65","RT","A","2010",0.298,
"POL","POVERTYGAP","18_65","RT","A","2011",0.286,
"POL","POVERTYGAP","18_65","RT","A","2012",0.286,
"POL","POVERTYGAP","18_65","RT","A","2013",0.284,
"POL","POVERTYGAP","18_65","RT","A","2014",0.309,
"PRT","POVERTYGAP","TOT","RT","A","2004",0.29,
"PRT","POVERTYGAP","TOT","RT","A","2005",0.293,
"PRT","POVERTYGAP","TOT","RT","A","2006",0.265,
"PRT","POVERTYGAP","TOT","RT","A","2007",0.258,
"PRT","POVERTYGAP","TOT","RT","A","2008",0.27,
"PRT","POVERTYGAP","TOT","RT","A","2009",0.258,
"PRT","POVERTYGAP","TOT","RT","A","2010",0.246,
"PRT","POVERTYGAP","TOT","RT","A","2011",0.287,
"PRT","POVERTYGAP","TOT","RT","A","2012",0.309,
"PRT","POVERTYGAP","TOT","RT","A","2013",0.327,
"PRT","POVERTYGAP","TOT","RT","A","2014",0.299,
"PRT","POVERTYGAP","18_65","RT","A","2004",0.312,
"PRT","POVERTYGAP","18_65","RT","A","2005",0.311,
"PRT","POVERTYGAP","18_65","RT","A","2006",0.269,
"PRT","POVERTYGAP","18_65","RT","A","2007",0.261,
"PRT","POVERTYGAP","18_65","RT","A","2008",0.276,
"PRT","POVERTYGAP","18_65","RT","A","2009",0.266,
"PRT","POVERTYGAP","18_65","RT","A","2010",0.257,
"PRT","POVERTYGAP","18_65","RT","A","2011",0.305,
"PRT","POVERTYGAP","18_65","RT","A","2012",0.321,
"PRT","POVERTYGAP","18_65","RT","A","2013",0.343,
"PRT","POVERTYGAP","18_65","RT","A","2014",0.317,
"SVK","POVERTYGAP","TOT","RT","A","2004",0.251,
"SVK","POVERTYGAP","TOT","RT","A","2005",0.261,
"SVK","POVERTYGAP","TOT","RT","A","2006",0.278,
"SVK","POVERTYGAP","TOT","RT","A","2007",0.267,
"SVK","POVERTYGAP","TOT","RT","A","2008",0.291,
"SVK","POVERTYGAP","TOT","RT","A","2009",0.313,
"SVK","POVERTYGAP","TOT","RT","A","2010",0.312,
"SVK","POVERTYGAP","TOT","RT","A","2011",0.299,
"SVK","POVERTYGAP","TOT","RT","A","2012",0.301,
"SVK","POVERTYGAP","TOT","RT","A","2013",0.336,
"SVK","POVERTYGAP","TOT","RT","A","2014",0.346,
"SVK","POVERTYGAP","18_65","RT","A","2004",0.262,
"SVK","POVERTYGAP","18_65","RT","A","2005",0.269,
"SVK","POVERTYGAP","18_65","RT","A","2006",0.292,
"SVK","POVERTYGAP","18_65","RT","A","2007",0.292,
"SVK","POVERTYGAP","18_65","RT","A","2008",0.31,
"SVK","POVERTYGAP","18_65","RT","A","2009",0.323,
"SVK","POVERTYGAP","18_65","RT","A","2010",0.328,
"SVK","POVERTYGAP","18_65","RT","A","2011",0.312,
"SVK","POVERTYGAP","18_65","RT","A","2012",0.31,
"SVK","POVERTYGAP","18_65","RT","A","2013",0.353,
"SVK","POVERTYGAP","18_65","RT","A","2014",0.363,
"ESP","POVERTYGAP","TOT","RT","A","2007",0.3,
"ESP","POVERTYGAP","TOT","RT","A","2008",0.32,
"ESP","POVERTYGAP","TOT","RT","A","2009",0.347,
"ESP","POVERTYGAP","TOT","RT","A","2010",0.353,
"ESP","POVERTYGAP","TOT","RT","A","2011",0.379,
"ESP","POVERTYGAP","TOT","RT","A","2012",0.386,
"ESP","POVERTYGAP","TOT","RT","A","2013",0.38,
"ESP","POVERTYGAP","TOT","RT","A","2014",0.404,
"ESP","POVERTYGAP","18_65","RT","A","2007",0.32,
"ESP","POVERTYGAP","18_65","RT","A","2008",0.351,
"ESP","POVERTYGAP","18_65","RT","A","2009",0.375,
"ESP","POVERTYGAP","18_65","RT","A","2010",0.37,
"ESP","POVERTYGAP","18_65","RT","A","2011",0.395,
"ESP","POVERTYGAP","18_65","RT","A","2012",0.391,
"ESP","POVERTYGAP","18_65","RT","A","2013",0.385,
"ESP","POVERTYGAP","18_65","RT","A","2014",0.411,
"SWE","POVERTYGAP","TOT","RT","A","2013",0.246,
"SWE","POVERTYGAP","TOT","RT","A","2014",0.239,
"SWE","POVERTYGAP","18_65","RT","A","2013",0.284,
"SWE","POVERTYGAP","18_65","RT","A","2014",0.279,
"CHE","POVERTYGAP","TOT","RT","A","2013",0.243,
"CHE","POVERTYGAP","TOT","RT","A","2014",0.24,
"CHE","POVERTYGAP","18_65","RT","A","2013",0.268,
"CHE","POVERTYGAP","18_65","RT","A","2014",0.254,
"TUR","POVERTYGAP","TOT","RT","A","2011",0.308,
"TUR","POVERTYGAP","TOT","RT","A","2012",0.302,
"TUR","POVERTYGAP","TOT","RT","A","2013",0.294,
"TUR","POVERTYGAP","TOT","RT","A","2014",0.306,
"TUR","POVERTYGAP","18_65","RT","A","2011",0.293,
"TUR","POVERTYGAP","18_65","RT","A","2012",0.289,
"TUR","POVERTYGAP","18_65","RT","A","2013",0.28,
"TUR","POVERTYGAP","18_65","RT","A","2014",0.294,
"GBR","POVERTYGAP","TOT","RT","A","2002",0.284,
"GBR","POVERTYGAP","TOT","RT","A","2003",0.293,
"GBR","POVERTYGAP","TOT","RT","A","2004",0.294,
"GBR","POVERTYGAP","TOT","RT","A","2005",0.296,
"GBR","POVERTYGAP","TOT","RT","A","2006",0.311,
"GBR","POVERTYGAP","TOT","RT","A","2007",0.306,
"GBR","POVERTYGAP","TOT","RT","A","2008",0.324,
"GBR","POVERTYGAP","TOT","RT","A","2009",0.325,
"GBR","POVERTYGAP","TOT","RT","A","2010",0.316,
"GBR","POVERTYGAP","TOT","RT","A","2011",0.302,
"GBR","POVERTYGAP","TOT","RT","A","2012",0.332,
"GBR","POVERTYGAP","TOT","RT","A","2013",0.306,
"GBR","POVERTYGAP","TOT","RT","A","2014",0.316,
"GBR","POVERTYGAP","TOT","RT","A","2015",0.322,
"GBR","POVERTYGAP","18_65","RT","A","2002",0.333,
"GBR","POVERTYGAP","18_65","RT","A","2003",0.338,
"GBR","POVERTYGAP","18_65","RT","A","2004",0.343,
"GBR","POVERTYGAP","18_65","RT","A","2005",0.337,
"GBR","POVERTYGAP","18_65","RT","A","2006",0.346,
"GBR","POVERTYGAP","18_65","RT","A","2007",0.347,
"GBR","POVERTYGAP","18_65","RT","A","2008",0.373,
"GBR","POVERTYGAP","18_65","RT","A","2009",0.362,
"GBR","POVERTYGAP","18_65","RT","A","2010",0.349,
"GBR","POVERTYGAP","18_65","RT","A","2011",0.333,
"GBR","POVERTYGAP","18_65","RT","A","2012",0.365,
"GBR","POVERTYGAP","18_65","RT","A","2013",0.342,
"GBR","POVERTYGAP","18_65","RT","A","2014",0.35,
"GBR","POVERTYGAP","18_65","RT","A","2015",0.361,
"USA","POVERTYGAP","TOT","RT","A","2013",0.402,
"USA","POVERTYGAP","TOT","RT","A","2014",0.405,
"USA","POVERTYGAP","TOT","RT","A","2015",0.4,
"USA","POVERTYGAP","18_65","RT","A","2013",0.414,
"USA","POVERTYGAP","18_65","RT","A","2014",0.423,
"USA","POVERTYGAP","18_65","RT","A","2015",0.42,
"CHL","POVERTYGAP","TOT","RT","A","2009",0.339,
"CHL","POVERTYGAP","TOT","RT","A","2011",0.317,
"CHL","POVERTYGAP","TOT","RT","A","2013",0.315,
"CHL","POVERTYGAP","TOT","RT","A","2015",0.31,
"CHL","POVERTYGAP","18_65","RT","A","2009",0.344,
"CHL","POVERTYGAP","18_65","RT","A","2011",0.315,
"CHL","POVERTYGAP","18_65","RT","A","2013",0.319,
"CHL","POVERTYGAP","18_65","RT","A","2015",0.314,
"EST","POVERTYGAP","TOT","RT","A","2013",0.297,
"EST","POVERTYGAP","TOT","RT","A","2014",0.285,
"EST","POVERTYGAP","18_65","RT","A","2013",0.357,
"EST","POVERTYGAP","18_65","RT","A","2014",0.356,
"ISR","POVERTYGAP","TOT","RT","A","2011",0.334,
"ISR","POVERTYGAP","TOT","RT","A","2012",0.352,
"ISR","POVERTYGAP","TOT","RT","A","2013",0.384,
"ISR","POVERTYGAP","TOT","RT","A","2014",0.352,
"ISR","POVERTYGAP","TOT","RT","A","2015",0.321,
"ISR","POVERTYGAP","18_65","RT","A","2011",0.359,
"ISR","POVERTYGAP","18_65","RT","A","2012",0.366,
"ISR","POVERTYGAP","18_65","RT","A","2013",0.384,
"ISR","POVERTYGAP","18_65","RT","A","2014",0.355,
"ISR","POVERTYGAP","18_65","RT","A","2015",0.333,
"RUS","POVERTYGAP","TOT","RT","A","2011",0.313,
"SVN","POVERTYGAP","TOT","RT","A","2004",0.239,
"SVN","POVERTYGAP","TOT","RT","A","2005",0.247,
"SVN","POVERTYGAP","TOT","RT","A","2006",0.229,
"SVN","POVERTYGAP","TOT","RT","A","2007",0.238,
"SVN","POVERTYGAP","TOT","RT","A","2008",0.23,
"SVN","POVERTYGAP","TOT","RT","A","2009",0.226,
"SVN","POVERTYGAP","TOT","RT","A","2010",0.225,
"SVN","POVERTYGAP","TOT","RT","A","2011",0.234,
"SVN","POVERTYGAP","TOT","RT","A","2012",0.225,
"SVN","POVERTYGAP","TOT","RT","A","2013",0.238,
"SVN","POVERTYGAP","TOT","RT","A","2014",0.233,
"SVN","POVERTYGAP","18_65","RT","A","2004",0.264,
"SVN","POVERTYGAP","18_65","RT","A","2005",0.27,
"SVN","POVERTYGAP","18_65","RT","A","2006",0.244,
"SVN","POVERTYGAP","18_65","RT","A","2007",0.263,
"SVN","POVERTYGAP","18_65","RT","A","2008",0.246,
"SVN","POVERTYGAP","18_65","RT","A","2009",0.237,
"SVN","POVERTYGAP","18_65","RT","A","2010",0.25,
"SVN","POVERTYGAP","18_65","RT","A","2011",0.259,
"SVN","POVERTYGAP","18_65","RT","A","2012",0.247,
"SVN","POVERTYGAP","18_65","RT","A","2013",0.256,
"SVN","POVERTYGAP","18_65","RT","A","2014",0.254,
"LVA","POVERTYGAP","TOT","RT","A","2004",0.36,
"LVA","POVERTYGAP","TOT","RT","A","2005",0.329,
"LVA","POVERTYGAP","TOT","RT","A","2006",0.315,
"LVA","POVERTYGAP","TOT","RT","A","2007",0.304,
"LVA","POVERTYGAP","TOT","RT","A","2008",0.313,
"LVA","POVERTYGAP","TOT","RT","A","2009",0.348,
"LVA","POVERTYGAP","TOT","RT","A","2010",0.34,
"LVA","POVERTYGAP","TOT","RT","A","2011",0.33,
"LVA","POVERTYGAP","TOT","RT","A","2012",0.319,
"LVA","POVERTYGAP","TOT","RT","A","2013",0.311,
"LVA","POVERTYGAP","TOT","RT","A","2014",0.287,
"LVA","POVERTYGAP","18_65","RT","A","2004",0.389,
"LVA","POVERTYGAP","18_65","RT","A","2005",0.375,
"LVA","POVERTYGAP","18_65","RT","A","2006",0.363,
"LVA","POVERTYGAP","18_65","RT","A","2007",0.345,
"LVA","POVERTYGAP","18_65","RT","A","2008",0.367,
"LVA","POVERTYGAP","18_65","RT","A","2009",0.386,
"LVA","POVERTYGAP","18_65","RT","A","2010",0.36,
"LVA","POVERTYGAP","18_65","RT","A","2011",0.359,
"LVA","POVERTYGAP","18_65","RT","A","2012",0.361,
"LVA","POVERTYGAP","18_65","RT","A","2013",0.375,
"LVA","POVERTYGAP","18_65","RT","A","2014",0.344,
"LTU","POVERTYGAP","TOT","RT","A","2004",0.319,
"LTU","POVERTYGAP","TOT","RT","A","2005",0.327,
"LTU","POVERTYGAP","TOT","RT","A","2006",0.296,
"LTU","POVERTYGAP","TOT","RT","A","2007",0.3,
"LTU","POVERTYGAP","TOT","RT","A","2008",0.288,
"LTU","POVERTYGAP","TOT","RT","A","2009",0.375,
"LTU","POVERTYGAP","TOT","RT","A","2010",0.349,
"LTU","POVERTYGAP","TOT","RT","A","2011",0.285,
"LTU","POVERTYGAP","TOT","RT","A","2012",0.279,
"LTU","POVERTYGAP","TOT","RT","A","2013",0.305,
"LTU","POVERTYGAP","TOT","RT","A","2014",0.323,
"LTU","POVERTYGAP","18_65","RT","A","2004",0.349,
"LTU","POVERTYGAP","18_65","RT","A","2005",0.367,
"LTU","POVERTYGAP","18_65","RT","A","2006",0.344,
"LTU","POVERTYGAP","18_65","RT","A","2007",0.344,
"LTU","POVERTYGAP","18_65","RT","A","2008",0.333,
"LTU","POVERTYGAP","18_65","RT","A","2009",0.388,
"LTU","POVERTYGAP","18_65","RT","A","2010",0.355,
"LTU","POVERTYGAP","18_65","RT","A","2011",0.32,
"LTU","POVERTYGAP","18_65","RT","A","2012",0.316,
"LTU","POVERTYGAP","18_65","RT","A","2013",0.337,
"LTU","POVERTYGAP","18_65","RT","A","2014",0.368,
"AUS","POVERTYGAP","66MORE","RT","A","2012",0.179,
"AUS","POVERTYGAP","66MORE","RT","A","2014",0.19,
"AUT","POVERTYGAP","66MORE","RT","A","2007",0.286,
"AUT","POVERTYGAP","66MORE","RT","A","2008",0.271,
"AUT","POVERTYGAP","66MORE","RT","A","2009",0.307,
"AUT","POVERTYGAP","66MORE","RT","A","2010",0.317,
"AUT","POVERTYGAP","66MORE","RT","A","2011",0.316,
"AUT","POVERTYGAP","66MORE","RT","A","2012",0.347,
"AUT","POVERTYGAP","66MORE","RT","A","2013",0.294,
"AUT","POVERTYGAP","66MORE","RT","A","2014",0.262,
"BEL","POVERTYGAP","66MORE","RT","A","2004",0.152,
"BEL","POVERTYGAP","66MORE","RT","A","2005",0.166,
"BEL","POVERTYGAP","66MORE","RT","A","2006",0.197,
"BEL","POVERTYGAP","66MORE","RT","A","2007",0.175,
"BEL","POVERTYGAP","66MORE","RT","A","2008",0.151,
"BEL","POVERTYGAP","66MORE","RT","A","2009",0.187,
"BEL","POVERTYGAP","66MORE","RT","A","2010",0.161,
"BEL","POVERTYGAP","66MORE","RT","A","2011",0.301,
"BEL","POVERTYGAP","66MORE","RT","A","2012",0.169,
"BEL","POVERTYGAP","66MORE","RT","A","2013",0.173,
"BEL","POVERTYGAP","66MORE","RT","A","2014",0.178,
"CAN","POVERTYGAP","66MORE","RT","A","1976",0.25,
"CAN","POVERTYGAP","66MORE","RT","A","1977",0.279,
"CAN","POVERTYGAP","66MORE","RT","A","1978",0.269,
"CAN","POVERTYGAP","66MORE","RT","A","1979",0.229,
"CAN","POVERTYGAP","66MORE","RT","A","1980",0.193,
"CAN","POVERTYGAP","66MORE","RT","A","1981",0.183,
"CAN","POVERTYGAP","66MORE","RT","A","1982",0.148,
"CAN","POVERTYGAP","66MORE","RT","A","1983",0.155,
"CAN","POVERTYGAP","66MORE","RT","A","1984",0.153,
"CAN","POVERTYGAP","66MORE","RT","A","1985",0.173,
"CAN","POVERTYGAP","66MORE","RT","A","1986",0.164,
"CAN","POVERTYGAP","66MORE","RT","A","1987",0.168,
"CAN","POVERTYGAP","66MORE","RT","A","1988",0.156,
"CAN","POVERTYGAP","66MORE","RT","A","1989",0.117,
"CAN","POVERTYGAP","66MORE","RT","A","1990",0.141,
"CAN","POVERTYGAP","66MORE","RT","A","1991",0.124,
"CAN","POVERTYGAP","66MORE","RT","A","1992",0.118,
"CAN","POVERTYGAP","66MORE","RT","A","1993",0.146,
"CAN","POVERTYGAP","66MORE","RT","A","1994",0.134,
"CAN","POVERTYGAP","66MORE","RT","A","1995",0.104,
"CAN","POVERTYGAP","66MORE","RT","A","1996",0.144,
"CAN","POVERTYGAP","66MORE","RT","A","1997",0.163,
"CAN","POVERTYGAP","66MORE","RT","A","1998",0.148,
"CAN","POVERTYGAP","66MORE","RT","A","1999",0.114,
"CAN","POVERTYGAP","66MORE","RT","A","2000",0.14,
"CAN","POVERTYGAP","66MORE","RT","A","2001",0.147,
"CAN","POVERTYGAP","66MORE","RT","A","2002",0.141,
"CAN","POVERTYGAP","66MORE","RT","A","2003",0.161,
"CAN","POVERTYGAP","66MORE","RT","A","2004",0.135,
"CAN","POVERTYGAP","66MORE","RT","A","2005",0.117,
"CAN","POVERTYGAP","66MORE","RT","A","2006",0.144,
"CAN","POVERTYGAP","66MORE","RT","A","2007",0.121,
"CAN","POVERTYGAP","66MORE","RT","A","2008",0.126,
"CAN","POVERTYGAP","66MORE","RT","A","2009",0.142,
"CAN","POVERTYGAP","66MORE","RT","A","2010",0.141,
"CAN","POVERTYGAP","66MORE","RT","A","2011",0.143,
"CAN","POVERTYGAP","66MORE","RT","A","2012",0.117,
"CAN","POVERTYGAP","66MORE","RT","A","2013",0.122,
"CAN","POVERTYGAP","66MORE","RT","A","2014",0.122,
"CZE","POVERTYGAP","66MORE","RT","A","2004",0.123,
"CZE","POVERTYGAP","66MORE","RT","A","2005",0.113,
"CZE","POVERTYGAP","66MORE","RT","A","2006",0.101,
"CZE","POVERTYGAP","66MORE","RT","A","2007",0.108,
"CZE","POVERTYGAP","66MORE","RT","A","2008",0.084,
"CZE","POVERTYGAP","66MORE","RT","A","2009",0.088,
"CZE","POVERTYGAP","66MORE","RT","A","2010",0.105,
"CZE","POVERTYGAP","66MORE","RT","A","2011",0.104,
"CZE","POVERTYGAP","66MORE","RT","A","2012",0.093,
"CZE","POVERTYGAP","66MORE","RT","A","2013",0.134,
"CZE","POVERTYGAP","66MORE","RT","A","2014",0.08,
"DNK","POVERTYGAP","66MORE","RT","A","2011",0.09,
"DNK","POVERTYGAP","66MORE","RT","A","2012",0.095,
"DNK","POVERTYGAP","66MORE","RT","A","2013",0.099,
"DNK","POVERTYGAP","66MORE","RT","A","2014",0.111,
"FIN","POVERTYGAP","66MORE","RT","A","1987",0.135,
"FIN","POVERTYGAP","66MORE","RT","A","1988",0.117,
"FIN","POVERTYGAP","66MORE","RT","A","1989",0.134,
"FIN","POVERTYGAP","66MORE","RT","A","1990",0.146,
"FIN","POVERTYGAP","66MORE","RT","A","1991",0.138,
"FIN","POVERTYGAP","66MORE","RT","A","1992",0.133,
"FIN","POVERTYGAP","66MORE","RT","A","1993",0.115,
"FIN","POVERTYGAP","66MORE","RT","A","1994",0.12,
"FIN","POVERTYGAP","66MORE","RT","A","1995",0.115,
"FIN","POVERTYGAP","66MORE","RT","A","1996",0.118,
"FIN","POVERTYGAP","66MORE","RT","A","1997",0.129,
"FIN","POVERTYGAP","66MORE","RT","A","1998",0.119,
"FIN","POVERTYGAP","66MORE","RT","A","1999",0.14,
"FIN","POVERTYGAP","66MORE","RT","A","2000",0.139,
"FIN","POVERTYGAP","66MORE","RT","A","2001",0.124,
"FIN","POVERTYGAP","66MORE","RT","A","2002",0.106,
"FIN","POVERTYGAP","66MORE","RT","A","2003",0.139,
"FIN","POVERTYGAP","66MORE","RT","A","2004",0.117,
"FIN","POVERTYGAP","66MORE","RT","A","2005",0.124,
"FIN","POVERTYGAP","66MORE","RT","A","2006",0.114,
"FIN","POVERTYGAP","66MORE","RT","A","2007",0.11,
"FIN","POVERTYGAP","66MORE","RT","A","2008",0.101,
"FIN","POVERTYGAP","66MORE","RT","A","2009",0.103,
"FIN","POVERTYGAP","66MORE","RT","A","2010",0.119,
"FIN","POVERTYGAP","66MORE","RT","A","2011",0.111,
"FIN","POVERTYGAP","66MORE","RT","A","2012",0.117,
"FIN","POVERTYGAP","66MORE","RT","A","2013",0.114,
"FIN","POVERTYGAP","66MORE","RT","A","2014",0.101,
"FIN","POVERTYGAP","66MORE","RT","A","2015",0.091,
"FRA","POVERTYGAP","66MORE","RT","A","2012",0.212,
"FRA","POVERTYGAP","66MORE","RT","A","2013",0.158,
"FRA","POVERTYGAP","66MORE","RT","A","2014",0.175,
"DEU","POVERTYGAP","66MORE","RT","A","2008",0.198,
"DEU","POVERTYGAP","66MORE","RT","A","2011",0.195,
"DEU","POVERTYGAP","66MORE","RT","A","2012",0.185,
"DEU","POVERTYGAP","66MORE","RT","A","2013",0.187,
"DEU","POVERTYGAP","66MORE","RT","A","2014",0.202,
"GRC","POVERTYGAP","66MORE","RT","A","2004",0.24,
"GRC","POVERTYGAP","66MORE","RT","A","2005",0.235,
"GRC","POVERTYGAP","66MORE","RT","A","2006",0.233,
"GRC","POVERTYGAP","66MORE","RT","A","2007",0.219,
"GRC","POVERTYGAP","66MORE","RT","A","2008",0.188,
"GRC","POVERTYGAP","66MORE","RT","A","2009",0.198,
"GRC","POVERTYGAP","66MORE","RT","A","2010",0.208,
"GRC","POVERTYGAP","66MORE","RT","A","2011",0.235,
"GRC","POVERTYGAP","66MORE","RT","A","2012",0.2,
"GRC","POVERTYGAP","66MORE","RT","A","2013",0.238,
"GRC","POVERTYGAP","66MORE","RT","A","2014",0.229,
"HUN","POVERTYGAP","66MORE","RT","A","2007",0.159,
"HUN","POVERTYGAP","66MORE","RT","A","2009",0.204,
"HUN","POVERTYGAP","66MORE","RT","A","2012",0.226,
"HUN","POVERTYGAP","66MORE","RT","A","2014",0.191,
"ISL","POVERTYGAP","66MORE","RT","A","2004",0.16,
"ISL","POVERTYGAP","66MORE","RT","A","2005",0.166,
"ISL","POVERTYGAP","66MORE","RT","A","2006",0.176,
"ISL","POVERTYGAP","66MORE","RT","A","2007",0.165,
"ISL","POVERTYGAP","66MORE","RT","A","2008",0.182,
"ISL","POVERTYGAP","66MORE","RT","A","2009",0.325,
"ISL","POVERTYGAP","66MORE","RT","A","2010",0.315,
"ISL","POVERTYGAP","66MORE","RT","A","2011",0.237,
"ISL","POVERTYGAP","66MORE","RT","A","2012",0.241,
"ISL","POVERTYGAP","66MORE","RT","A","2013",0.205,
"ISL","POVERTYGAP","66MORE","RT","A","2014",0.464,
"IRL","POVERTYGAP","66MORE","RT","A","2004",0.142,
"IRL","POVERTYGAP","66MORE","RT","A","2005",0.114,
"IRL","POVERTYGAP","66MORE","RT","A","2006",0.116,
"IRL","POVERTYGAP","66MORE","RT","A","2007",0.188,
"IRL","POVERTYGAP","66MORE","RT","A","2008",0.26,
"IRL","POVERTYGAP","66MORE","RT","A","2009",0.361,
"IRL","POVERTYGAP","66MORE","RT","A","2010",0.455,
"IRL","POVERTYGAP","66MORE","RT","A","2011",0.306,
"IRL","POVERTYGAP","66MORE","RT","A","2012",0.322,
"IRL","POVERTYGAP","66MORE","RT","A","2013",0.53,
"IRL","POVERTYGAP","66MORE","RT","A","2014",0.35,
"ITA","POVERTYGAP","66MORE","RT","A","2004",0.229,
"ITA","POVERTYGAP","66MORE","RT","A","2005",0.223,
"ITA","POVERTYGAP","66MORE","RT","A","2006",0.227,
"ITA","POVERTYGAP","66MORE","RT","A","2007",0.218,
"ITA","POVERTYGAP","66MORE","RT","A","2008",0.223,
"ITA","POVERTYGAP","66MORE","RT","A","2009",0.197,
"ITA","POVERTYGAP","66MORE","RT","A","2010",0.185,
"ITA","POVERTYGAP","66MORE","RT","A","2011",0.183,
"ITA","POVERTYGAP","66MORE","RT","A","2012",0.209,
"ITA","POVERTYGAP","66MORE","RT","A","2013",0.215,
"ITA","POVERTYGAP","66MORE","RT","A","2014",0.234,
"JPN","POVERTYGAP","66MORE","RT","A","2009",0.328,
"JPN","POVERTYGAP","66MORE","RT","A","2012",0.323,
"KOR","POVERTYGAP","66MORE","RT","A","2012",0.466,
"KOR","POVERTYGAP","66MORE","RT","A","2013",0.461,
"KOR","POVERTYGAP","66MORE","RT","A","2014",0.429,
"KOR","POVERTYGAP","66MORE","RT","A","2015",0.4,
"LUX","POVERTYGAP","66MORE","RT","A","2004",0.174,
"LUX","POVERTYGAP","66MORE","RT","A","2005",0.222,
"LUX","POVERTYGAP","66MORE","RT","A","2006",0.192,
"LUX","POVERTYGAP","66MORE","RT","A","2007",0.269,
"LUX","POVERTYGAP","66MORE","RT","A","2008",0.206,
"LUX","POVERTYGAP","66MORE","RT","A","2009",0.263,
"LUX","POVERTYGAP","66MORE","RT","A","2010",0.343,
"LUX","POVERTYGAP","66MORE","RT","A","2011",0.327,
"LUX","POVERTYGAP","66MORE","RT","A","2012",0.429,
"LUX","POVERTYGAP","66MORE","RT","A","2013",0.367,
"LUX","POVERTYGAP","66MORE","RT","A","2014",0.341,
"MEX","POVERTYGAP","66MORE","RT","A","2012",0.407,
"MEX","POVERTYGAP","66MORE","RT","A","2014",0.359,
"NLD","POVERTYGAP","66MORE","RT","A","2013",0.305,"P"
"NLD","POVERTYGAP","66MORE","RT","A","2014",0.282,"P"
"NLD","POVERTYGAP","66MORE","RT","A","2015",0.283,"P"
"NZL","POVERTYGAP","66MORE","RT","A","2011",0.138,
"NZL","POVERTYGAP","66MORE","RT","A","2012",0.085,
"NZL","POVERTYGAP","66MORE","RT","A","2014",0.129,
"NOR","POVERTYGAP","66MORE","RT","A","2004",0.118,
"NOR","POVERTYGAP","66MORE","RT","A","2008",0.117,
"NOR","POVERTYGAP","66MORE","RT","A","2009",0.118,
"NOR","POVERTYGAP","66MORE","RT","A","2010",0.119,
"NOR","POVERTYGAP","66MORE","RT","A","2011",0.135,
"NOR","POVERTYGAP","66MORE","RT","A","2012",0.136,
"NOR","POVERTYGAP","66MORE","RT","A","2013",0.132,
"NOR","POVERTYGAP","66MORE","RT","A","2014",0.131,
"POL","POVERTYGAP","66MORE","RT","A","2004",0.353,
"POL","POVERTYGAP","66MORE","RT","A","2005",0.164,
"POL","POVERTYGAP","66MORE","RT","A","2006",0.143,
"POL","POVERTYGAP","66MORE","RT","A","2007",0.143,
"POL","POVERTYGAP","66MORE","RT","A","2008",0.168,
"POL","POVERTYGAP","66MORE","RT","A","2009",0.173,
"POL","POVERTYGAP","66MORE","RT","A","2010",0.183,
"POL","POVERTYGAP","66MORE","RT","A","2011",0.169,
"POL","POVERTYGAP","66MORE","RT","A","2012",0.161,
"POL","POVERTYGAP","66MORE","RT","A","2013",0.168,
"POL","POVERTYGAP","66MORE","RT","A","2014",0.188,
"PRT","POVERTYGAP","66MORE","RT","A","2004",0.235,
"PRT","POVERTYGAP","66MORE","RT","A","2005",0.234,
"PRT","POVERTYGAP","66MORE","RT","A","2006",0.248,
"PRT","POVERTYGAP","66MORE","RT","A","2007",0.202,
"PRT","POVERTYGAP","66MORE","RT","A","2008",0.212,
"PRT","POVERTYGAP","66MORE","RT","A","2009",0.192,
"PRT","POVERTYGAP","66MORE","RT","A","2010",0.196,
"PRT","POVERTYGAP","66MORE","RT","A","2011",0.184,
"PRT","POVERTYGAP","66MORE","RT","A","2012",0.199,
"PRT","POVERTYGAP","66MORE","RT","A","2013",0.207,
"PRT","POVERTYGAP","66MORE","RT","A","2014",0.201,
"SVK","POVERTYGAP","66MORE","RT","A","2004",0.158,
"SVK","POVERTYGAP","66MORE","RT","A","2005",0.155,
"SVK","POVERTYGAP","66MORE","RT","A","2006",0.153,
"SVK","POVERTYGAP","66MORE","RT","A","2007",0.121,
"SVK","POVERTYGAP","66MORE","RT","A","2008",0.163,
"SVK","POVERTYGAP","66MORE","RT","A","2009",0.141,
"SVK","POVERTYGAP","66MORE","RT","A","2010",0.127,
"SVK","POVERTYGAP","66MORE","RT","A","2011",0.127,
"SVK","POVERTYGAP","66MORE","RT","A","2012",0.135,
"SVK","POVERTYGAP","66MORE","RT","A","2013",0.131,
"SVK","POVERTYGAP","66MORE","RT","A","2014",0.132,
"ESP","POVERTYGAP","66MORE","RT","A","2007",0.239,
"ESP","POVERTYGAP","66MORE","RT","A","2008",0.224,
"ESP","POVERTYGAP","66MORE","RT","A","2009",0.215,
"ESP","POVERTYGAP","66MORE","RT","A","2010",0.254,
"ESP","POVERTYGAP","66MORE","RT","A","2011",0.284,
"ESP","POVERTYGAP","66MORE","RT","A","2012",0.351,
"ESP","POVERTYGAP","66MORE","RT","A","2013",0.346,
"ESP","POVERTYGAP","66MORE","RT","A","2014",0.314,
"SWE","POVERTYGAP","66MORE","RT","A","2013",0.148,
"SWE","POVERTYGAP","66MORE","RT","A","2014",0.145,
"CHE","POVERTYGAP","66MORE","RT","A","2013",0.224,
"CHE","POVERTYGAP","66MORE","RT","A","2014",0.227,
"TUR","POVERTYGAP","66MORE","RT","A","2011",0.337,
"TUR","POVERTYGAP","66MORE","RT","A","2012",0.332,
"TUR","POVERTYGAP","66MORE","RT","A","2013",0.332,
"TUR","POVERTYGAP","66MORE","RT","A","2014",0.332,
"GBR","POVERTYGAP","66MORE","RT","A","2002",0.221,
"GBR","POVERTYGAP","66MORE","RT","A","2003",0.223,
"GBR","POVERTYGAP","66MORE","RT","A","2004",0.222,
"GBR","POVERTYGAP","66MORE","RT","A","2005",0.234,
"GBR","POVERTYGAP","66MORE","RT","A","2006",0.262,
"GBR","POVERTYGAP","66MORE","RT","A","2007",0.254,
"GBR","POVERTYGAP","66MORE","RT","A","2008",0.263,
"GBR","POVERTYGAP","66MORE","RT","A","2009",0.248,
"GBR","POVERTYGAP","66MORE","RT","A","2010",0.249,
"GBR","POVERTYGAP","66MORE","RT","A","2011",0.238,
"GBR","POVERTYGAP","66MORE","RT","A","2012",0.255,
"GBR","POVERTYGAP","66MORE","RT","A","2013",0.248,
"GBR","POVERTYGAP","66MORE","RT","A","2014",0.246,
"GBR","POVERTYGAP","66MORE","RT","A","2015",0.268,
"USA","POVERTYGAP","66MORE","RT","A","2013",0.371,
"USA","POVERTYGAP","66MORE","RT","A","2014",0.384,
"USA","POVERTYGAP","66MORE","RT","A","2015",0.364,
"CHL","POVERTYGAP","66MORE","RT","A","2009",0.309,
"CHL","POVERTYGAP","66MORE","RT","A","2011",0.328,
"CHL","POVERTYGAP","66MORE","RT","A","2013",0.296,
"CHL","POVERTYGAP","66MORE","RT","A","2015",0.293,
"EST","POVERTYGAP","66MORE","RT","A","2013",0.111,
"EST","POVERTYGAP","66MORE","RT","A","2014",0.121,
"ISR","POVERTYGAP","66MORE","RT","A","2011",0.404,
"ISR","POVERTYGAP","66MORE","RT","A","2012",0.377,
"ISR","POVERTYGAP","66MORE","RT","A","2013",0.313,
"ISR","POVERTYGAP","66MORE","RT","A","2014",0.391,
"ISR","POVERTYGAP","66MORE","RT","A","2015",0.269,
"LVA","POVERTYGAP","66MORE","RT","A","2004",0.176,
"LVA","POVERTYGAP","66MORE","RT","A","2005",0.14,
"LVA","POVERTYGAP","66MORE","RT","A","2006",0.179,
"LVA","POVERTYGAP","66MORE","RT","A","2007",0.243,
"LVA","POVERTYGAP","66MORE","RT","A","2008",0.219,
"LVA","POVERTYGAP","66MORE","RT","A","2009",0.151,
"LVA","POVERTYGAP","66MORE","RT","A","2010",0.189,
"LVA","POVERTYGAP","66MORE","RT","A","2011",0.143,
"LVA","POVERTYGAP","66MORE","RT","A","2012",0.152,
"LVA","POVERTYGAP","66MORE","RT","A","2013",0.135,
"LVA","POVERTYGAP","66MORE","RT","A","2014",0.158,
"LTU","POVERTYGAP","66MORE","RT","A","2004",0.151,
"LTU","POVERTYGAP","66MORE","RT","A","2005",0.158,
"LTU","POVERTYGAP","66MORE","RT","A","2006",0.173,
"LTU","POVERTYGAP","66MORE","RT","A","2007",0.178,
"LTU","POVERTYGAP","66MORE","RT","A","2008",0.144,
"LTU","POVERTYGAP","66MORE","RT","A","2009",0.189,
"LTU","POVERTYGAP","66MORE","RT","A","2010",0.289,
"LTU","POVERTYGAP","66MORE","RT","A","2011",0.18,
"LTU","POVERTYGAP","66MORE","RT","A","2012",0.163,
"LTU","POVERTYGAP","66MORE","RT","A","2013",0.157,
"LTU","POVERTYGAP","66MORE","RT","A","2014",0.176,
"SVN","POVERTYGAP","66MORE","RT","A","2004",0.216,
"SVN","POVERTYGAP","66MORE","RT","A","2005",0.211,
"SVN","POVERTYGAP","66MORE","RT","A","2006",0.205,
"SVN","POVERTYGAP","66MORE","RT","A","2007",0.207,
"SVN","POVERTYGAP","66MORE","RT","A","2008",0.201,
"SVN","POVERTYGAP","66MORE","RT","A","2009",0.195,
"SVN","POVERTYGAP","66MORE","RT","A","2010",0.184,
"SVN","POVERTYGAP","66MORE","RT","A","2011",0.18,
"SVN","POVERTYGAP","66MORE","RT","A","2012",0.168,
"SVN","POVERTYGAP","66MORE","RT","A","2013",0.185,
"SVN","POVERTYGAP","66MORE","RT","A","2014",0.185,
"BRA","POVERTYGAP","TOT","RT","A","2006",0.391,
"BRA","POVERTYGAP","TOT","RT","A","2009",0.361,
"BRA","POVERTYGAP","TOT","RT","A","2011",0.411,
"BRA","POVERTYGAP","TOT","RT","A","2013",0.39,
"BRA","POVERTYGAP","18_65","RT","A","2006",0.391,
"BRA","POVERTYGAP","18_65","RT","A","2009",0.362,
"BRA","POVERTYGAP","18_65","RT","A","2011",0.42,
"BRA","POVERTYGAP","18_65","RT","A","2013",0.397,
"BRA","POVERTYGAP","66MORE","RT","A","2006",0.25,
"BRA","POVERTYGAP","66MORE","RT","A","2009",0.294,
"BRA","POVERTYGAP","66MORE","RT","A","2011",0.394,
"BRA","POVERTYGAP","66MORE","RT","A","2013",0.385,
"CHN","POVERTYGAP","TOT","RT","A","2013",0.676,
"CHN","POVERTYGAP","18_65","RT","A","2013",0.678,
"CHN","POVERTYGAP","66MORE","RT","A","2013",0.641,
"CRI","POVERTYGAP","TOT","RT","A","2010",0.375,
"CRI","POVERTYGAP","TOT","RT","A","2011",0.387,
"CRI","POVERTYGAP","TOT","RT","A","2012",0.396,
"CRI","POVERTYGAP","TOT","RT","A","2013",0.402,
"CRI","POVERTYGAP","TOT","RT","A","2014",0.409,
"CRI","POVERTYGAP","TOT","RT","A","2015",0.418,
"CRI","POVERTYGAP","TOT","RT","A","2016",0.408,
"CRI","POVERTYGAP","18_65","RT","A","2010",0.372,
"CRI","POVERTYGAP","18_65","RT","A","2011",0.384,
"CRI","POVERTYGAP","18_65","RT","A","2012",0.394,
"CRI","POVERTYGAP","18_65","RT","A","2013",0.404,
"CRI","POVERTYGAP","18_65","RT","A","2014",0.406,
"CRI","POVERTYGAP","18_65","RT","A","2015",0.424,
"CRI","POVERTYGAP","18_65","RT","A","2016",0.413,
"CRI","POVERTYGAP","66MORE","RT","A","2010",0.361,
"CRI","POVERTYGAP","66MORE","RT","A","2011",0.377,
"CRI","POVERTYGAP","66MORE","RT","A","2012",0.373,
"CRI","POVERTYGAP","66MORE","RT","A","2013",0.391,
"CRI","POVERTYGAP","66MORE","RT","A","2014",0.43,
"CRI","POVERTYGAP","66MORE","RT","A","2015",0.391,
"CRI","POVERTYGAP","66MORE","RT","A","2016",0.39,
"IND","POVERTYGAP","TOT","RT","A","2004",0.35,
"IND","POVERTYGAP","TOT","RT","A","2011",0.362,
"IND","POVERTYGAP","18_65","RT","A","2004",0.351,
"IND","POVERTYGAP","18_65","RT","A","2011",0.364,
"IND","POVERTYGAP","66MORE","RT","A","2004",0.423,
"IND","POVERTYGAP","66MORE","RT","A","2011",0.42,
"RUS","POVERTYGAP","18_65","RT","A","2011",0.304,
"RUS","POVERTYGAP","66MORE","RT","A","2011",0.19,
"ZAF","POVERTYGAP","TOT","RT","A","2015",0.485,"P"
"ZAF","POVERTYGAP","18_65","RT","A","2015",0.519,"P"
"ZAF","POVERTYGAP","66MORE","RT","A","2015",0.336,"P"
