﻿"LOCATION","INDICATOR","SUBJECT","MEASURE","FREQUENCY","TIME","Value","Flag Codes"
"AUS","PENSIONEXP","PRIV","PC_GDP","A","2001",4.3383077522952,
"AUS","PENSIONEXP","PRIV","PC_GDP","A","2002",4.3224082007506,
"AUS","PENSIONEXP","PRIV","PC_GDP","A","2003",4.1452219883181,
"AUS","PENSIONEXP","PRIV","PC_GDP","A","2004",3.5595888442933,
"AUS","PENSIONEXP","PRIV","PC_GDP","A","2005",3.5820244305982,
"AUS","PENSIONEXP","PRIV","PC_GDP","A","2006",3.7741120940235,
"AUS","PENSIONEXP","PRIV","PC_GDP","A","2007",3.2549265519467,
"AUS","PENSIONEXP","PRIV","PC_GDP","A","2008",5.5493509116429,
"AUS","PENSIONEXP","PRIV","PC_GDP","A","2009",4.6470754523573,
"AUS","PENSIONEXP","PRIV","PC_GDP","A","2010",4.5009395621562,
"AUS","PENSIONEXP","PRIV","PC_GDP","A","2011",4.5375381375444,
"AUS","PENSIONEXP","PRIV","PC_GDP","A","2012",4.7829014133837,
"AUS","PENSIONEXP","PRIV","PC_GDP","A","2013",5.0709558027094,
"AUS","PENSIONEXP","PUB","PC_GDP","A","1980",3.594,
"AUS","PENSIONEXP","PUB","PC_GDP","A","1981",3.556,
"AUS","PENSIONEXP","PUB","PC_GDP","A","1982",3.677,
"AUS","PENSIONEXP","PUB","PC_GDP","A","1983",3.626,
"AUS","PENSIONEXP","PUB","PC_GDP","A","1984",3.56,
"AUS","PENSIONEXP","PUB","PC_GDP","A","1985",3.399,
"AUS","PENSIONEXP","PUB","PC_GDP","A","1986",3.29,
"AUS","PENSIONEXP","PUB","PC_GDP","A","1987",3.238,
"AUS","PENSIONEXP","PUB","PC_GDP","A","1988",2.89,
"AUS","PENSIONEXP","PUB","PC_GDP","A","1989",2.842,
"AUS","PENSIONEXP","PUB","PC_GDP","A","1990",3.078,
"AUS","PENSIONEXP","PUB","PC_GDP","A","1991",3.199,
"AUS","PENSIONEXP","PUB","PC_GDP","A","1992",3.199,
"AUS","PENSIONEXP","PUB","PC_GDP","A","1993",3.295,
"AUS","PENSIONEXP","PUB","PC_GDP","A","1994",3.158,
"AUS","PENSIONEXP","PUB","PC_GDP","A","1995",4.333,
"AUS","PENSIONEXP","PUB","PC_GDP","A","1996",4.368,
"AUS","PENSIONEXP","PUB","PC_GDP","A","1997",4.272,
"AUS","PENSIONEXP","PUB","PC_GDP","A","1998",4.36,
"AUS","PENSIONEXP","PUB","PC_GDP","A","1999",4.018,
"AUS","PENSIONEXP","PUB","PC_GDP","A","2000",4.677,
"AUS","PENSIONEXP","PUB","PC_GDP","A","2001",4.083,
"AUS","PENSIONEXP","PUB","PC_GDP","A","2002",3.94,
"AUS","PENSIONEXP","PUB","PC_GDP","A","2003",3.849,
"AUS","PENSIONEXP","PUB","PC_GDP","A","2004",3.892,
"AUS","PENSIONEXP","PUB","PC_GDP","A","2005",3.739,
"AUS","PENSIONEXP","PUB","PC_GDP","A","2006",3.695,
"AUS","PENSIONEXP","PUB","PC_GDP","A","2007",3.859,
"AUS","PENSIONEXP","PUB","PC_GDP","A","2008",3.941,
"AUS","PENSIONEXP","PUB","PC_GDP","A","2009",3.819,
"AUS","PENSIONEXP","PUB","PC_GDP","A","2010",3.778,
"AUS","PENSIONEXP","PUB","PC_GDP","A","2011",3.885,
"AUS","PENSIONEXP","PUB","PC_GDP","A","2012",3.949,
"AUS","PENSIONEXP","PUB","PC_GDP","A","2013",4.13,
"AUS","PENSIONEXP","PUB","PC_GDP","A","2014",4.28,
"AUT","PENSIONEXP","PRIV","PC_GDP","A","2001",0.17307925597819,
"AUT","PENSIONEXP","PRIV","PC_GDP","A","2002",0.15864591982332,
"AUT","PENSIONEXP","PRIV","PC_GDP","A","2003",0.15114338058314,
"AUT","PENSIONEXP","PRIV","PC_GDP","A","2004",0.16363677603776,
"AUT","PENSIONEXP","PRIV","PC_GDP","A","2005",0.17785907474547,
"AUT","PENSIONEXP","PRIV","PC_GDP","A","2006",0.18260353702745,
"AUT","PENSIONEXP","PRIV","PC_GDP","A","2007",0.27708960314422,
"AUT","PENSIONEXP","PRIV","PC_GDP","A","2008",0.19781917016522,
"AUT","PENSIONEXP","PRIV","PC_GDP","A","2009",0.20091468937944,
"AUT","PENSIONEXP","PRIV","PC_GDP","A","2010",0.22970799437745,
"AUT","PENSIONEXP","PRIV","PC_GDP","A","2013",0.30460770267078,
"AUT","PENSIONEXP","PUB","PC_GDP","A","1980",10.383,
"AUT","PENSIONEXP","PUB","PC_GDP","A","1985",11.302,
"AUT","PENSIONEXP","PUB","PC_GDP","A","1990",11.3,
"AUT","PENSIONEXP","PUB","PC_GDP","A","1991",11.39,
"AUT","PENSIONEXP","PUB","PC_GDP","A","1992",11.458,
"AUT","PENSIONEXP","PUB","PC_GDP","A","1993",11.969,
"AUT","PENSIONEXP","PUB","PC_GDP","A","1994",12.224,
"AUT","PENSIONEXP","PUB","PC_GDP","A","1995",12.236,
"AUT","PENSIONEXP","PUB","PC_GDP","A","1996",12.275,
"AUT","PENSIONEXP","PUB","PC_GDP","A","1997",12.099,
"AUT","PENSIONEXP","PUB","PC_GDP","A","1998",12,
"AUT","PENSIONEXP","PUB","PC_GDP","A","1999",12.062,
"AUT","PENSIONEXP","PUB","PC_GDP","A","2000",11.952,
"AUT","PENSIONEXP","PUB","PC_GDP","A","2001",12.103,
"AUT","PENSIONEXP","PUB","PC_GDP","A","2002",12.189,
"AUT","PENSIONEXP","PUB","PC_GDP","A","2003",12.372,
"AUT","PENSIONEXP","PUB","PC_GDP","A","2004",12.201,
"AUT","PENSIONEXP","PUB","PC_GDP","A","2005",12.04,
"AUT","PENSIONEXP","PUB","PC_GDP","A","2006",11.976,
"AUT","PENSIONEXP","PUB","PC_GDP","A","2007",11.818,
"AUT","PENSIONEXP","PUB","PC_GDP","A","2008",12.049,
"AUT","PENSIONEXP","PUB","PC_GDP","A","2009",12.943,
"AUT","PENSIONEXP","PUB","PC_GDP","A","2010",13.063,
"AUT","PENSIONEXP","PUB","PC_GDP","A","2011",12.824,
"AUT","PENSIONEXP","PUB","PC_GDP","A","2012",13.109,
"AUT","PENSIONEXP","PUB","PC_GDP","A","2013",13.353,
"BEL","PENSIONEXP","PRIV","PC_GDP","A","2001",1.3305610421724,
"BEL","PENSIONEXP","PRIV","PC_GDP","A","2002",1.4006883615902,
"BEL","PENSIONEXP","PRIV","PC_GDP","A","2003",1.3586418271356,
"BEL","PENSIONEXP","PRIV","PC_GDP","A","2004",1.3452470541365,
"BEL","PENSIONEXP","PRIV","PC_GDP","A","2005",1.2649395414527,
"BEL","PENSIONEXP","PRIV","PC_GDP","A","2006",1.2490698517173,
"BEL","PENSIONEXP","PRIV","PC_GDP","A","2007",2.6396332371671,
"BEL","PENSIONEXP","PRIV","PC_GDP","A","2008",2.5426772935226,
"BEL","PENSIONEXP","PRIV","PC_GDP","A","2009",3.1463246364458,
"BEL","PENSIONEXP","PRIV","PC_GDP","A","2010",2.817188322611,
"BEL","PENSIONEXP","PRIV","PC_GDP","A","2011",3.6057795675348,
"BEL","PENSIONEXP","PRIV","PC_GDP","A","2012",1.1791344876717,
"BEL","PENSIONEXP","PRIV","PC_GDP","A","2013",1.150656546617,
"BEL","PENSIONEXP","PUB","PC_GDP","A","1980",8.744,
"BEL","PENSIONEXP","PUB","PC_GDP","A","1981",9.24,
"BEL","PENSIONEXP","PUB","PC_GDP","A","1982",9.291,
"BEL","PENSIONEXP","PUB","PC_GDP","A","1983",9.493,
"BEL","PENSIONEXP","PUB","PC_GDP","A","1984",9.198,
"BEL","PENSIONEXP","PUB","PC_GDP","A","1985",9.146,
"BEL","PENSIONEXP","PUB","PC_GDP","A","1986",9.175,
"BEL","PENSIONEXP","PUB","PC_GDP","A","1987",9.094,
"BEL","PENSIONEXP","PUB","PC_GDP","A","1988",9.281,
"BEL","PENSIONEXP","PUB","PC_GDP","A","1989",8.996,
"BEL","PENSIONEXP","PUB","PC_GDP","A","1990",8.949,
"BEL","PENSIONEXP","PUB","PC_GDP","A","1991",9.263,
"BEL","PENSIONEXP","PUB","PC_GDP","A","1992",9.373,
"BEL","PENSIONEXP","PUB","PC_GDP","A","1993",9.585,
"BEL","PENSIONEXP","PUB","PC_GDP","A","1994",9.438,
"BEL","PENSIONEXP","PUB","PC_GDP","A","1995",9.177,
"BEL","PENSIONEXP","PUB","PC_GDP","A","1996",9.283,
"BEL","PENSIONEXP","PUB","PC_GDP","A","1997",9.101,
"BEL","PENSIONEXP","PUB","PC_GDP","A","1998",9.049,
"BEL","PENSIONEXP","PUB","PC_GDP","A","1999",8.909,
"BEL","PENSIONEXP","PUB","PC_GDP","A","2000",8.678,
"BEL","PENSIONEXP","PUB","PC_GDP","A","2001",8.783,
"BEL","PENSIONEXP","PUB","PC_GDP","A","2002",8.808,
"BEL","PENSIONEXP","PUB","PC_GDP","A","2003",8.866,
"BEL","PENSIONEXP","PUB","PC_GDP","A","2004",8.755,
"BEL","PENSIONEXP","PUB","PC_GDP","A","2005",8.766,
"BEL","PENSIONEXP","PUB","PC_GDP","A","2006",8.714,
"BEL","PENSIONEXP","PUB","PC_GDP","A","2007",8.615,
"BEL","PENSIONEXP","PUB","PC_GDP","A","2008",9.181,
"BEL","PENSIONEXP","PUB","PC_GDP","A","2009",9.823,
"BEL","PENSIONEXP","PUB","PC_GDP","A","2010",9.715,
"BEL","PENSIONEXP","PUB","PC_GDP","A","2011",9.917,
"BEL","PENSIONEXP","PUB","PC_GDP","A","2012",9.839,
"BEL","PENSIONEXP","PUB","PC_GDP","A","2013",10.197,
"CAN","PENSIONEXP","PRIV","PC_GDP","A","2000",1.9426255623146,
"CAN","PENSIONEXP","PRIV","PC_GDP","A","2001",2.0796910908399,
"CAN","PENSIONEXP","PRIV","PC_GDP","A","2002",2.0983201631232,
"CAN","PENSIONEXP","PRIV","PC_GDP","A","2003",2.0784215515155,
"CAN","PENSIONEXP","PRIV","PC_GDP","A","2004",2.1599295062418,
"CAN","PENSIONEXP","PRIV","PC_GDP","A","2005",1.9935599804354,
"CAN","PENSIONEXP","PRIV","PC_GDP","A","2006",2.131884206123,
"CAN","PENSIONEXP","PRIV","PC_GDP","A","2007",2.1764480490453,
"CAN","PENSIONEXP","PRIV","PC_GDP","A","2008",2.1952880179152,
"CAN","PENSIONEXP","PRIV","PC_GDP","A","2009",2.4847438460709,
"CAN","PENSIONEXP","PRIV","PC_GDP","A","2010",2.7617986272197,
"CAN","PENSIONEXP","PRIV","PC_GDP","A","2011",2.7670430855349,
"CAN","PENSIONEXP","PRIV","PC_GDP","A","2012",2.9110520372122,
"CAN","PENSIONEXP","PRIV","PC_GDP","A","2013",2.9862300324381,
"CAN","PENSIONEXP","PUB","PC_GDP","A","1980",3.127,
"CAN","PENSIONEXP","PUB","PC_GDP","A","1981",3.273,
"CAN","PENSIONEXP","PUB","PC_GDP","A","1982",3.539,
"CAN","PENSIONEXP","PUB","PC_GDP","A","1983",3.616,
"CAN","PENSIONEXP","PUB","PC_GDP","A","1984",3.706,
"CAN","PENSIONEXP","PUB","PC_GDP","A","1985",3.821,
"CAN","PENSIONEXP","PUB","PC_GDP","A","1986",3.925,
"CAN","PENSIONEXP","PUB","PC_GDP","A","1987",3.989,
"CAN","PENSIONEXP","PUB","PC_GDP","A","1988",3.969,
"CAN","PENSIONEXP","PUB","PC_GDP","A","1989",4.03,
"CAN","PENSIONEXP","PUB","PC_GDP","A","1990",4.215,
"CAN","PENSIONEXP","PUB","PC_GDP","A","1991",4.518,
"CAN","PENSIONEXP","PUB","PC_GDP","A","1992",4.683,
"CAN","PENSIONEXP","PUB","PC_GDP","A","1993",4.72,
"CAN","PENSIONEXP","PUB","PC_GDP","A","1994",4.652,
"CAN","PENSIONEXP","PUB","PC_GDP","A","1995",4.626,
"CAN","PENSIONEXP","PUB","PC_GDP","A","1996",4.63,
"CAN","PENSIONEXP","PUB","PC_GDP","A","1997",4.591,
"CAN","PENSIONEXP","PUB","PC_GDP","A","1998",4.536,
"CAN","PENSIONEXP","PUB","PC_GDP","A","1999",4.344,
"CAN","PENSIONEXP","PUB","PC_GDP","A","2000",4.186,
"CAN","PENSIONEXP","PUB","PC_GDP","A","2001",4.237,
"CAN","PENSIONEXP","PUB","PC_GDP","A","2002",4.184,
"CAN","PENSIONEXP","PUB","PC_GDP","A","2003",4.161,
"CAN","PENSIONEXP","PUB","PC_GDP","A","2004",4.089,
"CAN","PENSIONEXP","PUB","PC_GDP","A","2005",4.023,
"CAN","PENSIONEXP","PUB","PC_GDP","A","2006",4.006,
"CAN","PENSIONEXP","PUB","PC_GDP","A","2007",4.011,
"CAN","PENSIONEXP","PUB","PC_GDP","A","2008",4.117,
"CAN","PENSIONEXP","PUB","PC_GDP","A","2009",4.441,
"CAN","PENSIONEXP","PUB","PC_GDP","A","2010",4.295,
"CAN","PENSIONEXP","PUB","PC_GDP","A","2011",4.293,
"CAN","PENSIONEXP","PUB","PC_GDP","A","2012",4.462,
"CAN","PENSIONEXP","PUB","PC_GDP","A","2013",4.489,
"CAN","PENSIONEXP","PUB","PC_GDP","A","2014",4.569,
"CZE","PENSIONEXP","PRIV","PC_GDP","A","2001",0.17697495472511,
"CZE","PENSIONEXP","PRIV","PC_GDP","A","2002",0.19530933952085,
"CZE","PENSIONEXP","PRIV","PC_GDP","A","2003",0.21307292720916,
"CZE","PENSIONEXP","PRIV","PC_GDP","A","2004",0.17706939293447,
"CZE","PENSIONEXP","PRIV","PC_GDP","A","2007",0.23956439487356,
"CZE","PENSIONEXP","PRIV","PC_GDP","A","2008",0.30630366598545,
"CZE","PENSIONEXP","PRIV","PC_GDP","A","2009",0.4155278394483,
"CZE","PENSIONEXP","PRIV","PC_GDP","A","2010",0.43427910050735,
"CZE","PENSIONEXP","PRIV","PC_GDP","A","2011",0.47782986796058,
"CZE","PENSIONEXP","PRIV","PC_GDP","A","2012",0.61095412471763,
"CZE","PENSIONEXP","PRIV","PC_GDP","A","2013",0.30365930859342,
"CZE","PENSIONEXP","PUB","PC_GDP","A","1990",5.597,
"CZE","PENSIONEXP","PUB","PC_GDP","A","1991",6.087,
"CZE","PENSIONEXP","PUB","PC_GDP","A","1992",6.194,
"CZE","PENSIONEXP","PUB","PC_GDP","A","1993",5.745,
"CZE","PENSIONEXP","PUB","PC_GDP","A","1994",5.561,
"CZE","PENSIONEXP","PUB","PC_GDP","A","1995",5.884,
"CZE","PENSIONEXP","PUB","PC_GDP","A","1996",6.054,
"CZE","PENSIONEXP","PUB","PC_GDP","A","1997",6.748,
"CZE","PENSIONEXP","PUB","PC_GDP","A","1998",6.77,
"CZE","PENSIONEXP","PUB","PC_GDP","A","1999",6.921,
"CZE","PENSIONEXP","PUB","PC_GDP","A","2000",6.883,
"CZE","PENSIONEXP","PUB","PC_GDP","A","2001",6.824,
"CZE","PENSIONEXP","PUB","PC_GDP","A","2002",7.028,
"CZE","PENSIONEXP","PUB","PC_GDP","A","2003",6.871,
"CZE","PENSIONEXP","PUB","PC_GDP","A","2004",6.563,
"CZE","PENSIONEXP","PUB","PC_GDP","A","2005",6.704,
"CZE","PENSIONEXP","PUB","PC_GDP","A","2006",6.624,
"CZE","PENSIONEXP","PUB","PC_GDP","A","2007",6.827,
"CZE","PENSIONEXP","PUB","PC_GDP","A","2008",7.125,
"CZE","PENSIONEXP","PUB","PC_GDP","A","2009",7.937,
"CZE","PENSIONEXP","PUB","PC_GDP","A","2010",8.111,
"CZE","PENSIONEXP","PUB","PC_GDP","A","2011",8.429,
"CZE","PENSIONEXP","PUB","PC_GDP","A","2012",8.646,
"CZE","PENSIONEXP","PUB","PC_GDP","A","2013",8.674,
"DNK","PENSIONEXP","PRIV","PC_GDP","A","2002",3.0348684756334,
"DNK","PENSIONEXP","PRIV","PC_GDP","A","2003",3.1066119320606,
"DNK","PENSIONEXP","PRIV","PC_GDP","A","2004",3.1620521504816,
"DNK","PENSIONEXP","PRIV","PC_GDP","A","2005",3.3440236817673,
"DNK","PENSIONEXP","PRIV","PC_GDP","A","2006",3.7214967733654,
"DNK","PENSIONEXP","PRIV","PC_GDP","A","2007",3.2036501071718,
"DNK","PENSIONEXP","PRIV","PC_GDP","A","2008",3.9800380741088,
"DNK","PENSIONEXP","PRIV","PC_GDP","A","2009",4.1386661758684,
"DNK","PENSIONEXP","PRIV","PC_GDP","A","2010",4.4096039861029,
"DNK","PENSIONEXP","PRIV","PC_GDP","A","2011",4.8071183983454,
"DNK","PENSIONEXP","PRIV","PC_GDP","A","2012",4.9518952163057,
"DNK","PENSIONEXP","PRIV","PC_GDP","A","2013",5.893196910718,
"DNK","PENSIONEXP","PUB","PC_GDP","A","1980",5.706,
"DNK","PENSIONEXP","PUB","PC_GDP","A","1981",5.725,
"DNK","PENSIONEXP","PUB","PC_GDP","A","1982",5.685,
"DNK","PENSIONEXP","PUB","PC_GDP","A","1983",5.634,
"DNK","PENSIONEXP","PUB","PC_GDP","A","1984",5.559,
"DNK","PENSIONEXP","PUB","PC_GDP","A","1985",5.525,
"DNK","PENSIONEXP","PUB","PC_GDP","A","1986",5.421,
"DNK","PENSIONEXP","PUB","PC_GDP","A","1987",5.53,
"DNK","PENSIONEXP","PUB","PC_GDP","A","1988",5.811,
"DNK","PENSIONEXP","PUB","PC_GDP","A","1989",6.088,
"DNK","PENSIONEXP","PUB","PC_GDP","A","1990",6.106,
"DNK","PENSIONEXP","PUB","PC_GDP","A","1991",6.254,
"DNK","PENSIONEXP","PUB","PC_GDP","A","1992",6.254,
"DNK","PENSIONEXP","PUB","PC_GDP","A","1993",6.375,
"DNK","PENSIONEXP","PUB","PC_GDP","A","1994",7.349,
"DNK","PENSIONEXP","PUB","PC_GDP","A","1995",7.232,
"DNK","PENSIONEXP","PUB","PC_GDP","A","1996",7.054,
"DNK","PENSIONEXP","PUB","PC_GDP","A","1997",6.783,
"DNK","PENSIONEXP","PUB","PC_GDP","A","1998",6.73,
"DNK","PENSIONEXP","PUB","PC_GDP","A","1999",6.574,
"DNK","PENSIONEXP","PUB","PC_GDP","A","2000",6.307,
"DNK","PENSIONEXP","PUB","PC_GDP","A","2001",6.324,
"DNK","PENSIONEXP","PUB","PC_GDP","A","2002",6.277,
"DNK","PENSIONEXP","PUB","PC_GDP","A","2003",6.409,
"DNK","PENSIONEXP","PUB","PC_GDP","A","2004",6.285,
"DNK","PENSIONEXP","PUB","PC_GDP","A","2005",6.454,
"DNK","PENSIONEXP","PUB","PC_GDP","A","2006",6.503,
"DNK","PENSIONEXP","PUB","PC_GDP","A","2007",6.286,
"DNK","PENSIONEXP","PUB","PC_GDP","A","2008",6.398,
"DNK","PENSIONEXP","PUB","PC_GDP","A","2009",7.069,
"DNK","PENSIONEXP","PUB","PC_GDP","A","2010",7.211,
"DNK","PENSIONEXP","PUB","PC_GDP","A","2011",7.499,
"DNK","PENSIONEXP","PUB","PC_GDP","A","2012",7.689,
"DNK","PENSIONEXP","PUB","PC_GDP","A","2013",7.963,
"FIN","PENSIONEXP","PRIV","PC_GDP","A","2004",0.34736901884816,
"FIN","PENSIONEXP","PRIV","PC_GDP","A","2005",0.50332447212979,
"FIN","PENSIONEXP","PRIV","PC_GDP","A","2006",0.46069843697498,
"FIN","PENSIONEXP","PRIV","PC_GDP","A","2007",0.48182052051623,
"FIN","PENSIONEXP","PRIV","PC_GDP","A","2008",0.52759006974307,
"FIN","PENSIONEXP","PRIV","PC_GDP","A","2009",0.63304774373167,
"FIN","PENSIONEXP","PRIV","PC_GDP","A","2010",0.59593800106895,
"FIN","PENSIONEXP","PRIV","PC_GDP","A","2011",0.6481467371704,
"FIN","PENSIONEXP","PRIV","PC_GDP","A","2012",0.6962205883089,
"FIN","PENSIONEXP","PRIV","PC_GDP","A","2013",0.63912473081017,
"FIN","PENSIONEXP","PUB","PC_GDP","A","1980",5.423,
"FIN","PENSIONEXP","PUB","PC_GDP","A","1981",5.639,
"FIN","PENSIONEXP","PUB","PC_GDP","A","1982",5.841,
"FIN","PENSIONEXP","PUB","PC_GDP","A","1983",6.276,
"FIN","PENSIONEXP","PUB","PC_GDP","A","1984",7.065,
"FIN","PENSIONEXP","PUB","PC_GDP","A","1985",7.242,
"FIN","PENSIONEXP","PUB","PC_GDP","A","1986",7.212,
"FIN","PENSIONEXP","PUB","PC_GDP","A","1987",7.455,
"FIN","PENSIONEXP","PUB","PC_GDP","A","1988",7.07,
"FIN","PENSIONEXP","PUB","PC_GDP","A","1989",6.906,
"FIN","PENSIONEXP","PUB","PC_GDP","A","1990",7.158,
"FIN","PENSIONEXP","PUB","PC_GDP","A","1991",8.306,
"FIN","PENSIONEXP","PUB","PC_GDP","A","1992",9.25,
"FIN","PENSIONEXP","PUB","PC_GDP","A","1993",9.154,
"FIN","PENSIONEXP","PUB","PC_GDP","A","1994",8.904,
"FIN","PENSIONEXP","PUB","PC_GDP","A","1995",8.558,
"FIN","PENSIONEXP","PUB","PC_GDP","A","1996",8.762,
"FIN","PENSIONEXP","PUB","PC_GDP","A","1997",8.169,
"FIN","PENSIONEXP","PUB","PC_GDP","A","1998",7.693,
"FIN","PENSIONEXP","PUB","PC_GDP","A","1999",7.645,
"FIN","PENSIONEXP","PUB","PC_GDP","A","2000",7.419,
"FIN","PENSIONEXP","PUB","PC_GDP","A","2001",7.51,
"FIN","PENSIONEXP","PUB","PC_GDP","A","2002",7.805,
"FIN","PENSIONEXP","PUB","PC_GDP","A","2003",8.014,
"FIN","PENSIONEXP","PUB","PC_GDP","A","2004",7.982,
"FIN","PENSIONEXP","PUB","PC_GDP","A","2005",8.076,
"FIN","PENSIONEXP","PUB","PC_GDP","A","2006",8.133,
"FIN","PENSIONEXP","PUB","PC_GDP","A","2007",7.958,
"FIN","PENSIONEXP","PUB","PC_GDP","A","2008",8.035,
"FIN","PENSIONEXP","PUB","PC_GDP","A","2009",9.477,
"FIN","PENSIONEXP","PUB","PC_GDP","A","2010",9.793,
"FIN","PENSIONEXP","PUB","PC_GDP","A","2011",9.859,
"FIN","PENSIONEXP","PUB","PC_GDP","A","2012",10.522,
"FIN","PENSIONEXP","PUB","PC_GDP","A","2013",11.109,
"FRA","PENSIONEXP","PRIV","PC_GDP","A","2009",0.34863025955935,
"FRA","PENSIONEXP","PRIV","PC_GDP","A","2010",0.36782936640378,
"FRA","PENSIONEXP","PRIV","PC_GDP","A","2011",0.34138079060489,
"FRA","PENSIONEXP","PRIV","PC_GDP","A","2012",0.32799390875301,
"FRA","PENSIONEXP","PRIV","PC_GDP","A","2013",0.40745264142608,
"FRA","PENSIONEXP","PUB","PC_GDP","A","1980",9.221,
"FRA","PENSIONEXP","PUB","PC_GDP","A","1981",9.48,
"FRA","PENSIONEXP","PUB","PC_GDP","A","1982",9.681,
"FRA","PENSIONEXP","PUB","PC_GDP","A","1983",9.848,
"FRA","PENSIONEXP","PUB","PC_GDP","A","1984",10.07,
"FRA","PENSIONEXP","PUB","PC_GDP","A","1985",10.26,
"FRA","PENSIONEXP","PUB","PC_GDP","A","1986",10.23,
"FRA","PENSIONEXP","PUB","PC_GDP","A","1987",10.242,
"FRA","PENSIONEXP","PUB","PC_GDP","A","1988",10.317,
"FRA","PENSIONEXP","PUB","PC_GDP","A","1989",9.798,
"FRA","PENSIONEXP","PUB","PC_GDP","A","1990",10.37,
"FRA","PENSIONEXP","PUB","PC_GDP","A","1991",10.637,
"FRA","PENSIONEXP","PUB","PC_GDP","A","1992",10.955,
"FRA","PENSIONEXP","PUB","PC_GDP","A","1993",11.437,
"FRA","PENSIONEXP","PUB","PC_GDP","A","1994",11.562,
"FRA","PENSIONEXP","PUB","PC_GDP","A","1995",11.737,
"FRA","PENSIONEXP","PUB","PC_GDP","A","1996",11.871,
"FRA","PENSIONEXP","PUB","PC_GDP","A","1997",11.852,
"FRA","PENSIONEXP","PUB","PC_GDP","A","1998",11.717,
"FRA","PENSIONEXP","PUB","PC_GDP","A","1999",11.715,
"FRA","PENSIONEXP","PUB","PC_GDP","A","2000",11.43,
"FRA","PENSIONEXP","PUB","PC_GDP","A","2001",11.428,
"FRA","PENSIONEXP","PUB","PC_GDP","A","2002",11.575,
"FRA","PENSIONEXP","PUB","PC_GDP","A","2003",11.741,
"FRA","PENSIONEXP","PUB","PC_GDP","A","2004",11.794,
"FRA","PENSIONEXP","PUB","PC_GDP","A","2005",11.98,
"FRA","PENSIONEXP","PUB","PC_GDP","A","2006",11.84,
"FRA","PENSIONEXP","PUB","PC_GDP","A","2007",11.938,
"FRA","PENSIONEXP","PUB","PC_GDP","A","2008",12.243,
"FRA","PENSIONEXP","PUB","PC_GDP","A","2009",13.104,
"FRA","PENSIONEXP","PUB","PC_GDP","A","2010",13.178,
"FRA","PENSIONEXP","PUB","PC_GDP","A","2011",13.329,
"FRA","PENSIONEXP","PUB","PC_GDP","A","2012",13.615,
"FRA","PENSIONEXP","PUB","PC_GDP","A","2013",13.847,
"DEU","PENSIONEXP","PRIV","PC_GDP","A","1995",0.09218951013011,
"DEU","PENSIONEXP","PRIV","PC_GDP","A","1996",0.09145034058566,
"DEU","PENSIONEXP","PRIV","PC_GDP","A","1997",0.09802879545621,
"DEU","PENSIONEXP","PRIV","PC_GDP","A","1998",0.10295215174674,
"DEU","PENSIONEXP","PRIV","PC_GDP","A","1999",0.11336451292247,
"DEU","PENSIONEXP","PRIV","PC_GDP","A","2000",0.11787282424242,
"DEU","PENSIONEXP","PRIV","PC_GDP","A","2001",0.11946118402617,
"DEU","PENSIONEXP","PRIV","PC_GDP","A","2002",0.12531111191689,
"DEU","PENSIONEXP","PRIV","PC_GDP","A","2003",0.13066020161927,
"DEU","PENSIONEXP","PRIV","PC_GDP","A","2004",0.13336451194666,
"DEU","PENSIONEXP","PRIV","PC_GDP","A","2005",0.13553111209755,
"DEU","PENSIONEXP","PRIV","PC_GDP","A","2006",0.13718517278889,
"DEU","PENSIONEXP","PRIV","PC_GDP","A","2007",0.14175072008796,
"DEU","PENSIONEXP","PRIV","PC_GDP","A","2008",0.14342303813105,
"DEU","PENSIONEXP","PRIV","PC_GDP","A","2009",0.27398815171819,
"DEU","PENSIONEXP","PRIV","PC_GDP","A","2010",0.1889293652716,
"DEU","PENSIONEXP","PRIV","PC_GDP","A","2011",0.18992501322663,
"DEU","PENSIONEXP","PRIV","PC_GDP","A","2012",0.19619099919997,
"DEU","PENSIONEXP","PRIV","PC_GDP","A","2013",0.20099387028916,
"DEU","PENSIONEXP","PUB","PC_GDP","A","1980",10.385,
"DEU","PENSIONEXP","PUB","PC_GDP","A","1981",10.409,
"DEU","PENSIONEXP","PUB","PC_GDP","A","1982",10.54,
"DEU","PENSIONEXP","PUB","PC_GDP","A","1983",10.475,
"DEU","PENSIONEXP","PUB","PC_GDP","A","1984",10.405,
"DEU","PENSIONEXP","PUB","PC_GDP","A","1985",10.288,
"DEU","PENSIONEXP","PUB","PC_GDP","A","1986",10.147,
"DEU","PENSIONEXP","PUB","PC_GDP","A","1987",10.306,
"DEU","PENSIONEXP","PUB","PC_GDP","A","1988",10.209,
"DEU","PENSIONEXP","PUB","PC_GDP","A","1989",9.92,
"DEU","PENSIONEXP","PUB","PC_GDP","A","1990",9.469,
"DEU","PENSIONEXP","PUB","PC_GDP","A","1991",9.14,
"DEU","PENSIONEXP","PUB","PC_GDP","A","1992",9.502,
"DEU","PENSIONEXP","PUB","PC_GDP","A","1993",9.803,
"DEU","PENSIONEXP","PUB","PC_GDP","A","1994",10.011,
"DEU","PENSIONEXP","PUB","PC_GDP","A","1995",10.279,
"DEU","PENSIONEXP","PUB","PC_GDP","A","1996",10.466,
"DEU","PENSIONEXP","PUB","PC_GDP","A","1997",10.594,
"DEU","PENSIONEXP","PUB","PC_GDP","A","1998",10.702,
"DEU","PENSIONEXP","PUB","PC_GDP","A","1999",10.72,
"DEU","PENSIONEXP","PUB","PC_GDP","A","2000",10.813,
"DEU","PENSIONEXP","PUB","PC_GDP","A","2001",10.862,
"DEU","PENSIONEXP","PUB","PC_GDP","A","2002",11.072,
"DEU","PENSIONEXP","PUB","PC_GDP","A","2003",11.264,
"DEU","PENSIONEXP","PUB","PC_GDP","A","2004",11.131,
"DEU","PENSIONEXP","PUB","PC_GDP","A","2005",11.08,
"DEU","PENSIONEXP","PUB","PC_GDP","A","2006",10.718,
"DEU","PENSIONEXP","PUB","PC_GDP","A","2007",10.288,
"DEU","PENSIONEXP","PUB","PC_GDP","A","2008",10.259,
"DEU","PENSIONEXP","PUB","PC_GDP","A","2009",10.951,
"DEU","PENSIONEXP","PUB","PC_GDP","A","2010",10.619,
"DEU","PENSIONEXP","PUB","PC_GDP","A","2011",10.206,
"DEU","PENSIONEXP","PUB","PC_GDP","A","2012",10.203,
"DEU","PENSIONEXP","PUB","PC_GDP","A","2013",10.111,
"GRC","PENSIONEXP","PRIV","PC_GDP","A","2007",0.00036167848711,
"GRC","PENSIONEXP","PRIV","PC_GDP","A","2008",0.00104434561317,
"GRC","PENSIONEXP","PRIV","PC_GDP","A","2009",0.00071381628347,
"GRC","PENSIONEXP","PRIV","PC_GDP","A","2010",0.00139914053427,
"GRC","PENSIONEXP","PRIV","PC_GDP","A","2011",0.00214195584744,
"GRC","PENSIONEXP","PRIV","PC_GDP","A","2012",0.0025496840431,
"GRC","PENSIONEXP","PRIV","PC_GDP","A","2013",0.04369013098965,
"GRC","PENSIONEXP","PUB","PC_GDP","A","1980",5.167,
"GRC","PENSIONEXP","PUB","PC_GDP","A","1981",5.709,
"GRC","PENSIONEXP","PUB","PC_GDP","A","1982",7.253,
"GRC","PENSIONEXP","PUB","PC_GDP","A","1983",7.318,
"GRC","PENSIONEXP","PUB","PC_GDP","A","1984",7.867,
"GRC","PENSIONEXP","PUB","PC_GDP","A","1985",8.278,
"GRC","PENSIONEXP","PUB","PC_GDP","A","1986",8.344,
"GRC","PENSIONEXP","PUB","PC_GDP","A","1987",8.701,
"GRC","PENSIONEXP","PUB","PC_GDP","A","1988",8.491,
"GRC","PENSIONEXP","PUB","PC_GDP","A","1989",8.833,
"GRC","PENSIONEXP","PUB","PC_GDP","A","1990",9.48,
"GRC","PENSIONEXP","PUB","PC_GDP","A","1991",8.919,
"GRC","PENSIONEXP","PUB","PC_GDP","A","1992",8.879,
"GRC","PENSIONEXP","PUB","PC_GDP","A","1993",9.159,
"GRC","PENSIONEXP","PUB","PC_GDP","A","1994",9.066,
"GRC","PENSIONEXP","PUB","PC_GDP","A","1995",9.204,
"GRC","PENSIONEXP","PUB","PC_GDP","A","1996",9.534,
"GRC","PENSIONEXP","PUB","PC_GDP","A","1997",9.562,
"GRC","PENSIONEXP","PUB","PC_GDP","A","1998",10.164,
"GRC","PENSIONEXP","PUB","PC_GDP","A","1999",10.333,
"GRC","PENSIONEXP","PUB","PC_GDP","A","2000",10.369,
"GRC","PENSIONEXP","PUB","PC_GDP","A","2001",11.051,
"GRC","PENSIONEXP","PUB","PC_GDP","A","2002",10.756,
"GRC","PENSIONEXP","PUB","PC_GDP","A","2003",10.58,
"GRC","PENSIONEXP","PUB","PC_GDP","A","2004",10.631,
"GRC","PENSIONEXP","PUB","PC_GDP","A","2005",11.445,
"GRC","PENSIONEXP","PUB","PC_GDP","A","2006",11.334,
"GRC","PENSIONEXP","PUB","PC_GDP","A","2007",11.544,
"GRC","PENSIONEXP","PUB","PC_GDP","A","2008",11.956,
"GRC","PENSIONEXP","PUB","PC_GDP","A","2009",12.723,
"GRC","PENSIONEXP","PUB","PC_GDP","A","2010",13.348,
"GRC","PENSIONEXP","PUB","PC_GDP","A","2011",14.653,
"GRC","PENSIONEXP","PUB","PC_GDP","A","2012",17.381,
"HUN","PENSIONEXP","PRIV","PC_GDP","A","2001",0.07824395526324,
"HUN","PENSIONEXP","PRIV","PC_GDP","A","2002",0.09024937403918,
"HUN","PENSIONEXP","PRIV","PC_GDP","A","2003",0.08645388451544,
"HUN","PENSIONEXP","PRIV","PC_GDP","A","2004",0.13660583281117,
"HUN","PENSIONEXP","PRIV","PC_GDP","A","2005",0.14852597027491,
"HUN","PENSIONEXP","PRIV","PC_GDP","A","2006",0.13830671888522,
"HUN","PENSIONEXP","PRIV","PC_GDP","A","2007",0.18025994532141,
"HUN","PENSIONEXP","PRIV","PC_GDP","A","2008",0.2125622038051,
"HUN","PENSIONEXP","PRIV","PC_GDP","A","2009",0.20248416745731,
"HUN","PENSIONEXP","PRIV","PC_GDP","A","2010",0.16032206022186,
"HUN","PENSIONEXP","PRIV","PC_GDP","A","2011",0.21562599908479,
"HUN","PENSIONEXP","PRIV","PC_GDP","A","2012",0.19000410974542,
"HUN","PENSIONEXP","PRIV","PC_GDP","A","2013",0.08381733871572,
"HUN","PENSIONEXP","PUB","PC_GDP","A","1999",7.675,
"HUN","PENSIONEXP","PUB","PC_GDP","A","2000",7.455,
"HUN","PENSIONEXP","PUB","PC_GDP","A","2001",7.447,
"HUN","PENSIONEXP","PUB","PC_GDP","A","2002",7.956,
"HUN","PENSIONEXP","PUB","PC_GDP","A","2003",7.872,
"HUN","PENSIONEXP","PUB","PC_GDP","A","2004",7.952,
"HUN","PENSIONEXP","PUB","PC_GDP","A","2005",8.366,
"HUN","PENSIONEXP","PUB","PC_GDP","A","2006",8.591,
"HUN","PENSIONEXP","PUB","PC_GDP","A","2007",9.057,
"HUN","PENSIONEXP","PUB","PC_GDP","A","2008",9.518,
"HUN","PENSIONEXP","PUB","PC_GDP","A","2009",9.656,
"HUN","PENSIONEXP","PUB","PC_GDP","A","2010",9.635,
"HUN","PENSIONEXP","PUB","PC_GDP","A","2011",9.797,
"HUN","PENSIONEXP","PUB","PC_GDP","A","2012",10.438,
"HUN","PENSIONEXP","PUB","PC_GDP","A","2013",10.286,
"ISL","PENSIONEXP","PRIV","PC_GDP","A","2001",2.8185765004397,
"ISL","PENSIONEXP","PRIV","PC_GDP","A","2002",3.0668397653428,
"ISL","PENSIONEXP","PRIV","PC_GDP","A","2003",3.317281447893,
"ISL","PENSIONEXP","PRIV","PC_GDP","A","2004",3.2676364986487,
"ISL","PENSIONEXP","PRIV","PC_GDP","A","2005",3.339317843701,
"ISL","PENSIONEXP","PRIV","PC_GDP","A","2006",3.4525021434803,
"ISL","PENSIONEXP","PRIV","PC_GDP","A","2007",3.4500357046407,
"ISL","PENSIONEXP","PRIV","PC_GDP","A","2008",3.6225115418459,
"ISL","PENSIONEXP","PRIV","PC_GDP","A","2009",6.0131843513405,
"ISL","PENSIONEXP","PRIV","PC_GDP","A","2010",5.1759693877236,
"ISL","PENSIONEXP","PRIV","PC_GDP","A","2011",5.9834389317213,
"ISL","PENSIONEXP","PRIV","PC_GDP","A","2012",5.4235231667551,
"ISL","PENSIONEXP","PRIV","PC_GDP","A","2013",5.2331525504109,
"ISL","PENSIONEXP","PUB","PC_GDP","A","1990",2.172,
"ISL","PENSIONEXP","PUB","PC_GDP","A","1991",2.283,
"ISL","PENSIONEXP","PUB","PC_GDP","A","1992",2.341,
"ISL","PENSIONEXP","PUB","PC_GDP","A","1993",2.411,
"ISL","PENSIONEXP","PUB","PC_GDP","A","1994",2.326,
"ISL","PENSIONEXP","PUB","PC_GDP","A","1995",2.341,
"ISL","PENSIONEXP","PUB","PC_GDP","A","1996",2.245,
"ISL","PENSIONEXP","PUB","PC_GDP","A","1997",2.207,
"ISL","PENSIONEXP","PUB","PC_GDP","A","1998",2.151,
"ISL","PENSIONEXP","PUB","PC_GDP","A","1999",2.148,
"ISL","PENSIONEXP","PUB","PC_GDP","A","2000",2.098,
"ISL","PENSIONEXP","PUB","PC_GDP","A","2001",2.004,
"ISL","PENSIONEXP","PUB","PC_GDP","A","2002",2.083,
"ISL","PENSIONEXP","PUB","PC_GDP","A","2003",2.249,
"ISL","PENSIONEXP","PUB","PC_GDP","A","2004",2.045,
"ISL","PENSIONEXP","PUB","PC_GDP","A","2005",1.926,
"ISL","PENSIONEXP","PUB","PC_GDP","A","2006",1.777,
"ISL","PENSIONEXP","PUB","PC_GDP","A","2007",1.819,
"ISL","PENSIONEXP","PUB","PC_GDP","A","2008",1.757,
"ISL","PENSIONEXP","PUB","PC_GDP","A","2009",1.647,
"ISL","PENSIONEXP","PUB","PC_GDP","A","2010",1.585,
"ISL","PENSIONEXP","PUB","PC_GDP","A","2011",2.046,
"ISL","PENSIONEXP","PUB","PC_GDP","A","2012",2.033,
"ISL","PENSIONEXP","PUB","PC_GDP","A","2013",2.034,
"IRL","PENSIONEXP","PUB","PC_GDP","A","1980",5.018,
"IRL","PENSIONEXP","PUB","PC_GDP","A","1981",5.206,
"IRL","PENSIONEXP","PUB","PC_GDP","A","1982",5.589,
"IRL","PENSIONEXP","PUB","PC_GDP","A","1983",5.673,
"IRL","PENSIONEXP","PUB","PC_GDP","A","1984",5.53,
"IRL","PENSIONEXP","PUB","PC_GDP","A","1985",5.402,
"IRL","PENSIONEXP","PUB","PC_GDP","A","1986",5.434,
"IRL","PENSIONEXP","PUB","PC_GDP","A","1987",5.367,
"IRL","PENSIONEXP","PUB","PC_GDP","A","1988",5.14,
"IRL","PENSIONEXP","PUB","PC_GDP","A","1989",4.785,
"IRL","PENSIONEXP","PUB","PC_GDP","A","1990",4.752,
"IRL","PENSIONEXP","PUB","PC_GDP","A","1991",4.897,
"IRL","PENSIONEXP","PUB","PC_GDP","A","1992",4.898,
"IRL","PENSIONEXP","PUB","PC_GDP","A","1993",4.801,
"IRL","PENSIONEXP","PUB","PC_GDP","A","1994",4.626,
"IRL","PENSIONEXP","PUB","PC_GDP","A","1995",4.255,
"IRL","PENSIONEXP","PUB","PC_GDP","A","1996",3.94,
"IRL","PENSIONEXP","PUB","PC_GDP","A","1997",3.628,
"IRL","PENSIONEXP","PUB","PC_GDP","A","1998",3.405,
"IRL","PENSIONEXP","PUB","PC_GDP","A","1999",3.159,
"IRL","PENSIONEXP","PUB","PC_GDP","A","2000",2.927,
"IRL","PENSIONEXP","PUB","PC_GDP","A","2001",2.981,
"IRL","PENSIONEXP","PUB","PC_GDP","A","2002",3.044,
"IRL","PENSIONEXP","PUB","PC_GDP","A","2003",3.08,
"IRL","PENSIONEXP","PUB","PC_GDP","A","2004",3.171,
"IRL","PENSIONEXP","PUB","PC_GDP","A","2005",3.17,
"IRL","PENSIONEXP","PUB","PC_GDP","A","2006",3.211,
"IRL","PENSIONEXP","PUB","PC_GDP","A","2007",3.374,
"IRL","PENSIONEXP","PUB","PC_GDP","A","2008",3.915,
"IRL","PENSIONEXP","PUB","PC_GDP","A","2009",4.778,
"IRL","PENSIONEXP","PUB","PC_GDP","A","2010",4.925,
"IRL","PENSIONEXP","PUB","PC_GDP","A","2011",4.876,
"IRL","PENSIONEXP","PUB","PC_GDP","A","2012",5.067,
"IRL","PENSIONEXP","PUB","PC_GDP","A","2013",4.94,
"ITA","PENSIONEXP","PRIV","PC_GDP","A","2001",0.18271936579305,
"ITA","PENSIONEXP","PRIV","PC_GDP","A","2002",0.15701741629023,
"ITA","PENSIONEXP","PRIV","PC_GDP","A","2003",0.23799608542378,
"ITA","PENSIONEXP","PRIV","PC_GDP","A","2004",0.21348069663928,
"ITA","PENSIONEXP","PRIV","PC_GDP","A","2005",0.19150568485075,
"ITA","PENSIONEXP","PRIV","PC_GDP","A","2006",0.23670915431568,
"ITA","PENSIONEXP","PRIV","PC_GDP","A","2007",0.20731428878779,
"ITA","PENSIONEXP","PRIV","PC_GDP","A","2008",0.28157097619964,
"ITA","PENSIONEXP","PRIV","PC_GDP","A","2009",0.23513661161131,
"ITA","PENSIONEXP","PRIV","PC_GDP","A","2010",0.24573891552901,
"ITA","PENSIONEXP","PRIV","PC_GDP","A","2011",0.23076810459398,
"ITA","PENSIONEXP","PRIV","PC_GDP","A","2012",0.27517412148128,
"ITA","PENSIONEXP","PRIV","PC_GDP","A","2013",0.30623086394946,
"ITA","PENSIONEXP","PUB","PC_GDP","A","1980",8.565,
"ITA","PENSIONEXP","PUB","PC_GDP","A","1981",9.457,
"ITA","PENSIONEXP","PUB","PC_GDP","A","1982",9.845,
"ITA","PENSIONEXP","PUB","PC_GDP","A","1983",10.551,
"ITA","PENSIONEXP","PUB","PC_GDP","A","1984",10.41,
"ITA","PENSIONEXP","PUB","PC_GDP","A","1985",10.772,
"ITA","PENSIONEXP","PUB","PC_GDP","A","1986",11.028,
"ITA","PENSIONEXP","PUB","PC_GDP","A","1987",11.023,
"ITA","PENSIONEXP","PUB","PC_GDP","A","1988",10.989,
"ITA","PENSIONEXP","PUB","PC_GDP","A","1989",11.165,
"ITA","PENSIONEXP","PUB","PC_GDP","A","1990",11.322,
"ITA","PENSIONEXP","PUB","PC_GDP","A","1991",11.627,
"ITA","PENSIONEXP","PUB","PC_GDP","A","1992",12.4,
"ITA","PENSIONEXP","PUB","PC_GDP","A","1993",12.797,
"ITA","PENSIONEXP","PUB","PC_GDP","A","1994",13.006,
"ITA","PENSIONEXP","PUB","PC_GDP","A","1995",12.939,
"ITA","PENSIONEXP","PUB","PC_GDP","A","1996",13.307,
"ITA","PENSIONEXP","PUB","PC_GDP","A","1997",13.744,
"ITA","PENSIONEXP","PUB","PC_GDP","A","1998",13.565,
"ITA","PENSIONEXP","PUB","PC_GDP","A","1999",13.762,
"ITA","PENSIONEXP","PUB","PC_GDP","A","2000",13.458,
"ITA","PENSIONEXP","PUB","PC_GDP","A","2001",13.313,
"ITA","PENSIONEXP","PUB","PC_GDP","A","2002",13.424,
"ITA","PENSIONEXP","PUB","PC_GDP","A","2003",13.54,
"ITA","PENSIONEXP","PUB","PC_GDP","A","2004",13.582,
"ITA","PENSIONEXP","PUB","PC_GDP","A","2005",13.625,
"ITA","PENSIONEXP","PUB","PC_GDP","A","2006",13.607,
"ITA","PENSIONEXP","PUB","PC_GDP","A","2007",13.735,
"ITA","PENSIONEXP","PUB","PC_GDP","A","2008",14.145,
"ITA","PENSIONEXP","PUB","PC_GDP","A","2009",15.135,
"ITA","PENSIONEXP","PUB","PC_GDP","A","2010",15.324,
"ITA","PENSIONEXP","PUB","PC_GDP","A","2011",15.343,
"ITA","PENSIONEXP","PUB","PC_GDP","A","2012",15.855,
"ITA","PENSIONEXP","PUB","PC_GDP","A","2013",16.275,
"JPN","PENSIONEXP","PUB","PC_GDP","A","1980",3.87,
"JPN","PENSIONEXP","PUB","PC_GDP","A","1981",4.161,
"JPN","PENSIONEXP","PUB","PC_GDP","A","1982",4.401,
"JPN","PENSIONEXP","PUB","PC_GDP","A","1983",4.542,
"JPN","PENSIONEXP","PUB","PC_GDP","A","1984",4.583,
"JPN","PENSIONEXP","PUB","PC_GDP","A","1985",4.691,
"JPN","PENSIONEXP","PUB","PC_GDP","A","1986",4.965,
"JPN","PENSIONEXP","PUB","PC_GDP","A","1987",5.023,
"JPN","PENSIONEXP","PUB","PC_GDP","A","1988",4.908,
"JPN","PENSIONEXP","PUB","PC_GDP","A","1989",4.853,
"JPN","PENSIONEXP","PUB","PC_GDP","A","1990",4.811,
"JPN","PENSIONEXP","PUB","PC_GDP","A","1991",4.862,
"JPN","PENSIONEXP","PUB","PC_GDP","A","1992",5.111,
"JPN","PENSIONEXP","PUB","PC_GDP","A","1993",5.386,
"JPN","PENSIONEXP","PUB","PC_GDP","A","1994",5.692,
"JPN","PENSIONEXP","PUB","PC_GDP","A","1995",6.064,
"JPN","PENSIONEXP","PUB","PC_GDP","A","1996",6.189,
"JPN","PENSIONEXP","PUB","PC_GDP","A","1997",6.371,
"JPN","PENSIONEXP","PUB","PC_GDP","A","1998",6.81,
"JPN","PENSIONEXP","PUB","PC_GDP","A","1999",7.109,
"JPN","PENSIONEXP","PUB","PC_GDP","A","2000",7.287,
"JPN","PENSIONEXP","PUB","PC_GDP","A","2001",7.594,
"JPN","PENSIONEXP","PUB","PC_GDP","A","2002",7.894,
"JPN","PENSIONEXP","PUB","PC_GDP","A","2003",8.08,
"JPN","PENSIONEXP","PUB","PC_GDP","A","2004",8.254,
"JPN","PENSIONEXP","PUB","PC_GDP","A","2005",8.496,
"JPN","PENSIONEXP","PUB","PC_GDP","A","2006",8.551,
"JPN","PENSIONEXP","PUB","PC_GDP","A","2007",8.689,
"JPN","PENSIONEXP","PUB","PC_GDP","A","2008",9.182,
"JPN","PENSIONEXP","PUB","PC_GDP","A","2009",10.017,
"JPN","PENSIONEXP","PUB","PC_GDP","A","2010",9.983,
"JPN","PENSIONEXP","PUB","PC_GDP","A","2011",10.136,
"JPN","PENSIONEXP","PUB","PC_GDP","A","2012",10.222,
"JPN","PENSIONEXP","PUB","PC_GDP","A","2013",10.239,
"KOR","PENSIONEXP","PRIV","PC_GDP","A","2002",0.87314332605935,
"KOR","PENSIONEXP","PRIV","PC_GDP","A","2003",0.88972652347292,
"KOR","PENSIONEXP","PRIV","PC_GDP","A","2004",0.54050737838353,
"KOR","PENSIONEXP","PRIV","PC_GDP","A","2005",0.68132864617618,
"KOR","PENSIONEXP","PRIV","PC_GDP","A","2006",0.79584833427494,
"KOR","PENSIONEXP","PRIV","PC_GDP","A","2007",0.86420039179146,
"KOR","PENSIONEXP","PRIV","PC_GDP","A","2008",0.71231006119351,
"KOR","PENSIONEXP","PRIV","PC_GDP","A","2009",1.0095681459486,
"KOR","PENSIONEXP","PRIV","PC_GDP","A","2010",1.3337548454184,
"KOR","PENSIONEXP","PRIV","PC_GDP","A","2011",1.2793834383472,
"KOR","PENSIONEXP","PRIV","PC_GDP","A","2012",1.6859561538305,
"KOR","PENSIONEXP","PRIV","PC_GDP","A","2013",2.3267919152421,
"KOR","PENSIONEXP","PUB","PC_GDP","A","1990",0.709,
"KOR","PENSIONEXP","PUB","PC_GDP","A","1991",0.762,
"KOR","PENSIONEXP","PUB","PC_GDP","A","1992",0.882,
"KOR","PENSIONEXP","PUB","PC_GDP","A","1993",0.984,
"KOR","PENSIONEXP","PUB","PC_GDP","A","1994",1.024,
"KOR","PENSIONEXP","PUB","PC_GDP","A","1995",1.118,
"KOR","PENSIONEXP","PUB","PC_GDP","A","1996",1.089,
"KOR","PENSIONEXP","PUB","PC_GDP","A","1997",1.151,
"KOR","PENSIONEXP","PUB","PC_GDP","A","1998",1.832,
"KOR","PENSIONEXP","PUB","PC_GDP","A","1999",2.378,
"KOR","PENSIONEXP","PUB","PC_GDP","A","2000",1.314,
"KOR","PENSIONEXP","PUB","PC_GDP","A","2001",1.095,
"KOR","PENSIONEXP","PUB","PC_GDP","A","2002",1.084,
"KOR","PENSIONEXP","PUB","PC_GDP","A","2003",1.223,
"KOR","PENSIONEXP","PUB","PC_GDP","A","2004",1.299,
"KOR","PENSIONEXP","PUB","PC_GDP","A","2005",1.44,
"KOR","PENSIONEXP","PUB","PC_GDP","A","2006",1.51,
"KOR","PENSIONEXP","PUB","PC_GDP","A","2007",1.577,
"KOR","PENSIONEXP","PUB","PC_GDP","A","2008",1.877,
"KOR","PENSIONEXP","PUB","PC_GDP","A","2009",1.987,
"KOR","PENSIONEXP","PUB","PC_GDP","A","2010",2.027,
"KOR","PENSIONEXP","PUB","PC_GDP","A","2011",2.074,
"KOR","PENSIONEXP","PUB","PC_GDP","A","2012",2.282,
"KOR","PENSIONEXP","PUB","PC_GDP","A","2013",2.337,
"KOR","PENSIONEXP","PUB","PC_GDP","A","2014",2.619,
"LUX","PENSIONEXP","PRIV","PC_GDP","A","2004",0.02477699539037,
"LUX","PENSIONEXP","PRIV","PC_GDP","A","2005",0.07242185453153,
"LUX","PENSIONEXP","PRIV","PC_GDP","A","2006",0.05838650544382,
"LUX","PENSIONEXP","PRIV","PC_GDP","A","2007",0.07691465015631,
"LUX","PENSIONEXP","PRIV","PC_GDP","A","2008",0.04938370311147,
"LUX","PENSIONEXP","PRIV","PC_GDP","A","2009",0.08336042932462,
"LUX","PENSIONEXP","PRIV","PC_GDP","A","2010",0.11580823859307,
"LUX","PENSIONEXP","PRIV","PC_GDP","A","2011",0.1255107403137,
"LUX","PENSIONEXP","PRIV","PC_GDP","A","2012",0.1377019994522,
"LUX","PENSIONEXP","PRIV","PC_GDP","A","2013",0.1447620898205,
"LUX","PENSIONEXP","PUB","PC_GDP","A","1980",8.594,
"LUX","PENSIONEXP","PUB","PC_GDP","A","1981",9.047,
"LUX","PENSIONEXP","PUB","PC_GDP","A","1982",8.721,
"LUX","PENSIONEXP","PUB","PC_GDP","A","1983",8.604,
"LUX","PENSIONEXP","PUB","PC_GDP","A","1984",8.128,
"LUX","PENSIONEXP","PUB","PC_GDP","A","1985",8.081,
"LUX","PENSIONEXP","PUB","PC_GDP","A","1986",7.819,
"LUX","PENSIONEXP","PUB","PC_GDP","A","1987",8.005,
"LUX","PENSIONEXP","PUB","PC_GDP","A","1988",7.677,
"LUX","PENSIONEXP","PUB","PC_GDP","A","1989",7.51,
"LUX","PENSIONEXP","PUB","PC_GDP","A","1990",7.732,
"LUX","PENSIONEXP","PUB","PC_GDP","A","1991",8.145,
"LUX","PENSIONEXP","PUB","PC_GDP","A","1992",8.193,
"LUX","PENSIONEXP","PUB","PC_GDP","A","1993",8.143,
"LUX","PENSIONEXP","PUB","PC_GDP","A","1994",8.14,
"LUX","PENSIONEXP","PUB","PC_GDP","A","1995",8.355,
"LUX","PENSIONEXP","PUB","PC_GDP","A","1996",8.272,
"LUX","PENSIONEXP","PUB","PC_GDP","A","1997",8.457,
"LUX","PENSIONEXP","PUB","PC_GDP","A","1998",8.139,
"LUX","PENSIONEXP","PUB","PC_GDP","A","1999",7.511,
"LUX","PENSIONEXP","PUB","PC_GDP","A","2000",7.083,
"LUX","PENSIONEXP","PUB","PC_GDP","A","2001",6.644,
"LUX","PENSIONEXP","PUB","PC_GDP","A","2002",6.986,
"LUX","PENSIONEXP","PUB","PC_GDP","A","2003",7.358,
"LUX","PENSIONEXP","PUB","PC_GDP","A","2004",7.257,
"LUX","PENSIONEXP","PUB","PC_GDP","A","2005",7.312,
"LUX","PENSIONEXP","PUB","PC_GDP","A","2006",6.89,
"LUX","PENSIONEXP","PUB","PC_GDP","A","2007",6.671,
"LUX","PENSIONEXP","PUB","PC_GDP","A","2008",6.96,
"LUX","PENSIONEXP","PUB","PC_GDP","A","2009",7.895,
"LUX","PENSIONEXP","PUB","PC_GDP","A","2010",7.58,
"LUX","PENSIONEXP","PUB","PC_GDP","A","2011",7.631,
"LUX","PENSIONEXP","PUB","PC_GDP","A","2012",8.555,
"LUX","PENSIONEXP","PUB","PC_GDP","A","2013",8.51,
"MEX","PENSIONEXP","PRIV","PC_GDP","A","2001",0.01483923135837,
"MEX","PENSIONEXP","PRIV","PC_GDP","A","2002",0.01892114756772,
"MEX","PENSIONEXP","PRIV","PC_GDP","A","2003",0.07548734853242,
"MEX","PENSIONEXP","PRIV","PC_GDP","A","2004",0.05377828816816,
"MEX","PENSIONEXP","PRIV","PC_GDP","A","2005",0.06056152396257,
"MEX","PENSIONEXP","PRIV","PC_GDP","A","2006",0.19795040000664,
"MEX","PENSIONEXP","PRIV","PC_GDP","A","2007",0.23416583440232,
"MEX","PENSIONEXP","PRIV","PC_GDP","A","2008",0.24616743150898,
"MEX","PENSIONEXP","PRIV","PC_GDP","A","2009",0.33819943264892,
"MEX","PENSIONEXP","PRIV","PC_GDP","A","2010",0.33479284786798,
"MEX","PENSIONEXP","PRIV","PC_GDP","A","2011",0.32427928467502,
"MEX","PENSIONEXP","PRIV","PC_GDP","A","2012",0.33320664894328,
"MEX","PENSIONEXP","PRIV","PC_GDP","A","2013",0.44183222287888,
"MEX","PENSIONEXP","PUB","PC_GDP","A","1985",0.171,
"MEX","PENSIONEXP","PUB","PC_GDP","A","1986",0.187,
"MEX","PENSIONEXP","PUB","PC_GDP","A","1987",0.297,
"MEX","PENSIONEXP","PUB","PC_GDP","A","1988",0.324,
"MEX","PENSIONEXP","PUB","PC_GDP","A","1989",0.483,
"MEX","PENSIONEXP","PUB","PC_GDP","A","1990",0.45,
"MEX","PENSIONEXP","PUB","PC_GDP","A","1991",0.492,
"MEX","PENSIONEXP","PUB","PC_GDP","A","1992",0.581,
"MEX","PENSIONEXP","PUB","PC_GDP","A","1993",0.593,
"MEX","PENSIONEXP","PUB","PC_GDP","A","1994",0.654,
"MEX","PENSIONEXP","PUB","PC_GDP","A","1995",0.675,
"MEX","PENSIONEXP","PUB","PC_GDP","A","1996",0.642,
"MEX","PENSIONEXP","PUB","PC_GDP","A","1997",0.679,
"MEX","PENSIONEXP","PUB","PC_GDP","A","1998",0.805,
"MEX","PENSIONEXP","PUB","PC_GDP","A","1999",0.835,
"MEX","PENSIONEXP","PUB","PC_GDP","A","2000",0.84,
"MEX","PENSIONEXP","PUB","PC_GDP","A","2001",0.92,
"MEX","PENSIONEXP","PUB","PC_GDP","A","2002",0.995,
"MEX","PENSIONEXP","PUB","PC_GDP","A","2003",1.109,
"MEX","PENSIONEXP","PUB","PC_GDP","A","2004",1.081,
"MEX","PENSIONEXP","PUB","PC_GDP","A","2005",1.165,
"MEX","PENSIONEXP","PUB","PC_GDP","A","2006",1.17,
"MEX","PENSIONEXP","PUB","PC_GDP","A","2007",1.286,
"MEX","PENSIONEXP","PUB","PC_GDP","A","2008",1.418,
"MEX","PENSIONEXP","PUB","PC_GDP","A","2009",1.661,
"MEX","PENSIONEXP","PUB","PC_GDP","A","2010",1.769,
"MEX","PENSIONEXP","PUB","PC_GDP","A","2011",1.83,
"NLD","PENSIONEXP","PRIV","PC_GDP","A","1992",3.1667978042392,
"NLD","PENSIONEXP","PRIV","PC_GDP","A","1993",3.2989037349416,
"NLD","PENSIONEXP","PRIV","PC_GDP","A","1994",3.3352294445009,
"NLD","PENSIONEXP","PRIV","PC_GDP","A","1995",3.2680191081729,
"NLD","PENSIONEXP","PRIV","PC_GDP","A","1996",2.9219217912416,
"NLD","PENSIONEXP","PRIV","PC_GDP","A","1997",2.8446949211256,
"NLD","PENSIONEXP","PRIV","PC_GDP","A","1998",2.8968887832323,
"NLD","PENSIONEXP","PRIV","PC_GDP","A","1999",2.8967752975108,
"NLD","PENSIONEXP","PRIV","PC_GDP","A","2000",2.9796066907866,
"NLD","PENSIONEXP","PRIV","PC_GDP","A","2001",2.8021277711581,
"NLD","PENSIONEXP","PRIV","PC_GDP","A","2002",2.9059597452786,
"NLD","PENSIONEXP","PRIV","PC_GDP","A","2003",3.0197110156295,
"NLD","PENSIONEXP","PRIV","PC_GDP","A","2004",3.168307761018,
"NLD","PENSIONEXP","PRIV","PC_GDP","A","2005",3.2759723538285,
"NLD","PENSIONEXP","PRIV","PC_GDP","A","2006",3.2870341602039,
"NLD","PENSIONEXP","PRIV","PC_GDP","A","2007",3.2918079833029,
"NLD","PENSIONEXP","PRIV","PC_GDP","A","2008",3.3066682520734,
"NLD","PENSIONEXP","PRIV","PC_GDP","A","2009",3.611264047673,
"NLD","PENSIONEXP","PRIV","PC_GDP","A","2010",3.7421299991132,
"NLD","PENSIONEXP","PRIV","PC_GDP","A","2011",3.9019860668907,
"NLD","PENSIONEXP","PRIV","PC_GDP","A","2012",4.0199081163859,
"NLD","PENSIONEXP","PRIV","PC_GDP","A","2013",4.0724767498852,
"NLD","PENSIONEXP","PUB","PC_GDP","A","1980",5.99,
"NLD","PENSIONEXP","PUB","PC_GDP","A","1981",5.919,
"NLD","PENSIONEXP","PUB","PC_GDP","A","1982",6.073,
"NLD","PENSIONEXP","PUB","PC_GDP","A","1983",5.982,
"NLD","PENSIONEXP","PUB","PC_GDP","A","1984",5.721,
"NLD","PENSIONEXP","PUB","PC_GDP","A","1985",5.808,
"NLD","PENSIONEXP","PUB","PC_GDP","A","1986",5.73,
"NLD","PENSIONEXP","PUB","PC_GDP","A","1987",5.787,
"NLD","PENSIONEXP","PUB","PC_GDP","A","1988",5.736,
"NLD","PENSIONEXP","PUB","PC_GDP","A","1989",5.639,
"NLD","PENSIONEXP","PUB","PC_GDP","A","1990",6.305,
"NLD","PENSIONEXP","PUB","PC_GDP","A","1991",6.196,
"NLD","PENSIONEXP","PUB","PC_GDP","A","1992",6.147,
"NLD","PENSIONEXP","PUB","PC_GDP","A","1993",6.063,
"NLD","PENSIONEXP","PUB","PC_GDP","A","1994",5.562,
"NLD","PENSIONEXP","PUB","PC_GDP","A","1995",5.409,
"NLD","PENSIONEXP","PUB","PC_GDP","A","1996",5.363,
"NLD","PENSIONEXP","PUB","PC_GDP","A","1997",5.187,
"NLD","PENSIONEXP","PUB","PC_GDP","A","1998",4.991,
"NLD","PENSIONEXP","PUB","PC_GDP","A","1999",4.879,
"NLD","PENSIONEXP","PUB","PC_GDP","A","2000",4.663,
"NLD","PENSIONEXP","PUB","PC_GDP","A","2001",4.636,
"NLD","PENSIONEXP","PUB","PC_GDP","A","2002",4.695,
"NLD","PENSIONEXP","PUB","PC_GDP","A","2003",4.783,
"NLD","PENSIONEXP","PUB","PC_GDP","A","2004",4.7,
"NLD","PENSIONEXP","PUB","PC_GDP","A","2005",4.667,
"NLD","PENSIONEXP","PUB","PC_GDP","A","2006",4.538,
"NLD","PENSIONEXP","PUB","PC_GDP","A","2007",4.489,
"NLD","PENSIONEXP","PUB","PC_GDP","A","2008",4.479,
"NLD","PENSIONEXP","PUB","PC_GDP","A","2009",4.93,
"NLD","PENSIONEXP","PUB","PC_GDP","A","2010",4.992,
"NLD","PENSIONEXP","PUB","PC_GDP","A","2011",5.084,
"NLD","PENSIONEXP","PUB","PC_GDP","A","2012",5.257,
"NLD","PENSIONEXP","PUB","PC_GDP","A","2013",5.414,
"NZL","PENSIONEXP","PRIV","PC_GDP","A","2001",2.2701419428056,
"NZL","PENSIONEXP","PRIV","PC_GDP","A","2002",2.0604916402511,
"NZL","PENSIONEXP","PRIV","PC_GDP","A","2003",1.8540598448467,
"NZL","PENSIONEXP","PRIV","PC_GDP","A","2004",1.4202803389502,
"NZL","PENSIONEXP","PRIV","PC_GDP","A","2005",1.3160471816338,
"NZL","PENSIONEXP","PRIV","PC_GDP","A","2006",1.5304124342186,
"NZL","PENSIONEXP","PRIV","PC_GDP","A","2007",1.3373620874261,
"NZL","PENSIONEXP","PRIV","PC_GDP","A","2008",1.3959411319052,
"NZL","PENSIONEXP","PRIV","PC_GDP","A","2009",1.9284401421394,
"NZL","PENSIONEXP","PRIV","PC_GDP","A","2010",1.3588862098468,
"NZL","PENSIONEXP","PRIV","PC_GDP","A","2011",1.323462166036,
"NZL","PENSIONEXP","PRIV","PC_GDP","A","2012",1.4287922016167,
"NZL","PENSIONEXP","PRIV","PC_GDP","A","2013",1.6712389195615,
"NZL","PENSIONEXP","PUB","PC_GDP","A","1980",6.967,
"NZL","PENSIONEXP","PUB","PC_GDP","A","1981",6.955,
"NZL","PENSIONEXP","PUB","PC_GDP","A","1982",7.788,
"NZL","PENSIONEXP","PUB","PC_GDP","A","1983",7.263,
"NZL","PENSIONEXP","PUB","PC_GDP","A","1984",7.027,
"NZL","PENSIONEXP","PUB","PC_GDP","A","1985",7.406,
"NZL","PENSIONEXP","PUB","PC_GDP","A","1986",6.72,
"NZL","PENSIONEXP","PUB","PC_GDP","A","1987",6.531,
"NZL","PENSIONEXP","PUB","PC_GDP","A","1988",6.568,
"NZL","PENSIONEXP","PUB","PC_GDP","A","1989",6.873,
"NZL","PENSIONEXP","PUB","PC_GDP","A","1990",7.246,
"NZL","PENSIONEXP","PUB","PC_GDP","A","1991",7.602,
"NZL","PENSIONEXP","PUB","PC_GDP","A","1992",6.927,
"NZL","PENSIONEXP","PUB","PC_GDP","A","1993",6.341,
"NZL","PENSIONEXP","PUB","PC_GDP","A","1994",5.926,
"NZL","PENSIONEXP","PUB","PC_GDP","A","1995",5.587,
"NZL","PENSIONEXP","PUB","PC_GDP","A","1996",5.412,
"NZL","PENSIONEXP","PUB","PC_GDP","A","1997",5.29,
"NZL","PENSIONEXP","PUB","PC_GDP","A","1998",5.238,
"NZL","PENSIONEXP","PUB","PC_GDP","A","1999",4.958,
"NZL","PENSIONEXP","PUB","PC_GDP","A","2000",4.891,
"NZL","PENSIONEXP","PUB","PC_GDP","A","2001",4.669,
"NZL","PENSIONEXP","PUB","PC_GDP","A","2002",4.554,
"NZL","PENSIONEXP","PUB","PC_GDP","A","2003",4.383,
"NZL","PENSIONEXP","PUB","PC_GDP","A","2004",4.213,
"NZL","PENSIONEXP","PUB","PC_GDP","A","2005",4.201,
"NZL","PENSIONEXP","PUB","PC_GDP","A","2006",4.216,
"NZL","PENSIONEXP","PUB","PC_GDP","A","2007",4.181,
"NZL","PENSIONEXP","PUB","PC_GDP","A","2008",4.337,
"NZL","PENSIONEXP","PUB","PC_GDP","A","2009",4.53,
"NZL","PENSIONEXP","PUB","PC_GDP","A","2010",4.587,
"NZL","PENSIONEXP","PUB","PC_GDP","A","2011",4.728,
"NZL","PENSIONEXP","PUB","PC_GDP","A","2012",4.91,
"NZL","PENSIONEXP","PUB","PC_GDP","A","2013",4.825,
"NZL","PENSIONEXP","PUB","PC_GDP","A","2014",5.088,
"NOR","PENSIONEXP","PRIV","PC_GDP","A","2005",0.90579664967606,
"NOR","PENSIONEXP","PRIV","PC_GDP","A","2006",0.88046288739464,
"NOR","PENSIONEXP","PRIV","PC_GDP","A","2007",0.863037813726,
"NOR","PENSIONEXP","PRIV","PC_GDP","A","2008",0.90144239995701,
"NOR","PENSIONEXP","PRIV","PC_GDP","A","2009",1.0842088193677,
"NOR","PENSIONEXP","PRIV","PC_GDP","A","2010",0.99828191232039,
"NOR","PENSIONEXP","PRIV","PC_GDP","A","2011",0.96524182003193,
"NOR","PENSIONEXP","PRIV","PC_GDP","A","2012",0.98446968981603,
"NOR","PENSIONEXP","PRIV","PC_GDP","A","2013",1.0248338357554,
"NOR","PENSIONEXP","PUB","PC_GDP","A","1980",4.474,
"NOR","PENSIONEXP","PUB","PC_GDP","A","1985",4.63,
"NOR","PENSIONEXP","PUB","PC_GDP","A","1988",5.412,
"NOR","PENSIONEXP","PUB","PC_GDP","A","1989",5.458,
"NOR","PENSIONEXP","PUB","PC_GDP","A","1990",5.539,
"NOR","PENSIONEXP","PUB","PC_GDP","A","1991",5.548,
"NOR","PENSIONEXP","PUB","PC_GDP","A","1992",5.614,
"NOR","PENSIONEXP","PUB","PC_GDP","A","1993",5.58,
"NOR","PENSIONEXP","PUB","PC_GDP","A","1994",5.546,
"NOR","PENSIONEXP","PUB","PC_GDP","A","1995",5.4,
"NOR","PENSIONEXP","PUB","PC_GDP","A","1996",5.178,
"NOR","PENSIONEXP","PUB","PC_GDP","A","1997",5.063,
"NOR","PENSIONEXP","PUB","PC_GDP","A","1998",5.447,
"NOR","PENSIONEXP","PUB","PC_GDP","A","1999",5.334,
"NOR","PENSIONEXP","PUB","PC_GDP","A","2000",4.702,
"NOR","PENSIONEXP","PUB","PC_GDP","A","2001",4.772,
"NOR","PENSIONEXP","PUB","PC_GDP","A","2002",5.123,
"NOR","PENSIONEXP","PUB","PC_GDP","A","2003",5.252,
"NOR","PENSIONEXP","PUB","PC_GDP","A","2004",5.054,
"NOR","PENSIONEXP","PUB","PC_GDP","A","2005",4.764,
"NOR","PENSIONEXP","PUB","PC_GDP","A","2006",4.513,
"NOR","PENSIONEXP","PUB","PC_GDP","A","2007",4.567,
"NOR","PENSIONEXP","PUB","PC_GDP","A","2008",4.486,
"NOR","PENSIONEXP","PUB","PC_GDP","A","2009",5.149,
"NOR","PENSIONEXP","PUB","PC_GDP","A","2010",5.173,
"NOR","PENSIONEXP","PUB","PC_GDP","A","2011",5.354,
"NOR","PENSIONEXP","PUB","PC_GDP","A","2012",5.552,
"NOR","PENSIONEXP","PUB","PC_GDP","A","2013",5.814,
"POL","PENSIONEXP","PRIV","PC_GDP","A","1999",0,
"POL","PENSIONEXP","PRIV","PC_GDP","A","2000",0,
"POL","PENSIONEXP","PRIV","PC_GDP","A","2001",0,
"POL","PENSIONEXP","PRIV","PC_GDP","A","2002",0,
"POL","PENSIONEXP","PRIV","PC_GDP","A","2003",0,
"POL","PENSIONEXP","PRIV","PC_GDP","A","2004",0,
"POL","PENSIONEXP","PRIV","PC_GDP","A","2005",0.00175539267696,
"POL","PENSIONEXP","PRIV","PC_GDP","A","2006",0.00292075731528,
"POL","PENSIONEXP","PRIV","PC_GDP","A","2007",0.00502510479258,
"POL","PENSIONEXP","PRIV","PC_GDP","A","2008",0.00511951183335,
"POL","PENSIONEXP","PRIV","PC_GDP","A","2009",0.00827958538312,
"POL","PENSIONEXP","PRIV","PC_GDP","A","2010",0.00770199443214,
"POL","PENSIONEXP","PRIV","PC_GDP","A","2011",0.0104144053851,
"POL","PENSIONEXP","PRIV","PC_GDP","A","2012",0.01276085337714,
"POL","PENSIONEXP","PRIV","PC_GDP","A","2013",0.02006782928091,
"POL","PENSIONEXP","PUB","PC_GDP","A","1990",5.032,
"POL","PENSIONEXP","PUB","PC_GDP","A","1991",7.735,
"POL","PENSIONEXP","PUB","PC_GDP","A","1992",9.235,
"POL","PENSIONEXP","PUB","PC_GDP","A","1993",9.487,
"POL","PENSIONEXP","PUB","PC_GDP","A","1994",9.408,
"POL","PENSIONEXP","PUB","PC_GDP","A","1995",9.221,
"POL","PENSIONEXP","PUB","PC_GDP","A","1996",9.221,
"POL","PENSIONEXP","PUB","PC_GDP","A","1997",9.55,
"POL","PENSIONEXP","PUB","PC_GDP","A","1998",9.154,
"POL","PENSIONEXP","PUB","PC_GDP","A","1999",9.298,
"POL","PENSIONEXP","PUB","PC_GDP","A","2000",10.471,
"POL","PENSIONEXP","PUB","PC_GDP","A","2001",11.467,
"POL","PENSIONEXP","PUB","PC_GDP","A","2002",11.694,
"POL","PENSIONEXP","PUB","PC_GDP","A","2003",11.884,
"POL","PENSIONEXP","PUB","PC_GDP","A","2004",11.643,
"POL","PENSIONEXP","PUB","PC_GDP","A","2005",11.339,
"POL","PENSIONEXP","PUB","PC_GDP","A","2006",11.405,
"POL","PENSIONEXP","PUB","PC_GDP","A","2007",10.624,
"POL","PENSIONEXP","PUB","PC_GDP","A","2008",10.861,
"POL","PENSIONEXP","PUB","PC_GDP","A","2009",11.713,
"POL","PENSIONEXP","PUB","PC_GDP","A","2010",11.056,
"POL","PENSIONEXP","PUB","PC_GDP","A","2011",10.552,
"POL","PENSIONEXP","PUB","PC_GDP","A","2012",10.3,
"PRT","PENSIONEXP","PRIV","PC_GDP","A","1999",0.63516985162614,
"PRT","PENSIONEXP","PRIV","PC_GDP","A","2000",0.66236280925779,
"PRT","PENSIONEXP","PRIV","PC_GDP","A","2001",0.7235727353371,
"PRT","PENSIONEXP","PRIV","PC_GDP","A","2002",0.95093054456452,
"PRT","PENSIONEXP","PRIV","PC_GDP","A","2003",0.82760734856659,
"PRT","PENSIONEXP","PRIV","PC_GDP","A","2004",0.8284494392984,
"PRT","PENSIONEXP","PRIV","PC_GDP","A","2005",0.81827044969323,
"PRT","PENSIONEXP","PRIV","PC_GDP","A","2006",0.94671019095488,
"PRT","PENSIONEXP","PRIV","PC_GDP","A","2007",0.91115546512549,
"PRT","PENSIONEXP","PRIV","PC_GDP","A","2008",1.3357587610288,
"PRT","PENSIONEXP","PRIV","PC_GDP","A","2009",0.96218787364042,
"PRT","PENSIONEXP","PRIV","PC_GDP","A","2010",0.6854089133651,
"PRT","PENSIONEXP","PRIV","PC_GDP","A","2011",0.78597177785119,
"PRT","PENSIONEXP","PRIV","PC_GDP","A","2012",0.44238862338033,
"PRT","PENSIONEXP","PRIV","PC_GDP","A","2013",0.40711703254348,
"PRT","PENSIONEXP","PUB","PC_GDP","A","1980",3.672,
"PRT","PENSIONEXP","PUB","PC_GDP","A","1981",3.943,
"PRT","PENSIONEXP","PUB","PC_GDP","A","1982",3.716,
"PRT","PENSIONEXP","PUB","PC_GDP","A","1983",4.206,
"PRT","PENSIONEXP","PUB","PC_GDP","A","1984",4.068,
"PRT","PENSIONEXP","PUB","PC_GDP","A","1985",4.015,
"PRT","PENSIONEXP","PUB","PC_GDP","A","1986",4.189,
"PRT","PENSIONEXP","PUB","PC_GDP","A","1987",4.477,
"PRT","PENSIONEXP","PUB","PC_GDP","A","1988",4.382,
"PRT","PENSIONEXP","PUB","PC_GDP","A","1989",4.336,
"PRT","PENSIONEXP","PUB","PC_GDP","A","1990",4.825,
"PRT","PENSIONEXP","PUB","PC_GDP","A","1991",5.222,
"PRT","PENSIONEXP","PUB","PC_GDP","A","1992",5.692,
"PRT","PENSIONEXP","PUB","PC_GDP","A","1993",6.264,
"PRT","PENSIONEXP","PUB","PC_GDP","A","1994",6.452,
"PRT","PENSIONEXP","PUB","PC_GDP","A","1995",7.1,
"PRT","PENSIONEXP","PUB","PC_GDP","A","1996",7.334,
"PRT","PENSIONEXP","PUB","PC_GDP","A","1997",7.242,
"PRT","PENSIONEXP","PUB","PC_GDP","A","1998",7.271,
"PRT","PENSIONEXP","PUB","PC_GDP","A","1999",7.571,
"PRT","PENSIONEXP","PUB","PC_GDP","A","2000",7.821,
"PRT","PENSIONEXP","PUB","PC_GDP","A","2001",8.207,
"PRT","PENSIONEXP","PUB","PC_GDP","A","2002",8.597,
"PRT","PENSIONEXP","PUB","PC_GDP","A","2003",9.1,
"PRT","PENSIONEXP","PUB","PC_GDP","A","2004",9.682,
"PRT","PENSIONEXP","PUB","PC_GDP","A","2005",10.014,
"PRT","PENSIONEXP","PUB","PC_GDP","A","2006",10.257,
"PRT","PENSIONEXP","PUB","PC_GDP","A","2007",10.346,
"PRT","PENSIONEXP","PUB","PC_GDP","A","2008",10.873,
"PRT","PENSIONEXP","PUB","PC_GDP","A","2009",11.831,
"PRT","PENSIONEXP","PUB","PC_GDP","A","2010",11.989,
"PRT","PENSIONEXP","PUB","PC_GDP","A","2011",12.668,
"PRT","PENSIONEXP","PUB","PC_GDP","A","2012",12.999,
"PRT","PENSIONEXP","PUB","PC_GDP","A","2013",13.953,
"SVK","PENSIONEXP","PUB","PC_GDP","A","1995",6.18,
"SVK","PENSIONEXP","PUB","PC_GDP","A","1996",6.176,
"SVK","PENSIONEXP","PUB","PC_GDP","A","1997",6.131,
"SVK","PENSIONEXP","PUB","PC_GDP","A","1998",6.267,
"SVK","PENSIONEXP","PUB","PC_GDP","A","1999",6.332,
"SVK","PENSIONEXP","PUB","PC_GDP","A","2000",6.258,
"SVK","PENSIONEXP","PUB","PC_GDP","A","2001",6.289,
"SVK","PENSIONEXP","PUB","PC_GDP","A","2002",6.338,
"SVK","PENSIONEXP","PUB","PC_GDP","A","2003",6.126,
"SVK","PENSIONEXP","PUB","PC_GDP","A","2004",6.05,
"SVK","PENSIONEXP","PUB","PC_GDP","A","2005",6.061,
"SVK","PENSIONEXP","PUB","PC_GDP","A","2006",5.902,
"SVK","PENSIONEXP","PUB","PC_GDP","A","2007",5.725,
"SVK","PENSIONEXP","PUB","PC_GDP","A","2008",5.597,
"SVK","PENSIONEXP","PUB","PC_GDP","A","2009",6.898,
"SVK","PENSIONEXP","PUB","PC_GDP","A","2010",6.812,
"SVK","PENSIONEXP","PUB","PC_GDP","A","2011",6.807,
"SVK","PENSIONEXP","PUB","PC_GDP","A","2012",6.985,
"SVK","PENSIONEXP","PUB","PC_GDP","A","2013",7.195,
"ESP","PENSIONEXP","PRIV","PC_GDP","A","2001",0.40756624466783,
"ESP","PENSIONEXP","PRIV","PC_GDP","A","2002",0.56984363822722,
"ESP","PENSIONEXP","PRIV","PC_GDP","A","2003",0.42601609016867,
"ESP","PENSIONEXP","PRIV","PC_GDP","A","2004",0.47483295024494,
"ESP","PENSIONEXP","PRIV","PC_GDP","A","2005",0.53048198623204,
"ESP","PENSIONEXP","PRIV","PC_GDP","A","2006",0.54902187655634,
"ESP","PENSIONEXP","PRIV","PC_GDP","A","2007",0.50424985867042,
"ESP","PENSIONEXP","PRIV","PC_GDP","A","2008",0.55665947266054,
"ESP","PENSIONEXP","PRIV","PC_GDP","A","2009",0.56442827566138,
"ESP","PENSIONEXP","PRIV","PC_GDP","A","2010",0.585888966087,
"ESP","PENSIONEXP","PRIV","PC_GDP","A","2011",0.66141799911547,
"ESP","PENSIONEXP","PRIV","PC_GDP","A","2012",0.66198142837376,
"ESP","PENSIONEXP","PRIV","PC_GDP","A","2013",0.63441007795604,
"ESP","PENSIONEXP","PUB","PC_GDP","A","1980",6.058,
"ESP","PENSIONEXP","PUB","PC_GDP","A","1981",6.591,
"ESP","PENSIONEXP","PUB","PC_GDP","A","1982",6.743,
"ESP","PENSIONEXP","PUB","PC_GDP","A","1983",7.017,
"ESP","PENSIONEXP","PUB","PC_GDP","A","1984",7.177,
"ESP","PENSIONEXP","PUB","PC_GDP","A","1985",7.339,
"ESP","PENSIONEXP","PUB","PC_GDP","A","1986",7.255,
"ESP","PENSIONEXP","PUB","PC_GDP","A","1987",7.159,
"ESP","PENSIONEXP","PUB","PC_GDP","A","1988",7.112,
"ESP","PENSIONEXP","PUB","PC_GDP","A","1989",7.195,
"ESP","PENSIONEXP","PUB","PC_GDP","A","1990",7.707,
"ESP","PENSIONEXP","PUB","PC_GDP","A","1991",7.882,
"ESP","PENSIONEXP","PUB","PC_GDP","A","1992",8.209,
"ESP","PENSIONEXP","PUB","PC_GDP","A","1993",8.623,
"ESP","PENSIONEXP","PUB","PC_GDP","A","1994",8.652,
"ESP","PENSIONEXP","PUB","PC_GDP","A","1995",8.771,
"ESP","PENSIONEXP","PUB","PC_GDP","A","1996",8.923,
"ESP","PENSIONEXP","PUB","PC_GDP","A","1997",8.834,
"ESP","PENSIONEXP","PUB","PC_GDP","A","1998",8.557,
"ESP","PENSIONEXP","PUB","PC_GDP","A","1999",8.345,
"ESP","PENSIONEXP","PUB","PC_GDP","A","2000",8.419,
"ESP","PENSIONEXP","PUB","PC_GDP","A","2001",8.131,
"ESP","PENSIONEXP","PUB","PC_GDP","A","2002",8.107,
"ESP","PENSIONEXP","PUB","PC_GDP","A","2003",7.984,
"ESP","PENSIONEXP","PUB","PC_GDP","A","2004",7.963,
"ESP","PENSIONEXP","PUB","PC_GDP","A","2005",7.934,
"ESP","PENSIONEXP","PUB","PC_GDP","A","2006",7.826,
"ESP","PENSIONEXP","PUB","PC_GDP","A","2007",8.065,
"ESP","PENSIONEXP","PUB","PC_GDP","A","2008",8.343,
"ESP","PENSIONEXP","PUB","PC_GDP","A","2009",9.234,
"ESP","PENSIONEXP","PUB","PC_GDP","A","2010",9.796,
"ESP","PENSIONEXP","PUB","PC_GDP","A","2011",10.253,
"ESP","PENSIONEXP","PUB","PC_GDP","A","2012",10.842,
"ESP","PENSIONEXP","PUB","PC_GDP","A","2013",11.418,
"SWE","PENSIONEXP","PRIV","PC_GDP","A","2005",0.94498361395524,
"SWE","PENSIONEXP","PRIV","PC_GDP","A","2006",1.0610887550212,
"SWE","PENSIONEXP","PRIV","PC_GDP","A","2007",1.1626443372309,
"SWE","PENSIONEXP","PRIV","PC_GDP","A","2008",1.1614420715085,
"SWE","PENSIONEXP","PRIV","PC_GDP","A","2009",1.2276080132364,
"SWE","PENSIONEXP","PRIV","PC_GDP","A","2010",1.266820341171,
"SWE","PENSIONEXP","PRIV","PC_GDP","A","2011",1.3460402994385,
"SWE","PENSIONEXP","PRIV","PC_GDP","A","2012",1.4770679548415,
"SWE","PENSIONEXP","PRIV","PC_GDP","A","2013",1.5744833929181,
"SWE","PENSIONEXP","PUB","PC_GDP","A","1980",6.685,
"SWE","PENSIONEXP","PUB","PC_GDP","A","1981",7.21,
"SWE","PENSIONEXP","PUB","PC_GDP","A","1982",7.215,
"SWE","PENSIONEXP","PUB","PC_GDP","A","1983",7.362,
"SWE","PENSIONEXP","PUB","PC_GDP","A","1984",7.038,
"SWE","PENSIONEXP","PUB","PC_GDP","A","1985",7.191,
"SWE","PENSIONEXP","PUB","PC_GDP","A","1986",7.296,
"SWE","PENSIONEXP","PUB","PC_GDP","A","1987",7.27,
"SWE","PENSIONEXP","PUB","PC_GDP","A","1988",7.31,
"SWE","PENSIONEXP","PUB","PC_GDP","A","1989",7.332,
"SWE","PENSIONEXP","PUB","PC_GDP","A","1990",7.292,
"SWE","PENSIONEXP","PUB","PC_GDP","A","1991",7.622,
"SWE","PENSIONEXP","PUB","PC_GDP","A","1992",8.195,
"SWE","PENSIONEXP","PUB","PC_GDP","A","1993",8.41,
"SWE","PENSIONEXP","PUB","PC_GDP","A","1994",8.219,
"SWE","PENSIONEXP","PUB","PC_GDP","A","1995",7.851,
"SWE","PENSIONEXP","PUB","PC_GDP","A","1996",7.838,
"SWE","PENSIONEXP","PUB","PC_GDP","A","1997",7.585,
"SWE","PENSIONEXP","PUB","PC_GDP","A","1998",7.322,
"SWE","PENSIONEXP","PUB","PC_GDP","A","1999",7.168,
"SWE","PENSIONEXP","PUB","PC_GDP","A","2000",6.886,
"SWE","PENSIONEXP","PUB","PC_GDP","A","2001",6.785,
"SWE","PENSIONEXP","PUB","PC_GDP","A","2002",6.849,
"SWE","PENSIONEXP","PUB","PC_GDP","A","2003",7.406,
"SWE","PENSIONEXP","PUB","PC_GDP","A","2004",7.308,
"SWE","PENSIONEXP","PUB","PC_GDP","A","2005",7.218,
"SWE","PENSIONEXP","PUB","PC_GDP","A","2006",6.963,
"SWE","PENSIONEXP","PUB","PC_GDP","A","2007",6.805,
"SWE","PENSIONEXP","PUB","PC_GDP","A","2008",7.005,
"SWE","PENSIONEXP","PUB","PC_GDP","A","2009",7.768,
"SWE","PENSIONEXP","PUB","PC_GDP","A","2010",7.306,
"SWE","PENSIONEXP","PUB","PC_GDP","A","2011",7.023,
"SWE","PENSIONEXP","PUB","PC_GDP","A","2012",7.407,
"SWE","PENSIONEXP","PUB","PC_GDP","A","2013",7.698,
"CHE","PENSIONEXP","PRIV","PC_GDP","A","1994",3.415324211668,
"CHE","PENSIONEXP","PRIV","PC_GDP","A","1995",3.68579886254,
"CHE","PENSIONEXP","PRIV","PC_GDP","A","1996",3.9791285281376,
"CHE","PENSIONEXP","PRIV","PC_GDP","A","1997",4.186354867882,
"CHE","PENSIONEXP","PRIV","PC_GDP","A","1998",4.3528207827581,
"CHE","PENSIONEXP","PRIV","PC_GDP","A","1999",0,
"CHE","PENSIONEXP","PRIV","PC_GDP","A","2000",4.7628102563383,
"CHE","PENSIONEXP","PRIV","PC_GDP","A","2001",4.341989890133,
"CHE","PENSIONEXP","PRIV","PC_GDP","A","2002",4.4834281406697,
"CHE","PENSIONEXP","PRIV","PC_GDP","A","2003",4.7387892788203,
"CHE","PENSIONEXP","PRIV","PC_GDP","A","2004",4.8803085442052,
"CHE","PENSIONEXP","PRIV","PC_GDP","A","2005",4.8159997351533,
"CHE","PENSIONEXP","PRIV","PC_GDP","A","2006",4.8249928362423,
"CHE","PENSIONEXP","PRIV","PC_GDP","A","2007",4.7905586703992,
"CHE","PENSIONEXP","PRIV","PC_GDP","A","2008",4.7520503263833,
"CHE","PENSIONEXP","PRIV","PC_GDP","A","2009",5.0187229361461,
"CHE","PENSIONEXP","PRIV","PC_GDP","A","2010",4.5920268014769,
"CHE","PENSIONEXP","PRIV","PC_GDP","A","2011",4.6221526291684,
"CHE","PENSIONEXP","PRIV","PC_GDP","A","2012",4.7468762818364,
"CHE","PENSIONEXP","PRIV","PC_GDP","A","2013",4.7619269250662,
"CHE","PENSIONEXP","PUB","PC_GDP","A","1980",5.494,
"CHE","PENSIONEXP","PUB","PC_GDP","A","1981",5.181,
"CHE","PENSIONEXP","PUB","PC_GDP","A","1982",5.599,
"CHE","PENSIONEXP","PUB","PC_GDP","A","1983",5.52,
"CHE","PENSIONEXP","PUB","PC_GDP","A","1984",5.834,
"CHE","PENSIONEXP","PUB","PC_GDP","A","1985",5.615,
"CHE","PENSIONEXP","PUB","PC_GDP","A","1986",5.691,
"CHE","PENSIONEXP","PUB","PC_GDP","A","1987",5.665,
"CHE","PENSIONEXP","PUB","PC_GDP","A","1988",5.655,
"CHE","PENSIONEXP","PUB","PC_GDP","A","1989",5.342,
"CHE","PENSIONEXP","PUB","PC_GDP","A","1990",5.162,
"CHE","PENSIONEXP","PUB","PC_GDP","A","1991",5.367,
"CHE","PENSIONEXP","PUB","PC_GDP","A","1992",5.656,
"CHE","PENSIONEXP","PUB","PC_GDP","A","1993",5.984,
"CHE","PENSIONEXP","PUB","PC_GDP","A","1994",5.926,
"CHE","PENSIONEXP","PUB","PC_GDP","A","1995",6.095,
"CHE","PENSIONEXP","PUB","PC_GDP","A","1996",6.092,
"CHE","PENSIONEXP","PUB","PC_GDP","A","1997",6.198,
"CHE","PENSIONEXP","PUB","PC_GDP","A","1998",6.202,
"CHE","PENSIONEXP","PUB","PC_GDP","A","1999",6.251,
"CHE","PENSIONEXP","PUB","PC_GDP","A","2000",6.025,
"CHE","PENSIONEXP","PUB","PC_GDP","A","2001",6.154,
"CHE","PENSIONEXP","PUB","PC_GDP","A","2002",6.187,
"CHE","PENSIONEXP","PUB","PC_GDP","A","2003",6.341,
"CHE","PENSIONEXP","PUB","PC_GDP","A","2004",6.216,
"CHE","PENSIONEXP","PUB","PC_GDP","A","2005",6.161,
"CHE","PENSIONEXP","PUB","PC_GDP","A","2006",5.883,
"CHE","PENSIONEXP","PUB","PC_GDP","A","2007",5.809,
"CHE","PENSIONEXP","PUB","PC_GDP","A","2008",5.72,
"CHE","PENSIONEXP","PUB","PC_GDP","A","2009",6.149,
"CHE","PENSIONEXP","PUB","PC_GDP","A","2010",6.103,
"CHE","PENSIONEXP","PUB","PC_GDP","A","2011",6.22,
"CHE","PENSIONEXP","PUB","PC_GDP","A","2012",6.308,
"CHE","PENSIONEXP","PUB","PC_GDP","A","2013",6.382,
"TUR","PENSIONEXP","PRIV","PC_GDP","A","2004",0.0434223679103,
"TUR","PENSIONEXP","PRIV","PC_GDP","A","2005",0.0499385822884,
"TUR","PENSIONEXP","PRIV","PC_GDP","A","2006",0.04891673263969,
"TUR","PENSIONEXP","PRIV","PC_GDP","A","2007",0.05007142747015,
"TUR","PENSIONEXP","PRIV","PC_GDP","A","2008",0.07513220608767,
"TUR","PENSIONEXP","PRIV","PC_GDP","A","2009",0.08904858976655,
"TUR","PENSIONEXP","PRIV","PC_GDP","A","2010",0.07456025932852,
"TUR","PENSIONEXP","PRIV","PC_GDP","A","2011",0.00390454312964,
"TUR","PENSIONEXP","PUB","PC_GDP","A","1980",1.239,
"TUR","PENSIONEXP","PUB","PC_GDP","A","1981",1.24,
"TUR","PENSIONEXP","PUB","PC_GDP","A","1982",1.369,
"TUR","PENSIONEXP","PUB","PC_GDP","A","1983",1.514,
"TUR","PENSIONEXP","PUB","PC_GDP","A","1984",1.4,
"TUR","PENSIONEXP","PUB","PC_GDP","A","1985",1.32,
"TUR","PENSIONEXP","PUB","PC_GDP","A","1986",1.287,
"TUR","PENSIONEXP","PUB","PC_GDP","A","1987",1.303,
"TUR","PENSIONEXP","PUB","PC_GDP","A","1988",1.508,
"TUR","PENSIONEXP","PUB","PC_GDP","A","1989",1.79,
"TUR","PENSIONEXP","PUB","PC_GDP","A","1990",2.362,
"TUR","PENSIONEXP","PUB","PC_GDP","A","1991",2.434,
"TUR","PENSIONEXP","PUB","PC_GDP","A","1992",2.613,
"TUR","PENSIONEXP","PUB","PC_GDP","A","1993",2.663,
"TUR","PENSIONEXP","PUB","PC_GDP","A","1994",2.704,
"TUR","PENSIONEXP","PUB","PC_GDP","A","1995",2.722,
"TUR","PENSIONEXP","PUB","PC_GDP","A","1996",3.174,
"TUR","PENSIONEXP","PUB","PC_GDP","A","1997",3.934,
"TUR","PENSIONEXP","PUB","PC_GDP","A","1998",3.905,
"TUR","PENSIONEXP","PUB","PC_GDP","A","1999",4.677,
"TUR","PENSIONEXP","PUB","PC_GDP","A","2000",4.002,
"TUR","PENSIONEXP","PUB","PC_GDP","A","2001",4.431,
"TUR","PENSIONEXP","PUB","PC_GDP","A","2002",4.745,
"TUR","PENSIONEXP","PUB","PC_GDP","A","2003",5.697,
"TUR","PENSIONEXP","PUB","PC_GDP","A","2004",6.036,
"TUR","PENSIONEXP","PUB","PC_GDP","A","2005",5.981,
"TUR","PENSIONEXP","PUB","PC_GDP","A","2006",5.89,
"TUR","PENSIONEXP","PUB","PC_GDP","A","2007",6.496,
"TUR","PENSIONEXP","PUB","PC_GDP","A","2008",6.698,
"TUR","PENSIONEXP","PUB","PC_GDP","A","2009",7.751,
"TUR","PENSIONEXP","PUB","PC_GDP","A","2010",7.7,
"TUR","PENSIONEXP","PUB","PC_GDP","A","2011",7.543,
"TUR","PENSIONEXP","PUB","PC_GDP","A","2012",7.954,
"TUR","PENSIONEXP","PUB","PC_GDP","A","2013",8.142,
"GBR","PENSIONEXP","PRIV","PC_GDP","A","2001",2.7348243653637,
"GBR","PENSIONEXP","PRIV","PC_GDP","A","2002",2.7934846142623,
"GBR","PENSIONEXP","PRIV","PC_GDP","A","2003",2.7104848701203,
"GBR","PENSIONEXP","PRIV","PC_GDP","A","2004",2.6396779454282,
"GBR","PENSIONEXP","PRIV","PC_GDP","A","2005",2.779988844165,
"GBR","PENSIONEXP","PRIV","PC_GDP","A","2006",2.8445722313329,
"GBR","PENSIONEXP","PRIV","PC_GDP","A","2007",2.6415369531573,
"GBR","PENSIONEXP","PRIV","PC_GDP","A","2008",2.7079526560982,
"GBR","PENSIONEXP","PRIV","PC_GDP","A","2009",2.9993711812078,
"GBR","PENSIONEXP","PRIV","PC_GDP","A","2010",3.0977980126607,
"GBR","PENSIONEXP","PRIV","PC_GDP","A","2011",3.0180314117095,
"GBR","PENSIONEXP","PRIV","PC_GDP","A","2012",3.1052009684762,
"GBR","PENSIONEXP","PRIV","PC_GDP","A","2013",3.1444929199438,
"GBR","PENSIONEXP","PUB","PC_GDP","A","1980",5.253,
"GBR","PENSIONEXP","PUB","PC_GDP","A","1981",5.536,
"GBR","PENSIONEXP","PUB","PC_GDP","A","1982",5.601,
"GBR","PENSIONEXP","PUB","PC_GDP","A","1983",5.515,
"GBR","PENSIONEXP","PUB","PC_GDP","A","1984",5.404,
"GBR","PENSIONEXP","PUB","PC_GDP","A","1985",5.279,
"GBR","PENSIONEXP","PUB","PC_GDP","A","1986",5.248,
"GBR","PENSIONEXP","PUB","PC_GDP","A","1987",4.941,
"GBR","PENSIONEXP","PUB","PC_GDP","A","1988",4.537,
"GBR","PENSIONEXP","PUB","PC_GDP","A","1989",4.311,
"GBR","PENSIONEXP","PUB","PC_GDP","A","1990",4.473,
"GBR","PENSIONEXP","PUB","PC_GDP","A","1991",4.846,
"GBR","PENSIONEXP","PUB","PC_GDP","A","1992",5.122,
"GBR","PENSIONEXP","PUB","PC_GDP","A","1993",5.186,
"GBR","PENSIONEXP","PUB","PC_GDP","A","1994",5.059,
"GBR","PENSIONEXP","PUB","PC_GDP","A","1995",5.012,
"GBR","PENSIONEXP","PUB","PC_GDP","A","1996",5.004,
"GBR","PENSIONEXP","PUB","PC_GDP","A","1997",4.967,
"GBR","PENSIONEXP","PUB","PC_GDP","A","1998",4.962,
"GBR","PENSIONEXP","PUB","PC_GDP","A","1999",5.081,
"GBR","PENSIONEXP","PUB","PC_GDP","A","2000",5.081,
"GBR","PENSIONEXP","PUB","PC_GDP","A","2001",5.242,
"GBR","PENSIONEXP","PUB","PC_GDP","A","2002",5.207,
"GBR","PENSIONEXP","PUB","PC_GDP","A","2003",5.169,
"GBR","PENSIONEXP","PUB","PC_GDP","A","2004",5.255,
"GBR","PENSIONEXP","PUB","PC_GDP","A","2005",5.257,
"GBR","PENSIONEXP","PUB","PC_GDP","A","2006",4.983,
"GBR","PENSIONEXP","PUB","PC_GDP","A","2007",5.374,
"GBR","PENSIONEXP","PUB","PC_GDP","A","2008",5.705,
"GBR","PENSIONEXP","PUB","PC_GDP","A","2009",6.122,
"GBR","PENSIONEXP","PUB","PC_GDP","A","2010",6.08,
"GBR","PENSIONEXP","PUB","PC_GDP","A","2011",6.088,
"GBR","PENSIONEXP","PUB","PC_GDP","A","2012",6.239,
"GBR","PENSIONEXP","PUB","PC_GDP","A","2013",6.146,
"USA","PENSIONEXP","PRIV","PC_GDP","A","1993",3.0984792029435,
"USA","PENSIONEXP","PRIV","PC_GDP","A","1994",3.0972294121838,
"USA","PENSIONEXP","PRIV","PC_GDP","A","1995",3.2932122223282,
"USA","PENSIONEXP","PRIV","PC_GDP","A","1996",3.583491555338,
"USA","PENSIONEXP","PRIV","PC_GDP","A","1997",3.6585732223151,
"USA","PENSIONEXP","PRIV","PC_GDP","A","1998",4.0199043774297,
"USA","PENSIONEXP","PRIV","PC_GDP","A","1999",4.2987243223888,
"USA","PENSIONEXP","PRIV","PC_GDP","A","2000",4.4272826069146,
"USA","PENSIONEXP","PRIV","PC_GDP","A","2001",3.8841085858087,
"USA","PENSIONEXP","PRIV","PC_GDP","A","2002",3.8760340769135,
"USA","PENSIONEXP","PRIV","PC_GDP","A","2003",3.6861317369015,
"USA","PENSIONEXP","PRIV","PC_GDP","A","2004",3.7998900360328,
"USA","PENSIONEXP","PRIV","PC_GDP","A","2005",3.7932790375844,
"USA","PENSIONEXP","PRIV","PC_GDP","A","2006",4.0634761173768,
"USA","PENSIONEXP","PRIV","PC_GDP","A","2007",4.2465555550183,
"USA","PENSIONEXP","PRIV","PC_GDP","A","2008",4.129156271083,
"USA","PENSIONEXP","PRIV","PC_GDP","A","2009",4.1450505175903,
"USA","PENSIONEXP","PRIV","PC_GDP","A","2010",4.3941298670576,
"USA","PENSIONEXP","PRIV","PC_GDP","A","2011",4.4315986732767,
"USA","PENSIONEXP","PRIV","PC_GDP","A","2012",4.77460480785,
"USA","PENSIONEXP","PRIV","PC_GDP","A","2013",5.2105927582516,
"USA","PENSIONEXP","PUB","PC_GDP","A","1980",5.956,
"USA","PENSIONEXP","PUB","PC_GDP","A","1981",6.228,
"USA","PENSIONEXP","PUB","PC_GDP","A","1982",6.558,
"USA","PENSIONEXP","PUB","PC_GDP","A","1983",6.484,
"USA","PENSIONEXP","PUB","PC_GDP","A","1984",6.206,
"USA","PENSIONEXP","PUB","PC_GDP","A","1985",6.018,
"USA","PENSIONEXP","PUB","PC_GDP","A","1986",6.022,
"USA","PENSIONEXP","PUB","PC_GDP","A","1987",5.932,
"USA","PENSIONEXP","PUB","PC_GDP","A","1988",5.897,
"USA","PENSIONEXP","PUB","PC_GDP","A","1989",5.811,
"USA","PENSIONEXP","PUB","PC_GDP","A","1990",5.825,
"USA","PENSIONEXP","PUB","PC_GDP","A","1991",6.057,
"USA","PENSIONEXP","PUB","PC_GDP","A","1992",6.089,
"USA","PENSIONEXP","PUB","PC_GDP","A","1993",6.094,
"USA","PENSIONEXP","PUB","PC_GDP","A","1994",6.039,
"USA","PENSIONEXP","PUB","PC_GDP","A","1995",6.024,
"USA","PENSIONEXP","PUB","PC_GDP","A","1996",5.938,
"USA","PENSIONEXP","PUB","PC_GDP","A","1997",5.909,
"USA","PENSIONEXP","PUB","PC_GDP","A","1998",5.802,
"USA","PENSIONEXP","PUB","PC_GDP","A","1999",5.665,
"USA","PENSIONEXP","PUB","PC_GDP","A","2000",5.635,
"USA","PENSIONEXP","PUB","PC_GDP","A","2001",5.706,
"USA","PENSIONEXP","PUB","PC_GDP","A","2002",5.835,
"USA","PENSIONEXP","PUB","PC_GDP","A","2003",5.838,
"USA","PENSIONEXP","PUB","PC_GDP","A","2004",5.774,
"USA","PENSIONEXP","PUB","PC_GDP","A","2005",5.716,
"USA","PENSIONEXP","PUB","PC_GDP","A","2006",5.697,
"USA","PENSIONEXP","PUB","PC_GDP","A","2007",5.772,
"USA","PENSIONEXP","PUB","PC_GDP","A","2008",5.947,
"USA","PENSIONEXP","PUB","PC_GDP","A","2009",6.524,
"USA","PENSIONEXP","PUB","PC_GDP","A","2010",6.625,
"USA","PENSIONEXP","PUB","PC_GDP","A","2011",6.721,
"USA","PENSIONEXP","PUB","PC_GDP","A","2012",6.77,
"USA","PENSIONEXP","PUB","PC_GDP","A","2013",6.944,
"CHL","PENSIONEXP","PRIV","PC_GDP","A","2007",1.8839611344491,
"CHL","PENSIONEXP","PRIV","PC_GDP","A","2008",1.9894007893536,
"CHL","PENSIONEXP","PRIV","PC_GDP","A","2009",1.6873658535569,
"CHL","PENSIONEXP","PRIV","PC_GDP","A","2010",1.9397786247983,
"CHL","PENSIONEXP","PRIV","PC_GDP","A","2011",2.176725877958,
"CHL","PENSIONEXP","PRIV","PC_GDP","A","2012",2.260427044061,
"CHL","PENSIONEXP","PRIV","PC_GDP","A","2013",2.2635613116575,
"CHL","PENSIONEXP","PUB","PC_GDP","A","1987",9.575,
"CHL","PENSIONEXP","PUB","PC_GDP","A","1988",8.445,
"CHL","PENSIONEXP","PUB","PC_GDP","A","1989",8.05,
"CHL","PENSIONEXP","PUB","PC_GDP","A","1990",8.025,
"CHL","PENSIONEXP","PUB","PC_GDP","A","1991",7.931,
"CHL","PENSIONEXP","PUB","PC_GDP","A","1992",7.517,
"CHL","PENSIONEXP","PUB","PC_GDP","A","1993",7.571,
"CHL","PENSIONEXP","PUB","PC_GDP","A","1994",7.327,
"CHL","PENSIONEXP","PUB","PC_GDP","A","1995",6.71,
"CHL","PENSIONEXP","PUB","PC_GDP","A","1996",7.235,
"CHL","PENSIONEXP","PUB","PC_GDP","A","1997",6.939,
"CHL","PENSIONEXP","PUB","PC_GDP","A","1998",6.961,
"CHL","PENSIONEXP","PUB","PC_GDP","A","1999",7.351,
"CHL","PENSIONEXP","PUB","PC_GDP","A","2000",7.282,
"CHL","PENSIONEXP","PUB","PC_GDP","A","2001",7.249,
"CHL","PENSIONEXP","PUB","PC_GDP","A","2002",7.105,
"CHL","PENSIONEXP","PUB","PC_GDP","A","2003",4.309,
"CHL","PENSIONEXP","PUB","PC_GDP","A","2004",3.84,
"CHL","PENSIONEXP","PUB","PC_GDP","A","2005",3.687,
"CHL","PENSIONEXP","PUB","PC_GDP","A","2006",3.25,
"CHL","PENSIONEXP","PUB","PC_GDP","A","2007",3.1,
"CHL","PENSIONEXP","PUB","PC_GDP","A","2008",3.308,
"CHL","PENSIONEXP","PUB","PC_GDP","A","2009",3.554,
"CHL","PENSIONEXP","PUB","PC_GDP","A","2010",3.403,
"CHL","PENSIONEXP","PUB","PC_GDP","A","2011",3.232,
"CHL","PENSIONEXP","PUB","PC_GDP","A","2012",3.136,
"CHL","PENSIONEXP","PUB","PC_GDP","A","2013",2.999,
"CHL","PENSIONEXP","PUB","PC_GDP","A","2014",2.96,
"CHL","PENSIONEXP","PUB","PC_GDP","A","2015",2.943,
"EST","PENSIONEXP","PRIV","PC_GDP","A","2001",0,
"EST","PENSIONEXP","PRIV","PC_GDP","A","2002",0,
"EST","PENSIONEXP","PRIV","PC_GDP","A","2003",0,
"EST","PENSIONEXP","PRIV","PC_GDP","A","2004",0,
"EST","PENSIONEXP","PRIV","PC_GDP","A","2009",0.0244106677017,
"EST","PENSIONEXP","PRIV","PC_GDP","A","2010",0.02042169460567,
"EST","PENSIONEXP","PRIV","PC_GDP","A","2011",0.01706921566954,
"EST","PENSIONEXP","PRIV","PC_GDP","A","2012",0.0199016822875,
"EST","PENSIONEXP","PRIV","PC_GDP","A","2013",0.08762567506991,
"EST","PENSIONEXP","PUB","PC_GDP","A","1999",6.64,
"EST","PENSIONEXP","PUB","PC_GDP","A","2000",6.011,
"EST","PENSIONEXP","PUB","PC_GDP","A","2001",5.499,
"EST","PENSIONEXP","PUB","PC_GDP","A","2002",5.452,
"EST","PENSIONEXP","PUB","PC_GDP","A","2003",5.426,
"EST","PENSIONEXP","PUB","PC_GDP","A","2004",5.467,
"EST","PENSIONEXP","PUB","PC_GDP","A","2005",5.293,
"EST","PENSIONEXP","PUB","PC_GDP","A","2006",5.257,
"EST","PENSIONEXP","PUB","PC_GDP","A","2007",5.092,
"EST","PENSIONEXP","PUB","PC_GDP","A","2008",6.141,
"EST","PENSIONEXP","PUB","PC_GDP","A","2009",7.777,
"EST","PENSIONEXP","PUB","PC_GDP","A","2010",7.584,
"EST","PENSIONEXP","PUB","PC_GDP","A","2011",6.703,
"EST","PENSIONEXP","PUB","PC_GDP","A","2012",6.477,
"EST","PENSIONEXP","PUB","PC_GDP","A","2013",6.427,
"ISR","PENSIONEXP","PRIV","PC_GDP","A","2001",1.6290498002552,
"ISR","PENSIONEXP","PRIV","PC_GDP","A","2002",1.4096366195487,
"ISR","PENSIONEXP","PRIV","PC_GDP","A","2003",1.5583159987693,
"ISR","PENSIONEXP","PRIV","PC_GDP","A","2004",1.5051924686248,
"ISR","PENSIONEXP","PRIV","PC_GDP","A","2005",1.4846696334998,
"ISR","PENSIONEXP","PRIV","PC_GDP","A","2006",1.6727472917788,
"ISR","PENSIONEXP","PRIV","PC_GDP","A","2007",1.5955122196803,
"ISR","PENSIONEXP","PRIV","PC_GDP","A","2008",1.5950825292976,
"ISR","PENSIONEXP","PRIV","PC_GDP","A","2009",1.6188850505317,
"ISR","PENSIONEXP","PRIV","PC_GDP","A","2010",1.6061894171703,
"ISR","PENSIONEXP","PRIV","PC_GDP","A","2011",1.6253062507192,
"ISR","PENSIONEXP","PRIV","PC_GDP","A","2012",1.613463942195,
"ISR","PENSIONEXP","PRIV","PC_GDP","A","2013",1.6604244797983,
"ISR","PENSIONEXP","PUB","PC_GDP","A","1995",4.549,
"ISR","PENSIONEXP","PUB","PC_GDP","A","1996",4.611,
"ISR","PENSIONEXP","PUB","PC_GDP","A","1997",4.713,
"ISR","PENSIONEXP","PUB","PC_GDP","A","1998",4.702,
"ISR","PENSIONEXP","PUB","PC_GDP","A","1999",4.622,
"ISR","PENSIONEXP","PUB","PC_GDP","A","2000",4.614,
"ISR","PENSIONEXP","PUB","PC_GDP","A","2001",5.046,
"ISR","PENSIONEXP","PUB","PC_GDP","A","2002",5.11,
"ISR","PENSIONEXP","PUB","PC_GDP","A","2003",5.227,
"ISR","PENSIONEXP","PUB","PC_GDP","A","2004",5.039,
"ISR","PENSIONEXP","PUB","PC_GDP","A","2005",4.828,
"ISR","PENSIONEXP","PUB","PC_GDP","A","2006",4.782,
"ISR","PENSIONEXP","PUB","PC_GDP","A","2007",4.655,
"ISR","PENSIONEXP","PUB","PC_GDP","A","2008",4.535,
"ISR","PENSIONEXP","PUB","PC_GDP","A","2009",4.815,
"ISR","PENSIONEXP","PUB","PC_GDP","A","2010",4.781,
"ISR","PENSIONEXP","PUB","PC_GDP","A","2011",4.762,
"ISR","PENSIONEXP","PUB","PC_GDP","A","2012",4.857,
"ISR","PENSIONEXP","PUB","PC_GDP","A","2013",4.792,
"ISR","PENSIONEXP","PUB","PC_GDP","A","2014",4.915,
"ISR","PENSIONEXP","PUB","PC_GDP","A","2015",4.837,
"SVN","PENSIONEXP","PRIV","PC_GDP","A","2003",0.00256736187314,
"SVN","PENSIONEXP","PRIV","PC_GDP","A","2004",0.00456109756371,
"SVN","PENSIONEXP","PRIV","PC_GDP","A","2005",0.00695737076073,
"SVN","PENSIONEXP","PRIV","PC_GDP","A","2006",0.01767076566245,
"SVN","PENSIONEXP","PRIV","PC_GDP","A","2007",0.02484098473513,
"SVN","PENSIONEXP","PRIV","PC_GDP","A","2008",0.03584339889121,
"SVN","PENSIONEXP","PRIV","PC_GDP","A","2009",0.02051140222086,
"SVN","PENSIONEXP","PRIV","PC_GDP","A","2010",0.04146192393069,
"SVN","PENSIONEXP","PRIV","PC_GDP","A","2011",0.4960874976945,
"SVN","PENSIONEXP","PRIV","PC_GDP","A","2012",0.88656144117647,
"SVN","PENSIONEXP","PRIV","PC_GDP","A","2013",0.51066919712815,
"SVN","PENSIONEXP","PUB","PC_GDP","A","1996",10.226,
"SVN","PENSIONEXP","PUB","PC_GDP","A","1997",10.287,
"SVN","PENSIONEXP","PUB","PC_GDP","A","1998",10.375,
"SVN","PENSIONEXP","PUB","PC_GDP","A","1999",10.259,
"SVN","PENSIONEXP","PUB","PC_GDP","A","2000",10.325,
"SVN","PENSIONEXP","PUB","PC_GDP","A","2001",10.516,
"SVN","PENSIONEXP","PUB","PC_GDP","A","2002",10.748,
"SVN","PENSIONEXP","PUB","PC_GDP","A","2003",10.108,
"SVN","PENSIONEXP","PUB","PC_GDP","A","2004",9.955,
"SVN","PENSIONEXP","PUB","PC_GDP","A","2005",9.721,
"SVN","PENSIONEXP","PUB","PC_GDP","A","2006",9.845,
"SVN","PENSIONEXP","PUB","PC_GDP","A","2007",9.487,
"SVN","PENSIONEXP","PUB","PC_GDP","A","2008",9.338,
"SVN","PENSIONEXP","PUB","PC_GDP","A","2009",10.615,
"SVN","PENSIONEXP","PUB","PC_GDP","A","2010",10.967,
"SVN","PENSIONEXP","PUB","PC_GDP","A","2011",11.164,
"SVN","PENSIONEXP","PUB","PC_GDP","A","2012",11.361,
"SVN","PENSIONEXP","PUB","PC_GDP","A","2013",11.803,
"OECD","PENSIONEXP","PUB","PC_GDP","A","1980",5.725,
"OECD","PENSIONEXP","PUB","PC_GDP","A","1981",5.581,
"OECD","PENSIONEXP","PUB","PC_GDP","A","1982",5.87,
"OECD","PENSIONEXP","PUB","PC_GDP","A","1983",6.025,
"OECD","PENSIONEXP","PUB","PC_GDP","A","1984",6.084,
"OECD","PENSIONEXP","PUB","PC_GDP","A","1985",6.271,
"OECD","PENSIONEXP","PUB","PC_GDP","A","1986",6.262,
"OECD","PENSIONEXP","PUB","PC_GDP","A","1987",6.298,
"OECD","PENSIONEXP","PUB","PC_GDP","A","1988",6.244,
"OECD","PENSIONEXP","PUB","PC_GDP","A","1989",6.2,
"OECD","PENSIONEXP","PUB","PC_GDP","A","1990",6.384,
"OECD","PENSIONEXP","PUB","PC_GDP","A","1991",6.57,
"OECD","PENSIONEXP","PUB","PC_GDP","A","1992",6.754,
"OECD","PENSIONEXP","PUB","PC_GDP","A","1993",6.895,
"OECD","PENSIONEXP","PUB","PC_GDP","A","1994",6.899,
"OECD","PENSIONEXP","PUB","PC_GDP","A","1995",6.944,
"OECD","PENSIONEXP","PUB","PC_GDP","A","1996",6.995,
"OECD","PENSIONEXP","PUB","PC_GDP","A","1997",6.964,
"OECD","PENSIONEXP","PUB","PC_GDP","A","1998",6.93,
"OECD","PENSIONEXP","PUB","PC_GDP","A","1999",6.898,
"OECD","PENSIONEXP","PUB","PC_GDP","A","2000",6.769,
"OECD","PENSIONEXP","PUB","PC_GDP","A","2001",6.795,
"OECD","PENSIONEXP","PUB","PC_GDP","A","2002",6.881,
"OECD","PENSIONEXP","PUB","PC_GDP","A","2003",6.865,
"OECD","PENSIONEXP","PUB","PC_GDP","A","2004",6.804,
"OECD","PENSIONEXP","PUB","PC_GDP","A","2005",6.804,
"OECD","PENSIONEXP","PUB","PC_GDP","A","2006",6.722,
"OECD","PENSIONEXP","PUB","PC_GDP","A","2007",6.699,
"OECD","PENSIONEXP","PUB","PC_GDP","A","2008",6.933,
"OECD","PENSIONEXP","PUB","PC_GDP","A","2009",7.656,
"OECD","PENSIONEXP","PUB","PC_GDP","A","2010",7.72,
"OECD","PENSIONEXP","PUB","PC_GDP","A","2011",7.756,
"OECD","PENSIONEXP","PUB","PC_GDP","A","2012",8.018,
"OECD","PENSIONEXP","PUB","PC_GDP","A","2013",8.155,
"SVK","PENSIONEXP","PRIV","PC_GDP","A","2001",0.00000059021695,
"SVK","PENSIONEXP","PRIV","PC_GDP","A","2002",0.00000130814583,
"SVK","PENSIONEXP","PRIV","PC_GDP","A","2010",0.16070471995715,
"SVK","PENSIONEXP","PRIV","PC_GDP","A","2011",0.18671660979649,
"SVK","PENSIONEXP","PRIV","PC_GDP","A","2012",0.20364426256534,
"SVK","PENSIONEXP","PRIV","PC_GDP","A","2013",0.21061728529266,
"BRA","PENSIONEXP","PRIV","PC_GDP","A","2006",0.86426923211974,
"BRA","PENSIONEXP","PRIV","PC_GDP","A","2007",0.79436992674519,
"BRA","PENSIONEXP","PRIV","PC_GDP","A","2008",0.88786488423649,
"BRA","PENSIONEXP","PRIV","PC_GDP","A","2009",0.89480736382613,
"BRA","PENSIONEXP","PRIV","PC_GDP","A","2010",0.94829252759061,
"BRA","PENSIONEXP","PRIV","PC_GDP","A","2011",1.1889529143804,
"BRA","PENSIONEXP","PRIV","PC_GDP","A","2013",0.63671206935144,
"IDN","PENSIONEXP","PRIV","PC_GDP","A","2002",0.13651083573284,
"IDN","PENSIONEXP","PRIV","PC_GDP","A","2003",0.14555479817841,
"IDN","PENSIONEXP","PRIV","PC_GDP","A","2004",0.13572455963783,
"IDN","PENSIONEXP","PRIV","PC_GDP","A","2005",0.12695180744302,
"IDN","PENSIONEXP","PRIV","PC_GDP","A","2006",0.1210463483533,
"IDN","PENSIONEXP","PRIV","PC_GDP","A","2011",0.07204473236689,
"RUS","PENSIONEXP","PRIV","PC_GDP","A","2005",0.07269981044413,
"RUS","PENSIONEXP","PRIV","PC_GDP","A","2006",0.04622809817852,
"RUS","PENSIONEXP","PRIV","PC_GDP","A","2011",0.06450936553129,
"RUS","PENSIONEXP","PRIV","PC_GDP","A","2013",0.11202609522486,
"ZAF","PENSIONEXP","PRIV","PC_GDP","A","2003",4.6112733234816,
"ZAF","PENSIONEXP","PRIV","PC_GDP","A","2004",4.2259789346044,
"ZAF","PENSIONEXP","PRIV","PC_GDP","A","2005",5.4699245488141,
"ZAF","PENSIONEXP","PRIV","PC_GDP","A","2006",5.1512881473694,
"ZAF","PENSIONEXP","PRIV","PC_GDP","A","2007",4.5604875788998,
"ZAF","PENSIONEXP","PRIV","PC_GDP","A","2008",6.2411752315931,
"ZAF","PENSIONEXP","PRIV","PC_GDP","A","2009",5.6801235742199,
"ZAF","PENSIONEXP","PRIV","PC_GDP","A","2010",5.307422035838,
"ZAF","PENSIONEXP","PRIV","PC_GDP","A","2011",3.8950348839053,
"ZAF","PENSIONEXP","PRIV","PC_GDP","A","2012",3.9131020428214,
"ZAF","PENSIONEXP","PRIV","PC_GDP","A","2013",4.3229739505501,
"OAVG","PENSIONEXP","PRIV","PC_GDP","A","2001",1.203616161,
"OAVG","PENSIONEXP","PRIV","PC_GDP","A","2002",1.221668813,
"OAVG","PENSIONEXP","PRIV","PC_GDP","A","2003",1.222303302,
"OAVG","PENSIONEXP","PRIV","PC_GDP","A","2004",1.191678142,
"OAVG","PENSIONEXP","PRIV","PC_GDP","A","2005",1.207159013,
"OAVG","PENSIONEXP","PRIV","PC_GDP","A","2006",1.27812508,
"OAVG","PENSIONEXP","PRIV","PC_GDP","A","2007",1.289693779,
"OAVG","PENSIONEXP","PRIV","PC_GDP","A","2008",1.407794873,
"OAVG","PENSIONEXP","PRIV","PC_GDP","A","2009",1.541248753,
"OAVG","PENSIONEXP","PRIV","PC_GDP","A","2010",1.507693419,
"OAVG","PENSIONEXP","PRIV","PC_GDP","A","2011",1.60430454,
"OAVG","PENSIONEXP","PRIV","PC_GDP","A","2012",1.582844381,
"OAVG","PENSIONEXP","PRIV","PC_GDP","A","2013",1.649862425,
"ALB","PENSIONEXP","PRIV","PC_GDP","A","2007",0,
"ALB","PENSIONEXP","PRIV","PC_GDP","A","2008",0,
"ALB","PENSIONEXP","PRIV","PC_GDP","A","2009",0,
"ALB","PENSIONEXP","PRIV","PC_GDP","A","2010",0,
"ALB","PENSIONEXP","PRIV","PC_GDP","A","2011",0.00215052314876,
"ALB","PENSIONEXP","PRIV","PC_GDP","A","2012",0.00079229407997,
"ALB","PENSIONEXP","PRIV","PC_GDP","A","2013",0.00095842999102,
"BGR","PENSIONEXP","PRIV","PC_GDP","A","2001",0.11224815125546,
"BGR","PENSIONEXP","PRIV","PC_GDP","A","2002",0.17090711992577,
"BGR","PENSIONEXP","PRIV","PC_GDP","A","2003",0.07176415561932,
"BGR","PENSIONEXP","PRIV","PC_GDP","A","2004",0.05938687682607,
"BGR","PENSIONEXP","PRIV","PC_GDP","A","2005",0.06483634122436,
"BGR","PENSIONEXP","PRIV","PC_GDP","A","2006",0.10080511227913,
"BGR","PENSIONEXP","PRIV","PC_GDP","A","2007",0.08548694811197,
"BGR","PENSIONEXP","PRIV","PC_GDP","A","2008",0.18564101659757,
"BGR","PENSIONEXP","PRIV","PC_GDP","A","2009",0.08585863242977,
"BGR","PENSIONEXP","PRIV","PC_GDP","A","2010",0.08183092163047,
"BGR","PENSIONEXP","PRIV","PC_GDP","A","2011",0.07325922594517,
"BGR","PENSIONEXP","PRIV","PC_GDP","A","2012",0.06668009318002,
"BGR","PENSIONEXP","PRIV","PC_GDP","A","2013",0.06535213143634,
"COL","PENSIONEXP","PRIV","PC_GDP","A","2005",0.01229641693811,
"COL","PENSIONEXP","PRIV","PC_GDP","A","2006",0.00089875769345,
"COL","PENSIONEXP","PRIV","PC_GDP","A","2007",0.00089451414149,
"COL","PENSIONEXP","PRIV","PC_GDP","A","2008",0.00023495741397,
"COL","PENSIONEXP","PRIV","PC_GDP","A","2009",0.1088330458796,
"COL","PENSIONEXP","PRIV","PC_GDP","A","2010",0.72222526025464,
"EGY","PENSIONEXP","PRIV","PC_GDP","A","2008",0.2967527638191,
"HKG","PENSIONEXP","PRIV","PC_GDP","A","2001",0,
"HKG","PENSIONEXP","PRIV","PC_GDP","A","2002",0,
"HKG","PENSIONEXP","PRIV","PC_GDP","A","2003",0,
"HKG","PENSIONEXP","PRIV","PC_GDP","A","2004",0,
"HKG","PENSIONEXP","PRIV","PC_GDP","A","2005",0,
"HKG","PENSIONEXP","PRIV","PC_GDP","A","2006",0,
"LVA","PENSIONEXP","PRIV","PC_GDP","A","2009",1.5844909708795,
"LVA","PENSIONEXP","PRIV","PC_GDP","A","2010",1.9963167851603,
"LVA","PENSIONEXP","PRIV","PC_GDP","A","2011",1.9698724963289,
"LVA","PENSIONEXP","PRIV","PC_GDP","A","2012",1.5880119540121,
"LVA","PENSIONEXP","PRIV","PC_GDP","A","2013",1.1837782894055,
"LIE","PENSIONEXP","PRIV","PC_GDP","A","2007",3.4180034037006,
"LIE","PENSIONEXP","PRIV","PC_GDP","A","2008",3.9418936351909,
"LIE","PENSIONEXP","PRIV","PC_GDP","A","2009",4.8047496633615,
"LIE","PENSIONEXP","PRIV","PC_GDP","A","2010",6.4491359142706,
"LIE","PENSIONEXP","PRIV","PC_GDP","A","2011",6.7277471503404,
"LIE","PENSIONEXP","PRIV","PC_GDP","A","2012",3.3265964475883,
"LIE","PENSIONEXP","PRIV","PC_GDP","A","2013",3.1093363757368,
"MKD","PENSIONEXP","PRIV","PC_GDP","A","2007",0.0000712349872,
"MKD","PENSIONEXP","PRIV","PC_GDP","A","2008",0.00010200907698,
"MKD","PENSIONEXP","PRIV","PC_GDP","A","2009",0.00059574444973,
"MKD","PENSIONEXP","PRIV","PC_GDP","A","2010",0.00121627730231,
"MKD","PENSIONEXP","PRIV","PC_GDP","A","2011",0.00056112748259,
"MKD","PENSIONEXP","PRIV","PC_GDP","A","2012",0.00355195506268,
"MKD","PENSIONEXP","PRIV","PC_GDP","A","2013",0.00473010956552,
"MLT","PENSIONEXP","PRIV","PC_GDP","A","2011",0.03293780964798,
"MLT","PENSIONEXP","PRIV","PC_GDP","A","2012",0.31013008580127,
"MLT","PENSIONEXP","PRIV","PC_GDP","A","2013",0.94577121930079,
"NGA","PENSIONEXP","PRIV","PC_GDP","A","2007",0.05397603008348,
"NGA","PENSIONEXP","PRIV","PC_GDP","A","2008",0.17158970601028,
"NGA","PENSIONEXP","PRIV","PC_GDP","A","2009",0.13775381639405,
"NGA","PENSIONEXP","PRIV","PC_GDP","A","2010",0.14572011390074,
"NGA","PENSIONEXP","PRIV","PC_GDP","A","2011",0.27021020653797,
"NGA","PENSIONEXP","PRIV","PC_GDP","A","2012",0.23545574553291,
"NGA","PENSIONEXP","PRIV","PC_GDP","A","2013",0.38316273986295,
"PAK","PENSIONEXP","PRIV","PC_GDP","A","2007",0,
"PAK","PENSIONEXP","PRIV","PC_GDP","A","2008",0,
"PAK","PENSIONEXP","PRIV","PC_GDP","A","2009",0,
"PAK","PENSIONEXP","PRIV","PC_GDP","A","2010",0,
"PAK","PENSIONEXP","PRIV","PC_GDP","A","2011",0,
"PAK","PENSIONEXP","PRIV","PC_GDP","A","2012",0.00118816889122,
"PAK","PENSIONEXP","PRIV","PC_GDP","A","2013",0.00016637383119,
"PER","PENSIONEXP","PRIV","PC_GDP","A","2001",0.06025816476785,
"PER","PENSIONEXP","PRIV","PC_GDP","A","2002",0.07300270245917,
"PER","PENSIONEXP","PRIV","PC_GDP","A","2003",0.10231186970602,
"PER","PENSIONEXP","PRIV","PC_GDP","A","2004",0.12818346816222,
"PER","PENSIONEXP","PRIV","PC_GDP","A","2005",0.1500440732863,
"PER","PENSIONEXP","PRIV","PC_GDP","A","2006",0.1568315229389,
"PER","PENSIONEXP","PRIV","PC_GDP","A","2007",0.15431711096057,
"PER","PENSIONEXP","PRIV","PC_GDP","A","2008",0.14724166574342,
"PER","PENSIONEXP","PRIV","PC_GDP","A","2009",0.15257678002958,
"PER","PENSIONEXP","PRIV","PC_GDP","A","2010",0.15504405938485,
"PER","PENSIONEXP","PRIV","PC_GDP","A","2011",0.17390094930778,
"PER","PENSIONEXP","PRIV","PC_GDP","A","2012",0.17999234973923,
"PER","PENSIONEXP","PRIV","PC_GDP","A","2013",0.19172164587182,
"ROU","PENSIONEXP","PRIV","PC_GDP","A","2009",0.00007018482482,
"ROU","PENSIONEXP","PRIV","PC_GDP","A","2011",0.00025769733535,
"ROU","PENSIONEXP","PRIV","PC_GDP","A","2012",0.00062637079103,
"ROU","PENSIONEXP","PRIV","PC_GDP","A","2013",0.00116812097337,
"THA","PENSIONEXP","PRIV","PC_GDP","A","2007",0.46341160603791,
"THA","PENSIONEXP","PRIV","PC_GDP","A","2008",0.59351409339415,
"THA","PENSIONEXP","PRIV","PC_GDP","A","2009",0.52694996688068,
"THA","PENSIONEXP","PRIV","PC_GDP","A","2010",0.42456961879879,
"THA","PENSIONEXP","PRIV","PC_GDP","A","2011",0.50176223683863,
"THA","PENSIONEXP","PRIV","PC_GDP","A","2012",0.50217984520739,
"THA","PENSIONEXP","PRIV","PC_GDP","A","2013",0.48292175910987,
"UKR","PENSIONEXP","PRIV","PC_GDP","A","2008",0.00287957673386,
"UKR","PENSIONEXP","PRIV","PC_GDP","A","2010",0.01465702379033,
"UKR","PENSIONEXP","PRIV","PC_GDP","A","2011",0.00398464297061,
"SRB","PENSIONEXP","PRIV","PC_GDP","A","2007",0.00600238057063,
"SRB","PENSIONEXP","PRIV","PC_GDP","A","2009",0.01557190321448,
"SRB","PENSIONEXP","PRIV","PC_GDP","A","2010",0.01493670045829,
"SRB","PENSIONEXP","PRIV","PC_GDP","A","2011",0.01518816398358,
"SRB","PENSIONEXP","PRIV","PC_GDP","A","2012",0.0209712460313,
"SRB","PENSIONEXP","PRIV","PC_GDP","A","2013",0.02438340817728,
"JPN","PENSIONEXP","PRIV","PC_GDP","A","2001",0.46965343416745,
"JPN","PENSIONEXP","PRIV","PC_GDP","A","2002",0.52205763031732,
"JPN","PENSIONEXP","PRIV","PC_GDP","A","2003",0.43390802293573,
"JPN","PENSIONEXP","PRIV","PC_GDP","A","2004",0.31865066138231,
"JPN","PENSIONEXP","PRIV","PC_GDP","A","2005",0.24052585517451,
"CRI","PENSIONEXP","PRIV","PC_GDP","A","2008",0.1554067785644,
"CRI","PENSIONEXP","PRIV","PC_GDP","A","2009",0.15361942146145,
"CRI","PENSIONEXP","PRIV","PC_GDP","A","2010",0.06943734486763,
"CRI","PENSIONEXP","PRIV","PC_GDP","A","2011",0.0517732959713,
"CRI","PENSIONEXP","PRIV","PC_GDP","A","2012",0.12377813796428,
"CRI","PENSIONEXP","PRIV","PC_GDP","A","2013",0.14863921943845,
"KEN","PENSIONEXP","PRIV","PC_GDP","A","2008",0.20539203801121,
"KEN","PENSIONEXP","PRIV","PC_GDP","A","2009",0.13987082295444,
"KEN","PENSIONEXP","PRIV","PC_GDP","A","2010",0.97516496230133,
"KEN","PENSIONEXP","PRIV","PC_GDP","A","2011",0.54215477346797,
"KEN","PENSIONEXP","PRIV","PC_GDP","A","2013",0.59231921734276,
"MUS","PENSIONEXP","PRIV","PC_GDP","A","2012",0.11918523198042,
"MUS","PENSIONEXP","PRIV","PC_GDP","A","2013",0.17188516252171,
"NAM","PENSIONEXP","PRIV","PC_GDP","A","2010",3.1332433055925,
"NAM","PENSIONEXP","PRIV","PC_GDP","A","2011",2.5854550297184,
"NAM","PENSIONEXP","PRIV","PC_GDP","A","2012",2.6951699508499,
"NAM","PENSIONEXP","PRIV","PC_GDP","A","2013",3.1082025717343,
"TTO","PENSIONEXP","PRIV","PC_GDP","A","2006",0.46025436584905,
"TTO","PENSIONEXP","PRIV","PC_GDP","A","2007",0.40624304047024,
"TTO","PENSIONEXP","PRIV","PC_GDP","A","2009",0.80730500085339,
"TTO","PENSIONEXP","PRIV","PC_GDP","A","2011",0.53961752708161,
"TTO","PENSIONEXP","PRIV","PC_GDP","A","2012",0.60243787777931,
"LVA","PENSIONEXP","PUB","PC_GDP","A","1995",0,
"LVA","PENSIONEXP","PUB","PC_GDP","A","1996",0,
"LVA","PENSIONEXP","PUB","PC_GDP","A","1997",8.26,
"LVA","PENSIONEXP","PUB","PC_GDP","A","1998",8.743,
"LVA","PENSIONEXP","PUB","PC_GDP","A","1999",9.595,
"LVA","PENSIONEXP","PUB","PC_GDP","A","2000",8.657,
"LVA","PENSIONEXP","PUB","PC_GDP","A","2001",7.839,
"LVA","PENSIONEXP","PUB","PC_GDP","A","2002",7.404,
"LVA","PENSIONEXP","PUB","PC_GDP","A","2003",6.588,
"LVA","PENSIONEXP","PUB","PC_GDP","A","2004",5.969,
"LVA","PENSIONEXP","PUB","PC_GDP","A","2005",5.483,
"LVA","PENSIONEXP","PUB","PC_GDP","A","2006",5.22,
"LVA","PENSIONEXP","PUB","PC_GDP","A","2007",4.535,
"LVA","PENSIONEXP","PUB","PC_GDP","A","2008",5.194,
"LVA","PENSIONEXP","PUB","PC_GDP","A","2009",7.547,
"LVA","PENSIONEXP","PUB","PC_GDP","A","2010",9.293,
"LVA","PENSIONEXP","PUB","PC_GDP","A","2011",7.923,
"LVA","PENSIONEXP","PUB","PC_GDP","A","2012",7.569,
"LVA","PENSIONEXP","PUB","PC_GDP","A","2013",7.473,
