﻿"LOCATION","INDICATOR","SUBJECT","MEASURE","FREQUENCY","TIME","Value","Flag Codes"
"AUS","PUBUNEMPEXP","TOT","PC_GDP","A","1980",0.655,
"AUS","PUBUNEMPEXP","TOT","PC_GDP","A","1981",0.698,
"AUS","PUBUNEMPEXP","TOT","PC_GDP","A","1982",1.19,
"AUS","PUBUNEMPEXP","TOT","PC_GDP","A","1983",1.365,
"AUS","PUBUNEMPEXP","TOT","PC_GDP","A","1984",1.27,
"AUS","PUBUNEMPEXP","TOT","PC_GDP","A","1985",1.2,
"AUS","PUBUNEMPEXP","TOT","PC_GDP","A","1986",1.209,
"AUS","PUBUNEMPEXP","TOT","PC_GDP","A","1987",1.041,
"AUS","PUBUNEMPEXP","TOT","PC_GDP","A","1988",0.83,
"AUS","PUBUNEMPEXP","TOT","PC_GDP","A","1989",0.759,
"AUS","PUBUNEMPEXP","TOT","PC_GDP","A","1990",1.1,
"AUS","PUBUNEMPEXP","TOT","PC_GDP","A","1991",1.593,
"AUS","PUBUNEMPEXP","TOT","PC_GDP","A","1992",1.718,
"AUS","PUBUNEMPEXP","TOT","PC_GDP","A","1993",1.729,
"AUS","PUBUNEMPEXP","TOT","PC_GDP","A","1994",1.493,
"AUS","PUBUNEMPEXP","TOT","PC_GDP","A","1995",1.187,
"AUS","PUBUNEMPEXP","TOT","PC_GDP","A","1996",1.193,
"AUS","PUBUNEMPEXP","TOT","PC_GDP","A","1997",1.181,
"AUS","PUBUNEMPEXP","TOT","PC_GDP","A","1998",1.118,
"AUS","PUBUNEMPEXP","TOT","PC_GDP","A","1999",0.989,
"AUS","PUBUNEMPEXP","TOT","PC_GDP","A","2000",0.926,
"AUS","PUBUNEMPEXP","TOT","PC_GDP","A","2001",0.886,
"AUS","PUBUNEMPEXP","TOT","PC_GDP","A","2002",0.773,
"AUS","PUBUNEMPEXP","TOT","PC_GDP","A","2003",0.7,
"AUS","PUBUNEMPEXP","TOT","PC_GDP","A","2004",0.62,
"AUS","PUBUNEMPEXP","TOT","PC_GDP","A","2005",0.546,
"AUS","PUBUNEMPEXP","TOT","PC_GDP","A","2006",0.484,
"AUS","PUBUNEMPEXP","TOT","PC_GDP","A","2007",0.408,
"AUS","PUBUNEMPEXP","TOT","PC_GDP","A","2008",0.445,
"AUS","PUBUNEMPEXP","TOT","PC_GDP","A","2009",0.543,
"AUS","PUBUNEMPEXP","TOT","PC_GDP","A","2010",0.505,
"AUS","PUBUNEMPEXP","TOT","PC_GDP","A","2011",0.512,
"AUS","PUBUNEMPEXP","TOT","PC_GDP","A","2012",0.571,
"AUS","PUBUNEMPEXP","TOT","PC_GDP","A","2013",0.631,
"AUS","PUBUNEMPEXP","TOT","PC_GDP","A","2014",0.665,
"AUT","PUBUNEMPEXP","TOT","PC_GDP","A","1980",0.398,
"AUT","PUBUNEMPEXP","TOT","PC_GDP","A","1985",0.913,
"AUT","PUBUNEMPEXP","TOT","PC_GDP","A","1990",0.903,
"AUT","PUBUNEMPEXP","TOT","PC_GDP","A","1991",1.001,
"AUT","PUBUNEMPEXP","TOT","PC_GDP","A","1992",1.053,
"AUT","PUBUNEMPEXP","TOT","PC_GDP","A","1993",1.271,
"AUT","PUBUNEMPEXP","TOT","PC_GDP","A","1994",1.252,
"AUT","PUBUNEMPEXP","TOT","PC_GDP","A","1995",1.263,
"AUT","PUBUNEMPEXP","TOT","PC_GDP","A","1996",1.279,
"AUT","PUBUNEMPEXP","TOT","PC_GDP","A","1997",1.124,
"AUT","PUBUNEMPEXP","TOT","PC_GDP","A","1998",1.099,
"AUT","PUBUNEMPEXP","TOT","PC_GDP","A","1999",1.023,
"AUT","PUBUNEMPEXP","TOT","PC_GDP","A","2000",0.924,
"AUT","PUBUNEMPEXP","TOT","PC_GDP","A","2001",0.911,
"AUT","PUBUNEMPEXP","TOT","PC_GDP","A","2002",1.071,
"AUT","PUBUNEMPEXP","TOT","PC_GDP","A","2003",1.19,
"AUT","PUBUNEMPEXP","TOT","PC_GDP","A","2004",1.183,
"AUT","PUBUNEMPEXP","TOT","PC_GDP","A","2005",1.11,
"AUT","PUBUNEMPEXP","TOT","PC_GDP","A","2006",1.017,
"AUT","PUBUNEMPEXP","TOT","PC_GDP","A","2007",0.891,
"AUT","PUBUNEMPEXP","TOT","PC_GDP","A","2008",0.831,
"AUT","PUBUNEMPEXP","TOT","PC_GDP","A","2009",1.06,
"AUT","PUBUNEMPEXP","TOT","PC_GDP","A","2010",1,
"AUT","PUBUNEMPEXP","TOT","PC_GDP","A","2011",0.903,
"AUT","PUBUNEMPEXP","TOT","PC_GDP","A","2012",0.906,
"AUT","PUBUNEMPEXP","TOT","PC_GDP","A","2013",0.987,
"BEL","PUBUNEMPEXP","TOT","PC_GDP","A","1980",2.382,
"BEL","PUBUNEMPEXP","TOT","PC_GDP","A","1981",3.036,
"BEL","PUBUNEMPEXP","TOT","PC_GDP","A","1982",3.206,
"BEL","PUBUNEMPEXP","TOT","PC_GDP","A","1983",3.537,
"BEL","PUBUNEMPEXP","TOT","PC_GDP","A","1984",3.373,
"BEL","PUBUNEMPEXP","TOT","PC_GDP","A","1985",3.206,
"BEL","PUBUNEMPEXP","TOT","PC_GDP","A","1986",3.104,
"BEL","PUBUNEMPEXP","TOT","PC_GDP","A","1987",3.026,
"BEL","PUBUNEMPEXP","TOT","PC_GDP","A","1988",2.778,
"BEL","PUBUNEMPEXP","TOT","PC_GDP","A","1989",2.538,
"BEL","PUBUNEMPEXP","TOT","PC_GDP","A","1990",2.824,
"BEL","PUBUNEMPEXP","TOT","PC_GDP","A","1991",2.948,
"BEL","PUBUNEMPEXP","TOT","PC_GDP","A","1992",2.856,
"BEL","PUBUNEMPEXP","TOT","PC_GDP","A","1993",3.137,
"BEL","PUBUNEMPEXP","TOT","PC_GDP","A","1994",3.064,
"BEL","PUBUNEMPEXP","TOT","PC_GDP","A","1995",3.175,
"BEL","PUBUNEMPEXP","TOT","PC_GDP","A","1996",3.201,
"BEL","PUBUNEMPEXP","TOT","PC_GDP","A","1997",3.146,
"BEL","PUBUNEMPEXP","TOT","PC_GDP","A","1998",3.041,
"BEL","PUBUNEMPEXP","TOT","PC_GDP","A","1999",2.915,
"BEL","PUBUNEMPEXP","TOT","PC_GDP","A","2000",2.735,
"BEL","PUBUNEMPEXP","TOT","PC_GDP","A","2001",2.758,
"BEL","PUBUNEMPEXP","TOT","PC_GDP","A","2002",2.988,
"BEL","PUBUNEMPEXP","TOT","PC_GDP","A","2003",3.218,
"BEL","PUBUNEMPEXP","TOT","PC_GDP","A","2004",3.227,
"BEL","PUBUNEMPEXP","TOT","PC_GDP","A","2005",3.208,
"BEL","PUBUNEMPEXP","TOT","PC_GDP","A","2006",3.156,
"BEL","PUBUNEMPEXP","TOT","PC_GDP","A","2007",3.005,
"BEL","PUBUNEMPEXP","TOT","PC_GDP","A","2008",3.065,
"BEL","PUBUNEMPEXP","TOT","PC_GDP","A","2009",3.555,
"BEL","PUBUNEMPEXP","TOT","PC_GDP","A","2010",3.508,
"BEL","PUBUNEMPEXP","TOT","PC_GDP","A","2011",3.474,
"BEL","PUBUNEMPEXP","TOT","PC_GDP","A","2012",3.448,
"BEL","PUBUNEMPEXP","TOT","PC_GDP","A","2013",3.234,
"CAN","PUBUNEMPEXP","TOT","PC_GDP","A","1980",1.2,
"CAN","PUBUNEMPEXP","TOT","PC_GDP","A","1981",1.279,
"CAN","PUBUNEMPEXP","TOT","PC_GDP","A","1982",2.259,
"CAN","PUBUNEMPEXP","TOT","PC_GDP","A","1983",2.105,
"CAN","PUBUNEMPEXP","TOT","PC_GDP","A","1984",1.953,
"CAN","PUBUNEMPEXP","TOT","PC_GDP","A","1985",1.802,
"CAN","PUBUNEMPEXP","TOT","PC_GDP","A","1986",1.782,
"CAN","PUBUNEMPEXP","TOT","PC_GDP","A","1987",1.61,
"CAN","PUBUNEMPEXP","TOT","PC_GDP","A","1988",1.525,
"CAN","PUBUNEMPEXP","TOT","PC_GDP","A","1989",1.537,
"CAN","PUBUNEMPEXP","TOT","PC_GDP","A","1990",1.846,
"CAN","PUBUNEMPEXP","TOT","PC_GDP","A","1991",2.202,
"CAN","PUBUNEMPEXP","TOT","PC_GDP","A","1992",2.179,
"CAN","PUBUNEMPEXP","TOT","PC_GDP","A","1993",1.897,
"CAN","PUBUNEMPEXP","TOT","PC_GDP","A","1994",1.492,
"CAN","PUBUNEMPEXP","TOT","PC_GDP","A","1995",1.258,
"CAN","PUBUNEMPEXP","TOT","PC_GDP","A","1996",1.137,
"CAN","PUBUNEMPEXP","TOT","PC_GDP","A","1997",0.983,
"CAN","PUBUNEMPEXP","TOT","PC_GDP","A","1998",0.915,
"CAN","PUBUNEMPEXP","TOT","PC_GDP","A","1999",0.766,
"CAN","PUBUNEMPEXP","TOT","PC_GDP","A","2000",0.675,
"CAN","PUBUNEMPEXP","TOT","PC_GDP","A","2001",0.764,
"CAN","PUBUNEMPEXP","TOT","PC_GDP","A","2002",0.749,
"CAN","PUBUNEMPEXP","TOT","PC_GDP","A","2003",0.748,
"CAN","PUBUNEMPEXP","TOT","PC_GDP","A","2004",0.665,
"CAN","PUBUNEMPEXP","TOT","PC_GDP","A","2005",0.607,
"CAN","PUBUNEMPEXP","TOT","PC_GDP","A","2006",0.576,
"CAN","PUBUNEMPEXP","TOT","PC_GDP","A","2007",0.544,
"CAN","PUBUNEMPEXP","TOT","PC_GDP","A","2008",0.64,
"CAN","PUBUNEMPEXP","TOT","PC_GDP","A","2009",0.949,
"CAN","PUBUNEMPEXP","TOT","PC_GDP","A","2010",0.792,
"CAN","PUBUNEMPEXP","TOT","PC_GDP","A","2011",0.648,
"CAN","PUBUNEMPEXP","TOT","PC_GDP","A","2012",0.589,
"CAN","PUBUNEMPEXP","TOT","PC_GDP","A","2013",0.565,
"CAN","PUBUNEMPEXP","TOT","PC_GDP","A","2014",0.567,
"CZE","PUBUNEMPEXP","TOT","PC_GDP","A","1991",0.193,
"CZE","PUBUNEMPEXP","TOT","PC_GDP","A","1992",0.147,
"CZE","PUBUNEMPEXP","TOT","PC_GDP","A","1993",0.12,
"CZE","PUBUNEMPEXP","TOT","PC_GDP","A","1994",0.135,
"CZE","PUBUNEMPEXP","TOT","PC_GDP","A","1995",0.34,
"CZE","PUBUNEMPEXP","TOT","PC_GDP","A","1996",0.39,
"CZE","PUBUNEMPEXP","TOT","PC_GDP","A","1997",0.466,
"CZE","PUBUNEMPEXP","TOT","PC_GDP","A","1998",0.489,
"CZE","PUBUNEMPEXP","TOT","PC_GDP","A","1999",0.619,
"CZE","PUBUNEMPEXP","TOT","PC_GDP","A","2000",0.568,
"CZE","PUBUNEMPEXP","TOT","PC_GDP","A","2001",0.527,
"CZE","PUBUNEMPEXP","TOT","PC_GDP","A","2002",0.582,
"CZE","PUBUNEMPEXP","TOT","PC_GDP","A","2003",0.706,
"CZE","PUBUNEMPEXP","TOT","PC_GDP","A","2004",0.642,
"CZE","PUBUNEMPEXP","TOT","PC_GDP","A","2005",0.568,
"CZE","PUBUNEMPEXP","TOT","PC_GDP","A","2006",0.493,
"CZE","PUBUNEMPEXP","TOT","PC_GDP","A","2007",0.541,
"CZE","PUBUNEMPEXP","TOT","PC_GDP","A","2008",0.559,
"CZE","PUBUNEMPEXP","TOT","PC_GDP","A","2009",0.969,
"CZE","PUBUNEMPEXP","TOT","PC_GDP","A","2010",0.752,
"CZE","PUBUNEMPEXP","TOT","PC_GDP","A","2011",0.652,
"CZE","PUBUNEMPEXP","TOT","PC_GDP","A","2012",0.622,
"CZE","PUBUNEMPEXP","TOT","PC_GDP","A","2013",0.632,
"DNK","PUBUNEMPEXP","TOT","PC_GDP","A","1980",0,
"DNK","PUBUNEMPEXP","TOT","PC_GDP","A","1981",0,
"DNK","PUBUNEMPEXP","TOT","PC_GDP","A","1982",0,
"DNK","PUBUNEMPEXP","TOT","PC_GDP","A","1983",0,
"DNK","PUBUNEMPEXP","TOT","PC_GDP","A","1984",0,
"DNK","PUBUNEMPEXP","TOT","PC_GDP","A","1985",0,
"DNK","PUBUNEMPEXP","TOT","PC_GDP","A","1986",0,
"DNK","PUBUNEMPEXP","TOT","PC_GDP","A","1987",0,
"DNK","PUBUNEMPEXP","TOT","PC_GDP","A","1988",0,
"DNK","PUBUNEMPEXP","TOT","PC_GDP","A","1989",0,
"DNK","PUBUNEMPEXP","TOT","PC_GDP","A","1990",0,
"DNK","PUBUNEMPEXP","TOT","PC_GDP","A","1991",0,
"DNK","PUBUNEMPEXP","TOT","PC_GDP","A","1992",0,
"DNK","PUBUNEMPEXP","TOT","PC_GDP","A","1993",0,
"DNK","PUBUNEMPEXP","TOT","PC_GDP","A","1994",0.025,
"DNK","PUBUNEMPEXP","TOT","PC_GDP","A","1995",0.044,
"DNK","PUBUNEMPEXP","TOT","PC_GDP","A","1996",0.009,
"DNK","PUBUNEMPEXP","TOT","PC_GDP","A","1997",0.004,
"DNK","PUBUNEMPEXP","TOT","PC_GDP","A","1998",0.003,
"DNK","PUBUNEMPEXP","TOT","PC_GDP","A","1999",0.001,
"DNK","PUBUNEMPEXP","TOT","PC_GDP","A","2000",0,
"DNK","PUBUNEMPEXP","TOT","PC_GDP","A","2001",0,
"DNK","PUBUNEMPEXP","TOT","PC_GDP","A","2002",0,
"DNK","PUBUNEMPEXP","TOT","PC_GDP","A","2003",0,
"DNK","PUBUNEMPEXP","TOT","PC_GDP","A","2004",0,
"DNK","PUBUNEMPEXP","TOT","PC_GDP","A","2005",0,
"DNK","PUBUNEMPEXP","TOT","PC_GDP","A","2006",0,
"DNK","PUBUNEMPEXP","TOT","PC_GDP","A","2007",0,
"DNK","PUBUNEMPEXP","TOT","PC_GDP","A","2008",0,
"DNK","PUBUNEMPEXP","TOT","PC_GDP","A","2009",0,
"DNK","PUBUNEMPEXP","TOT","PC_GDP","A","2010",0,
"DNK","PUBUNEMPEXP","TOT","PC_GDP","A","2011",0,
"DNK","PUBUNEMPEXP","TOT","PC_GDP","A","2012",0,
"DNK","PUBUNEMPEXP","TOT","PC_GDP","A","2013",0,
"FIN","PUBUNEMPEXP","TOT","PC_GDP","A","1980",0.64,
"FIN","PUBUNEMPEXP","TOT","PC_GDP","A","1981",0.693,
"FIN","PUBUNEMPEXP","TOT","PC_GDP","A","1982",0.843,
"FIN","PUBUNEMPEXP","TOT","PC_GDP","A","1983",0.902,
"FIN","PUBUNEMPEXP","TOT","PC_GDP","A","1984",0.864,
"FIN","PUBUNEMPEXP","TOT","PC_GDP","A","1985",1.267,
"FIN","PUBUNEMPEXP","TOT","PC_GDP","A","1986",1.463,
"FIN","PUBUNEMPEXP","TOT","PC_GDP","A","1987",1.489,
"FIN","PUBUNEMPEXP","TOT","PC_GDP","A","1988",1.339,
"FIN","PUBUNEMPEXP","TOT","PC_GDP","A","1989",1.095,
"FIN","PUBUNEMPEXP","TOT","PC_GDP","A","1990",1.072,
"FIN","PUBUNEMPEXP","TOT","PC_GDP","A","1991",2.073,
"FIN","PUBUNEMPEXP","TOT","PC_GDP","A","1992",3.615,
"FIN","PUBUNEMPEXP","TOT","PC_GDP","A","1993",4.643,
"FIN","PUBUNEMPEXP","TOT","PC_GDP","A","1994",4.427,
"FIN","PUBUNEMPEXP","TOT","PC_GDP","A","1995",3.812,
"FIN","PUBUNEMPEXP","TOT","PC_GDP","A","1996",3.594,
"FIN","PUBUNEMPEXP","TOT","PC_GDP","A","1997",3.146,
"FIN","PUBUNEMPEXP","TOT","PC_GDP","A","1998",2.612,
"FIN","PUBUNEMPEXP","TOT","PC_GDP","A","1999",2.374,
"FIN","PUBUNEMPEXP","TOT","PC_GDP","A","2000",2.118,
"FIN","PUBUNEMPEXP","TOT","PC_GDP","A","2001",1.976,
"FIN","PUBUNEMPEXP","TOT","PC_GDP","A","2002",2.038,
"FIN","PUBUNEMPEXP","TOT","PC_GDP","A","2003",2.084,
"FIN","PUBUNEMPEXP","TOT","PC_GDP","A","2004",2.053,
"FIN","PUBUNEMPEXP","TOT","PC_GDP","A","2005",1.925,
"FIN","PUBUNEMPEXP","TOT","PC_GDP","A","2006",1.742,
"FIN","PUBUNEMPEXP","TOT","PC_GDP","A","2007",1.489,
"FIN","PUBUNEMPEXP","TOT","PC_GDP","A","2008",1.392,
"FIN","PUBUNEMPEXP","TOT","PC_GDP","A","2009",1.884,
"FIN","PUBUNEMPEXP","TOT","PC_GDP","A","2010",1.938,
"FIN","PUBUNEMPEXP","TOT","PC_GDP","A","2011",1.642,
"FIN","PUBUNEMPEXP","TOT","PC_GDP","A","2012",1.721,
"FIN","PUBUNEMPEXP","TOT","PC_GDP","A","2013",1.937,
"FRA","PUBUNEMPEXP","TOT","PC_GDP","A","1985",2.267,
"FRA","PUBUNEMPEXP","TOT","PC_GDP","A","1986",2.163,
"FRA","PUBUNEMPEXP","TOT","PC_GDP","A","1987",2.096,
"FRA","PUBUNEMPEXP","TOT","PC_GDP","A","1988",1.952,
"FRA","PUBUNEMPEXP","TOT","PC_GDP","A","1989",1.778,
"FRA","PUBUNEMPEXP","TOT","PC_GDP","A","1990",1.633,
"FRA","PUBUNEMPEXP","TOT","PC_GDP","A","1991",1.695,
"FRA","PUBUNEMPEXP","TOT","PC_GDP","A","1992",1.739,
"FRA","PUBUNEMPEXP","TOT","PC_GDP","A","1993",1.816,
"FRA","PUBUNEMPEXP","TOT","PC_GDP","A","1994",1.702,
"FRA","PUBUNEMPEXP","TOT","PC_GDP","A","1995",1.578,
"FRA","PUBUNEMPEXP","TOT","PC_GDP","A","1996",1.666,
"FRA","PUBUNEMPEXP","TOT","PC_GDP","A","1997",1.635,
"FRA","PUBUNEMPEXP","TOT","PC_GDP","A","1998",1.593,
"FRA","PUBUNEMPEXP","TOT","PC_GDP","A","1999",1.543,
"FRA","PUBUNEMPEXP","TOT","PC_GDP","A","2000",1.408,
"FRA","PUBUNEMPEXP","TOT","PC_GDP","A","2001",1.406,
"FRA","PUBUNEMPEXP","TOT","PC_GDP","A","2002",1.628,
"FRA","PUBUNEMPEXP","TOT","PC_GDP","A","2003",1.801,
"FRA","PUBUNEMPEXP","TOT","PC_GDP","A","2004",1.775,
"FRA","PUBUNEMPEXP","TOT","PC_GDP","A","2005",1.659,
"FRA","PUBUNEMPEXP","TOT","PC_GDP","A","2006",1.427,
"FRA","PUBUNEMPEXP","TOT","PC_GDP","A","2007",1.292,
"FRA","PUBUNEMPEXP","TOT","PC_GDP","A","2008",1.241,
"FRA","PUBUNEMPEXP","TOT","PC_GDP","A","2009",1.554,
"FRA","PUBUNEMPEXP","TOT","PC_GDP","A","2010",1.599,
"FRA","PUBUNEMPEXP","TOT","PC_GDP","A","2011",1.506,
"FRA","PUBUNEMPEXP","TOT","PC_GDP","A","2012",1.574,
"FRA","PUBUNEMPEXP","TOT","PC_GDP","A","2013",1.627,
"DEU","PUBUNEMPEXP","TOT","PC_GDP","A","1980",0.489,
"DEU","PUBUNEMPEXP","TOT","PC_GDP","A","1981",0.801,
"DEU","PUBUNEMPEXP","TOT","PC_GDP","A","1982",1.059,
"DEU","PUBUNEMPEXP","TOT","PC_GDP","A","1983",1.167,
"DEU","PUBUNEMPEXP","TOT","PC_GDP","A","1984",1.001,
"DEU","PUBUNEMPEXP","TOT","PC_GDP","A","1985",0.943,
"DEU","PUBUNEMPEXP","TOT","PC_GDP","A","1986",0.874,
"DEU","PUBUNEMPEXP","TOT","PC_GDP","A","1987",0.91,
"DEU","PUBUNEMPEXP","TOT","PC_GDP","A","1988",0.891,
"DEU","PUBUNEMPEXP","TOT","PC_GDP","A","1989",0.784,
"DEU","PUBUNEMPEXP","TOT","PC_GDP","A","1990",0.824,
"DEU","PUBUNEMPEXP","TOT","PC_GDP","A","1991",1.278,
"DEU","PUBUNEMPEXP","TOT","PC_GDP","A","1992",1.385,
"DEU","PUBUNEMPEXP","TOT","PC_GDP","A","1993",1.819,
"DEU","PUBUNEMPEXP","TOT","PC_GDP","A","1994",1.735,
"DEU","PUBUNEMPEXP","TOT","PC_GDP","A","1995",1.523,
"DEU","PUBUNEMPEXP","TOT","PC_GDP","A","1996",1.616,
"DEU","PUBUNEMPEXP","TOT","PC_GDP","A","1997",1.563,
"DEU","PUBUNEMPEXP","TOT","PC_GDP","A","1998",1.432,
"DEU","PUBUNEMPEXP","TOT","PC_GDP","A","1999",1.368,
"DEU","PUBUNEMPEXP","TOT","PC_GDP","A","2000",1.31,
"DEU","PUBUNEMPEXP","TOT","PC_GDP","A","2001",1.339,
"DEU","PUBUNEMPEXP","TOT","PC_GDP","A","2002",1.489,
"DEU","PUBUNEMPEXP","TOT","PC_GDP","A","2003",1.662,
"DEU","PUBUNEMPEXP","TOT","PC_GDP","A","2004",1.726,
"DEU","PUBUNEMPEXP","TOT","PC_GDP","A","2005",1.828,
"DEU","PUBUNEMPEXP","TOT","PC_GDP","A","2006",1.622,
"DEU","PUBUNEMPEXP","TOT","PC_GDP","A","2007",1.339,
"DEU","PUBUNEMPEXP","TOT","PC_GDP","A","2008",1.225,
"DEU","PUBUNEMPEXP","TOT","PC_GDP","A","2009",1.618,
"DEU","PUBUNEMPEXP","TOT","PC_GDP","A","2010",1.47,
"DEU","PUBUNEMPEXP","TOT","PC_GDP","A","2011",1.131,
"DEU","PUBUNEMPEXP","TOT","PC_GDP","A","2012",1.033,
"DEU","PUBUNEMPEXP","TOT","PC_GDP","A","2013",1.028,
"GRC","PUBUNEMPEXP","TOT","PC_GDP","A","1980",0.212,
"GRC","PUBUNEMPEXP","TOT","PC_GDP","A","1981",0.252,
"GRC","PUBUNEMPEXP","TOT","PC_GDP","A","1982",0.265,
"GRC","PUBUNEMPEXP","TOT","PC_GDP","A","1983",0.273,
"GRC","PUBUNEMPEXP","TOT","PC_GDP","A","1984",0.278,
"GRC","PUBUNEMPEXP","TOT","PC_GDP","A","1985",0.299,
"GRC","PUBUNEMPEXP","TOT","PC_GDP","A","1986",0.353,
"GRC","PUBUNEMPEXP","TOT","PC_GDP","A","1987",0.328,
"GRC","PUBUNEMPEXP","TOT","PC_GDP","A","1988",0.293,
"GRC","PUBUNEMPEXP","TOT","PC_GDP","A","1989",0.357,
"GRC","PUBUNEMPEXP","TOT","PC_GDP","A","1990",0.387,
"GRC","PUBUNEMPEXP","TOT","PC_GDP","A","1991",0.464,
"GRC","PUBUNEMPEXP","TOT","PC_GDP","A","1992",0.419,
"GRC","PUBUNEMPEXP","TOT","PC_GDP","A","1993",0.37,
"GRC","PUBUNEMPEXP","TOT","PC_GDP","A","1994",0.388,
"GRC","PUBUNEMPEXP","TOT","PC_GDP","A","1995",0.392,
"GRC","PUBUNEMPEXP","TOT","PC_GDP","A","1996",0.397,
"GRC","PUBUNEMPEXP","TOT","PC_GDP","A","1997",0.414,
"GRC","PUBUNEMPEXP","TOT","PC_GDP","A","1998",0.405,
"GRC","PUBUNEMPEXP","TOT","PC_GDP","A","1999",0.387,
"GRC","PUBUNEMPEXP","TOT","PC_GDP","A","2000",0.392,
"GRC","PUBUNEMPEXP","TOT","PC_GDP","A","2001",0.363,
"GRC","PUBUNEMPEXP","TOT","PC_GDP","A","2002",0.37,
"GRC","PUBUNEMPEXP","TOT","PC_GDP","A","2003",0.36,
"GRC","PUBUNEMPEXP","TOT","PC_GDP","A","2004",0.395,
"GRC","PUBUNEMPEXP","TOT","PC_GDP","A","2005",0.396,
"GRC","PUBUNEMPEXP","TOT","PC_GDP","A","2006",0.338,
"GRC","PUBUNEMPEXP","TOT","PC_GDP","A","2007",0.445,
"GRC","PUBUNEMPEXP","TOT","PC_GDP","A","2008",0.462,
"GRC","PUBUNEMPEXP","TOT","PC_GDP","A","2009",0.702,
"GRC","PUBUNEMPEXP","TOT","PC_GDP","A","2010",0.835,
"GRC","PUBUNEMPEXP","TOT","PC_GDP","A","2011",1.075,
"GRC","PUBUNEMPEXP","TOT","PC_GDP","A","2012",1.038,
"HUN","PUBUNEMPEXP","TOT","PC_GDP","A","1992",2.134,
"HUN","PUBUNEMPEXP","TOT","PC_GDP","A","1993",2.06,
"HUN","PUBUNEMPEXP","TOT","PC_GDP","A","1994",1.177,
"HUN","PUBUNEMPEXP","TOT","PC_GDP","A","1995",0.867,
"HUN","PUBUNEMPEXP","TOT","PC_GDP","A","1996",0.73,
"HUN","PUBUNEMPEXP","TOT","PC_GDP","A","1997",0.609,
"HUN","PUBUNEMPEXP","TOT","PC_GDP","A","1998",0.598,
"HUN","PUBUNEMPEXP","TOT","PC_GDP","A","1999",0.821,
"HUN","PUBUNEMPEXP","TOT","PC_GDP","A","2000",0.688,
"HUN","PUBUNEMPEXP","TOT","PC_GDP","A","2001",0.549,
"HUN","PUBUNEMPEXP","TOT","PC_GDP","A","2002",0.504,
"HUN","PUBUNEMPEXP","TOT","PC_GDP","A","2003",0.501,
"HUN","PUBUNEMPEXP","TOT","PC_GDP","A","2004",0.528,
"HUN","PUBUNEMPEXP","TOT","PC_GDP","A","2005",0.549,
"HUN","PUBUNEMPEXP","TOT","PC_GDP","A","2006",0.577,
"HUN","PUBUNEMPEXP","TOT","PC_GDP","A","2007",0.668,
"HUN","PUBUNEMPEXP","TOT","PC_GDP","A","2008",0.722,
"HUN","PUBUNEMPEXP","TOT","PC_GDP","A","2009",0.854,
"HUN","PUBUNEMPEXP","TOT","PC_GDP","A","2010",0.802,
"HUN","PUBUNEMPEXP","TOT","PC_GDP","A","2011",0.754,
"HUN","PUBUNEMPEXP","TOT","PC_GDP","A","2012",0.544,
"HUN","PUBUNEMPEXP","TOT","PC_GDP","A","2013",0.471,
"ISL","PUBUNEMPEXP","TOT","PC_GDP","A","1990",0.287,
"ISL","PUBUNEMPEXP","TOT","PC_GDP","A","1991",0.238,
"ISL","PUBUNEMPEXP","TOT","PC_GDP","A","1992",0.458,
"ISL","PUBUNEMPEXP","TOT","PC_GDP","A","1993",0.662,
"ISL","PUBUNEMPEXP","TOT","PC_GDP","A","1994",0.72,
"ISL","PUBUNEMPEXP","TOT","PC_GDP","A","1995",0.769,
"ISL","PUBUNEMPEXP","TOT","PC_GDP","A","1996",0.586,
"ISL","PUBUNEMPEXP","TOT","PC_GDP","A","1997",0.515,
"ISL","PUBUNEMPEXP","TOT","PC_GDP","A","1998",0.378,
"ISL","PUBUNEMPEXP","TOT","PC_GDP","A","1999",0.265,
"ISL","PUBUNEMPEXP","TOT","PC_GDP","A","2000",0.186,
"ISL","PUBUNEMPEXP","TOT","PC_GDP","A","2001",0.184,
"ISL","PUBUNEMPEXP","TOT","PC_GDP","A","2002",0.331,
"ISL","PUBUNEMPEXP","TOT","PC_GDP","A","2003",0.453,
"ISL","PUBUNEMPEXP","TOT","PC_GDP","A","2004",0.443,
"ISL","PUBUNEMPEXP","TOT","PC_GDP","A","2005",0.298,
"ISL","PUBUNEMPEXP","TOT","PC_GDP","A","2006",0.199,
"ISL","PUBUNEMPEXP","TOT","PC_GDP","A","2007",0.182,
"ISL","PUBUNEMPEXP","TOT","PC_GDP","A","2008",0.311,
"ISL","PUBUNEMPEXP","TOT","PC_GDP","A","2009",1.581,
"ISL","PUBUNEMPEXP","TOT","PC_GDP","A","2010",1.5,
"ISL","PUBUNEMPEXP","TOT","PC_GDP","A","2011",1.399,
"ISL","PUBUNEMPEXP","TOT","PC_GDP","A","2012",1.219,
"ISL","PUBUNEMPEXP","TOT","PC_GDP","A","2013",0.888,
"IRL","PUBUNEMPEXP","TOT","PC_GDP","A","1985",3.245,
"IRL","PUBUNEMPEXP","TOT","PC_GDP","A","1986",3.26,
"IRL","PUBUNEMPEXP","TOT","PC_GDP","A","1987",3.116,
"IRL","PUBUNEMPEXP","TOT","PC_GDP","A","1988",2.829,
"IRL","PUBUNEMPEXP","TOT","PC_GDP","A","1989",2.542,
"IRL","PUBUNEMPEXP","TOT","PC_GDP","A","1990",2.081,
"IRL","PUBUNEMPEXP","TOT","PC_GDP","A","1991",2.39,
"IRL","PUBUNEMPEXP","TOT","PC_GDP","A","1992",2.673,
"IRL","PUBUNEMPEXP","TOT","PC_GDP","A","1993",2.687,
"IRL","PUBUNEMPEXP","TOT","PC_GDP","A","1994",2.438,
"IRL","PUBUNEMPEXP","TOT","PC_GDP","A","1995",2.228,
"IRL","PUBUNEMPEXP","TOT","PC_GDP","A","1996",2.105,
"IRL","PUBUNEMPEXP","TOT","PC_GDP","A","1997",1.65,
"IRL","PUBUNEMPEXP","TOT","PC_GDP","A","1998",1.339,
"IRL","PUBUNEMPEXP","TOT","PC_GDP","A","1999",1.035,
"IRL","PUBUNEMPEXP","TOT","PC_GDP","A","2000",0.832,
"IRL","PUBUNEMPEXP","TOT","PC_GDP","A","2001",0.749,
"IRL","PUBUNEMPEXP","TOT","PC_GDP","A","2002",0.872,
"IRL","PUBUNEMPEXP","TOT","PC_GDP","A","2003",0.928,
"IRL","PUBUNEMPEXP","TOT","PC_GDP","A","2004",0.967,
"IRL","PUBUNEMPEXP","TOT","PC_GDP","A","2005",0.911,
"IRL","PUBUNEMPEXP","TOT","PC_GDP","A","2006",0.938,
"IRL","PUBUNEMPEXP","TOT","PC_GDP","A","2007",1,
"IRL","PUBUNEMPEXP","TOT","PC_GDP","A","2008",1.387,
"IRL","PUBUNEMPEXP","TOT","PC_GDP","A","2009",2.538,
"IRL","PUBUNEMPEXP","TOT","PC_GDP","A","2010",3.235,
"IRL","PUBUNEMPEXP","TOT","PC_GDP","A","2011",2.892,
"IRL","PUBUNEMPEXP","TOT","PC_GDP","A","2012",2.795,
"IRL","PUBUNEMPEXP","TOT","PC_GDP","A","2013",2.543,
"ITA","PUBUNEMPEXP","TOT","PC_GDP","A","1980",0.563,
"ITA","PUBUNEMPEXP","TOT","PC_GDP","A","1981",0.809,
"ITA","PUBUNEMPEXP","TOT","PC_GDP","A","1982",1.071,
"ITA","PUBUNEMPEXP","TOT","PC_GDP","A","1983",1.218,
"ITA","PUBUNEMPEXP","TOT","PC_GDP","A","1984",1.312,
"ITA","PUBUNEMPEXP","TOT","PC_GDP","A","1985",1.257,
"ITA","PUBUNEMPEXP","TOT","PC_GDP","A","1986",1.178,
"ITA","PUBUNEMPEXP","TOT","PC_GDP","A","1987",1.015,
"ITA","PUBUNEMPEXP","TOT","PC_GDP","A","1988",0.965,
"ITA","PUBUNEMPEXP","TOT","PC_GDP","A","1989",0.881,
"ITA","PUBUNEMPEXP","TOT","PC_GDP","A","1990",0.578,
"ITA","PUBUNEMPEXP","TOT","PC_GDP","A","1991",0.617,
"ITA","PUBUNEMPEXP","TOT","PC_GDP","A","1992",0.684,
"ITA","PUBUNEMPEXP","TOT","PC_GDP","A","1993",0.763,
"ITA","PUBUNEMPEXP","TOT","PC_GDP","A","1994",0.73,
"ITA","PUBUNEMPEXP","TOT","PC_GDP","A","1995",0.665,
"ITA","PUBUNEMPEXP","TOT","PC_GDP","A","1996",0.61,
"ITA","PUBUNEMPEXP","TOT","PC_GDP","A","1997",0.576,
"ITA","PUBUNEMPEXP","TOT","PC_GDP","A","1998",0.529,
"ITA","PUBUNEMPEXP","TOT","PC_GDP","A","1999",0.47,
"ITA","PUBUNEMPEXP","TOT","PC_GDP","A","2000",0.394,
"ITA","PUBUNEMPEXP","TOT","PC_GDP","A","2001",0.375,
"ITA","PUBUNEMPEXP","TOT","PC_GDP","A","2002",0.402,
"ITA","PUBUNEMPEXP","TOT","PC_GDP","A","2003",0.42,
"ITA","PUBUNEMPEXP","TOT","PC_GDP","A","2004",0.443,
"ITA","PUBUNEMPEXP","TOT","PC_GDP","A","2005",0.47,
"ITA","PUBUNEMPEXP","TOT","PC_GDP","A","2006",0.476,
"ITA","PUBUNEMPEXP","TOT","PC_GDP","A","2007",1.068,
"ITA","PUBUNEMPEXP","TOT","PC_GDP","A","2008",1.138,
"ITA","PUBUNEMPEXP","TOT","PC_GDP","A","2009",1.494,
"ITA","PUBUNEMPEXP","TOT","PC_GDP","A","2010",1.453,
"ITA","PUBUNEMPEXP","TOT","PC_GDP","A","2011",1.481,
"ITA","PUBUNEMPEXP","TOT","PC_GDP","A","2012",1.593,
"ITA","PUBUNEMPEXP","TOT","PC_GDP","A","2013",1.701,
"JPN","PUBUNEMPEXP","TOT","PC_GDP","A","1980",0.489,
"JPN","PUBUNEMPEXP","TOT","PC_GDP","A","1981",0.526,
"JPN","PUBUNEMPEXP","TOT","PC_GDP","A","1982",0.529,
"JPN","PUBUNEMPEXP","TOT","PC_GDP","A","1983",0.523,
"JPN","PUBUNEMPEXP","TOT","PC_GDP","A","1984",0.502,
"JPN","PUBUNEMPEXP","TOT","PC_GDP","A","1985",0.4,
"JPN","PUBUNEMPEXP","TOT","PC_GDP","A","1986",0.416,
"JPN","PUBUNEMPEXP","TOT","PC_GDP","A","1987",0.425,
"JPN","PUBUNEMPEXP","TOT","PC_GDP","A","1988",0.393,
"JPN","PUBUNEMPEXP","TOT","PC_GDP","A","1989",0.369,
"JPN","PUBUNEMPEXP","TOT","PC_GDP","A","1990",0.317,
"JPN","PUBUNEMPEXP","TOT","PC_GDP","A","1991",0.307,
"JPN","PUBUNEMPEXP","TOT","PC_GDP","A","1992",0.35,
"JPN","PUBUNEMPEXP","TOT","PC_GDP","A","1993",0.42,
"JPN","PUBUNEMPEXP","TOT","PC_GDP","A","1994",0.459,
"JPN","PUBUNEMPEXP","TOT","PC_GDP","A","1995",0.511,
"JPN","PUBUNEMPEXP","TOT","PC_GDP","A","1996",0.502,
"JPN","PUBUNEMPEXP","TOT","PC_GDP","A","1997",0.515,
"JPN","PUBUNEMPEXP","TOT","PC_GDP","A","1998",0.593,
"JPN","PUBUNEMPEXP","TOT","PC_GDP","A","1999",0.622,
"JPN","PUBUNEMPEXP","TOT","PC_GDP","A","2000",0.6,
"JPN","PUBUNEMPEXP","TOT","PC_GDP","A","2001",0.617,
"JPN","PUBUNEMPEXP","TOT","PC_GDP","A","2002",0.578,
"JPN","PUBUNEMPEXP","TOT","PC_GDP","A","2003",0.438,
"JPN","PUBUNEMPEXP","TOT","PC_GDP","A","2004",0.325,
"JPN","PUBUNEMPEXP","TOT","PC_GDP","A","2005",0.283,
"JPN","PUBUNEMPEXP","TOT","PC_GDP","A","2006",0.262,
"JPN","PUBUNEMPEXP","TOT","PC_GDP","A","2007",0.246,
"JPN","PUBUNEMPEXP","TOT","PC_GDP","A","2008",0.22,
"JPN","PUBUNEMPEXP","TOT","PC_GDP","A","2009",0.357,
"JPN","PUBUNEMPEXP","TOT","PC_GDP","A","2010",0.269,
"JPN","PUBUNEMPEXP","TOT","PC_GDP","A","2011",0.265,
"JPN","PUBUNEMPEXP","TOT","PC_GDP","A","2012",0.248,
"JPN","PUBUNEMPEXP","TOT","PC_GDP","A","2013",0.223,
"JPN","PUBUNEMPEXP","TOT","PC_GDP","A","2014",0.196,
"KOR","PUBUNEMPEXP","TOT","PC_GDP","A","1996",0.002,
"KOR","PUBUNEMPEXP","TOT","PC_GDP","A","1997",0.015,
"KOR","PUBUNEMPEXP","TOT","PC_GDP","A","1998",0.152,
"KOR","PUBUNEMPEXP","TOT","PC_GDP","A","1999",0.162,
"KOR","PUBUNEMPEXP","TOT","PC_GDP","A","2000",0.074,
"KOR","PUBUNEMPEXP","TOT","PC_GDP","A","2001",0.123,
"KOR","PUBUNEMPEXP","TOT","PC_GDP","A","2002",0.11,
"KOR","PUBUNEMPEXP","TOT","PC_GDP","A","2003",0.127,
"KOR","PUBUNEMPEXP","TOT","PC_GDP","A","2004",0.165,
"KOR","PUBUNEMPEXP","TOT","PC_GDP","A","2005",0.19,
"KOR","PUBUNEMPEXP","TOT","PC_GDP","A","2006",0.215,
"KOR","PUBUNEMPEXP","TOT","PC_GDP","A","2007",0.233,
"KOR","PUBUNEMPEXP","TOT","PC_GDP","A","2008",0.259,
"KOR","PUBUNEMPEXP","TOT","PC_GDP","A","2009",0.357,
"KOR","PUBUNEMPEXP","TOT","PC_GDP","A","2010",0.291,
"KOR","PUBUNEMPEXP","TOT","PC_GDP","A","2011",0.267,
"KOR","PUBUNEMPEXP","TOT","PC_GDP","A","2012",0.267,
"KOR","PUBUNEMPEXP","TOT","PC_GDP","A","2013",0.272,
"KOR","PUBUNEMPEXP","TOT","PC_GDP","A","2014",0.28,
"LUX","PUBUNEMPEXP","TOT","PC_GDP","A","1980",0.393,
"LUX","PUBUNEMPEXP","TOT","PC_GDP","A","1981",0.475,
"LUX","PUBUNEMPEXP","TOT","PC_GDP","A","1982",0.514,
"LUX","PUBUNEMPEXP","TOT","PC_GDP","A","1983",0.67,
"LUX","PUBUNEMPEXP","TOT","PC_GDP","A","1984",0.735,
"LUX","PUBUNEMPEXP","TOT","PC_GDP","A","1985",0.765,
"LUX","PUBUNEMPEXP","TOT","PC_GDP","A","1986",0.669,
"LUX","PUBUNEMPEXP","TOT","PC_GDP","A","1987",0.727,
"LUX","PUBUNEMPEXP","TOT","PC_GDP","A","1988",0.681,
"LUX","PUBUNEMPEXP","TOT","PC_GDP","A","1989",0.521,
"LUX","PUBUNEMPEXP","TOT","PC_GDP","A","1990",0.44,
"LUX","PUBUNEMPEXP","TOT","PC_GDP","A","1991",0.427,
"LUX","PUBUNEMPEXP","TOT","PC_GDP","A","1992",0.435,
"LUX","PUBUNEMPEXP","TOT","PC_GDP","A","1993",0.497,
"LUX","PUBUNEMPEXP","TOT","PC_GDP","A","1994",0.371,
"LUX","PUBUNEMPEXP","TOT","PC_GDP","A","1995",0.475,
"LUX","PUBUNEMPEXP","TOT","PC_GDP","A","1996",0.468,
"LUX","PUBUNEMPEXP","TOT","PC_GDP","A","1997",0.464,
"LUX","PUBUNEMPEXP","TOT","PC_GDP","A","1998",0.391,
"LUX","PUBUNEMPEXP","TOT","PC_GDP","A","1999",0.337,
"LUX","PUBUNEMPEXP","TOT","PC_GDP","A","2000",0.337,
"LUX","PUBUNEMPEXP","TOT","PC_GDP","A","2001",0.643,
"LUX","PUBUNEMPEXP","TOT","PC_GDP","A","2002",0.665,
"LUX","PUBUNEMPEXP","TOT","PC_GDP","A","2003",0.862,
"LUX","PUBUNEMPEXP","TOT","PC_GDP","A","2004",0.932,
"LUX","PUBUNEMPEXP","TOT","PC_GDP","A","2005",0.987,
"LUX","PUBUNEMPEXP","TOT","PC_GDP","A","2006",0.921,
"LUX","PUBUNEMPEXP","TOT","PC_GDP","A","2007",0.868,
"LUX","PUBUNEMPEXP","TOT","PC_GDP","A","2008",0.876,
"LUX","PUBUNEMPEXP","TOT","PC_GDP","A","2009",1.208,
"LUX","PUBUNEMPEXP","TOT","PC_GDP","A","2010",1.178,
"LUX","PUBUNEMPEXP","TOT","PC_GDP","A","2011",1.11,
"LUX","PUBUNEMPEXP","TOT","PC_GDP","A","2012",1.248,
"LUX","PUBUNEMPEXP","TOT","PC_GDP","A","2013",1.426,
"NLD","PUBUNEMPEXP","TOT","PC_GDP","A","1980",1.527,
"NLD","PUBUNEMPEXP","TOT","PC_GDP","A","1981",2.132,
"NLD","PUBUNEMPEXP","TOT","PC_GDP","A","1982",2.98,
"NLD","PUBUNEMPEXP","TOT","PC_GDP","A","1983",3.614,
"NLD","PUBUNEMPEXP","TOT","PC_GDP","A","1984",3.448,
"NLD","PUBUNEMPEXP","TOT","PC_GDP","A","1985",3.111,
"NLD","PUBUNEMPEXP","TOT","PC_GDP","A","1986",2.883,
"NLD","PUBUNEMPEXP","TOT","PC_GDP","A","1987",2.859,
"NLD","PUBUNEMPEXP","TOT","PC_GDP","A","1988",2.709,
"NLD","PUBUNEMPEXP","TOT","PC_GDP","A","1989",2.507,
"NLD","PUBUNEMPEXP","TOT","PC_GDP","A","1990",2.36,
"NLD","PUBUNEMPEXP","TOT","PC_GDP","A","1991",2.298,
"NLD","PUBUNEMPEXP","TOT","PC_GDP","A","1992",2.417,
"NLD","PUBUNEMPEXP","TOT","PC_GDP","A","1993",2.673,
"NLD","PUBUNEMPEXP","TOT","PC_GDP","A","1994",2.767,
"NLD","PUBUNEMPEXP","TOT","PC_GDP","A","1995",2.653,
"NLD","PUBUNEMPEXP","TOT","PC_GDP","A","1996",2.6,
"NLD","PUBUNEMPEXP","TOT","PC_GDP","A","1997",2.239,
"NLD","PUBUNEMPEXP","TOT","PC_GDP","A","1998",1.724,
"NLD","PUBUNEMPEXP","TOT","PC_GDP","A","1999",1.406,
"NLD","PUBUNEMPEXP","TOT","PC_GDP","A","2000",1.18,
"NLD","PUBUNEMPEXP","TOT","PC_GDP","A","2001",1.156,
"NLD","PUBUNEMPEXP","TOT","PC_GDP","A","2002",1.266,
"NLD","PUBUNEMPEXP","TOT","PC_GDP","A","2003",1.495,
"NLD","PUBUNEMPEXP","TOT","PC_GDP","A","2004",1.52,
"NLD","PUBUNEMPEXP","TOT","PC_GDP","A","2005",1.481,
"NLD","PUBUNEMPEXP","TOT","PC_GDP","A","2006",1.257,
"NLD","PUBUNEMPEXP","TOT","PC_GDP","A","2007",1.056,
"NLD","PUBUNEMPEXP","TOT","PC_GDP","A","2008",0.964,
"NLD","PUBUNEMPEXP","TOT","PC_GDP","A","2009",1.337,
"NLD","PUBUNEMPEXP","TOT","PC_GDP","A","2010",1.453,
"NLD","PUBUNEMPEXP","TOT","PC_GDP","A","2011",1.362,
"NLD","PUBUNEMPEXP","TOT","PC_GDP","A","2012",1.638,
"NLD","PUBUNEMPEXP","TOT","PC_GDP","A","2013",1.617,
"NZL","PUBUNEMPEXP","TOT","PC_GDP","A","1980",0.493,
"NZL","PUBUNEMPEXP","TOT","PC_GDP","A","1981",0.533,
"NZL","PUBUNEMPEXP","TOT","PC_GDP","A","1982",0.588,
"NZL","PUBUNEMPEXP","TOT","PC_GDP","A","1983",0.854,
"NZL","PUBUNEMPEXP","TOT","PC_GDP","A","1984",0.657,
"NZL","PUBUNEMPEXP","TOT","PC_GDP","A","1985",0.602,
"NZL","PUBUNEMPEXP","TOT","PC_GDP","A","1986",0.793,
"NZL","PUBUNEMPEXP","TOT","PC_GDP","A","1987",1.031,
"NZL","PUBUNEMPEXP","TOT","PC_GDP","A","1988",1.408,
"NZL","PUBUNEMPEXP","TOT","PC_GDP","A","1989",1.664,
"NZL","PUBUNEMPEXP","TOT","PC_GDP","A","1990",1.841,
"NZL","PUBUNEMPEXP","TOT","PC_GDP","A","1991",1.773,
"NZL","PUBUNEMPEXP","TOT","PC_GDP","A","1992",1.845,
"NZL","PUBUNEMPEXP","TOT","PC_GDP","A","1993",1.572,
"NZL","PUBUNEMPEXP","TOT","PC_GDP","A","1994",1.252,
"NZL","PUBUNEMPEXP","TOT","PC_GDP","A","1995",1.111,
"NZL","PUBUNEMPEXP","TOT","PC_GDP","A","1996",1.134,
"NZL","PUBUNEMPEXP","TOT","PC_GDP","A","1997",1.39,
"NZL","PUBUNEMPEXP","TOT","PC_GDP","A","1998",1.466,
"NZL","PUBUNEMPEXP","TOT","PC_GDP","A","1999",1.477,
"NZL","PUBUNEMPEXP","TOT","PC_GDP","A","2000",1.313,
"NZL","PUBUNEMPEXP","TOT","PC_GDP","A","2001",1.086,
"NZL","PUBUNEMPEXP","TOT","PC_GDP","A","2002",0.992,
"NZL","PUBUNEMPEXP","TOT","PC_GDP","A","2003",0.793,
"NZL","PUBUNEMPEXP","TOT","PC_GDP","A","2004",0.524,
"NZL","PUBUNEMPEXP","TOT","PC_GDP","A","2005",0.42,
"NZL","PUBUNEMPEXP","TOT","PC_GDP","A","2006",0.331,
"NZL","PUBUNEMPEXP","TOT","PC_GDP","A","2007",0.222,
"NZL","PUBUNEMPEXP","TOT","PC_GDP","A","2008",0.265,
"NZL","PUBUNEMPEXP","TOT","PC_GDP","A","2009",0.456,
"NZL","PUBUNEMPEXP","TOT","PC_GDP","A","2010",0.542,
"NZL","PUBUNEMPEXP","TOT","PC_GDP","A","2011",0.391,
"NZL","PUBUNEMPEXP","TOT","PC_GDP","A","2012",0.361,
"NZL","PUBUNEMPEXP","TOT","PC_GDP","A","2013",0.431,
"NZL","PUBUNEMPEXP","TOT","PC_GDP","A","2014",0.395,
"NOR","PUBUNEMPEXP","TOT","PC_GDP","A","1980",0.351,
"NOR","PUBUNEMPEXP","TOT","PC_GDP","A","1985",0.47,
"NOR","PUBUNEMPEXP","TOT","PC_GDP","A","1986",0.379,
"NOR","PUBUNEMPEXP","TOT","PC_GDP","A","1987",0.369,
"NOR","PUBUNEMPEXP","TOT","PC_GDP","A","1988",0.547,
"NOR","PUBUNEMPEXP","TOT","PC_GDP","A","1989",0.989,
"NOR","PUBUNEMPEXP","TOT","PC_GDP","A","1990",1.042,
"NOR","PUBUNEMPEXP","TOT","PC_GDP","A","1991",1.082,
"NOR","PUBUNEMPEXP","TOT","PC_GDP","A","1992",1.31,
"NOR","PUBUNEMPEXP","TOT","PC_GDP","A","1993",1.386,
"NOR","PUBUNEMPEXP","TOT","PC_GDP","A","1994",1.244,
"NOR","PUBUNEMPEXP","TOT","PC_GDP","A","1995",1.075,
"NOR","PUBUNEMPEXP","TOT","PC_GDP","A","1996",0.887,
"NOR","PUBUNEMPEXP","TOT","PC_GDP","A","1997",0.686,
"NOR","PUBUNEMPEXP","TOT","PC_GDP","A","1998",0.499,
"NOR","PUBUNEMPEXP","TOT","PC_GDP","A","1999",0.468,
"NOR","PUBUNEMPEXP","TOT","PC_GDP","A","2000",0.445,
"NOR","PUBUNEMPEXP","TOT","PC_GDP","A","2001",0.459,
"NOR","PUBUNEMPEXP","TOT","PC_GDP","A","2002",0.571,
"NOR","PUBUNEMPEXP","TOT","PC_GDP","A","2003",0.729,
"NOR","PUBUNEMPEXP","TOT","PC_GDP","A","2004",0.661,
"NOR","PUBUNEMPEXP","TOT","PC_GDP","A","2005",0.521,
"NOR","PUBUNEMPEXP","TOT","PC_GDP","A","2006",0.31,
"NOR","PUBUNEMPEXP","TOT","PC_GDP","A","2007",0.211,
"NOR","PUBUNEMPEXP","TOT","PC_GDP","A","2008",0.187,
"NOR","PUBUNEMPEXP","TOT","PC_GDP","A","2009",0.418,
"NOR","PUBUNEMPEXP","TOT","PC_GDP","A","2010",0.488,
"NOR","PUBUNEMPEXP","TOT","PC_GDP","A","2011",0.407,
"NOR","PUBUNEMPEXP","TOT","PC_GDP","A","2012",0.346,
"NOR","PUBUNEMPEXP","TOT","PC_GDP","A","2013",0.341,
"POL","PUBUNEMPEXP","TOT","PC_GDP","A","1990",0.003,
"POL","PUBUNEMPEXP","TOT","PC_GDP","A","1991",1.231,
"POL","PUBUNEMPEXP","TOT","PC_GDP","A","1992",2.224,
"POL","PUBUNEMPEXP","TOT","PC_GDP","A","1993",1.674,
"POL","PUBUNEMPEXP","TOT","PC_GDP","A","1994",1.566,
"POL","PUBUNEMPEXP","TOT","PC_GDP","A","1995",1.599,
"POL","PUBUNEMPEXP","TOT","PC_GDP","A","1996",1.531,
"POL","PUBUNEMPEXP","TOT","PC_GDP","A","1997",0.996,
"POL","PUBUNEMPEXP","TOT","PC_GDP","A","1998",0.505,
"POL","PUBUNEMPEXP","TOT","PC_GDP","A","1999",0.587,
"POL","PUBUNEMPEXP","TOT","PC_GDP","A","2000",0.865,
"POL","PUBUNEMPEXP","TOT","PC_GDP","A","2001",0.873,
"POL","PUBUNEMPEXP","TOT","PC_GDP","A","2002",0.881,
"POL","PUBUNEMPEXP","TOT","PC_GDP","A","2003",0.798,
"POL","PUBUNEMPEXP","TOT","PC_GDP","A","2004",0.659,
"POL","PUBUNEMPEXP","TOT","PC_GDP","A","2005",0.536,
"POL","PUBUNEMPEXP","TOT","PC_GDP","A","2006",0.469,
"POL","PUBUNEMPEXP","TOT","PC_GDP","A","2007",0.31,
"POL","PUBUNEMPEXP","TOT","PC_GDP","A","2008",0.249,
"POL","PUBUNEMPEXP","TOT","PC_GDP","A","2009",0.275,
"POL","PUBUNEMPEXP","TOT","PC_GDP","A","2010",0.271,
"POL","PUBUNEMPEXP","TOT","PC_GDP","A","2011",0.229,
"POL","PUBUNEMPEXP","TOT","PC_GDP","A","2012",0.232,
"PRT","PUBUNEMPEXP","TOT","PC_GDP","A","1980",0.273,
"PRT","PUBUNEMPEXP","TOT","PC_GDP","A","1981",0.265,
"PRT","PUBUNEMPEXP","TOT","PC_GDP","A","1982",0.248,
"PRT","PUBUNEMPEXP","TOT","PC_GDP","A","1983",0.166,
"PRT","PUBUNEMPEXP","TOT","PC_GDP","A","1984",0.239,
"PRT","PUBUNEMPEXP","TOT","PC_GDP","A","1985",0.271,
"PRT","PUBUNEMPEXP","TOT","PC_GDP","A","1986",0.309,
"PRT","PUBUNEMPEXP","TOT","PC_GDP","A","1987",0.285,
"PRT","PUBUNEMPEXP","TOT","PC_GDP","A","1988",0.226,
"PRT","PUBUNEMPEXP","TOT","PC_GDP","A","1989",0.212,
"PRT","PUBUNEMPEXP","TOT","PC_GDP","A","1990",0.3,
"PRT","PUBUNEMPEXP","TOT","PC_GDP","A","1991",0.386,
"PRT","PUBUNEMPEXP","TOT","PC_GDP","A","1992",0.529,
"PRT","PUBUNEMPEXP","TOT","PC_GDP","A","1993",0.811,
"PRT","PUBUNEMPEXP","TOT","PC_GDP","A","1994",0.915,
"PRT","PUBUNEMPEXP","TOT","PC_GDP","A","1995",0.901,
"PRT","PUBUNEMPEXP","TOT","PC_GDP","A","1996",0.87,
"PRT","PUBUNEMPEXP","TOT","PC_GDP","A","1997",0.813,
"PRT","PUBUNEMPEXP","TOT","PC_GDP","A","1998",0.765,
"PRT","PUBUNEMPEXP","TOT","PC_GDP","A","1999",0.612,
"PRT","PUBUNEMPEXP","TOT","PC_GDP","A","2000",0.626,
"PRT","PUBUNEMPEXP","TOT","PC_GDP","A","2001",0.641,
"PRT","PUBUNEMPEXP","TOT","PC_GDP","A","2002",0.767,
"PRT","PUBUNEMPEXP","TOT","PC_GDP","A","2003",1.022,
"PRT","PUBUNEMPEXP","TOT","PC_GDP","A","2004",1.094,
"PRT","PUBUNEMPEXP","TOT","PC_GDP","A","2005",1.332,
"PRT","PUBUNEMPEXP","TOT","PC_GDP","A","2006",1.287,
"PRT","PUBUNEMPEXP","TOT","PC_GDP","A","2007",1.139,
"PRT","PUBUNEMPEXP","TOT","PC_GDP","A","2008",0.876,
"PRT","PUBUNEMPEXP","TOT","PC_GDP","A","2009",1.166,
"PRT","PUBUNEMPEXP","TOT","PC_GDP","A","2010",1.235,
"PRT","PUBUNEMPEXP","TOT","PC_GDP","A","2011",1.194,
"PRT","PUBUNEMPEXP","TOT","PC_GDP","A","2012",1.54,
"PRT","PUBUNEMPEXP","TOT","PC_GDP","A","2013",1.608,
"SVK","PUBUNEMPEXP","TOT","PC_GDP","A","1995",0.42,
"SVK","PUBUNEMPEXP","TOT","PC_GDP","A","1996",0.431,
"SVK","PUBUNEMPEXP","TOT","PC_GDP","A","1997",0.523,
"SVK","PUBUNEMPEXP","TOT","PC_GDP","A","1998",0.636,
"SVK","PUBUNEMPEXP","TOT","PC_GDP","A","1999",0.799,
"SVK","PUBUNEMPEXP","TOT","PC_GDP","A","2000",0.64,
"SVK","PUBUNEMPEXP","TOT","PC_GDP","A","2001",0.403,
"SVK","PUBUNEMPEXP","TOT","PC_GDP","A","2002",0.343,
"SVK","PUBUNEMPEXP","TOT","PC_GDP","A","2003",0.305,
"SVK","PUBUNEMPEXP","TOT","PC_GDP","A","2004",0.331,
"SVK","PUBUNEMPEXP","TOT","PC_GDP","A","2005",0.263,
"SVK","PUBUNEMPEXP","TOT","PC_GDP","A","2006",0.332,
"SVK","PUBUNEMPEXP","TOT","PC_GDP","A","2007",0.359,
"SVK","PUBUNEMPEXP","TOT","PC_GDP","A","2008",0.428,
"SVK","PUBUNEMPEXP","TOT","PC_GDP","A","2009",0.666,
"SVK","PUBUNEMPEXP","TOT","PC_GDP","A","2010",0.667,
"SVK","PUBUNEMPEXP","TOT","PC_GDP","A","2011",0.55,
"SVK","PUBUNEMPEXP","TOT","PC_GDP","A","2012",0.471,
"SVK","PUBUNEMPEXP","TOT","PC_GDP","A","2013",0.425,
"ESP","PUBUNEMPEXP","TOT","PC_GDP","A","1980",1.914,
"ESP","PUBUNEMPEXP","TOT","PC_GDP","A","1981",2.283,
"ESP","PUBUNEMPEXP","TOT","PC_GDP","A","1982",2.017,
"ESP","PUBUNEMPEXP","TOT","PC_GDP","A","1983",2.122,
"ESP","PUBUNEMPEXP","TOT","PC_GDP","A","1984",2.102,
"ESP","PUBUNEMPEXP","TOT","PC_GDP","A","1985",2.659,
"ESP","PUBUNEMPEXP","TOT","PC_GDP","A","1986",2.383,
"ESP","PUBUNEMPEXP","TOT","PC_GDP","A","1987",2.326,
"ESP","PUBUNEMPEXP","TOT","PC_GDP","A","1988",2.237,
"ESP","PUBUNEMPEXP","TOT","PC_GDP","A","1989",2.042,
"ESP","PUBUNEMPEXP","TOT","PC_GDP","A","1990",3.075,
"ESP","PUBUNEMPEXP","TOT","PC_GDP","A","1991",3.528,
"ESP","PUBUNEMPEXP","TOT","PC_GDP","A","1992",3.854,
"ESP","PUBUNEMPEXP","TOT","PC_GDP","A","1993",4.568,
"ESP","PUBUNEMPEXP","TOT","PC_GDP","A","1994",3.786,
"ESP","PUBUNEMPEXP","TOT","PC_GDP","A","1995",3.089,
"ESP","PUBUNEMPEXP","TOT","PC_GDP","A","1996",2.69,
"ESP","PUBUNEMPEXP","TOT","PC_GDP","A","1997",2.443,
"ESP","PUBUNEMPEXP","TOT","PC_GDP","A","1998",2.2,
"ESP","PUBUNEMPEXP","TOT","PC_GDP","A","1999",2.019,
"ESP","PUBUNEMPEXP","TOT","PC_GDP","A","2000",1.637,
"ESP","PUBUNEMPEXP","TOT","PC_GDP","A","2001",1.753,
"ESP","PUBUNEMPEXP","TOT","PC_GDP","A","2002",1.844,
"ESP","PUBUNEMPEXP","TOT","PC_GDP","A","2003",1.833,
"ESP","PUBUNEMPEXP","TOT","PC_GDP","A","2004",1.819,
"ESP","PUBUNEMPEXP","TOT","PC_GDP","A","2005",1.806,
"ESP","PUBUNEMPEXP","TOT","PC_GDP","A","2006",1.779,
"ESP","PUBUNEMPEXP","TOT","PC_GDP","A","2007",1.74,
"ESP","PUBUNEMPEXP","TOT","PC_GDP","A","2008",2.184,
"ESP","PUBUNEMPEXP","TOT","PC_GDP","A","2009",3.352,
"ESP","PUBUNEMPEXP","TOT","PC_GDP","A","2010",3.186,
"ESP","PUBUNEMPEXP","TOT","PC_GDP","A","2011",3.375,
"ESP","PUBUNEMPEXP","TOT","PC_GDP","A","2012",3.315,
"ESP","PUBUNEMPEXP","TOT","PC_GDP","A","2013",3.106,
"SWE","PUBUNEMPEXP","TOT","PC_GDP","A","1980",0.346,
"SWE","PUBUNEMPEXP","TOT","PC_GDP","A","1981",0.501,
"SWE","PUBUNEMPEXP","TOT","PC_GDP","A","1982",0.66,
"SWE","PUBUNEMPEXP","TOT","PC_GDP","A","1983",0.877,
"SWE","PUBUNEMPEXP","TOT","PC_GDP","A","1984",0.841,
"SWE","PUBUNEMPEXP","TOT","PC_GDP","A","1985",0.815,
"SWE","PUBUNEMPEXP","TOT","PC_GDP","A","1986",0.823,
"SWE","PUBUNEMPEXP","TOT","PC_GDP","A","1987",0.754,
"SWE","PUBUNEMPEXP","TOT","PC_GDP","A","1988",0.637,
"SWE","PUBUNEMPEXP","TOT","PC_GDP","A","1989",0.596,
"SWE","PUBUNEMPEXP","TOT","PC_GDP","A","1990",0.817,
"SWE","PUBUNEMPEXP","TOT","PC_GDP","A","1991",1.468,
"SWE","PUBUNEMPEXP","TOT","PC_GDP","A","1992",2.392,
"SWE","PUBUNEMPEXP","TOT","PC_GDP","A","1993",2.609,
"SWE","PUBUNEMPEXP","TOT","PC_GDP","A","1994",2.356,
"SWE","PUBUNEMPEXP","TOT","PC_GDP","A","1995",2.186,
"SWE","PUBUNEMPEXP","TOT","PC_GDP","A","1996",2.052,
"SWE","PUBUNEMPEXP","TOT","PC_GDP","A","1997",2.019,
"SWE","PUBUNEMPEXP","TOT","PC_GDP","A","1998",1.742,
"SWE","PUBUNEMPEXP","TOT","PC_GDP","A","1999",1.563,
"SWE","PUBUNEMPEXP","TOT","PC_GDP","A","2000",1.31,
"SWE","PUBUNEMPEXP","TOT","PC_GDP","A","2001",1.019,
"SWE","PUBUNEMPEXP","TOT","PC_GDP","A","2002",0.996,
"SWE","PUBUNEMPEXP","TOT","PC_GDP","A","2003",1.143,
"SWE","PUBUNEMPEXP","TOT","PC_GDP","A","2004",1.236,
"SWE","PUBUNEMPEXP","TOT","PC_GDP","A","2005",1.131,
"SWE","PUBUNEMPEXP","TOT","PC_GDP","A","2006",0.922,
"SWE","PUBUNEMPEXP","TOT","PC_GDP","A","2007",0.632,
"SWE","PUBUNEMPEXP","TOT","PC_GDP","A","2008",0.435,
"SWE","PUBUNEMPEXP","TOT","PC_GDP","A","2009",0.686,
"SWE","PUBUNEMPEXP","TOT","PC_GDP","A","2010",0.566,
"SWE","PUBUNEMPEXP","TOT","PC_GDP","A","2011",0.419,
"SWE","PUBUNEMPEXP","TOT","PC_GDP","A","2012",0.455,
"SWE","PUBUNEMPEXP","TOT","PC_GDP","A","2013",0.464,
"CHE","PUBUNEMPEXP","TOT","PC_GDP","A","1980",0.067,
"CHE","PUBUNEMPEXP","TOT","PC_GDP","A","1981",0.064,
"CHE","PUBUNEMPEXP","TOT","PC_GDP","A","1982",0.177,
"CHE","PUBUNEMPEXP","TOT","PC_GDP","A","1983",0.325,
"CHE","PUBUNEMPEXP","TOT","PC_GDP","A","1984",0.273,
"CHE","PUBUNEMPEXP","TOT","PC_GDP","A","1985",0.227,
"CHE","PUBUNEMPEXP","TOT","PC_GDP","A","1986",0.186,
"CHE","PUBUNEMPEXP","TOT","PC_GDP","A","1987",0.187,
"CHE","PUBUNEMPEXP","TOT","PC_GDP","A","1988",0.148,
"CHE","PUBUNEMPEXP","TOT","PC_GDP","A","1989",0.107,
"CHE","PUBUNEMPEXP","TOT","PC_GDP","A","1990",0.107,
"CHE","PUBUNEMPEXP","TOT","PC_GDP","A","1991",0.302,
"CHE","PUBUNEMPEXP","TOT","PC_GDP","A","1992",0.798,
"CHE","PUBUNEMPEXP","TOT","PC_GDP","A","1993",1.383,
"CHE","PUBUNEMPEXP","TOT","PC_GDP","A","1994",1.236,
"CHE","PUBUNEMPEXP","TOT","PC_GDP","A","1995",1.029,
"CHE","PUBUNEMPEXP","TOT","PC_GDP","A","1996",1.136,
"CHE","PUBUNEMPEXP","TOT","PC_GDP","A","1997",1.247,
"CHE","PUBUNEMPEXP","TOT","PC_GDP","A","1998",1.073,
"CHE","PUBUNEMPEXP","TOT","PC_GDP","A","1999",0.731,
"CHE","PUBUNEMPEXP","TOT","PC_GDP","A","2000",0.507,
"CHE","PUBUNEMPEXP","TOT","PC_GDP","A","2001",0.448,
"CHE","PUBUNEMPEXP","TOT","PC_GDP","A","2002",0.718,
"CHE","PUBUNEMPEXP","TOT","PC_GDP","A","2003",1.037,
"CHE","PUBUNEMPEXP","TOT","PC_GDP","A","2004",1.038,
"CHE","PUBUNEMPEXP","TOT","PC_GDP","A","2005",0.943,
"CHE","PUBUNEMPEXP","TOT","PC_GDP","A","2006",0.816,
"CHE","PUBUNEMPEXP","TOT","PC_GDP","A","2007",0.62,
"CHE","PUBUNEMPEXP","TOT","PC_GDP","A","2008",0.552,
"CHE","PUBUNEMPEXP","TOT","PC_GDP","A","2009",0.962,
"CHE","PUBUNEMPEXP","TOT","PC_GDP","A","2010",0.958,
"CHE","PUBUNEMPEXP","TOT","PC_GDP","A","2011",0.665,
"CHE","PUBUNEMPEXP","TOT","PC_GDP","A","2012",0.697,
"CHE","PUBUNEMPEXP","TOT","PC_GDP","A","2013",0.779,
"TUR","PUBUNEMPEXP","TOT","PC_GDP","A","1980",0.293,
"TUR","PUBUNEMPEXP","TOT","PC_GDP","A","1981",0.278,
"TUR","PUBUNEMPEXP","TOT","PC_GDP","A","1982",0.301,
"TUR","PUBUNEMPEXP","TOT","PC_GDP","A","1983",0.332,
"TUR","PUBUNEMPEXP","TOT","PC_GDP","A","1984",0.307,
"TUR","PUBUNEMPEXP","TOT","PC_GDP","A","1985",0.285,
"TUR","PUBUNEMPEXP","TOT","PC_GDP","A","1986",0.298,
"TUR","PUBUNEMPEXP","TOT","PC_GDP","A","1987",0.308,
"TUR","PUBUNEMPEXP","TOT","PC_GDP","A","1988",0.331,
"TUR","PUBUNEMPEXP","TOT","PC_GDP","A","1989",0.37,
"TUR","PUBUNEMPEXP","TOT","PC_GDP","A","1990",0.435,
"TUR","PUBUNEMPEXP","TOT","PC_GDP","A","1991",0.54,
"TUR","PUBUNEMPEXP","TOT","PC_GDP","A","1992",0.497,
"TUR","PUBUNEMPEXP","TOT","PC_GDP","A","1993",0.486,
"TUR","PUBUNEMPEXP","TOT","PC_GDP","A","1994",0.531,
"TUR","PUBUNEMPEXP","TOT","PC_GDP","A","1995",0.505,
"TUR","PUBUNEMPEXP","TOT","PC_GDP","A","1996",0.785,
"TUR","PUBUNEMPEXP","TOT","PC_GDP","A","1997",0.617,
"TUR","PUBUNEMPEXP","TOT","PC_GDP","A","1998",0.477,
"TUR","PUBUNEMPEXP","TOT","PC_GDP","A","1999",0.658,
"TUR","PUBUNEMPEXP","TOT","PC_GDP","A","2000",0.006,
"TUR","PUBUNEMPEXP","TOT","PC_GDP","A","2001",0.005,
"TUR","PUBUNEMPEXP","TOT","PC_GDP","A","2002",0.019,
"TUR","PUBUNEMPEXP","TOT","PC_GDP","A","2003",0.032,
"TUR","PUBUNEMPEXP","TOT","PC_GDP","A","2004",0.05,
"TUR","PUBUNEMPEXP","TOT","PC_GDP","A","2005",0.066,
"TUR","PUBUNEMPEXP","TOT","PC_GDP","A","2006",0.067,
"TUR","PUBUNEMPEXP","TOT","PC_GDP","A","2007",0.065,
"TUR","PUBUNEMPEXP","TOT","PC_GDP","A","2008",0.069,
"TUR","PUBUNEMPEXP","TOT","PC_GDP","A","2009",0.177,
"TUR","PUBUNEMPEXP","TOT","PC_GDP","A","2010",0.121,
"TUR","PUBUNEMPEXP","TOT","PC_GDP","A","2011",0.112,
"TUR","PUBUNEMPEXP","TOT","PC_GDP","A","2012",0.141,
"TUR","PUBUNEMPEXP","TOT","PC_GDP","A","2013",0.141,
"GBR","PUBUNEMPEXP","TOT","PC_GDP","A","1980",1.15,
"GBR","PUBUNEMPEXP","TOT","PC_GDP","A","1981",1.581,
"GBR","PUBUNEMPEXP","TOT","PC_GDP","A","1982",1.872,
"GBR","PUBUNEMPEXP","TOT","PC_GDP","A","1983",1.947,
"GBR","PUBUNEMPEXP","TOT","PC_GDP","A","1984",1.953,
"GBR","PUBUNEMPEXP","TOT","PC_GDP","A","1985",1.928,
"GBR","PUBUNEMPEXP","TOT","PC_GDP","A","1986",1.813,
"GBR","PUBUNEMPEXP","TOT","PC_GDP","A","1987",1.452,
"GBR","PUBUNEMPEXP","TOT","PC_GDP","A","1988",1.018,
"GBR","PUBUNEMPEXP","TOT","PC_GDP","A","1989",0.759,
"GBR","PUBUNEMPEXP","TOT","PC_GDP","A","1990",0.658,
"GBR","PUBUNEMPEXP","TOT","PC_GDP","A","1991",0.988,
"GBR","PUBUNEMPEXP","TOT","PC_GDP","A","1992",1.151,
"GBR","PUBUNEMPEXP","TOT","PC_GDP","A","1993",1.121,
"GBR","PUBUNEMPEXP","TOT","PC_GDP","A","1994",0.931,
"GBR","PUBUNEMPEXP","TOT","PC_GDP","A","1995",0.805,
"GBR","PUBUNEMPEXP","TOT","PC_GDP","A","1996",0.653,
"GBR","PUBUNEMPEXP","TOT","PC_GDP","A","1997",0.47,
"GBR","PUBUNEMPEXP","TOT","PC_GDP","A","1998",0.414,
"GBR","PUBUNEMPEXP","TOT","PC_GDP","A","1999",0.364,
"GBR","PUBUNEMPEXP","TOT","PC_GDP","A","2000",0.307,
"GBR","PUBUNEMPEXP","TOT","PC_GDP","A","2001",0.476,
"GBR","PUBUNEMPEXP","TOT","PC_GDP","A","2002",0.267,
"GBR","PUBUNEMPEXP","TOT","PC_GDP","A","2003",0.242,
"GBR","PUBUNEMPEXP","TOT","PC_GDP","A","2004",0.233,
"GBR","PUBUNEMPEXP","TOT","PC_GDP","A","2005",0.237,
"GBR","PUBUNEMPEXP","TOT","PC_GDP","A","2006",0.227,
"GBR","PUBUNEMPEXP","TOT","PC_GDP","A","2007",0.211,
"GBR","PUBUNEMPEXP","TOT","PC_GDP","A","2008",0.297,
"GBR","PUBUNEMPEXP","TOT","PC_GDP","A","2009",0.457,
"GBR","PUBUNEMPEXP","TOT","PC_GDP","A","2010",0.379,
"GBR","PUBUNEMPEXP","TOT","PC_GDP","A","2011",0.398,
"GBR","PUBUNEMPEXP","TOT","PC_GDP","A","2012",0.394,
"GBR","PUBUNEMPEXP","TOT","PC_GDP","A","2013",0.317,
"USA","PUBUNEMPEXP","TOT","PC_GDP","A","1980",0.666,
"USA","PUBUNEMPEXP","TOT","PC_GDP","A","1981",0.643,
"USA","PUBUNEMPEXP","TOT","PC_GDP","A","1982",0.685,
"USA","PUBUNEMPEXP","TOT","PC_GDP","A","1983",0.848,
"USA","PUBUNEMPEXP","TOT","PC_GDP","A","1984",0.435,
"USA","PUBUNEMPEXP","TOT","PC_GDP","A","1985",0.383,
"USA","PUBUNEMPEXP","TOT","PC_GDP","A","1986",0.532,
"USA","PUBUNEMPEXP","TOT","PC_GDP","A","1987",0.489,
"USA","PUBUNEMPEXP","TOT","PC_GDP","A","1988",0.406,
"USA","PUBUNEMPEXP","TOT","PC_GDP","A","1989",0.382,
"USA","PUBUNEMPEXP","TOT","PC_GDP","A","1990",0.415,
"USA","PUBUNEMPEXP","TOT","PC_GDP","A","1991",0.461,
"USA","PUBUNEMPEXP","TOT","PC_GDP","A","1992",0.63,
"USA","PUBUNEMPEXP","TOT","PC_GDP","A","1993",0.571,
"USA","PUBUNEMPEXP","TOT","PC_GDP","A","1994",0.416,
"USA","PUBUNEMPEXP","TOT","PC_GDP","A","1995",0.334,
"USA","PUBUNEMPEXP","TOT","PC_GDP","A","1996",0.327,
"USA","PUBUNEMPEXP","TOT","PC_GDP","A","1997",0.252,
"USA","PUBUNEMPEXP","TOT","PC_GDP","A","1998",0.24,
"USA","PUBUNEMPEXP","TOT","PC_GDP","A","1999",0.247,
"USA","PUBUNEMPEXP","TOT","PC_GDP","A","2000",0.229,
"USA","PUBUNEMPEXP","TOT","PC_GDP","A","2001",0.297,
"USA","PUBUNEMPEXP","TOT","PC_GDP","A","2002",0.496,
"USA","PUBUNEMPEXP","TOT","PC_GDP","A","2003",0.506,
"USA","PUBUNEMPEXP","TOT","PC_GDP","A","2004",0.379,
"USA","PUBUNEMPEXP","TOT","PC_GDP","A","2005",0.28,
"USA","PUBUNEMPEXP","TOT","PC_GDP","A","2006",0.255,
"USA","PUBUNEMPEXP","TOT","PC_GDP","A","2007",0.254,
"USA","PUBUNEMPEXP","TOT","PC_GDP","A","2008",0.317,
"USA","PUBUNEMPEXP","TOT","PC_GDP","A","2009",0.844,
"USA","PUBUNEMPEXP","TOT","PC_GDP","A","2010",1.091,
"USA","PUBUNEMPEXP","TOT","PC_GDP","A","2011",0.79,
"USA","PUBUNEMPEXP","TOT","PC_GDP","A","2012",0.592,
"USA","PUBUNEMPEXP","TOT","PC_GDP","A","2013",0.426,
"CHL","PUBUNEMPEXP","TOT","PC_GDP","A","1987",0.065,
"CHL","PUBUNEMPEXP","TOT","PC_GDP","A","1988",0.043,
"CHL","PUBUNEMPEXP","TOT","PC_GDP","A","1989",0.029,
"CHL","PUBUNEMPEXP","TOT","PC_GDP","A","1990",0.022,
"CHL","PUBUNEMPEXP","TOT","PC_GDP","A","1991",0.021,
"CHL","PUBUNEMPEXP","TOT","PC_GDP","A","1992",0.017,
"CHL","PUBUNEMPEXP","TOT","PC_GDP","A","1993",0.015,
"CHL","PUBUNEMPEXP","TOT","PC_GDP","A","1994",0.015,
"CHL","PUBUNEMPEXP","TOT","PC_GDP","A","1995",0.015,
"CHL","PUBUNEMPEXP","TOT","PC_GDP","A","1996",0.016,
"CHL","PUBUNEMPEXP","TOT","PC_GDP","A","1997",0.016,
"CHL","PUBUNEMPEXP","TOT","PC_GDP","A","1998",0.017,
"CHL","PUBUNEMPEXP","TOT","PC_GDP","A","1999",0.026,
"CHL","PUBUNEMPEXP","TOT","PC_GDP","A","2000",0.024,
"CHL","PUBUNEMPEXP","TOT","PC_GDP","A","2001",0.024,
"CHL","PUBUNEMPEXP","TOT","PC_GDP","A","2002",0.022,
"CHL","PUBUNEMPEXP","TOT","PC_GDP","A","2003",0.05,
"CHL","PUBUNEMPEXP","TOT","PC_GDP","A","2004",0.049,
"CHL","PUBUNEMPEXP","TOT","PC_GDP","A","2005",0.035,
"CHL","PUBUNEMPEXP","TOT","PC_GDP","A","2006",0.032,
"CHL","PUBUNEMPEXP","TOT","PC_GDP","A","2007",0.03,
"CHL","PUBUNEMPEXP","TOT","PC_GDP","A","2008",0.057,
"CHL","PUBUNEMPEXP","TOT","PC_GDP","A","2009",0.066,
"CHL","PUBUNEMPEXP","TOT","PC_GDP","A","2010",0.104,
"CHL","PUBUNEMPEXP","TOT","PC_GDP","A","2011",0.035,
"CHL","PUBUNEMPEXP","TOT","PC_GDP","A","2012",0.017,
"CHL","PUBUNEMPEXP","TOT","PC_GDP","A","2013",0.053,
"CHL","PUBUNEMPEXP","TOT","PC_GDP","A","2014",0.056,
"CHL","PUBUNEMPEXP","TOT","PC_GDP","A","2015",0.086,
"EST","PUBUNEMPEXP","TOT","PC_GDP","A","2000",0.128,
"EST","PUBUNEMPEXP","TOT","PC_GDP","A","2001",0.122,
"EST","PUBUNEMPEXP","TOT","PC_GDP","A","2002",0.086,
"EST","PUBUNEMPEXP","TOT","PC_GDP","A","2003",0.177,
"EST","PUBUNEMPEXP","TOT","PC_GDP","A","2004",0.164,
"EST","PUBUNEMPEXP","TOT","PC_GDP","A","2005",0.108,
"EST","PUBUNEMPEXP","TOT","PC_GDP","A","2006",0.064,
"EST","PUBUNEMPEXP","TOT","PC_GDP","A","2007",0.091,
"EST","PUBUNEMPEXP","TOT","PC_GDP","A","2008",0.25,
"EST","PUBUNEMPEXP","TOT","PC_GDP","A","2009",1.065,
"EST","PUBUNEMPEXP","TOT","PC_GDP","A","2010",0.587,
"EST","PUBUNEMPEXP","TOT","PC_GDP","A","2011",0.307,
"EST","PUBUNEMPEXP","TOT","PC_GDP","A","2012",0.271,
"EST","PUBUNEMPEXP","TOT","PC_GDP","A","2013",0.326,
"ISR","PUBUNEMPEXP","TOT","PC_GDP","A","1995",0.466,
"ISR","PUBUNEMPEXP","TOT","PC_GDP","A","1996",0.458,
"ISR","PUBUNEMPEXP","TOT","PC_GDP","A","1997",0.575,
"ISR","PUBUNEMPEXP","TOT","PC_GDP","A","1998",0.629,
"ISR","PUBUNEMPEXP","TOT","PC_GDP","A","1999",0.617,
"ISR","PUBUNEMPEXP","TOT","PC_GDP","A","2000",0.559,
"ISR","PUBUNEMPEXP","TOT","PC_GDP","A","2001",0.649,
"ISR","PUBUNEMPEXP","TOT","PC_GDP","A","2002",0.632,
"ISR","PUBUNEMPEXP","TOT","PC_GDP","A","2003",0.452,
"ISR","PUBUNEMPEXP","TOT","PC_GDP","A","2004",0.381,
"ISR","PUBUNEMPEXP","TOT","PC_GDP","A","2005",0.345,
"ISR","PUBUNEMPEXP","TOT","PC_GDP","A","2006",0.305,
"ISR","PUBUNEMPEXP","TOT","PC_GDP","A","2007",0.267,
"ISR","PUBUNEMPEXP","TOT","PC_GDP","A","2008",0.26,
"ISR","PUBUNEMPEXP","TOT","PC_GDP","A","2009",0.396,
"ISR","PUBUNEMPEXP","TOT","PC_GDP","A","2010",0.32,
"ISR","PUBUNEMPEXP","TOT","PC_GDP","A","2011",0.293,
"ISR","PUBUNEMPEXP","TOT","PC_GDP","A","2012",0.312,
"ISR","PUBUNEMPEXP","TOT","PC_GDP","A","2013",0.33,
"ISR","PUBUNEMPEXP","TOT","PC_GDP","A","2014",0.33,
"ISR","PUBUNEMPEXP","TOT","PC_GDP","A","2015",0.311,
"SVN","PUBUNEMPEXP","TOT","PC_GDP","A","1996",0.859,
"SVN","PUBUNEMPEXP","TOT","PC_GDP","A","1997",1.031,
"SVN","PUBUNEMPEXP","TOT","PC_GDP","A","1998",1.074,
"SVN","PUBUNEMPEXP","TOT","PC_GDP","A","1999",1.006,
"SVN","PUBUNEMPEXP","TOT","PC_GDP","A","2000",0.855,
"SVN","PUBUNEMPEXP","TOT","PC_GDP","A","2001",0.712,
"SVN","PUBUNEMPEXP","TOT","PC_GDP","A","2002",0.62,
"SVN","PUBUNEMPEXP","TOT","PC_GDP","A","2003",0.593,
"SVN","PUBUNEMPEXP","TOT","PC_GDP","A","2004",0.582,
"SVN","PUBUNEMPEXP","TOT","PC_GDP","A","2005",0.591,
"SVN","PUBUNEMPEXP","TOT","PC_GDP","A","2006",0.515,
"SVN","PUBUNEMPEXP","TOT","PC_GDP","A","2007",0.331,
"SVN","PUBUNEMPEXP","TOT","PC_GDP","A","2008",0.284,
"SVN","PUBUNEMPEXP","TOT","PC_GDP","A","2009",0.468,
"SVN","PUBUNEMPEXP","TOT","PC_GDP","A","2010",0.541,
"SVN","PUBUNEMPEXP","TOT","PC_GDP","A","2011",0.677,
"SVN","PUBUNEMPEXP","TOT","PC_GDP","A","2012",0.666,
"SVN","PUBUNEMPEXP","TOT","PC_GDP","A","2013",0.747,
"OECD","PUBUNEMPEXP","TOT","PC_GDP","A","1980",0.586,
"OECD","PUBUNEMPEXP","TOT","PC_GDP","A","1981",0.736,
"OECD","PUBUNEMPEXP","TOT","PC_GDP","A","1982",0.924,
"OECD","PUBUNEMPEXP","TOT","PC_GDP","A","1983",1.061,
"OECD","PUBUNEMPEXP","TOT","PC_GDP","A","1984",1.05,
"OECD","PUBUNEMPEXP","TOT","PC_GDP","A","1985",1.044,
"OECD","PUBUNEMPEXP","TOT","PC_GDP","A","1986",1.028,
"OECD","PUBUNEMPEXP","TOT","PC_GDP","A","1987",0.991,
"OECD","PUBUNEMPEXP","TOT","PC_GDP","A","1988",0.924,
"OECD","PUBUNEMPEXP","TOT","PC_GDP","A","1989",0.874,
"OECD","PUBUNEMPEXP","TOT","PC_GDP","A","1990",0.924,
"OECD","PUBUNEMPEXP","TOT","PC_GDP","A","1991",1.1,
"OECD","PUBUNEMPEXP","TOT","PC_GDP","A","1992",1.274,
"OECD","PUBUNEMPEXP","TOT","PC_GDP","A","1993",1.41,
"OECD","PUBUNEMPEXP","TOT","PC_GDP","A","1994",1.291,
"OECD","PUBUNEMPEXP","TOT","PC_GDP","A","1995",1.173,
"OECD","PUBUNEMPEXP","TOT","PC_GDP","A","1996",1.14,
"OECD","PUBUNEMPEXP","TOT","PC_GDP","A","1997",1.054,
"OECD","PUBUNEMPEXP","TOT","PC_GDP","A","1998",0.947,
"OECD","PUBUNEMPEXP","TOT","PC_GDP","A","1999",0.862,
"OECD","PUBUNEMPEXP","TOT","PC_GDP","A","2000",0.745,
"OECD","PUBUNEMPEXP","TOT","PC_GDP","A","2001",0.727,
"OECD","PUBUNEMPEXP","TOT","PC_GDP","A","2002",0.768,
"OECD","PUBUNEMPEXP","TOT","PC_GDP","A","2003",0.819,
"OECD","PUBUNEMPEXP","TOT","PC_GDP","A","2004",0.801,
"OECD","PUBUNEMPEXP","TOT","PC_GDP","A","2005",0.765,
"OECD","PUBUNEMPEXP","TOT","PC_GDP","A","2006",0.7,
"OECD","PUBUNEMPEXP","TOT","PC_GDP","A","2007",0.65,
"OECD","PUBUNEMPEXP","TOT","PC_GDP","A","2008",0.674,
"OECD","PUBUNEMPEXP","TOT","PC_GDP","A","2009",1.044,
"OECD","PUBUNEMPEXP","TOT","PC_GDP","A","2010",1.022,
"OECD","PUBUNEMPEXP","TOT","PC_GDP","A","2011",0.927,
"OECD","PUBUNEMPEXP","TOT","PC_GDP","A","2012",0.895,
"OECD","PUBUNEMPEXP","TOT","PC_GDP","A","2013",0.888,
"LVA","PUBUNEMPEXP","TOT","PC_GDP","A","1995",0,
"LVA","PUBUNEMPEXP","TOT","PC_GDP","A","1996",0,
"LVA","PUBUNEMPEXP","TOT","PC_GDP","A","1997",0.302,
"LVA","PUBUNEMPEXP","TOT","PC_GDP","A","1998",0.348,
"LVA","PUBUNEMPEXP","TOT","PC_GDP","A","1999",0.624,
"LVA","PUBUNEMPEXP","TOT","PC_GDP","A","2000",0.549,
"LVA","PUBUNEMPEXP","TOT","PC_GDP","A","2001",0.425,
"LVA","PUBUNEMPEXP","TOT","PC_GDP","A","2002",0.439,
"LVA","PUBUNEMPEXP","TOT","PC_GDP","A","2003",0.445,
"LVA","PUBUNEMPEXP","TOT","PC_GDP","A","2004",0.421,
"LVA","PUBUNEMPEXP","TOT","PC_GDP","A","2005",0.369,
"LVA","PUBUNEMPEXP","TOT","PC_GDP","A","2006",0.352,
"LVA","PUBUNEMPEXP","TOT","PC_GDP","A","2007",0.336,
"LVA","PUBUNEMPEXP","TOT","PC_GDP","A","2008",0.45,
"LVA","PUBUNEMPEXP","TOT","PC_GDP","A","2009",1.441,
"LVA","PUBUNEMPEXP","TOT","PC_GDP","A","2010",1.07,
"LVA","PUBUNEMPEXP","TOT","PC_GDP","A","2011",0.547,
"LVA","PUBUNEMPEXP","TOT","PC_GDP","A","2012",0.426,
"LVA","PUBUNEMPEXP","TOT","PC_GDP","A","2013",0.486,
