﻿"LOCATION","INDICATOR","SUBJECT","MEASURE","FREQUENCY","TIME","Value","Flag Codes"
"AUS","MRIUNITS","TOT","1000000HAB","A","1986",0.19,
"AUS","MRIUNITS","TOT","1000000HAB","A","1987",0.31,
"AUS","MRIUNITS","TOT","1000000HAB","A","1988",0.42,
"AUS","MRIUNITS","TOT","1000000HAB","A","1989",0.42,
"AUS","MRIUNITS","TOT","1000000HAB","A","1990",0.64,
"AUS","MRIUNITS","TOT","1000000HAB","A","1991",1.16,
"AUS","MRIUNITS","TOT","1000000HAB","A","1992",1.43,
"AUS","MRIUNITS","TOT","1000000HAB","A","1993",1.81,
"AUS","MRIUNITS","TOT","1000000HAB","A","1994",2.36,
"AUS","MRIUNITS","TOT","1000000HAB","A","1995",2.89,
"AUS","MRIUNITS","TOT","1000000HAB","A","1996",2.96,
"AUS","MRIUNITS","TOT","1000000HAB","A","1997",3.53,
"AUS","MRIUNITS","TOT","1000000HAB","A","1998",4.51,
"AUS","MRIUNITS","TOT","1000000HAB","A","1999",6.01,
"AUS","MRIUNITS","TOT","1000000HAB","A","2000",3.52,"B"
"AUS","MRIUNITS","TOT","1000000HAB","A","2001",3.79,
"AUS","MRIUNITS","TOT","1000000HAB","A","2002",3.74,
"AUS","MRIUNITS","TOT","1000000HAB","A","2003",3.7,
"AUS","MRIUNITS","TOT","1000000HAB","A","2004",3.76,
"AUS","MRIUNITS","TOT","1000000HAB","A","2005",4.26,
"AUS","MRIUNITS","TOT","1000000HAB","A","2006",4.89,
"AUS","MRIUNITS","TOT","1000000HAB","A","2007",5.19,
"AUS","MRIUNITS","TOT","1000000HAB","A","2008",5.65,
"AUS","MRIUNITS","TOT","1000000HAB","A","2009",5.72,
"AUS","MRIUNITS","TOT","1000000HAB","A","2010",5.67,
"AUS","MRIUNITS","TOT","1000000HAB","A","2011",5.6,
"AUS","MRIUNITS","TOT","1000000HAB","A","2012",5.5,
"AUS","MRIUNITS","TOT","1000000HAB","A","2013",13.84,
"AUS","MRIUNITS","TOT","1000000HAB","A","2014",14.66,
"AUS","MRIUNITS","TOT","1000000HAB","A","2015",14.5,
"AUS","MRIUNITS","TOT","1000000HAB","A","2016",14.34,
"AUT","MRIUNITS","TOT","1000000HAB","A","1996",7.54,
"AUT","MRIUNITS","TOT","1000000HAB","A","1997",8.53,
"AUT","MRIUNITS","TOT","1000000HAB","A","1998",8.52,
"AUT","MRIUNITS","TOT","1000000HAB","A","1999",11.01,
"AUT","MRIUNITS","TOT","1000000HAB","A","2000",10.98,
"AUT","MRIUNITS","TOT","1000000HAB","A","2001",11.69,
"AUT","MRIUNITS","TOT","1000000HAB","A","2002",13.36,
"AUT","MRIUNITS","TOT","1000000HAB","A","2003",13.54,
"AUT","MRIUNITS","TOT","1000000HAB","A","2004",15.91,
"AUT","MRIUNITS","TOT","1000000HAB","A","2005",16.16,
"AUT","MRIUNITS","TOT","1000000HAB","A","2006",16.81,
"AUT","MRIUNITS","TOT","1000000HAB","A","2007",17.72,
"AUT","MRIUNITS","TOT","1000000HAB","A","2008",18.03,
"AUT","MRIUNITS","TOT","1000000HAB","A","2009",18.46,
"AUT","MRIUNITS","TOT","1000000HAB","A","2010",18.65,
"AUT","MRIUNITS","TOT","1000000HAB","A","2011",18.71,
"AUT","MRIUNITS","TOT","1000000HAB","A","2012",19.1,
"AUT","MRIUNITS","TOT","1000000HAB","A","2013",19.22,
"AUT","MRIUNITS","TOT","1000000HAB","A","2014",19.67,
"AUT","MRIUNITS","TOT","1000000HAB","A","2015",20.73,
"AUT","MRIUNITS","INAMBULATORY","1000000HAB","A","1996",3.52,
"AUT","MRIUNITS","INAMBULATORY","1000000HAB","A","1997",4.02,
"AUT","MRIUNITS","INAMBULATORY","1000000HAB","A","1998",3.76,
"AUT","MRIUNITS","INAMBULATORY","1000000HAB","A","1999",4.88,
"AUT","MRIUNITS","INAMBULATORY","1000000HAB","A","2000",4.87,
"AUT","MRIUNITS","INAMBULATORY","1000000HAB","A","2001",5.1,
"AUT","MRIUNITS","INAMBULATORY","1000000HAB","A","2002",6.19,
"AUT","MRIUNITS","INAMBULATORY","1000000HAB","A","2003",6.28,
"AUT","MRIUNITS","INAMBULATORY","1000000HAB","A","2004",6.73,
"AUT","MRIUNITS","INAMBULATORY","1000000HAB","A","2005",6.81,
"AUT","MRIUNITS","INAMBULATORY","1000000HAB","A","2006",7.26,
"AUT","MRIUNITS","INAMBULATORY","1000000HAB","A","2007",7.72,
"AUT","MRIUNITS","INAMBULATORY","1000000HAB","A","2008",7.81,
"AUT","MRIUNITS","INAMBULATORY","1000000HAB","A","2009",8.27,
"AUT","MRIUNITS","INAMBULATORY","1000000HAB","A","2010",8.37,
"AUT","MRIUNITS","INAMBULATORY","1000000HAB","A","2011",8.46,
"AUT","MRIUNITS","INAMBULATORY","1000000HAB","A","2012",8.66,
"AUT","MRIUNITS","INAMBULATORY","1000000HAB","A","2013",8.84,
"AUT","MRIUNITS","INAMBULATORY","1000000HAB","A","2014",9.25,
"AUT","MRIUNITS","INAMBULATORY","1000000HAB","A","2015",10.08,
"AUT","MRIUNITS","INHOSPITAL","1000000HAB","A","1996",4.02,
"AUT","MRIUNITS","INHOSPITAL","1000000HAB","A","1997",4.52,
"AUT","MRIUNITS","INHOSPITAL","1000000HAB","A","1998",4.76,
"AUT","MRIUNITS","INHOSPITAL","1000000HAB","A","1999",6.13,
"AUT","MRIUNITS","INHOSPITAL","1000000HAB","A","2000",6.12,
"AUT","MRIUNITS","INHOSPITAL","1000000HAB","A","2001",6.59,
"AUT","MRIUNITS","INHOSPITAL","1000000HAB","A","2002",7.18,
"AUT","MRIUNITS","INHOSPITAL","1000000HAB","A","2003",7.26,
"AUT","MRIUNITS","INHOSPITAL","1000000HAB","A","2004",9.18,
"AUT","MRIUNITS","INHOSPITAL","1000000HAB","A","2005",9.36,
"AUT","MRIUNITS","INHOSPITAL","1000000HAB","A","2006",9.55,
"AUT","MRIUNITS","INHOSPITAL","1000000HAB","A","2007",10.01,
"AUT","MRIUNITS","INHOSPITAL","1000000HAB","A","2008",10.21,
"AUT","MRIUNITS","INHOSPITAL","1000000HAB","A","2009",10.19,
"AUT","MRIUNITS","INHOSPITAL","1000000HAB","A","2010",10.28,
"AUT","MRIUNITS","INHOSPITAL","1000000HAB","A","2011",10.25,
"AUT","MRIUNITS","INHOSPITAL","1000000HAB","A","2012",10.44,
"AUT","MRIUNITS","INHOSPITAL","1000000HAB","A","2013",10.38,
"AUT","MRIUNITS","INHOSPITAL","1000000HAB","A","2014",10.42,
"AUT","MRIUNITS","INHOSPITAL","1000000HAB","A","2015",10.66,
"BEL","MRIUNITS","INHOSPITAL","1000000HAB","A","2000",5.95,
"BEL","MRIUNITS","INHOSPITAL","1000000HAB","A","2001",7,
"BEL","MRIUNITS","INHOSPITAL","1000000HAB","A","2002",6.58,
"BEL","MRIUNITS","INHOSPITAL","1000000HAB","A","2003",6.84,
"BEL","MRIUNITS","INHOSPITAL","1000000HAB","A","2004",7,
"BEL","MRIUNITS","INHOSPITAL","1000000HAB","A","2005",6.97,
"BEL","MRIUNITS","INHOSPITAL","1000000HAB","A","2006",7.11,
"BEL","MRIUNITS","INHOSPITAL","1000000HAB","A","2007",7.53,
"BEL","MRIUNITS","INHOSPITAL","1000000HAB","A","2008",10.36,
"BEL","MRIUNITS","INHOSPITAL","1000000HAB","A","2009",10.65,
"BEL","MRIUNITS","INHOSPITAL","1000000HAB","A","2010",10.65,
"BEL","MRIUNITS","INHOSPITAL","1000000HAB","A","2011",10.68,
"BEL","MRIUNITS","INHOSPITAL","1000000HAB","A","2012",10.6,
"BEL","MRIUNITS","INHOSPITAL","1000000HAB","A","2013",10.82,
"BEL","MRIUNITS","INHOSPITAL","1000000HAB","A","2014",11.78,
"BEL","MRIUNITS","INHOSPITAL","1000000HAB","A","2015",11.71,
"CAN","MRIUNITS","TOT","1000000HAB","A","1982",0.04,
"CAN","MRIUNITS","TOT","1000000HAB","A","1983",0.12,
"CAN","MRIUNITS","TOT","1000000HAB","A","1984",0.16,
"CAN","MRIUNITS","TOT","1000000HAB","A","1985",0.19,
"CAN","MRIUNITS","TOT","1000000HAB","A","1986",0.31,
"CAN","MRIUNITS","TOT","1000000HAB","A","1987",0.38,
"CAN","MRIUNITS","TOT","1000000HAB","A","1988",0.45,
"CAN","MRIUNITS","TOT","1000000HAB","A","1989",0.48,
"CAN","MRIUNITS","TOT","1000000HAB","A","1990",0.69,
"CAN","MRIUNITS","TOT","1000000HAB","A","1991",0.78,
"CAN","MRIUNITS","TOT","1000000HAB","A","1992",0.99,
"CAN","MRIUNITS","TOT","1000000HAB","A","1993",1.05,
"CAN","MRIUNITS","TOT","1000000HAB","A","1994",1.21,
"CAN","MRIUNITS","TOT","1000000HAB","A","1995",1.37,
"CAN","MRIUNITS","TOT","1000000HAB","A","1997",1.84,
"CAN","MRIUNITS","TOT","1000000HAB","A","2000",2.48,
"CAN","MRIUNITS","TOT","1000000HAB","A","2001",4.19,
"CAN","MRIUNITS","TOT","1000000HAB","A","2003",4.71,
"CAN","MRIUNITS","TOT","1000000HAB","A","2004",4.92,
"CAN","MRIUNITS","TOT","1000000HAB","A","2005",5.74,
"CAN","MRIUNITS","TOT","1000000HAB","A","2006",6.17,
"CAN","MRIUNITS","TOT","1000000HAB","A","2007",6.75,
"CAN","MRIUNITS","TOT","1000000HAB","A","2009",7.91,
"CAN","MRIUNITS","TOT","1000000HAB","A","2010",8.26,
"CAN","MRIUNITS","TOT","1000000HAB","A","2011",8.53,
"CAN","MRIUNITS","TOT","1000000HAB","A","2012",8.86,
"CAN","MRIUNITS","TOT","1000000HAB","A","2013",8.87,"E"
"CAN","MRIUNITS","TOT","1000000HAB","A","2015",9.48,
"CAN","MRIUNITS","TOT","1000000HAB","A","2016",9.4,"P"
"CAN","MRIUNITS","INAMBULATORY","1000000HAB","A","1998",0.07,
"CAN","MRIUNITS","INAMBULATORY","1000000HAB","A","1999",0.13,
"CAN","MRIUNITS","INAMBULATORY","1000000HAB","A","2000",0.23,
"CAN","MRIUNITS","INAMBULATORY","1000000HAB","A","2001",0.48,
"CAN","MRIUNITS","INAMBULATORY","1000000HAB","A","2002",0.61,
"CAN","MRIUNITS","INAMBULATORY","1000000HAB","A","2003",0.82,
"CAN","MRIUNITS","INAMBULATORY","1000000HAB","A","2004",0.78,
"CAN","MRIUNITS","INAMBULATORY","1000000HAB","A","2005",0.99,
"CAN","MRIUNITS","INAMBULATORY","1000000HAB","A","2006",1.11,
"CAN","MRIUNITS","INAMBULATORY","1000000HAB","A","2007",1.25,
"CAN","MRIUNITS","INAMBULATORY","1000000HAB","A","2009",1.64,
"CAN","MRIUNITS","INAMBULATORY","1000000HAB","A","2010",1.85,
"CAN","MRIUNITS","INAMBULATORY","1000000HAB","A","2011",1.92,
"CAN","MRIUNITS","INAMBULATORY","1000000HAB","A","2012",1.9,
"CAN","MRIUNITS","INHOSPITAL","1000000HAB","A","2000",2.25,
"CAN","MRIUNITS","INHOSPITAL","1000000HAB","A","2001",3.71,
"CAN","MRIUNITS","INHOSPITAL","1000000HAB","A","2003",3.89,
"CAN","MRIUNITS","INHOSPITAL","1000000HAB","A","2004",4.13,
"CAN","MRIUNITS","INHOSPITAL","1000000HAB","A","2005",4.75,
"CAN","MRIUNITS","INHOSPITAL","1000000HAB","A","2006",5.07,
"CAN","MRIUNITS","INHOSPITAL","1000000HAB","A","2007",5.5,
"CAN","MRIUNITS","INHOSPITAL","1000000HAB","A","2009",6.27,
"CAN","MRIUNITS","INHOSPITAL","1000000HAB","A","2010",6.41,
"CAN","MRIUNITS","INHOSPITAL","1000000HAB","A","2011",6.61,
"CAN","MRIUNITS","INHOSPITAL","1000000HAB","A","2012",6.96,
"CZE","MRIUNITS","TOT","1000000HAB","A","1991",0.19,
"CZE","MRIUNITS","TOT","1000000HAB","A","1992",0.39,
"CZE","MRIUNITS","TOT","1000000HAB","A","1993",0.58,
"CZE","MRIUNITS","TOT","1000000HAB","A","1994",0.68,
"CZE","MRIUNITS","TOT","1000000HAB","A","1995",0.97,
"CZE","MRIUNITS","TOT","1000000HAB","A","1996",1.07,
"CZE","MRIUNITS","TOT","1000000HAB","A","1997",1.07,
"CZE","MRIUNITS","TOT","1000000HAB","A","1998",1.36,
"CZE","MRIUNITS","TOT","1000000HAB","A","1999",1.56,
"CZE","MRIUNITS","TOT","1000000HAB","A","2000",1.66,
"CZE","MRIUNITS","TOT","1000000HAB","A","2001",1.86,
"CZE","MRIUNITS","TOT","1000000HAB","A","2002",2.16,
"CZE","MRIUNITS","TOT","1000000HAB","A","2003",2.45,
"CZE","MRIUNITS","TOT","1000000HAB","A","2004",2.84,
"CZE","MRIUNITS","TOT","1000000HAB","A","2005",3.13,
"CZE","MRIUNITS","TOT","1000000HAB","A","2006",3.81,
"CZE","MRIUNITS","TOT","1000000HAB","A","2007",4.37,
"CZE","MRIUNITS","TOT","1000000HAB","A","2008",5.01,
"CZE","MRIUNITS","TOT","1000000HAB","A","2009",5.74,
"CZE","MRIUNITS","TOT","1000000HAB","A","2010",6.3,
"CZE","MRIUNITS","TOT","1000000HAB","A","2011",6.86,
"CZE","MRIUNITS","TOT","1000000HAB","A","2012",6.95,
"CZE","MRIUNITS","TOT","1000000HAB","A","2013",7.42,
"CZE","MRIUNITS","TOT","1000000HAB","A","2014",7.41,
"CZE","MRIUNITS","TOT","1000000HAB","A","2015",8.34,
"CZE","MRIUNITS","INAMBULATORY","1000000HAB","A","2004",0.29,
"CZE","MRIUNITS","INAMBULATORY","1000000HAB","A","2005",0.29,
"CZE","MRIUNITS","INAMBULATORY","1000000HAB","A","2006",0.49,
"CZE","MRIUNITS","INAMBULATORY","1000000HAB","A","2007",0.49,
"CZE","MRIUNITS","INAMBULATORY","1000000HAB","A","2008",0.77,
"CZE","MRIUNITS","INAMBULATORY","1000000HAB","A","2009",0.86,
"CZE","MRIUNITS","INAMBULATORY","1000000HAB","A","2010",1.05,
"CZE","MRIUNITS","INAMBULATORY","1000000HAB","A","2011",1.05,
"CZE","MRIUNITS","INAMBULATORY","1000000HAB","A","2012",1.05,
"CZE","MRIUNITS","INAMBULATORY","1000000HAB","A","2013",1.33,
"CZE","MRIUNITS","INAMBULATORY","1000000HAB","A","2014",1.14,
"CZE","MRIUNITS","INAMBULATORY","1000000HAB","A","2015",1.61,
"CZE","MRIUNITS","INHOSPITAL","1000000HAB","A","2004",2.55,
"CZE","MRIUNITS","INHOSPITAL","1000000HAB","A","2005",2.84,
"CZE","MRIUNITS","INHOSPITAL","1000000HAB","A","2006",3.32,
"CZE","MRIUNITS","INHOSPITAL","1000000HAB","A","2007",3.88,
"CZE","MRIUNITS","INHOSPITAL","1000000HAB","A","2008",4.24,
"CZE","MRIUNITS","INHOSPITAL","1000000HAB","A","2009",4.88,
"CZE","MRIUNITS","INHOSPITAL","1000000HAB","A","2010",5.25,
"CZE","MRIUNITS","INHOSPITAL","1000000HAB","A","2011",5.81,
"CZE","MRIUNITS","INHOSPITAL","1000000HAB","A","2012",5.9,
"CZE","MRIUNITS","INHOSPITAL","1000000HAB","A","2013",6.09,
"CZE","MRIUNITS","INHOSPITAL","1000000HAB","A","2014",6.27,
"CZE","MRIUNITS","INHOSPITAL","1000000HAB","A","2015",6.73,
"DNK","MRIUNITS","TOT","1000000HAB","A","2000",5.43,
"DNK","MRIUNITS","TOT","1000000HAB","A","2002",8.56,
"DNK","MRIUNITS","TOT","1000000HAB","A","2003",9.09,
"DNK","MRIUNITS","TOT","1000000HAB","A","2004",10.18,
"DNK","MRIUNITS","TOT","1000000HAB","A","2009",15.39,
"DNK","MRIUNITS","INAMBULATORY","1000000HAB","A","2000",0,
"DNK","MRIUNITS","INAMBULATORY","1000000HAB","A","2001",0,
"DNK","MRIUNITS","INAMBULATORY","1000000HAB","A","2002",0,
"DNK","MRIUNITS","INAMBULATORY","1000000HAB","A","2003",0,
"DNK","MRIUNITS","INAMBULATORY","1000000HAB","A","2004",0,
"DNK","MRIUNITS","INAMBULATORY","1000000HAB","A","2009",0,
"DNK","MRIUNITS","INHOSPITAL","1000000HAB","A","2000",5.43,
"DNK","MRIUNITS","INHOSPITAL","1000000HAB","A","2002",8.56,
"DNK","MRIUNITS","INHOSPITAL","1000000HAB","A","2003",9.09,
"DNK","MRIUNITS","INHOSPITAL","1000000HAB","A","2004",10.18,
"DNK","MRIUNITS","INHOSPITAL","1000000HAB","A","2009",15.39,
"FIN","MRIUNITS","TOT","1000000HAB","A","1984",0.2,
"FIN","MRIUNITS","TOT","1000000HAB","A","1985",0.41,
"FIN","MRIUNITS","TOT","1000000HAB","A","1986",0.61,
"FIN","MRIUNITS","TOT","1000000HAB","A","1987",0.81,
"FIN","MRIUNITS","TOT","1000000HAB","A","1988",1.01,
"FIN","MRIUNITS","TOT","1000000HAB","A","1989",1.21,
"FIN","MRIUNITS","TOT","1000000HAB","A","1990",1.8,
"FIN","MRIUNITS","TOT","1000000HAB","A","1991",2.19,
"FIN","MRIUNITS","TOT","1000000HAB","A","1992",2.38,
"FIN","MRIUNITS","TOT","1000000HAB","A","1993",2.76,
"FIN","MRIUNITS","TOT","1000000HAB","A","1994",3.34,
"FIN","MRIUNITS","TOT","1000000HAB","A","1995",4.31,
"FIN","MRIUNITS","TOT","1000000HAB","A","1996",5.66,
"FIN","MRIUNITS","TOT","1000000HAB","A","1997",6.61,
"FIN","MRIUNITS","TOT","1000000HAB","A","1998",8.34,
"FIN","MRIUNITS","TOT","1000000HAB","A","1999",9.1,
"FIN","MRIUNITS","TOT","1000000HAB","A","2000",9.85,
"FIN","MRIUNITS","TOT","1000000HAB","A","2001",10.99,
"FIN","MRIUNITS","TOT","1000000HAB","A","2002",12.5,
"FIN","MRIUNITS","TOT","1000000HAB","A","2003",13.04,
"FIN","MRIUNITS","TOT","1000000HAB","A","2004",13.96,
"FIN","MRIUNITS","TOT","1000000HAB","A","2005",14.68,
"FIN","MRIUNITS","TOT","1000000HAB","A","2006",15.19,
"FIN","MRIUNITS","TOT","1000000HAB","A","2007",15.32,
"FIN","MRIUNITS","TOT","1000000HAB","A","2008",15.62,
"FIN","MRIUNITS","TOT","1000000HAB","A","2009",15.73,
"FIN","MRIUNITS","TOT","1000000HAB","A","2010",18.65,
"FIN","MRIUNITS","TOT","1000000HAB","A","2011",20.23,
"FIN","MRIUNITS","TOT","1000000HAB","A","2012",21.61,
"FIN","MRIUNITS","TOT","1000000HAB","A","2013",22.06,
"FIN","MRIUNITS","TOT","1000000HAB","A","2014",23.25,
"FIN","MRIUNITS","TOT","1000000HAB","A","2015",25.91,
"FIN","MRIUNITS","TOT","1000000HAB","A","2016",25.51,
"FIN","MRIUNITS","INAMBULATORY","1000000HAB","A","1984",0,
"FIN","MRIUNITS","INAMBULATORY","1000000HAB","A","1985",0,
"FIN","MRIUNITS","INAMBULATORY","1000000HAB","A","1986",0,
"FIN","MRIUNITS","INAMBULATORY","1000000HAB","A","1987",0,
"FIN","MRIUNITS","INAMBULATORY","1000000HAB","A","1988",0,
"FIN","MRIUNITS","INAMBULATORY","1000000HAB","A","1989",0,
"FIN","MRIUNITS","INAMBULATORY","1000000HAB","A","1990",0,
"FIN","MRIUNITS","INAMBULATORY","1000000HAB","A","1991",0,
"FIN","MRIUNITS","INAMBULATORY","1000000HAB","A","1992",0,
"FIN","MRIUNITS","INAMBULATORY","1000000HAB","A","1993",0,
"FIN","MRIUNITS","INAMBULATORY","1000000HAB","A","1994",0,
"FIN","MRIUNITS","INAMBULATORY","1000000HAB","A","1995",0,
"FIN","MRIUNITS","INAMBULATORY","1000000HAB","A","1996",0,
"FIN","MRIUNITS","INAMBULATORY","1000000HAB","A","1997",0,
"FIN","MRIUNITS","INAMBULATORY","1000000HAB","A","1998",0,
"FIN","MRIUNITS","INAMBULATORY","1000000HAB","A","1999",0,
"FIN","MRIUNITS","INAMBULATORY","1000000HAB","A","2000",0,
"FIN","MRIUNITS","INAMBULATORY","1000000HAB","A","2001",0,
"FIN","MRIUNITS","INAMBULATORY","1000000HAB","A","2002",0,
"FIN","MRIUNITS","INAMBULATORY","1000000HAB","A","2003",0,
"FIN","MRIUNITS","INAMBULATORY","1000000HAB","A","2004",0,
"FIN","MRIUNITS","INAMBULATORY","1000000HAB","A","2005",0,
"FIN","MRIUNITS","INAMBULATORY","1000000HAB","A","2006",0,
"FIN","MRIUNITS","INAMBULATORY","1000000HAB","A","2007",0,
"FIN","MRIUNITS","INAMBULATORY","1000000HAB","A","2008",0,
"FIN","MRIUNITS","INAMBULATORY","1000000HAB","A","2009",0,
"FIN","MRIUNITS","INAMBULATORY","1000000HAB","A","2010",0,
"FIN","MRIUNITS","INAMBULATORY","1000000HAB","A","2011",0,
"FIN","MRIUNITS","INAMBULATORY","1000000HAB","A","2012",0,
"FIN","MRIUNITS","INAMBULATORY","1000000HAB","A","2013",0,
"FIN","MRIUNITS","INAMBULATORY","1000000HAB","A","2014",0,
"FIN","MRIUNITS","INAMBULATORY","1000000HAB","A","2015",0,
"FIN","MRIUNITS","INAMBULATORY","1000000HAB","A","2016",0,
"FIN","MRIUNITS","INHOSPITAL","1000000HAB","A","1984",0.2,
"FIN","MRIUNITS","INHOSPITAL","1000000HAB","A","1985",0.41,
"FIN","MRIUNITS","INHOSPITAL","1000000HAB","A","1986",0.61,
"FIN","MRIUNITS","INHOSPITAL","1000000HAB","A","1987",0.81,
"FIN","MRIUNITS","INHOSPITAL","1000000HAB","A","1988",1.01,
"FIN","MRIUNITS","INHOSPITAL","1000000HAB","A","1989",1.21,
"FIN","MRIUNITS","INHOSPITAL","1000000HAB","A","1990",1.8,
"FIN","MRIUNITS","INHOSPITAL","1000000HAB","A","1991",2.19,
"FIN","MRIUNITS","INHOSPITAL","1000000HAB","A","1992",2.38,
"FIN","MRIUNITS","INHOSPITAL","1000000HAB","A","1993",2.76,
"FIN","MRIUNITS","INHOSPITAL","1000000HAB","A","1994",3.34,
"FIN","MRIUNITS","INHOSPITAL","1000000HAB","A","1995",4.31,
"FIN","MRIUNITS","INHOSPITAL","1000000HAB","A","1996",5.66,
"FIN","MRIUNITS","INHOSPITAL","1000000HAB","A","1997",6.61,
"FIN","MRIUNITS","INHOSPITAL","1000000HAB","A","1998",8.34,
"FIN","MRIUNITS","INHOSPITAL","1000000HAB","A","1999",9.1,
"FIN","MRIUNITS","INHOSPITAL","1000000HAB","A","2000",9.85,
"FIN","MRIUNITS","INHOSPITAL","1000000HAB","A","2001",10.99,
"FIN","MRIUNITS","INHOSPITAL","1000000HAB","A","2002",12.5,
"FIN","MRIUNITS","INHOSPITAL","1000000HAB","A","2003",13.04,
"FIN","MRIUNITS","INHOSPITAL","1000000HAB","A","2004",13.96,
"FIN","MRIUNITS","INHOSPITAL","1000000HAB","A","2005",14.68,
"FIN","MRIUNITS","INHOSPITAL","1000000HAB","A","2006",15.19,
"FIN","MRIUNITS","INHOSPITAL","1000000HAB","A","2007",15.32,
"FIN","MRIUNITS","INHOSPITAL","1000000HAB","A","2008",15.62,
"FIN","MRIUNITS","INHOSPITAL","1000000HAB","A","2009",15.73,
"FIN","MRIUNITS","INHOSPITAL","1000000HAB","A","2010",18.65,
"FIN","MRIUNITS","INHOSPITAL","1000000HAB","A","2011",20.23,
"FIN","MRIUNITS","INHOSPITAL","1000000HAB","A","2012",21.61,
"FIN","MRIUNITS","INHOSPITAL","1000000HAB","A","2013",22.06,
"FIN","MRIUNITS","INHOSPITAL","1000000HAB","A","2014",23.25,
"FIN","MRIUNITS","INHOSPITAL","1000000HAB","A","2015",25.91,
"FIN","MRIUNITS","INHOSPITAL","1000000HAB","A","2016",25.51,
"FRA","MRIUNITS","TOT","1000000HAB","A","1998",1.18,
"FRA","MRIUNITS","TOT","1000000HAB","A","1999",1.51,
"FRA","MRIUNITS","TOT","1000000HAB","A","2000",1.65,
"FRA","MRIUNITS","TOT","1000000HAB","A","2001",1.83,
"FRA","MRIUNITS","TOT","1000000HAB","A","2002",2.4,
"FRA","MRIUNITS","TOT","1000000HAB","A","2003",3.17,
"FRA","MRIUNITS","TOT","1000000HAB","A","2004",3.85,
"FRA","MRIUNITS","TOT","1000000HAB","A","2005",4.78,
"FRA","MRIUNITS","TOT","1000000HAB","A","2006",5.19,
"FRA","MRIUNITS","TOT","1000000HAB","A","2007",5.48,
"FRA","MRIUNITS","TOT","1000000HAB","A","2008",6.06,
"FRA","MRIUNITS","TOT","1000000HAB","A","2009",6.43,
"FRA","MRIUNITS","TOT","1000000HAB","A","2010",6.96,
"FRA","MRIUNITS","TOT","1000000HAB","A","2011",7.51,
"FRA","MRIUNITS","TOT","1000000HAB","A","2012",8.65,
"FRA","MRIUNITS","TOT","1000000HAB","A","2013",9.4,
"FRA","MRIUNITS","TOT","1000000HAB","A","2014",10.89,
"FRA","MRIUNITS","TOT","1000000HAB","A","2015",12.55,"B"
"FRA","MRIUNITS","TOT","1000000HAB","A","2016",13.54,
"FRA","MRIUNITS","INAMBULATORY","1000000HAB","A","1998",0.28,
"FRA","MRIUNITS","INAMBULATORY","1000000HAB","A","1999",0.33,
"FRA","MRIUNITS","INAMBULATORY","1000000HAB","A","2000",0.3,
"FRA","MRIUNITS","INAMBULATORY","1000000HAB","A","2001",0.33,
"FRA","MRIUNITS","INAMBULATORY","1000000HAB","A","2002",0.49,
"FRA","MRIUNITS","INAMBULATORY","1000000HAB","A","2003",0.68,
"FRA","MRIUNITS","INAMBULATORY","1000000HAB","A","2004",0.9,
"FRA","MRIUNITS","INAMBULATORY","1000000HAB","A","2005",1.14,
"FRA","MRIUNITS","INAMBULATORY","1000000HAB","A","2006",1.36,
"FRA","MRIUNITS","INAMBULATORY","1000000HAB","A","2007",1.47,
"FRA","MRIUNITS","INAMBULATORY","1000000HAB","A","2008",1.53,
"FRA","MRIUNITS","INAMBULATORY","1000000HAB","A","2009",1.46,
"FRA","MRIUNITS","INAMBULATORY","1000000HAB","A","2010",1.59,
"FRA","MRIUNITS","INAMBULATORY","1000000HAB","A","2011",1.67,
"FRA","MRIUNITS","INAMBULATORY","1000000HAB","A","2012",1.88,
"FRA","MRIUNITS","INAMBULATORY","1000000HAB","A","2013",2.02,
"FRA","MRIUNITS","INAMBULATORY","1000000HAB","A","2014",2.89,
"FRA","MRIUNITS","INAMBULATORY","1000000HAB","A","2015",3.77,"B"
"FRA","MRIUNITS","INAMBULATORY","1000000HAB","A","2016",4.52,
"FRA","MRIUNITS","INHOSPITAL","1000000HAB","A","1998",0.9,
"FRA","MRIUNITS","INHOSPITAL","1000000HAB","A","1999",1.18,
"FRA","MRIUNITS","INHOSPITAL","1000000HAB","A","2000",1.35,
"FRA","MRIUNITS","INHOSPITAL","1000000HAB","A","2001",1.5,
"FRA","MRIUNITS","INHOSPITAL","1000000HAB","A","2002",1.91,
"FRA","MRIUNITS","INHOSPITAL","1000000HAB","A","2003",2.5,
"FRA","MRIUNITS","INHOSPITAL","1000000HAB","A","2004",2.96,
"FRA","MRIUNITS","INHOSPITAL","1000000HAB","A","2005",3.63,
"FRA","MRIUNITS","INHOSPITAL","1000000HAB","A","2006",3.83,
"FRA","MRIUNITS","INHOSPITAL","1000000HAB","A","2007",4.01,
"FRA","MRIUNITS","INHOSPITAL","1000000HAB","A","2008",4.53,
"FRA","MRIUNITS","INHOSPITAL","1000000HAB","A","2009",4.98,
"FRA","MRIUNITS","INHOSPITAL","1000000HAB","A","2010",5.37,
"FRA","MRIUNITS","INHOSPITAL","1000000HAB","A","2011",5.83,
"FRA","MRIUNITS","INHOSPITAL","1000000HAB","A","2012",6.77,
"FRA","MRIUNITS","INHOSPITAL","1000000HAB","A","2013",7.37,
"FRA","MRIUNITS","INHOSPITAL","1000000HAB","A","2014",8,
"FRA","MRIUNITS","INHOSPITAL","1000000HAB","A","2015",8.78,"B"
"FRA","MRIUNITS","INHOSPITAL","1000000HAB","A","2016",9.02,
"DEU","MRIUNITS","INHOSPITAL","1000000HAB","A","1991",1.06,
"DEU","MRIUNITS","INHOSPITAL","1000000HAB","A","1992",1.22,
"DEU","MRIUNITS","INHOSPITAL","1000000HAB","A","1993",1.42,
"DEU","MRIUNITS","INHOSPITAL","1000000HAB","A","1994",1.81,
"DEU","MRIUNITS","INHOSPITAL","1000000HAB","A","1995",2.25,
"DEU","MRIUNITS","INHOSPITAL","1000000HAB","A","1996",2.83,
"DEU","MRIUNITS","INHOSPITAL","1000000HAB","A","1997",3.16,
"DEU","MRIUNITS","INHOSPITAL","1000000HAB","A","1998",3.73,
"DEU","MRIUNITS","INHOSPITAL","1000000HAB","A","1999",4.38,
"DEU","MRIUNITS","INHOSPITAL","1000000HAB","A","2000",4.93,
"DEU","MRIUNITS","INHOSPITAL","1000000HAB","A","2001",5.48,
"DEU","MRIUNITS","INHOSPITAL","1000000HAB","A","2002",5.98,
"DEU","MRIUNITS","INHOSPITAL","1000000HAB","A","2003",6.23,
"DEU","MRIUNITS","INHOSPITAL","1000000HAB","A","2004",6.6,
"DEU","MRIUNITS","INHOSPITAL","1000000HAB","A","2005",7.09,
"DEU","MRIUNITS","INHOSPITAL","1000000HAB","A","2006",7.71,
"DEU","MRIUNITS","INHOSPITAL","1000000HAB","A","2007",8.18,
"DEU","MRIUNITS","INHOSPITAL","1000000HAB","A","2008",8.72,
"DEU","MRIUNITS","INHOSPITAL","1000000HAB","A","2009",9.47,
"DEU","MRIUNITS","INHOSPITAL","1000000HAB","A","2010",10.3,
"DEU","MRIUNITS","INHOSPITAL","1000000HAB","A","2011",10.91,
"DEU","MRIUNITS","INHOSPITAL","1000000HAB","A","2012",11.29,
"DEU","MRIUNITS","INHOSPITAL","1000000HAB","A","2013",11.59,
"DEU","MRIUNITS","INHOSPITAL","1000000HAB","A","2014",11.61,
"DEU","MRIUNITS","INHOSPITAL","1000000HAB","A","2015",11.81,
"GRC","MRIUNITS","TOT","1000000HAB","A","2005",13.38,
"GRC","MRIUNITS","TOT","1000000HAB","A","2006",16.51,
"GRC","MRIUNITS","TOT","1000000HAB","A","2007",18.1,
"GRC","MRIUNITS","TOT","1000000HAB","A","2008",19.86,
"GRC","MRIUNITS","TOT","1000000HAB","A","2009",22.06,
"GRC","MRIUNITS","TOT","1000000HAB","A","2010",22.93,
"GRC","MRIUNITS","TOT","1000000HAB","A","2013",24.26,
"GRC","MRIUNITS","INAMBULATORY","1000000HAB","A","2009",15.58,
"GRC","MRIUNITS","INAMBULATORY","1000000HAB","A","2010",15.92,
"GRC","MRIUNITS","INAMBULATORY","1000000HAB","A","2013",17.15,
"GRC","MRIUNITS","INHOSPITAL","1000000HAB","A","2009",6.48,
"GRC","MRIUNITS","INHOSPITAL","1000000HAB","A","2010",7.01,
"GRC","MRIUNITS","INHOSPITAL","1000000HAB","A","2013",7.11,
"HUN","MRIUNITS","TOT","1000000HAB","A","1985",0.09,
"HUN","MRIUNITS","TOT","1000000HAB","A","1986",0.09,
"HUN","MRIUNITS","TOT","1000000HAB","A","1987",0.09,
"HUN","MRIUNITS","TOT","1000000HAB","A","1988",0.09,
"HUN","MRIUNITS","TOT","1000000HAB","A","1989",0.1,
"HUN","MRIUNITS","TOT","1000000HAB","A","1990",0.1,
"HUN","MRIUNITS","TOT","1000000HAB","A","1991",0.29,
"HUN","MRIUNITS","TOT","1000000HAB","A","1992",0.29,
"HUN","MRIUNITS","TOT","1000000HAB","A","1993",0.39,
"HUN","MRIUNITS","TOT","1000000HAB","A","1994",0.77,
"HUN","MRIUNITS","TOT","1000000HAB","A","1995",0.97,
"HUN","MRIUNITS","TOT","1000000HAB","A","1996",1.36,
"HUN","MRIUNITS","TOT","1000000HAB","A","1997",1.36,
"HUN","MRIUNITS","TOT","1000000HAB","A","1998",1.46,
"HUN","MRIUNITS","TOT","1000000HAB","A","1999",1.47,
"HUN","MRIUNITS","TOT","1000000HAB","A","2000",1.76,
"HUN","MRIUNITS","TOT","1000000HAB","A","2001",1.96,
"HUN","MRIUNITS","TOT","1000000HAB","A","2002",2.26,
"HUN","MRIUNITS","TOT","1000000HAB","A","2003",2.57,
"HUN","MRIUNITS","TOT","1000000HAB","A","2004",2.57,
"HUN","MRIUNITS","TOT","1000000HAB","A","2005",2.58,
"HUN","MRIUNITS","TOT","1000000HAB","A","2006",2.58,
"HUN","MRIUNITS","TOT","1000000HAB","A","2007",2.78,
"HUN","MRIUNITS","TOT","1000000HAB","A","2008",2.79,
"HUN","MRIUNITS","TOT","1000000HAB","A","2009",2.79,
"HUN","MRIUNITS","TOT","1000000HAB","A","2010",3,
"HUN","MRIUNITS","TOT","1000000HAB","A","2011",3.01,
"HUN","MRIUNITS","TOT","1000000HAB","A","2012",2.82,
"HUN","MRIUNITS","TOT","1000000HAB","A","2013",3.03,
"HUN","MRIUNITS","TOT","1000000HAB","A","2014",3.14,
"HUN","MRIUNITS","TOT","1000000HAB","A","2015",3.56,
"ISL","MRIUNITS","TOT","1000000HAB","A","1990",3.92,
"ISL","MRIUNITS","TOT","1000000HAB","A","1991",3.88,
"ISL","MRIUNITS","TOT","1000000HAB","A","1992",3.83,
"ISL","MRIUNITS","TOT","1000000HAB","A","1993",3.79,
"ISL","MRIUNITS","TOT","1000000HAB","A","1994",3.76,
"ISL","MRIUNITS","TOT","1000000HAB","A","1995",7.48,
"ISL","MRIUNITS","TOT","1000000HAB","A","1996",7.44,
"ISL","MRIUNITS","TOT","1000000HAB","A","1997",7.38,
"ISL","MRIUNITS","TOT","1000000HAB","A","1998",7.3,
"ISL","MRIUNITS","TOT","1000000HAB","A","1999",7.21,
"ISL","MRIUNITS","TOT","1000000HAB","A","2000",10.67,
"ISL","MRIUNITS","TOT","1000000HAB","A","2001",14.04,
"ISL","MRIUNITS","TOT","1000000HAB","A","2002",17.39,
"ISL","MRIUNITS","TOT","1000000HAB","A","2003",17.27,
"ISL","MRIUNITS","TOT","1000000HAB","A","2004",20.54,
"ISL","MRIUNITS","TOT","1000000HAB","A","2005",20.22,
"ISL","MRIUNITS","TOT","1000000HAB","A","2006",19.75,
"ISL","MRIUNITS","TOT","1000000HAB","A","2007",19.26,
"ISL","MRIUNITS","TOT","1000000HAB","A","2008",18.9,
"ISL","MRIUNITS","TOT","1000000HAB","A","2009",21.98,
"ISL","MRIUNITS","TOT","1000000HAB","A","2010",22.01,
"ISL","MRIUNITS","TOT","1000000HAB","A","2011",21.94,
"ISL","MRIUNITS","TOT","1000000HAB","A","2012",21.83,
"ISL","MRIUNITS","TOT","1000000HAB","A","2013",21.62,
"ISL","MRIUNITS","TOT","1000000HAB","A","2014",21.38,
"ISL","MRIUNITS","TOT","1000000HAB","A","2015",21.16,
"ISL","MRIUNITS","TOT","1000000HAB","A","2016",21.05,
"ISL","MRIUNITS","INAMBULATORY","1000000HAB","A","2000",7.11,
"ISL","MRIUNITS","INAMBULATORY","1000000HAB","A","2001",7.02,
"ISL","MRIUNITS","INAMBULATORY","1000000HAB","A","2002",10.43,
"ISL","MRIUNITS","INAMBULATORY","1000000HAB","A","2003",10.36,
"ISL","MRIUNITS","INAMBULATORY","1000000HAB","A","2004",10.27,
"ISL","MRIUNITS","INAMBULATORY","1000000HAB","A","2005",10.11,
"ISL","MRIUNITS","INAMBULATORY","1000000HAB","A","2006",9.88,
"ISL","MRIUNITS","INAMBULATORY","1000000HAB","A","2007",9.63,
"ISL","MRIUNITS","INAMBULATORY","1000000HAB","A","2008",9.45,
"ISL","MRIUNITS","INAMBULATORY","1000000HAB","A","2009",9.42,
"ISL","MRIUNITS","INAMBULATORY","1000000HAB","A","2010",9.43,
"ISL","MRIUNITS","INAMBULATORY","1000000HAB","A","2011",12.54,
"ISL","MRIUNITS","INAMBULATORY","1000000HAB","A","2012",12.47,
"ISL","MRIUNITS","INAMBULATORY","1000000HAB","A","2013",12.35,
"ISL","MRIUNITS","INAMBULATORY","1000000HAB","A","2014",12.22,
"ISL","MRIUNITS","INAMBULATORY","1000000HAB","A","2015",12.09,
"ISL","MRIUNITS","INAMBULATORY","1000000HAB","A","2016",12.03,
"ISL","MRIUNITS","INHOSPITAL","1000000HAB","A","2000",3.56,
"ISL","MRIUNITS","INHOSPITAL","1000000HAB","A","2001",7.02,
"ISL","MRIUNITS","INHOSPITAL","1000000HAB","A","2002",6.96,
"ISL","MRIUNITS","INHOSPITAL","1000000HAB","A","2003",6.91,
"ISL","MRIUNITS","INHOSPITAL","1000000HAB","A","2004",10.27,
"ISL","MRIUNITS","INHOSPITAL","1000000HAB","A","2005",10.11,
"ISL","MRIUNITS","INHOSPITAL","1000000HAB","A","2006",9.88,
"ISL","MRIUNITS","INHOSPITAL","1000000HAB","A","2007",9.63,
"ISL","MRIUNITS","INHOSPITAL","1000000HAB","A","2008",9.45,
"ISL","MRIUNITS","INHOSPITAL","1000000HAB","A","2009",12.56,
"ISL","MRIUNITS","INHOSPITAL","1000000HAB","A","2010",12.58,
"ISL","MRIUNITS","INHOSPITAL","1000000HAB","A","2011",9.4,
"ISL","MRIUNITS","INHOSPITAL","1000000HAB","A","2012",9.35,
"ISL","MRIUNITS","INHOSPITAL","1000000HAB","A","2013",9.27,
"ISL","MRIUNITS","INHOSPITAL","1000000HAB","A","2014",9.16,
"ISL","MRIUNITS","INHOSPITAL","1000000HAB","A","2015",9.07,
"ISL","MRIUNITS","INHOSPITAL","1000000HAB","A","2016",9.02,
"IRL","MRIUNITS","TOT","1000000HAB","A","2006",7.96,
"IRL","MRIUNITS","TOT","1000000HAB","A","2007",8.41,
"IRL","MRIUNITS","TOT","1000000HAB","A","2008",8.91,
"IRL","MRIUNITS","TOT","1000000HAB","A","2009",11.69,"B"
"IRL","MRIUNITS","TOT","1000000HAB","A","2010",12.28,
"IRL","MRIUNITS","TOT","1000000HAB","A","2011",13.11,
"IRL","MRIUNITS","TOT","1000000HAB","A","2012",12.43,
"IRL","MRIUNITS","TOT","1000000HAB","A","2013",13.27,
"IRL","MRIUNITS","TOT","1000000HAB","A","2014",13.43,
"IRL","MRIUNITS","TOT","1000000HAB","A","2015",14.11,
"IRL","MRIUNITS","TOT","1000000HAB","A","2016",14.82,
"IRL","MRIUNITS","INAMBULATORY","1000000HAB","A","2009",3.31,
"IRL","MRIUNITS","INAMBULATORY","1000000HAB","A","2010",3.29,
"IRL","MRIUNITS","INAMBULATORY","1000000HAB","A","2011",3.28,
"IRL","MRIUNITS","INAMBULATORY","1000000HAB","A","2012",2.62,
"IRL","MRIUNITS","INAMBULATORY","1000000HAB","A","2013",3.48,
"IRL","MRIUNITS","INAMBULATORY","1000000HAB","A","2014",2.82,
"IRL","MRIUNITS","INAMBULATORY","1000000HAB","A","2015",2.57,
"IRL","MRIUNITS","INAMBULATORY","1000000HAB","A","2016",2.75,
"IRL","MRIUNITS","INHOSPITAL","1000000HAB","A","2009",8.38,
"IRL","MRIUNITS","INHOSPITAL","1000000HAB","A","2010",8.99,
"IRL","MRIUNITS","INHOSPITAL","1000000HAB","A","2011",9.83,
"IRL","MRIUNITS","INHOSPITAL","1000000HAB","A","2012",9.81,
"IRL","MRIUNITS","INHOSPITAL","1000000HAB","A","2013",9.79,
"IRL","MRIUNITS","INHOSPITAL","1000000HAB","A","2014",10.61,
"IRL","MRIUNITS","INHOSPITAL","1000000HAB","A","2015",11.55,
"IRL","MRIUNITS","INHOSPITAL","1000000HAB","A","2016",12.06,
"ITA","MRIUNITS","TOT","1000000HAB","A","1997",4.11,
"ITA","MRIUNITS","TOT","1000000HAB","A","1998",5.82,
"ITA","MRIUNITS","TOT","1000000HAB","A","1999",6.25,
"ITA","MRIUNITS","TOT","1000000HAB","A","2000",7.76,
"ITA","MRIUNITS","TOT","1000000HAB","A","2001",9.07,
"ITA","MRIUNITS","TOT","1000000HAB","A","2002",10.85,
"ITA","MRIUNITS","TOT","1000000HAB","A","2003",11.9,
"ITA","MRIUNITS","TOT","1000000HAB","A","2004",14.09,
"ITA","MRIUNITS","TOT","1000000HAB","A","2005",15.01,
"ITA","MRIUNITS","TOT","1000000HAB","A","2006",16.96,
"ITA","MRIUNITS","TOT","1000000HAB","A","2007",18.77,
"ITA","MRIUNITS","TOT","1000000HAB","A","2008",20.06,
"ITA","MRIUNITS","TOT","1000000HAB","A","2009",21.59,
"ITA","MRIUNITS","TOT","1000000HAB","A","2010",22.47,
"ITA","MRIUNITS","TOT","1000000HAB","A","2011",24.17,
"ITA","MRIUNITS","TOT","1000000HAB","A","2012",24.62,
"ITA","MRIUNITS","TOT","1000000HAB","A","2013",25.2,
"ITA","MRIUNITS","TOT","1000000HAB","A","2014",26.19,
"ITA","MRIUNITS","TOT","1000000HAB","A","2015",28.24,
"ITA","MRIUNITS","INAMBULATORY","1000000HAB","A","1997",0.63,
"ITA","MRIUNITS","INAMBULATORY","1000000HAB","A","1998",1.11,
"ITA","MRIUNITS","INAMBULATORY","1000000HAB","A","1999",0.81,
"ITA","MRIUNITS","INAMBULATORY","1000000HAB","A","2000",1.65,
"ITA","MRIUNITS","INAMBULATORY","1000000HAB","A","2001",2.12,
"ITA","MRIUNITS","INAMBULATORY","1000000HAB","A","2002",2.38,
"ITA","MRIUNITS","INAMBULATORY","1000000HAB","A","2003",3,
"ITA","MRIUNITS","INAMBULATORY","1000000HAB","A","2004",3.71,
"ITA","MRIUNITS","INAMBULATORY","1000000HAB","A","2005",4.02,
"ITA","MRIUNITS","INAMBULATORY","1000000HAB","A","2006",4.78,
"ITA","MRIUNITS","INAMBULATORY","1000000HAB","A","2007",6.28,
"ITA","MRIUNITS","INAMBULATORY","1000000HAB","A","2008",6.88,
"ITA","MRIUNITS","INAMBULATORY","1000000HAB","A","2009",7.67,
"ITA","MRIUNITS","INAMBULATORY","1000000HAB","A","2010",8.03,
"ITA","MRIUNITS","INAMBULATORY","1000000HAB","A","2011",8.62,
"ITA","MRIUNITS","INAMBULATORY","1000000HAB","A","2012",8.92,
"ITA","MRIUNITS","INAMBULATORY","1000000HAB","A","2013",9.16,
"ITA","MRIUNITS","INAMBULATORY","1000000HAB","A","2014",9.95,
"ITA","MRIUNITS","INAMBULATORY","1000000HAB","A","2015",10.9,
"ITA","MRIUNITS","INHOSPITAL","1000000HAB","A","1997",3.48,
"ITA","MRIUNITS","INHOSPITAL","1000000HAB","A","1998",4.71,
"ITA","MRIUNITS","INHOSPITAL","1000000HAB","A","1999",5.45,
"ITA","MRIUNITS","INHOSPITAL","1000000HAB","A","2000",6.11,
"ITA","MRIUNITS","INHOSPITAL","1000000HAB","A","2001",6.95,
"ITA","MRIUNITS","INHOSPITAL","1000000HAB","A","2002",8.46,
"ITA","MRIUNITS","INHOSPITAL","1000000HAB","A","2003",8.9,
"ITA","MRIUNITS","INHOSPITAL","1000000HAB","A","2004",10.38,
"ITA","MRIUNITS","INHOSPITAL","1000000HAB","A","2005",10.99,
"ITA","MRIUNITS","INHOSPITAL","1000000HAB","A","2006",12.18,
"ITA","MRIUNITS","INHOSPITAL","1000000HAB","A","2007",12.49,
"ITA","MRIUNITS","INHOSPITAL","1000000HAB","A","2008",13.17,
"ITA","MRIUNITS","INHOSPITAL","1000000HAB","A","2009",13.93,
"ITA","MRIUNITS","INHOSPITAL","1000000HAB","A","2010",14.44,
"ITA","MRIUNITS","INHOSPITAL","1000000HAB","A","2011",15.54,
"ITA","MRIUNITS","INHOSPITAL","1000000HAB","A","2012",15.7,
"ITA","MRIUNITS","INHOSPITAL","1000000HAB","A","2013",16.04,
"ITA","MRIUNITS","INHOSPITAL","1000000HAB","A","2014",16.24,
"ITA","MRIUNITS","INHOSPITAL","1000000HAB","A","2015",17.34,
"JPN","MRIUNITS","TOT","1000000HAB","A","1990",6.12,
"JPN","MRIUNITS","TOT","1000000HAB","A","1993",12.48,
"JPN","MRIUNITS","TOT","1000000HAB","A","1996",18.75,
"JPN","MRIUNITS","TOT","1000000HAB","A","1999",23.19,
"JPN","MRIUNITS","TOT","1000000HAB","A","2002",35.32,"B"
"JPN","MRIUNITS","TOT","1000000HAB","A","2005",40.14,
"JPN","MRIUNITS","TOT","1000000HAB","A","2008",42.96,
"JPN","MRIUNITS","TOT","1000000HAB","A","2011",46.86,
"JPN","MRIUNITS","TOT","1000000HAB","A","2014",51.69,
"KOR","MRIUNITS","TOT","1000000HAB","A","1992",1.39,
"KOR","MRIUNITS","TOT","1000000HAB","A","1993",1.81,
"KOR","MRIUNITS","TOT","1000000HAB","A","1994",2.87,
"KOR","MRIUNITS","TOT","1000000HAB","A","1995",3.86,
"KOR","MRIUNITS","TOT","1000000HAB","A","1996",4.7,
"KOR","MRIUNITS","TOT","1000000HAB","A","1997",5.14,
"KOR","MRIUNITS","TOT","1000000HAB","A","2000",5.4,
"KOR","MRIUNITS","TOT","1000000HAB","A","2001",6.8,
"KOR","MRIUNITS","TOT","1000000HAB","A","2002",7.85,
"KOR","MRIUNITS","TOT","1000000HAB","A","2003",8.98,
"KOR","MRIUNITS","TOT","1000000HAB","A","2004",11.04,
"KOR","MRIUNITS","TOT","1000000HAB","A","2005",12.12,
"KOR","MRIUNITS","TOT","1000000HAB","A","2006",13.56,
"KOR","MRIUNITS","TOT","1000000HAB","A","2007",15.96,
"KOR","MRIUNITS","TOT","1000000HAB","A","2008",17.43,
"KOR","MRIUNITS","TOT","1000000HAB","A","2009",18.74,
"KOR","MRIUNITS","TOT","1000000HAB","A","2010",19.88,
"KOR","MRIUNITS","TOT","1000000HAB","A","2011",21.27,
"KOR","MRIUNITS","TOT","1000000HAB","A","2012",23.37,
"KOR","MRIUNITS","TOT","1000000HAB","A","2013",24.35,
"KOR","MRIUNITS","TOT","1000000HAB","A","2014",25.5,
"KOR","MRIUNITS","TOT","1000000HAB","A","2015",26.27,
"KOR","MRIUNITS","TOT","1000000HAB","A","2016",27.81,"P"
"KOR","MRIUNITS","INAMBULATORY","1000000HAB","A","2008",3.1,
"KOR","MRIUNITS","INAMBULATORY","1000000HAB","A","2009",3.33,
"KOR","MRIUNITS","INAMBULATORY","1000000HAB","A","2010",3.45,
"KOR","MRIUNITS","INAMBULATORY","1000000HAB","A","2011",3.82,
"KOR","MRIUNITS","INAMBULATORY","1000000HAB","A","2012",4.02,
"KOR","MRIUNITS","INAMBULATORY","1000000HAB","A","2013",3.95,
"KOR","MRIUNITS","INAMBULATORY","1000000HAB","A","2014",4.16,
"KOR","MRIUNITS","INAMBULATORY","1000000HAB","A","2015",4.25,
"KOR","MRIUNITS","INAMBULATORY","1000000HAB","A","2016",4.47,"P"
"KOR","MRIUNITS","INHOSPITAL","1000000HAB","A","2008",14.33,
"KOR","MRIUNITS","INHOSPITAL","1000000HAB","A","2009",15.41,
"KOR","MRIUNITS","INHOSPITAL","1000000HAB","A","2010",16.43,
"KOR","MRIUNITS","INHOSPITAL","1000000HAB","A","2011",17.44,
"KOR","MRIUNITS","INHOSPITAL","1000000HAB","A","2012",19.34,
"KOR","MRIUNITS","INHOSPITAL","1000000HAB","A","2013",20.4,
"KOR","MRIUNITS","INHOSPITAL","1000000HAB","A","2014",21.34,
"KOR","MRIUNITS","INHOSPITAL","1000000HAB","A","2015",22.01,
"KOR","MRIUNITS","INHOSPITAL","1000000HAB","A","2016",23.34,"P"
"LUX","MRIUNITS","TOT","1000000HAB","A","1990",2.62,
"LUX","MRIUNITS","TOT","1000000HAB","A","1991",2.58,
"LUX","MRIUNITS","TOT","1000000HAB","A","1992",2.55,
"LUX","MRIUNITS","TOT","1000000HAB","A","1993",2.52,
"LUX","MRIUNITS","TOT","1000000HAB","A","1994",2.48,
"LUX","MRIUNITS","TOT","1000000HAB","A","1995",2.45,
"LUX","MRIUNITS","TOT","1000000HAB","A","1996",2.41,
"LUX","MRIUNITS","TOT","1000000HAB","A","1997",2.38,
"LUX","MRIUNITS","TOT","1000000HAB","A","1998",2.35,
"LUX","MRIUNITS","TOT","1000000HAB","A","1999",2.32,
"LUX","MRIUNITS","TOT","1000000HAB","A","2000",2.29,
"LUX","MRIUNITS","TOT","1000000HAB","A","2001",2.26,
"LUX","MRIUNITS","TOT","1000000HAB","A","2002",4.48,
"LUX","MRIUNITS","TOT","1000000HAB","A","2003",11.07,
"LUX","MRIUNITS","TOT","1000000HAB","A","2004",10.91,
"LUX","MRIUNITS","TOT","1000000HAB","A","2005",10.75,
"LUX","MRIUNITS","TOT","1000000HAB","A","2006",10.58,
"LUX","MRIUNITS","TOT","1000000HAB","A","2007",10.42,
"LUX","MRIUNITS","TOT","1000000HAB","A","2008",12.28,
"LUX","MRIUNITS","TOT","1000000HAB","A","2009",14.06,
"LUX","MRIUNITS","TOT","1000000HAB","A","2010",13.81,
"LUX","MRIUNITS","TOT","1000000HAB","A","2011",13.5,
"LUX","MRIUNITS","TOT","1000000HAB","A","2012",13.18,
"LUX","MRIUNITS","TOT","1000000HAB","A","2013",12.88,
"LUX","MRIUNITS","TOT","1000000HAB","A","2014",12.58,
"LUX","MRIUNITS","TOT","1000000HAB","A","2015",12.29,
"LUX","MRIUNITS","TOT","1000000HAB","A","2016",12.15,
"LUX","MRIUNITS","INAMBULATORY","1000000HAB","A","2005",0,
"LUX","MRIUNITS","INAMBULATORY","1000000HAB","A","2006",0,
"LUX","MRIUNITS","INAMBULATORY","1000000HAB","A","2007",0,
"LUX","MRIUNITS","INAMBULATORY","1000000HAB","A","2008",0,
"LUX","MRIUNITS","INAMBULATORY","1000000HAB","A","2009",0,
"LUX","MRIUNITS","INAMBULATORY","1000000HAB","A","2010",0,
"LUX","MRIUNITS","INAMBULATORY","1000000HAB","A","2011",0,
"LUX","MRIUNITS","INAMBULATORY","1000000HAB","A","2012",0,
"LUX","MRIUNITS","INAMBULATORY","1000000HAB","A","2013",0,
"LUX","MRIUNITS","INAMBULATORY","1000000HAB","A","2014",0,
"LUX","MRIUNITS","INAMBULATORY","1000000HAB","A","2015",0,
"LUX","MRIUNITS","INAMBULATORY","1000000HAB","A","2016",0,
"LUX","MRIUNITS","INHOSPITAL","1000000HAB","A","2005",10.75,
"LUX","MRIUNITS","INHOSPITAL","1000000HAB","A","2006",10.58,
"LUX","MRIUNITS","INHOSPITAL","1000000HAB","A","2007",10.42,
"LUX","MRIUNITS","INHOSPITAL","1000000HAB","A","2008",12.28,
"LUX","MRIUNITS","INHOSPITAL","1000000HAB","A","2009",14.06,
"LUX","MRIUNITS","INHOSPITAL","1000000HAB","A","2010",13.81,
"LUX","MRIUNITS","INHOSPITAL","1000000HAB","A","2011",13.5,
"LUX","MRIUNITS","INHOSPITAL","1000000HAB","A","2012",13.18,
"LUX","MRIUNITS","INHOSPITAL","1000000HAB","A","2013",12.88,
"LUX","MRIUNITS","INHOSPITAL","1000000HAB","A","2014",12.58,
"LUX","MRIUNITS","INHOSPITAL","1000000HAB","A","2015",12.29,
"LUX","MRIUNITS","INHOSPITAL","1000000HAB","A","2016",12.15,
"MEX","MRIUNITS","TOT","1000000HAB","A","2001",1.08,
"MEX","MRIUNITS","TOT","1000000HAB","A","2002",1.19,
"MEX","MRIUNITS","TOT","1000000HAB","A","2003",1.32,
"MEX","MRIUNITS","TOT","1000000HAB","A","2004",1.27,
"MEX","MRIUNITS","TOT","1000000HAB","A","2005",1.33,
"MEX","MRIUNITS","TOT","1000000HAB","A","2006",1.38,
"MEX","MRIUNITS","TOT","1000000HAB","A","2007",1.67,
"MEX","MRIUNITS","TOT","1000000HAB","A","2008",1.62,
"MEX","MRIUNITS","TOT","1000000HAB","A","2009",1.85,
"MEX","MRIUNITS","TOT","1000000HAB","A","2010",1.9,
"MEX","MRIUNITS","TOT","1000000HAB","A","2011",1.95,
"MEX","MRIUNITS","TOT","1000000HAB","A","2012",2.17,
"MEX","MRIUNITS","TOT","1000000HAB","A","2013",2.07,
"MEX","MRIUNITS","TOT","1000000HAB","A","2014",2.25,
"MEX","MRIUNITS","TOT","1000000HAB","A","2015",2.39,
"NLD","MRIUNITS","TOT","1000000HAB","A","1986",0.14,
"NLD","MRIUNITS","TOT","1000000HAB","A","1988",0.34,
"NLD","MRIUNITS","TOT","1000000HAB","A","1990",0.87,
"NLD","MRIUNITS","TOT","1000000HAB","A","1991",1.33,
"NLD","MRIUNITS","TOT","1000000HAB","A","1992",1.78,
"NLD","MRIUNITS","TOT","1000000HAB","A","1993",2.49,
"NLD","MRIUNITS","TOT","1000000HAB","A","1995",3.88,
"NLD","MRIUNITS","TOT","1000000HAB","A","2004",6.2,
"NLD","MRIUNITS","TOT","1000000HAB","A","2005",6.56,
"NLD","MRIUNITS","TOT","1000000HAB","A","2006",7.83,
"NLD","MRIUNITS","TOT","1000000HAB","A","2007",7.63,
"NLD","MRIUNITS","TOT","1000000HAB","A","2008",10.4,
"NLD","MRIUNITS","TOT","1000000HAB","A","2009",10.95,
"NLD","MRIUNITS","TOT","1000000HAB","A","2010",12.22,
"NLD","MRIUNITS","TOT","1000000HAB","A","2011",12.88,
"NLD","MRIUNITS","TOT","1000000HAB","A","2012",11.82,
"NLD","MRIUNITS","TOT","1000000HAB","A","2013",11.49,
"NLD","MRIUNITS","TOT","1000000HAB","A","2014",12.87,
"NLD","MRIUNITS","TOT","1000000HAB","A","2015",12.51,
"NLD","MRIUNITS","INAMBULATORY","1000000HAB","A","2008",0.3,
"NLD","MRIUNITS","INAMBULATORY","1000000HAB","A","2009",0.24,
"NLD","MRIUNITS","INAMBULATORY","1000000HAB","A","2010",0.66,
"NLD","MRIUNITS","INAMBULATORY","1000000HAB","A","2011",0.84,
"NLD","MRIUNITS","INAMBULATORY","1000000HAB","A","2012",0.84,
"NLD","MRIUNITS","INAMBULATORY","1000000HAB","A","2013",0.83,
"NLD","MRIUNITS","INAMBULATORY","1000000HAB","A","2014",0.89,
"NLD","MRIUNITS","INAMBULATORY","1000000HAB","A","2015",0.94,
"NLD","MRIUNITS","INHOSPITAL","1000000HAB","A","2004",6.2,
"NLD","MRIUNITS","INHOSPITAL","1000000HAB","A","2005",6.56,
"NLD","MRIUNITS","INHOSPITAL","1000000HAB","A","2006",7.83,
"NLD","MRIUNITS","INHOSPITAL","1000000HAB","A","2007",7.63,
"NLD","MRIUNITS","INHOSPITAL","1000000HAB","A","2008",10.09,
"NLD","MRIUNITS","INHOSPITAL","1000000HAB","A","2009",10.71,
"NLD","MRIUNITS","INHOSPITAL","1000000HAB","A","2010",11.56,
"NLD","MRIUNITS","INHOSPITAL","1000000HAB","A","2011",12.04,
"NLD","MRIUNITS","INHOSPITAL","1000000HAB","A","2012",10.98,
"NLD","MRIUNITS","INHOSPITAL","1000000HAB","A","2013",10.65,
"NLD","MRIUNITS","INHOSPITAL","1000000HAB","A","2014",11.98,
"NLD","MRIUNITS","INHOSPITAL","1000000HAB","A","2015",11.57,
"NZL","MRIUNITS","TOT","1000000HAB","A","1996",2.68,
"NZL","MRIUNITS","TOT","1000000HAB","A","1997",2.64,
"NZL","MRIUNITS","TOT","1000000HAB","A","1998",2.62,
"NZL","MRIUNITS","TOT","1000000HAB","A","2003",3.72,
"NZL","MRIUNITS","TOT","1000000HAB","A","2007",8.76,
"NZL","MRIUNITS","TOT","1000000HAB","A","2008",9.62,
"NZL","MRIUNITS","TOT","1000000HAB","A","2009",9.76,
"NZL","MRIUNITS","TOT","1000000HAB","A","2010",10.57,
"NZL","MRIUNITS","TOT","1000000HAB","A","2011",11.18,
"NZL","MRIUNITS","TOT","1000000HAB","A","2012",11.12,
"NZL","MRIUNITS","TOT","1000000HAB","A","2013",11.26,
"NZL","MRIUNITS","TOT","1000000HAB","A","2015",13.27,
"NZL","MRIUNITS","TOT","1000000HAB","A","2016",13.85,
"POL","MRIUNITS","TOT","1000000HAB","A","2002",0.94,
"POL","MRIUNITS","TOT","1000000HAB","A","2003",1.02,
"POL","MRIUNITS","TOT","1000000HAB","A","2004",1.91,
"POL","MRIUNITS","TOT","1000000HAB","A","2005",2.02,
"POL","MRIUNITS","TOT","1000000HAB","A","2006",1.94,
"POL","MRIUNITS","TOT","1000000HAB","A","2007",2.7,
"POL","MRIUNITS","TOT","1000000HAB","A","2008",2.94,
"POL","MRIUNITS","TOT","1000000HAB","A","2009",3.7,
"POL","MRIUNITS","TOT","1000000HAB","A","2010",4.71,
"POL","MRIUNITS","TOT","1000000HAB","A","2011",4.83,
"POL","MRIUNITS","TOT","1000000HAB","A","2012",5.49,
"POL","MRIUNITS","TOT","1000000HAB","A","2013",6.78,
"POL","MRIUNITS","TOT","1000000HAB","A","2014",6.6,"B"
"POL","MRIUNITS","TOT","1000000HAB","A","2015",7.63,
"POL","MRIUNITS","INAMBULATORY","1000000HAB","A","2011",1.71,
"POL","MRIUNITS","INAMBULATORY","1000000HAB","A","2012",1.94,
"POL","MRIUNITS","INAMBULATORY","1000000HAB","A","2013",2.73,
"POL","MRIUNITS","INAMBULATORY","1000000HAB","A","2014",2.26,"B"
"POL","MRIUNITS","INAMBULATORY","1000000HAB","A","2015",2.74,
"POL","MRIUNITS","INHOSPITAL","1000000HAB","A","2011",3.13,
"POL","MRIUNITS","INHOSPITAL","1000000HAB","A","2012",3.55,
"POL","MRIUNITS","INHOSPITAL","1000000HAB","A","2013",4.05,
"POL","MRIUNITS","INHOSPITAL","1000000HAB","A","2014",4.34,"B"
"POL","MRIUNITS","INHOSPITAL","1000000HAB","A","2015",4.9,
"PRT","MRIUNITS","TOT","1000000HAB","A","2006",5.8,
"PRT","MRIUNITS","TOT","1000000HAB","A","2007",8.92,
"PRT","MRIUNITS","TOT","1000000HAB","A","2008",9.28,
"PRT","MRIUNITS","INAMBULATORY","1000000HAB","A","2006",2.85,
"PRT","MRIUNITS","INAMBULATORY","1000000HAB","A","2007",5.69,
"PRT","MRIUNITS","INAMBULATORY","1000000HAB","A","2008",5.3,
"PRT","MRIUNITS","INHOSPITAL","1000000HAB","A","1999",1.96,
"PRT","MRIUNITS","INHOSPITAL","1000000HAB","A","2000",2.14,
"PRT","MRIUNITS","INHOSPITAL","1000000HAB","A","2001",2.22,
"PRT","MRIUNITS","INHOSPITAL","1000000HAB","A","2002",2.59,
"PRT","MRIUNITS","INHOSPITAL","1000000HAB","A","2003",2.58,
"PRT","MRIUNITS","INHOSPITAL","1000000HAB","A","2004",2.58,
"PRT","MRIUNITS","INHOSPITAL","1000000HAB","A","2005",2.76,
"PRT","MRIUNITS","INHOSPITAL","1000000HAB","A","2006",2.95,
"PRT","MRIUNITS","INHOSPITAL","1000000HAB","A","2007",3.22,
"PRT","MRIUNITS","INHOSPITAL","1000000HAB","A","2008",3.98,
"PRT","MRIUNITS","INHOSPITAL","1000000HAB","A","2009",4.35,
"PRT","MRIUNITS","INHOSPITAL","1000000HAB","A","2010",5.58,
"PRT","MRIUNITS","INHOSPITAL","1000000HAB","A","2011",6.06,
"PRT","MRIUNITS","INHOSPITAL","1000000HAB","A","2012",6.37,
"PRT","MRIUNITS","INHOSPITAL","1000000HAB","A","2013",6.5,
"PRT","MRIUNITS","INHOSPITAL","1000000HAB","A","2014",7.11,
"PRT","MRIUNITS","INHOSPITAL","1000000HAB","A","2015",7.24,"E"
"SVK","MRIUNITS","TOT","1000000HAB","A","2000",1.11,
"SVK","MRIUNITS","TOT","1000000HAB","A","2001",1.3,
"SVK","MRIUNITS","TOT","1000000HAB","A","2002",2.05,
"SVK","MRIUNITS","TOT","1000000HAB","A","2003",2.05,
"SVK","MRIUNITS","TOT","1000000HAB","A","2004",3.72,
"SVK","MRIUNITS","TOT","1000000HAB","A","2005",4.28,
"SVK","MRIUNITS","TOT","1000000HAB","A","2006",4.47,
"SVK","MRIUNITS","TOT","1000000HAB","A","2007",5.77,
"SVK","MRIUNITS","TOT","1000000HAB","A","2008",6.13,
"SVK","MRIUNITS","TOT","1000000HAB","A","2009",6.13,
"SVK","MRIUNITS","TOT","1000000HAB","A","2010",6.86,
"SVK","MRIUNITS","TOT","1000000HAB","A","2011",7.04,
"SVK","MRIUNITS","TOT","1000000HAB","A","2012",6.29,
"SVK","MRIUNITS","TOT","1000000HAB","A","2013",6.65,
"SVK","MRIUNITS","TOT","1000000HAB","A","2014",8.3,
"SVK","MRIUNITS","TOT","1000000HAB","A","2015",8.85,
"SVK","MRIUNITS","INAMBULATORY","1000000HAB","A","2000",0.19,
"SVK","MRIUNITS","INAMBULATORY","1000000HAB","A","2001",0.19,
"SVK","MRIUNITS","INAMBULATORY","1000000HAB","A","2002",0.74,
"SVK","MRIUNITS","INAMBULATORY","1000000HAB","A","2003",0.56,
"SVK","MRIUNITS","INAMBULATORY","1000000HAB","A","2004",0,
"SVK","MRIUNITS","INAMBULATORY","1000000HAB","A","2005",0,
"SVK","MRIUNITS","INAMBULATORY","1000000HAB","A","2006",0,
"SVK","MRIUNITS","INAMBULATORY","1000000HAB","A","2007",2.6,
"SVK","MRIUNITS","INAMBULATORY","1000000HAB","A","2008",2.79,
"SVK","MRIUNITS","INAMBULATORY","1000000HAB","A","2009",2.97,
"SVK","MRIUNITS","INAMBULATORY","1000000HAB","A","2010",3.15,
"SVK","MRIUNITS","INAMBULATORY","1000000HAB","A","2011",3.33,
"SVK","MRIUNITS","INAMBULATORY","1000000HAB","A","2012",2.77,
"SVK","MRIUNITS","INAMBULATORY","1000000HAB","A","2013",3.14,
"SVK","MRIUNITS","INAMBULATORY","1000000HAB","A","2014",5.17,
"SVK","MRIUNITS","INAMBULATORY","1000000HAB","A","2015",5.35,
"SVK","MRIUNITS","INHOSPITAL","1000000HAB","A","2000",0.93,
"SVK","MRIUNITS","INHOSPITAL","1000000HAB","A","2001",1.12,
"SVK","MRIUNITS","INHOSPITAL","1000000HAB","A","2002",1.3,
"SVK","MRIUNITS","INHOSPITAL","1000000HAB","A","2003",1.49,
"SVK","MRIUNITS","INHOSPITAL","1000000HAB","A","2004",3.72,
"SVK","MRIUNITS","INHOSPITAL","1000000HAB","A","2005",4.28,
"SVK","MRIUNITS","INHOSPITAL","1000000HAB","A","2006",4.47,
"SVK","MRIUNITS","INHOSPITAL","1000000HAB","A","2007",3.16,
"SVK","MRIUNITS","INHOSPITAL","1000000HAB","A","2008",3.35,
"SVK","MRIUNITS","INHOSPITAL","1000000HAB","A","2009",3.16,
"SVK","MRIUNITS","INHOSPITAL","1000000HAB","A","2010",3.71,
"SVK","MRIUNITS","INHOSPITAL","1000000HAB","A","2011",3.7,
"SVK","MRIUNITS","INHOSPITAL","1000000HAB","A","2012",3.51,
"SVK","MRIUNITS","INHOSPITAL","1000000HAB","A","2013",3.51,
"SVK","MRIUNITS","INHOSPITAL","1000000HAB","A","2014",3.14,
"SVK","MRIUNITS","INHOSPITAL","1000000HAB","A","2015",3.5,
"ESP","MRIUNITS","TOT","1000000HAB","A","2010",11.98,
"ESP","MRIUNITS","TOT","1000000HAB","A","2011",13.76,
"ESP","MRIUNITS","TOT","1000000HAB","A","2012",14.77,
"ESP","MRIUNITS","TOT","1000000HAB","A","2013",15.34,
"ESP","MRIUNITS","TOT","1000000HAB","A","2014",15.51,
"ESP","MRIUNITS","TOT","1000000HAB","A","2015",15.87,
"ESP","MRIUNITS","INAMBULATORY","1000000HAB","A","2010",3.52,
"ESP","MRIUNITS","INAMBULATORY","1000000HAB","A","2011",3.92,
"ESP","MRIUNITS","INAMBULATORY","1000000HAB","A","2012",4.7,
"ESP","MRIUNITS","INAMBULATORY","1000000HAB","A","2013",4.65,
"ESP","MRIUNITS","INAMBULATORY","1000000HAB","A","2014",4.63,
"ESP","MRIUNITS","INAMBULATORY","1000000HAB","A","2015",4.54,
"ESP","MRIUNITS","INHOSPITAL","1000000HAB","A","1984",0.03,
"ESP","MRIUNITS","INHOSPITAL","1000000HAB","A","1988",0.67,
"ESP","MRIUNITS","INHOSPITAL","1000000HAB","A","1992",1.81,"B"
"ESP","MRIUNITS","INHOSPITAL","1000000HAB","A","1993",2.11,
"ESP","MRIUNITS","INHOSPITAL","1000000HAB","A","1994",2.48,
"ESP","MRIUNITS","INHOSPITAL","1000000HAB","A","1995",2.69,
"ESP","MRIUNITS","INHOSPITAL","1000000HAB","A","1996",3.11,
"ESP","MRIUNITS","INHOSPITAL","1000000HAB","A","1997",3.25,
"ESP","MRIUNITS","INHOSPITAL","1000000HAB","A","1998",3.73,
"ESP","MRIUNITS","INHOSPITAL","1000000HAB","A","1999",4.48,
"ESP","MRIUNITS","INHOSPITAL","1000000HAB","A","2000",4.78,
"ESP","MRIUNITS","INHOSPITAL","1000000HAB","A","2001",5.65,
"ESP","MRIUNITS","INHOSPITAL","1000000HAB","A","2002",6.18,
"ESP","MRIUNITS","INHOSPITAL","1000000HAB","A","2003",7.25,
"ESP","MRIUNITS","INHOSPITAL","1000000HAB","A","2004",7.64,
"ESP","MRIUNITS","INHOSPITAL","1000000HAB","A","2005",7.99,
"ESP","MRIUNITS","INHOSPITAL","1000000HAB","A","2006",8.69,
"ESP","MRIUNITS","INHOSPITAL","1000000HAB","A","2007",9.22,
"ESP","MRIUNITS","INHOSPITAL","1000000HAB","A","2008",9.53,
"ESP","MRIUNITS","INHOSPITAL","1000000HAB","A","2009",9.9,
"ESP","MRIUNITS","INHOSPITAL","1000000HAB","A","2010",8.46,"B"
"ESP","MRIUNITS","INHOSPITAL","1000000HAB","A","2011",9.84,
"ESP","MRIUNITS","INHOSPITAL","1000000HAB","A","2012",10.07,
"ESP","MRIUNITS","INHOSPITAL","1000000HAB","A","2013",10.68,
"ESP","MRIUNITS","INHOSPITAL","1000000HAB","A","2014",10.89,
"ESP","MRIUNITS","INHOSPITAL","1000000HAB","A","2015",11.32,
"CHE","MRIUNITS","INHOSPITAL","1000000HAB","A","1997",12.41,
"CHE","MRIUNITS","INHOSPITAL","1000000HAB","A","1998",13.22,
"CHE","MRIUNITS","INHOSPITAL","1000000HAB","A","1999",13.02,
"CHE","MRIUNITS","INHOSPITAL","1000000HAB","A","2000",12.94,
"CHE","MRIUNITS","INHOSPITAL","1000000HAB","A","2001",12.86,
"CHE","MRIUNITS","INHOSPITAL","1000000HAB","A","2002",14.14,
"CHE","MRIUNITS","INHOSPITAL","1000000HAB","A","2003",14.17,
"CHE","MRIUNITS","INHOSPITAL","1000000HAB","A","2004",14.34,
"CHE","MRIUNITS","INHOSPITAL","1000000HAB","A","2005",14.39,
"CHE","MRIUNITS","INHOSPITAL","1000000HAB","A","2006",14.03,
"CHE","MRIUNITS","INHOSPITAL","1000000HAB","A","2010",18.02,"B"
"CHE","MRIUNITS","INHOSPITAL","1000000HAB","A","2011",19.34,
"CHE","MRIUNITS","INHOSPITAL","1000000HAB","A","2012",20.76,
"CHE","MRIUNITS","INHOSPITAL","1000000HAB","A","2013",19.9,
"CHE","MRIUNITS","INHOSPITAL","1000000HAB","A","2014",20.88,
"CHE","MRIUNITS","INHOSPITAL","1000000HAB","A","2015",21.97,
"TUR","MRIUNITS","TOT","1000000HAB","A","2002",0.88,
"TUR","MRIUNITS","TOT","1000000HAB","A","2003",1.48,
"TUR","MRIUNITS","TOT","1000000HAB","A","2004",2.2,
"TUR","MRIUNITS","TOT","1000000HAB","A","2005",2.91,
"TUR","MRIUNITS","TOT","1000000HAB","A","2006",4.47,
"TUR","MRIUNITS","TOT","1000000HAB","A","2007",5.84,
"TUR","MRIUNITS","TOT","1000000HAB","A","2008",7.91,
"TUR","MRIUNITS","TOT","1000000HAB","A","2009",8.68,
"TUR","MRIUNITS","TOT","1000000HAB","A","2010",9.27,
"TUR","MRIUNITS","TOT","1000000HAB","A","2011",9.55,
"TUR","MRIUNITS","TOT","1000000HAB","A","2012",9.58,
"TUR","MRIUNITS","TOT","1000000HAB","A","2013",9.86,
"TUR","MRIUNITS","TOT","1000000HAB","A","2014",9.81,
"TUR","MRIUNITS","TOT","1000000HAB","A","2015",10.15,
"GBR","MRIUNITS","TOT","1000000HAB","A","2000",5.62,"E"
"GBR","MRIUNITS","TOT","1000000HAB","A","2001",6.21,"E"
"GBR","MRIUNITS","TOT","1000000HAB","A","2002",4.99,"E"
"GBR","MRIUNITS","TOT","1000000HAB","A","2003",4.54,"E"
"GBR","MRIUNITS","TOT","1000000HAB","A","2004",5,
"GBR","MRIUNITS","TOT","1000000HAB","A","2005",5.4,
"GBR","MRIUNITS","TOT","1000000HAB","A","2006",5.62,"E"
"GBR","MRIUNITS","TOT","1000000HAB","A","2008",5.5,"E"
"GBR","MRIUNITS","TOT","1000000HAB","A","2010",6.55,"E"
"GBR","MRIUNITS","TOT","1000000HAB","A","2011",6.96,"E"
"GBR","MRIUNITS","TOT","1000000HAB","A","2012",7.16,"E"
"GBR","MRIUNITS","TOT","1000000HAB","A","2013",7.2,"E"
"GBR","MRIUNITS","TOT","1000000HAB","A","2014",7.23,"E"
"USA","MRIUNITS","TOT","1000000HAB","A","1993",9.66,
"USA","MRIUNITS","TOT","1000000HAB","A","1995",10.46,
"USA","MRIUNITS","TOT","1000000HAB","A","1997",11.41,
"USA","MRIUNITS","TOT","1000000HAB","A","1999",13.19,
"USA","MRIUNITS","TOT","1000000HAB","A","2001",17.44,
"USA","MRIUNITS","TOT","1000000HAB","A","2003",19.32,
"USA","MRIUNITS","TOT","1000000HAB","A","2004",26.67,
"USA","MRIUNITS","TOT","1000000HAB","A","2006",26.58,
"USA","MRIUNITS","TOT","1000000HAB","A","2007",25.93,
"USA","MRIUNITS","TOT","1000000HAB","A","2010",31.52,
"USA","MRIUNITS","TOT","1000000HAB","A","2012",34.44,
"USA","MRIUNITS","TOT","1000000HAB","A","2013",35.48,
"USA","MRIUNITS","TOT","1000000HAB","A","2014",38.09,
"USA","MRIUNITS","TOT","1000000HAB","A","2015",39,
"USA","MRIUNITS","TOT","1000000HAB","A","2016",36.72,
"USA","MRIUNITS","INAMBULATORY","1000000HAB","A","1993",4.58,
"USA","MRIUNITS","INAMBULATORY","1000000HAB","A","1995",4.68,
"USA","MRIUNITS","INAMBULATORY","1000000HAB","A","1997",5.04,
"USA","MRIUNITS","INAMBULATORY","1000000HAB","A","1999",5.79,
"USA","MRIUNITS","INAMBULATORY","1000000HAB","A","2001",8.4,
"USA","MRIUNITS","INAMBULATORY","1000000HAB","A","2003",9.31,
"USA","MRIUNITS","INAMBULATORY","1000000HAB","A","2004",15.06,
"USA","MRIUNITS","INAMBULATORY","1000000HAB","A","2006",13.31,
"USA","MRIUNITS","INAMBULATORY","1000000HAB","A","2007",13.05,
"USA","MRIUNITS","INAMBULATORY","1000000HAB","A","2010",13.04,
"USA","MRIUNITS","INAMBULATORY","1000000HAB","A","2012",18.18,
"USA","MRIUNITS","INAMBULATORY","1000000HAB","A","2013",18.28,
"USA","MRIUNITS","INAMBULATORY","1000000HAB","A","2014",20.34,
"USA","MRIUNITS","INAMBULATORY","1000000HAB","A","2015",20.26,
"USA","MRIUNITS","INAMBULATORY","1000000HAB","A","2016",20.05,
"USA","MRIUNITS","INHOSPITAL","1000000HAB","A","1993",5.08,
"USA","MRIUNITS","INHOSPITAL","1000000HAB","A","1995",5.78,
"USA","MRIUNITS","INHOSPITAL","1000000HAB","A","1997",6.36,
"USA","MRIUNITS","INHOSPITAL","1000000HAB","A","1999",7.4,
"USA","MRIUNITS","INHOSPITAL","1000000HAB","A","2001",9.04,
"USA","MRIUNITS","INHOSPITAL","1000000HAB","A","2003",10.01,
"USA","MRIUNITS","INHOSPITAL","1000000HAB","A","2004",11.61,
"USA","MRIUNITS","INHOSPITAL","1000000HAB","A","2006",13.27,
"USA","MRIUNITS","INHOSPITAL","1000000HAB","A","2007",12.88,
"USA","MRIUNITS","INHOSPITAL","1000000HAB","A","2010",18.47,
"USA","MRIUNITS","INHOSPITAL","1000000HAB","A","2012",16.26,
"USA","MRIUNITS","INHOSPITAL","1000000HAB","A","2013",17.2,
"USA","MRIUNITS","INHOSPITAL","1000000HAB","A","2014",17.75,
"USA","MRIUNITS","INHOSPITAL","1000000HAB","A","2015",18.74,
"USA","MRIUNITS","INHOSPITAL","1000000HAB","A","2016",16.67,
"BRA","MRIUNITS","TOT","1000000HAB","A","2006",3.1,
"BRA","MRIUNITS","TOT","1000000HAB","A","2007",3.32,
"BRA","MRIUNITS","TOT","1000000HAB","A","2008",3.8,
"BRA","MRIUNITS","TOT","1000000HAB","A","2009",4.7,
"BRA","MRIUNITS","TOT","1000000HAB","A","2010",5.35,
"BRA","MRIUNITS","TOT","1000000HAB","A","2011",6.01,
"BRA","MRIUNITS","TOT","1000000HAB","A","2012",6.76,
"CHL","MRIUNITS","TOT","1000000HAB","A","2011",4.11,
"CHL","MRIUNITS","TOT","1000000HAB","A","2012",4.41,
"CHL","MRIUNITS","TOT","1000000HAB","A","2013",6.58,"B"
"CHL","MRIUNITS","TOT","1000000HAB","A","2014",9.43,
"CHL","MRIUNITS","INAMBULATORY","1000000HAB","A","2011",2.32,
"CHL","MRIUNITS","INAMBULATORY","1000000HAB","A","2012",2.46,
"CHL","MRIUNITS","INAMBULATORY","1000000HAB","A","2013",2.84,"B"
"CHL","MRIUNITS","INHOSPITAL","1000000HAB","A","2011",1.8,
"CHL","MRIUNITS","INHOSPITAL","1000000HAB","A","2012",1.95,
"CHL","MRIUNITS","INHOSPITAL","1000000HAB","A","2013",3.74,"B"
"EST","MRIUNITS","TOT","1000000HAB","A","2005",2.21,
"EST","MRIUNITS","TOT","1000000HAB","A","2006",3.71,
"EST","MRIUNITS","TOT","1000000HAB","A","2007",5.22,
"EST","MRIUNITS","TOT","1000000HAB","A","2008",8.23,
"EST","MRIUNITS","TOT","1000000HAB","A","2009",7.49,
"EST","MRIUNITS","TOT","1000000HAB","A","2010",8.26,
"EST","MRIUNITS","TOT","1000000HAB","A","2011",9.79,
"EST","MRIUNITS","TOT","1000000HAB","A","2012",9.83,
"EST","MRIUNITS","TOT","1000000HAB","A","2013",11.38,
"EST","MRIUNITS","TOT","1000000HAB","A","2014",11.41,
"EST","MRIUNITS","TOT","1000000HAB","A","2015",12.16,
"EST","MRIUNITS","INAMBULATORY","1000000HAB","A","2005",0,
"EST","MRIUNITS","INAMBULATORY","1000000HAB","A","2006",2.23,
"EST","MRIUNITS","INAMBULATORY","1000000HAB","A","2007",2.98,
"EST","MRIUNITS","INAMBULATORY","1000000HAB","A","2008",5.98,
"EST","MRIUNITS","INAMBULATORY","1000000HAB","A","2009",5.25,
"EST","MRIUNITS","INAMBULATORY","1000000HAB","A","2010",4.51,
"EST","MRIUNITS","INAMBULATORY","1000000HAB","A","2011",3.01,
"EST","MRIUNITS","INAMBULATORY","1000000HAB","A","2012",3.02,
"EST","MRIUNITS","INAMBULATORY","1000000HAB","A","2013",3.03,
"EST","MRIUNITS","INAMBULATORY","1000000HAB","A","2014",3.04,
"EST","MRIUNITS","INAMBULATORY","1000000HAB","A","2015",3.04,
"EST","MRIUNITS","INHOSPITAL","1000000HAB","A","2005",2.21,
"EST","MRIUNITS","INHOSPITAL","1000000HAB","A","2006",1.48,
"EST","MRIUNITS","INHOSPITAL","1000000HAB","A","2007",2.24,
"EST","MRIUNITS","INHOSPITAL","1000000HAB","A","2008",2.24,
"EST","MRIUNITS","INHOSPITAL","1000000HAB","A","2009",2.25,
"EST","MRIUNITS","INHOSPITAL","1000000HAB","A","2010",3.76,
"EST","MRIUNITS","INHOSPITAL","1000000HAB","A","2011",6.78,
"EST","MRIUNITS","INHOSPITAL","1000000HAB","A","2012",6.8,
"EST","MRIUNITS","INHOSPITAL","1000000HAB","A","2013",8.35,
"EST","MRIUNITS","INHOSPITAL","1000000HAB","A","2014",8.37,
"EST","MRIUNITS","INHOSPITAL","1000000HAB","A","2015",9.12,
"ISR","MRIUNITS","TOT","1000000HAB","A","1995",0.9,
"ISR","MRIUNITS","TOT","1000000HAB","A","1996",1.06,
"ISR","MRIUNITS","TOT","1000000HAB","A","1997",1.37,
"ISR","MRIUNITS","TOT","1000000HAB","A","1998",1.51,
"ISR","MRIUNITS","TOT","1000000HAB","A","1999",1.47,
"ISR","MRIUNITS","TOT","1000000HAB","A","2000",1.43,
"ISR","MRIUNITS","TOT","1000000HAB","A","2001",1.4,
"ISR","MRIUNITS","TOT","1000000HAB","A","2002",1.37,
"ISR","MRIUNITS","TOT","1000000HAB","A","2003",1.64,
"ISR","MRIUNITS","TOT","1000000HAB","A","2004",1.62,
"ISR","MRIUNITS","TOT","1000000HAB","A","2005",1.73,
"ISR","MRIUNITS","TOT","1000000HAB","A","2006",1.84,
"ISR","MRIUNITS","TOT","1000000HAB","A","2007",2.23,
"ISR","MRIUNITS","TOT","1000000HAB","A","2008",2.33,
"ISR","MRIUNITS","TOT","1000000HAB","A","2009",2.27,
"ISR","MRIUNITS","TOT","1000000HAB","A","2010",2.23,
"ISR","MRIUNITS","TOT","1000000HAB","A","2011",2.7,
"ISR","MRIUNITS","TOT","1000000HAB","A","2012",3.29,
"ISR","MRIUNITS","TOT","1000000HAB","A","2013",3.47,
"ISR","MRIUNITS","TOT","1000000HAB","A","2014",4.02,
"ISR","MRIUNITS","TOT","1000000HAB","A","2015",4.06,
"ISR","MRIUNITS","TOT","1000000HAB","A","2016",4.98,
"ISR","MRIUNITS","INAMBULATORY","1000000HAB","A","1995",0,
"ISR","MRIUNITS","INAMBULATORY","1000000HAB","A","1996",0,
"ISR","MRIUNITS","INAMBULATORY","1000000HAB","A","1997",0,
"ISR","MRIUNITS","INAMBULATORY","1000000HAB","A","1998",0,
"ISR","MRIUNITS","INAMBULATORY","1000000HAB","A","1999",0,
"ISR","MRIUNITS","INAMBULATORY","1000000HAB","A","2000",0,
"ISR","MRIUNITS","INAMBULATORY","1000000HAB","A","2001",0,
"ISR","MRIUNITS","INAMBULATORY","1000000HAB","A","2002",0,
"ISR","MRIUNITS","INAMBULATORY","1000000HAB","A","2003",0,
"ISR","MRIUNITS","INAMBULATORY","1000000HAB","A","2004",0,
"ISR","MRIUNITS","INAMBULATORY","1000000HAB","A","2005",0,
"ISR","MRIUNITS","INAMBULATORY","1000000HAB","A","2006",0.14,
"ISR","MRIUNITS","INAMBULATORY","1000000HAB","A","2007",0.14,
"ISR","MRIUNITS","INAMBULATORY","1000000HAB","A","2008",0.14,
"ISR","MRIUNITS","INAMBULATORY","1000000HAB","A","2009",0.13,
"ISR","MRIUNITS","INAMBULATORY","1000000HAB","A","2010",0.13,
"ISR","MRIUNITS","INAMBULATORY","1000000HAB","A","2011",0.13,
"ISR","MRIUNITS","INAMBULATORY","1000000HAB","A","2012",0.13,
"ISR","MRIUNITS","INAMBULATORY","1000000HAB","A","2013",0.25,
"ISR","MRIUNITS","INAMBULATORY","1000000HAB","A","2014",0.49,
"ISR","MRIUNITS","INAMBULATORY","1000000HAB","A","2015",0.48,
"ISR","MRIUNITS","INAMBULATORY","1000000HAB","A","2016",0.47,
"ISR","MRIUNITS","INHOSPITAL","1000000HAB","A","1995",0.9,
"ISR","MRIUNITS","INHOSPITAL","1000000HAB","A","1996",1.06,
"ISR","MRIUNITS","INHOSPITAL","1000000HAB","A","1997",1.37,
"ISR","MRIUNITS","INHOSPITAL","1000000HAB","A","1998",1.51,
"ISR","MRIUNITS","INHOSPITAL","1000000HAB","A","1999",1.47,
"ISR","MRIUNITS","INHOSPITAL","1000000HAB","A","2000",1.43,
"ISR","MRIUNITS","INHOSPITAL","1000000HAB","A","2001",1.4,
"ISR","MRIUNITS","INHOSPITAL","1000000HAB","A","2002",1.37,
"ISR","MRIUNITS","INHOSPITAL","1000000HAB","A","2003",1.64,
"ISR","MRIUNITS","INHOSPITAL","1000000HAB","A","2004",1.62,
"ISR","MRIUNITS","INHOSPITAL","1000000HAB","A","2005",1.73,
"ISR","MRIUNITS","INHOSPITAL","1000000HAB","A","2006",1.7,
"ISR","MRIUNITS","INHOSPITAL","1000000HAB","A","2007",2.09,
"ISR","MRIUNITS","INHOSPITAL","1000000HAB","A","2008",2.19,
"ISR","MRIUNITS","INHOSPITAL","1000000HAB","A","2009",2.14,
"ISR","MRIUNITS","INHOSPITAL","1000000HAB","A","2010",2.1,
"ISR","MRIUNITS","INHOSPITAL","1000000HAB","A","2011",2.58,
"ISR","MRIUNITS","INHOSPITAL","1000000HAB","A","2012",3.16,
"ISR","MRIUNITS","INHOSPITAL","1000000HAB","A","2013",3.23,
"ISR","MRIUNITS","INHOSPITAL","1000000HAB","A","2014",3.53,
"ISR","MRIUNITS","INHOSPITAL","1000000HAB","A","2015",3.58,
"ISR","MRIUNITS","INHOSPITAL","1000000HAB","A","2016",4.5,
"RUS","MRIUNITS","TOT","1000000HAB","A","1993",0.92,
"RUS","MRIUNITS","TOT","1000000HAB","A","1994",0.77,
"RUS","MRIUNITS","TOT","1000000HAB","A","1995",0.61,
"RUS","MRIUNITS","TOT","1000000HAB","A","1996",0.7,
"RUS","MRIUNITS","TOT","1000000HAB","A","1997",0.85,
"RUS","MRIUNITS","TOT","1000000HAB","A","1998",0.74,
"RUS","MRIUNITS","TOT","1000000HAB","A","1999",0.88,
"RUS","MRIUNITS","TOT","1000000HAB","A","2000",1.13,
"RUS","MRIUNITS","TOT","1000000HAB","A","2001",1.11,
"RUS","MRIUNITS","TOT","1000000HAB","A","2002",1.31,
"RUS","MRIUNITS","TOT","1000000HAB","A","2003",1.39,
"RUS","MRIUNITS","TOT","1000000HAB","A","2004",1.36,
"RUS","MRIUNITS","TOT","1000000HAB","A","2005",1.54,
"RUS","MRIUNITS","TOT","1000000HAB","A","2006",2.12,
"RUS","MRIUNITS","TOT","1000000HAB","A","2007",2.02,
"RUS","MRIUNITS","TOT","1000000HAB","A","2008",2.27,
"RUS","MRIUNITS","TOT","1000000HAB","A","2009",2.52,
"RUS","MRIUNITS","TOT","1000000HAB","A","2010",2.51,
"RUS","MRIUNITS","TOT","1000000HAB","A","2011",2.62,
"RUS","MRIUNITS","TOT","1000000HAB","A","2012",4.17,
"RUS","MRIUNITS","TOT","1000000HAB","A","2013",3.99,
"RUS","MRIUNITS","TOT","1000000HAB","A","2014",4.44,"B"
"RUS","MRIUNITS","TOT","1000000HAB","A","2015",4.72,
"SVN","MRIUNITS","TOT","1000000HAB","A","2006",5.48,
"SVN","MRIUNITS","TOT","1000000HAB","A","2007",5.95,
"SVN","MRIUNITS","TOT","1000000HAB","A","2008",6.93,
"SVN","MRIUNITS","TOT","1000000HAB","A","2009",6.86,
"SVN","MRIUNITS","TOT","1000000HAB","A","2010",7.32,
"SVN","MRIUNITS","TOT","1000000HAB","A","2011",8.28,
"SVN","MRIUNITS","TOT","1000000HAB","A","2012",8.75,
"SVN","MRIUNITS","TOT","1000000HAB","A","2013",8.74,
"SVN","MRIUNITS","TOT","1000000HAB","A","2014",8.73,
"SVN","MRIUNITS","TOT","1000000HAB","A","2015",8.72,
"SVN","MRIUNITS","INAMBULATORY","1000000HAB","A","2006",2.49,
"SVN","MRIUNITS","INAMBULATORY","1000000HAB","A","2007",2.48,
"SVN","MRIUNITS","INAMBULATORY","1000000HAB","A","2008",2.47,
"SVN","MRIUNITS","INAMBULATORY","1000000HAB","A","2009",2.45,
"SVN","MRIUNITS","INAMBULATORY","1000000HAB","A","2010",2.44,
"SVN","MRIUNITS","INAMBULATORY","1000000HAB","A","2011",2.44,
"SVN","MRIUNITS","INAMBULATORY","1000000HAB","A","2012",2.43,
"SVN","MRIUNITS","INAMBULATORY","1000000HAB","A","2013",2.43,
"SVN","MRIUNITS","INAMBULATORY","1000000HAB","A","2014",2.42,
"SVN","MRIUNITS","INAMBULATORY","1000000HAB","A","2015",2.42,
"SVN","MRIUNITS","INHOSPITAL","1000000HAB","A","2005",2,
"SVN","MRIUNITS","INHOSPITAL","1000000HAB","A","2006",2.99,
"SVN","MRIUNITS","INHOSPITAL","1000000HAB","A","2007",3.47,
"SVN","MRIUNITS","INHOSPITAL","1000000HAB","A","2008",4.45,
"SVN","MRIUNITS","INHOSPITAL","1000000HAB","A","2009",4.41,
"SVN","MRIUNITS","INHOSPITAL","1000000HAB","A","2010",4.88,
"SVN","MRIUNITS","INHOSPITAL","1000000HAB","A","2011",5.85,
"SVN","MRIUNITS","INHOSPITAL","1000000HAB","A","2012",6.32,
"SVN","MRIUNITS","INHOSPITAL","1000000HAB","A","2013",6.31,
"SVN","MRIUNITS","INHOSPITAL","1000000HAB","A","2014",6.3,
"SVN","MRIUNITS","INHOSPITAL","1000000HAB","A","2015",6.3,
"MEX","MRIUNITS","INAMBULATORY","1000000HAB","A","2012",0.02,
"MEX","MRIUNITS","INAMBULATORY","1000000HAB","A","2013",0,
"MEX","MRIUNITS","INAMBULATORY","1000000HAB","A","2014",0,
"MEX","MRIUNITS","INAMBULATORY","1000000HAB","A","2015",0,
"MEX","MRIUNITS","INHOSPITAL","1000000HAB","A","2012",2.16,
"MEX","MRIUNITS","INHOSPITAL","1000000HAB","A","2013",2.07,
"MEX","MRIUNITS","INHOSPITAL","1000000HAB","A","2014",2.25,
"MEX","MRIUNITS","INHOSPITAL","1000000HAB","A","2015",2.39,
"LVA","MRIUNITS","TOT","1000000HAB","A","2003",1.31,
"LVA","MRIUNITS","TOT","1000000HAB","A","2004",0.88,
"LVA","MRIUNITS","TOT","1000000HAB","A","2005",2.68,
"LVA","MRIUNITS","TOT","1000000HAB","A","2006",2.7,
"LVA","MRIUNITS","TOT","1000000HAB","A","2007",5,
"LVA","MRIUNITS","TOT","1000000HAB","A","2008",6.89,
"LVA","MRIUNITS","TOT","1000000HAB","A","2009",7.47,
"LVA","MRIUNITS","TOT","1000000HAB","A","2010",8.1,
"LVA","MRIUNITS","TOT","1000000HAB","A","2011",9.22,
"LVA","MRIUNITS","TOT","1000000HAB","A","2012",9.83,
"LVA","MRIUNITS","TOT","1000000HAB","A","2013",10.43,
"LVA","MRIUNITS","TOT","1000000HAB","A","2014",12.54,
"LVA","MRIUNITS","TOT","1000000HAB","A","2015",12.64,
"LVA","MRIUNITS","INAMBULATORY","1000000HAB","A","2003",0.44,
"LVA","MRIUNITS","INAMBULATORY","1000000HAB","A","2004",0,
"LVA","MRIUNITS","INAMBULATORY","1000000HAB","A","2005",1.34,
"LVA","MRIUNITS","INAMBULATORY","1000000HAB","A","2006",0.45,
"LVA","MRIUNITS","INAMBULATORY","1000000HAB","A","2007",2.27,
"LVA","MRIUNITS","INAMBULATORY","1000000HAB","A","2008",2.76,
"LVA","MRIUNITS","INAMBULATORY","1000000HAB","A","2009",3.74,
"LVA","MRIUNITS","INAMBULATORY","1000000HAB","A","2010",4.29,
"LVA","MRIUNITS","INAMBULATORY","1000000HAB","A","2011",4.86,
"LVA","MRIUNITS","INAMBULATORY","1000000HAB","A","2012",5.41,
"LVA","MRIUNITS","INAMBULATORY","1000000HAB","A","2013",5.47,
"LVA","MRIUNITS","INAMBULATORY","1000000HAB","A","2014",7.02,
"LVA","MRIUNITS","INAMBULATORY","1000000HAB","A","2015",7.59,
"LVA","MRIUNITS","INHOSPITAL","1000000HAB","A","2003",0.87,
"LVA","MRIUNITS","INHOSPITAL","1000000HAB","A","2004",0.88,
"LVA","MRIUNITS","INHOSPITAL","1000000HAB","A","2005",1.34,
"LVA","MRIUNITS","INHOSPITAL","1000000HAB","A","2006",2.25,
"LVA","MRIUNITS","INHOSPITAL","1000000HAB","A","2007",2.73,
"LVA","MRIUNITS","INHOSPITAL","1000000HAB","A","2008",4.13,
"LVA","MRIUNITS","INHOSPITAL","1000000HAB","A","2009",3.74,
"LVA","MRIUNITS","INHOSPITAL","1000000HAB","A","2010",3.81,
"LVA","MRIUNITS","INHOSPITAL","1000000HAB","A","2011",4.37,
"LVA","MRIUNITS","INHOSPITAL","1000000HAB","A","2012",4.42,
"LVA","MRIUNITS","INHOSPITAL","1000000HAB","A","2013",4.97,
"LVA","MRIUNITS","INHOSPITAL","1000000HAB","A","2014",5.52,
"LVA","MRIUNITS","INHOSPITAL","1000000HAB","A","2015",5.06,
"LTU","MRIUNITS","TOT","1000000HAB","A","2000",0.29,
"LTU","MRIUNITS","TOT","1000000HAB","A","2001",0.86,
"LTU","MRIUNITS","TOT","1000000HAB","A","2002",0.87,
"LTU","MRIUNITS","TOT","1000000HAB","A","2003",0.88,
"LTU","MRIUNITS","TOT","1000000HAB","A","2004",1.18,
"LTU","MRIUNITS","TOT","1000000HAB","A","2005",1.5,
"LTU","MRIUNITS","TOT","1000000HAB","A","2006",3.06,
"LTU","MRIUNITS","TOT","1000000HAB","A","2007",3.4,
"LTU","MRIUNITS","TOT","1000000HAB","A","2008",4.38,
"LTU","MRIUNITS","TOT","1000000HAB","A","2009",5.37,
"LTU","MRIUNITS","TOT","1000000HAB","A","2010",4.84,
"LTU","MRIUNITS","TOT","1000000HAB","A","2011",5.94,
"LTU","MRIUNITS","TOT","1000000HAB","A","2012",10.04,
"LTU","MRIUNITS","TOT","1000000HAB","A","2013",10.48,
"LTU","MRIUNITS","TOT","1000000HAB","A","2014",10.57,
"LTU","MRIUNITS","TOT","1000000HAB","A","2015",11.02,
"LTU","MRIUNITS","INAMBULATORY","1000000HAB","A","2000",0,
"LTU","MRIUNITS","INAMBULATORY","1000000HAB","A","2001",0,
"LTU","MRIUNITS","INAMBULATORY","1000000HAB","A","2002",0,
"LTU","MRIUNITS","INAMBULATORY","1000000HAB","A","2003",0,
"LTU","MRIUNITS","INAMBULATORY","1000000HAB","A","2004",0.3,
"LTU","MRIUNITS","INAMBULATORY","1000000HAB","A","2005",0.3,
"LTU","MRIUNITS","INAMBULATORY","1000000HAB","A","2006",1.83,
"LTU","MRIUNITS","INAMBULATORY","1000000HAB","A","2007",2.17,
"LTU","MRIUNITS","INAMBULATORY","1000000HAB","A","2008",2.19,
"LTU","MRIUNITS","INAMBULATORY","1000000HAB","A","2009",2.85,
"LTU","MRIUNITS","INAMBULATORY","1000000HAB","A","2010",2.26,
"LTU","MRIUNITS","INAMBULATORY","1000000HAB","A","2011",2.97,
"LTU","MRIUNITS","INAMBULATORY","1000000HAB","A","2012",5.02,
"LTU","MRIUNITS","INAMBULATORY","1000000HAB","A","2013",5.41,
"LTU","MRIUNITS","INAMBULATORY","1000000HAB","A","2014",5.46,
"LTU","MRIUNITS","INAMBULATORY","1000000HAB","A","2015",5.16,
"LTU","MRIUNITS","INHOSPITAL","1000000HAB","A","2000",0.29,
"LTU","MRIUNITS","INHOSPITAL","1000000HAB","A","2001",0.86,
"LTU","MRIUNITS","INHOSPITAL","1000000HAB","A","2002",0.87,
"LTU","MRIUNITS","INHOSPITAL","1000000HAB","A","2003",0.88,
"LTU","MRIUNITS","INHOSPITAL","1000000HAB","A","2004",0.89,
"LTU","MRIUNITS","INHOSPITAL","1000000HAB","A","2005",1.2,
"LTU","MRIUNITS","INHOSPITAL","1000000HAB","A","2006",1.22,
"LTU","MRIUNITS","INHOSPITAL","1000000HAB","A","2007",1.24,
"LTU","MRIUNITS","INHOSPITAL","1000000HAB","A","2008",2.19,
"LTU","MRIUNITS","INHOSPITAL","1000000HAB","A","2009",2.53,
"LTU","MRIUNITS","INHOSPITAL","1000000HAB","A","2010",2.58,
"LTU","MRIUNITS","INHOSPITAL","1000000HAB","A","2011",2.97,
"LTU","MRIUNITS","INHOSPITAL","1000000HAB","A","2012",5.02,
"LTU","MRIUNITS","INHOSPITAL","1000000HAB","A","2013",5.07,
"LTU","MRIUNITS","INHOSPITAL","1000000HAB","A","2014",5.12,
"LTU","MRIUNITS","INHOSPITAL","1000000HAB","A","2015",5.85,
"DEU","MRIUNITS","TOT","1000000HAB","A","2000",14.32,
"DEU","MRIUNITS","TOT","1000000HAB","A","2001",15.96,
"DEU","MRIUNITS","TOT","1000000HAB","A","2002",17.51,
"DEU","MRIUNITS","TOT","1000000HAB","A","2003",18.48,
"DEU","MRIUNITS","TOT","1000000HAB","A","2004",18.97,
"DEU","MRIUNITS","TOT","1000000HAB","A","2005",19.89,
"DEU","MRIUNITS","TOT","1000000HAB","A","2006",21.39,
"DEU","MRIUNITS","TOT","1000000HAB","A","2007",22.43,
"DEU","MRIUNITS","TOT","1000000HAB","A","2008",23.6,
"DEU","MRIUNITS","TOT","1000000HAB","A","2009",25.15,
"DEU","MRIUNITS","TOT","1000000HAB","A","2010",27.04,
"DEU","MRIUNITS","TOT","1000000HAB","A","2011",28.86,
"DEU","MRIUNITS","TOT","1000000HAB","A","2012",28.66,
"DEU","MRIUNITS","TOT","1000000HAB","A","2013",28.92,
"DEU","MRIUNITS","TOT","1000000HAB","A","2014",30.5,
"DEU","MRIUNITS","TOT","1000000HAB","A","2015",33.63,
"DEU","MRIUNITS","INAMBULATORY","1000000HAB","A","2000",9.39,
"DEU","MRIUNITS","INAMBULATORY","1000000HAB","A","2001",10.48,
"DEU","MRIUNITS","INAMBULATORY","1000000HAB","A","2002",11.53,
"DEU","MRIUNITS","INAMBULATORY","1000000HAB","A","2003",12.25,
"DEU","MRIUNITS","INAMBULATORY","1000000HAB","A","2004",12.36,
"DEU","MRIUNITS","INAMBULATORY","1000000HAB","A","2005",12.79,
"DEU","MRIUNITS","INAMBULATORY","1000000HAB","A","2006",13.68,
"DEU","MRIUNITS","INAMBULATORY","1000000HAB","A","2007",14.25,
"DEU","MRIUNITS","INAMBULATORY","1000000HAB","A","2008",14.88,
"DEU","MRIUNITS","INAMBULATORY","1000000HAB","A","2009",15.68,
"DEU","MRIUNITS","INAMBULATORY","1000000HAB","A","2010",16.74,
"DEU","MRIUNITS","INAMBULATORY","1000000HAB","A","2011",17.95,
"DEU","MRIUNITS","INAMBULATORY","1000000HAB","A","2012",17.37,
"DEU","MRIUNITS","INAMBULATORY","1000000HAB","A","2013",17.32,
"DEU","MRIUNITS","INAMBULATORY","1000000HAB","A","2014",18.89,
"DEU","MRIUNITS","INAMBULATORY","1000000HAB","A","2015",21.82,
"SWE","MRIUNITS","INHOSPITAL","1000000HAB","A","2015",14.59,
"SWE","MRIUNITS","INHOSPITAL","1000000HAB","A","2016",15.84,
