﻿"LOCATION","INDICATOR","SUBJECT","MEASURE","FREQUENCY","TIME","Value","Flag Codes"
"AUS","MAMMOMACHINE","TOT","1000000HAB","A","2005",25.33,
"AUS","MAMMOMACHINE","TOT","1000000HAB","A","2006",24.74,
"AUS","MAMMOMACHINE","TOT","1000000HAB","A","2007",24.39,
"AUS","MAMMOMACHINE","TOT","1000000HAB","A","2008",23.53,
"AUS","MAMMOMACHINE","TOT","1000000HAB","A","2009",24.62,
"AUS","MAMMOMACHINE","TOT","1000000HAB","A","2010",24.19,
"AUS","MAMMOMACHINE","TOT","1000000HAB","A","2011",23.28,
"AUS","MAMMOMACHINE","TOT","1000000HAB","A","2012",22.75,
"AUS","MAMMOMACHINE","TOT","1000000HAB","A","2013",22.54,
"AUS","MAMMOMACHINE","TOT","1000000HAB","A","2014",23.02,
"AUS","MAMMOMACHINE","TOT","1000000HAB","A","2015",22.99,
"AUS","MAMMOMACHINE","TOT","1000000HAB","A","2016",23.29,
"AUT","MAMMOMACHINE","TOT","1000000HAB","A","2013",22.29,
"AUT","MAMMOMACHINE","TOT","1000000HAB","A","2014",23.53,
"AUT","MAMMOMACHINE","TOT","1000000HAB","A","2015",23.4,
"AUT","MAMMOMACHINE","INAMBULATORY","1000000HAB","A","2013",19.22,
"AUT","MAMMOMACHINE","INAMBULATORY","1000000HAB","A","2014",20.72,
"AUT","MAMMOMACHINE","INAMBULATORY","1000000HAB","A","2015",20.85,
"AUT","MAMMOMACHINE","INHOSPITAL","1000000HAB","A","2013",3.07,
"AUT","MAMMOMACHINE","INHOSPITAL","1000000HAB","A","2014",2.81,
"AUT","MAMMOMACHINE","INHOSPITAL","1000000HAB","A","2015",2.55,
"BEL","MAMMOMACHINE","INHOSPITAL","1000000HAB","A","2002",20.52,
"BEL","MAMMOMACHINE","INHOSPITAL","1000000HAB","A","2003",21.49,
"BEL","MAMMOMACHINE","INHOSPITAL","1000000HAB","A","2004",21.3,
"BEL","MAMMOMACHINE","INHOSPITAL","1000000HAB","A","2005",20.61,
"BEL","MAMMOMACHINE","INHOSPITAL","1000000HAB","A","2006",19.44,
"BEL","MAMMOMACHINE","INHOSPITAL","1000000HAB","A","2007",19.58,
"BEL","MAMMOMACHINE","INHOSPITAL","1000000HAB","A","2008",19.51,
"BEL","MAMMOMACHINE","INHOSPITAL","1000000HAB","A","2009",19.08,
"BEL","MAMMOMACHINE","INHOSPITAL","1000000HAB","A","2010",18.81,
"BEL","MAMMOMACHINE","INHOSPITAL","1000000HAB","A","2011",18.37,
"BEL","MAMMOMACHINE","INHOSPITAL","1000000HAB","A","2012",17.88,
"BEL","MAMMOMACHINE","INHOSPITAL","1000000HAB","A","2013",17.44,
"BEL","MAMMOMACHINE","INHOSPITAL","1000000HAB","A","2014",17.4,
"BEL","MAMMOMACHINE","INHOSPITAL","1000000HAB","A","2015",17.3,
"CAN","MAMMOMACHINE","TOT","1000000HAB","A","2002",19.13,"E"
"CAN","MAMMOMACHINE","TOT","1000000HAB","A","2005",21.34,"E"
"CAN","MAMMOMACHINE","TOT","1000000HAB","A","2010",16.23,"B"
"CAN","MAMMOMACHINE","TOT","1000000HAB","A","2011",16.02,
"CAN","MAMMOMACHINE","TOT","1000000HAB","A","2012",15.97,
"CAN","MAMMOMACHINE","TOT","1000000HAB","A","2013",16.38,"E"
"CAN","MAMMOMACHINE","TOT","1000000HAB","A","2014",17.33,"E"
"CAN","MAMMOMACHINE","TOT","1000000HAB","A","2015",17.96,"E"
"CAN","MAMMOMACHINE","TOT","1000000HAB","A","2016",17.94,"E"
"CZE","MAMMOMACHINE","TOT","1000000HAB","A","1991",3.78,
"CZE","MAMMOMACHINE","TOT","1000000HAB","A","1992",4.26,
"CZE","MAMMOMACHINE","TOT","1000000HAB","A","1993",5.42,
"CZE","MAMMOMACHINE","TOT","1000000HAB","A","1994",6.58,
"CZE","MAMMOMACHINE","TOT","1000000HAB","A","1995",8.42,
"CZE","MAMMOMACHINE","TOT","1000000HAB","A","1996",10.28,
"CZE","MAMMOMACHINE","TOT","1000000HAB","A","1997",10.29,
"CZE","MAMMOMACHINE","TOT","1000000HAB","A","1998",10.2,
"CZE","MAMMOMACHINE","TOT","1000000HAB","A","1999",10.7,
"CZE","MAMMOMACHINE","TOT","1000000HAB","A","2000",10.63,
"CZE","MAMMOMACHINE","TOT","1000000HAB","A","2001",12.23,
"CZE","MAMMOMACHINE","TOT","1000000HAB","A","2002",13.24,
"CZE","MAMMOMACHINE","TOT","1000000HAB","A","2003",14.22,
"CZE","MAMMOMACHINE","TOT","1000000HAB","A","2004",13.73,
"CZE","MAMMOMACHINE","TOT","1000000HAB","A","2005",14.1,
"CZE","MAMMOMACHINE","TOT","1000000HAB","A","2006",14.36,
"CZE","MAMMOMACHINE","TOT","1000000HAB","A","2007",13.5,
"CZE","MAMMOMACHINE","TOT","1000000HAB","A","2008",13.39,
"CZE","MAMMOMACHINE","TOT","1000000HAB","A","2009",12.73,
"CZE","MAMMOMACHINE","TOT","1000000HAB","A","2010",12.89,
"CZE","MAMMOMACHINE","TOT","1000000HAB","A","2011",12.77,
"CZE","MAMMOMACHINE","TOT","1000000HAB","A","2012",12.37,
"CZE","MAMMOMACHINE","TOT","1000000HAB","A","2013",11.7,
"CZE","MAMMOMACHINE","TOT","1000000HAB","A","2014",10.07,"B"
"CZE","MAMMOMACHINE","TOT","1000000HAB","A","2015",10.62,
"CZE","MAMMOMACHINE","INAMBULATORY","1000000HAB","A","2004",5,
"CZE","MAMMOMACHINE","INAMBULATORY","1000000HAB","A","2005",5.39,
"CZE","MAMMOMACHINE","INAMBULATORY","1000000HAB","A","2006",5.57,
"CZE","MAMMOMACHINE","INAMBULATORY","1000000HAB","A","2007",5.24,
"CZE","MAMMOMACHINE","INAMBULATORY","1000000HAB","A","2008",5.49,
"CZE","MAMMOMACHINE","INAMBULATORY","1000000HAB","A","2009",5.17,
"CZE","MAMMOMACHINE","INAMBULATORY","1000000HAB","A","2010",5.82,
"CZE","MAMMOMACHINE","INAMBULATORY","1000000HAB","A","2011",5.81,
"CZE","MAMMOMACHINE","INAMBULATORY","1000000HAB","A","2012",5.23,
"CZE","MAMMOMACHINE","INAMBULATORY","1000000HAB","A","2013",4.95,
"CZE","MAMMOMACHINE","INAMBULATORY","1000000HAB","A","2014",3.33,"B"
"CZE","MAMMOMACHINE","INAMBULATORY","1000000HAB","A","2015",4.55,
"CZE","MAMMOMACHINE","INHOSPITAL","1000000HAB","A","2004",8.73,
"CZE","MAMMOMACHINE","INHOSPITAL","1000000HAB","A","2005",8.72,
"CZE","MAMMOMACHINE","INHOSPITAL","1000000HAB","A","2006",8.79,
"CZE","MAMMOMACHINE","INHOSPITAL","1000000HAB","A","2007",8.25,
"CZE","MAMMOMACHINE","INHOSPITAL","1000000HAB","A","2008",7.9,
"CZE","MAMMOMACHINE","INHOSPITAL","1000000HAB","A","2009",7.56,
"CZE","MAMMOMACHINE","INHOSPITAL","1000000HAB","A","2010",7.06,
"CZE","MAMMOMACHINE","INHOSPITAL","1000000HAB","A","2011",6.95,
"CZE","MAMMOMACHINE","INHOSPITAL","1000000HAB","A","2012",7.14,
"CZE","MAMMOMACHINE","INHOSPITAL","1000000HAB","A","2013",6.75,
"CZE","MAMMOMACHINE","INHOSPITAL","1000000HAB","A","2014",6.75,
"CZE","MAMMOMACHINE","INHOSPITAL","1000000HAB","A","2015",6.07,
"DNK","MAMMOMACHINE","TOT","1000000HAB","A","2005",9.96,
"DNK","MAMMOMACHINE","TOT","1000000HAB","A","2006",10.48,
"DNK","MAMMOMACHINE","TOT","1000000HAB","A","2007",10.8,
"DNK","MAMMOMACHINE","TOT","1000000HAB","A","2008",14.38,
"DNK","MAMMOMACHINE","TOT","1000000HAB","A","2009",17.02,
"DNK","MAMMOMACHINE","TOT","1000000HAB","A","2010",19.29,
"DNK","MAMMOMACHINE","TOT","1000000HAB","A","2011",18.49,
"DNK","MAMMOMACHINE","TOT","1000000HAB","A","2013",16.56,
"DNK","MAMMOMACHINE","TOT","1000000HAB","A","2014",16.48,
"DNK","MAMMOMACHINE","TOT","1000000HAB","A","2015",16.54,
"DNK","MAMMOMACHINE","INAMBULATORY","1000000HAB","A","2005",2.4,
"DNK","MAMMOMACHINE","INAMBULATORY","1000000HAB","A","2006",2.57,
"DNK","MAMMOMACHINE","INAMBULATORY","1000000HAB","A","2007",2.56,
"DNK","MAMMOMACHINE","INAMBULATORY","1000000HAB","A","2008",2.73,
"DNK","MAMMOMACHINE","INAMBULATORY","1000000HAB","A","2009",2.9,
"DNK","MAMMOMACHINE","INAMBULATORY","1000000HAB","A","2010",2.88,
"DNK","MAMMOMACHINE","INAMBULATORY","1000000HAB","A","2011",3.41,
"DNK","MAMMOMACHINE","INAMBULATORY","1000000HAB","A","2013",2.32,
"DNK","MAMMOMACHINE","INAMBULATORY","1000000HAB","A","2014",2.3,
"DNK","MAMMOMACHINE","INAMBULATORY","1000000HAB","A","2015",2.11,
"DNK","MAMMOMACHINE","INHOSPITAL","1000000HAB","A","2005",7.57,
"DNK","MAMMOMACHINE","INHOSPITAL","1000000HAB","A","2006",7.91,
"DNK","MAMMOMACHINE","INHOSPITAL","1000000HAB","A","2007",8.24,
"DNK","MAMMOMACHINE","INHOSPITAL","1000000HAB","A","2008",11.65,
"DNK","MAMMOMACHINE","INHOSPITAL","1000000HAB","A","2009",14.12,
"DNK","MAMMOMACHINE","INHOSPITAL","1000000HAB","A","2010",16.4,
"DNK","MAMMOMACHINE","INHOSPITAL","1000000HAB","A","2011",15.08,
"DNK","MAMMOMACHINE","INHOSPITAL","1000000HAB","A","2013",14.25,
"DNK","MAMMOMACHINE","INHOSPITAL","1000000HAB","A","2014",14.18,
"DNK","MAMMOMACHINE","INHOSPITAL","1000000HAB","A","2015",14.43,
"FIN","MAMMOMACHINE","TOT","1000000HAB","A","1990",29.28,
"FIN","MAMMOMACHINE","TOT","1000000HAB","A","1991",28.52,
"FIN","MAMMOMACHINE","TOT","1000000HAB","A","1992",35.7,
"FIN","MAMMOMACHINE","TOT","1000000HAB","A","1993",37.11,
"FIN","MAMMOMACHINE","TOT","1000000HAB","A","1994",37.34,
"FIN","MAMMOMACHINE","TOT","1000000HAB","A","1995",37.59,
"FIN","MAMMOMACHINE","TOT","1000000HAB","A","1996",37.86,
"FIN","MAMMOMACHINE","TOT","1000000HAB","A","1997",38.13,
"FIN","MAMMOMACHINE","TOT","1000000HAB","A","1998",38.81,
"FIN","MAMMOMACHINE","TOT","1000000HAB","A","1999",36.4,
"FIN","MAMMOMACHINE","TOT","1000000HAB","A","2001",37.59,
"FIN","MAMMOMACHINE","TOT","1000000HAB","A","2002",39.61,
"FIN","MAMMOMACHINE","TOT","1000000HAB","A","2003",39.52,
"FIN","MAMMOMACHINE","TOT","1000000HAB","A","2004",37.68,
"FIN","MAMMOMACHINE","TOT","1000000HAB","A","2005",37.74,
"FIN","MAMMOMACHINE","TOT","1000000HAB","A","2006",38.55,
"FIN","MAMMOMACHINE","TOT","1000000HAB","A","2007",34.79,
"FIN","MAMMOMACHINE","TOT","1000000HAB","A","2009",31.65,
"FIN","MAMMOMACHINE","TOT","1000000HAB","A","2010",30.39,
"FIN","MAMMOMACHINE","TOT","1000000HAB","A","2011",29.69,
"FIN","MAMMOMACHINE","TOT","1000000HAB","A","2012",29.18,
"FIN","MAMMOMACHINE","TOT","1000000HAB","A","2013",28.31,
"FIN","MAMMOMACHINE","TOT","1000000HAB","A","2014",30.76,
"FIN","MAMMOMACHINE","TOT","1000000HAB","A","2015",30.11,
"FIN","MAMMOMACHINE","TOT","1000000HAB","A","2016",30.62,
"FIN","MAMMOMACHINE","INAMBULATORY","1000000HAB","A","2001",0,
"FIN","MAMMOMACHINE","INAMBULATORY","1000000HAB","A","2002",0,
"FIN","MAMMOMACHINE","INAMBULATORY","1000000HAB","A","2003",0,
"FIN","MAMMOMACHINE","INAMBULATORY","1000000HAB","A","2004",0,
"FIN","MAMMOMACHINE","INAMBULATORY","1000000HAB","A","2005",0,
"FIN","MAMMOMACHINE","INAMBULATORY","1000000HAB","A","2006",0,
"FIN","MAMMOMACHINE","INAMBULATORY","1000000HAB","A","2007",0,
"FIN","MAMMOMACHINE","INAMBULATORY","1000000HAB","A","2009",0,
"FIN","MAMMOMACHINE","INAMBULATORY","1000000HAB","A","2010",0,
"FIN","MAMMOMACHINE","INAMBULATORY","1000000HAB","A","2011",0,
"FIN","MAMMOMACHINE","INAMBULATORY","1000000HAB","A","2012",0,
"FIN","MAMMOMACHINE","INAMBULATORY","1000000HAB","A","2013",0,
"FIN","MAMMOMACHINE","INAMBULATORY","1000000HAB","A","2014",0,
"FIN","MAMMOMACHINE","INAMBULATORY","1000000HAB","A","2015",0,
"FIN","MAMMOMACHINE","INAMBULATORY","1000000HAB","A","2016",0,
"FIN","MAMMOMACHINE","INHOSPITAL","1000000HAB","A","2001",37.59,
"FIN","MAMMOMACHINE","INHOSPITAL","1000000HAB","A","2002",39.61,
"FIN","MAMMOMACHINE","INHOSPITAL","1000000HAB","A","2003",39.52,
"FIN","MAMMOMACHINE","INHOSPITAL","1000000HAB","A","2004",37.68,
"FIN","MAMMOMACHINE","INHOSPITAL","1000000HAB","A","2005",37.74,
"FIN","MAMMOMACHINE","INHOSPITAL","1000000HAB","A","2006",38.55,
"FIN","MAMMOMACHINE","INHOSPITAL","1000000HAB","A","2007",34.79,
"FIN","MAMMOMACHINE","INHOSPITAL","1000000HAB","A","2009",31.65,
"FIN","MAMMOMACHINE","INHOSPITAL","1000000HAB","A","2010",30.39,
"FIN","MAMMOMACHINE","INHOSPITAL","1000000HAB","A","2011",29.69,
"FIN","MAMMOMACHINE","INHOSPITAL","1000000HAB","A","2012",29.18,
"FIN","MAMMOMACHINE","INHOSPITAL","1000000HAB","A","2013",28.31,
"FIN","MAMMOMACHINE","INHOSPITAL","1000000HAB","A","2014",30.76,
"FIN","MAMMOMACHINE","INHOSPITAL","1000000HAB","A","2015",30.11,
"FIN","MAMMOMACHINE","INHOSPITAL","1000000HAB","A","2016",30.62,
"GRC","MAMMOMACHINE","TOT","1000000HAB","A","2005",36.86,
"GRC","MAMMOMACHINE","TOT","1000000HAB","A","2006",39.65,
"GRC","MAMMOMACHINE","TOT","1000000HAB","A","2007",43.35,
"GRC","MAMMOMACHINE","TOT","1000000HAB","A","2008",45.59,
"GRC","MAMMOMACHINE","TOT","1000000HAB","A","2009",49.88,
"GRC","MAMMOMACHINE","TOT","1000000HAB","A","2010",56.83,
"GRC","MAMMOMACHINE","TOT","1000000HAB","A","2013",59.92,
"GRC","MAMMOMACHINE","INAMBULATORY","1000000HAB","A","2009",35.92,
"GRC","MAMMOMACHINE","INAMBULATORY","1000000HAB","A","2010",41.99,
"GRC","MAMMOMACHINE","INAMBULATORY","1000000HAB","A","2013",43.96,
"GRC","MAMMOMACHINE","INHOSPITAL","1000000HAB","A","2009",13.96,
"GRC","MAMMOMACHINE","INHOSPITAL","1000000HAB","A","2010",14.84,
"GRC","MAMMOMACHINE","INHOSPITAL","1000000HAB","A","2013",15.96,
"HUN","MAMMOMACHINE","TOT","1000000HAB","A","1997",6.8,
"HUN","MAMMOMACHINE","TOT","1000000HAB","A","1998",7.89,
"HUN","MAMMOMACHINE","TOT","1000000HAB","A","1999",9.18,
"HUN","MAMMOMACHINE","TOT","1000000HAB","A","2000",9.4,
"HUN","MAMMOMACHINE","TOT","1000000HAB","A","2001",10.4,
"HUN","MAMMOMACHINE","TOT","1000000HAB","A","2002",11.42,
"HUN","MAMMOMACHINE","TOT","1000000HAB","A","2003",11.85,
"HUN","MAMMOMACHINE","TOT","1000000HAB","A","2004",12.57,
"HUN","MAMMOMACHINE","TOT","1000000HAB","A","2005",13.09,
"HUN","MAMMOMACHINE","TOT","1000000HAB","A","2006",13.4,
"HUN","MAMMOMACHINE","TOT","1000000HAB","A","2007",14.12,
"HUN","MAMMOMACHINE","TOT","1000000HAB","A","2008",14.15,
"HUN","MAMMOMACHINE","TOT","1000000HAB","A","2009",14.57,
"HUN","MAMMOMACHINE","TOT","1000000HAB","A","2010",14.4,
"HUN","MAMMOMACHINE","TOT","1000000HAB","A","2011",14.44,
"HUN","MAMMOMACHINE","TOT","1000000HAB","A","2012",14.41,
"HUN","MAMMOMACHINE","TOT","1000000HAB","A","2013",14.56,
"ISL","MAMMOMACHINE","TOT","1000000HAB","A","1980",4.38,
"ISL","MAMMOMACHINE","TOT","1000000HAB","A","1981",4.33,
"ISL","MAMMOMACHINE","TOT","1000000HAB","A","1982",4.28,
"ISL","MAMMOMACHINE","TOT","1000000HAB","A","1983",4.22,
"ISL","MAMMOMACHINE","TOT","1000000HAB","A","1984",4.18,
"ISL","MAMMOMACHINE","TOT","1000000HAB","A","1985",4.14,
"ISL","MAMMOMACHINE","TOT","1000000HAB","A","1986",4.11,
"ISL","MAMMOMACHINE","TOT","1000000HAB","A","1987",8.13,
"ISL","MAMMOMACHINE","TOT","1000000HAB","A","1988",12.01,
"ISL","MAMMOMACHINE","TOT","1000000HAB","A","1989",15.82,
"ISL","MAMMOMACHINE","TOT","1000000HAB","A","1990",15.7,
"ISL","MAMMOMACHINE","TOT","1000000HAB","A","1991",15.52,
"ISL","MAMMOMACHINE","TOT","1000000HAB","A","1992",19.15,
"ISL","MAMMOMACHINE","TOT","1000000HAB","A","1993",18.96,
"ISL","MAMMOMACHINE","TOT","1000000HAB","A","1994",18.8,
"ISL","MAMMOMACHINE","TOT","1000000HAB","A","1995",18.69,
"ISL","MAMMOMACHINE","TOT","1000000HAB","A","1996",18.59,
"ISL","MAMMOMACHINE","TOT","1000000HAB","A","1997",18.44,
"ISL","MAMMOMACHINE","TOT","1000000HAB","A","1998",18.24,
"ISL","MAMMOMACHINE","TOT","1000000HAB","A","1999",18.03,
"ISL","MAMMOMACHINE","TOT","1000000HAB","A","2000",17.78,
"ISL","MAMMOMACHINE","TOT","1000000HAB","A","2001",17.55,
"ISL","MAMMOMACHINE","TOT","1000000HAB","A","2002",17.39,
"ISL","MAMMOMACHINE","TOT","1000000HAB","A","2003",17.27,
"ISL","MAMMOMACHINE","TOT","1000000HAB","A","2004",17.12,
"ISL","MAMMOMACHINE","TOT","1000000HAB","A","2005",16.85,
"ISL","MAMMOMACHINE","TOT","1000000HAB","A","2006",16.46,
"ISL","MAMMOMACHINE","TOT","1000000HAB","A","2007",16.05,
"ISL","MAMMOMACHINE","TOT","1000000HAB","A","2008",15.75,
"ISL","MAMMOMACHINE","TOT","1000000HAB","A","2009",15.7,
"ISL","MAMMOMACHINE","TOT","1000000HAB","A","2010",15.72,
"ISL","MAMMOMACHINE","TOT","1000000HAB","A","2011",15.67,
"ISL","MAMMOMACHINE","TOT","1000000HAB","A","2012",15.59,
"ISL","MAMMOMACHINE","TOT","1000000HAB","A","2013",15.44,
"ISL","MAMMOMACHINE","TOT","1000000HAB","A","2014",15.27,
"ISL","MAMMOMACHINE","TOT","1000000HAB","A","2015",15.11,
"ISL","MAMMOMACHINE","TOT","1000000HAB","A","2016",18.04,
"ISL","MAMMOMACHINE","INAMBULATORY","1000000HAB","A","2000",17.78,
"ISL","MAMMOMACHINE","INAMBULATORY","1000000HAB","A","2001",17.55,
"ISL","MAMMOMACHINE","INAMBULATORY","1000000HAB","A","2002",17.39,
"ISL","MAMMOMACHINE","INAMBULATORY","1000000HAB","A","2003",17.27,
"ISL","MAMMOMACHINE","INAMBULATORY","1000000HAB","A","2004",17.12,
"ISL","MAMMOMACHINE","INAMBULATORY","1000000HAB","A","2005",16.85,
"ISL","MAMMOMACHINE","INAMBULATORY","1000000HAB","A","2006",16.46,
"ISL","MAMMOMACHINE","INAMBULATORY","1000000HAB","A","2007",16.05,
"ISL","MAMMOMACHINE","INAMBULATORY","1000000HAB","A","2008",15.75,
"ISL","MAMMOMACHINE","INAMBULATORY","1000000HAB","A","2009",15.7,
"ISL","MAMMOMACHINE","INAMBULATORY","1000000HAB","A","2010",15.72,
"ISL","MAMMOMACHINE","INAMBULATORY","1000000HAB","A","2011",15.67,
"ISL","MAMMOMACHINE","INAMBULATORY","1000000HAB","A","2012",15.59,
"ISL","MAMMOMACHINE","INAMBULATORY","1000000HAB","A","2013",15.44,
"ISL","MAMMOMACHINE","INAMBULATORY","1000000HAB","A","2014",15.27,
"ISL","MAMMOMACHINE","INAMBULATORY","1000000HAB","A","2015",15.11,
"ISL","MAMMOMACHINE","INAMBULATORY","1000000HAB","A","2016",18.04,
"ISL","MAMMOMACHINE","INHOSPITAL","1000000HAB","A","2000",0,
"ISL","MAMMOMACHINE","INHOSPITAL","1000000HAB","A","2001",0,
"ISL","MAMMOMACHINE","INHOSPITAL","1000000HAB","A","2002",0,
"ISL","MAMMOMACHINE","INHOSPITAL","1000000HAB","A","2003",0,
"ISL","MAMMOMACHINE","INHOSPITAL","1000000HAB","A","2004",0,
"ISL","MAMMOMACHINE","INHOSPITAL","1000000HAB","A","2005",0,
"ISL","MAMMOMACHINE","INHOSPITAL","1000000HAB","A","2006",0,
"ISL","MAMMOMACHINE","INHOSPITAL","1000000HAB","A","2007",0,
"ISL","MAMMOMACHINE","INHOSPITAL","1000000HAB","A","2008",0,
"ISL","MAMMOMACHINE","INHOSPITAL","1000000HAB","A","2009",0,
"ISL","MAMMOMACHINE","INHOSPITAL","1000000HAB","A","2010",0,
"ISL","MAMMOMACHINE","INHOSPITAL","1000000HAB","A","2011",0,
"ISL","MAMMOMACHINE","INHOSPITAL","1000000HAB","A","2012",0,
"ISL","MAMMOMACHINE","INHOSPITAL","1000000HAB","A","2013",0,
"ISL","MAMMOMACHINE","INHOSPITAL","1000000HAB","A","2014",0,
"ISL","MAMMOMACHINE","INHOSPITAL","1000000HAB","A","2015",0,
"ISL","MAMMOMACHINE","INHOSPITAL","1000000HAB","A","2016",0,
"IRL","MAMMOMACHINE","TOT","1000000HAB","A","2005",12.5,
"IRL","MAMMOMACHINE","TOT","1000000HAB","A","2006",13.81,
"IRL","MAMMOMACHINE","TOT","1000000HAB","A","2007",14.09,
"IRL","MAMMOMACHINE","TOT","1000000HAB","A","2008",14.03,
"IRL","MAMMOMACHINE","TOT","1000000HAB","A","2009",13.89,
"IRL","MAMMOMACHINE","TOT","1000000HAB","A","2010",14.47,
"IRL","MAMMOMACHINE","TOT","1000000HAB","A","2011",13.98,
"IRL","MAMMOMACHINE","TOT","1000000HAB","A","2012",13.73,
"IRL","MAMMOMACHINE","TOT","1000000HAB","A","2013",13.48,
"IRL","MAMMOMACHINE","TOT","1000000HAB","A","2014",13.21,
"IRL","MAMMOMACHINE","TOT","1000000HAB","A","2015",14.11,
"IRL","MAMMOMACHINE","TOT","1000000HAB","A","2016",13.97,
"ITA","MAMMOMACHINE","TOT","1000000HAB","A","2007",27.11,
"ITA","MAMMOMACHINE","TOT","1000000HAB","A","2008",30.68,
"ITA","MAMMOMACHINE","TOT","1000000HAB","A","2009",32.02,
"ITA","MAMMOMACHINE","TOT","1000000HAB","A","2010",32.29,
"ITA","MAMMOMACHINE","TOT","1000000HAB","A","2011",33.21,
"ITA","MAMMOMACHINE","TOT","1000000HAB","A","2012",33.47,
"ITA","MAMMOMACHINE","TOT","1000000HAB","A","2013",33.52,
"ITA","MAMMOMACHINE","TOT","1000000HAB","A","2014",33.9,
"ITA","MAMMOMACHINE","TOT","1000000HAB","A","2015",33.89,
"ITA","MAMMOMACHINE","INAMBULATORY","1000000HAB","A","2007",9.17,
"ITA","MAMMOMACHINE","INAMBULATORY","1000000HAB","A","2008",10.9,
"ITA","MAMMOMACHINE","INAMBULATORY","1000000HAB","A","2009",11.91,
"ITA","MAMMOMACHINE","INAMBULATORY","1000000HAB","A","2010",12.11,
"ITA","MAMMOMACHINE","INAMBULATORY","1000000HAB","A","2011",12.66,
"ITA","MAMMOMACHINE","INAMBULATORY","1000000HAB","A","2012",12.98,
"ITA","MAMMOMACHINE","INAMBULATORY","1000000HAB","A","2013",13.31,
"ITA","MAMMOMACHINE","INAMBULATORY","1000000HAB","A","2014",13.77,
"ITA","MAMMOMACHINE","INAMBULATORY","1000000HAB","A","2015",14.28,
"ITA","MAMMOMACHINE","INHOSPITAL","1000000HAB","A","2007",17.93,
"ITA","MAMMOMACHINE","INHOSPITAL","1000000HAB","A","2008",19.79,
"ITA","MAMMOMACHINE","INHOSPITAL","1000000HAB","A","2009",20.1,
"ITA","MAMMOMACHINE","INHOSPITAL","1000000HAB","A","2010",20.18,
"ITA","MAMMOMACHINE","INHOSPITAL","1000000HAB","A","2011",20.55,
"ITA","MAMMOMACHINE","INHOSPITAL","1000000HAB","A","2012",20.49,
"ITA","MAMMOMACHINE","INHOSPITAL","1000000HAB","A","2013",20.2,
"ITA","MAMMOMACHINE","INHOSPITAL","1000000HAB","A","2014",20.14,
"ITA","MAMMOMACHINE","INHOSPITAL","1000000HAB","A","2015",19.61,
"JPN","MAMMOMACHINE","TOT","1000000HAB","A","2008",29.61,
"JPN","MAMMOMACHINE","TOT","1000000HAB","A","2011",31.57,
"JPN","MAMMOMACHINE","TOT","1000000HAB","A","2014",33.04,
"KOR","MAMMOMACHINE","TOT","1000000HAB","A","2000",13.25,
"KOR","MAMMOMACHINE","TOT","1000000HAB","A","2001",13.53,
"KOR","MAMMOMACHINE","TOT","1000000HAB","A","2002",19.41,
"KOR","MAMMOMACHINE","TOT","1000000HAB","A","2003",24.76,
"KOR","MAMMOMACHINE","TOT","1000000HAB","A","2004",27.14,
"KOR","MAMMOMACHINE","TOT","1000000HAB","A","2005",28.81,
"KOR","MAMMOMACHINE","TOT","1000000HAB","A","2006",33.98,
"KOR","MAMMOMACHINE","TOT","1000000HAB","A","2007",41.7,
"KOR","MAMMOMACHINE","TOT","1000000HAB","A","2008",46.87,
"KOR","MAMMOMACHINE","TOT","1000000HAB","A","2009",49.36,
"KOR","MAMMOMACHINE","TOT","1000000HAB","A","2010",48.71,
"KOR","MAMMOMACHINE","TOT","1000000HAB","A","2011",51.95,
"KOR","MAMMOMACHINE","TOT","1000000HAB","A","2012",54.6,
"KOR","MAMMOMACHINE","TOT","1000000HAB","A","2013",55.46,
"KOR","MAMMOMACHINE","TOT","1000000HAB","A","2014",54.03,
"KOR","MAMMOMACHINE","TOT","1000000HAB","A","2015",54.65,
"KOR","MAMMOMACHINE","TOT","1000000HAB","A","2016",57.82,"P"
"KOR","MAMMOMACHINE","INAMBULATORY","1000000HAB","A","2008",26.07,
"KOR","MAMMOMACHINE","INAMBULATORY","1000000HAB","A","2009",27.66,
"KOR","MAMMOMACHINE","INAMBULATORY","1000000HAB","A","2010",27.83,
"KOR","MAMMOMACHINE","INAMBULATORY","1000000HAB","A","2011",30.06,
"KOR","MAMMOMACHINE","INAMBULATORY","1000000HAB","A","2012",31.61,
"KOR","MAMMOMACHINE","INAMBULATORY","1000000HAB","A","2013",32.5,
"KOR","MAMMOMACHINE","INAMBULATORY","1000000HAB","A","2014",31.81,
"KOR","MAMMOMACHINE","INAMBULATORY","1000000HAB","A","2015",32.36,
"KOR","MAMMOMACHINE","INAMBULATORY","1000000HAB","A","2016",34.85,"P"
"KOR","MAMMOMACHINE","INHOSPITAL","1000000HAB","A","2008",20.79,
"KOR","MAMMOMACHINE","INHOSPITAL","1000000HAB","A","2009",21.7,
"KOR","MAMMOMACHINE","INHOSPITAL","1000000HAB","A","2010",20.89,
"KOR","MAMMOMACHINE","INHOSPITAL","1000000HAB","A","2011",21.89,
"KOR","MAMMOMACHINE","INHOSPITAL","1000000HAB","A","2012",22.99,
"KOR","MAMMOMACHINE","INHOSPITAL","1000000HAB","A","2013",22.96,
"KOR","MAMMOMACHINE","INHOSPITAL","1000000HAB","A","2014",22.23,
"KOR","MAMMOMACHINE","INHOSPITAL","1000000HAB","A","2015",22.29,
"KOR","MAMMOMACHINE","INHOSPITAL","1000000HAB","A","2016",22.97,"P"
"LUX","MAMMOMACHINE","TOT","1000000HAB","A","1992",25.5,
"LUX","MAMMOMACHINE","TOT","1000000HAB","A","1993",25.16,
"LUX","MAMMOMACHINE","TOT","1000000HAB","A","1994",24.82,
"LUX","MAMMOMACHINE","TOT","1000000HAB","A","1995",24.47,
"LUX","MAMMOMACHINE","TOT","1000000HAB","A","1996",24.14,
"LUX","MAMMOMACHINE","TOT","1000000HAB","A","1997",23.84,
"LUX","MAMMOMACHINE","TOT","1000000HAB","A","1998",23.55,
"LUX","MAMMOMACHINE","TOT","1000000HAB","A","1999",23.23,
"LUX","MAMMOMACHINE","TOT","1000000HAB","A","2000",22.92,
"LUX","MAMMOMACHINE","TOT","1000000HAB","A","2001",22.65,
"LUX","MAMMOMACHINE","TOT","1000000HAB","A","2002",22.41,
"LUX","MAMMOMACHINE","TOT","1000000HAB","A","2003",22.14,
"LUX","MAMMOMACHINE","TOT","1000000HAB","A","2004",21.83,
"LUX","MAMMOMACHINE","TOT","1000000HAB","A","2005",21.5,
"LUX","MAMMOMACHINE","TOT","1000000HAB","A","2006",21.16,
"LUX","MAMMOMACHINE","TOT","1000000HAB","A","2007",22.92,
"LUX","MAMMOMACHINE","TOT","1000000HAB","A","2008",22.51,
"LUX","MAMMOMACHINE","TOT","1000000HAB","A","2009",20.09,
"LUX","MAMMOMACHINE","TOT","1000000HAB","A","2010",19.73,
"LUX","MAMMOMACHINE","TOT","1000000HAB","A","2011",15.43,
"LUX","MAMMOMACHINE","TOT","1000000HAB","A","2012",13.18,
"LUX","MAMMOMACHINE","TOT","1000000HAB","A","2013",12.88,
"LUX","MAMMOMACHINE","TOT","1000000HAB","A","2014",12.58,
"LUX","MAMMOMACHINE","TOT","1000000HAB","A","2015",12.29,
"LUX","MAMMOMACHINE","TOT","1000000HAB","A","2016",12.15,
"LUX","MAMMOMACHINE","INAMBULATORY","1000000HAB","A","2005",0,
"LUX","MAMMOMACHINE","INAMBULATORY","1000000HAB","A","2006",0,
"LUX","MAMMOMACHINE","INAMBULATORY","1000000HAB","A","2007",0,
"LUX","MAMMOMACHINE","INAMBULATORY","1000000HAB","A","2008",0,
"LUX","MAMMOMACHINE","INAMBULATORY","1000000HAB","A","2009",0,
"LUX","MAMMOMACHINE","INAMBULATORY","1000000HAB","A","2010",0,
"LUX","MAMMOMACHINE","INAMBULATORY","1000000HAB","A","2011",0,
"LUX","MAMMOMACHINE","INAMBULATORY","1000000HAB","A","2012",0,
"LUX","MAMMOMACHINE","INAMBULATORY","1000000HAB","A","2013",0,
"LUX","MAMMOMACHINE","INAMBULATORY","1000000HAB","A","2014",0,
"LUX","MAMMOMACHINE","INAMBULATORY","1000000HAB","A","2015",0,
"LUX","MAMMOMACHINE","INAMBULATORY","1000000HAB","A","2016",0,
"LUX","MAMMOMACHINE","INHOSPITAL","1000000HAB","A","2005",21.5,
"LUX","MAMMOMACHINE","INHOSPITAL","1000000HAB","A","2006",21.16,
"LUX","MAMMOMACHINE","INHOSPITAL","1000000HAB","A","2007",22.92,
"LUX","MAMMOMACHINE","INHOSPITAL","1000000HAB","A","2008",22.51,
"LUX","MAMMOMACHINE","INHOSPITAL","1000000HAB","A","2009",20.09,
"LUX","MAMMOMACHINE","INHOSPITAL","1000000HAB","A","2010",19.73,
"LUX","MAMMOMACHINE","INHOSPITAL","1000000HAB","A","2011",15.43,
"LUX","MAMMOMACHINE","INHOSPITAL","1000000HAB","A","2012",13.18,
"LUX","MAMMOMACHINE","INHOSPITAL","1000000HAB","A","2013",12.88,
"LUX","MAMMOMACHINE","INHOSPITAL","1000000HAB","A","2014",12.58,
"LUX","MAMMOMACHINE","INHOSPITAL","1000000HAB","A","2015",12.29,
"LUX","MAMMOMACHINE","INHOSPITAL","1000000HAB","A","2016",12.15,
"MEX","MAMMOMACHINE","TOT","1000000HAB","A","2001",2.76,
"MEX","MAMMOMACHINE","TOT","1000000HAB","A","2002",3.33,
"MEX","MAMMOMACHINE","TOT","1000000HAB","A","2003",3.71,
"MEX","MAMMOMACHINE","TOT","1000000HAB","A","2004",4.21,
"MEX","MAMMOMACHINE","TOT","1000000HAB","A","2005",4.43,
"MEX","MAMMOMACHINE","TOT","1000000HAB","A","2006",4.98,
"MEX","MAMMOMACHINE","TOT","1000000HAB","A","2007",5.42,
"MEX","MAMMOMACHINE","TOT","1000000HAB","A","2008",6.11,
"MEX","MAMMOMACHINE","TOT","1000000HAB","A","2009",6.36,
"MEX","MAMMOMACHINE","TOT","1000000HAB","A","2010",7.02,
"MEX","MAMMOMACHINE","TOT","1000000HAB","A","2011",6.99,
"MEX","MAMMOMACHINE","TOT","1000000HAB","A","2012",9.08,
"MEX","MAMMOMACHINE","TOT","1000000HAB","A","2013",9.26,
"MEX","MAMMOMACHINE","TOT","1000000HAB","A","2014",9.46,
"MEX","MAMMOMACHINE","TOT","1000000HAB","A","2015",9.99,
"NLD","MAMMOMACHINE","TOT","1000000HAB","A","2005",3.86,
"NLD","MAMMOMACHINE","INHOSPITAL","1000000HAB","A","2005",3.86,
"NZL","MAMMOMACHINE","TOT","1000000HAB","A","1997",17.19,
"NZL","MAMMOMACHINE","TOT","1000000HAB","A","1998",19.4,
"NZL","MAMMOMACHINE","TOT","1000000HAB","A","1999",19.3,
"NZL","MAMMOMACHINE","TOT","1000000HAB","A","2001",22.94,
"NZL","MAMMOMACHINE","TOT","1000000HAB","A","2002",25.07,
"NZL","MAMMOMACHINE","TOT","1000000HAB","A","2003",22.35,
"NZL","MAMMOMACHINE","TOT","1000000HAB","A","2004",23,
"NZL","MAMMOMACHINE","TOT","1000000HAB","A","2007",27.7,
"NZL","MAMMOMACHINE","TOT","1000000HAB","A","2008",26.76,
"NZL","MAMMOMACHINE","TOT","1000000HAB","A","2009",26.5,
"NZL","MAMMOMACHINE","TOT","1000000HAB","A","2010",25.28,
"NZL","MAMMOMACHINE","TOT","1000000HAB","A","2011",25.09,
"NZL","MAMMOMACHINE","TOT","1000000HAB","A","2012",24.95,
"NZL","MAMMOMACHINE","TOT","1000000HAB","A","2013",25.44,
"NZL","MAMMOMACHINE","TOT","1000000HAB","A","2014",24.17,
"NZL","MAMMOMACHINE","TOT","1000000HAB","A","2015",21.98,
"NZL","MAMMOMACHINE","TOT","1000000HAB","A","2016",22.59,"P"
"POL","MAMMOMACHINE","TOT","1000000HAB","A","1999",9.98,
"POL","MAMMOMACHINE","TOT","1000000HAB","A","2000",10.95,
"POL","MAMMOMACHINE","TOT","1000000HAB","A","2001",12.92,
"POL","MAMMOMACHINE","TOT","1000000HAB","A","2002",13.6,
"POL","MAMMOMACHINE","TOT","1000000HAB","A","2003",14.27,
"POL","MAMMOMACHINE","TOT","1000000HAB","A","2004",15.35,
"POL","MAMMOMACHINE","TOT","1000000HAB","A","2005",15.9,
"POL","MAMMOMACHINE","TOT","1000000HAB","A","2006",15.29,
"POL","MAMMOMACHINE","TOT","1000000HAB","A","2007",16.53,
"POL","MAMMOMACHINE","TOT","1000000HAB","A","2008",13.43,
"POL","MAMMOMACHINE","TOT","1000000HAB","A","2009",14.26,
"POL","MAMMOMACHINE","TOT","1000000HAB","A","2010",14.93,
"POL","MAMMOMACHINE","TOT","1000000HAB","A","2011",13.29,
"POL","MAMMOMACHINE","TOT","1000000HAB","A","2012",12.4,
"POL","MAMMOMACHINE","TOT","1000000HAB","A","2013",13.33,
"POL","MAMMOMACHINE","TOT","1000000HAB","A","2014",10.81,"B"
"POL","MAMMOMACHINE","TOT","1000000HAB","A","2015",11,
"POL","MAMMOMACHINE","INAMBULATORY","1000000HAB","A","2011",5.88,
"POL","MAMMOMACHINE","INAMBULATORY","1000000HAB","A","2012",5.36,
"POL","MAMMOMACHINE","INAMBULATORY","1000000HAB","A","2013",6.62,
"POL","MAMMOMACHINE","INAMBULATORY","1000000HAB","A","2014",4.24,"B"
"POL","MAMMOMACHINE","INAMBULATORY","1000000HAB","A","2015",4.37,
"POL","MAMMOMACHINE","INHOSPITAL","1000000HAB","A","2011",7.41,
"POL","MAMMOMACHINE","INHOSPITAL","1000000HAB","A","2012",7.04,
"POL","MAMMOMACHINE","INHOSPITAL","1000000HAB","A","2013",6.7,
"POL","MAMMOMACHINE","INHOSPITAL","1000000HAB","A","2014",6.58,"B"
"POL","MAMMOMACHINE","INHOSPITAL","1000000HAB","A","2015",6.63,
"PRT","MAMMOMACHINE","TOT","1000000HAB","A","2005",34.85,
"PRT","MAMMOMACHINE","TOT","1000000HAB","A","2006",35.45,
"PRT","MAMMOMACHINE","TOT","1000000HAB","A","2007",35.66,
"PRT","MAMMOMACHINE","INHOSPITAL","1000000HAB","A","2011",10.99,
"PRT","MAMMOMACHINE","INHOSPITAL","1000000HAB","A","2012",10.84,
"PRT","MAMMOMACHINE","INHOSPITAL","1000000HAB","A","2013",10.9,
"PRT","MAMMOMACHINE","INHOSPITAL","1000000HAB","A","2014",11.25,
"PRT","MAMMOMACHINE","INHOSPITAL","1000000HAB","A","2015",11.49,"E"
"SVK","MAMMOMACHINE","TOT","1000000HAB","A","2003",13.03,
"SVK","MAMMOMACHINE","TOT","1000000HAB","A","2004",13.03,
"SVK","MAMMOMACHINE","TOT","1000000HAB","A","2005",13.59,
"SVK","MAMMOMACHINE","TOT","1000000HAB","A","2006",12.84,
"SVK","MAMMOMACHINE","TOT","1000000HAB","A","2007",14.51,
"SVK","MAMMOMACHINE","TOT","1000000HAB","A","2008",14.13,
"SVK","MAMMOMACHINE","TOT","1000000HAB","A","2009",14.48,
"SVK","MAMMOMACHINE","TOT","1000000HAB","A","2010",13.54,
"SVK","MAMMOMACHINE","TOT","1000000HAB","A","2011",14.08,
"SVK","MAMMOMACHINE","TOT","1000000HAB","A","2012",14.98,
"SVK","MAMMOMACHINE","TOT","1000000HAB","A","2013",15.7,
"SVK","MAMMOMACHINE","TOT","1000000HAB","A","2014",17.9,
"SVK","MAMMOMACHINE","TOT","1000000HAB","A","2015",18.81,
"SVK","MAMMOMACHINE","INAMBULATORY","1000000HAB","A","2003",2.05,
"SVK","MAMMOMACHINE","INAMBULATORY","1000000HAB","A","2004",2.05,
"SVK","MAMMOMACHINE","INAMBULATORY","1000000HAB","A","2005",2.61,
"SVK","MAMMOMACHINE","INAMBULATORY","1000000HAB","A","2006",1.68,
"SVK","MAMMOMACHINE","INAMBULATORY","1000000HAB","A","2007",2.98,
"SVK","MAMMOMACHINE","INAMBULATORY","1000000HAB","A","2008",2.6,
"SVK","MAMMOMACHINE","INAMBULATORY","1000000HAB","A","2009",3.53,
"SVK","MAMMOMACHINE","INAMBULATORY","1000000HAB","A","2010",2.97,
"SVK","MAMMOMACHINE","INAMBULATORY","1000000HAB","A","2011",3.33,
"SVK","MAMMOMACHINE","INAMBULATORY","1000000HAB","A","2012",3.33,
"SVK","MAMMOMACHINE","INAMBULATORY","1000000HAB","A","2013",3.51,
"SVK","MAMMOMACHINE","INAMBULATORY","1000000HAB","A","2014",5.72,
"SVK","MAMMOMACHINE","INAMBULATORY","1000000HAB","A","2015",5.9,
"SVK","MAMMOMACHINE","INHOSPITAL","1000000HAB","A","2003",10.98,
"SVK","MAMMOMACHINE","INHOSPITAL","1000000HAB","A","2004",10.98,
"SVK","MAMMOMACHINE","INHOSPITAL","1000000HAB","A","2005",10.98,
"SVK","MAMMOMACHINE","INHOSPITAL","1000000HAB","A","2006",11.17,
"SVK","MAMMOMACHINE","INHOSPITAL","1000000HAB","A","2007",11.54,
"SVK","MAMMOMACHINE","INHOSPITAL","1000000HAB","A","2008",11.53,
"SVK","MAMMOMACHINE","INHOSPITAL","1000000HAB","A","2009",10.95,
"SVK","MAMMOMACHINE","INHOSPITAL","1000000HAB","A","2010",10.57,
"SVK","MAMMOMACHINE","INHOSPITAL","1000000HAB","A","2011",10.74,
"SVK","MAMMOMACHINE","INHOSPITAL","1000000HAB","A","2012",11.65,
"SVK","MAMMOMACHINE","INHOSPITAL","1000000HAB","A","2013",12.19,
"SVK","MAMMOMACHINE","INHOSPITAL","1000000HAB","A","2014",12.18,
"SVK","MAMMOMACHINE","INHOSPITAL","1000000HAB","A","2015",12.91,
"ESP","MAMMOMACHINE","TOT","1000000HAB","A","2010",14.56,
"ESP","MAMMOMACHINE","TOT","1000000HAB","A","2011",15.02,
"ESP","MAMMOMACHINE","TOT","1000000HAB","A","2012",15.44,
"ESP","MAMMOMACHINE","TOT","1000000HAB","A","2013",15.87,
"ESP","MAMMOMACHINE","TOT","1000000HAB","A","2014",16.01,
"ESP","MAMMOMACHINE","TOT","1000000HAB","A","2015",16.21,
"ESP","MAMMOMACHINE","INAMBULATORY","1000000HAB","A","2010",2.1,
"ESP","MAMMOMACHINE","INAMBULATORY","1000000HAB","A","2011",2.29,
"ESP","MAMMOMACHINE","INAMBULATORY","1000000HAB","A","2012",2.67,
"ESP","MAMMOMACHINE","INAMBULATORY","1000000HAB","A","2013",2.77,
"ESP","MAMMOMACHINE","INAMBULATORY","1000000HAB","A","2014",2.69,
"ESP","MAMMOMACHINE","INAMBULATORY","1000000HAB","A","2015",2.67,
"ESP","MAMMOMACHINE","INHOSPITAL","1000000HAB","A","2003",9.96,
"ESP","MAMMOMACHINE","INHOSPITAL","1000000HAB","A","2004",10.13,
"ESP","MAMMOMACHINE","INHOSPITAL","1000000HAB","A","2006",9.28,"B"
"ESP","MAMMOMACHINE","INHOSPITAL","1000000HAB","A","2007",10.64,
"ESP","MAMMOMACHINE","INHOSPITAL","1000000HAB","A","2008",10.71,
"ESP","MAMMOMACHINE","INHOSPITAL","1000000HAB","A","2009",10.96,
"ESP","MAMMOMACHINE","INHOSPITAL","1000000HAB","A","2010",12.45,"B"
"ESP","MAMMOMACHINE","INHOSPITAL","1000000HAB","A","2011",12.73,
"ESP","MAMMOMACHINE","INHOSPITAL","1000000HAB","A","2012",12.76,
"ESP","MAMMOMACHINE","INHOSPITAL","1000000HAB","A","2013",13.11,
"ESP","MAMMOMACHINE","INHOSPITAL","1000000HAB","A","2014",13.32,
"ESP","MAMMOMACHINE","INHOSPITAL","1000000HAB","A","2015",13.54,
"CHE","MAMMOMACHINE","TOT","1000000HAB","A","2007",32.05,"E"
"CHE","MAMMOMACHINE","TOT","1000000HAB","A","2008",32.69,"E"
"CHE","MAMMOMACHINE","TOT","1000000HAB","A","2009",33.19,"E"
"CHE","MAMMOMACHINE","TOT","1000000HAB","A","2010",33.1,
"CHE","MAMMOMACHINE","TOT","1000000HAB","A","2011",32.73,
"CHE","MAMMOMACHINE","TOT","1000000HAB","A","2012",32.89,
"CHE","MAMMOMACHINE","TOT","1000000HAB","A","2013",33.13,
"CHE","MAMMOMACHINE","TOT","1000000HAB","A","2014",28.33,
"TUR","MAMMOMACHINE","TOT","1000000HAB","A","2009",9.27,
"TUR","MAMMOMACHINE","TOT","1000000HAB","A","2010",8.72,
"TUR","MAMMOMACHINE","TOT","1000000HAB","A","2011",9.79,
"TUR","MAMMOMACHINE","TOT","1000000HAB","A","2012",12.45,
"TUR","MAMMOMACHINE","TOT","1000000HAB","A","2013",11.88,
"TUR","MAMMOMACHINE","TOT","1000000HAB","A","2014",11.7,
"TUR","MAMMOMACHINE","TOT","1000000HAB","A","2015",11.46,
"GBR","MAMMOMACHINE","TOT","1000000HAB","A","1995",4.96,
"GBR","MAMMOMACHINE","TOT","1000000HAB","A","1996",5.17,
"GBR","MAMMOMACHINE","TOT","1000000HAB","A","1997",5.18,
"GBR","MAMMOMACHINE","TOT","1000000HAB","A","1998",5.42,
"GBR","MAMMOMACHINE","TOT","1000000HAB","A","1999",5.76,
"GBR","MAMMOMACHINE","TOT","1000000HAB","A","2000",6.15,
"GBR","MAMMOMACHINE","TOT","1000000HAB","A","2001",6.63,
"GBR","MAMMOMACHINE","TOT","1000000HAB","A","2002",7.28,
"GBR","MAMMOMACHINE","TOT","1000000HAB","A","2003",7.85,
"GBR","MAMMOMACHINE","TOT","1000000HAB","A","2004",8.13,
"GBR","MAMMOMACHINE","TOT","1000000HAB","A","2005",8.41,
"GBR","MAMMOMACHINE","TOT","1000000HAB","A","2006",8.38,
"GBR","MAMMOMACHINE","TOT","1000000HAB","A","2007",8.37,
"GBR","MAMMOMACHINE","TOT","1000000HAB","A","2008",8.82,
"GBR","MAMMOMACHINE","TOT","1000000HAB","A","2009",8.8,
"GBR","MAMMOMACHINE","TOT","1000000HAB","A","2010",10.09,"B"
"GBR","MAMMOMACHINE","TOT","1000000HAB","A","2011",10.03,
"USA","MAMMOMACHINE","TOT","1000000HAB","A","2000",45.92,
"USA","MAMMOMACHINE","TOT","1000000HAB","A","2001",46.23,
"USA","MAMMOMACHINE","TOT","1000000HAB","A","2002",45.8,
"USA","MAMMOMACHINE","TOT","1000000HAB","A","2003",46.99,
"USA","MAMMOMACHINE","TOT","1000000HAB","A","2004",46.62,
"USA","MAMMOMACHINE","TOT","1000000HAB","A","2005",46.1,
"USA","MAMMOMACHINE","TOT","1000000HAB","A","2006",45.44,
"USA","MAMMOMACHINE","TOT","1000000HAB","A","2007",44.97,
"USA","MAMMOMACHINE","TOT","1000000HAB","A","2008",44.08,
"USA","MAMMOMACHINE","TOT","1000000HAB","A","2009",41.77,
"USA","MAMMOMACHINE","TOT","1000000HAB","A","2010",40.23,
"USA","MAMMOMACHINE","TOT","1000000HAB","A","2011",39.46,
"USA","MAMMOMACHINE","TOT","1000000HAB","A","2012",39.73,
"USA","MAMMOMACHINE","TOT","1000000HAB","A","2013",41.14,
"USA","MAMMOMACHINE","TOT","1000000HAB","A","2014",43.3,
"USA","MAMMOMACHINE","TOT","1000000HAB","A","2015",47.22,
"USA","MAMMOMACHINE","TOT","1000000HAB","A","2016",51.74,
"CHL","MAMMOMACHINE","TOT","1000000HAB","A","2011",13.68,
"CHL","MAMMOMACHINE","TOT","1000000HAB","A","2012",14.04,
"CHL","MAMMOMACHINE","TOT","1000000HAB","A","2013",14.41,
"CHL","MAMMOMACHINE","TOT","1000000HAB","A","2014",12.18,"B"
"CHL","MAMMOMACHINE","INAMBULATORY","1000000HAB","A","2011",7.94,
"CHL","MAMMOMACHINE","INAMBULATORY","1000000HAB","A","2012",8.14,
"CHL","MAMMOMACHINE","INAMBULATORY","1000000HAB","A","2013",8.05,
"CHL","MAMMOMACHINE","INHOSPITAL","1000000HAB","A","2011",5.74,
"CHL","MAMMOMACHINE","INHOSPITAL","1000000HAB","A","2012",5.9,
"CHL","MAMMOMACHINE","INHOSPITAL","1000000HAB","A","2013",6.35,
"SVN","MAMMOMACHINE","TOT","1000000HAB","A","2004",16.02,
"SVN","MAMMOMACHINE","TOT","1000000HAB","A","2005",17,
"SVN","MAMMOMACHINE","TOT","1000000HAB","A","2006",17.44,
"SVN","MAMMOMACHINE","TOT","1000000HAB","A","2007",18.83,
"SVN","MAMMOMACHINE","TOT","1000000HAB","A","2008",17.32,
"SVN","MAMMOMACHINE","TOT","1000000HAB","A","2009",17.16,
"SVN","MAMMOMACHINE","TOT","1000000HAB","A","2010",17.57,
"SVN","MAMMOMACHINE","TOT","1000000HAB","A","2011",18.02,
"SVN","MAMMOMACHINE","TOT","1000000HAB","A","2012",17.5,
"SVN","MAMMOMACHINE","TOT","1000000HAB","A","2013",16.51,
"SVN","MAMMOMACHINE","TOT","1000000HAB","A","2014",16,
"SVN","MAMMOMACHINE","TOT","1000000HAB","A","2015",16.48,
"SVN","MAMMOMACHINE","TOT","1000000HAB","A","2016",15.99,
"SVN","MAMMOMACHINE","INAMBULATORY","1000000HAB","A","2004",9.51,
"SVN","MAMMOMACHINE","INAMBULATORY","1000000HAB","A","2005",9.5,
"SVN","MAMMOMACHINE","INAMBULATORY","1000000HAB","A","2006",9.97,
"SVN","MAMMOMACHINE","INAMBULATORY","1000000HAB","A","2007",10.9,
"SVN","MAMMOMACHINE","INAMBULATORY","1000000HAB","A","2008",9.89,
"SVN","MAMMOMACHINE","INAMBULATORY","1000000HAB","A","2009",9.81,
"SVN","MAMMOMACHINE","INAMBULATORY","1000000HAB","A","2010",8.79,
"SVN","MAMMOMACHINE","INAMBULATORY","1000000HAB","A","2011",9.26,
"SVN","MAMMOMACHINE","INAMBULATORY","1000000HAB","A","2012",8.75,
"SVN","MAMMOMACHINE","INAMBULATORY","1000000HAB","A","2013",8.25,
"SVN","MAMMOMACHINE","INAMBULATORY","1000000HAB","A","2014",6.3,
"SVN","MAMMOMACHINE","INAMBULATORY","1000000HAB","A","2015",6.3,
"SVN","MAMMOMACHINE","INAMBULATORY","1000000HAB","A","2016",6.78,
"SVN","MAMMOMACHINE","INHOSPITAL","1000000HAB","A","2004",6.51,
"SVN","MAMMOMACHINE","INHOSPITAL","1000000HAB","A","2005",7.5,
"SVN","MAMMOMACHINE","INHOSPITAL","1000000HAB","A","2006",7.47,
"SVN","MAMMOMACHINE","INHOSPITAL","1000000HAB","A","2007",7.93,
"SVN","MAMMOMACHINE","INHOSPITAL","1000000HAB","A","2008",7.42,
"SVN","MAMMOMACHINE","INHOSPITAL","1000000HAB","A","2009",7.35,
"SVN","MAMMOMACHINE","INHOSPITAL","1000000HAB","A","2010",8.79,
"SVN","MAMMOMACHINE","INHOSPITAL","1000000HAB","A","2011",8.77,
"SVN","MAMMOMACHINE","INHOSPITAL","1000000HAB","A","2012",8.75,
"SVN","MAMMOMACHINE","INHOSPITAL","1000000HAB","A","2013",8.25,
"SVN","MAMMOMACHINE","INHOSPITAL","1000000HAB","A","2014",9.7,
"SVN","MAMMOMACHINE","INHOSPITAL","1000000HAB","A","2015",10.18,
"SVN","MAMMOMACHINE","INHOSPITAL","1000000HAB","A","2016",9.2,
"CAN","MAMMOMACHINE","INAMBULATORY","1000000HAB","A","2013",7.68,"E"
"CAN","MAMMOMACHINE","INAMBULATORY","1000000HAB","A","2014",8.13,"E"
"CAN","MAMMOMACHINE","INAMBULATORY","1000000HAB","A","2015",8.68,"E"
"CAN","MAMMOMACHINE","INAMBULATORY","1000000HAB","A","2016",8.63,"E"
"CAN","MAMMOMACHINE","INHOSPITAL","1000000HAB","A","2013",8.7,"E"
"CAN","MAMMOMACHINE","INHOSPITAL","1000000HAB","A","2014",9.2,"E"
"CAN","MAMMOMACHINE","INHOSPITAL","1000000HAB","A","2015",9.29,"E"
"CAN","MAMMOMACHINE","INHOSPITAL","1000000HAB","A","2016",9.31,"E"
"MEX","MAMMOMACHINE","INAMBULATORY","1000000HAB","A","2012",1.73,
"MEX","MAMMOMACHINE","INAMBULATORY","1000000HAB","A","2013",1.95,
"MEX","MAMMOMACHINE","INAMBULATORY","1000000HAB","A","2014",2.05,
"MEX","MAMMOMACHINE","INAMBULATORY","1000000HAB","A","2015",2.29,
"MEX","MAMMOMACHINE","INHOSPITAL","1000000HAB","A","2012",7.36,
"MEX","MAMMOMACHINE","INHOSPITAL","1000000HAB","A","2013",7.31,
"MEX","MAMMOMACHINE","INHOSPITAL","1000000HAB","A","2014",7.41,
"MEX","MAMMOMACHINE","INHOSPITAL","1000000HAB","A","2015",7.7,
"EST","MAMMOMACHINE","TOT","1000000HAB","A","2013",9.86,
"EST","MAMMOMACHINE","TOT","1000000HAB","A","2014",9.89,
"EST","MAMMOMACHINE","TOT","1000000HAB","A","2015",10.64,
"EST","MAMMOMACHINE","INAMBULATORY","1000000HAB","A","2013",1.52,
"EST","MAMMOMACHINE","INAMBULATORY","1000000HAB","A","2014",2.28,
"EST","MAMMOMACHINE","INAMBULATORY","1000000HAB","A","2015",2.28,
"EST","MAMMOMACHINE","INHOSPITAL","1000000HAB","A","2013",8.35,
"EST","MAMMOMACHINE","INHOSPITAL","1000000HAB","A","2014",7.61,
"EST","MAMMOMACHINE","INHOSPITAL","1000000HAB","A","2015",8.36,
"LVA","MAMMOMACHINE","TOT","1000000HAB","A","2000",13.94,
"LVA","MAMMOMACHINE","TOT","1000000HAB","A","2001",14.12,
"LVA","MAMMOMACHINE","TOT","1000000HAB","A","2002",14.28,
"LVA","MAMMOMACHINE","TOT","1000000HAB","A","2003",11.8,
"LVA","MAMMOMACHINE","TOT","1000000HAB","A","2004",12.37,
"LVA","MAMMOMACHINE","TOT","1000000HAB","A","2005",14.74,
"LVA","MAMMOMACHINE","TOT","1000000HAB","A","2006",14.88,
"LVA","MAMMOMACHINE","TOT","1000000HAB","A","2007",15,
"LVA","MAMMOMACHINE","TOT","1000000HAB","A","2008",16.07,
"LVA","MAMMOMACHINE","TOT","1000000HAB","A","2009",17.74,
"LVA","MAMMOMACHINE","TOT","1000000HAB","A","2010",20.5,
"LVA","MAMMOMACHINE","TOT","1000000HAB","A","2011",23.3,
"LVA","MAMMOMACHINE","TOT","1000000HAB","A","2012",22.61,
"LVA","MAMMOMACHINE","TOT","1000000HAB","A","2013",23.35,
"LVA","MAMMOMACHINE","TOT","1000000HAB","A","2014",23.07,
"LVA","MAMMOMACHINE","TOT","1000000HAB","A","2015",25.28,
"LVA","MAMMOMACHINE","INAMBULATORY","1000000HAB","A","2003",5.24,
"LVA","MAMMOMACHINE","INAMBULATORY","1000000HAB","A","2004",5.74,
"LVA","MAMMOMACHINE","INAMBULATORY","1000000HAB","A","2005",6.7,
"LVA","MAMMOMACHINE","INAMBULATORY","1000000HAB","A","2006",8.11,
"LVA","MAMMOMACHINE","INAMBULATORY","1000000HAB","A","2007",7.73,
"LVA","MAMMOMACHINE","INAMBULATORY","1000000HAB","A","2008",8.73,
"LVA","MAMMOMACHINE","INAMBULATORY","1000000HAB","A","2009",9.34,
"LVA","MAMMOMACHINE","INAMBULATORY","1000000HAB","A","2010",11.44,
"LVA","MAMMOMACHINE","INAMBULATORY","1000000HAB","A","2011",15.05,
"LVA","MAMMOMACHINE","INAMBULATORY","1000000HAB","A","2012",14.26,
"LVA","MAMMOMACHINE","INAMBULATORY","1000000HAB","A","2013",14.91,
"LVA","MAMMOMACHINE","INAMBULATORY","1000000HAB","A","2014",14.04,
"LVA","MAMMOMACHINE","INAMBULATORY","1000000HAB","A","2015",17.19,
"LVA","MAMMOMACHINE","INHOSPITAL","1000000HAB","A","2003",6.56,
"LVA","MAMMOMACHINE","INHOSPITAL","1000000HAB","A","2004",6.63,
"LVA","MAMMOMACHINE","INHOSPITAL","1000000HAB","A","2005",8.04,
"LVA","MAMMOMACHINE","INHOSPITAL","1000000HAB","A","2006",6.76,
"LVA","MAMMOMACHINE","INHOSPITAL","1000000HAB","A","2007",7.27,
"LVA","MAMMOMACHINE","INHOSPITAL","1000000HAB","A","2008",7.35,
"LVA","MAMMOMACHINE","INHOSPITAL","1000000HAB","A","2009",8.4,
"LVA","MAMMOMACHINE","INHOSPITAL","1000000HAB","A","2010",9.06,
"LVA","MAMMOMACHINE","INHOSPITAL","1000000HAB","A","2011",8.25,
"LVA","MAMMOMACHINE","INHOSPITAL","1000000HAB","A","2012",8.36,
"LVA","MAMMOMACHINE","INHOSPITAL","1000000HAB","A","2013",8.45,
"LVA","MAMMOMACHINE","INHOSPITAL","1000000HAB","A","2014",9.03,
"LVA","MAMMOMACHINE","INHOSPITAL","1000000HAB","A","2015",8.09,
"LTU","MAMMOMACHINE","TOT","1000000HAB","A","2000",4,
"LTU","MAMMOMACHINE","TOT","1000000HAB","A","2001",4.03,
"LTU","MAMMOMACHINE","TOT","1000000HAB","A","2002",4.07,
"LTU","MAMMOMACHINE","TOT","1000000HAB","A","2003",4.1,
"LTU","MAMMOMACHINE","TOT","1000000HAB","A","2004",3.85,
"LTU","MAMMOMACHINE","TOT","1000000HAB","A","2005",4.21,
"LTU","MAMMOMACHINE","TOT","1000000HAB","A","2006",5.81,
"LTU","MAMMOMACHINE","TOT","1000000HAB","A","2007",5.88,"B"
"LTU","MAMMOMACHINE","TOT","1000000HAB","A","2008",7.82,
"LTU","MAMMOMACHINE","TOT","1000000HAB","A","2009",9.17,
"LTU","MAMMOMACHINE","TOT","1000000HAB","A","2010",12.59,
"LTU","MAMMOMACHINE","TOT","1000000HAB","A","2011",14.2,
"LTU","MAMMOMACHINE","TOT","1000000HAB","A","2012",13.39,
"LTU","MAMMOMACHINE","TOT","1000000HAB","A","2013",13.19,
"LTU","MAMMOMACHINE","TOT","1000000HAB","A","2014",13.64,
"LTU","MAMMOMACHINE","TOT","1000000HAB","A","2015",14.11,
"LTU","MAMMOMACHINE","TOT","1000000HAB","A","2016",14.54,
"LTU","MAMMOMACHINE","INAMBULATORY","1000000HAB","A","2000",0.29,
"LTU","MAMMOMACHINE","INAMBULATORY","1000000HAB","A","2001",0.58,
"LTU","MAMMOMACHINE","INAMBULATORY","1000000HAB","A","2002",0.58,
"LTU","MAMMOMACHINE","INAMBULATORY","1000000HAB","A","2003",0.88,
"LTU","MAMMOMACHINE","INAMBULATORY","1000000HAB","A","2004",0.89,
"LTU","MAMMOMACHINE","INAMBULATORY","1000000HAB","A","2005",0.9,
"LTU","MAMMOMACHINE","INAMBULATORY","1000000HAB","A","2006",2.14,
"LTU","MAMMOMACHINE","INAMBULATORY","1000000HAB","A","2007",1.24,"B"
"LTU","MAMMOMACHINE","INAMBULATORY","1000000HAB","A","2008",0.94,
"LTU","MAMMOMACHINE","INAMBULATORY","1000000HAB","A","2009",3.79,
"LTU","MAMMOMACHINE","INAMBULATORY","1000000HAB","A","2010",4.84,
"LTU","MAMMOMACHINE","INAMBULATORY","1000000HAB","A","2011",6.6,
"LTU","MAMMOMACHINE","INAMBULATORY","1000000HAB","A","2012",6.36,
"LTU","MAMMOMACHINE","INAMBULATORY","1000000HAB","A","2013",5.75,
"LTU","MAMMOMACHINE","INAMBULATORY","1000000HAB","A","2014",6.48,
"LTU","MAMMOMACHINE","INAMBULATORY","1000000HAB","A","2015",6.54,
"LTU","MAMMOMACHINE","INAMBULATORY","1000000HAB","A","2016",6.58,
"LTU","MAMMOMACHINE","INHOSPITAL","1000000HAB","A","2000",3.71,
"LTU","MAMMOMACHINE","INHOSPITAL","1000000HAB","A","2001",3.46,
"LTU","MAMMOMACHINE","INHOSPITAL","1000000HAB","A","2002",3.49,
"LTU","MAMMOMACHINE","INHOSPITAL","1000000HAB","A","2003",3.22,
"LTU","MAMMOMACHINE","INHOSPITAL","1000000HAB","A","2004",2.96,
"LTU","MAMMOMACHINE","INHOSPITAL","1000000HAB","A","2005",3.31,
"LTU","MAMMOMACHINE","INHOSPITAL","1000000HAB","A","2006",3.67,
"LTU","MAMMOMACHINE","INHOSPITAL","1000000HAB","A","2007",4.64,"B"
"LTU","MAMMOMACHINE","INHOSPITAL","1000000HAB","A","2008",6.88,
"LTU","MAMMOMACHINE","INHOSPITAL","1000000HAB","A","2009",5.37,
"LTU","MAMMOMACHINE","INHOSPITAL","1000000HAB","A","2010",7.75,
"LTU","MAMMOMACHINE","INHOSPITAL","1000000HAB","A","2011",7.6,
"LTU","MAMMOMACHINE","INHOSPITAL","1000000HAB","A","2012",7.03,
"LTU","MAMMOMACHINE","INHOSPITAL","1000000HAB","A","2013",7.44,
"LTU","MAMMOMACHINE","INHOSPITAL","1000000HAB","A","2014",7.16,
"LTU","MAMMOMACHINE","INHOSPITAL","1000000HAB","A","2015",7.57,
"LTU","MAMMOMACHINE","INHOSPITAL","1000000HAB","A","2016",7.96,
"SWE","MAMMOMACHINE","INHOSPITAL","1000000HAB","A","2015",12.96,
"SWE","MAMMOMACHINE","INHOSPITAL","1000000HAB","A","2016",13.6,
"FRA","MAMMOMACHINE","INHOSPITAL","1000000HAB","A","2013",7.68,
"FRA","MAMMOMACHINE","INHOSPITAL","1000000HAB","A","2014",7.58,
"FRA","MAMMOMACHINE","INHOSPITAL","1000000HAB","A","2015",7.5,
