﻿"LOCATION","INDICATOR","SUBJECT","MEASURE","FREQUENCY","TIME","Value","Flag Codes"
"AUS","RADIOEQT","TOT","1000000HAB","A","1985",2.53,
"AUS","RADIOEQT","TOT","1000000HAB","A","1986",2.68,
"AUS","RADIOEQT","TOT","1000000HAB","A","1988",2.72,
"AUS","RADIOEQT","TOT","1000000HAB","A","1990",2.93,
"AUS","RADIOEQT","TOT","1000000HAB","A","1992",3.43,
"AUS","RADIOEQT","TOT","1000000HAB","A","1994",3.99,
"AUS","RADIOEQT","TOT","1000000HAB","A","1995",4.39,
"AUS","RADIOEQT","TOT","1000000HAB","A","1996",4.77,
"AUS","RADIOEQT","TOT","1000000HAB","A","1997",4.94,
"AUS","RADIOEQT","TOT","1000000HAB","A","1999",5.05,
"AUS","RADIOEQT","TOT","1000000HAB","A","2000",5.2,
"AUS","RADIOEQT","TOT","1000000HAB","A","2001",5.14,
"AUS","RADIOEQT","TOT","1000000HAB","A","2002",5.49,
"AUS","RADIOEQT","TOT","1000000HAB","A","2005",6.1,"B"
"AUS","RADIOEQT","TOT","1000000HAB","A","2006",6.21,
"AUS","RADIOEQT","TOT","1000000HAB","A","2008",7.91,
"AUS","RADIOEQT","TOT","1000000HAB","A","2009",8.9,
"AUS","RADIOEQT","TOT","1000000HAB","A","2010",9.3,
"AUS","RADIOEQT","TOT","1000000HAB","A","2011",9.18,
"AUS","RADIOEQT","TOT","1000000HAB","A","2012",9.72,
"AUS","RADIOEQT","TOT","1000000HAB","A","2013",10.12,
"AUS","RADIOEQT","TOT","1000000HAB","A","2014",10.57,
"AUS","RADIOEQT","TOT","1000000HAB","A","2015",10.85,
"AUS","RADIOEQT","TOT","1000000HAB","A","2016",10.73,
"AUT","RADIOEQT","TOT","1000000HAB","A","1996",3.27,
"AUT","RADIOEQT","TOT","1000000HAB","A","1997",3.77,
"AUT","RADIOEQT","TOT","1000000HAB","A","1998",4.14,
"AUT","RADIOEQT","TOT","1000000HAB","A","1999",4.25,
"AUT","RADIOEQT","TOT","1000000HAB","A","2000",4.24,
"AUT","RADIOEQT","TOT","1000000HAB","A","2001",4.48,
"AUT","RADIOEQT","TOT","1000000HAB","A","2002",4.45,
"AUT","RADIOEQT","TOT","1000000HAB","A","2003",4.43,
"AUT","RADIOEQT","TOT","1000000HAB","A","2004",4.53,
"AUT","RADIOEQT","TOT","1000000HAB","A","2005",4.62,
"AUT","RADIOEQT","TOT","1000000HAB","A","2006",4.84,
"AUT","RADIOEQT","TOT","1000000HAB","A","2007",4.82,
"AUT","RADIOEQT","TOT","1000000HAB","A","2008",5.05,
"AUT","RADIOEQT","TOT","1000000HAB","A","2009",5.03,
"AUT","RADIOEQT","TOT","1000000HAB","A","2010",5.14,
"AUT","RADIOEQT","TOT","1000000HAB","A","2011",4.77,
"AUT","RADIOEQT","TOT","1000000HAB","A","2012",4.86,
"AUT","RADIOEQT","TOT","1000000HAB","A","2013",4.95,
"AUT","RADIOEQT","TOT","1000000HAB","A","2014",4.92,
"AUT","RADIOEQT","TOT","1000000HAB","A","2015",4.86,
"AUT","RADIOEQT","INAMBULATORY","1000000HAB","A","1996",0,
"AUT","RADIOEQT","INAMBULATORY","1000000HAB","A","1997",0,
"AUT","RADIOEQT","INAMBULATORY","1000000HAB","A","1998",0,
"AUT","RADIOEQT","INAMBULATORY","1000000HAB","A","1999",0,
"AUT","RADIOEQT","INAMBULATORY","1000000HAB","A","2000",0,
"AUT","RADIOEQT","INAMBULATORY","1000000HAB","A","2001",0,
"AUT","RADIOEQT","INAMBULATORY","1000000HAB","A","2002",0,
"AUT","RADIOEQT","INAMBULATORY","1000000HAB","A","2003",0,
"AUT","RADIOEQT","INAMBULATORY","1000000HAB","A","2004",0,
"AUT","RADIOEQT","INAMBULATORY","1000000HAB","A","2005",0,
"AUT","RADIOEQT","INAMBULATORY","1000000HAB","A","2006",0,
"AUT","RADIOEQT","INAMBULATORY","1000000HAB","A","2007",0,
"AUT","RADIOEQT","INAMBULATORY","1000000HAB","A","2008",0,
"AUT","RADIOEQT","INAMBULATORY","1000000HAB","A","2009",0,
"AUT","RADIOEQT","INAMBULATORY","1000000HAB","A","2010",0,
"AUT","RADIOEQT","INAMBULATORY","1000000HAB","A","2011",0,
"AUT","RADIOEQT","INAMBULATORY","1000000HAB","A","2012",0,
"AUT","RADIOEQT","INAMBULATORY","1000000HAB","A","2013",0,
"AUT","RADIOEQT","INAMBULATORY","1000000HAB","A","2014",0,
"AUT","RADIOEQT","INAMBULATORY","1000000HAB","A","2015",0,
"AUT","RADIOEQT","INHOSPITAL","1000000HAB","A","1996",3.27,
"AUT","RADIOEQT","INHOSPITAL","1000000HAB","A","1997",3.77,
"AUT","RADIOEQT","INHOSPITAL","1000000HAB","A","1998",4.14,
"AUT","RADIOEQT","INHOSPITAL","1000000HAB","A","1999",4.25,
"AUT","RADIOEQT","INHOSPITAL","1000000HAB","A","2000",4.24,
"AUT","RADIOEQT","INHOSPITAL","1000000HAB","A","2001",4.48,
"AUT","RADIOEQT","INHOSPITAL","1000000HAB","A","2002",4.45,
"AUT","RADIOEQT","INHOSPITAL","1000000HAB","A","2003",4.43,
"AUT","RADIOEQT","INHOSPITAL","1000000HAB","A","2004",4.53,
"AUT","RADIOEQT","INHOSPITAL","1000000HAB","A","2005",4.62,
"AUT","RADIOEQT","INHOSPITAL","1000000HAB","A","2006",4.84,
"AUT","RADIOEQT","INHOSPITAL","1000000HAB","A","2007",4.82,
"AUT","RADIOEQT","INHOSPITAL","1000000HAB","A","2008",5.05,
"AUT","RADIOEQT","INHOSPITAL","1000000HAB","A","2009",5.03,
"AUT","RADIOEQT","INHOSPITAL","1000000HAB","A","2010",5.14,
"AUT","RADIOEQT","INHOSPITAL","1000000HAB","A","2011",4.77,
"AUT","RADIOEQT","INHOSPITAL","1000000HAB","A","2012",4.86,
"AUT","RADIOEQT","INHOSPITAL","1000000HAB","A","2013",4.95,
"AUT","RADIOEQT","INHOSPITAL","1000000HAB","A","2014",4.92,
"AUT","RADIOEQT","INHOSPITAL","1000000HAB","A","2015",4.86,
"BEL","RADIOEQT","INHOSPITAL","1000000HAB","A","2000",12.49,
"BEL","RADIOEQT","INHOSPITAL","1000000HAB","A","2001",13.12,
"BEL","RADIOEQT","INHOSPITAL","1000000HAB","A","2002",12.68,
"BEL","RADIOEQT","INHOSPITAL","1000000HAB","A","2003",12.63,
"BEL","RADIOEQT","INHOSPITAL","1000000HAB","A","2004",12.76,
"BEL","RADIOEQT","INHOSPITAL","1000000HAB","A","2005",12.79,
"BEL","RADIOEQT","INHOSPITAL","1000000HAB","A","2006",12.8,
"BEL","RADIOEQT","INHOSPITAL","1000000HAB","A","2007",14.12,
"BEL","RADIOEQT","INHOSPITAL","1000000HAB","A","2008",14.66,
"BEL","RADIOEQT","INHOSPITAL","1000000HAB","A","2009",14.45,
"BEL","RADIOEQT","INHOSPITAL","1000000HAB","A","2010",15.14,
"BEL","RADIOEQT","INHOSPITAL","1000000HAB","A","2011",15.3,
"BEL","RADIOEQT","INHOSPITAL","1000000HAB","A","2012",15.01,
"BEL","RADIOEQT","INHOSPITAL","1000000HAB","A","2013",16.81,
"BEL","RADIOEQT","INHOSPITAL","1000000HAB","A","2014",18.2,
"BEL","RADIOEQT","INHOSPITAL","1000000HAB","A","2015",18.09,
"CAN","RADIOEQT","TOT","1000000HAB","A","1993",5.58,
"CAN","RADIOEQT","TOT","1000000HAB","A","1994",6.38,
"CAN","RADIOEQT","TOT","1000000HAB","A","1995",6.89,
"CAN","RADIOEQT","TOT","1000000HAB","A","1996",6.86,
"CAN","RADIOEQT","TOT","1000000HAB","A","1997",7.06,
"CZE","RADIOEQT","TOT","1000000HAB","A","1991",5.43,
"CZE","RADIOEQT","TOT","1000000HAB","A","1992",5.72,
"CZE","RADIOEQT","TOT","1000000HAB","A","1993",4.36,
"CZE","RADIOEQT","TOT","1000000HAB","A","1994",4.16,
"CZE","RADIOEQT","TOT","1000000HAB","A","1995",4.94,
"CZE","RADIOEQT","TOT","1000000HAB","A","1996",6.11,
"CZE","RADIOEQT","TOT","1000000HAB","A","1997",6.5,
"CZE","RADIOEQT","TOT","1000000HAB","A","1998",6.41,
"CZE","RADIOEQT","TOT","1000000HAB","A","1999",6.32,
"CZE","RADIOEQT","TOT","1000000HAB","A","2000",8.48,"B"
"CZE","RADIOEQT","TOT","1000000HAB","A","2001",9.1,
"CZE","RADIOEQT","TOT","1000000HAB","A","2002",9.02,
"CZE","RADIOEQT","TOT","1000000HAB","A","2003",9.12,
"CZE","RADIOEQT","TOT","1000000HAB","A","2004",9.32,
"CZE","RADIOEQT","TOT","1000000HAB","A","2005",8.62,
"CZE","RADIOEQT","TOT","1000000HAB","A","2006",8.99,
"CZE","RADIOEQT","TOT","1000000HAB","A","2007",8.84,
"CZE","RADIOEQT","TOT","1000000HAB","A","2008",8.47,
"CZE","RADIOEQT","TOT","1000000HAB","A","2009",8.52,
"CZE","RADIOEQT","TOT","1000000HAB","A","2010",8.69,
"CZE","RADIOEQT","TOT","1000000HAB","A","2011",8.29,
"CZE","RADIOEQT","TOT","1000000HAB","A","2012",8.37,
"CZE","RADIOEQT","TOT","1000000HAB","A","2013",7.99,
"CZE","RADIOEQT","TOT","1000000HAB","A","2014",7.51,
"CZE","RADIOEQT","TOT","1000000HAB","A","2015",8.53,
"CZE","RADIOEQT","INAMBULATORY","1000000HAB","A","2011",0.95,
"CZE","RADIOEQT","INAMBULATORY","1000000HAB","A","2012",0.67,
"CZE","RADIOEQT","INAMBULATORY","1000000HAB","A","2013",0.67,
"CZE","RADIOEQT","INAMBULATORY","1000000HAB","A","2014",0.67,
"CZE","RADIOEQT","INAMBULATORY","1000000HAB","A","2015",1.04,
"CZE","RADIOEQT","INHOSPITAL","1000000HAB","A","2011",7.34,
"CZE","RADIOEQT","INHOSPITAL","1000000HAB","A","2012",7.71,
"CZE","RADIOEQT","INHOSPITAL","1000000HAB","A","2013",7.32,
"CZE","RADIOEQT","INHOSPITAL","1000000HAB","A","2014",6.84,
"CZE","RADIOEQT","INHOSPITAL","1000000HAB","A","2015",7.49,
"DNK","RADIOEQT","TOT","1000000HAB","A","2000",5.43,
"DNK","RADIOEQT","TOT","1000000HAB","A","2001",5.41,
"DNK","RADIOEQT","TOT","1000000HAB","A","2002",5.95,
"DNK","RADIOEQT","TOT","1000000HAB","A","2003",6.31,
"DNK","RADIOEQT","TOT","1000000HAB","A","2004",5.92,
"DNK","RADIOEQT","TOT","1000000HAB","A","2005",6.64,
"DNK","RADIOEQT","TOT","1000000HAB","A","2006",7.72,
"DNK","RADIOEQT","TOT","1000000HAB","A","2007",7.87,
"DNK","RADIOEQT","TOT","1000000HAB","A","2008",11.65,"B"
"DNK","RADIOEQT","TOT","1000000HAB","A","2009",12.67,
"DNK","RADIOEQT","TOT","1000000HAB","A","2010",12.62,
"DNK","RADIOEQT","TOT","1000000HAB","A","2011",12.93,
"DNK","RADIOEQT","TOT","1000000HAB","A","2013",13.36,
"DNK","RADIOEQT","TOT","1000000HAB","A","2014",13.29,
"DNK","RADIOEQT","TOT","1000000HAB","A","2015",13.72,
"DNK","RADIOEQT","INAMBULATORY","1000000HAB","A","2000",0,
"DNK","RADIOEQT","INAMBULATORY","1000000HAB","A","2001",0,
"DNK","RADIOEQT","INAMBULATORY","1000000HAB","A","2002",0,
"DNK","RADIOEQT","INAMBULATORY","1000000HAB","A","2003",0,
"DNK","RADIOEQT","INAMBULATORY","1000000HAB","A","2004",0,
"DNK","RADIOEQT","INAMBULATORY","1000000HAB","A","2005",0,
"DNK","RADIOEQT","INAMBULATORY","1000000HAB","A","2006",0,
"DNK","RADIOEQT","INAMBULATORY","1000000HAB","A","2007",0,
"DNK","RADIOEQT","INAMBULATORY","1000000HAB","A","2008",0,
"DNK","RADIOEQT","INAMBULATORY","1000000HAB","A","2009",0,
"DNK","RADIOEQT","INAMBULATORY","1000000HAB","A","2010",0,
"DNK","RADIOEQT","INAMBULATORY","1000000HAB","A","2013",0,
"DNK","RADIOEQT","INAMBULATORY","1000000HAB","A","2015",0,
"DNK","RADIOEQT","INHOSPITAL","1000000HAB","A","2000",5.43,
"DNK","RADIOEQT","INHOSPITAL","1000000HAB","A","2001",5.41,
"DNK","RADIOEQT","INHOSPITAL","1000000HAB","A","2002",5.95,
"DNK","RADIOEQT","INHOSPITAL","1000000HAB","A","2003",6.31,
"DNK","RADIOEQT","INHOSPITAL","1000000HAB","A","2004",5.92,
"DNK","RADIOEQT","INHOSPITAL","1000000HAB","A","2005",6.64,
"DNK","RADIOEQT","INHOSPITAL","1000000HAB","A","2006",7.72,
"DNK","RADIOEQT","INHOSPITAL","1000000HAB","A","2007",7.87,
"DNK","RADIOEQT","INHOSPITAL","1000000HAB","A","2008",11.65,"B"
"DNK","RADIOEQT","INHOSPITAL","1000000HAB","A","2009",12.67,
"DNK","RADIOEQT","INHOSPITAL","1000000HAB","A","2010",12.62,
"DNK","RADIOEQT","INHOSPITAL","1000000HAB","A","2011",12.93,
"DNK","RADIOEQT","INHOSPITAL","1000000HAB","A","2013",13.36,
"DNK","RADIOEQT","INHOSPITAL","1000000HAB","A","2014",13.29,
"DNK","RADIOEQT","INHOSPITAL","1000000HAB","A","2015",13.72,
"FIN","RADIOEQT","TOT","1000000HAB","A","1980",11.3,
"FIN","RADIOEQT","TOT","1000000HAB","A","1981",10.42,
"FIN","RADIOEQT","TOT","1000000HAB","A","1982",9.12,
"FIN","RADIOEQT","TOT","1000000HAB","A","1983",9.68,
"FIN","RADIOEQT","TOT","1000000HAB","A","1984",9.83,
"FIN","RADIOEQT","TOT","1000000HAB","A","1985",10,
"FIN","RADIOEQT","TOT","1000000HAB","A","1986",9.96,
"FIN","RADIOEQT","TOT","1000000HAB","A","1987",10.34,
"FIN","RADIOEQT","TOT","1000000HAB","A","1988",10.51,
"FIN","RADIOEQT","TOT","1000000HAB","A","1989",10.27,
"FIN","RADIOEQT","TOT","1000000HAB","A","1990",10.03,
"FIN","RADIOEQT","TOT","1000000HAB","A","1991",9.77,
"FIN","RADIOEQT","TOT","1000000HAB","A","1992",9.12,
"FIN","RADIOEQT","TOT","1000000HAB","A","1993",8.68,
"FIN","RADIOEQT","TOT","1000000HAB","A","1994",8.84,
"FIN","RADIOEQT","TOT","1000000HAB","A","1995",8.61,
"FIN","RADIOEQT","TOT","1000000HAB","A","1996",8.98,
"FIN","RADIOEQT","TOT","1000000HAB","A","1997",8.56,
"FIN","RADIOEQT","TOT","1000000HAB","A","1998",8.93,
"FIN","RADIOEQT","TOT","1000000HAB","A","1999",8.91,
"FIN","RADIOEQT","TOT","1000000HAB","A","2000",8.69,
"FIN","RADIOEQT","TOT","1000000HAB","A","2001",8.67,
"FIN","RADIOEQT","TOT","1000000HAB","A","2002",8.85,
"FIN","RADIOEQT","TOT","1000000HAB","A","2003",9.02,
"FIN","RADIOEQT","TOT","1000000HAB","A","2004",8.8,
"FIN","RADIOEQT","TOT","1000000HAB","A","2005",8.77,
"FIN","RADIOEQT","TOT","1000000HAB","A","2006",8.92,
"FIN","RADIOEQT","TOT","1000000HAB","A","2007",8.7,
"FIN","RADIOEQT","TOT","1000000HAB","A","2008",8.66,
"FIN","RADIOEQT","TOT","1000000HAB","A","2009",8.8,
"FIN","RADIOEQT","TOT","1000000HAB","A","2010",8.95,
"FIN","RADIOEQT","TOT","1000000HAB","A","2011",9.65,
"FIN","RADIOEQT","TOT","1000000HAB","A","2012",9.6,
"FIN","RADIOEQT","TOT","1000000HAB","A","2013",9.56,
"FIN","RADIOEQT","TOT","1000000HAB","A","2014",9.89,
"FIN","RADIOEQT","TOT","1000000HAB","A","2015",10.4,
"FIN","RADIOEQT","TOT","1000000HAB","A","2016",10.21,
"FIN","RADIOEQT","INAMBULATORY","1000000HAB","A","1980",0,
"FIN","RADIOEQT","INAMBULATORY","1000000HAB","A","1981",0,
"FIN","RADIOEQT","INAMBULATORY","1000000HAB","A","1982",0,
"FIN","RADIOEQT","INAMBULATORY","1000000HAB","A","1983",0,
"FIN","RADIOEQT","INAMBULATORY","1000000HAB","A","1984",0,
"FIN","RADIOEQT","INAMBULATORY","1000000HAB","A","1985",0,
"FIN","RADIOEQT","INAMBULATORY","1000000HAB","A","1986",0,
"FIN","RADIOEQT","INAMBULATORY","1000000HAB","A","1987",0,
"FIN","RADIOEQT","INAMBULATORY","1000000HAB","A","1988",0,
"FIN","RADIOEQT","INAMBULATORY","1000000HAB","A","1989",0,
"FIN","RADIOEQT","INAMBULATORY","1000000HAB","A","1990",0,
"FIN","RADIOEQT","INAMBULATORY","1000000HAB","A","1991",0,
"FIN","RADIOEQT","INAMBULATORY","1000000HAB","A","1992",0,
"FIN","RADIOEQT","INAMBULATORY","1000000HAB","A","1993",0,
"FIN","RADIOEQT","INAMBULATORY","1000000HAB","A","1994",0,
"FIN","RADIOEQT","INAMBULATORY","1000000HAB","A","1995",0,
"FIN","RADIOEQT","INAMBULATORY","1000000HAB","A","1996",0,
"FIN","RADIOEQT","INAMBULATORY","1000000HAB","A","1997",0,
"FIN","RADIOEQT","INAMBULATORY","1000000HAB","A","1998",0,
"FIN","RADIOEQT","INAMBULATORY","1000000HAB","A","1999",0,
"FIN","RADIOEQT","INAMBULATORY","1000000HAB","A","2000",0,
"FIN","RADIOEQT","INAMBULATORY","1000000HAB","A","2001",0,
"FIN","RADIOEQT","INAMBULATORY","1000000HAB","A","2002",0,
"FIN","RADIOEQT","INAMBULATORY","1000000HAB","A","2003",0,
"FIN","RADIOEQT","INAMBULATORY","1000000HAB","A","2004",0,
"FIN","RADIOEQT","INAMBULATORY","1000000HAB","A","2005",0,
"FIN","RADIOEQT","INAMBULATORY","1000000HAB","A","2006",0,
"FIN","RADIOEQT","INAMBULATORY","1000000HAB","A","2007",0,
"FIN","RADIOEQT","INAMBULATORY","1000000HAB","A","2008",0,
"FIN","RADIOEQT","INAMBULATORY","1000000HAB","A","2009",0,
"FIN","RADIOEQT","INAMBULATORY","1000000HAB","A","2010",0,
"FIN","RADIOEQT","INAMBULATORY","1000000HAB","A","2011",0,
"FIN","RADIOEQT","INAMBULATORY","1000000HAB","A","2012",0,
"FIN","RADIOEQT","INAMBULATORY","1000000HAB","A","2013",0,
"FIN","RADIOEQT","INAMBULATORY","1000000HAB","A","2014",0,
"FIN","RADIOEQT","INAMBULATORY","1000000HAB","A","2015",0,
"FIN","RADIOEQT","INAMBULATORY","1000000HAB","A","2016",0,
"FIN","RADIOEQT","INHOSPITAL","1000000HAB","A","1980",11.3,
"FIN","RADIOEQT","INHOSPITAL","1000000HAB","A","1981",10.42,
"FIN","RADIOEQT","INHOSPITAL","1000000HAB","A","1982",9.12,
"FIN","RADIOEQT","INHOSPITAL","1000000HAB","A","1983",9.68,
"FIN","RADIOEQT","INHOSPITAL","1000000HAB","A","1984",9.83,
"FIN","RADIOEQT","INHOSPITAL","1000000HAB","A","1985",10,
"FIN","RADIOEQT","INHOSPITAL","1000000HAB","A","1986",9.96,
"FIN","RADIOEQT","INHOSPITAL","1000000HAB","A","1987",10.34,
"FIN","RADIOEQT","INHOSPITAL","1000000HAB","A","1988",10.51,
"FIN","RADIOEQT","INHOSPITAL","1000000HAB","A","1989",10.27,
"FIN","RADIOEQT","INHOSPITAL","1000000HAB","A","1990",10.03,
"FIN","RADIOEQT","INHOSPITAL","1000000HAB","A","1991",9.77,
"FIN","RADIOEQT","INHOSPITAL","1000000HAB","A","1992",9.12,
"FIN","RADIOEQT","INHOSPITAL","1000000HAB","A","1993",8.68,
"FIN","RADIOEQT","INHOSPITAL","1000000HAB","A","1994",8.84,
"FIN","RADIOEQT","INHOSPITAL","1000000HAB","A","1995",8.61,
"FIN","RADIOEQT","INHOSPITAL","1000000HAB","A","1996",8.98,
"FIN","RADIOEQT","INHOSPITAL","1000000HAB","A","1997",8.56,
"FIN","RADIOEQT","INHOSPITAL","1000000HAB","A","1998",8.93,
"FIN","RADIOEQT","INHOSPITAL","1000000HAB","A","1999",8.91,
"FIN","RADIOEQT","INHOSPITAL","1000000HAB","A","2000",8.69,
"FIN","RADIOEQT","INHOSPITAL","1000000HAB","A","2001",8.67,
"FIN","RADIOEQT","INHOSPITAL","1000000HAB","A","2002",8.85,
"FIN","RADIOEQT","INHOSPITAL","1000000HAB","A","2003",9.02,
"FIN","RADIOEQT","INHOSPITAL","1000000HAB","A","2004",8.8,
"FIN","RADIOEQT","INHOSPITAL","1000000HAB","A","2005",8.77,
"FIN","RADIOEQT","INHOSPITAL","1000000HAB","A","2006",8.92,
"FIN","RADIOEQT","INHOSPITAL","1000000HAB","A","2007",8.7,
"FIN","RADIOEQT","INHOSPITAL","1000000HAB","A","2008",8.66,
"FIN","RADIOEQT","INHOSPITAL","1000000HAB","A","2009",8.8,
"FIN","RADIOEQT","INHOSPITAL","1000000HAB","A","2010",8.95,
"FIN","RADIOEQT","INHOSPITAL","1000000HAB","A","2011",9.65,
"FIN","RADIOEQT","INHOSPITAL","1000000HAB","A","2012",9.6,
"FIN","RADIOEQT","INHOSPITAL","1000000HAB","A","2013",9.56,
"FIN","RADIOEQT","INHOSPITAL","1000000HAB","A","2014",9.89,
"FIN","RADIOEQT","INHOSPITAL","1000000HAB","A","2015",10.4,
"FIN","RADIOEQT","INHOSPITAL","1000000HAB","A","2016",10.21,
"FRA","RADIOEQT","INHOSPITAL","1000000HAB","A","2001",11.34,
"FRA","RADIOEQT","INHOSPITAL","1000000HAB","A","2002",10.06,
"FRA","RADIOEQT","INHOSPITAL","1000000HAB","A","2003",9.5,
"FRA","RADIOEQT","INHOSPITAL","1000000HAB","A","2004",10.23,
"FRA","RADIOEQT","INHOSPITAL","1000000HAB","A","2005",9.1,
"FRA","RADIOEQT","INHOSPITAL","1000000HAB","A","2006",8.78,
"FRA","RADIOEQT","INHOSPITAL","1000000HAB","A","2007",8.99,
"FRA","RADIOEQT","INHOSPITAL","1000000HAB","A","2008",8.8,
"FRA","RADIOEQT","INHOSPITAL","1000000HAB","A","2009",9.18,
"FRA","RADIOEQT","INHOSPITAL","1000000HAB","A","2010",9.43,
"FRA","RADIOEQT","INHOSPITAL","1000000HAB","A","2011",9.43,
"FRA","RADIOEQT","INHOSPITAL","1000000HAB","A","2012",9.63,"E"
"FRA","RADIOEQT","INHOSPITAL","1000000HAB","A","2013",10.22,"B"
"FRA","RADIOEQT","INHOSPITAL","1000000HAB","A","2014",10.27,
"FRA","RADIOEQT","INHOSPITAL","1000000HAB","A","2015",10.06,
"DEU","RADIOEQT","INHOSPITAL","1000000HAB","A","1991",4.25,
"DEU","RADIOEQT","INHOSPITAL","1000000HAB","A","1992",4.24,
"DEU","RADIOEQT","INHOSPITAL","1000000HAB","A","1993",4.44,
"DEU","RADIOEQT","INHOSPITAL","1000000HAB","A","1994",4.47,
"DEU","RADIOEQT","INHOSPITAL","1000000HAB","A","1995",4.46,
"DEU","RADIOEQT","INHOSPITAL","1000000HAB","A","1996",4.42,
"DEU","RADIOEQT","INHOSPITAL","1000000HAB","A","1997",4.45,
"DEU","RADIOEQT","INHOSPITAL","1000000HAB","A","1998",4.46,
"DEU","RADIOEQT","INHOSPITAL","1000000HAB","A","1999",4.58,
"DEU","RADIOEQT","INHOSPITAL","1000000HAB","A","2000",4.76,
"DEU","RADIOEQT","INHOSPITAL","1000000HAB","A","2001",4.69,
"DEU","RADIOEQT","INHOSPITAL","1000000HAB","A","2002",4.57,
"DEU","RADIOEQT","INHOSPITAL","1000000HAB","A","2003",4.63,
"DEU","RADIOEQT","INHOSPITAL","1000000HAB","A","2004",4.73,
"DEU","RADIOEQT","INHOSPITAL","1000000HAB","A","2005",4.7,
"DEU","RADIOEQT","INHOSPITAL","1000000HAB","A","2006",4.67,
"DEU","RADIOEQT","INHOSPITAL","1000000HAB","A","2007",4.67,
"DEU","RADIOEQT","INHOSPITAL","1000000HAB","A","2008",4.69,
"DEU","RADIOEQT","INHOSPITAL","1000000HAB","A","2009",4.76,
"DEU","RADIOEQT","INHOSPITAL","1000000HAB","A","2010",4.99,
"DEU","RADIOEQT","INHOSPITAL","1000000HAB","A","2011",5.02,
"DEU","RADIOEQT","INHOSPITAL","1000000HAB","A","2012",5.01,
"DEU","RADIOEQT","INHOSPITAL","1000000HAB","A","2013",5.08,
"DEU","RADIOEQT","INHOSPITAL","1000000HAB","A","2014",5.25,
"DEU","RADIOEQT","INHOSPITAL","1000000HAB","A","2015",5.19,
"GRC","RADIOEQT","TOT","1000000HAB","A","2005",5.37,
"GRC","RADIOEQT","TOT","1000000HAB","A","2006",5.35,
"GRC","RADIOEQT","TOT","1000000HAB","A","2007",5.52,
"GRC","RADIOEQT","TOT","1000000HAB","A","2008",5.6,
"GRC","RADIOEQT","TOT","1000000HAB","A","2009",5.76,
"GRC","RADIOEQT","TOT","1000000HAB","A","2010",5.93,
"GRC","RADIOEQT","TOT","1000000HAB","A","2013",5.75,
"GRC","RADIOEQT","INAMBULATORY","1000000HAB","A","2009",0,
"GRC","RADIOEQT","INAMBULATORY","1000000HAB","A","2010",0,
"GRC","RADIOEQT","INAMBULATORY","1000000HAB","A","2013",0.09,
"GRC","RADIOEQT","INHOSPITAL","1000000HAB","A","2009",5.76,
"GRC","RADIOEQT","INHOSPITAL","1000000HAB","A","2010",5.93,
"GRC","RADIOEQT","INHOSPITAL","1000000HAB","A","2013",5.65,
"HUN","RADIOEQT","TOT","1000000HAB","A","1980",0.75,
"HUN","RADIOEQT","TOT","1000000HAB","A","1981",0.84,
"HUN","RADIOEQT","TOT","1000000HAB","A","1982",0.84,
"HUN","RADIOEQT","TOT","1000000HAB","A","1983",0.84,
"HUN","RADIOEQT","TOT","1000000HAB","A","1984",1.03,
"HUN","RADIOEQT","TOT","1000000HAB","A","1985",1.03,
"HUN","RADIOEQT","TOT","1000000HAB","A","1986",1.22,
"HUN","RADIOEQT","TOT","1000000HAB","A","1987",1.32,
"HUN","RADIOEQT","TOT","1000000HAB","A","1988",1.32,
"HUN","RADIOEQT","TOT","1000000HAB","A","1989",1.34,
"HUN","RADIOEQT","TOT","1000000HAB","A","1990",1.54,
"HUN","RADIOEQT","TOT","1000000HAB","A","1991",1.74,
"HUN","RADIOEQT","TOT","1000000HAB","A","1992",1.74,
"HUN","RADIOEQT","TOT","1000000HAB","A","2000",2.25,
"HUN","RADIOEQT","TOT","1000000HAB","A","2001",2.36,
"HUN","RADIOEQT","TOT","1000000HAB","A","2002",2.46,
"HUN","RADIOEQT","TOT","1000000HAB","A","2003",2.67,
"HUN","RADIOEQT","TOT","1000000HAB","A","2004",2.67,
"HUN","RADIOEQT","TOT","1000000HAB","A","2005",2.68,
"HUN","RADIOEQT","TOT","1000000HAB","A","2006",2.78,
"HUN","RADIOEQT","TOT","1000000HAB","A","2007",3.38,
"HUN","RADIOEQT","TOT","1000000HAB","A","2008",3.39,
"HUN","RADIOEQT","TOT","1000000HAB","A","2009",4.09,
"HUN","RADIOEQT","TOT","1000000HAB","A","2010",4.1,
"HUN","RADIOEQT","TOT","1000000HAB","A","2011",4.21,
"HUN","RADIOEQT","TOT","1000000HAB","A","2012",4.23,
"HUN","RADIOEQT","TOT","1000000HAB","A","2013",4.75,
"HUN","RADIOEQT","TOT","1000000HAB","A","2014",4.56,
"HUN","RADIOEQT","TOT","1000000HAB","A","2015",4.57,
"ISL","RADIOEQT","TOT","1000000HAB","A","1980",17.53,
"ISL","RADIOEQT","TOT","1000000HAB","A","1981",17.33,
"ISL","RADIOEQT","TOT","1000000HAB","A","1982",17.1,
"ISL","RADIOEQT","TOT","1000000HAB","A","1983",16.88,
"ISL","RADIOEQT","TOT","1000000HAB","A","1984",16.7,
"ISL","RADIOEQT","TOT","1000000HAB","A","1985",16.57,
"ISL","RADIOEQT","TOT","1000000HAB","A","1986",20.56,
"ISL","RADIOEQT","TOT","1000000HAB","A","1987",24.4,
"ISL","RADIOEQT","TOT","1000000HAB","A","1988",28.03,
"ISL","RADIOEQT","TOT","1000000HAB","A","1989",27.68,
"ISL","RADIOEQT","TOT","1000000HAB","A","1990",23.55,
"ISL","RADIOEQT","TOT","1000000HAB","A","1991",19.39,
"ISL","RADIOEQT","TOT","1000000HAB","A","1992",15.32,
"ISL","RADIOEQT","TOT","1000000HAB","A","1993",15.17,
"ISL","RADIOEQT","TOT","1000000HAB","A","1994",15.04,
"ISL","RADIOEQT","TOT","1000000HAB","A","1995",14.95,
"ISL","RADIOEQT","TOT","1000000HAB","A","1996",14.87,
"ISL","RADIOEQT","TOT","1000000HAB","A","1997",14.75,
"ISL","RADIOEQT","TOT","1000000HAB","A","1998",14.6,
"ISL","RADIOEQT","TOT","1000000HAB","A","1999",14.42,
"ISL","RADIOEQT","TOT","1000000HAB","A","2000",14.22,
"ISL","RADIOEQT","TOT","1000000HAB","A","2001",14.04,
"ISL","RADIOEQT","TOT","1000000HAB","A","2002",13.91,
"ISL","RADIOEQT","TOT","1000000HAB","A","2003",13.82,
"ISL","RADIOEQT","TOT","1000000HAB","A","2004",13.7,
"ISL","RADIOEQT","TOT","1000000HAB","A","2005",13.48,
"ISL","RADIOEQT","TOT","1000000HAB","A","2006",13.17,
"ISL","RADIOEQT","TOT","1000000HAB","A","2007",12.84,
"ISL","RADIOEQT","TOT","1000000HAB","A","2008",12.6,
"ISL","RADIOEQT","TOT","1000000HAB","A","2009",12.56,
"ISL","RADIOEQT","TOT","1000000HAB","A","2010",12.58,
"ISL","RADIOEQT","TOT","1000000HAB","A","2011",12.54,
"ISL","RADIOEQT","TOT","1000000HAB","A","2012",12.47,
"ISL","RADIOEQT","TOT","1000000HAB","A","2013",9.27,
"ISL","RADIOEQT","TOT","1000000HAB","A","2014",9.16,
"ISL","RADIOEQT","TOT","1000000HAB","A","2015",9.07,
"ISL","RADIOEQT","TOT","1000000HAB","A","2016",9.02,
"ISL","RADIOEQT","INAMBULATORY","1000000HAB","A","2000",0,
"ISL","RADIOEQT","INAMBULATORY","1000000HAB","A","2001",0,
"ISL","RADIOEQT","INAMBULATORY","1000000HAB","A","2002",0,
"ISL","RADIOEQT","INAMBULATORY","1000000HAB","A","2003",0,
"ISL","RADIOEQT","INAMBULATORY","1000000HAB","A","2004",0,
"ISL","RADIOEQT","INAMBULATORY","1000000HAB","A","2005",0,
"ISL","RADIOEQT","INAMBULATORY","1000000HAB","A","2006",0,
"ISL","RADIOEQT","INAMBULATORY","1000000HAB","A","2007",0,
"ISL","RADIOEQT","INAMBULATORY","1000000HAB","A","2008",0,
"ISL","RADIOEQT","INAMBULATORY","1000000HAB","A","2009",0,
"ISL","RADIOEQT","INAMBULATORY","1000000HAB","A","2010",0,
"ISL","RADIOEQT","INAMBULATORY","1000000HAB","A","2011",0,
"ISL","RADIOEQT","INAMBULATORY","1000000HAB","A","2012",0,
"ISL","RADIOEQT","INAMBULATORY","1000000HAB","A","2013",0,
"ISL","RADIOEQT","INAMBULATORY","1000000HAB","A","2014",0,
"ISL","RADIOEQT","INAMBULATORY","1000000HAB","A","2015",0,
"ISL","RADIOEQT","INAMBULATORY","1000000HAB","A","2016",0,
"ISL","RADIOEQT","INHOSPITAL","1000000HAB","A","2000",14.22,
"ISL","RADIOEQT","INHOSPITAL","1000000HAB","A","2001",14.04,
"ISL","RADIOEQT","INHOSPITAL","1000000HAB","A","2002",13.91,
"ISL","RADIOEQT","INHOSPITAL","1000000HAB","A","2003",13.82,
"ISL","RADIOEQT","INHOSPITAL","1000000HAB","A","2004",13.7,
"ISL","RADIOEQT","INHOSPITAL","1000000HAB","A","2005",13.48,
"ISL","RADIOEQT","INHOSPITAL","1000000HAB","A","2006",13.17,
"ISL","RADIOEQT","INHOSPITAL","1000000HAB","A","2007",12.84,
"ISL","RADIOEQT","INHOSPITAL","1000000HAB","A","2008",12.6,
"ISL","RADIOEQT","INHOSPITAL","1000000HAB","A","2009",12.56,
"ISL","RADIOEQT","INHOSPITAL","1000000HAB","A","2010",12.58,
"ISL","RADIOEQT","INHOSPITAL","1000000HAB","A","2011",12.54,
"ISL","RADIOEQT","INHOSPITAL","1000000HAB","A","2012",12.47,
"ISL","RADIOEQT","INHOSPITAL","1000000HAB","A","2013",9.27,
"ISL","RADIOEQT","INHOSPITAL","1000000HAB","A","2014",9.16,
"ISL","RADIOEQT","INHOSPITAL","1000000HAB","A","2015",9.07,
"ISL","RADIOEQT","INHOSPITAL","1000000HAB","A","2016",9.02,
"IRL","RADIOEQT","TOT","1000000HAB","A","1981",1.45,
"IRL","RADIOEQT","TOT","1000000HAB","A","2005",6.97,
"IRL","RADIOEQT","TOT","1000000HAB","A","2006",7.96,
"IRL","RADIOEQT","TOT","1000000HAB","A","2007",8.64,
"IRL","RADIOEQT","TOT","1000000HAB","A","2008",8.46,
"IRL","RADIOEQT","TOT","1000000HAB","A","2009",8.38,
"IRL","RADIOEQT","TOT","1000000HAB","A","2010",8.33,
"IRL","RADIOEQT","TOT","1000000HAB","A","2011",9.18,
"IRL","RADIOEQT","TOT","1000000HAB","A","2012",10.03,
"IRL","RADIOEQT","TOT","1000000HAB","A","2013",9.79,
"IRL","RADIOEQT","TOT","1000000HAB","A","2014",9.1,
"IRL","RADIOEQT","TOT","1000000HAB","A","2015",9.84,
"IRL","RADIOEQT","TOT","1000000HAB","A","2016",9.74,
"ITA","RADIOEQT","TOT","1000000HAB","A","1997",2.43,
"ITA","RADIOEQT","TOT","1000000HAB","A","1998",3.11,
"ITA","RADIOEQT","TOT","1000000HAB","A","1999",3.67,
"ITA","RADIOEQT","TOT","1000000HAB","A","2000",3.74,
"ITA","RADIOEQT","TOT","1000000HAB","A","2001",3.97,
"ITA","RADIOEQT","TOT","1000000HAB","A","2002",4.54,
"ITA","RADIOEQT","TOT","1000000HAB","A","2003",4.69,
"ITA","RADIOEQT","TOT","1000000HAB","A","2004",4.68,
"ITA","RADIOEQT","TOT","1000000HAB","A","2005",5,
"ITA","RADIOEQT","TOT","1000000HAB","A","2006",5.25,
"ITA","RADIOEQT","TOT","1000000HAB","A","2007",5.44,
"ITA","RADIOEQT","TOT","1000000HAB","A","2008",5.95,
"ITA","RADIOEQT","TOT","1000000HAB","A","2009",6.33,
"ITA","RADIOEQT","TOT","1000000HAB","A","2010",6.38,
"ITA","RADIOEQT","TOT","1000000HAB","A","2011",7.02,
"ITA","RADIOEQT","TOT","1000000HAB","A","2012",6.99,
"ITA","RADIOEQT","TOT","1000000HAB","A","2013",6.79,
"ITA","RADIOEQT","TOT","1000000HAB","A","2014",6.89,
"ITA","RADIOEQT","TOT","1000000HAB","A","2015",6.78,
"ITA","RADIOEQT","INAMBULATORY","1000000HAB","A","1997",0.09,
"ITA","RADIOEQT","INAMBULATORY","1000000HAB","A","1998",0.3,
"ITA","RADIOEQT","INAMBULATORY","1000000HAB","A","1999",0.28,
"ITA","RADIOEQT","INAMBULATORY","1000000HAB","A","2000",0.23,
"ITA","RADIOEQT","INAMBULATORY","1000000HAB","A","2001",0.32,
"ITA","RADIOEQT","INAMBULATORY","1000000HAB","A","2002",0.21,
"ITA","RADIOEQT","INAMBULATORY","1000000HAB","A","2003",0.23,
"ITA","RADIOEQT","INAMBULATORY","1000000HAB","A","2004",0.26,
"ITA","RADIOEQT","INAMBULATORY","1000000HAB","A","2005",0.43,
"ITA","RADIOEQT","INAMBULATORY","1000000HAB","A","2006",0.34,
"ITA","RADIOEQT","INAMBULATORY","1000000HAB","A","2007",0.44,
"ITA","RADIOEQT","INAMBULATORY","1000000HAB","A","2008",0.58,
"ITA","RADIOEQT","INAMBULATORY","1000000HAB","A","2009",0.42,
"ITA","RADIOEQT","INAMBULATORY","1000000HAB","A","2010",0.4,
"ITA","RADIOEQT","INAMBULATORY","1000000HAB","A","2011",0.45,
"ITA","RADIOEQT","INAMBULATORY","1000000HAB","A","2012",0.44,
"ITA","RADIOEQT","INAMBULATORY","1000000HAB","A","2013",0.33,
"ITA","RADIOEQT","INAMBULATORY","1000000HAB","A","2014",0.33,
"ITA","RADIOEQT","INAMBULATORY","1000000HAB","A","2015",0.36,
"ITA","RADIOEQT","INHOSPITAL","1000000HAB","A","1997",2.34,
"ITA","RADIOEQT","INHOSPITAL","1000000HAB","A","1998",2.81,
"ITA","RADIOEQT","INHOSPITAL","1000000HAB","A","1999",3.39,
"ITA","RADIOEQT","INHOSPITAL","1000000HAB","A","2000",3.51,
"ITA","RADIOEQT","INHOSPITAL","1000000HAB","A","2001",3.65,
"ITA","RADIOEQT","INHOSPITAL","1000000HAB","A","2002",4.33,
"ITA","RADIOEQT","INHOSPITAL","1000000HAB","A","2003",4.47,
"ITA","RADIOEQT","INHOSPITAL","1000000HAB","A","2004",4.42,
"ITA","RADIOEQT","INHOSPITAL","1000000HAB","A","2005",4.57,
"ITA","RADIOEQT","INHOSPITAL","1000000HAB","A","2006",4.9,
"ITA","RADIOEQT","INHOSPITAL","1000000HAB","A","2007",5,
"ITA","RADIOEQT","INHOSPITAL","1000000HAB","A","2008",5.37,
"ITA","RADIOEQT","INHOSPITAL","1000000HAB","A","2009",5.91,
"ITA","RADIOEQT","INHOSPITAL","1000000HAB","A","2010",5.97,
"ITA","RADIOEQT","INHOSPITAL","1000000HAB","A","2011",6.57,
"ITA","RADIOEQT","INHOSPITAL","1000000HAB","A","2012",6.55,
"ITA","RADIOEQT","INHOSPITAL","1000000HAB","A","2013",6.46,
"ITA","RADIOEQT","INHOSPITAL","1000000HAB","A","2014",6.56,
"ITA","RADIOEQT","INHOSPITAL","1000000HAB","A","2015",6.42,
"JPN","RADIOEQT","TOT","1000000HAB","A","2002",6.57,
"JPN","RADIOEQT","TOT","1000000HAB","A","2005",6.83,
"KOR","RADIOEQT","TOT","1000000HAB","A","1992",4.5,
"KOR","RADIOEQT","TOT","1000000HAB","A","1993",4.5,
"KOR","RADIOEQT","TOT","1000000HAB","A","1994",4.01,
"KOR","RADIOEQT","TOT","1000000HAB","A","1995",4.08,
"KOR","RADIOEQT","TOT","1000000HAB","A","1996",3.54,
"KOR","RADIOEQT","TOT","1000000HAB","A","1997",3.79,
"KOR","RADIOEQT","TOT","1000000HAB","A","1998",3.85,
"KOR","RADIOEQT","TOT","1000000HAB","A","1999",4.93,
"KOR","RADIOEQT","TOT","1000000HAB","A","2000",5.32,
"KOR","RADIOEQT","TOT","1000000HAB","A","2001",4.75,
"KOR","RADIOEQT","TOT","1000000HAB","A","2002",4.47,
"KOR","RADIOEQT","TOT","1000000HAB","A","2003",4.59,
"KOR","RADIOEQT","TOT","1000000HAB","A","2004",4.58,
"KOR","RADIOEQT","TOT","1000000HAB","A","2005",4.52,
"KOR","RADIOEQT","TOT","1000000HAB","A","2006",4.69,
"KOR","RADIOEQT","TOT","1000000HAB","A","2007",5.07,
"KOR","RADIOEQT","TOT","1000000HAB","A","2008",5.01,
"KOR","RADIOEQT","TOT","1000000HAB","A","2009",5.27,
"KOR","RADIOEQT","TOT","1000000HAB","A","2010",5.43,
"KOR","RADIOEQT","TOT","1000000HAB","A","2011",5.55,
"KOR","RADIOEQT","TOT","1000000HAB","A","2012",5.4,
"KOR","RADIOEQT","TOT","1000000HAB","A","2013",5.63,
"KOR","RADIOEQT","TOT","1000000HAB","A","2014",5.6,
"KOR","RADIOEQT","TOT","1000000HAB","A","2015",5.68,
"KOR","RADIOEQT","TOT","1000000HAB","A","2016",5.83,"P"
"KOR","RADIOEQT","INAMBULATORY","1000000HAB","A","2008",0,
"KOR","RADIOEQT","INAMBULATORY","1000000HAB","A","2009",0,
"KOR","RADIOEQT","INAMBULATORY","1000000HAB","A","2010",0,
"KOR","RADIOEQT","INAMBULATORY","1000000HAB","A","2011",0.02,
"KOR","RADIOEQT","INAMBULATORY","1000000HAB","A","2012",0.02,
"KOR","RADIOEQT","INAMBULATORY","1000000HAB","A","2013",0,
"KOR","RADIOEQT","INAMBULATORY","1000000HAB","A","2014",0,
"KOR","RADIOEQT","INAMBULATORY","1000000HAB","A","2015",0,
"KOR","RADIOEQT","INAMBULATORY","1000000HAB","A","2016",0,"P"
"KOR","RADIOEQT","INHOSPITAL","1000000HAB","A","2008",5.01,
"KOR","RADIOEQT","INHOSPITAL","1000000HAB","A","2009",5.27,
"KOR","RADIOEQT","INHOSPITAL","1000000HAB","A","2010",5.43,
"KOR","RADIOEQT","INHOSPITAL","1000000HAB","A","2011",5.53,
"KOR","RADIOEQT","INHOSPITAL","1000000HAB","A","2012",5.38,
"KOR","RADIOEQT","INHOSPITAL","1000000HAB","A","2013",5.63,
"KOR","RADIOEQT","INHOSPITAL","1000000HAB","A","2014",5.6,
"KOR","RADIOEQT","INHOSPITAL","1000000HAB","A","2015",5.68,
"KOR","RADIOEQT","INHOSPITAL","1000000HAB","A","2016",5.83,"P"
"LUX","RADIOEQT","TOT","1000000HAB","A","1981",2.74,
"LUX","RADIOEQT","TOT","1000000HAB","A","2000",4.58,
"LUX","RADIOEQT","TOT","1000000HAB","A","2001",4.53,
"LUX","RADIOEQT","TOT","1000000HAB","A","2002",6.72,
"LUX","RADIOEQT","TOT","1000000HAB","A","2003",6.64,
"LUX","RADIOEQT","TOT","1000000HAB","A","2004",6.55,
"LUX","RADIOEQT","TOT","1000000HAB","A","2005",6.45,
"LUX","RADIOEQT","TOT","1000000HAB","A","2006",6.35,
"LUX","RADIOEQT","TOT","1000000HAB","A","2007",6.25,
"LUX","RADIOEQT","TOT","1000000HAB","A","2008",6.14,
"LUX","RADIOEQT","TOT","1000000HAB","A","2009",6.03,
"LUX","RADIOEQT","TOT","1000000HAB","A","2010",5.92,
"LUX","RADIOEQT","TOT","1000000HAB","A","2011",5.79,
"LUX","RADIOEQT","TOT","1000000HAB","A","2012",5.65,
"LUX","RADIOEQT","TOT","1000000HAB","A","2013",7.36,
"LUX","RADIOEQT","TOT","1000000HAB","A","2014",8.99,
"LUX","RADIOEQT","TOT","1000000HAB","A","2015",8.78,
"LUX","RADIOEQT","TOT","1000000HAB","A","2016",8.68,
"LUX","RADIOEQT","INAMBULATORY","1000000HAB","A","2005",0,
"LUX","RADIOEQT","INAMBULATORY","1000000HAB","A","2006",0,
"LUX","RADIOEQT","INAMBULATORY","1000000HAB","A","2007",0,
"LUX","RADIOEQT","INAMBULATORY","1000000HAB","A","2008",0,
"LUX","RADIOEQT","INAMBULATORY","1000000HAB","A","2009",0,
"LUX","RADIOEQT","INAMBULATORY","1000000HAB","A","2010",0,
"LUX","RADIOEQT","INAMBULATORY","1000000HAB","A","2011",0,
"LUX","RADIOEQT","INAMBULATORY","1000000HAB","A","2012",0,
"LUX","RADIOEQT","INAMBULATORY","1000000HAB","A","2013",0,
"LUX","RADIOEQT","INAMBULATORY","1000000HAB","A","2014",0,
"LUX","RADIOEQT","INAMBULATORY","1000000HAB","A","2015",0,
"LUX","RADIOEQT","INAMBULATORY","1000000HAB","A","2016",0,
"LUX","RADIOEQT","INHOSPITAL","1000000HAB","A","2005",6.45,
"LUX","RADIOEQT","INHOSPITAL","1000000HAB","A","2006",6.35,
"LUX","RADIOEQT","INHOSPITAL","1000000HAB","A","2007",6.25,
"LUX","RADIOEQT","INHOSPITAL","1000000HAB","A","2008",6.14,
"LUX","RADIOEQT","INHOSPITAL","1000000HAB","A","2009",6.03,
"LUX","RADIOEQT","INHOSPITAL","1000000HAB","A","2010",5.92,
"LUX","RADIOEQT","INHOSPITAL","1000000HAB","A","2011",5.79,
"LUX","RADIOEQT","INHOSPITAL","1000000HAB","A","2012",5.65,
"LUX","RADIOEQT","INHOSPITAL","1000000HAB","A","2013",7.36,
"LUX","RADIOEQT","INHOSPITAL","1000000HAB","A","2014",8.99,
"LUX","RADIOEQT","INHOSPITAL","1000000HAB","A","2015",8.78,
"LUX","RADIOEQT","INHOSPITAL","1000000HAB","A","2016",8.68,
"MEX","RADIOEQT","TOT","1000000HAB","A","2001",1.18,
"MEX","RADIOEQT","TOT","1000000HAB","A","2002",1.27,
"MEX","RADIOEQT","TOT","1000000HAB","A","2003",1.3,
"MEX","RADIOEQT","TOT","1000000HAB","A","2004",1.21,
"MEX","RADIOEQT","TOT","1000000HAB","A","2005",1.31,
"MEX","RADIOEQT","TOT","1000000HAB","A","2006",1.29,
"MEX","RADIOEQT","TOT","1000000HAB","A","2007",1.33,
"MEX","RADIOEQT","TOT","1000000HAB","A","2008",1.23,
"MEX","RADIOEQT","TOT","1000000HAB","A","2009",1.21,
"MEX","RADIOEQT","TOT","1000000HAB","A","2010",1.46,
"MEX","RADIOEQT","TOT","1000000HAB","A","2011",1.44,
"MEX","RADIOEQT","TOT","1000000HAB","A","2012",1.76,
"MEX","RADIOEQT","TOT","1000000HAB","A","2013",1.72,
"NLD","RADIOEQT","TOT","1000000HAB","A","1981",3.44,
"NLD","RADIOEQT","TOT","1000000HAB","A","1992",6.52,
"NLD","RADIOEQT","TOT","1000000HAB","A","1993",6.67,
"NLD","RADIOEQT","TOT","1000000HAB","A","1994",7.15,
"NLD","RADIOEQT","TOT","1000000HAB","A","1995",7.12,
"NLD","RADIOEQT","TOT","1000000HAB","A","1996",7.08,
"NLD","RADIOEQT","TOT","1000000HAB","A","1997",7.24,
"NZL","RADIOEQT","TOT","1000000HAB","A","1996",7.23,
"NZL","RADIOEQT","TOT","1000000HAB","A","1997",7.93,
"NZL","RADIOEQT","TOT","1000000HAB","A","1998",8.65,
"NZL","RADIOEQT","TOT","1000000HAB","A","1999",8.08,
"NZL","RADIOEQT","TOT","1000000HAB","A","2000",9.85,
"NZL","RADIOEQT","TOT","1000000HAB","A","2002",8.1,
"NZL","RADIOEQT","TOT","1000000HAB","A","2003",7.2,
"NZL","RADIOEQT","TOT","1000000HAB","A","2004",7.58,
"NZL","RADIOEQT","TOT","1000000HAB","A","2006",6.69,
"NZL","RADIOEQT","TOT","1000000HAB","A","2008",7.51,
"NZL","RADIOEQT","TOT","1000000HAB","A","2009",8.37,
"NZL","RADIOEQT","TOT","1000000HAB","A","2010",8.96,
"NZL","RADIOEQT","TOT","1000000HAB","A","2011",10.04,
"NZL","RADIOEQT","TOT","1000000HAB","A","2012",9.98,
"NZL","RADIOEQT","TOT","1000000HAB","A","2013",11.26,
"NZL","RADIOEQT","TOT","1000000HAB","A","2014",11.97,
"NZL","RADIOEQT","TOT","1000000HAB","A","2016",11.51,
"POL","RADIOEQT","TOT","1000000HAB","A","2013",3.71,
"POL","RADIOEQT","TOT","1000000HAB","A","2014",3.53,"B"
"POL","RADIOEQT","TOT","1000000HAB","A","2015",4.19,
"POL","RADIOEQT","INAMBULATORY","1000000HAB","A","2013",0.42,
"POL","RADIOEQT","INAMBULATORY","1000000HAB","A","2014",0.05,"B"
"POL","RADIOEQT","INAMBULATORY","1000000HAB","A","2015",0.32,
"POL","RADIOEQT","INHOSPITAL","1000000HAB","A","2013",3.29,
"POL","RADIOEQT","INHOSPITAL","1000000HAB","A","2014",3.47,"B"
"POL","RADIOEQT","INHOSPITAL","1000000HAB","A","2015",3.87,
"PRT","RADIOEQT","TOT","1000000HAB","A","2005",6,
"PRT","RADIOEQT","TOT","1000000HAB","A","2006",6.27,
"PRT","RADIOEQT","TOT","1000000HAB","A","2008",5.78,
"PRT","RADIOEQT","INHOSPITAL","1000000HAB","A","2011",3.6,
"PRT","RADIOEQT","INHOSPITAL","1000000HAB","A","2012",3.9,
"PRT","RADIOEQT","INHOSPITAL","1000000HAB","A","2013",4.11,
"PRT","RADIOEQT","INHOSPITAL","1000000HAB","A","2014",4.04,
"PRT","RADIOEQT","INHOSPITAL","1000000HAB","A","2015",4.15,"E"
"SVK","RADIOEQT","TOT","1000000HAB","A","2003",7.07,
"SVK","RADIOEQT","TOT","1000000HAB","A","2004",9.31,
"SVK","RADIOEQT","TOT","1000000HAB","A","2005",9.86,
"SVK","RADIOEQT","TOT","1000000HAB","A","2006",10.24,
"SVK","RADIOEQT","TOT","1000000HAB","A","2007",10.42,
"SVK","RADIOEQT","TOT","1000000HAB","A","2008",10.78,
"SVK","RADIOEQT","TOT","1000000HAB","A","2009",10.77,
"SVK","RADIOEQT","TOT","1000000HAB","A","2010",11.5,
"SVK","RADIOEQT","TOT","1000000HAB","A","2011",11.3,
"SVK","RADIOEQT","TOT","1000000HAB","A","2012",12.21,
"SVK","RADIOEQT","TOT","1000000HAB","A","2013",12.19,
"SVK","RADIOEQT","TOT","1000000HAB","A","2014",11.81,
"SVK","RADIOEQT","TOT","1000000HAB","A","2015",12.35,
"SVK","RADIOEQT","INAMBULATORY","1000000HAB","A","2003",0.19,
"SVK","RADIOEQT","INAMBULATORY","1000000HAB","A","2004",0,
"SVK","RADIOEQT","INAMBULATORY","1000000HAB","A","2005",0,
"SVK","RADIOEQT","INAMBULATORY","1000000HAB","A","2006",0,
"SVK","RADIOEQT","INAMBULATORY","1000000HAB","A","2007",0,
"SVK","RADIOEQT","INAMBULATORY","1000000HAB","A","2008",0,
"SVK","RADIOEQT","INAMBULATORY","1000000HAB","A","2009",0.19,
"SVK","RADIOEQT","INAMBULATORY","1000000HAB","A","2010",0.19,
"SVK","RADIOEQT","INAMBULATORY","1000000HAB","A","2011",0.19,
"SVK","RADIOEQT","INAMBULATORY","1000000HAB","A","2012",0.37,
"SVK","RADIOEQT","INAMBULATORY","1000000HAB","A","2013",0.37,
"SVK","RADIOEQT","INAMBULATORY","1000000HAB","A","2014",0.37,
"SVK","RADIOEQT","INAMBULATORY","1000000HAB","A","2015",0.55,
"SVK","RADIOEQT","INHOSPITAL","1000000HAB","A","2000",6.31,
"SVK","RADIOEQT","INHOSPITAL","1000000HAB","A","2001",6.32,
"SVK","RADIOEQT","INHOSPITAL","1000000HAB","A","2002",6.7,
"SVK","RADIOEQT","INHOSPITAL","1000000HAB","A","2003",6.89,
"SVK","RADIOEQT","INHOSPITAL","1000000HAB","A","2004",9.31,
"SVK","RADIOEQT","INHOSPITAL","1000000HAB","A","2005",9.86,
"SVK","RADIOEQT","INHOSPITAL","1000000HAB","A","2006",10.24,
"SVK","RADIOEQT","INHOSPITAL","1000000HAB","A","2007",10.42,
"SVK","RADIOEQT","INHOSPITAL","1000000HAB","A","2008",10.78,
"SVK","RADIOEQT","INHOSPITAL","1000000HAB","A","2009",10.58,
"SVK","RADIOEQT","INHOSPITAL","1000000HAB","A","2010",11.31,
"SVK","RADIOEQT","INHOSPITAL","1000000HAB","A","2011",11.11,
"SVK","RADIOEQT","INHOSPITAL","1000000HAB","A","2012",11.84,
"SVK","RADIOEQT","INHOSPITAL","1000000HAB","A","2013",11.82,
"SVK","RADIOEQT","INHOSPITAL","1000000HAB","A","2014",11.44,
"SVK","RADIOEQT","INHOSPITAL","1000000HAB","A","2015",11.8,
"ESP","RADIOEQT","TOT","1000000HAB","A","2010",4.4,
"ESP","RADIOEQT","TOT","1000000HAB","A","2011",4.71,
"ESP","RADIOEQT","TOT","1000000HAB","A","2012",4.79,
"ESP","RADIOEQT","TOT","1000000HAB","A","2013",4.89,
"ESP","RADIOEQT","TOT","1000000HAB","A","2014",4.91,
"ESP","RADIOEQT","TOT","1000000HAB","A","2015",4.93,
"ESP","RADIOEQT","INAMBULATORY","1000000HAB","A","2010",0.19,
"ESP","RADIOEQT","INAMBULATORY","1000000HAB","A","2011",0.21,
"ESP","RADIOEQT","INAMBULATORY","1000000HAB","A","2012",0.21,
"ESP","RADIOEQT","INAMBULATORY","1000000HAB","A","2013",0.21,
"ESP","RADIOEQT","INAMBULATORY","1000000HAB","A","2014",0.22,
"ESP","RADIOEQT","INAMBULATORY","1000000HAB","A","2015",0.19,
"ESP","RADIOEQT","INHOSPITAL","1000000HAB","A","1984",2.61,
"ESP","RADIOEQT","INHOSPITAL","1000000HAB","A","1988",2.86,
"ESP","RADIOEQT","INHOSPITAL","1000000HAB","A","1992",2.63,"B"
"ESP","RADIOEQT","INHOSPITAL","1000000HAB","A","1993",2.87,
"ESP","RADIOEQT","INHOSPITAL","1000000HAB","A","1994",3.14,
"ESP","RADIOEQT","INHOSPITAL","1000000HAB","A","1995",3.27,
"ESP","RADIOEQT","INHOSPITAL","1000000HAB","A","1996",3.23,
"ESP","RADIOEQT","INHOSPITAL","1000000HAB","A","1997",3.27,
"ESP","RADIOEQT","INHOSPITAL","1000000HAB","A","1998",3.46,
"ESP","RADIOEQT","INHOSPITAL","1000000HAB","A","1999",3.49,
"ESP","RADIOEQT","INHOSPITAL","1000000HAB","A","2000",3.67,
"ESP","RADIOEQT","INHOSPITAL","1000000HAB","A","2001",3.75,
"ESP","RADIOEQT","INHOSPITAL","1000000HAB","A","2002",3.64,
"ESP","RADIOEQT","INHOSPITAL","1000000HAB","A","2003",3.77,
"ESP","RADIOEQT","INHOSPITAL","1000000HAB","A","2004",3.91,
"ESP","RADIOEQT","INHOSPITAL","1000000HAB","A","2005",4.15,
"ESP","RADIOEQT","INHOSPITAL","1000000HAB","A","2006",4.26,
"ESP","RADIOEQT","INHOSPITAL","1000000HAB","A","2007",4.42,
"ESP","RADIOEQT","INHOSPITAL","1000000HAB","A","2008",3.9,
"ESP","RADIOEQT","INHOSPITAL","1000000HAB","A","2009",3.95,
"ESP","RADIOEQT","INHOSPITAL","1000000HAB","A","2010",4.21,"B"
"ESP","RADIOEQT","INHOSPITAL","1000000HAB","A","2011",4.49,
"ESP","RADIOEQT","INHOSPITAL","1000000HAB","A","2012",4.58,
"ESP","RADIOEQT","INHOSPITAL","1000000HAB","A","2013",4.68,
"ESP","RADIOEQT","INHOSPITAL","1000000HAB","A","2014",4.69,
"ESP","RADIOEQT","INHOSPITAL","1000000HAB","A","2015",4.74,
"CHE","RADIOEQT","TOT","1000000HAB","A","2007",16.29,"E"
"CHE","RADIOEQT","TOT","1000000HAB","A","2008",16.61,"E"
"CHE","RADIOEQT","TOT","1000000HAB","A","2009",16.92,"E"
"CHE","RADIOEQT","TOT","1000000HAB","A","2010",16.49,
"CHE","RADIOEQT","TOT","1000000HAB","A","2011",16.94,
"CHE","RADIOEQT","TOT","1000000HAB","A","2012",16.51,
"CHE","RADIOEQT","TOT","1000000HAB","A","2013",16.56,
"CHE","RADIOEQT","TOT","1000000HAB","A","2014",16.49,
"CHE","RADIOEQT","INAMBULATORY","1000000HAB","A","2010",9.84,
"CHE","RADIOEQT","INAMBULATORY","1000000HAB","A","2011",10.11,
"CHE","RADIOEQT","INAMBULATORY","1000000HAB","A","2012",9.75,
"CHE","RADIOEQT","INAMBULATORY","1000000HAB","A","2013",10.14,
"CHE","RADIOEQT","INAMBULATORY","1000000HAB","A","2014",9.53,
"CHE","RADIOEQT","INHOSPITAL","1000000HAB","A","1997",11.14,
"CHE","RADIOEQT","INHOSPITAL","1000000HAB","A","1998",11.67,
"CHE","RADIOEQT","INHOSPITAL","1000000HAB","A","1999",11.2,
"CHE","RADIOEQT","INHOSPITAL","1000000HAB","A","2000",10.44,
"CHE","RADIOEQT","INHOSPITAL","1000000HAB","A","2001",9.68,
"CHE","RADIOEQT","INHOSPITAL","1000000HAB","A","2002",10.57,
"CHE","RADIOEQT","INHOSPITAL","1000000HAB","A","2003",9.95,
"CHE","RADIOEQT","INHOSPITAL","1000000HAB","A","2004",9.2,
"CHE","RADIOEQT","INHOSPITAL","1000000HAB","A","2005",9.82,
"CHE","RADIOEQT","INHOSPITAL","1000000HAB","A","2006",10.16,
"CHE","RADIOEQT","INHOSPITAL","1000000HAB","A","2010",6.65,"B"
"CHE","RADIOEQT","INHOSPITAL","1000000HAB","A","2011",6.82,
"CHE","RADIOEQT","INHOSPITAL","1000000HAB","A","2012",6.75,
"CHE","RADIOEQT","INHOSPITAL","1000000HAB","A","2013",6.43,
"CHE","RADIOEQT","INHOSPITAL","1000000HAB","A","2014",6.96,
"CHE","RADIOEQT","INHOSPITAL","1000000HAB","A","2015",6.88,
"TUR","RADIOEQT","TOT","1000000HAB","A","2009",1.86,
"TUR","RADIOEQT","TOT","1000000HAB","A","2010",1.79,
"TUR","RADIOEQT","TOT","1000000HAB","A","2011",2.02,
"TUR","RADIOEQT","TOT","1000000HAB","A","2012",2.39,
"TUR","RADIOEQT","TOT","1000000HAB","A","2013",2.52,
"TUR","RADIOEQT","TOT","1000000HAB","A","2014",2.54,
"TUR","RADIOEQT","TOT","1000000HAB","A","2015",2.58,
"GBR","RADIOEQT","TOT","1000000HAB","A","2002",3.86,"E"
"GBR","RADIOEQT","TOT","1000000HAB","A","2003",3.79,"E"
"GBR","RADIOEQT","TOT","1000000HAB","A","2004",3.85,"E"
"GBR","RADIOEQT","TOT","1000000HAB","A","2005",4.11,"E"
"GBR","RADIOEQT","TOT","1000000HAB","A","2006",3.94,"E"
"GBR","RADIOEQT","TOT","1000000HAB","A","2007",4,"E"
"GBR","RADIOEQT","TOT","1000000HAB","A","2008",4.82,"E"
"GBR","RADIOEQT","TOT","1000000HAB","A","2010",6,"E"
"GBR","RADIOEQT","TOT","1000000HAB","A","2011",5.93,"E"
"GBR","RADIOEQT","TOT","1000000HAB","A","2014",5.83,"E"
"GBR","RADIOEQT","TOT","1000000HAB","A","2016",9.26,
"USA","RADIOEQT","TOT","1000000HAB","A","2010",11.3,
"USA","RADIOEQT","TOT","1000000HAB","A","2011",12.45,
"USA","RADIOEQT","TOT","1000000HAB","A","2012",12.47,
"USA","RADIOEQT","TOT","1000000HAB","A","2016",11.93,
"USA","RADIOEQT","INAMBULATORY","1000000HAB","A","2010",3.59,
"USA","RADIOEQT","INAMBULATORY","1000000HAB","A","2011",4.09,
"USA","RADIOEQT","INAMBULATORY","1000000HAB","A","2012",4.97,
"USA","RADIOEQT","INAMBULATORY","1000000HAB","A","2016",3.7,
"USA","RADIOEQT","INHOSPITAL","1000000HAB","A","2010",7.71,
"USA","RADIOEQT","INHOSPITAL","1000000HAB","A","2011",8.36,
"USA","RADIOEQT","INHOSPITAL","1000000HAB","A","2012",7.5,
"USA","RADIOEQT","INHOSPITAL","1000000HAB","A","2016",8.23,
"CHL","RADIOEQT","TOT","1000000HAB","A","2011",1.68,
"CHL","RADIOEQT","TOT","1000000HAB","A","2012",1.66,
"CHL","RADIOEQT","TOT","1000000HAB","A","2013",1.93,
"CHL","RADIOEQT","TOT","1000000HAB","A","2014",2.3,
"CHL","RADIOEQT","INAMBULATORY","1000000HAB","A","2011",0.75,
"CHL","RADIOEQT","INAMBULATORY","1000000HAB","A","2012",0.75,
"CHL","RADIOEQT","INAMBULATORY","1000000HAB","A","2013",0.57,"B"
"CHL","RADIOEQT","INHOSPITAL","1000000HAB","A","2011",0.93,
"CHL","RADIOEQT","INHOSPITAL","1000000HAB","A","2012",0.92,
"CHL","RADIOEQT","INHOSPITAL","1000000HAB","A","2013",1.36,"B"
"EST","RADIOEQT","TOT","1000000HAB","A","2005",1.48,
"EST","RADIOEQT","TOT","1000000HAB","A","2006",1.48,
"EST","RADIOEQT","TOT","1000000HAB","A","2007",2.98,
"EST","RADIOEQT","TOT","1000000HAB","A","2008",2.24,
"EST","RADIOEQT","TOT","1000000HAB","A","2009",2.25,
"EST","RADIOEQT","TOT","1000000HAB","A","2010",3,
"EST","RADIOEQT","TOT","1000000HAB","A","2011",3.01,
"EST","RADIOEQT","TOT","1000000HAB","A","2012",3.78,
"EST","RADIOEQT","TOT","1000000HAB","A","2013",3.79,
"EST","RADIOEQT","TOT","1000000HAB","A","2014",3.8,
"EST","RADIOEQT","TOT","1000000HAB","A","2015",3.8,
"EST","RADIOEQT","INAMBULATORY","1000000HAB","A","2005",0,
"EST","RADIOEQT","INAMBULATORY","1000000HAB","A","2006",0,
"EST","RADIOEQT","INAMBULATORY","1000000HAB","A","2007",0,
"EST","RADIOEQT","INAMBULATORY","1000000HAB","A","2008",0,
"EST","RADIOEQT","INAMBULATORY","1000000HAB","A","2009",0,
"EST","RADIOEQT","INAMBULATORY","1000000HAB","A","2010",0,
"EST","RADIOEQT","INAMBULATORY","1000000HAB","A","2011",0,
"EST","RADIOEQT","INAMBULATORY","1000000HAB","A","2012",0,
"EST","RADIOEQT","INAMBULATORY","1000000HAB","A","2013",0,
"EST","RADIOEQT","INAMBULATORY","1000000HAB","A","2014",0,
"EST","RADIOEQT","INAMBULATORY","1000000HAB","A","2015",0,
"EST","RADIOEQT","INHOSPITAL","1000000HAB","A","2005",1.48,
"EST","RADIOEQT","INHOSPITAL","1000000HAB","A","2006",1.48,
"EST","RADIOEQT","INHOSPITAL","1000000HAB","A","2007",2.98,
"EST","RADIOEQT","INHOSPITAL","1000000HAB","A","2008",2.24,
"EST","RADIOEQT","INHOSPITAL","1000000HAB","A","2009",2.25,
"EST","RADIOEQT","INHOSPITAL","1000000HAB","A","2010",3,
"EST","RADIOEQT","INHOSPITAL","1000000HAB","A","2011",3.01,
"EST","RADIOEQT","INHOSPITAL","1000000HAB","A","2012",3.78,
"EST","RADIOEQT","INHOSPITAL","1000000HAB","A","2013",3.79,
"EST","RADIOEQT","INHOSPITAL","1000000HAB","A","2014",3.8,
"EST","RADIOEQT","INHOSPITAL","1000000HAB","A","2015",3.8,
"ISR","RADIOEQT","TOT","1000000HAB","A","1995",2.16,
"ISR","RADIOEQT","TOT","1000000HAB","A","1996",2.81,
"ISR","RADIOEQT","TOT","1000000HAB","A","1997",3.43,
"ISR","RADIOEQT","TOT","1000000HAB","A","1998",3.35,
"ISR","RADIOEQT","TOT","1000000HAB","A","1999",3.27,
"ISR","RADIOEQT","TOT","1000000HAB","A","2000",3.34,
"ISR","RADIOEQT","TOT","1000000HAB","A","2001",3.42,
"ISR","RADIOEQT","TOT","1000000HAB","A","2002",3.35,
"ISR","RADIOEQT","TOT","1000000HAB","A","2003",3.44,
"ISR","RADIOEQT","TOT","1000000HAB","A","2004",3.23,
"ISR","RADIOEQT","TOT","1000000HAB","A","2005",3.75,
"ISR","RADIOEQT","TOT","1000000HAB","A","2006",3.69,
"ISR","RADIOEQT","TOT","1000000HAB","A","2007",3.62,
"ISR","RADIOEQT","TOT","1000000HAB","A","2008",3.69,
"ISR","RADIOEQT","TOT","1000000HAB","A","2009",3.74,
"ISR","RADIOEQT","TOT","1000000HAB","A","2010",3.67,
"ISR","RADIOEQT","TOT","1000000HAB","A","2011",3.61,
"ISR","RADIOEQT","TOT","1000000HAB","A","2012",3.79,
"ISR","RADIOEQT","TOT","1000000HAB","A","2013",3.85,
"ISR","RADIOEQT","TOT","1000000HAB","A","2014",3.77,
"ISR","RADIOEQT","TOT","1000000HAB","A","2015",3.7,
"ISR","RADIOEQT","TOT","1000000HAB","A","2016",3.68,
"ISR","RADIOEQT","INAMBULATORY","1000000HAB","A","1995",0,
"ISR","RADIOEQT","INAMBULATORY","1000000HAB","A","1996",0.18,
"ISR","RADIOEQT","INAMBULATORY","1000000HAB","A","1997",0.17,
"ISR","RADIOEQT","INAMBULATORY","1000000HAB","A","1998",0.17,
"ISR","RADIOEQT","INAMBULATORY","1000000HAB","A","1999",0.16,
"ISR","RADIOEQT","INAMBULATORY","1000000HAB","A","2000",0.16,
"ISR","RADIOEQT","INAMBULATORY","1000000HAB","A","2001",0.16,
"ISR","RADIOEQT","INAMBULATORY","1000000HAB","A","2002",0.15,
"ISR","RADIOEQT","INAMBULATORY","1000000HAB","A","2003",0.15,
"ISR","RADIOEQT","INAMBULATORY","1000000HAB","A","2004",0.15,
"ISR","RADIOEQT","INAMBULATORY","1000000HAB","A","2005",0,
"ISR","RADIOEQT","INAMBULATORY","1000000HAB","A","2006",0,
"ISR","RADIOEQT","INAMBULATORY","1000000HAB","A","2007",0,
"ISR","RADIOEQT","INAMBULATORY","1000000HAB","A","2008",0,
"ISR","RADIOEQT","INAMBULATORY","1000000HAB","A","2009",0,
"ISR","RADIOEQT","INAMBULATORY","1000000HAB","A","2010",0,
"ISR","RADIOEQT","INAMBULATORY","1000000HAB","A","2011",0,
"ISR","RADIOEQT","INAMBULATORY","1000000HAB","A","2012",0,
"ISR","RADIOEQT","INAMBULATORY","1000000HAB","A","2013",0,
"ISR","RADIOEQT","INAMBULATORY","1000000HAB","A","2014",0,
"ISR","RADIOEQT","INAMBULATORY","1000000HAB","A","2015",0,
"ISR","RADIOEQT","INAMBULATORY","1000000HAB","A","2016",0,
"ISR","RADIOEQT","INHOSPITAL","1000000HAB","A","1995",2.16,
"ISR","RADIOEQT","INHOSPITAL","1000000HAB","A","1996",2.64,
"ISR","RADIOEQT","INHOSPITAL","1000000HAB","A","1997",3.26,
"ISR","RADIOEQT","INHOSPITAL","1000000HAB","A","1998",3.18,
"ISR","RADIOEQT","INHOSPITAL","1000000HAB","A","1999",3.1,
"ISR","RADIOEQT","INHOSPITAL","1000000HAB","A","2000",3.18,
"ISR","RADIOEQT","INHOSPITAL","1000000HAB","A","2001",3.26,
"ISR","RADIOEQT","INHOSPITAL","1000000HAB","A","2002",3.2,
"ISR","RADIOEQT","INHOSPITAL","1000000HAB","A","2003",3.29,
"ISR","RADIOEQT","INHOSPITAL","1000000HAB","A","2004",3.08,
"ISR","RADIOEQT","INHOSPITAL","1000000HAB","A","2005",3.75,
"ISR","RADIOEQT","INHOSPITAL","1000000HAB","A","2006",3.69,
"ISR","RADIOEQT","INHOSPITAL","1000000HAB","A","2007",3.62,
"ISR","RADIOEQT","INHOSPITAL","1000000HAB","A","2008",3.69,
"ISR","RADIOEQT","INHOSPITAL","1000000HAB","A","2009",3.74,
"ISR","RADIOEQT","INHOSPITAL","1000000HAB","A","2010",3.67,
"ISR","RADIOEQT","INHOSPITAL","1000000HAB","A","2011",3.61,
"ISR","RADIOEQT","INHOSPITAL","1000000HAB","A","2012",3.79,
"ISR","RADIOEQT","INHOSPITAL","1000000HAB","A","2013",3.85,
"ISR","RADIOEQT","INHOSPITAL","1000000HAB","A","2014",3.77,
"ISR","RADIOEQT","INHOSPITAL","1000000HAB","A","2015",3.7,
"ISR","RADIOEQT","INHOSPITAL","1000000HAB","A","2016",3.68,
"SVN","RADIOEQT","TOT","1000000HAB","A","2004",4.51,
"SVN","RADIOEQT","TOT","1000000HAB","A","2005",3.5,
"SVN","RADIOEQT","TOT","1000000HAB","A","2006",4.48,
"SVN","RADIOEQT","TOT","1000000HAB","A","2007",4.96,
"SVN","RADIOEQT","TOT","1000000HAB","A","2008",5.94,
"SVN","RADIOEQT","TOT","1000000HAB","A","2009",5.88,
"SVN","RADIOEQT","TOT","1000000HAB","A","2010",5.86,
"SVN","RADIOEQT","TOT","1000000HAB","A","2011",5.85,
"SVN","RADIOEQT","TOT","1000000HAB","A","2012",5.83,
"SVN","RADIOEQT","TOT","1000000HAB","A","2013",5.83,
"SVN","RADIOEQT","TOT","1000000HAB","A","2014",5.82,
"SVN","RADIOEQT","TOT","1000000HAB","A","2015",5.82,
"SVN","RADIOEQT","TOT","1000000HAB","A","2016",6.3,
"SVN","RADIOEQT","INAMBULATORY","1000000HAB","A","2004",0,
"SVN","RADIOEQT","INAMBULATORY","1000000HAB","A","2005",0,
"SVN","RADIOEQT","INAMBULATORY","1000000HAB","A","2006",0,
"SVN","RADIOEQT","INAMBULATORY","1000000HAB","A","2007",0,
"SVN","RADIOEQT","INAMBULATORY","1000000HAB","A","2008",0,
"SVN","RADIOEQT","INAMBULATORY","1000000HAB","A","2009",0,
"SVN","RADIOEQT","INAMBULATORY","1000000HAB","A","2010",0,
"SVN","RADIOEQT","INAMBULATORY","1000000HAB","A","2011",0,
"SVN","RADIOEQT","INAMBULATORY","1000000HAB","A","2012",0,
"SVN","RADIOEQT","INAMBULATORY","1000000HAB","A","2013",0,
"SVN","RADIOEQT","INAMBULATORY","1000000HAB","A","2014",0,
"SVN","RADIOEQT","INAMBULATORY","1000000HAB","A","2015",0,
"SVN","RADIOEQT","INAMBULATORY","1000000HAB","A","2016",0,
"SVN","RADIOEQT","INHOSPITAL","1000000HAB","A","2004",4.51,
"SVN","RADIOEQT","INHOSPITAL","1000000HAB","A","2005",3.5,
"SVN","RADIOEQT","INHOSPITAL","1000000HAB","A","2006",4.48,
"SVN","RADIOEQT","INHOSPITAL","1000000HAB","A","2007",4.96,
"SVN","RADIOEQT","INHOSPITAL","1000000HAB","A","2008",5.94,
"SVN","RADIOEQT","INHOSPITAL","1000000HAB","A","2009",5.88,
"SVN","RADIOEQT","INHOSPITAL","1000000HAB","A","2010",5.86,
"SVN","RADIOEQT","INHOSPITAL","1000000HAB","A","2011",5.85,
"SVN","RADIOEQT","INHOSPITAL","1000000HAB","A","2012",5.83,
"SVN","RADIOEQT","INHOSPITAL","1000000HAB","A","2013",5.83,
"SVN","RADIOEQT","INHOSPITAL","1000000HAB","A","2014",5.82,
"SVN","RADIOEQT","INHOSPITAL","1000000HAB","A","2015",5.82,
"SVN","RADIOEQT","INHOSPITAL","1000000HAB","A","2016",6.3,
"MEX","RADIOEQT","INAMBULATORY","1000000HAB","A","2012",0,
"MEX","RADIOEQT","INAMBULATORY","1000000HAB","A","2013",0.03,
"MEX","RADIOEQT","INHOSPITAL","1000000HAB","A","2012",1.76,
"MEX","RADIOEQT","INHOSPITAL","1000000HAB","A","2013",1.69,
"LVA","RADIOEQT","TOT","1000000HAB","A","2003",1.31,
"LVA","RADIOEQT","TOT","1000000HAB","A","2004",0.88,
"LVA","RADIOEQT","TOT","1000000HAB","A","2005",2.23,
"LVA","RADIOEQT","TOT","1000000HAB","A","2006",3.61,
"LVA","RADIOEQT","TOT","1000000HAB","A","2007",3.64,
"LVA","RADIOEQT","TOT","1000000HAB","A","2008",4.13,
"LVA","RADIOEQT","TOT","1000000HAB","A","2009",2.33,
"LVA","RADIOEQT","TOT","1000000HAB","A","2010",3.81,
"LVA","RADIOEQT","TOT","1000000HAB","A","2011",3.88,
"LVA","RADIOEQT","TOT","1000000HAB","A","2012",3.93,
"LVA","RADIOEQT","TOT","1000000HAB","A","2013",3.97,
"LVA","RADIOEQT","TOT","1000000HAB","A","2014",4.01,
"LVA","RADIOEQT","TOT","1000000HAB","A","2015",4.05,
"LVA","RADIOEQT","INAMBULATORY","1000000HAB","A","2003",0,
"LVA","RADIOEQT","INAMBULATORY","1000000HAB","A","2004",0,
"LVA","RADIOEQT","INAMBULATORY","1000000HAB","A","2005",0,
"LVA","RADIOEQT","INAMBULATORY","1000000HAB","A","2006",0.45,
"LVA","RADIOEQT","INAMBULATORY","1000000HAB","A","2007",0.45,
"LVA","RADIOEQT","INAMBULATORY","1000000HAB","A","2008",0.46,
"LVA","RADIOEQT","INAMBULATORY","1000000HAB","A","2009",0.47,
"LVA","RADIOEQT","INAMBULATORY","1000000HAB","A","2010",0.48,
"LVA","RADIOEQT","INAMBULATORY","1000000HAB","A","2011",0.49,
"LVA","RADIOEQT","INAMBULATORY","1000000HAB","A","2012",0.49,
"LVA","RADIOEQT","INAMBULATORY","1000000HAB","A","2013",0.5,
"LVA","RADIOEQT","INAMBULATORY","1000000HAB","A","2014",0.5,
"LVA","RADIOEQT","INAMBULATORY","1000000HAB","A","2015",0.51,
"LVA","RADIOEQT","INHOSPITAL","1000000HAB","A","2003",1.31,
"LVA","RADIOEQT","INHOSPITAL","1000000HAB","A","2004",0.88,
"LVA","RADIOEQT","INHOSPITAL","1000000HAB","A","2005",2.23,
"LVA","RADIOEQT","INHOSPITAL","1000000HAB","A","2006",3.16,
"LVA","RADIOEQT","INHOSPITAL","1000000HAB","A","2007",3.18,
"LVA","RADIOEQT","INHOSPITAL","1000000HAB","A","2008",3.67,
"LVA","RADIOEQT","INHOSPITAL","1000000HAB","A","2009",1.87,
"LVA","RADIOEQT","INHOSPITAL","1000000HAB","A","2010",3.34,
"LVA","RADIOEQT","INHOSPITAL","1000000HAB","A","2011",3.4,
"LVA","RADIOEQT","INHOSPITAL","1000000HAB","A","2012",3.44,
"LVA","RADIOEQT","INHOSPITAL","1000000HAB","A","2013",3.48,
"LVA","RADIOEQT","INHOSPITAL","1000000HAB","A","2014",3.51,
"LVA","RADIOEQT","INHOSPITAL","1000000HAB","A","2015",3.54,
"LTU","RADIOEQT","TOT","1000000HAB","A","2005",7.22,
"LTU","RADIOEQT","TOT","1000000HAB","A","2006",7.65,
"LTU","RADIOEQT","TOT","1000000HAB","A","2007",4.64,"B"
"LTU","RADIOEQT","TOT","1000000HAB","A","2008",5.32,
"LTU","RADIOEQT","TOT","1000000HAB","A","2009",4.74,
"LTU","RADIOEQT","TOT","1000000HAB","A","2010",4.52,
"LTU","RADIOEQT","TOT","1000000HAB","A","2011",6.6,
"LTU","RADIOEQT","TOT","1000000HAB","A","2012",5.69,
"LTU","RADIOEQT","TOT","1000000HAB","A","2013",7.78,
"LTU","RADIOEQT","TOT","1000000HAB","A","2014",8.53,
"LTU","RADIOEQT","TOT","1000000HAB","A","2015",7.92,
"LTU","RADIOEQT","TOT","1000000HAB","A","2016",7.96,
"LTU","RADIOEQT","INAMBULATORY","1000000HAB","A","2005",0,
"LTU","RADIOEQT","INAMBULATORY","1000000HAB","A","2006",0,
"LTU","RADIOEQT","INAMBULATORY","1000000HAB","A","2007",0,
"LTU","RADIOEQT","INAMBULATORY","1000000HAB","A","2008",0,
"LTU","RADIOEQT","INAMBULATORY","1000000HAB","A","2009",0,
"LTU","RADIOEQT","INAMBULATORY","1000000HAB","A","2010",0,
"LTU","RADIOEQT","INAMBULATORY","1000000HAB","A","2011",0,
"LTU","RADIOEQT","INAMBULATORY","1000000HAB","A","2012",0,
"LTU","RADIOEQT","INAMBULATORY","1000000HAB","A","2013",0,
"LTU","RADIOEQT","INAMBULATORY","1000000HAB","A","2014",0,
"LTU","RADIOEQT","INAMBULATORY","1000000HAB","A","2015",0,
"LTU","RADIOEQT","INAMBULATORY","1000000HAB","A","2016",0,
"LTU","RADIOEQT","INHOSPITAL","1000000HAB","A","2005",7.22,
"LTU","RADIOEQT","INHOSPITAL","1000000HAB","A","2006",7.65,
"LTU","RADIOEQT","INHOSPITAL","1000000HAB","A","2007",4.64,"B"
"LTU","RADIOEQT","INHOSPITAL","1000000HAB","A","2008",5.32,
"LTU","RADIOEQT","INHOSPITAL","1000000HAB","A","2009",4.74,
"LTU","RADIOEQT","INHOSPITAL","1000000HAB","A","2010",4.52,
"LTU","RADIOEQT","INHOSPITAL","1000000HAB","A","2011",6.6,
"LTU","RADIOEQT","INHOSPITAL","1000000HAB","A","2012",5.69,
"LTU","RADIOEQT","INHOSPITAL","1000000HAB","A","2013",7.78,
"LTU","RADIOEQT","INHOSPITAL","1000000HAB","A","2014",8.53,
"LTU","RADIOEQT","INHOSPITAL","1000000HAB","A","2015",7.92,
"LTU","RADIOEQT","INHOSPITAL","1000000HAB","A","2016",7.96,
"SWE","RADIOEQT","INHOSPITAL","1000000HAB","A","2015",7.76,
"SWE","RADIOEQT","INHOSPITAL","1000000HAB","A","2016",7.92,
