﻿"LOCATION","INDICATOR","SUBJECT","MEASURE","FREQUENCY","TIME","Value","Flag Codes"
"AUS","PLI","TOT","OECDIDX","A","1997",96,
"AUS","PLI","TOT","OECDIDX","A","1998",83,
"AUS","PLI","TOT","OECDIDX","A","1999",85,
"AUS","PLI","TOT","OECDIDX","A","2000",81,
"AUS","PLI","TOT","OECDIDX","A","2001",77,
"AUS","PLI","TOT","OECDIDX","A","2002",81,
"AUS","PLI","TOT","OECDIDX","A","2003",90,
"AUS","PLI","TOT","OECDIDX","A","2004",99,
"AUS","PLI","TOT","OECDIDX","A","2005",104,
"AUS","PLI","TOT","OECDIDX","A","2006",105,
"AUS","PLI","TOT","OECDIDX","A","2007",115,
"AUS","PLI","TOT","OECDIDX","A","2008",117,
"AUS","PLI","TOT","OECDIDX","A","2009",110,
"AUS","PLI","TOT","OECDIDX","A","2010",135,
"AUS","PLI","TOT","OECDIDX","A","2011",148,
"AUS","PLI","TOT","OECDIDX","A","2012",157,
"AUS","PLI","TOT","OECDIDX","A","2013",142,
"AUS","PLI","TOT","OECDIDX","A","2014",135,
"AUS","PLI","TOT","OECDIDX","A","2015",124,
"AUS","PLI","TOT","OECDIDX","A","2016",124,
"AUT","PLI","TOT","OECDIDX","A","1997",104,
"AUT","PLI","TOT","OECDIDX","A","1998",105,
"AUT","PLI","TOT","OECDIDX","A","1999",100,
"AUT","PLI","TOT","OECDIDX","A","2000",89,
"AUT","PLI","TOT","OECDIDX","A","2001",92,
"AUT","PLI","TOT","OECDIDX","A","2002",94,
"AUT","PLI","TOT","OECDIDX","A","2003",103,
"AUT","PLI","TOT","OECDIDX","A","2004",107,
"AUT","PLI","TOT","OECDIDX","A","2005",107,
"AUT","PLI","TOT","OECDIDX","A","2006",108,
"AUT","PLI","TOT","OECDIDX","A","2007",114,
"AUT","PLI","TOT","OECDIDX","A","2008",118,
"AUT","PLI","TOT","OECDIDX","A","2009",115,
"AUT","PLI","TOT","OECDIDX","A","2010",109,
"AUT","PLI","TOT","OECDIDX","A","2011",110,
"AUT","PLI","TOT","OECDIDX","A","2012",103,
"AUT","PLI","TOT","OECDIDX","A","2013",107,
"AUT","PLI","TOT","OECDIDX","A","2014",109,
"AUT","PLI","TOT","OECDIDX","A","2015",100,
"AUT","PLI","TOT","OECDIDX","A","2016",100,
"BEL","PLI","TOT","OECDIDX","A","1997",104,
"BEL","PLI","TOT","OECDIDX","A","1998",106,
"BEL","PLI","TOT","OECDIDX","A","1999",101,
"BEL","PLI","TOT","OECDIDX","A","2000",88,
"BEL","PLI","TOT","OECDIDX","A","2001",89,
"BEL","PLI","TOT","OECDIDX","A","2002",91,
"BEL","PLI","TOT","OECDIDX","A","2003",102,
"BEL","PLI","TOT","OECDIDX","A","2004",108,
"BEL","PLI","TOT","OECDIDX","A","2005",109,
"BEL","PLI","TOT","OECDIDX","A","2006",109,
"BEL","PLI","TOT","OECDIDX","A","2007",116,
"BEL","PLI","TOT","OECDIDX","A","2008",119,
"BEL","PLI","TOT","OECDIDX","A","2009",116,
"BEL","PLI","TOT","OECDIDX","A","2010",108,
"BEL","PLI","TOT","OECDIDX","A","2011",110,
"BEL","PLI","TOT","OECDIDX","A","2012",104,
"BEL","PLI","TOT","OECDIDX","A","2013",109,
"BEL","PLI","TOT","OECDIDX","A","2014",109,
"BEL","PLI","TOT","OECDIDX","A","2015",100,
"BEL","PLI","TOT","OECDIDX","A","2016",101,
"CAN","PLI","TOT","OECDIDX","A","1997",86,
"CAN","PLI","TOT","OECDIDX","A","1998",82,
"CAN","PLI","TOT","OECDIDX","A","1999",81,
"CAN","PLI","TOT","OECDIDX","A","2000",88,
"CAN","PLI","TOT","OECDIDX","A","2001",88,
"CAN","PLI","TOT","OECDIDX","A","2002",87,
"CAN","PLI","TOT","OECDIDX","A","2003",90,
"CAN","PLI","TOT","OECDIDX","A","2004",93,
"CAN","PLI","TOT","OECDIDX","A","2005",98,
"CAN","PLI","TOT","OECDIDX","A","2006",106,
"CAN","PLI","TOT","OECDIDX","A","2007",108,
"CAN","PLI","TOT","OECDIDX","A","2008",109,
"CAN","PLI","TOT","OECDIDX","A","2009",103,
"CAN","PLI","TOT","OECDIDX","A","2010",116,
"CAN","PLI","TOT","OECDIDX","A","2011",119,
"CAN","PLI","TOT","OECDIDX","A","2012",123,
"CAN","PLI","TOT","OECDIDX","A","2013",121,
"CAN","PLI","TOT","OECDIDX","A","2014",115,
"CAN","PLI","TOT","OECDIDX","A","2015",111,
"CAN","PLI","TOT","OECDIDX","A","2016",109,
"CZE","PLI","TOT","OECDIDX","A","1997",40,
"CZE","PLI","TOT","OECDIDX","A","1998",44,
"CZE","PLI","TOT","OECDIDX","A","1999",42,
"CZE","PLI","TOT","OECDIDX","A","2000",40,
"CZE","PLI","TOT","OECDIDX","A","2001",42,
"CZE","PLI","TOT","OECDIDX","A","2002",49,
"CZE","PLI","TOT","OECDIDX","A","2003",52,
"CZE","PLI","TOT","OECDIDX","A","2004",55,
"CZE","PLI","TOT","OECDIDX","A","2005",59,
"CZE","PLI","TOT","OECDIDX","A","2006",64,
"CZE","PLI","TOT","OECDIDX","A","2007",68,
"CZE","PLI","TOT","OECDIDX","A","2008",77,
"CZE","PLI","TOT","OECDIDX","A","2009",70,
"CZE","PLI","TOT","OECDIDX","A","2010",70,
"CZE","PLI","TOT","OECDIDX","A","2011",72,
"CZE","PLI","TOT","OECDIDX","A","2012",67,
"CZE","PLI","TOT","OECDIDX","A","2013",66,
"CZE","PLI","TOT","OECDIDX","A","2014",63,
"CZE","PLI","TOT","OECDIDX","A","2015",59,
"CZE","PLI","TOT","OECDIDX","A","2016",60,
"DNK","PLI","TOT","OECDIDX","A","1997",131,
"DNK","PLI","TOT","OECDIDX","A","1998",132,
"DNK","PLI","TOT","OECDIDX","A","1999",127,
"DNK","PLI","TOT","OECDIDX","A","2000",114,
"DNK","PLI","TOT","OECDIDX","A","2001",117,
"DNK","PLI","TOT","OECDIDX","A","2002",121,
"DNK","PLI","TOT","OECDIDX","A","2003",135,
"DNK","PLI","TOT","OECDIDX","A","2004",138,
"DNK","PLI","TOT","OECDIDX","A","2005",140,
"DNK","PLI","TOT","OECDIDX","A","2006",139,
"DNK","PLI","TOT","OECDIDX","A","2007",144,
"DNK","PLI","TOT","OECDIDX","A","2008",146,
"DNK","PLI","TOT","OECDIDX","A","2009",141,
"DNK","PLI","TOT","OECDIDX","A","2010",132,
"DNK","PLI","TOT","OECDIDX","A","2011",132,
"DNK","PLI","TOT","OECDIDX","A","2012",129,
"DNK","PLI","TOT","OECDIDX","A","2013",133,
"DNK","PLI","TOT","OECDIDX","A","2014",135,
"DNK","PLI","TOT","OECDIDX","A","2015",122,
"DNK","PLI","TOT","OECDIDX","A","2016",122,
"FIN","PLI","TOT","OECDIDX","A","1997",113,
"FIN","PLI","TOT","OECDIDX","A","1998",113,
"FIN","PLI","TOT","OECDIDX","A","1999",107,
"FIN","PLI","TOT","OECDIDX","A","2000",97,
"FIN","PLI","TOT","OECDIDX","A","2001",100,
"FIN","PLI","TOT","OECDIDX","A","2002",104,
"FIN","PLI","TOT","OECDIDX","A","2003",116,
"FIN","PLI","TOT","OECDIDX","A","2004",118,
"FIN","PLI","TOT","OECDIDX","A","2005",119,
"FIN","PLI","TOT","OECDIDX","A","2006",119,
"FIN","PLI","TOT","OECDIDX","A","2007",123,
"FIN","PLI","TOT","OECDIDX","A","2008",126,
"FIN","PLI","TOT","OECDIDX","A","2009",122,
"FIN","PLI","TOT","OECDIDX","A","2010",116,
"FIN","PLI","TOT","OECDIDX","A","2011",119,
"FIN","PLI","TOT","OECDIDX","A","2012",115,
"FIN","PLI","TOT","OECDIDX","A","2013",122,
"FIN","PLI","TOT","OECDIDX","A","2014",124,
"FIN","PLI","TOT","OECDIDX","A","2015",113,
"FIN","PLI","TOT","OECDIDX","A","2016",114,
"FRA","PLI","TOT","OECDIDX","A","1997",108,
"FRA","PLI","TOT","OECDIDX","A","1998",109,
"FRA","PLI","TOT","OECDIDX","A","1999",103,
"FRA","PLI","TOT","OECDIDX","A","2000",91,
"FRA","PLI","TOT","OECDIDX","A","2001",91,
"FRA","PLI","TOT","OECDIDX","A","2002",94,
"FRA","PLI","TOT","OECDIDX","A","2003",108,
"FRA","PLI","TOT","OECDIDX","A","2004",114,
"FRA","PLI","TOT","OECDIDX","A","2005",112,
"FRA","PLI","TOT","OECDIDX","A","2006",112,
"FRA","PLI","TOT","OECDIDX","A","2007",117,
"FRA","PLI","TOT","OECDIDX","A","2008",121,
"FRA","PLI","TOT","OECDIDX","A","2009",118,
"FRA","PLI","TOT","OECDIDX","A","2010",111,
"FRA","PLI","TOT","OECDIDX","A","2011",111,
"FRA","PLI","TOT","OECDIDX","A","2012",107,
"FRA","PLI","TOT","OECDIDX","A","2013",109,
"FRA","PLI","TOT","OECDIDX","A","2014",110,
"FRA","PLI","TOT","OECDIDX","A","2015",100,
"FRA","PLI","TOT","OECDIDX","A","2016",101,
"DEU","PLI","TOT","OECDIDX","A","1997",109,
"DEU","PLI","TOT","OECDIDX","A","1998",110,
"DEU","PLI","TOT","OECDIDX","A","1999",103,
"DEU","PLI","TOT","OECDIDX","A","2000",93,
"DEU","PLI","TOT","OECDIDX","A","2001",93,
"DEU","PLI","TOT","OECDIDX","A","2002",96,
"DEU","PLI","TOT","OECDIDX","A","2003",104,
"DEU","PLI","TOT","OECDIDX","A","2004",107,
"DEU","PLI","TOT","OECDIDX","A","2005",106,
"DEU","PLI","TOT","OECDIDX","A","2006",106,
"DEU","PLI","TOT","OECDIDX","A","2007",110,
"DEU","PLI","TOT","OECDIDX","A","2008",113,
"DEU","PLI","TOT","OECDIDX","A","2009",110,
"DEU","PLI","TOT","OECDIDX","A","2010",104,
"DEU","PLI","TOT","OECDIDX","A","2011",104,
"DEU","PLI","TOT","OECDIDX","A","2012",100,
"DEU","PLI","TOT","OECDIDX","A","2013",104,
"DEU","PLI","TOT","OECDIDX","A","2014",105,
"DEU","PLI","TOT","OECDIDX","A","2015",97,
"DEU","PLI","TOT","OECDIDX","A","2016",98,
"GRC","PLI","TOT","OECDIDX","A","1997",78,
"GRC","PLI","TOT","OECDIDX","A","1998",76,
"GRC","PLI","TOT","OECDIDX","A","1999",76,
"GRC","PLI","TOT","OECDIDX","A","2000",67,
"GRC","PLI","TOT","OECDIDX","A","2001",67,
"GRC","PLI","TOT","OECDIDX","A","2002",69,
"GRC","PLI","TOT","OECDIDX","A","2003",80,
"GRC","PLI","TOT","OECDIDX","A","2004",85,
"GRC","PLI","TOT","OECDIDX","A","2005",86,
"GRC","PLI","TOT","OECDIDX","A","2006",87,
"GRC","PLI","TOT","OECDIDX","A","2007",95,
"GRC","PLI","TOT","OECDIDX","A","2008",97,
"GRC","PLI","TOT","OECDIDX","A","2009",96,
"GRC","PLI","TOT","OECDIDX","A","2010",93,
"GRC","PLI","TOT","OECDIDX","A","2011",94,
"GRC","PLI","TOT","OECDIDX","A","2012",87,
"GRC","PLI","TOT","OECDIDX","A","2013",85,
"GRC","PLI","TOT","OECDIDX","A","2014",84,
"GRC","PLI","TOT","OECDIDX","A","2015",77,
"GRC","PLI","TOT","OECDIDX","A","2016",77,
"HUN","PLI","TOT","OECDIDX","A","1997",47,
"HUN","PLI","TOT","OECDIDX","A","1998",47,
"HUN","PLI","TOT","OECDIDX","A","1999",45,
"HUN","PLI","TOT","OECDIDX","A","2000",42,
"HUN","PLI","TOT","OECDIDX","A","2001",45,
"HUN","PLI","TOT","OECDIDX","A","2002",51,
"HUN","PLI","TOT","OECDIDX","A","2003",56,
"HUN","PLI","TOT","OECDIDX","A","2004",62,
"HUN","PLI","TOT","OECDIDX","A","2005",64,
"HUN","PLI","TOT","OECDIDX","A","2006",62,
"HUN","PLI","TOT","OECDIDX","A","2007",70,
"HUN","PLI","TOT","OECDIDX","A","2008",72,
"HUN","PLI","TOT","OECDIDX","A","2009",62,
"HUN","PLI","TOT","OECDIDX","A","2010",59,
"HUN","PLI","TOT","OECDIDX","A","2011",59,
"HUN","PLI","TOT","OECDIDX","A","2012",55,
"HUN","PLI","TOT","OECDIDX","A","2013",57,
"HUN","PLI","TOT","OECDIDX","A","2014",57,
"HUN","PLI","TOT","OECDIDX","A","2015",53,
"HUN","PLI","TOT","OECDIDX","A","2016",54,
"ISL","PLI","TOT","OECDIDX","A","1997",103,
"ISL","PLI","TOT","OECDIDX","A","1998",110,
"ISL","PLI","TOT","OECDIDX","A","1999",111,
"ISL","PLI","TOT","OECDIDX","A","2000",115,
"ISL","PLI","TOT","OECDIDX","A","2001",101,
"ISL","PLI","TOT","OECDIDX","A","2002",111,
"ISL","PLI","TOT","OECDIDX","A","2003",124,
"ISL","PLI","TOT","OECDIDX","A","2004",130,
"ISL","PLI","TOT","OECDIDX","A","2005",149,
"ISL","PLI","TOT","OECDIDX","A","2006",144,
"ISL","PLI","TOT","OECDIDX","A","2007",161,
"ISL","PLI","TOT","OECDIDX","A","2008",122,
"ISL","PLI","TOT","OECDIDX","A","2009",97,
"ISL","PLI","TOT","OECDIDX","A","2010",106,
"ISL","PLI","TOT","OECDIDX","A","2011",111,
"ISL","PLI","TOT","OECDIDX","A","2012",108,
"ISL","PLI","TOT","OECDIDX","A","2013",114,
"ISL","PLI","TOT","OECDIDX","A","2014",122,
"ISL","PLI","TOT","OECDIDX","A","2015",120,
"ISL","PLI","TOT","OECDIDX","A","2016",132,
"IRL","PLI","TOT","OECDIDX","A","1997",99,
"IRL","PLI","TOT","OECDIDX","A","1998",99,
"IRL","PLI","TOT","OECDIDX","A","1999",99,
"IRL","PLI","TOT","OECDIDX","A","2000",93,
"IRL","PLI","TOT","OECDIDX","A","2001",97,
"IRL","PLI","TOT","OECDIDX","A","2002",103,
"IRL","PLI","TOT","OECDIDX","A","2003",117,
"IRL","PLI","TOT","OECDIDX","A","2004",121,
"IRL","PLI","TOT","OECDIDX","A","2005",123,
"IRL","PLI","TOT","OECDIDX","A","2006",122,
"IRL","PLI","TOT","OECDIDX","A","2007",126,
"IRL","PLI","TOT","OECDIDX","A","2008",130,
"IRL","PLI","TOT","OECDIDX","A","2009",123,
"IRL","PLI","TOT","OECDIDX","A","2010",110,
"IRL","PLI","TOT","OECDIDX","A","2011",110,
"IRL","PLI","TOT","OECDIDX","A","2012",104,
"IRL","PLI","TOT","OECDIDX","A","2013",109,
"IRL","PLI","TOT","OECDIDX","A","2014",112,
"IRL","PLI","TOT","OECDIDX","A","2015",101,
"IRL","PLI","TOT","OECDIDX","A","2016",102,
"ITA","PLI","TOT","OECDIDX","A","1997",91,
"ITA","PLI","TOT","OECDIDX","A","1998",91,
"ITA","PLI","TOT","OECDIDX","A","1999",87,
"ITA","PLI","TOT","OECDIDX","A","2000",79,
"ITA","PLI","TOT","OECDIDX","A","2001",81,
"ITA","PLI","TOT","OECDIDX","A","2002",86,
"ITA","PLI","TOT","OECDIDX","A","2003",97,
"ITA","PLI","TOT","OECDIDX","A","2004",104,
"ITA","PLI","TOT","OECDIDX","A","2005",104,
"ITA","PLI","TOT","OECDIDX","A","2006",103,
"ITA","PLI","TOT","OECDIDX","A","2007",107,
"ITA","PLI","TOT","OECDIDX","A","2008",108,
"ITA","PLI","TOT","OECDIDX","A","2009",105,
"ITA","PLI","TOT","OECDIDX","A","2010",100,
"ITA","PLI","TOT","OECDIDX","A","2011",100,
"ITA","PLI","TOT","OECDIDX","A","2012",95,
"ITA","PLI","TOT","OECDIDX","A","2013",99,
"ITA","PLI","TOT","OECDIDX","A","2014",100,
"ITA","PLI","TOT","OECDIDX","A","2015",91,
"ITA","PLI","TOT","OECDIDX","A","2016",91,
"JPN","PLI","TOT","OECDIDX","A","1997",138,
"JPN","PLI","TOT","OECDIDX","A","1998",130,
"JPN","PLI","TOT","OECDIDX","A","1999",145,
"JPN","PLI","TOT","OECDIDX","A","2000",153,
"JPN","PLI","TOT","OECDIDX","A","2001",138,
"JPN","PLI","TOT","OECDIDX","A","2002",127,
"JPN","PLI","TOT","OECDIDX","A","2003",124,
"JPN","PLI","TOT","OECDIDX","A","2004",122,
"JPN","PLI","TOT","OECDIDX","A","2005",115,
"JPN","PLI","TOT","OECDIDX","A","2006",107,
"JPN","PLI","TOT","OECDIDX","A","2007",98,
"JPN","PLI","TOT","OECDIDX","A","2008",106,
"JPN","PLI","TOT","OECDIDX","A","2009",121,
"JPN","PLI","TOT","OECDIDX","A","2010",124,
"JPN","PLI","TOT","OECDIDX","A","2011",128,
"JPN","PLI","TOT","OECDIDX","A","2012",129,
"JPN","PLI","TOT","OECDIDX","A","2013",105,
"JPN","PLI","TOT","OECDIDX","A","2014",100,
"JPN","PLI","TOT","OECDIDX","A","2015",96,
"JPN","PLI","TOT","OECDIDX","A","2016",106,
"KOR","PLI","TOT","OECDIDX","A","1997",78,
"KOR","PLI","TOT","OECDIDX","A","1998",56,
"KOR","PLI","TOT","OECDIDX","A","1999",65,
"KOR","PLI","TOT","OECDIDX","A","2000",70,
"KOR","PLI","TOT","OECDIDX","A","2001",66,
"KOR","PLI","TOT","OECDIDX","A","2002",68,
"KOR","PLI","TOT","OECDIDX","A","2003",68,
"KOR","PLI","TOT","OECDIDX","A","2004",68,
"KOR","PLI","TOT","OECDIDX","A","2005",75,
"KOR","PLI","TOT","OECDIDX","A","2006",81,
"KOR","PLI","TOT","OECDIDX","A","2007",80,
"KOR","PLI","TOT","OECDIDX","A","2008",67,
"KOR","PLI","TOT","OECDIDX","A","2009",63,
"KOR","PLI","TOT","OECDIDX","A","2010",71,
"KOR","PLI","TOT","OECDIDX","A","2011",73,
"KOR","PLI","TOT","OECDIDX","A","2012",75,
"KOR","PLI","TOT","OECDIDX","A","2013",81,
"KOR","PLI","TOT","OECDIDX","A","2014",85,
"KOR","PLI","TOT","OECDIDX","A","2015",89,
"KOR","PLI","TOT","OECDIDX","A","2016",87,
"LUX","PLI","TOT","OECDIDX","A","1997",109,
"LUX","PLI","TOT","OECDIDX","A","1998",109,
"LUX","PLI","TOT","OECDIDX","A","1999",104,
"LUX","PLI","TOT","OECDIDX","A","2000",94,
"LUX","PLI","TOT","OECDIDX","A","2001",96,
"LUX","PLI","TOT","OECDIDX","A","2002",100,
"LUX","PLI","TOT","OECDIDX","A","2003",112,
"LUX","PLI","TOT","OECDIDX","A","2004",116,
"LUX","PLI","TOT","OECDIDX","A","2005",115,
"LUX","PLI","TOT","OECDIDX","A","2006",115,
"LUX","PLI","TOT","OECDIDX","A","2007",121,
"LUX","PLI","TOT","OECDIDX","A","2008",124,
"LUX","PLI","TOT","OECDIDX","A","2009",123,
"LUX","PLI","TOT","OECDIDX","A","2010",120,
"LUX","PLI","TOT","OECDIDX","A","2011",120,
"LUX","PLI","TOT","OECDIDX","A","2012",115,
"LUX","PLI","TOT","OECDIDX","A","2013",121,
"LUX","PLI","TOT","OECDIDX","A","2014",121,
"LUX","PLI","TOT","OECDIDX","A","2015",111,
"LUX","PLI","TOT","OECDIDX","A","2016",110,
"MEX","PLI","TOT","OECDIDX","A","1997",55,
"MEX","PLI","TOT","OECDIDX","A","1998",55,
"MEX","PLI","TOT","OECDIDX","A","1999",60,
"MEX","PLI","TOT","OECDIDX","A","2000",69,
"MEX","PLI","TOT","OECDIDX","A","2001",75,
"MEX","PLI","TOT","OECDIDX","A","2002",75,
"MEX","PLI","TOT","OECDIDX","A","2003",65,
"MEX","PLI","TOT","OECDIDX","A","2004",62,
"MEX","PLI","TOT","OECDIDX","A","2005",64,
"MEX","PLI","TOT","OECDIDX","A","2006",66,
"MEX","PLI","TOT","OECDIDX","A","2007",65,
"MEX","PLI","TOT","OECDIDX","A","2008",63,
"MEX","PLI","TOT","OECDIDX","A","2009",54,
"MEX","PLI","TOT","OECDIDX","A","2010",59,
"MEX","PLI","TOT","OECDIDX","A","2011",59,
"MEX","PLI","TOT","OECDIDX","A","2012",59,
"MEX","PLI","TOT","OECDIDX","A","2013",63,
"MEX","PLI","TOT","OECDIDX","A","2014",62,
"MEX","PLI","TOT","OECDIDX","A","2015",60,
"MEX","PLI","TOT","OECDIDX","A","2016",52,
"NLD","PLI","TOT","OECDIDX","A","1997",102,
"NLD","PLI","TOT","OECDIDX","A","1998",103,
"NLD","PLI","TOT","OECDIDX","A","1999",98,
"NLD","PLI","TOT","OECDIDX","A","2000",88,
"NLD","PLI","TOT","OECDIDX","A","2001",90,
"NLD","PLI","TOT","OECDIDX","A","2002",94,
"NLD","PLI","TOT","OECDIDX","A","2003",107,
"NLD","PLI","TOT","OECDIDX","A","2004",111,
"NLD","PLI","TOT","OECDIDX","A","2005",109,
"NLD","PLI","TOT","OECDIDX","A","2006",109,
"NLD","PLI","TOT","OECDIDX","A","2007",113,
"NLD","PLI","TOT","OECDIDX","A","2008",117,
"NLD","PLI","TOT","OECDIDX","A","2009",116,
"NLD","PLI","TOT","OECDIDX","A","2010",110,
"NLD","PLI","TOT","OECDIDX","A","2011",111,
"NLD","PLI","TOT","OECDIDX","A","2012",104,
"NLD","PLI","TOT","OECDIDX","A","2013",108,
"NLD","PLI","TOT","OECDIDX","A","2014",110,
"NLD","PLI","TOT","OECDIDX","A","2015",101,
"NLD","PLI","TOT","OECDIDX","A","2016",101,
"NZL","PLI","TOT","OECDIDX","A","1997",95,
"NZL","PLI","TOT","OECDIDX","A","1998",79,
"NZL","PLI","TOT","OECDIDX","A","1999",77,
"NZL","PLI","TOT","OECDIDX","A","2000",70,
"NZL","PLI","TOT","OECDIDX","A","2001",69,
"NZL","PLI","TOT","OECDIDX","A","2002",76,
"NZL","PLI","TOT","OECDIDX","A","2003",89,
"NZL","PLI","TOT","OECDIDX","A","2004",98,
"NZL","PLI","TOT","OECDIDX","A","2005",106,
"NZL","PLI","TOT","OECDIDX","A","2006",96,
"NZL","PLI","TOT","OECDIDX","A","2007",106,
"NZL","PLI","TOT","OECDIDX","A","2008",98,
"NZL","PLI","TOT","OECDIDX","A","2009",90,
"NZL","PLI","TOT","OECDIDX","A","2010",105,
"NZL","PLI","TOT","OECDIDX","A","2011",112,
"NZL","PLI","TOT","OECDIDX","A","2012",119,
"NZL","PLI","TOT","OECDIDX","A","2013",120,
"NZL","PLI","TOT","OECDIDX","A","2014",123,
"NZL","PLI","TOT","OECDIDX","A","2015",114,
"NZL","PLI","TOT","OECDIDX","A","2016",115,
"NOR","PLI","TOT","OECDIDX","A","1997",127,
"NOR","PLI","TOT","OECDIDX","A","1998",126,
"NOR","PLI","TOT","OECDIDX","A","1999",121,
"NOR","PLI","TOT","OECDIDX","A","2000",110,
"NOR","PLI","TOT","OECDIDX","A","2001",114,
"NOR","PLI","TOT","OECDIDX","A","2002",126,
"NOR","PLI","TOT","OECDIDX","A","2003",134,
"NOR","PLI","TOT","OECDIDX","A","2004",133,
"NOR","PLI","TOT","OECDIDX","A","2005",137,
"NOR","PLI","TOT","OECDIDX","A","2006",136,
"NOR","PLI","TOT","OECDIDX","A","2007",146,
"NOR","PLI","TOT","OECDIDX","A","2008",148,
"NOR","PLI","TOT","OECDIDX","A","2009",142,
"NOR","PLI","TOT","OECDIDX","A","2010",148,
"NOR","PLI","TOT","OECDIDX","A","2011",154,
"NOR","PLI","TOT","OECDIDX","A","2012",153,
"NOR","PLI","TOT","OECDIDX","A","2013",156,
"NOR","PLI","TOT","OECDIDX","A","2014",152,
"NOR","PLI","TOT","OECDIDX","A","2015",136,
"NOR","PLI","TOT","OECDIDX","A","2016",136,
"POL","PLI","TOT","OECDIDX","A","1997",46,
"POL","PLI","TOT","OECDIDX","A","1998",49,
"POL","PLI","TOT","OECDIDX","A","1999",44,
"POL","PLI","TOT","OECDIDX","A","2000",45,
"POL","PLI","TOT","OECDIDX","A","2001",50,
"POL","PLI","TOT","OECDIDX","A","2002",49,
"POL","PLI","TOT","OECDIDX","A","2003",48,
"POL","PLI","TOT","OECDIDX","A","2004",49,
"POL","PLI","TOT","OECDIDX","A","2005",56,
"POL","PLI","TOT","OECDIDX","A","2006",59,
"POL","PLI","TOT","OECDIDX","A","2007",64,
"POL","PLI","TOT","OECDIDX","A","2008",72,
"POL","PLI","TOT","OECDIDX","A","2009",59,
"POL","PLI","TOT","OECDIDX","A","2010",58,
"POL","PLI","TOT","OECDIDX","A","2011",58,
"POL","PLI","TOT","OECDIDX","A","2012",54,
"POL","PLI","TOT","OECDIDX","A","2013",57,
"POL","PLI","TOT","OECDIDX","A","2014",57,
"POL","PLI","TOT","OECDIDX","A","2015",53,
"POL","PLI","TOT","OECDIDX","A","2016",50,
"PRT","PLI","TOT","OECDIDX","A","1997",73,
"PRT","PLI","TOT","OECDIDX","A","1998",75,
"PRT","PLI","TOT","OECDIDX","A","1999",71,
"PRT","PLI","TOT","OECDIDX","A","2000",65,
"PRT","PLI","TOT","OECDIDX","A","2001",67,
"PRT","PLI","TOT","OECDIDX","A","2002",70,
"PRT","PLI","TOT","OECDIDX","A","2003",78,
"PRT","PLI","TOT","OECDIDX","A","2004",82,
"PRT","PLI","TOT","OECDIDX","A","2005",81,
"PRT","PLI","TOT","OECDIDX","A","2006",80,
"PRT","PLI","TOT","OECDIDX","A","2007",85,
"PRT","PLI","TOT","OECDIDX","A","2008",88,
"PRT","PLI","TOT","OECDIDX","A","2009",85,
"PRT","PLI","TOT","OECDIDX","A","2010",81,
"PRT","PLI","TOT","OECDIDX","A","2011",82,
"PRT","PLI","TOT","OECDIDX","A","2012",77,
"PRT","PLI","TOT","OECDIDX","A","2013",79,
"PRT","PLI","TOT","OECDIDX","A","2014",79,
"PRT","PLI","TOT","OECDIDX","A","2015",73,
"PRT","PLI","TOT","OECDIDX","A","2016",73,
"SVK","PLI","TOT","OECDIDX","A","1997",40,
"SVK","PLI","TOT","OECDIDX","A","1998",41,
"SVK","PLI","TOT","OECDIDX","A","1999",37,
"SVK","PLI","TOT","OECDIDX","A","2000",36,
"SVK","PLI","TOT","OECDIDX","A","2001",36,
"SVK","PLI","TOT","OECDIDX","A","2002",39,
"SVK","PLI","TOT","OECDIDX","A","2003",46,
"SVK","PLI","TOT","OECDIDX","A","2004",52,
"SVK","PLI","TOT","OECDIDX","A","2005",54,
"SVK","PLI","TOT","OECDIDX","A","2006",56,
"SVK","PLI","TOT","OECDIDX","A","2007",65,
"SVK","PLI","TOT","OECDIDX","A","2008",71,
"SVK","PLI","TOT","OECDIDX","A","2009",70,
"SVK","PLI","TOT","OECDIDX","A","2010",65,
"SVK","PLI","TOT","OECDIDX","A","2011",67,
"SVK","PLI","TOT","OECDIDX","A","2012",64,
"SVK","PLI","TOT","OECDIDX","A","2013",66,
"SVK","PLI","TOT","OECDIDX","A","2014",66,
"SVK","PLI","TOT","OECDIDX","A","2015",61,
"SVK","PLI","TOT","OECDIDX","A","2016",61,
"ESP","PLI","TOT","OECDIDX","A","1997",82,
"ESP","PLI","TOT","OECDIDX","A","1998",82,
"ESP","PLI","TOT","OECDIDX","A","1999",80,
"ESP","PLI","TOT","OECDIDX","A","2000",73,
"ESP","PLI","TOT","OECDIDX","A","2001",75,
"ESP","PLI","TOT","OECDIDX","A","2002",78,
"ESP","PLI","TOT","OECDIDX","A","2003",88,
"ESP","PLI","TOT","OECDIDX","A","2004",93,
"ESP","PLI","TOT","OECDIDX","A","2005",94,
"ESP","PLI","TOT","OECDIDX","A","2006",92,
"ESP","PLI","TOT","OECDIDX","A","2007",96,
"ESP","PLI","TOT","OECDIDX","A","2008",100,
"ESP","PLI","TOT","OECDIDX","A","2009",98,
"ESP","PLI","TOT","OECDIDX","A","2010",94,
"ESP","PLI","TOT","OECDIDX","A","2011",94,
"ESP","PLI","TOT","OECDIDX","A","2012",88,
"ESP","PLI","TOT","OECDIDX","A","2013",91,
"ESP","PLI","TOT","OECDIDX","A","2014",91,
"ESP","PLI","TOT","OECDIDX","A","2015",84,
"ESP","PLI","TOT","OECDIDX","A","2016",83,
"SWE","PLI","TOT","OECDIDX","A","1997",122,
"SWE","PLI","TOT","OECDIDX","A","1998",121,
"SWE","PLI","TOT","OECDIDX","A","1999",114,
"SWE","PLI","TOT","OECDIDX","A","2000",107,
"SWE","PLI","TOT","OECDIDX","A","2001",102,
"SWE","PLI","TOT","OECDIDX","A","2002",107,
"SWE","PLI","TOT","OECDIDX","A","2003",121,
"SWE","PLI","TOT","OECDIDX","A","2004",124,
"SWE","PLI","TOT","OECDIDX","A","2005",124,
"SWE","PLI","TOT","OECDIDX","A","2006",123,
"SWE","PLI","TOT","OECDIDX","A","2007",126,
"SWE","PLI","TOT","OECDIDX","A","2008",125,
"SWE","PLI","TOT","OECDIDX","A","2009",114,
"SWE","PLI","TOT","OECDIDX","A","2010",122,
"SWE","PLI","TOT","OECDIDX","A","2011",130,
"SWE","PLI","TOT","OECDIDX","A","2012",126,
"SWE","PLI","TOT","OECDIDX","A","2013",134,
"SWE","PLI","TOT","OECDIDX","A","2014",131,
"SWE","PLI","TOT","OECDIDX","A","2015",120,
"SWE","PLI","TOT","OECDIDX","A","2016",119,
"CHE","PLI","TOT","OECDIDX","A","1997",126,
"CHE","PLI","TOT","OECDIDX","A","1998",129,
"CHE","PLI","TOT","OECDIDX","A","1999",122,
"CHE","PLI","TOT","OECDIDX","A","2000",113,
"CHE","PLI","TOT","OECDIDX","A","2001",117,
"CHE","PLI","TOT","OECDIDX","A","2002",122,
"CHE","PLI","TOT","OECDIDX","A","2003",131,
"CHE","PLI","TOT","OECDIDX","A","2004",133,
"CHE","PLI","TOT","OECDIDX","A","2005",133,
"CHE","PLI","TOT","OECDIDX","A","2006",127,
"CHE","PLI","TOT","OECDIDX","A","2007",123,
"CHE","PLI","TOT","OECDIDX","A","2008",130,
"CHE","PLI","TOT","OECDIDX","A","2009",132,
"CHE","PLI","TOT","OECDIDX","A","2010",137,
"CHE","PLI","TOT","OECDIDX","A","2011",150,
"CHE","PLI","TOT","OECDIDX","A","2012",142,
"CHE","PLI","TOT","OECDIDX","A","2013",144,
"CHE","PLI","TOT","OECDIDX","A","2014",144,
"CHE","PLI","TOT","OECDIDX","A","2015",146,
"CHE","PLI","TOT","OECDIDX","A","2016",142,
"TUR","PLI","TOT","OECDIDX","A","1997",36,
"TUR","PLI","TOT","OECDIDX","A","1998",50,
"TUR","PLI","TOT","OECDIDX","A","1999",48,
"TUR","PLI","TOT","OECDIDX","A","2000",48,
"TUR","PLI","TOT","OECDIDX","A","2001",38,
"TUR","PLI","TOT","OECDIDX","A","2002",44,
"TUR","PLI","TOT","OECDIDX","A","2003",50,
"TUR","PLI","TOT","OECDIDX","A","2004",54,
"TUR","PLI","TOT","OECDIDX","A","2005",61,
"TUR","PLI","TOT","OECDIDX","A","2006",59,
"TUR","PLI","TOT","OECDIDX","A","2007",63,
"TUR","PLI","TOT","OECDIDX","A","2008",64,
"TUR","PLI","TOT","OECDIDX","A","2009",57,
"TUR","PLI","TOT","OECDIDX","A","2010",60,
"TUR","PLI","TOT","OECDIDX","A","2011",55,
"TUR","PLI","TOT","OECDIDX","A","2012",56,
"TUR","PLI","TOT","OECDIDX","A","2013",57,
"TUR","PLI","TOT","OECDIDX","A","2014",54,
"TUR","PLI","TOT","OECDIDX","A","2015",52,
"TUR","PLI","TOT","OECDIDX","A","2016",51,
"GBR","PLI","TOT","OECDIDX","A","1997",115,
"GBR","PLI","TOT","OECDIDX","A","1998",122,
"GBR","PLI","TOT","OECDIDX","A","1999",119,
"GBR","PLI","TOT","OECDIDX","A","2000",114,
"GBR","PLI","TOT","OECDIDX","A","2001",112,
"GBR","PLI","TOT","OECDIDX","A","2002",115,
"GBR","PLI","TOT","OECDIDX","A","2003",117,
"GBR","PLI","TOT","OECDIDX","A","2004",123,
"GBR","PLI","TOT","OECDIDX","A","2005",126,
"GBR","PLI","TOT","OECDIDX","A","2006",128,
"GBR","PLI","TOT","OECDIDX","A","2007",137,
"GBR","PLI","TOT","OECDIDX","A","2008",121,
"GBR","PLI","TOT","OECDIDX","A","2009",108,
"GBR","PLI","TOT","OECDIDX","A","2010",106,
"GBR","PLI","TOT","OECDIDX","A","2011",108,
"GBR","PLI","TOT","OECDIDX","A","2012",109,
"GBR","PLI","TOT","OECDIDX","A","2013",110,
"GBR","PLI","TOT","OECDIDX","A","2014",117,
"GBR","PLI","TOT","OECDIDX","A","2015",119,
"GBR","PLI","TOT","OECDIDX","A","2016",106,
"USA","PLI","TOT","OECDIDX","A","1997",99,
"USA","PLI","TOT","OECDIDX","A","1998",102,
"USA","PLI","TOT","OECDIDX","A","1999",102,
"USA","PLI","TOT","OECDIDX","A","2000",107,
"USA","PLI","TOT","OECDIDX","A","2001",112,
"USA","PLI","TOT","OECDIDX","A","2002",111,
"USA","PLI","TOT","OECDIDX","A","2003",103,
"USA","PLI","TOT","OECDIDX","A","2004",98,
"USA","PLI","TOT","OECDIDX","A","2005",98,
"USA","PLI","TOT","OECDIDX","A","2006",100,
"USA","PLI","TOT","OECDIDX","A","2007",96,
"USA","PLI","TOT","OECDIDX","A","2008",94,
"USA","PLI","TOT","OECDIDX","A","2009",98,
"USA","PLI","TOT","OECDIDX","A","2010",98,
"USA","PLI","TOT","OECDIDX","A","2011",95,
"USA","PLI","TOT","OECDIDX","A","2012",99,
"USA","PLI","TOT","OECDIDX","A","2013",102,
"USA","PLI","TOT","OECDIDX","A","2014",103,
"USA","PLI","TOT","OECDIDX","A","2015",113,
"USA","PLI","TOT","OECDIDX","A","2016",113,
"BRA","PLI","TOT","OECDIDX","A","1997",61,
"BRA","PLI","TOT","OECDIDX","A","1998",61,
"BRA","PLI","TOT","OECDIDX","A","1999",41,
"BRA","PLI","TOT","OECDIDX","A","2000",44,
"BRA","PLI","TOT","OECDIDX","A","2001",38,
"BRA","PLI","TOT","OECDIDX","A","2002",33,
"BRA","PLI","TOT","OECDIDX","A","2003",32,
"BRA","PLI","TOT","OECDIDX","A","2004",34,
"BRA","PLI","TOT","OECDIDX","A","2005",43,
"BRA","PLI","TOT","OECDIDX","A","2006",50,
"BRA","PLI","TOT","OECDIDX","A","2007",56,
"BRA","PLI","TOT","OECDIDX","A","2008",62,
"BRA","PLI","TOT","OECDIDX","A","2009",64,
"BRA","PLI","TOT","OECDIDX","A","2010",77,
"BRA","PLI","TOT","OECDIDX","A","2011",84,
"BRA","PLI","TOT","OECDIDX","A","2012",79,
"BRA","PLI","TOT","OECDIDX","A","2013",78,
"BRA","PLI","TOT","OECDIDX","A","2014",76,
"BRA","PLI","TOT","OECDIDX","A","2015",63,
"BRA","PLI","TOT","OECDIDX","A","2016",65,
"CHL","PLI","TOT","OECDIDX","A","1997",66,
"CHL","PLI","TOT","OECDIDX","A","1998",61,
"CHL","PLI","TOT","OECDIDX","A","1999",56,
"CHL","PLI","TOT","OECDIDX","A","2000",57,
"CHL","PLI","TOT","OECDIDX","A","2001",51,
"CHL","PLI","TOT","OECDIDX","A","2002",48,
"CHL","PLI","TOT","OECDIDX","A","2003",46,
"CHL","PLI","TOT","OECDIDX","A","2004",52,
"CHL","PLI","TOT","OECDIDX","A","2005",58,
"CHL","PLI","TOT","OECDIDX","A","2006",61,
"CHL","PLI","TOT","OECDIDX","A","2007",60,
"CHL","PLI","TOT","OECDIDX","A","2008",62,
"CHL","PLI","TOT","OECDIDX","A","2009",62,
"CHL","PLI","TOT","OECDIDX","A","2010",69,
"CHL","PLI","TOT","OECDIDX","A","2011",68,
"CHL","PLI","TOT","OECDIDX","A","2012",70,
"CHL","PLI","TOT","OECDIDX","A","2013",72,
"CHL","PLI","TOT","OECDIDX","A","2014",66,
"CHL","PLI","TOT","OECDIDX","A","2015",65,
"CHL","PLI","TOT","OECDIDX","A","2016",65,
"CHN","PLI","TOT","OECDIDX","A","1997",34,
"CHN","PLI","TOT","OECDIDX","A","1998",34,
"CHN","PLI","TOT","OECDIDX","A","1999",33,
"CHN","PLI","TOT","OECDIDX","A","2000",35,
"CHN","PLI","TOT","OECDIDX","A","2001",37,
"CHN","PLI","TOT","OECDIDX","A","2002",36,
"CHN","PLI","TOT","OECDIDX","A","2003",33,
"CHN","PLI","TOT","OECDIDX","A","2004",33,
"CHN","PLI","TOT","OECDIDX","A","2005",34,
"CHN","PLI","TOT","OECDIDX","A","2006",36,
"CHN","PLI","TOT","OECDIDX","A","2007",38,
"CHN","PLI","TOT","OECDIDX","A","2008",43,
"CHN","PLI","TOT","OECDIDX","A","2009",45,
"CHN","PLI","TOT","OECDIDX","A","2010",48,
"CHN","PLI","TOT","OECDIDX","A","2011",52,
"CHN","PLI","TOT","OECDIDX","A","2012",55,
"CHN","PLI","TOT","OECDIDX","A","2013",58,
"CHN","PLI","TOT","OECDIDX","A","2014",59,
"CHN","PLI","TOT","OECDIDX","A","2015",63,
"CHN","PLI","TOT","OECDIDX","A","2016",60,
"EST","PLI","TOT","OECDIDX","A","1997",46,
"EST","PLI","TOT","OECDIDX","A","1998",49,
"EST","PLI","TOT","OECDIDX","A","1999",50,
"EST","PLI","TOT","OECDIDX","A","2000",46,
"EST","PLI","TOT","OECDIDX","A","2001",49,
"EST","PLI","TOT","OECDIDX","A","2002",51,
"EST","PLI","TOT","OECDIDX","A","2003",56,
"EST","PLI","TOT","OECDIDX","A","2004",60,
"EST","PLI","TOT","OECDIDX","A","2005",61,
"EST","PLI","TOT","OECDIDX","A","2006",65,
"EST","PLI","TOT","OECDIDX","A","2007",73,
"EST","PLI","TOT","OECDIDX","A","2008",75,
"EST","PLI","TOT","OECDIDX","A","2009",70,
"EST","PLI","TOT","OECDIDX","A","2010",66,
"EST","PLI","TOT","OECDIDX","A","2011",68,
"EST","PLI","TOT","OECDIDX","A","2012",66,
"EST","PLI","TOT","OECDIDX","A","2013",70,
"EST","PLI","TOT","OECDIDX","A","2014",72,
"EST","PLI","TOT","OECDIDX","A","2015",67,
"EST","PLI","TOT","OECDIDX","A","2016",68,
"IND","PLI","TOT","OECDIDX","A","1997",26,
"IND","PLI","TOT","OECDIDX","A","1998",25,
"IND","PLI","TOT","OECDIDX","A","1999",24,
"IND","PLI","TOT","OECDIDX","A","2000",25,
"IND","PLI","TOT","OECDIDX","A","2001",25,
"IND","PLI","TOT","OECDIDX","A","2002",24,
"IND","PLI","TOT","OECDIDX","A","2003",24,
"IND","PLI","TOT","OECDIDX","A","2004",24,
"IND","PLI","TOT","OECDIDX","A","2005",25,
"IND","PLI","TOT","OECDIDX","A","2006",26,
"IND","PLI","TOT","OECDIDX","A","2007",28,
"IND","PLI","TOT","OECDIDX","A","2008",28,
"IND","PLI","TOT","OECDIDX","A","2009",28,
"IND","PLI","TOT","OECDIDX","A","2010",31,
"IND","PLI","TOT","OECDIDX","A","2011",31,
"IND","PLI","TOT","OECDIDX","A","2012",30,
"IND","PLI","TOT","OECDIDX","A","2013",29,
"IND","PLI","TOT","OECDIDX","A","2014",29,
"IND","PLI","TOT","OECDIDX","A","2015",30,
"IND","PLI","TOT","OECDIDX","A","2016",30,
"IDN","PLI","TOT","OECDIDX","A","1997",21,
"IDN","PLI","TOT","OECDIDX","A","1998",11,
"IDN","PLI","TOT","OECDIDX","A","1999",16,
"IDN","PLI","TOT","OECDIDX","A","2000",18,
"IDN","PLI","TOT","OECDIDX","A","2001",17,
"IDN","PLI","TOT","OECDIDX","A","2002",20,
"IDN","PLI","TOT","OECDIDX","A","2003",21,
"IDN","PLI","TOT","OECDIDX","A","2004",20,
"IDN","PLI","TOT","OECDIDX","A","2005",20,
"IDN","PLI","TOT","OECDIDX","A","2006",24,
"IDN","PLI","TOT","OECDIDX","A","2007",25,
"IDN","PLI","TOT","OECDIDX","A","2008",27,
"IDN","PLI","TOT","OECDIDX","A","2009",28,
"IDN","PLI","TOT","OECDIDX","A","2010",37,
"IDN","PLI","TOT","OECDIDX","A","2011",39,
"IDN","PLI","TOT","OECDIDX","A","2012",39,
"IDN","PLI","TOT","OECDIDX","A","2013",37,
"IDN","PLI","TOT","OECDIDX","A","2014",34,
"IDN","PLI","TOT","OECDIDX","A","2015",34,
"IDN","PLI","TOT","OECDIDX","A","2016",35,
"ISR","PLI","TOT","OECDIDX","A","1997",91,
"ISR","PLI","TOT","OECDIDX","A","1998",90,
"ISR","PLI","TOT","OECDIDX","A","1999",86,
"ISR","PLI","TOT","OECDIDX","A","2000",90,
"ISR","PLI","TOT","OECDIDX","A","2001",91,
"ISR","PLI","TOT","OECDIDX","A","2002",81,
"ISR","PLI","TOT","OECDIDX","A","2003",82,
"ISR","PLI","TOT","OECDIDX","A","2004",77,
"ISR","PLI","TOT","OECDIDX","A","2005",81,
"ISR","PLI","TOT","OECDIDX","A","2006",85,
"ISR","PLI","TOT","OECDIDX","A","2007",87,
"ISR","PLI","TOT","OECDIDX","A","2008",101,
"ISR","PLI","TOT","OECDIDX","A","2009",99,
"ISR","PLI","TOT","OECDIDX","A","2010",104,
"ISR","PLI","TOT","OECDIDX","A","2011",105,
"ISR","PLI","TOT","OECDIDX","A","2012",101,
"ISR","PLI","TOT","OECDIDX","A","2013",108,
"ISR","PLI","TOT","OECDIDX","A","2014",111,
"ISR","PLI","TOT","OECDIDX","A","2015",111,
"ISR","PLI","TOT","OECDIDX","A","2016",112,
"RUS","PLI","TOT","OECDIDX","A","1997",48,
"RUS","PLI","TOT","OECDIDX","A","1998",34,
"RUS","PLI","TOT","OECDIDX","A","1999",23,
"RUS","PLI","TOT","OECDIDX","A","2000",28,
"RUS","PLI","TOT","OECDIDX","A","2001",32,
"RUS","PLI","TOT","OECDIDX","A","2002",33,
"RUS","PLI","TOT","OECDIDX","A","2003",33,
"RUS","PLI","TOT","OECDIDX","A","2004",39,
"RUS","PLI","TOT","OECDIDX","A","2005",44,
"RUS","PLI","TOT","OECDIDX","A","2006",46,
"RUS","PLI","TOT","OECDIDX","A","2007",53,
"RUS","PLI","TOT","OECDIDX","A","2008",54,
"RUS","PLI","TOT","OECDIDX","A","2009",43,
"RUS","PLI","TOT","OECDIDX","A","2010",51,
"RUS","PLI","TOT","OECDIDX","A","2011",56,
"RUS","PLI","TOT","OECDIDX","A","2012",59,
"RUS","PLI","TOT","OECDIDX","A","2013",62,
"RUS","PLI","TOT","OECDIDX","A","2014",57,
"RUS","PLI","TOT","OECDIDX","A","2015",44,
"RUS","PLI","TOT","OECDIDX","A","2016",43,
"SVN","PLI","TOT","OECDIDX","A","1997",68,
"SVN","PLI","TOT","OECDIDX","A","1998",71,
"SVN","PLI","TOT","OECDIDX","A","1999",68,
"SVN","PLI","TOT","OECDIDX","A","2000",60,
"SVN","PLI","TOT","OECDIDX","A","2001",62,
"SVN","PLI","TOT","OECDIDX","A","2002",65,
"SVN","PLI","TOT","OECDIDX","A","2003",72,
"SVN","PLI","TOT","OECDIDX","A","2004",74,
"SVN","PLI","TOT","OECDIDX","A","2005",74,
"SVN","PLI","TOT","OECDIDX","A","2006",76,
"SVN","PLI","TOT","OECDIDX","A","2007",83,
"SVN","PLI","TOT","OECDIDX","A","2008",87,
"SVN","PLI","TOT","OECDIDX","A","2009",88,
"SVN","PLI","TOT","OECDIDX","A","2010",83,
"SVN","PLI","TOT","OECDIDX","A","2011",83,
"SVN","PLI","TOT","OECDIDX","A","2012",77,
"SVN","PLI","TOT","OECDIDX","A","2013",80,
"SVN","PLI","TOT","OECDIDX","A","2014",80,
"SVN","PLI","TOT","OECDIDX","A","2015",73,
"SVN","PLI","TOT","OECDIDX","A","2016",74,
"ZAF","PLI","TOT","OECDIDX","A","1997",49,
"ZAF","PLI","TOT","OECDIDX","A","1998",45,
"ZAF","PLI","TOT","OECDIDX","A","1999",43,
"ZAF","PLI","TOT","OECDIDX","A","2000",42,
"ZAF","PLI","TOT","OECDIDX","A","2001",37,
"ZAF","PLI","TOT","OECDIDX","A","2002",34,
"ZAF","PLI","TOT","OECDIDX","A","2003",45,
"ZAF","PLI","TOT","OECDIDX","A","2004",52,
"ZAF","PLI","TOT","OECDIDX","A","2005",54,
"ZAF","PLI","TOT","OECDIDX","A","2006",53,
"ZAF","PLI","TOT","OECDIDX","A","2007",52,
"ZAF","PLI","TOT","OECDIDX","A","2008",46,
"ZAF","PLI","TOT","OECDIDX","A","2009",50,
"ZAF","PLI","TOT","OECDIDX","A","2010",61,
"ZAF","PLI","TOT","OECDIDX","A","2011",63,
"ZAF","PLI","TOT","OECDIDX","A","2012",59,
"ZAF","PLI","TOT","OECDIDX","A","2013",54,
"ZAF","PLI","TOT","OECDIDX","A","2014",51,
"ZAF","PLI","TOT","OECDIDX","A","2015",49,
"ZAF","PLI","TOT","OECDIDX","A","2016",45,
"EU28","PLI","TOT","OECDIDX","A","1997",97,
"EU28","PLI","TOT","OECDIDX","A","1998",99,
"EU28","PLI","TOT","OECDIDX","A","1999",94,
"EU28","PLI","TOT","OECDIDX","A","2000",86,
"EU28","PLI","TOT","OECDIDX","A","2001",87,
"EU28","PLI","TOT","OECDIDX","A","2002",90,
"EU28","PLI","TOT","OECDIDX","A","2003",98,
"EU28","PLI","TOT","OECDIDX","A","2004",103,
"EU28","PLI","TOT","OECDIDX","A","2005",103,
"EU28","PLI","TOT","OECDIDX","A","2006",103,
"EU28","PLI","TOT","OECDIDX","A","2007",108,
"EU28","PLI","TOT","OECDIDX","A","2008",109,
"EU28","PLI","TOT","OECDIDX","A","2009",104,
"EU28","PLI","TOT","OECDIDX","A","2010",99,
"EU28","PLI","TOT","OECDIDX","A","2011",100,
"EU28","PLI","TOT","OECDIDX","A","2012",96,
"EU28","PLI","TOT","OECDIDX","A","2013",99,
"EU28","PLI","TOT","OECDIDX","A","2014",100,
"EU28","PLI","TOT","OECDIDX","A","2015",94,
"EU28","PLI","TOT","OECDIDX","A","2016",92,
"OECD","PLI","TOT","OECDIDX","A","1997",100,
"OECD","PLI","TOT","OECDIDX","A","1998",100,
"OECD","PLI","TOT","OECDIDX","A","1999",100,
"OECD","PLI","TOT","OECDIDX","A","2000",100,
"OECD","PLI","TOT","OECDIDX","A","2001",100,
"OECD","PLI","TOT","OECDIDX","A","2002",100,
"OECD","PLI","TOT","OECDIDX","A","2003",100,
"OECD","PLI","TOT","OECDIDX","A","2004",100,
"OECD","PLI","TOT","OECDIDX","A","2005",100,
"OECD","PLI","TOT","OECDIDX","A","2006",100,
"OECD","PLI","TOT","OECDIDX","A","2007",100,
"OECD","PLI","TOT","OECDIDX","A","2008",100,
"OECD","PLI","TOT","OECDIDX","A","2009",100,
"OECD","PLI","TOT","OECDIDX","A","2010",100,
"OECD","PLI","TOT","OECDIDX","A","2011",100,
"OECD","PLI","TOT","OECDIDX","A","2012",100,
"OECD","PLI","TOT","OECDIDX","A","2013",100,
"OECD","PLI","TOT","OECDIDX","A","2014",100,
"OECD","PLI","TOT","OECDIDX","A","2015",100,
"OECD","PLI","TOT","OECDIDX","A","2016",100,
"EA18","PLI","TOT","OECDIDX","A","1997",99,
"EA18","PLI","TOT","OECDIDX","A","1998",100,
"EA18","PLI","TOT","OECDIDX","A","1999",95,
"EA18","PLI","TOT","OECDIDX","A","2000",85,
"EA18","PLI","TOT","OECDIDX","A","2001",86,
"EA18","PLI","TOT","OECDIDX","A","2002",89,
"EA18","PLI","TOT","OECDIDX","A","2003",100,
"EA18","PLI","TOT","OECDIDX","A","2004",104,
"EA18","PLI","TOT","OECDIDX","A","2005",104,
"EA18","PLI","TOT","OECDIDX","A","2006",103,
"EA18","PLI","TOT","OECDIDX","A","2007",108,
"EA18","PLI","TOT","OECDIDX","A","2008",111,
"EA18","PLI","TOT","OECDIDX","A","2009",108,
"EA18","PLI","TOT","OECDIDX","A","2010",103,
"EA18","PLI","TOT","OECDIDX","A","2011",103,
"EA18","PLI","TOT","OECDIDX","A","2012",98,
"EA18","PLI","TOT","OECDIDX","A","2013",102,
"EA18","PLI","TOT","OECDIDX","A","2014",102,
"EA18","PLI","TOT","OECDIDX","A","2015",94,
"EA18","PLI","TOT","OECDIDX","A","2016",94,
"COL","PLI","TOT","OECDIDX","A","1997",61,
"COL","PLI","TOT","OECDIDX","A","1998",61,
"COL","PLI","TOT","OECDIDX","A","1999",41,
"COL","PLI","TOT","OECDIDX","A","2000",44,
"COL","PLI","TOT","OECDIDX","A","2001",38,
"COL","PLI","TOT","OECDIDX","A","2002",33,
"COL","PLI","TOT","OECDIDX","A","2003",32,
"COL","PLI","TOT","OECDIDX","A","2004",34,
"COL","PLI","TOT","OECDIDX","A","2005",43,
"COL","PLI","TOT","OECDIDX","A","2006",50,
"COL","PLI","TOT","OECDIDX","A","2007",56,
"COL","PLI","TOT","OECDIDX","A","2008",62,
"COL","PLI","TOT","OECDIDX","A","2009",64,
"COL","PLI","TOT","OECDIDX","A","2010",77,
"COL","PLI","TOT","OECDIDX","A","2011",84,
"COL","PLI","TOT","OECDIDX","A","2012",79,
"COL","PLI","TOT","OECDIDX","A","2013",78,
"COL","PLI","TOT","OECDIDX","A","2014",76,
"COL","PLI","TOT","OECDIDX","A","2015",63,
"COL","PLI","TOT","OECDIDX","A","2016",65,
"LTU","PLI","TOT","OECDIDX","A","1997",34,
"LTU","PLI","TOT","OECDIDX","A","1998",34,
"LTU","PLI","TOT","OECDIDX","A","1999",33,
"LTU","PLI","TOT","OECDIDX","A","2000",35,
"LTU","PLI","TOT","OECDIDX","A","2001",37,
"LTU","PLI","TOT","OECDIDX","A","2002",36,
"LTU","PLI","TOT","OECDIDX","A","2003",33,
"LTU","PLI","TOT","OECDIDX","A","2004",33,
"LTU","PLI","TOT","OECDIDX","A","2005",34,
"LTU","PLI","TOT","OECDIDX","A","2006",36,
"LTU","PLI","TOT","OECDIDX","A","2007",38,
"LTU","PLI","TOT","OECDIDX","A","2008",43,
"LTU","PLI","TOT","OECDIDX","A","2009",45,
"LTU","PLI","TOT","OECDIDX","A","2010",48,
"LTU","PLI","TOT","OECDIDX","A","2011",52,
"LTU","PLI","TOT","OECDIDX","A","2012",55,
"LTU","PLI","TOT","OECDIDX","A","2013",58,
"LTU","PLI","TOT","OECDIDX","A","2014",59,
"LTU","PLI","TOT","OECDIDX","A","2015",63,
"LTU","PLI","TOT","OECDIDX","A","2016",60,
"LVA","PLI","TOT","OECDIDX","A","1997",41,
"LVA","PLI","TOT","OECDIDX","A","1998",43,
"LVA","PLI","TOT","OECDIDX","A","1999",43,
"LVA","PLI","TOT","OECDIDX","A","2000",45,
"LVA","PLI","TOT","OECDIDX","A","2001",44,
"LVA","PLI","TOT","OECDIDX","A","2002",46,
"LVA","PLI","TOT","OECDIDX","A","2003",48,
"LVA","PLI","TOT","OECDIDX","A","2004",51,
"LVA","PLI","TOT","OECDIDX","A","2005",53,
"LVA","PLI","TOT","OECDIDX","A","2006",61,
"LVA","PLI","TOT","OECDIDX","A","2007",74,
"LVA","PLI","TOT","OECDIDX","A","2008",79,
"LVA","PLI","TOT","OECDIDX","A","2009",71,
"LVA","PLI","TOT","OECDIDX","A","2010",63,
"LVA","PLI","TOT","OECDIDX","A","2011",67,
"LVA","PLI","TOT","OECDIDX","A","2012",64,
"LVA","PLI","TOT","OECDIDX","A","2013",67,
"LVA","PLI","TOT","OECDIDX","A","2014",68,
"LVA","PLI","TOT","OECDIDX","A","2015",62,
"LVA","PLI","TOT","OECDIDX","A","2016",62,
