﻿"LOCATION","INDICATOR","SUBJECT","MEASURE","FREQUENCY","TIME","Value","Flag Codes"
"AUS","WAGEGAP","TOT","PC_MENWAGE","A","1975",21.582733813,
"AUS","WAGEGAP","TOT","PC_MENWAGE","A","1976",20.754716981,
"AUS","WAGEGAP","TOT","PC_MENWAGE","A","1977",18.390804598,
"AUS","WAGEGAP","TOT","PC_MENWAGE","A","1978",19.791666667,
"AUS","WAGEGAP","TOT","PC_MENWAGE","A","1979",20,
"AUS","WAGEGAP","TOT","PC_MENWAGE","A","1980",18.75,
"AUS","WAGEGAP","TOT","PC_MENWAGE","A","1981",18.253968254,
"AUS","WAGEGAP","TOT","PC_MENWAGE","A","1982",20.819112628,
"AUS","WAGEGAP","TOT","PC_MENWAGE","A","1983",19.155844156,
"AUS","WAGEGAP","TOT","PC_MENWAGE","A","1984",18.674698795,
"AUS","WAGEGAP","TOT","PC_MENWAGE","A","1985",19.607843137,
"AUS","WAGEGAP","TOT","PC_MENWAGE","A","1986",18.848167539,
"AUS","WAGEGAP","TOT","PC_MENWAGE","A","1987",18.518518519,
"AUS","WAGEGAP","TOT","PC_MENWAGE","A","1988",18.79350348,
"AUS","WAGEGAP","TOT","PC_MENWAGE","A","1989",18.58974359,
"AUS","WAGEGAP","TOT","PC_MENWAGE","A","1990",18.181818182,
"AUS","WAGEGAP","TOT","PC_MENWAGE","A","1991",16.015625,
"AUS","WAGEGAP","TOT","PC_MENWAGE","A","1992",14.258555133,
"AUS","WAGEGAP","TOT","PC_MENWAGE","A","1993",13.224637681,
"AUS","WAGEGAP","TOT","PC_MENWAGE","A","1994",14.409722222,
"AUS","WAGEGAP","TOT","PC_MENWAGE","A","1995",14.478114478,
"AUS","WAGEGAP","TOT","PC_MENWAGE","A","1997",15.254237288,
"AUS","WAGEGAP","TOT","PC_MENWAGE","A","1998",13.242009132,
"AUS","WAGEGAP","TOT","PC_MENWAGE","A","1999",14.285714286,
"AUS","WAGEGAP","TOT","PC_MENWAGE","A","2000",17.2,
"AUS","WAGEGAP","TOT","PC_MENWAGE","A","2001",14.342105263,
"AUS","WAGEGAP","TOT","PC_MENWAGE","A","2002",15,
"AUS","WAGEGAP","TOT","PC_MENWAGE","A","2003",13.043478261,
"AUS","WAGEGAP","TOT","PC_MENWAGE","A","2004",14.352941176,
"AUS","WAGEGAP","TOT","PC_MENWAGE","A","2005",15.777777778,
"AUS","WAGEGAP","TOT","PC_MENWAGE","A","2006",16.666666667,
"AUS","WAGEGAP","TOT","PC_MENWAGE","A","2007",15.4,
"AUS","WAGEGAP","TOT","PC_MENWAGE","A","2008",11.937377691,
"AUS","WAGEGAP","TOT","PC_MENWAGE","A","2009",16.363636364,
"AUS","WAGEGAP","TOT","PC_MENWAGE","A","2010",14.04293381,
"AUS","WAGEGAP","TOT","PC_MENWAGE","A","2011",15.966386555,
"AUS","WAGEGAP","TOT","PC_MENWAGE","A","2012",13.75,
"AUS","WAGEGAP","TOT","PC_MENWAGE","A","2013",18,
"AUS","WAGEGAP","TOT","PC_MENWAGE","A","2014",15.384615385,
"AUS","WAGEGAP","TOT","PC_MENWAGE","A","2015",13,
"AUS","WAGEGAP","TOT","PC_MENWAGE","A","2016",14.286310555,
"AUT","WAGEGAP","TOT","PC_MENWAGE","A","2000",23.141943088,
"AUT","WAGEGAP","TOT","PC_MENWAGE","A","2001",22.801817823,
"AUT","WAGEGAP","TOT","PC_MENWAGE","A","2002",24.48922362,
"AUT","WAGEGAP","TOT","PC_MENWAGE","A","2003",21.136921977,
"AUT","WAGEGAP","TOT","PC_MENWAGE","A","2004",22.430792158,
"AUT","WAGEGAP","TOT","PC_MENWAGE","A","2005",22.032085753,
"AUT","WAGEGAP","TOT","PC_MENWAGE","A","2006",21.855130427,
"AUT","WAGEGAP","TOT","PC_MENWAGE","A","2007",21.634276366,
"AUT","WAGEGAP","TOT","PC_MENWAGE","A","2008",20.917320274,
"AUT","WAGEGAP","TOT","PC_MENWAGE","A","2009",19.355965917,
"AUT","WAGEGAP","TOT","PC_MENWAGE","A","2010",19.188862682,
"AUT","WAGEGAP","TOT","PC_MENWAGE","A","2011",18.550554118,
"AUT","WAGEGAP","TOT","PC_MENWAGE","A","2012",18.185056843,
"AUT","WAGEGAP","TOT","PC_MENWAGE","A","2013",18.053211411,
"AUT","WAGEGAP","TOT","PC_MENWAGE","A","2014",17.728884245,
"AUT","WAGEGAP","TOT","PC_MENWAGE","A","2015",17.04325299,
"BEL","WAGEGAP","TOT","PC_MENWAGE","A","1999",15.182987141,
"BEL","WAGEGAP","TOT","PC_MENWAGE","A","2000",13.599231139,
"BEL","WAGEGAP","TOT","PC_MENWAGE","A","2001",13.186813187,
"BEL","WAGEGAP","TOT","PC_MENWAGE","A","2002",11.604714415,
"BEL","WAGEGAP","TOT","PC_MENWAGE","A","2003",15.205183585,
"BEL","WAGEGAP","TOT","PC_MENWAGE","A","2004",11.832061069,
"BEL","WAGEGAP","TOT","PC_MENWAGE","A","2005",11.511092507,
"BEL","WAGEGAP","TOT","PC_MENWAGE","A","2006",10.253267974,
"BEL","WAGEGAP","TOT","PC_MENWAGE","A","2007",9.8736176935,
"BEL","WAGEGAP","TOT","PC_MENWAGE","A","2008",8.9157536834,
"BEL","WAGEGAP","TOT","PC_MENWAGE","A","2009",7.4804614812,
"BEL","WAGEGAP","TOT","PC_MENWAGE","A","2010",7.0437956204,
"BEL","WAGEGAP","TOT","PC_MENWAGE","A","2011",5.8381088825,
"BEL","WAGEGAP","TOT","PC_MENWAGE","A","2012",6.4111498258,
"BEL","WAGEGAP","TOT","PC_MENWAGE","A","2013",5.9128630705,
"BEL","WAGEGAP","TOT","PC_MENWAGE","A","2014",3.2989003665,
"CAN","WAGEGAP","TOT","PC_MENWAGE","A","1997",24.705882353,
"CAN","WAGEGAP","TOT","PC_MENWAGE","A","1998",24.855491329,
"CAN","WAGEGAP","TOT","PC_MENWAGE","A","1999",24,
"CAN","WAGEGAP","TOT","PC_MENWAGE","A","2000",23.875,
"CAN","WAGEGAP","TOT","PC_MENWAGE","A","2001",24.324579125,
"CAN","WAGEGAP","TOT","PC_MENWAGE","A","2002",24.013157895,
"CAN","WAGEGAP","TOT","PC_MENWAGE","A","2003",22.502340337,
"CAN","WAGEGAP","TOT","PC_MENWAGE","A","2004",22.717948718,
"CAN","WAGEGAP","TOT","PC_MENWAGE","A","2005",21.25,
"CAN","WAGEGAP","TOT","PC_MENWAGE","A","2006",21.123321123,
"CAN","WAGEGAP","TOT","PC_MENWAGE","A","2007",20.808235294,
"CAN","WAGEGAP","TOT","PC_MENWAGE","A","2008",20.454545455,
"CAN","WAGEGAP","TOT","PC_MENWAGE","A","2009",20.131868132,
"CAN","WAGEGAP","TOT","PC_MENWAGE","A","2010",18.977469671,
"CAN","WAGEGAP","TOT","PC_MENWAGE","A","2011",19.175531915,
"CAN","WAGEGAP","TOT","PC_MENWAGE","A","2012",19.511231281,
"CAN","WAGEGAP","TOT","PC_MENWAGE","A","2013",19.30323498,
"CAN","WAGEGAP","TOT","PC_MENWAGE","A","2014",19.229,
"CAN","WAGEGAP","TOT","PC_MENWAGE","A","2015",18.62745098,
"CZE","WAGEGAP","TOT","PC_MENWAGE","A","1996",18.289856235,
"CZE","WAGEGAP","TOT","PC_MENWAGE","A","1997",18.429043742,
"CZE","WAGEGAP","TOT","PC_MENWAGE","A","1999",19.030314257,
"CZE","WAGEGAP","TOT","PC_MENWAGE","A","2001",16.876621646,
"CZE","WAGEGAP","TOT","PC_MENWAGE","A","2002",15.95069783,
"CZE","WAGEGAP","TOT","PC_MENWAGE","A","2003",15.637497319,
"CZE","WAGEGAP","TOT","PC_MENWAGE","A","2004",16.14681968,
"CZE","WAGEGAP","TOT","PC_MENWAGE","A","2005",15.93892946,
"CZE","WAGEGAP","TOT","PC_MENWAGE","A","2006",15.351766206,
"CZE","WAGEGAP","TOT","PC_MENWAGE","A","2007",16.931531878,
"CZE","WAGEGAP","TOT","PC_MENWAGE","A","2008",17.873019877,
"CZE","WAGEGAP","TOT","PC_MENWAGE","A","2009",15.105017965,
"CZE","WAGEGAP","TOT","PC_MENWAGE","A","2010",15.798503074,
"CZE","WAGEGAP","TOT","PC_MENWAGE","A","2011",16.329656698,
"CZE","WAGEGAP","TOT","PC_MENWAGE","A","2012",15.262979875,
"CZE","WAGEGAP","TOT","PC_MENWAGE","A","2013",15.378835316,
"CZE","WAGEGAP","TOT","PC_MENWAGE","A","2014",16.254560195,
"CZE","WAGEGAP","TOT","PC_MENWAGE","A","2015",16.455154158,
"CZE","WAGEGAP","TOT","PC_MENWAGE","A","2016",16.315711426,
"DNK","WAGEGAP","TOT","PC_MENWAGE","A","2002",10.797075672,
"DNK","WAGEGAP","TOT","PC_MENWAGE","A","2003",9.9218040874,
"DNK","WAGEGAP","TOT","PC_MENWAGE","A","2004",10.182205379,
"DNK","WAGEGAP","TOT","PC_MENWAGE","A","2005",10.167330417,
"DNK","WAGEGAP","TOT","PC_MENWAGE","A","2006",10.172061249,
"DNK","WAGEGAP","TOT","PC_MENWAGE","A","2007",9.8502979383,
"DNK","WAGEGAP","TOT","PC_MENWAGE","A","2008",10.183549033,
"DNK","WAGEGAP","TOT","PC_MENWAGE","A","2009",10.172005037,
"DNK","WAGEGAP","TOT","PC_MENWAGE","A","2010",8.8950984961,
"DNK","WAGEGAP","TOT","PC_MENWAGE","A","2011",7.9471972614,
"DNK","WAGEGAP","TOT","PC_MENWAGE","A","2012",6.9998448997,
"DNK","WAGEGAP","TOT","PC_MENWAGE","A","2013",6.7689119604,
"DNK","WAGEGAP","TOT","PC_MENWAGE","A","2014",6.3238657022,
"DNK","WAGEGAP","TOT","PC_MENWAGE","A","2015",5.8360480952,
"FIN","WAGEGAP","TOT","PC_MENWAGE","A","1977",27.69040181,
"FIN","WAGEGAP","TOT","PC_MENWAGE","A","1978",27.088607594,
"FIN","WAGEGAP","TOT","PC_MENWAGE","A","1979",27.168949772,
"FIN","WAGEGAP","TOT","PC_MENWAGE","A","1980",26.623818677,
"FIN","WAGEGAP","TOT","PC_MENWAGE","A","1982",25.961538462,
"FIN","WAGEGAP","TOT","PC_MENWAGE","A","1983",25.631742918,
"FIN","WAGEGAP","TOT","PC_MENWAGE","A","1984",23.427041499,
"FIN","WAGEGAP","TOT","PC_MENWAGE","A","1986",22.531420386,
"FIN","WAGEGAP","TOT","PC_MENWAGE","A","1987",23.612840073,
"FIN","WAGEGAP","TOT","PC_MENWAGE","A","1988",23.045794438,
"FIN","WAGEGAP","TOT","PC_MENWAGE","A","1989",23.559035501,
"FIN","WAGEGAP","TOT","PC_MENWAGE","A","1990",22.862101997,
"FIN","WAGEGAP","TOT","PC_MENWAGE","A","1991",21.467746962,
"FIN","WAGEGAP","TOT","PC_MENWAGE","A","1992",20.284986187,
"FIN","WAGEGAP","TOT","PC_MENWAGE","A","1993",21.984812501,
"FIN","WAGEGAP","TOT","PC_MENWAGE","A","1994",23.149578754,
"FIN","WAGEGAP","TOT","PC_MENWAGE","A","1995",22.402194091,
"FIN","WAGEGAP","TOT","PC_MENWAGE","A","1996",20.582669662,
"FIN","WAGEGAP","TOT","PC_MENWAGE","A","1997",21.332011656,
"FIN","WAGEGAP","TOT","PC_MENWAGE","A","1998",20.800426409,
"FIN","WAGEGAP","TOT","PC_MENWAGE","A","1999",21.716236106,
"FIN","WAGEGAP","TOT","PC_MENWAGE","A","2000",20.427489178,
"FIN","WAGEGAP","TOT","PC_MENWAGE","A","2001",21.239091287,
"FIN","WAGEGAP","TOT","PC_MENWAGE","A","2002",20.373202814,
"FIN","WAGEGAP","TOT","PC_MENWAGE","A","2003",20.099255583,
"FIN","WAGEGAP","TOT","PC_MENWAGE","A","2004",20.015151037,
"FIN","WAGEGAP","TOT","PC_MENWAGE","A","2005",18.941694033,
"FIN","WAGEGAP","TOT","PC_MENWAGE","A","2006",19.374794537,
"FIN","WAGEGAP","TOT","PC_MENWAGE","A","2007",21.376904093,
"FIN","WAGEGAP","TOT","PC_MENWAGE","A","2008",21.233952657,
"FIN","WAGEGAP","TOT","PC_MENWAGE","A","2009",19.675672792,
"FIN","WAGEGAP","TOT","PC_MENWAGE","A","2010",18.876999846,
"FIN","WAGEGAP","TOT","PC_MENWAGE","A","2011",18.607617095,
"FIN","WAGEGAP","TOT","PC_MENWAGE","A","2012",18.726074526,
"FIN","WAGEGAP","TOT","PC_MENWAGE","A","2013",20.178432711,
"FIN","WAGEGAP","TOT","PC_MENWAGE","A","2014",19.609079445,
"FIN","WAGEGAP","TOT","PC_MENWAGE","A","2015",18.055981324,
"FRA","WAGEGAP","TOT","PC_MENWAGE","A","1995",14.571,
"FRA","WAGEGAP","TOT","PC_MENWAGE","A","1996",15.63,
"FRA","WAGEGAP","TOT","PC_MENWAGE","A","1997",15.38,
"FRA","WAGEGAP","TOT","PC_MENWAGE","A","1998",14.574,
"FRA","WAGEGAP","TOT","PC_MENWAGE","A","1999",14.32,
"FRA","WAGEGAP","TOT","PC_MENWAGE","A","2000",14.571,
"FRA","WAGEGAP","TOT","PC_MENWAGE","A","2001",15.125,
"FRA","WAGEGAP","TOT","PC_MENWAGE","A","2002",15.205,
"FRA","WAGEGAP","TOT","PC_MENWAGE","A","2003",15.144,
"FRA","WAGEGAP","TOT","PC_MENWAGE","A","2004",14.954,
"FRA","WAGEGAP","TOT","PC_MENWAGE","A","2005",14.389,
"FRA","WAGEGAP","TOT","PC_MENWAGE","A","2006",13.978,
"FRA","WAGEGAP","TOT","PC_MENWAGE","A","2007",13.965,
"FRA","WAGEGAP","TOT","PC_MENWAGE","A","2008",14.344,
"FRA","WAGEGAP","TOT","PC_MENWAGE","A","2009",14.031,
"FRA","WAGEGAP","TOT","PC_MENWAGE","A","2010",14.054,
"FRA","WAGEGAP","TOT","PC_MENWAGE","A","2011",13.951,
"FRA","WAGEGAP","TOT","PC_MENWAGE","A","2012",13.673,
"DEU","WAGEGAP","TOT","PC_MENWAGE","A","1992",27.01268499,
"DEU","WAGEGAP","TOT","PC_MENWAGE","A","1993",23.391812865,
"DEU","WAGEGAP","TOT","PC_MENWAGE","A","1994",21.025787966,
"DEU","WAGEGAP","TOT","PC_MENWAGE","A","1995",19.981583792,
"DEU","WAGEGAP","TOT","PC_MENWAGE","A","1996",20.892226147,
"DEU","WAGEGAP","TOT","PC_MENWAGE","A","1997",21.454700853,
"DEU","WAGEGAP","TOT","PC_MENWAGE","A","1998",21.163851352,
"DEU","WAGEGAP","TOT","PC_MENWAGE","A","1999",21.047304136,
"DEU","WAGEGAP","TOT","PC_MENWAGE","A","2000",20.510708402,
"DEU","WAGEGAP","TOT","PC_MENWAGE","A","2001",19.248508304,
"DEU","WAGEGAP","TOT","PC_MENWAGE","A","2002",19.13580247,
"DEU","WAGEGAP","TOT","PC_MENWAGE","A","2003",20.397585037,
"DEU","WAGEGAP","TOT","PC_MENWAGE","A","2004",22.509352517,
"DEU","WAGEGAP","TOT","PC_MENWAGE","A","2005",17.302052787,
"DEU","WAGEGAP","TOT","PC_MENWAGE","A","2006",19.622093023,
"DEU","WAGEGAP","TOT","PC_MENWAGE","A","2007",17.105263158,
"DEU","WAGEGAP","TOT","PC_MENWAGE","A","2008",17.442335769,
"DEU","WAGEGAP","TOT","PC_MENWAGE","A","2009",17.045454546,
"DEU","WAGEGAP","TOT","PC_MENWAGE","A","2010",16.75081342,
"DEU","WAGEGAP","TOT","PC_MENWAGE","A","2011",16.666666667,
"DEU","WAGEGAP","TOT","PC_MENWAGE","A","2012",15.300546449,
"DEU","WAGEGAP","TOT","PC_MENWAGE","A","2013",13.857142856,
"DEU","WAGEGAP","TOT","PC_MENWAGE","A","2014",17.079530638,
"GRC","WAGEGAP","TOT","PC_MENWAGE","A","2004",13.875598298,
"GRC","WAGEGAP","TOT","PC_MENWAGE","A","2005",16.666665691,
"GRC","WAGEGAP","TOT","PC_MENWAGE","A","2006",11.878629486,
"GRC","WAGEGAP","TOT","PC_MENWAGE","A","2007",11.629049359,
"GRC","WAGEGAP","TOT","PC_MENWAGE","A","2008",9.5237715743,
"GRC","WAGEGAP","TOT","PC_MENWAGE","A","2009",9.5871657347,
"GRC","WAGEGAP","TOT","PC_MENWAGE","A","2010",12.172840597,
"GRC","WAGEGAP","TOT","PC_MENWAGE","A","2011",10.714285759,
"GRC","WAGEGAP","TOT","PC_MENWAGE","A","2012",6.8528020209,
"GRC","WAGEGAP","TOT","PC_MENWAGE","A","2013",11.273732015,
"GRC","WAGEGAP","TOT","PC_MENWAGE","A","2014",9.0909080854,
"GRC","WAGEGAP","TOT","PC_MENWAGE","A","2015",6.2499992871,
"HUN","WAGEGAP","TOT","PC_MENWAGE","A","1989",25.979979418,
"HUN","WAGEGAP","TOT","PC_MENWAGE","A","1992",17.391092723,
"HUN","WAGEGAP","TOT","PC_MENWAGE","A","1993",7.9486289483,
"HUN","WAGEGAP","TOT","PC_MENWAGE","A","1994",15.181054045,
"HUN","WAGEGAP","TOT","PC_MENWAGE","A","1995",15.754001685,
"HUN","WAGEGAP","TOT","PC_MENWAGE","A","1996",17.775349235,
"HUN","WAGEGAP","TOT","PC_MENWAGE","A","1998",15.671892874,
"HUN","WAGEGAP","TOT","PC_MENWAGE","A","1999",15.30123115,
"HUN","WAGEGAP","TOT","PC_MENWAGE","A","2000",14.098768043,
"HUN","WAGEGAP","TOT","PC_MENWAGE","A","2001",13.689781486,
"HUN","WAGEGAP","TOT","PC_MENWAGE","A","2002",9.1297122935,
"HUN","WAGEGAP","TOT","PC_MENWAGE","A","2003",1.4760044902,
"HUN","WAGEGAP","TOT","PC_MENWAGE","A","2004",3.0343737653,
"HUN","WAGEGAP","TOT","PC_MENWAGE","A","2005",4.0215265743,
"HUN","WAGEGAP","TOT","PC_MENWAGE","A","2006",0.3843870359,
"HUN","WAGEGAP","TOT","PC_MENWAGE","A","2007",3.6481061267,
"HUN","WAGEGAP","TOT","PC_MENWAGE","A","2008",2.2206544601,
"HUN","WAGEGAP","TOT","PC_MENWAGE","A","2009",3.8760880696,
"HUN","WAGEGAP","TOT","PC_MENWAGE","A","2010",6.3817122518,
"HUN","WAGEGAP","TOT","PC_MENWAGE","A","2011",6.8639053254,
"HUN","WAGEGAP","TOT","PC_MENWAGE","A","2012",11.332462443,
"HUN","WAGEGAP","TOT","PC_MENWAGE","A","2013",8.7236506348,
"HUN","WAGEGAP","TOT","PC_MENWAGE","A","2014",3.7726055271,
"HUN","WAGEGAP","TOT","PC_MENWAGE","A","2015",9.5238095238,
"ISL","WAGEGAP","TOT","PC_MENWAGE","A","2004",19.22546295,
"ISL","WAGEGAP","TOT","PC_MENWAGE","A","2005",13.199228817,
"ISL","WAGEGAP","TOT","PC_MENWAGE","A","2006",12.400076756,
"ISL","WAGEGAP","TOT","PC_MENWAGE","A","2007",15.890329911,
"ISL","WAGEGAP","TOT","PC_MENWAGE","A","2008",13.328559354,
"ISL","WAGEGAP","TOT","PC_MENWAGE","A","2009",15.977812955,
"ISL","WAGEGAP","TOT","PC_MENWAGE","A","2010",14.314783738,
"ISL","WAGEGAP","TOT","PC_MENWAGE","A","2011",14.079812626,
"ISL","WAGEGAP","TOT","PC_MENWAGE","A","2013",14.527463328,
"ISL","WAGEGAP","TOT","PC_MENWAGE","A","2014",13.593489862,
"ISL","WAGEGAP","TOT","PC_MENWAGE","A","2015",9.9314029946,
"IRL","WAGEGAP","TOT","PC_MENWAGE","A","1994",25.182481752,
"IRL","WAGEGAP","TOT","PC_MENWAGE","A","1997",21.716666667,
"IRL","WAGEGAP","TOT","PC_MENWAGE","A","2000",19.72972973,
"IRL","WAGEGAP","TOT","PC_MENWAGE","A","2003",19.702836294,
"IRL","WAGEGAP","TOT","PC_MENWAGE","A","2004",18.230301742,
"IRL","WAGEGAP","TOT","PC_MENWAGE","A","2005",13.793103448,
"IRL","WAGEGAP","TOT","PC_MENWAGE","A","2006",14.411326861,
"IRL","WAGEGAP","TOT","PC_MENWAGE","A","2007",17.953447971,
"IRL","WAGEGAP","TOT","PC_MENWAGE","A","2008",14.964028777,
"IRL","WAGEGAP","TOT","PC_MENWAGE","A","2009",14.887077375,
"IRL","WAGEGAP","TOT","PC_MENWAGE","A","2010",12.844729883,
"IRL","WAGEGAP","TOT","PC_MENWAGE","A","2011",10.446852551,
"IRL","WAGEGAP","TOT","PC_MENWAGE","A","2012",8.5007533903,
"IRL","WAGEGAP","TOT","PC_MENWAGE","A","2013",12.769827795,
"IRL","WAGEGAP","TOT","PC_MENWAGE","A","2014",15.173428116,
"IRL","WAGEGAP","TOT","PC_MENWAGE","A","2015",14.448940728,
"ITA","WAGEGAP","TOT","PC_MENWAGE","A","1986",17.241379308,
"ITA","WAGEGAP","TOT","PC_MENWAGE","A","1987",15.624999999,
"ITA","WAGEGAP","TOT","PC_MENWAGE","A","1989",11.11111112,
"ITA","WAGEGAP","TOT","PC_MENWAGE","A","1991",9.9999999965,
"ITA","WAGEGAP","TOT","PC_MENWAGE","A","1993",11.504424778,
"ITA","WAGEGAP","TOT","PC_MENWAGE","A","1995",14.583333327,
"ITA","WAGEGAP","TOT","PC_MENWAGE","A","1998",7.6923076986,
"ITA","WAGEGAP","TOT","PC_MENWAGE","A","2000",8.5185185172,
"ITA","WAGEGAP","TOT","PC_MENWAGE","A","2002",10.344827586,
"ITA","WAGEGAP","TOT","PC_MENWAGE","A","2004",6.666666664,
"ITA","WAGEGAP","TOT","PC_MENWAGE","A","2006",7.6923076946,
"ITA","WAGEGAP","TOT","PC_MENWAGE","A","2008",11.764705884,
"ITA","WAGEGAP","TOT","PC_MENWAGE","A","2010",9.9403354745,
"ITA","WAGEGAP","TOT","PC_MENWAGE","A","2012",11.111111113,
"ITA","WAGEGAP","TOT","PC_MENWAGE","A","2014",5.5555555533,
"JPN","WAGEGAP","TOT","PC_MENWAGE","A","1975",42.389758179,
"JPN","WAGEGAP","TOT","PC_MENWAGE","A","1976",39.741750359,
"JPN","WAGEGAP","TOT","PC_MENWAGE","A","1977",40.326797386,
"JPN","WAGEGAP","TOT","PC_MENWAGE","A","1978",40.565457898,
"JPN","WAGEGAP","TOT","PC_MENWAGE","A","1979",41.313190006,
"JPN","WAGEGAP","TOT","PC_MENWAGE","A","1980",41.68030551,
"JPN","WAGEGAP","TOT","PC_MENWAGE","A","1981",41.956967213,
"JPN","WAGEGAP","TOT","PC_MENWAGE","A","1982",42.15925745,
"JPN","WAGEGAP","TOT","PC_MENWAGE","A","1983",41.903409091,
"JPN","WAGEGAP","TOT","PC_MENWAGE","A","1984",41.9340055,
"JPN","WAGEGAP","TOT","PC_MENWAGE","A","1985",41.659272405,
"JPN","WAGEGAP","TOT","PC_MENWAGE","A","1986",41.605524385,
"JPN","WAGEGAP","TOT","PC_MENWAGE","A","1987",41.226215645,
"JPN","WAGEGAP","TOT","PC_MENWAGE","A","1988",41.018211921,
"JPN","WAGEGAP","TOT","PC_MENWAGE","A","1989",40.963375796,
"JPN","WAGEGAP","TOT","PC_MENWAGE","A","1990",40.59893859,
"JPN","WAGEGAP","TOT","PC_MENWAGE","A","1991",39.898989899,
"JPN","WAGEGAP","TOT","PC_MENWAGE","A","1992",38.884992987,
"JPN","WAGEGAP","TOT","PC_MENWAGE","A","1993",38.450946644,
"JPN","WAGEGAP","TOT","PC_MENWAGE","A","1994",37.815975733,
"JPN","WAGEGAP","TOT","PC_MENWAGE","A","1995",37.090301003,
"JPN","WAGEGAP","TOT","PC_MENWAGE","A","1996",36.847323199,
"JPN","WAGEGAP","TOT","PC_MENWAGE","A","1997",36.521454307,
"JPN","WAGEGAP","TOT","PC_MENWAGE","A","1998",35.307666996,
"JPN","WAGEGAP","TOT","PC_MENWAGE","A","1999",34.550839092,
"JPN","WAGEGAP","TOT","PC_MENWAGE","A","2000",33.85930309,
"JPN","WAGEGAP","TOT","PC_MENWAGE","A","2001",33.864671438,
"JPN","WAGEGAP","TOT","PC_MENWAGE","A","2002",32.529722589,
"JPN","WAGEGAP","TOT","PC_MENWAGE","A","2003",31.997350116,
"JPN","WAGEGAP","TOT","PC_MENWAGE","A","2004",31.087391594,
"JPN","WAGEGAP","TOT","PC_MENWAGE","A","2005",32.825438887,
"JPN","WAGEGAP","TOT","PC_MENWAGE","A","2006",32.980832783,
"JPN","WAGEGAP","TOT","PC_MENWAGE","A","2007",31.742323097,
"JPN","WAGEGAP","TOT","PC_MENWAGE","A","2008",30.694397853,
"JPN","WAGEGAP","TOT","PC_MENWAGE","A","2009",28.284923928,
"JPN","WAGEGAP","TOT","PC_MENWAGE","A","2010",28.684300928,
"JPN","WAGEGAP","TOT","PC_MENWAGE","A","2011",27.395364926,
"JPN","WAGEGAP","TOT","PC_MENWAGE","A","2012",26.523545706,
"JPN","WAGEGAP","TOT","PC_MENWAGE","A","2013",26.587578507,
"JPN","WAGEGAP","TOT","PC_MENWAGE","A","2014",25.870989997,
"JPN","WAGEGAP","TOT","PC_MENWAGE","A","2015",25.731790334,
"KOR","WAGEGAP","TOT","PC_MENWAGE","A","1985",52.776235516,
"KOR","WAGEGAP","TOT","PC_MENWAGE","A","1992",46.965487183,
"KOR","WAGEGAP","TOT","PC_MENWAGE","A","1993",47.260317783,
"KOR","WAGEGAP","TOT","PC_MENWAGE","A","1994",45.50637632,
"KOR","WAGEGAP","TOT","PC_MENWAGE","A","1995",44.182205882,
"KOR","WAGEGAP","TOT","PC_MENWAGE","A","1996",43.282779574,
"KOR","WAGEGAP","TOT","PC_MENWAGE","A","1997",42.215485788,
"KOR","WAGEGAP","TOT","PC_MENWAGE","A","1998",42.021841965,
"KOR","WAGEGAP","TOT","PC_MENWAGE","A","1999",41.803398115,
"KOR","WAGEGAP","TOT","PC_MENWAGE","A","2000",41.654352441,
"KOR","WAGEGAP","TOT","PC_MENWAGE","A","2001",40.416140486,
"KOR","WAGEGAP","TOT","PC_MENWAGE","A","2002",41.02851279,
"KOR","WAGEGAP","TOT","PC_MENWAGE","A","2003",40.083154627,
"KOR","WAGEGAP","TOT","PC_MENWAGE","A","2004",39.62354825,
"KOR","WAGEGAP","TOT","PC_MENWAGE","A","2005",39.61663236,
"KOR","WAGEGAP","TOT","PC_MENWAGE","A","2006",39.774144311,
"KOR","WAGEGAP","TOT","PC_MENWAGE","A","2007",38.162064282,
"KOR","WAGEGAP","TOT","PC_MENWAGE","A","2008",39.037441734,
"KOR","WAGEGAP","TOT","PC_MENWAGE","A","2009",38.614682704,
"KOR","WAGEGAP","TOT","PC_MENWAGE","A","2010",39.605857342,
"KOR","WAGEGAP","TOT","PC_MENWAGE","A","2011",36.5642295,
"KOR","WAGEGAP","TOT","PC_MENWAGE","A","2012",36.298529966,
"KOR","WAGEGAP","TOT","PC_MENWAGE","A","2013",36.599634369,
"KOR","WAGEGAP","TOT","PC_MENWAGE","A","2014",36.653176139,
"KOR","WAGEGAP","TOT","PC_MENWAGE","A","2015",37.176281754,
"KOR","WAGEGAP","TOT","PC_MENWAGE","A","2016",36.666666667,
"LUX","WAGEGAP","TOT","PC_MENWAGE","A","2002",15.088529638,
"LUX","WAGEGAP","TOT","PC_MENWAGE","A","2006",7.6680672269,
"LUX","WAGEGAP","TOT","PC_MENWAGE","A","2010",4.5921644188,
"LUX","WAGEGAP","TOT","PC_MENWAGE","A","2014",3.4029167858,
"NLD","WAGEGAP","TOT","PC_MENWAGE","A","2002",16.050386022,
"NLD","WAGEGAP","TOT","PC_MENWAGE","A","2006",16.008064516,
"NLD","WAGEGAP","TOT","PC_MENWAGE","A","2010",17.88914703,
"NLD","WAGEGAP","TOT","PC_MENWAGE","A","2014",14.11468179,
"NZL","WAGEGAP","TOT","PC_MENWAGE","A","1984",21.474652529,
"NZL","WAGEGAP","TOT","PC_MENWAGE","A","1986",23.014999273,
"NZL","WAGEGAP","TOT","PC_MENWAGE","A","1988",20.28923349,
"NZL","WAGEGAP","TOT","PC_MENWAGE","A","1990",17.111124166,
"NZL","WAGEGAP","TOT","PC_MENWAGE","A","1992",15.571564993,
"NZL","WAGEGAP","TOT","PC_MENWAGE","A","1994",13.302432284,
"NZL","WAGEGAP","TOT","PC_MENWAGE","A","1995",13.682829431,
"NZL","WAGEGAP","TOT","PC_MENWAGE","A","1996",20.394885983,
"NZL","WAGEGAP","TOT","PC_MENWAGE","A","1997",12.709497207,
"NZL","WAGEGAP","TOT","PC_MENWAGE","A","1998",11.4,
"NZL","WAGEGAP","TOT","PC_MENWAGE","A","1999",8.3333333333,
"NZL","WAGEGAP","TOT","PC_MENWAGE","A","2000",7.1665560717,
"NZL","WAGEGAP","TOT","PC_MENWAGE","A","2001",8.0562659847,
"NZL","WAGEGAP","TOT","PC_MENWAGE","A","2002",7.3125,
"NZL","WAGEGAP","TOT","PC_MENWAGE","A","2003",7.6923076923,
"NZL","WAGEGAP","TOT","PC_MENWAGE","A","2004",8.0766995933,
"NZL","WAGEGAP","TOT","PC_MENWAGE","A","2005",9.6111111111,
"NZL","WAGEGAP","TOT","PC_MENWAGE","A","2006",9.3333333333,
"NZL","WAGEGAP","TOT","PC_MENWAGE","A","2007",7.1428571429,
"NZL","WAGEGAP","TOT","PC_MENWAGE","A","2008",8.0536912752,
"NZL","WAGEGAP","TOT","PC_MENWAGE","A","2009",8.7591240876,
"NZL","WAGEGAP","TOT","PC_MENWAGE","A","2010",7.0112359551,
"NZL","WAGEGAP","TOT","PC_MENWAGE","A","2011",4.5333333333,
"NZL","WAGEGAP","TOT","PC_MENWAGE","A","2012",5.9079061685,
"NZL","WAGEGAP","TOT","PC_MENWAGE","A","2013",6.5943238731,
"NZL","WAGEGAP","TOT","PC_MENWAGE","A","2014",6.0833333333,
"NOR","WAGEGAP","TOT","PC_MENWAGE","A","1997",10.066471683,
"NOR","WAGEGAP","TOT","PC_MENWAGE","A","1998",10.08034702,
"NOR","WAGEGAP","TOT","PC_MENWAGE","A","1999",10.140724541,
"NOR","WAGEGAP","TOT","PC_MENWAGE","A","2000",10.188542422,
"NOR","WAGEGAP","TOT","PC_MENWAGE","A","2001",10.742867084,
"NOR","WAGEGAP","TOT","PC_MENWAGE","A","2002",10.681873927,
"NOR","WAGEGAP","TOT","PC_MENWAGE","A","2003",10.211701156,
"NOR","WAGEGAP","TOT","PC_MENWAGE","A","2004",9.7057919803,
"NOR","WAGEGAP","TOT","PC_MENWAGE","A","2005",9.3885160328,
"NOR","WAGEGAP","TOT","PC_MENWAGE","A","2006",9.1624347329,
"NOR","WAGEGAP","TOT","PC_MENWAGE","A","2007",9.8311482592,
"NOR","WAGEGAP","TOT","PC_MENWAGE","A","2008",9.2356687898,
"NOR","WAGEGAP","TOT","PC_MENWAGE","A","2009",8.6687306502,
"NOR","WAGEGAP","TOT","PC_MENWAGE","A","2010",8.0597014925,
"NOR","WAGEGAP","TOT","PC_MENWAGE","A","2011",7.7809798271,
"NOR","WAGEGAP","TOT","PC_MENWAGE","A","2012",6.4066852368,
"NOR","WAGEGAP","TOT","PC_MENWAGE","A","2013",7.0080862534,
"NOR","WAGEGAP","TOT","PC_MENWAGE","A","2014",6.2827225131,
"NOR","WAGEGAP","TOT","PC_MENWAGE","A","2015",7.1246819338,
"POL","WAGEGAP","TOT","PC_MENWAGE","A","1991",20.148817172,
"POL","WAGEGAP","TOT","PC_MENWAGE","A","1992",17.247705048,
"POL","WAGEGAP","TOT","PC_MENWAGE","A","1993",20.028668251,
"POL","WAGEGAP","TOT","PC_MENWAGE","A","1994",18.853943971,
"POL","WAGEGAP","TOT","PC_MENWAGE","A","1995",20.104613513,
"POL","WAGEGAP","TOT","PC_MENWAGE","A","1996",20.465695119,
"POL","WAGEGAP","TOT","PC_MENWAGE","A","1997",18.568771523,
"POL","WAGEGAP","TOT","PC_MENWAGE","A","1998",19.107622598,
"POL","WAGEGAP","TOT","PC_MENWAGE","A","1999",17.559320692,
"POL","WAGEGAP","TOT","PC_MENWAGE","A","2001",14.299742456,
"POL","WAGEGAP","TOT","PC_MENWAGE","A","2002",11.315955408,
"POL","WAGEGAP","TOT","PC_MENWAGE","A","2004",10.638848907,
"POL","WAGEGAP","TOT","PC_MENWAGE","A","2006",11.440420483,
"POL","WAGEGAP","TOT","PC_MENWAGE","A","2008",12.993822243,
"POL","WAGEGAP","TOT","PC_MENWAGE","A","2010",7.1902070437,
"POL","WAGEGAP","TOT","PC_MENWAGE","A","2012",10.620155274,
"POL","WAGEGAP","TOT","PC_MENWAGE","A","2014",11.07286288,
"PRT","WAGEGAP","TOT","PC_MENWAGE","A","2004",13.030303516,
"PRT","WAGEGAP","TOT","PC_MENWAGE","A","2005",15.966388101,
"PRT","WAGEGAP","TOT","PC_MENWAGE","A","2006",14.354839495,
"PRT","WAGEGAP","TOT","PC_MENWAGE","A","2007",15.277779722,
"PRT","WAGEGAP","TOT","PC_MENWAGE","A","2008",15.63548277,
"PRT","WAGEGAP","TOT","PC_MENWAGE","A","2009",13.792500584,
"PRT","WAGEGAP","TOT","PC_MENWAGE","A","2010",13.450867155,
"PRT","WAGEGAP","TOT","PC_MENWAGE","A","2011",15.248123293,
"PRT","WAGEGAP","TOT","PC_MENWAGE","A","2012",16.315465457,
"PRT","WAGEGAP","TOT","PC_MENWAGE","A","2013",16.666666355,
"PRT","WAGEGAP","TOT","PC_MENWAGE","A","2014",18.879688997,
"PRT","WAGEGAP","TOT","PC_MENWAGE","A","2015",18.917015425,
"SVK","WAGEGAP","TOT","PC_MENWAGE","A","2002",20.355160932,
"SVK","WAGEGAP","TOT","PC_MENWAGE","A","2003",20.689655172,
"SVK","WAGEGAP","TOT","PC_MENWAGE","A","2004",20.88376561,
"SVK","WAGEGAP","TOT","PC_MENWAGE","A","2005",20.099255583,
"SVK","WAGEGAP","TOT","PC_MENWAGE","A","2006",17.802768166,
"SVK","WAGEGAP","TOT","PC_MENWAGE","A","2007",17.521704815,
"SVK","WAGEGAP","TOT","PC_MENWAGE","A","2008",16.444769568,
"SVK","WAGEGAP","TOT","PC_MENWAGE","A","2009",16.432721259,
"SVK","WAGEGAP","TOT","PC_MENWAGE","A","2010",14.851117649,
"SVK","WAGEGAP","TOT","PC_MENWAGE","A","2011",15.449856429,
"SVK","WAGEGAP","TOT","PC_MENWAGE","A","2012",15.965269161,
"SVK","WAGEGAP","TOT","PC_MENWAGE","A","2013",14.109329757,
"SVK","WAGEGAP","TOT","PC_MENWAGE","A","2014",14.350047529,
"SVK","WAGEGAP","TOT","PC_MENWAGE","A","2015",13.376624885,
"SVK","WAGEGAP","TOT","PC_MENWAGE","A","2016",13.899182143,
"ESP","WAGEGAP","TOT","PC_MENWAGE","A","2004",12.571,
"ESP","WAGEGAP","TOT","PC_MENWAGE","A","2005",12.5,
"ESP","WAGEGAP","TOT","PC_MENWAGE","A","2006",10.372,
"ESP","WAGEGAP","TOT","PC_MENWAGE","A","2007",8.8889999,
"ESP","WAGEGAP","TOT","PC_MENWAGE","A","2008",11.798,
"ESP","WAGEGAP","TOT","PC_MENWAGE","A","2009",7.303,
"ESP","WAGEGAP","TOT","PC_MENWAGE","A","2010",6.585,
"ESP","WAGEGAP","TOT","PC_MENWAGE","A","2011",8.2659998,
"ESP","WAGEGAP","TOT","PC_MENWAGE","A","2012",8.6479998,
"SWE","WAGEGAP","TOT","PC_MENWAGE","A","1975",18.269617706,
"SWE","WAGEGAP","TOT","PC_MENWAGE","A","1978",16.553919618,
"SWE","WAGEGAP","TOT","PC_MENWAGE","A","1980",12.765072765,
"SWE","WAGEGAP","TOT","PC_MENWAGE","A","1981",15.202702703,
"SWE","WAGEGAP","TOT","PC_MENWAGE","A","1982",13.591397849,
"SWE","WAGEGAP","TOT","PC_MENWAGE","A","1983",14.532871972,
"SWE","WAGEGAP","TOT","PC_MENWAGE","A","1984",15.863539446,
"SWE","WAGEGAP","TOT","PC_MENWAGE","A","1985",16.680814941,
"SWE","WAGEGAP","TOT","PC_MENWAGE","A","1986",15.080346106,
"SWE","WAGEGAP","TOT","PC_MENWAGE","A","1987",14.660743134,
"SWE","WAGEGAP","TOT","PC_MENWAGE","A","1988",17.52254018,
"SWE","WAGEGAP","TOT","PC_MENWAGE","A","1989",19.572553431,
"SWE","WAGEGAP","TOT","PC_MENWAGE","A","1990",19.037199125,
"SWE","WAGEGAP","TOT","PC_MENWAGE","A","1991",19.27756654,
"SWE","WAGEGAP","TOT","PC_MENWAGE","A","1992",19.042189282,
"SWE","WAGEGAP","TOT","PC_MENWAGE","A","1993",18.747598924,
"SWE","WAGEGAP","TOT","PC_MENWAGE","A","1994",17.230886269,
"SWE","WAGEGAP","TOT","PC_MENWAGE","A","1995",18.776290631,
"SWE","WAGEGAP","TOT","PC_MENWAGE","A","1996",16.385011021,
"SWE","WAGEGAP","TOT","PC_MENWAGE","A","1997",16.725978648,
"SWE","WAGEGAP","TOT","PC_MENWAGE","A","1998",16.958462067,
"SWE","WAGEGAP","TOT","PC_MENWAGE","A","1999",16.845637584,
"SWE","WAGEGAP","TOT","PC_MENWAGE","A","2000",15.495732108,
"SWE","WAGEGAP","TOT","PC_MENWAGE","A","2001",16.591494845,
"SWE","WAGEGAP","TOT","PC_MENWAGE","A","2002",15.857913099,
"SWE","WAGEGAP","TOT","PC_MENWAGE","A","2003",16.005080978,
"SWE","WAGEGAP","TOT","PC_MENWAGE","A","2004",15.320591862,
"SWE","WAGEGAP","TOT","PC_MENWAGE","A","2005",14.444111477,
"SWE","WAGEGAP","TOT","PC_MENWAGE","A","2006",14.589486119,
"SWE","WAGEGAP","TOT","PC_MENWAGE","A","2007",16.363636364,
"SWE","WAGEGAP","TOT","PC_MENWAGE","A","2008",15.389048991,
"SWE","WAGEGAP","TOT","PC_MENWAGE","A","2009",14.917436328,
"SWE","WAGEGAP","TOT","PC_MENWAGE","A","2010",14.321260713,
"SWE","WAGEGAP","TOT","PC_MENWAGE","A","2011",15.934515689,
"SWE","WAGEGAP","TOT","PC_MENWAGE","A","2012",15.135869565,
"SWE","WAGEGAP","TOT","PC_MENWAGE","A","2013",13.420490928,
"CHE","WAGEGAP","TOT","PC_MENWAGE","A","1996",25.472027972,
"CHE","WAGEGAP","TOT","PC_MENWAGE","A","1998",24.122427806,
"CHE","WAGEGAP","TOT","PC_MENWAGE","A","2000",23.787141178,
"CHE","WAGEGAP","TOT","PC_MENWAGE","A","2002",22.801619433,
"CHE","WAGEGAP","TOT","PC_MENWAGE","A","2004",22.012478004,
"CHE","WAGEGAP","TOT","PC_MENWAGE","A","2006",21.318132126,
"CHE","WAGEGAP","TOT","PC_MENWAGE","A","2008",21.307506053,
"CHE","WAGEGAP","TOT","PC_MENWAGE","A","2010",20.053595355,
"CHE","WAGEGAP","TOT","PC_MENWAGE","A","2012",19.343526441,
"CHE","WAGEGAP","TOT","PC_MENWAGE","A","2014",16.940742841,
"TUR","WAGEGAP","TOT","PC_MENWAGE","A","2006",3.2069970845,
"TUR","WAGEGAP","TOT","PC_MENWAGE","A","2010",3.1042128603,
"TUR","WAGEGAP","TOT","PC_MENWAGE","A","2014",6.8825910931,
"GBR","WAGEGAP","TOT","PC_MENWAGE","A","1970",47.578039175,
"GBR","WAGEGAP","TOT","PC_MENWAGE","A","1971",45.527421969,
"GBR","WAGEGAP","TOT","PC_MENWAGE","A","1972",45.677794586,
"GBR","WAGEGAP","TOT","PC_MENWAGE","A","1973",46.378726295,
"GBR","WAGEGAP","TOT","PC_MENWAGE","A","1974",44.422234219,
"GBR","WAGEGAP","TOT","PC_MENWAGE","A","1975",39.855414714,
"GBR","WAGEGAP","TOT","PC_MENWAGE","A","1976",36.550301963,
"GBR","WAGEGAP","TOT","PC_MENWAGE","A","1977",35.788367603,
"GBR","WAGEGAP","TOT","PC_MENWAGE","A","1978",37.474868792,
"GBR","WAGEGAP","TOT","PC_MENWAGE","A","1979",38.295239478,
"GBR","WAGEGAP","TOT","PC_MENWAGE","A","1980",36.688585983,
"GBR","WAGEGAP","TOT","PC_MENWAGE","A","1981",35.426812271,
"GBR","WAGEGAP","TOT","PC_MENWAGE","A","1982",35.6596195,
"GBR","WAGEGAP","TOT","PC_MENWAGE","A","1983",34.567281891,
"GBR","WAGEGAP","TOT","PC_MENWAGE","A","1984",35.081526595,
"GBR","WAGEGAP","TOT","PC_MENWAGE","A","1985",35.120114362,
"GBR","WAGEGAP","TOT","PC_MENWAGE","A","1986",34.938506343,
"GBR","WAGEGAP","TOT","PC_MENWAGE","A","1987",34.512954392,
"GBR","WAGEGAP","TOT","PC_MENWAGE","A","1988",34.045729483,
"GBR","WAGEGAP","TOT","PC_MENWAGE","A","1989",33.730659179,
"GBR","WAGEGAP","TOT","PC_MENWAGE","A","1990",32.744955973,
"GBR","WAGEGAP","TOT","PC_MENWAGE","A","1991",31.075478043,
"GBR","WAGEGAP","TOT","PC_MENWAGE","A","1992",29.946679396,
"GBR","WAGEGAP","TOT","PC_MENWAGE","A","1993",28.719019262,
"GBR","WAGEGAP","TOT","PC_MENWAGE","A","1994",28.079718523,
"GBR","WAGEGAP","TOT","PC_MENWAGE","A","1995",28.192834926,
"GBR","WAGEGAP","TOT","PC_MENWAGE","A","1996",27.2184109,
"GBR","WAGEGAP","TOT","PC_MENWAGE","A","1997",26.919070163,
"GBR","WAGEGAP","TOT","PC_MENWAGE","A","1998",27.035294231,
"GBR","WAGEGAP","TOT","PC_MENWAGE","A","1999",26.089728411,
"GBR","WAGEGAP","TOT","PC_MENWAGE","A","2000",26.280313819,
"GBR","WAGEGAP","TOT","PC_MENWAGE","A","2001",25.639645906,
"GBR","WAGEGAP","TOT","PC_MENWAGE","A","2002",24.379099445,
"GBR","WAGEGAP","TOT","PC_MENWAGE","A","2003",24.12446709,
"GBR","WAGEGAP","TOT","PC_MENWAGE","A","2004",23.358740968,
"GBR","WAGEGAP","TOT","PC_MENWAGE","A","2005",22.063958192,
"GBR","WAGEGAP","TOT","PC_MENWAGE","A","2006",21.718084034,
"GBR","WAGEGAP","TOT","PC_MENWAGE","A","2007",21.634780699,
"GBR","WAGEGAP","TOT","PC_MENWAGE","A","2008",21.857869117,
"GBR","WAGEGAP","TOT","PC_MENWAGE","A","2009",20.686295961,
"GBR","WAGEGAP","TOT","PC_MENWAGE","A","2010",19.23143692,
"GBR","WAGEGAP","TOT","PC_MENWAGE","A","2011",18.246005203,
"GBR","WAGEGAP","TOT","PC_MENWAGE","A","2012",17.783882784,
"GBR","WAGEGAP","TOT","PC_MENWAGE","A","2013",17.482014388,
"GBR","WAGEGAP","TOT","PC_MENWAGE","A","2014",17.382742571,
"GBR","WAGEGAP","TOT","PC_MENWAGE","A","2015",17.101551481,
"GBR","WAGEGAP","TOT","PC_MENWAGE","A","2016",16.839736933,
"USA","WAGEGAP","TOT","PC_MENWAGE","A","1973",38.110403397,
"USA","WAGEGAP","TOT","PC_MENWAGE","A","1974",39.100684262,
"USA","WAGEGAP","TOT","PC_MENWAGE","A","1975",37.63003166,
"USA","WAGEGAP","TOT","PC_MENWAGE","A","1976",37.755972696,
"USA","WAGEGAP","TOT","PC_MENWAGE","A","1977",38.224852071,
"USA","WAGEGAP","TOT","PC_MENWAGE","A","1978",38.972477064,
"USA","WAGEGAP","TOT","PC_MENWAGE","A","1979",37.641950568,
"USA","WAGEGAP","TOT","PC_MENWAGE","A","1980",36.552151037,
"USA","WAGEGAP","TOT","PC_MENWAGE","A","1981",35.174000575,
"USA","WAGEGAP","TOT","PC_MENWAGE","A","1982",34.724091521,
"USA","WAGEGAP","TOT","PC_MENWAGE","A","1983",34.286450283,
"USA","WAGEGAP","TOT","PC_MENWAGE","A","1984",33.432171979,
"USA","WAGEGAP","TOT","PC_MENWAGE","A","1985",32.978219697,
"USA","WAGEGAP","TOT","PC_MENWAGE","A","1986",32.190214906,
"USA","WAGEGAP","TOT","PC_MENWAGE","A","1987",31.022222222,
"USA","WAGEGAP","TOT","PC_MENWAGE","A","1988",30.069174233,
"USA","WAGEGAP","TOT","PC_MENWAGE","A","1989",29.36357908,
"USA","WAGEGAP","TOT","PC_MENWAGE","A","1990",28.455449564,
"USA","WAGEGAP","TOT","PC_MENWAGE","A","1991",26.571091909,
"USA","WAGEGAP","TOT","PC_MENWAGE","A","1992",25.057736721,
"USA","WAGEGAP","TOT","PC_MENWAGE","A","1993",23.876404494,
"USA","WAGEGAP","TOT","PC_MENWAGE","A","1994",23.884514436,
"USA","WAGEGAP","TOT","PC_MENWAGE","A","1995",24.579985391,
"USA","WAGEGAP","TOT","PC_MENWAGE","A","1996",23.823948681,
"USA","WAGEGAP","TOT","PC_MENWAGE","A","1997",23.786491622,
"USA","WAGEGAP","TOT","PC_MENWAGE","A","1998",23.745819398,
"USA","WAGEGAP","TOT","PC_MENWAGE","A","1999",23.462783172,
"USA","WAGEGAP","TOT","PC_MENWAGE","A","2000",23.088923557,
"USA","WAGEGAP","TOT","PC_MENWAGE","A","2001",23.582089552,
"USA","WAGEGAP","TOT","PC_MENWAGE","A","2002",22.091310751,
"USA","WAGEGAP","TOT","PC_MENWAGE","A","2003",20.575539568,
"USA","WAGEGAP","TOT","PC_MENWAGE","A","2004",19.635343619,
"USA","WAGEGAP","TOT","PC_MENWAGE","A","2005",18.975069252,
"USA","WAGEGAP","TOT","PC_MENWAGE","A","2006",19.246298789,
"USA","WAGEGAP","TOT","PC_MENWAGE","A","2007",19.843342037,
"USA","WAGEGAP","TOT","PC_MENWAGE","A","2008",20.050125313,
"USA","WAGEGAP","TOT","PC_MENWAGE","A","2009",19.78021978,
"USA","WAGEGAP","TOT","PC_MENWAGE","A","2010",18.810679612,
"USA","WAGEGAP","TOT","PC_MENWAGE","A","2011",17.788461538,
"USA","WAGEGAP","TOT","PC_MENWAGE","A","2012",19.086651054,
"USA","WAGEGAP","TOT","PC_MENWAGE","A","2013",17.906976744,
"USA","WAGEGAP","TOT","PC_MENWAGE","A","2014",17.451205511,
"USA","WAGEGAP","TOT","PC_MENWAGE","A","2015",18.882681564,
"USA","WAGEGAP","TOT","PC_MENWAGE","A","2016",18.142076503,
"CHL","WAGEGAP","TOT","PC_MENWAGE","A","2000",0,
"CHL","WAGEGAP","TOT","PC_MENWAGE","A","2003",0,
"CHL","WAGEGAP","TOT","PC_MENWAGE","A","2006",3.9584158416,
"CHL","WAGEGAP","TOT","PC_MENWAGE","A","2009",9.0909090909,
"CHL","WAGEGAP","TOT","PC_MENWAGE","A","2011",16,
"CHL","WAGEGAP","TOT","PC_MENWAGE","A","2013",16.666666667,
"CHL","WAGEGAP","TOT","PC_MENWAGE","A","2015",21.052631579,
"EST","WAGEGAP","TOT","PC_MENWAGE","A","2002",25.000651941,
"EST","WAGEGAP","TOT","PC_MENWAGE","A","2006",29.6875,
"EST","WAGEGAP","TOT","PC_MENWAGE","A","2010",27.797833935,
"EST","WAGEGAP","TOT","PC_MENWAGE","A","2014",28.339350181,
"ISR","WAGEGAP","TOT","PC_MENWAGE","A","2001",28.10349985,
"ISR","WAGEGAP","TOT","PC_MENWAGE","A","2002",24.520095981,
"ISR","WAGEGAP","TOT","PC_MENWAGE","A","2003",24.61492448,
"ISR","WAGEGAP","TOT","PC_MENWAGE","A","2004",25.461952568,
"ISR","WAGEGAP","TOT","PC_MENWAGE","A","2005",22.351536855,
"ISR","WAGEGAP","TOT","PC_MENWAGE","A","2006",22.015915119,
"ISR","WAGEGAP","TOT","PC_MENWAGE","A","2007",21.160651097,
"ISR","WAGEGAP","TOT","PC_MENWAGE","A","2008",22.026009582,
"ISR","WAGEGAP","TOT","PC_MENWAGE","A","2009",20.268636669,
"ISR","WAGEGAP","TOT","PC_MENWAGE","A","2010",20.700092117,
"ISR","WAGEGAP","TOT","PC_MENWAGE","A","2011",21.827411168,
"SVN","WAGEGAP","TOT","PC_MENWAGE","A","2002",9.4052412234,
"SVN","WAGEGAP","TOT","PC_MENWAGE","A","2006",7.2205736894,
"SVN","WAGEGAP","TOT","PC_MENWAGE","A","2010",0.9917355372,
"SVN","WAGEGAP","TOT","PC_MENWAGE","A","2014",4.9962714392,
"MEX","WAGEGAP","TOT","PC_MENWAGE","A","2005",16.666666667,
"MEX","WAGEGAP","TOT","PC_MENWAGE","A","2006",18.604651163,
"MEX","WAGEGAP","TOT","PC_MENWAGE","A","2007",12.5,
"MEX","WAGEGAP","TOT","PC_MENWAGE","A","2008",22.222222222,
"MEX","WAGEGAP","TOT","PC_MENWAGE","A","2009",16.666666667,
"MEX","WAGEGAP","TOT","PC_MENWAGE","A","2010",11.627906977,
"MEX","WAGEGAP","TOT","PC_MENWAGE","A","2011",10,
"MEX","WAGEGAP","TOT","PC_MENWAGE","A","2012",13.555555556,
"MEX","WAGEGAP","TOT","PC_MENWAGE","A","2013",15.433403805,
"MEX","WAGEGAP","TOT","PC_MENWAGE","A","2014",18.3,
"MEX","WAGEGAP","TOT","PC_MENWAGE","A","2015",16.666666667,
"MEX","WAGEGAP","TOT","PC_MENWAGE","A","2016",16.492248062,
"LVA","WAGEGAP","TOT","PC_MENWAGE","A","2002",18.919555573,
"LVA","WAGEGAP","TOT","PC_MENWAGE","A","2006",10.991957105,
"LVA","WAGEGAP","TOT","PC_MENWAGE","A","2010",19.055649241,
"LVA","WAGEGAP","TOT","PC_MENWAGE","A","2014",21.122994652,
"LTU","WAGEGAP","TOT","PC_MENWAGE","A","2002",14.631356373,
"LTU","WAGEGAP","TOT","PC_MENWAGE","A","2006",15.952380952,
"LTU","WAGEGAP","TOT","PC_MENWAGE","A","2010",10.642570281,
"LTU","WAGEGAP","TOT","PC_MENWAGE","A","2014",12.479740681,
"AUT","WAGEGAP","SELFEMPLOYED","PC_MENWAGE","A","2003",51.796,
"AUT","WAGEGAP","SELFEMPLOYED","PC_MENWAGE","A","2004",49.966,
"AUT","WAGEGAP","SELFEMPLOYED","PC_MENWAGE","A","2005",49.897,
"AUT","WAGEGAP","SELFEMPLOYED","PC_MENWAGE","A","2006",47.265,
"AUT","WAGEGAP","SELFEMPLOYED","PC_MENWAGE","A","2007",48.468,
"AUT","WAGEGAP","SELFEMPLOYED","PC_MENWAGE","A","2008",48.604,
"AUT","WAGEGAP","SELFEMPLOYED","PC_MENWAGE","A","2009",46.53,
"AUT","WAGEGAP","SELFEMPLOYED","PC_MENWAGE","A","2010",45.362,
"AUT","WAGEGAP","SELFEMPLOYED","PC_MENWAGE","A","2011",44.058,
"AUT","WAGEGAP","SELFEMPLOYED","PC_MENWAGE","A","2012",45.37,
"AUT","WAGEGAP","SELFEMPLOYED","PC_MENWAGE","A","2013",46.318,
"AUT","WAGEGAP","SELFEMPLOYED","PC_MENWAGE","A","2014",46.972,
"BEL","WAGEGAP","SELFEMPLOYED","PC_MENWAGE","A","2003",42.568,
"BEL","WAGEGAP","SELFEMPLOYED","PC_MENWAGE","A","2004",44.54,
"BEL","WAGEGAP","SELFEMPLOYED","PC_MENWAGE","A","2005",46.873,
"BEL","WAGEGAP","SELFEMPLOYED","PC_MENWAGE","A","2006",45.037,
"BEL","WAGEGAP","SELFEMPLOYED","PC_MENWAGE","A","2007",41.821,
"BEL","WAGEGAP","SELFEMPLOYED","PC_MENWAGE","A","2008",35.683,
"BEL","WAGEGAP","SELFEMPLOYED","PC_MENWAGE","A","2009",32.343,
"BEL","WAGEGAP","SELFEMPLOYED","PC_MENWAGE","A","2010",30.243,
"BEL","WAGEGAP","SELFEMPLOYED","PC_MENWAGE","A","2011",32.939,
"BEL","WAGEGAP","SELFEMPLOYED","PC_MENWAGE","A","2012",34.088,
"BEL","WAGEGAP","SELFEMPLOYED","PC_MENWAGE","A","2013",34.638,
"CAN","WAGEGAP","SELFEMPLOYED","PC_MENWAGE","A","2003",35.79,
"CAN","WAGEGAP","SELFEMPLOYED","PC_MENWAGE","A","2004",37.523,
"CAN","WAGEGAP","SELFEMPLOYED","PC_MENWAGE","A","2005",39.57,
"CAN","WAGEGAP","SELFEMPLOYED","PC_MENWAGE","A","2006",41.076,
"CAN","WAGEGAP","SELFEMPLOYED","PC_MENWAGE","A","2007",44.313,
"CAN","WAGEGAP","SELFEMPLOYED","PC_MENWAGE","A","2008",46.347,
"CAN","WAGEGAP","SELFEMPLOYED","PC_MENWAGE","A","2009",42.105,
"CAN","WAGEGAP","SELFEMPLOYED","PC_MENWAGE","A","2010",42.857,
"CAN","WAGEGAP","SELFEMPLOYED","PC_MENWAGE","A","2011",50.12,
"CAN","WAGEGAP","SELFEMPLOYED","PC_MENWAGE","A","2012",38.889,
"CAN","WAGEGAP","SELFEMPLOYED","PC_MENWAGE","A","2013",43.25,
"CAN","WAGEGAP","SELFEMPLOYED","PC_MENWAGE","A","2014",40.657,
"CZE","WAGEGAP","SELFEMPLOYED","PC_MENWAGE","A","2004",32.046,
"CZE","WAGEGAP","SELFEMPLOYED","PC_MENWAGE","A","2005",30.815,
"CZE","WAGEGAP","SELFEMPLOYED","PC_MENWAGE","A","2006",28.949,
"CZE","WAGEGAP","SELFEMPLOYED","PC_MENWAGE","A","2007",29.356,
"CZE","WAGEGAP","SELFEMPLOYED","PC_MENWAGE","A","2008",29.208,
"CZE","WAGEGAP","SELFEMPLOYED","PC_MENWAGE","A","2009",29.655,
"CZE","WAGEGAP","SELFEMPLOYED","PC_MENWAGE","A","2010",29.798,
"CZE","WAGEGAP","SELFEMPLOYED","PC_MENWAGE","A","2011",31.073,
"CZE","WAGEGAP","SELFEMPLOYED","PC_MENWAGE","A","2012",31.235,
"CZE","WAGEGAP","SELFEMPLOYED","PC_MENWAGE","A","2013",30.633,
"DNK","WAGEGAP","SELFEMPLOYED","PC_MENWAGE","A","2003",9.217,
"DNK","WAGEGAP","SELFEMPLOYED","PC_MENWAGE","A","2004",6.214,
"DNK","WAGEGAP","SELFEMPLOYED","PC_MENWAGE","A","2005",12.368,
"DNK","WAGEGAP","SELFEMPLOYED","PC_MENWAGE","A","2006",12.008,
"DNK","WAGEGAP","SELFEMPLOYED","PC_MENWAGE","A","2007",17.159,
"DNK","WAGEGAP","SELFEMPLOYED","PC_MENWAGE","A","2008",11.085,
"DNK","WAGEGAP","SELFEMPLOYED","PC_MENWAGE","A","2009",16.109,
"DNK","WAGEGAP","SELFEMPLOYED","PC_MENWAGE","A","2010",17.467,
"DNK","WAGEGAP","SELFEMPLOYED","PC_MENWAGE","A","2011",22.241,
"DNK","WAGEGAP","SELFEMPLOYED","PC_MENWAGE","A","2012",23.142,
"FIN","WAGEGAP","SELFEMPLOYED","PC_MENWAGE","A","2003",32.75,
"FIN","WAGEGAP","SELFEMPLOYED","PC_MENWAGE","A","2004",35.397,
"FIN","WAGEGAP","SELFEMPLOYED","PC_MENWAGE","A","2005",41.991,
"FIN","WAGEGAP","SELFEMPLOYED","PC_MENWAGE","A","2006",39.52,
"FIN","WAGEGAP","SELFEMPLOYED","PC_MENWAGE","A","2007",39.91,
"FIN","WAGEGAP","SELFEMPLOYED","PC_MENWAGE","A","2008",36.902,
"FIN","WAGEGAP","SELFEMPLOYED","PC_MENWAGE","A","2009",35.94,
"FIN","WAGEGAP","SELFEMPLOYED","PC_MENWAGE","A","2010",33.25,
"FIN","WAGEGAP","SELFEMPLOYED","PC_MENWAGE","A","2011",34.803,
"FIN","WAGEGAP","SELFEMPLOYED","PC_MENWAGE","A","2012",34.581,
"FIN","WAGEGAP","SELFEMPLOYED","PC_MENWAGE","A","2013",30.315,
"FIN","WAGEGAP","SELFEMPLOYED","PC_MENWAGE","A","2014",26.835,
"FRA","WAGEGAP","SELFEMPLOYED","PC_MENWAGE","A","2003",37.429,
"FRA","WAGEGAP","SELFEMPLOYED","PC_MENWAGE","A","2004",33.926,
"FRA","WAGEGAP","SELFEMPLOYED","PC_MENWAGE","A","2005",31.851,
"FRA","WAGEGAP","SELFEMPLOYED","PC_MENWAGE","A","2006",32.935,
"FRA","WAGEGAP","SELFEMPLOYED","PC_MENWAGE","A","2007",36.227,
"FRA","WAGEGAP","SELFEMPLOYED","PC_MENWAGE","A","2008",35.963,
"FRA","WAGEGAP","SELFEMPLOYED","PC_MENWAGE","A","2009",31.633,
"FRA","WAGEGAP","SELFEMPLOYED","PC_MENWAGE","A","2010",29.95,
"FRA","WAGEGAP","SELFEMPLOYED","PC_MENWAGE","A","2011",30.464,
"FRA","WAGEGAP","SELFEMPLOYED","PC_MENWAGE","A","2012",30.188,
"FRA","WAGEGAP","SELFEMPLOYED","PC_MENWAGE","A","2013",29.273,
"DEU","WAGEGAP","SELFEMPLOYED","PC_MENWAGE","A","2004",45.446,
"DEU","WAGEGAP","SELFEMPLOYED","PC_MENWAGE","A","2005",44.655,
"DEU","WAGEGAP","SELFEMPLOYED","PC_MENWAGE","A","2006",43.4,
"DEU","WAGEGAP","SELFEMPLOYED","PC_MENWAGE","A","2007",40.483,
"DEU","WAGEGAP","SELFEMPLOYED","PC_MENWAGE","A","2008",39.664,
"DEU","WAGEGAP","SELFEMPLOYED","PC_MENWAGE","A","2009",39.006,
"DEU","WAGEGAP","SELFEMPLOYED","PC_MENWAGE","A","2010",42.649,
"DEU","WAGEGAP","SELFEMPLOYED","PC_MENWAGE","A","2011",42.973,
"GRC","WAGEGAP","SELFEMPLOYED","PC_MENWAGE","A","2006",40.581,
"GRC","WAGEGAP","SELFEMPLOYED","PC_MENWAGE","A","2007",39.759,
"GRC","WAGEGAP","SELFEMPLOYED","PC_MENWAGE","A","2008",38.113,
"GRC","WAGEGAP","SELFEMPLOYED","PC_MENWAGE","A","2009",42.147,
"GRC","WAGEGAP","SELFEMPLOYED","PC_MENWAGE","A","2010",44.008,
"GRC","WAGEGAP","SELFEMPLOYED","PC_MENWAGE","A","2011",46.311,
"GRC","WAGEGAP","SELFEMPLOYED","PC_MENWAGE","A","2012",39.931,
"GRC","WAGEGAP","SELFEMPLOYED","PC_MENWAGE","A","2013",36.729,
"GRC","WAGEGAP","SELFEMPLOYED","PC_MENWAGE","A","2014",34.961,
"HUN","WAGEGAP","SELFEMPLOYED","PC_MENWAGE","A","2004",29.287,
"HUN","WAGEGAP","SELFEMPLOYED","PC_MENWAGE","A","2005",26.686,
"HUN","WAGEGAP","SELFEMPLOYED","PC_MENWAGE","A","2006",26.587,
"HUN","WAGEGAP","SELFEMPLOYED","PC_MENWAGE","A","2007",23.905,
"HUN","WAGEGAP","SELFEMPLOYED","PC_MENWAGE","A","2008",27.658,
"HUN","WAGEGAP","SELFEMPLOYED","PC_MENWAGE","A","2009",32.132,
"HUN","WAGEGAP","SELFEMPLOYED","PC_MENWAGE","A","2010",34.467,
"HUN","WAGEGAP","SELFEMPLOYED","PC_MENWAGE","A","2011",32.554,
"HUN","WAGEGAP","SELFEMPLOYED","PC_MENWAGE","A","2012",25.827,
"HUN","WAGEGAP","SELFEMPLOYED","PC_MENWAGE","A","2013",21.619,
"HUN","WAGEGAP","SELFEMPLOYED","PC_MENWAGE","A","2014",17.974,
"ISL","WAGEGAP","SELFEMPLOYED","PC_MENWAGE","A","2003",44.342,
"ISL","WAGEGAP","SELFEMPLOYED","PC_MENWAGE","A","2004",40.797,
"ISL","WAGEGAP","SELFEMPLOYED","PC_MENWAGE","A","2005",34.343,
"ISL","WAGEGAP","SELFEMPLOYED","PC_MENWAGE","A","2006",28.282,
"ISL","WAGEGAP","SELFEMPLOYED","PC_MENWAGE","A","2007",24.901,
"ISL","WAGEGAP","SELFEMPLOYED","PC_MENWAGE","A","2008",20.501,
"ISL","WAGEGAP","SELFEMPLOYED","PC_MENWAGE","A","2009",15.902,
"ISL","WAGEGAP","SELFEMPLOYED","PC_MENWAGE","A","2010",11.352,
"ISL","WAGEGAP","SELFEMPLOYED","PC_MENWAGE","A","2011",17.471,
"ISL","WAGEGAP","SELFEMPLOYED","PC_MENWAGE","A","2012",24.547,
"ISL","WAGEGAP","SELFEMPLOYED","PC_MENWAGE","A","2013",25.993,
"ISL","WAGEGAP","SELFEMPLOYED","PC_MENWAGE","A","2014",26.354,
"IRL","WAGEGAP","SELFEMPLOYED","PC_MENWAGE","A","2003",25.482,
"IRL","WAGEGAP","SELFEMPLOYED","PC_MENWAGE","A","2004",28.412,
"IRL","WAGEGAP","SELFEMPLOYED","PC_MENWAGE","A","2005",28.569,
"IRL","WAGEGAP","SELFEMPLOYED","PC_MENWAGE","A","2006",33.647,
"IRL","WAGEGAP","SELFEMPLOYED","PC_MENWAGE","A","2007",29.999,
"IRL","WAGEGAP","SELFEMPLOYED","PC_MENWAGE","A","2008",26.541,
"IRL","WAGEGAP","SELFEMPLOYED","PC_MENWAGE","A","2009",19.366,
"IRL","WAGEGAP","SELFEMPLOYED","PC_MENWAGE","A","2010",21.431,
"IRL","WAGEGAP","SELFEMPLOYED","PC_MENWAGE","A","2011",23.747,
"IRL","WAGEGAP","SELFEMPLOYED","PC_MENWAGE","A","2012",29.433,
"IRL","WAGEGAP","SELFEMPLOYED","PC_MENWAGE","A","2013",28.851,
"ITA","WAGEGAP","SELFEMPLOYED","PC_MENWAGE","A","2006",48.015,
"ITA","WAGEGAP","SELFEMPLOYED","PC_MENWAGE","A","2007",48.111,
"ITA","WAGEGAP","SELFEMPLOYED","PC_MENWAGE","A","2008",46.708,
"ITA","WAGEGAP","SELFEMPLOYED","PC_MENWAGE","A","2009",49.468,
"ITA","WAGEGAP","SELFEMPLOYED","PC_MENWAGE","A","2010",52.62,
"ITA","WAGEGAP","SELFEMPLOYED","PC_MENWAGE","A","2011",55.426,
"ITA","WAGEGAP","SELFEMPLOYED","PC_MENWAGE","A","2012",55.891,
"ITA","WAGEGAP","SELFEMPLOYED","PC_MENWAGE","A","2013",54.779,
"LUX","WAGEGAP","SELFEMPLOYED","PC_MENWAGE","A","2003",46.462,
"LUX","WAGEGAP","SELFEMPLOYED","PC_MENWAGE","A","2004",45.353,
"LUX","WAGEGAP","SELFEMPLOYED","PC_MENWAGE","A","2005",37.066,
"LUX","WAGEGAP","SELFEMPLOYED","PC_MENWAGE","A","2006",42.774,
"LUX","WAGEGAP","SELFEMPLOYED","PC_MENWAGE","A","2007",45.745,
"LUX","WAGEGAP","SELFEMPLOYED","PC_MENWAGE","A","2008",44.476,
"LUX","WAGEGAP","SELFEMPLOYED","PC_MENWAGE","A","2009",36.783,
"LUX","WAGEGAP","SELFEMPLOYED","PC_MENWAGE","A","2010",25.906,
"LUX","WAGEGAP","SELFEMPLOYED","PC_MENWAGE","A","2011",22.91,
"LUX","WAGEGAP","SELFEMPLOYED","PC_MENWAGE","A","2012",16.379,
"LUX","WAGEGAP","SELFEMPLOYED","PC_MENWAGE","A","2013",13.307,
"MEX","WAGEGAP","SELFEMPLOYED","PC_MENWAGE","A","2005",52.428,
"MEX","WAGEGAP","SELFEMPLOYED","PC_MENWAGE","A","2006",50.231,
"MEX","WAGEGAP","SELFEMPLOYED","PC_MENWAGE","A","2007",48.811,
"MEX","WAGEGAP","SELFEMPLOYED","PC_MENWAGE","A","2008",47.554,
"MEX","WAGEGAP","SELFEMPLOYED","PC_MENWAGE","A","2009",47.192,
"MEX","WAGEGAP","SELFEMPLOYED","PC_MENWAGE","A","2010",46.61,
"MEX","WAGEGAP","SELFEMPLOYED","PC_MENWAGE","A","2011",45.318,
"MEX","WAGEGAP","SELFEMPLOYED","PC_MENWAGE","A","2012",44.466,
"MEX","WAGEGAP","SELFEMPLOYED","PC_MENWAGE","A","2013",44.344,
"MEX","WAGEGAP","SELFEMPLOYED","PC_MENWAGE","A","2014",44.772,
"MEX","WAGEGAP","SELFEMPLOYED","PC_MENWAGE","A","2015",44.483,
"NLD","WAGEGAP","SELFEMPLOYED","PC_MENWAGE","A","2004",37.014,
"NLD","WAGEGAP","SELFEMPLOYED","PC_MENWAGE","A","2005",38.56,
"NLD","WAGEGAP","SELFEMPLOYED","PC_MENWAGE","A","2006",42.27,
"NLD","WAGEGAP","SELFEMPLOYED","PC_MENWAGE","A","2007",44.169,
"NLD","WAGEGAP","SELFEMPLOYED","PC_MENWAGE","A","2008",41.47,
"NLD","WAGEGAP","SELFEMPLOYED","PC_MENWAGE","A","2009",35.053,
"NLD","WAGEGAP","SELFEMPLOYED","PC_MENWAGE","A","2010",30.314,
"NLD","WAGEGAP","SELFEMPLOYED","PC_MENWAGE","A","2011",27.786,
"NLD","WAGEGAP","SELFEMPLOYED","PC_MENWAGE","A","2012",26.048,
"NLD","WAGEGAP","SELFEMPLOYED","PC_MENWAGE","A","2013",22.07,
"NLD","WAGEGAP","SELFEMPLOYED","PC_MENWAGE","A","2014",20.579,
"NZL","WAGEGAP","SELFEMPLOYED","PC_MENWAGE","A","1998",41.26,
"NZL","WAGEGAP","SELFEMPLOYED","PC_MENWAGE","A","1999",39.8,
"NZL","WAGEGAP","SELFEMPLOYED","PC_MENWAGE","A","2000",35.6,
"NZL","WAGEGAP","SELFEMPLOYED","PC_MENWAGE","A","2001",30.16,
"NZL","WAGEGAP","SELFEMPLOYED","PC_MENWAGE","A","2002",27.88,
"NZL","WAGEGAP","SELFEMPLOYED","PC_MENWAGE","A","2003",29.47,
"NZL","WAGEGAP","SELFEMPLOYED","PC_MENWAGE","A","2004",33.17,
"NZL","WAGEGAP","SELFEMPLOYED","PC_MENWAGE","A","2005",35.45,
"NZL","WAGEGAP","SELFEMPLOYED","PC_MENWAGE","A","2006",34,
"NZL","WAGEGAP","SELFEMPLOYED","PC_MENWAGE","A","2007",36.16,
"NZL","WAGEGAP","SELFEMPLOYED","PC_MENWAGE","A","2008",34.69,
"NZL","WAGEGAP","SELFEMPLOYED","PC_MENWAGE","A","2009",35.247,
"NZL","WAGEGAP","SELFEMPLOYED","PC_MENWAGE","A","2010",34.149,
"NZL","WAGEGAP","SELFEMPLOYED","PC_MENWAGE","A","2011",31.664,
"NZL","WAGEGAP","SELFEMPLOYED","PC_MENWAGE","A","2012",32.361,
"NZL","WAGEGAP","SELFEMPLOYED","PC_MENWAGE","A","2013",32.612,
"NZL","WAGEGAP","SELFEMPLOYED","PC_MENWAGE","A","2014",36.855,
"NZL","WAGEGAP","SELFEMPLOYED","PC_MENWAGE","A","2015",38.151,
"NOR","WAGEGAP","SELFEMPLOYED","PC_MENWAGE","A","2003",32.323,
"NOR","WAGEGAP","SELFEMPLOYED","PC_MENWAGE","A","2004",32.486,
"NOR","WAGEGAP","SELFEMPLOYED","PC_MENWAGE","A","2005",30.879,
"NOR","WAGEGAP","SELFEMPLOYED","PC_MENWAGE","A","2006",27.92,
"NOR","WAGEGAP","SELFEMPLOYED","PC_MENWAGE","A","2007",26.36,
"NOR","WAGEGAP","SELFEMPLOYED","PC_MENWAGE","A","2008",28.096,
"NOR","WAGEGAP","SELFEMPLOYED","PC_MENWAGE","A","2009",28.104,
"NOR","WAGEGAP","SELFEMPLOYED","PC_MENWAGE","A","2010",26.657,
"NOR","WAGEGAP","SELFEMPLOYED","PC_MENWAGE","A","2011",25.351,
"NOR","WAGEGAP","SELFEMPLOYED","PC_MENWAGE","A","2012",18.677,
"NOR","WAGEGAP","SELFEMPLOYED","PC_MENWAGE","A","2013",18.541,
"NOR","WAGEGAP","SELFEMPLOYED","PC_MENWAGE","A","2014",14.857,
"POL","WAGEGAP","SELFEMPLOYED","PC_MENWAGE","A","2004",53.691,
"POL","WAGEGAP","SELFEMPLOYED","PC_MENWAGE","A","2005",54.655,
"POL","WAGEGAP","SELFEMPLOYED","PC_MENWAGE","A","2006",53.15,
"POL","WAGEGAP","SELFEMPLOYED","PC_MENWAGE","A","2007",56.828,
"POL","WAGEGAP","SELFEMPLOYED","PC_MENWAGE","A","2008",58.066,
"POL","WAGEGAP","SELFEMPLOYED","PC_MENWAGE","A","2009",61.635,
"POL","WAGEGAP","SELFEMPLOYED","PC_MENWAGE","A","2010",61.632,
"POL","WAGEGAP","SELFEMPLOYED","PC_MENWAGE","A","2011",61.928,
"POL","WAGEGAP","SELFEMPLOYED","PC_MENWAGE","A","2012",61.234,
"POL","WAGEGAP","SELFEMPLOYED","PC_MENWAGE","A","2013",60.521,
"PRT","WAGEGAP","SELFEMPLOYED","PC_MENWAGE","A","2006",62.25,
"PRT","WAGEGAP","SELFEMPLOYED","PC_MENWAGE","A","2007",60.922,
"PRT","WAGEGAP","SELFEMPLOYED","PC_MENWAGE","A","2008",60.392,
"PRT","WAGEGAP","SELFEMPLOYED","PC_MENWAGE","A","2009",58.39,
"PRT","WAGEGAP","SELFEMPLOYED","PC_MENWAGE","A","2010",59.245,
"PRT","WAGEGAP","SELFEMPLOYED","PC_MENWAGE","A","2011",58.696,
"PRT","WAGEGAP","SELFEMPLOYED","PC_MENWAGE","A","2012",54.437,
"PRT","WAGEGAP","SELFEMPLOYED","PC_MENWAGE","A","2013",50.676,
"SVK","WAGEGAP","SELFEMPLOYED","PC_MENWAGE","A","2004",21.466,
"SVK","WAGEGAP","SELFEMPLOYED","PC_MENWAGE","A","2005",19.87,
"SVK","WAGEGAP","SELFEMPLOYED","PC_MENWAGE","A","2006",23.739,
"SVK","WAGEGAP","SELFEMPLOYED","PC_MENWAGE","A","2007",26.853,
"SVK","WAGEGAP","SELFEMPLOYED","PC_MENWAGE","A","2008",29.885,
"SVK","WAGEGAP","SELFEMPLOYED","PC_MENWAGE","A","2009",31.579,
"SVK","WAGEGAP","SELFEMPLOYED","PC_MENWAGE","A","2010",30.928,
"SVK","WAGEGAP","SELFEMPLOYED","PC_MENWAGE","A","2011",32.207,
"SVK","WAGEGAP","SELFEMPLOYED","PC_MENWAGE","A","2012",32.337,
"SVK","WAGEGAP","SELFEMPLOYED","PC_MENWAGE","A","2013",34.184,
"ESP","WAGEGAP","SELFEMPLOYED","PC_MENWAGE","A","2005",38.984,
"ESP","WAGEGAP","SELFEMPLOYED","PC_MENWAGE","A","2006",37.543,
"ESP","WAGEGAP","SELFEMPLOYED","PC_MENWAGE","A","2007",36.206,
"ESP","WAGEGAP","SELFEMPLOYED","PC_MENWAGE","A","2008",31.654,
"ESP","WAGEGAP","SELFEMPLOYED","PC_MENWAGE","A","2009",29.971,
"ESP","WAGEGAP","SELFEMPLOYED","PC_MENWAGE","A","2010",24.738,
"ESP","WAGEGAP","SELFEMPLOYED","PC_MENWAGE","A","2011",23.489,
"ESP","WAGEGAP","SELFEMPLOYED","PC_MENWAGE","A","2012",23.035,
"ESP","WAGEGAP","SELFEMPLOYED","PC_MENWAGE","A","2013",24.9,
"ESP","WAGEGAP","SELFEMPLOYED","PC_MENWAGE","A","2014",26.44,
"SWE","WAGEGAP","SELFEMPLOYED","PC_MENWAGE","A","2003",5.566,
"SWE","WAGEGAP","SELFEMPLOYED","PC_MENWAGE","A","2004",13.169,
"SWE","WAGEGAP","SELFEMPLOYED","PC_MENWAGE","A","2005",18.081,
"SWE","WAGEGAP","SELFEMPLOYED","PC_MENWAGE","A","2006",19.746,
"SWE","WAGEGAP","SELFEMPLOYED","PC_MENWAGE","A","2007",12.053,
"SWE","WAGEGAP","SELFEMPLOYED","PC_MENWAGE","A","2008",9.975,
"SWE","WAGEGAP","SELFEMPLOYED","PC_MENWAGE","A","2009",15.59,
"SWE","WAGEGAP","SELFEMPLOYED","PC_MENWAGE","A","2010",17.998,
"SWE","WAGEGAP","SELFEMPLOYED","PC_MENWAGE","A","2011",17.935,
"SWE","WAGEGAP","SELFEMPLOYED","PC_MENWAGE","A","2012",12.707,
"SWE","WAGEGAP","SELFEMPLOYED","PC_MENWAGE","A","2013",13.117,
"CHE","WAGEGAP","SELFEMPLOYED","PC_MENWAGE","A","2007",58.173,
"CHE","WAGEGAP","SELFEMPLOYED","PC_MENWAGE","A","2008",56.092,
"CHE","WAGEGAP","SELFEMPLOYED","PC_MENWAGE","A","2009",51.422,
"CHE","WAGEGAP","SELFEMPLOYED","PC_MENWAGE","A","2010",50.67,
"CHE","WAGEGAP","SELFEMPLOYED","PC_MENWAGE","A","2011",49.35,
"CHE","WAGEGAP","SELFEMPLOYED","PC_MENWAGE","A","2012",50.092,
"CHE","WAGEGAP","SELFEMPLOYED","PC_MENWAGE","A","2013",47.743,
"GBR","WAGEGAP","SELFEMPLOYED","PC_MENWAGE","A","2004",46.036,
"GBR","WAGEGAP","SELFEMPLOYED","PC_MENWAGE","A","2005",44.92,
"GBR","WAGEGAP","SELFEMPLOYED","PC_MENWAGE","A","2006",43.584,
"GBR","WAGEGAP","SELFEMPLOYED","PC_MENWAGE","A","2007",39.929,
"GBR","WAGEGAP","SELFEMPLOYED","PC_MENWAGE","A","2008",38.441,
"GBR","WAGEGAP","SELFEMPLOYED","PC_MENWAGE","A","2009",38.215,
"GBR","WAGEGAP","SELFEMPLOYED","PC_MENWAGE","A","2010",40.421,
"GBR","WAGEGAP","SELFEMPLOYED","PC_MENWAGE","A","2011",39.6,
"GBR","WAGEGAP","SELFEMPLOYED","PC_MENWAGE","A","2012",36.377,
"GBR","WAGEGAP","SELFEMPLOYED","PC_MENWAGE","A","2013",33.745,
"USA","WAGEGAP","SELFEMPLOYED","PC_MENWAGE","A","2005",63.912,
"USA","WAGEGAP","SELFEMPLOYED","PC_MENWAGE","A","2006",63.742,
"USA","WAGEGAP","SELFEMPLOYED","PC_MENWAGE","A","2007",63.267,
"USA","WAGEGAP","SELFEMPLOYED","PC_MENWAGE","A","2008",62.381,
"USA","WAGEGAP","SELFEMPLOYED","PC_MENWAGE","A","2009",61.301,
"USA","WAGEGAP","SELFEMPLOYED","PC_MENWAGE","A","2010",59.985,
"USA","WAGEGAP","SELFEMPLOYED","PC_MENWAGE","A","2011",59.321,
"USA","WAGEGAP","SELFEMPLOYED","PC_MENWAGE","A","2012",58.962,
"USA","WAGEGAP","SELFEMPLOYED","PC_MENWAGE","A","2013",58.478,
"USA","WAGEGAP","SELFEMPLOYED","PC_MENWAGE","A","2014",57.854,
"USA","WAGEGAP","SELFEMPLOYED","PC_MENWAGE","A","2015",57.244,
"SVN","WAGEGAP","SELFEMPLOYED","PC_MENWAGE","A","2004",28.552,
"SVN","WAGEGAP","SELFEMPLOYED","PC_MENWAGE","A","2005",29.832,
"SVN","WAGEGAP","SELFEMPLOYED","PC_MENWAGE","A","2006",29.044,
"SVN","WAGEGAP","SELFEMPLOYED","PC_MENWAGE","A","2007",28.612,
"SVN","WAGEGAP","SELFEMPLOYED","PC_MENWAGE","A","2008",27.706,
"SVN","WAGEGAP","SELFEMPLOYED","PC_MENWAGE","A","2009",29.537,
"SVN","WAGEGAP","SELFEMPLOYED","PC_MENWAGE","A","2010",32.83,
"SVN","WAGEGAP","SELFEMPLOYED","PC_MENWAGE","A","2011",33.933,
"SVN","WAGEGAP","SELFEMPLOYED","PC_MENWAGE","A","2012",31.093,
"SVN","WAGEGAP","SELFEMPLOYED","PC_MENWAGE","A","2013",31,
"SVN","WAGEGAP","SELFEMPLOYED","PC_MENWAGE","A","2014",30.732,
"COL","WAGEGAP","TOT","PC_MENWAGE","A","2007",1.3393170184,
"COL","WAGEGAP","TOT","PC_MENWAGE","A","2008",1.7396907216,
"COL","WAGEGAP","TOT","PC_MENWAGE","A","2009",3.3846751713,
"COL","WAGEGAP","TOT","PC_MENWAGE","A","2010",6.4305555555,
"COL","WAGEGAP","TOT","PC_MENWAGE","A","2011",3.5348084188,
"COL","WAGEGAP","TOT","PC_MENWAGE","A","2012",8.1979467756,
"COL","WAGEGAP","TOT","PC_MENWAGE","A","2013",7.1428571429,
"COL","WAGEGAP","TOT","PC_MENWAGE","A","2014",9.6,
"COL","WAGEGAP","TOT","PC_MENWAGE","A","2015",11.141715728,
"CRI","WAGEGAP","TOT","PC_MENWAGE","A","2010",0,
"CRI","WAGEGAP","TOT","PC_MENWAGE","A","2011",4.6306818182,
"CRI","WAGEGAP","TOT","PC_MENWAGE","A","2012",0.5524861879,
"CRI","WAGEGAP","TOT","PC_MENWAGE","A","2013",0,
"CRI","WAGEGAP","TOT","PC_MENWAGE","A","2014",5.1497005988,
"CRI","WAGEGAP","TOT","PC_MENWAGE","A","2015",3.7037037037,
"EU28","WAGEGAP","TOT","PC_MENWAGE","A","2006",20.285714286,
"EU28","WAGEGAP","TOT","PC_MENWAGE","A","2010",18.909090909,
"EU28","WAGEGAP","TOT","PC_MENWAGE","A","2014",19.126566923,
