﻿"LOCATION","INDICATOR","SUBJECT","MEASURE","FREQUENCY","TIME","Value","Flag Codes"
"AUS","WAGELEVEL","LPAY","PC","A","1975",11.2487611,
"AUS","WAGELEVEL","LPAY","PC","A","1976",11.5901026,
"AUS","WAGELEVEL","LPAY","PC","A","1977",11.7015974,
"AUS","WAGELEVEL","LPAY","PC","A","1978",12.7720207,
"AUS","WAGELEVEL","LPAY","PC","A","1979",13.5935866,
"AUS","WAGELEVEL","LPAY","PC","A","1980",13.5403241,
"AUS","WAGELEVEL","LPAY","PC","A","1981",13.9340964,
"AUS","WAGELEVEL","LPAY","PC","A","1982",13.5849057,
"AUS","WAGELEVEL","LPAY","PC","A","1983",14.5803978,
"AUS","WAGELEVEL","LPAY","PC","A","1984",14.4458197,
"AUS","WAGELEVEL","LPAY","PC","A","1985",13.6782798,
"AUS","WAGELEVEL","LPAY","PC","A","1986",13.8319699,
"AUS","WAGELEVEL","LPAY","PC","A","1987",14.2564015,
"AUS","WAGELEVEL","LPAY","PC","A","1988",14.5824755,
"AUS","WAGELEVEL","LPAY","PC","A","1989",14.3621924,
"AUS","WAGELEVEL","LPAY","PC","A","1990",14.6073937,
"AUS","WAGELEVEL","LPAY","PC","A","1991",13.9145813,
"AUS","WAGELEVEL","LPAY","PC","A","1992",13.8419916,
"AUS","WAGELEVEL","LPAY","PC","A","1993",13.2275574,
"AUS","WAGELEVEL","LPAY","PC","A","1994",13.4991484,
"AUS","WAGELEVEL","LPAY","PC","A","1995",13.8337676,
"AUS","WAGELEVEL","LPAY","PC","A","1997",12.4053471,
"AUS","WAGELEVEL","LPAY","PC","A","1998",12.2776853,
"AUS","WAGELEVEL","LPAY","PC","A","1999",14.3071548,
"AUS","WAGELEVEL","LPAY","PC","A","2000",14.5510504,
"AUS","WAGELEVEL","LPAY","PC","A","2001",13.9406036,
"AUS","WAGELEVEL","LPAY","PC","A","2002",13.7700937,
"AUS","WAGELEVEL","LPAY","PC","A","2003",13.4414227,
"AUS","WAGELEVEL","LPAY","PC","A","2004",14.4858401,
"AUS","WAGELEVEL","LPAY","PC","A","2005",15.8556526,
"AUS","WAGELEVEL","LPAY","PC","A","2006",15.232578,
"AUS","WAGELEVEL","LPAY","PC","A","2007",16.0004482,
"AUS","WAGELEVEL","LPAY","PC","A","2008",17.5032036,
"AUS","WAGELEVEL","LPAY","PC","A","2009",14.4394253,
"AUS","WAGELEVEL","LPAY","PC","A","2010",16.0958665,
"AUS","WAGELEVEL","LPAY","PC","A","2011",16.9100467,
"AUS","WAGELEVEL","LPAY","PC","A","2012",18.9435053,
"AUS","WAGELEVEL","LPAY","PC","A","2013",15.8294736,
"AUS","WAGELEVEL","LPAY","PC","A","2014",16.5545106,
"AUS","WAGELEVEL","LPAY","PC","A","2015",15.4803421,
"AUS","WAGELEVEL","LPAY","PC","A","2016",15.7221233,
"AUT","WAGELEVEL","LPAY","PC","A","2004",15.1530881,
"AUT","WAGELEVEL","LPAY","PC","A","2005",15.2759616,
"AUT","WAGELEVEL","LPAY","PC","A","2006",15.7899151,
"AUT","WAGELEVEL","LPAY","PC","A","2007",16.1934825,
"AUT","WAGELEVEL","LPAY","PC","A","2008",15.8655558,
"AUT","WAGELEVEL","LPAY","PC","A","2009",16.0218085,
"AUT","WAGELEVEL","LPAY","PC","A","2010",16.4701128,
"AUT","WAGELEVEL","LPAY","PC","A","2011",16.0763006,
"AUT","WAGELEVEL","LPAY","PC","A","2012",16.0727267,
"AUT","WAGELEVEL","LPAY","PC","A","2013",15.8536381,
"AUT","WAGELEVEL","LPAY","PC","A","2014",15.8869887,
"AUT","WAGELEVEL","LPAY","PC","A","2015",15.8611062,
"AUT","WAGELEVEL","HPAY","PC","A","2004",19.6780539,
"AUT","WAGELEVEL","HPAY","PC","A","2005",20.0000201,
"AUT","WAGELEVEL","HPAY","PC","A","2006",20.2032312,
"AUT","WAGELEVEL","HPAY","PC","A","2007",20.3799333,
"AUT","WAGELEVEL","HPAY","PC","A","2008",20.4558207,
"AUT","WAGELEVEL","HPAY","PC","A","2009",20.7936255,
"AUT","WAGELEVEL","HPAY","PC","A","2010",20.7341335,
"AUT","WAGELEVEL","HPAY","PC","A","2011",20.7264483,
"AUT","WAGELEVEL","HPAY","PC","A","2012",20.8531018,
"AUT","WAGELEVEL","HPAY","PC","A","2013",20.7018643,
"AUT","WAGELEVEL","HPAY","PC","A","2014",20.7778649,
"AUT","WAGELEVEL","HPAY","PC","A","2015",20.9069174,
"BEL","WAGELEVEL","LPAY","PC","A","2004",6.2987403,
"BEL","WAGELEVEL","LPAY","PC","A","2005",6.6993301,
"BEL","WAGELEVEL","LPAY","PC","A","2006",6.2993701,
"BEL","WAGELEVEL","LPAY","PC","A","2007",5.6005601,
"BEL","WAGELEVEL","LPAY","PC","A","2008",3.99988,
"BEL","WAGELEVEL","LPAY","PC","A","2009",3.7,
"BEL","WAGELEVEL","LPAY","PC","A","2010",4.3,
"BEL","WAGELEVEL","LPAY","PC","A","2011",5.4,
"BEL","WAGELEVEL","LPAY","PC","A","2012",6,
"BEL","WAGELEVEL","LPAY","PC","A","2013",4.600132,
"BEL","WAGELEVEL","LPAY","PC","A","2014",3.4,
"BEL","WAGELEVEL","HPAY","PC","A","1999",10.6,
"BEL","WAGELEVEL","HPAY","PC","A","2000",11.6011601,
"BEL","WAGELEVEL","HPAY","PC","A","2001",11.0011001,
"BEL","WAGELEVEL","HPAY","PC","A","2002",10.6989301,
"BEL","WAGELEVEL","HPAY","PC","A","2003",12.4,
"BEL","WAGELEVEL","HPAY","PC","A","2004",12.6974605,
"BEL","WAGELEVEL","HPAY","PC","A","2005",13.3986601,
"BEL","WAGELEVEL","HPAY","PC","A","2006",12.7987201,
"BEL","WAGELEVEL","HPAY","PC","A","2007",11.4011401,
"BEL","WAGELEVEL","HPAY","PC","A","2008",11.199664,
"BEL","WAGELEVEL","HPAY","PC","A","2009",11.7,
"BEL","WAGELEVEL","HPAY","PC","A","2010",13.1,
"BEL","WAGELEVEL","HPAY","PC","A","2011",13.8,
"BEL","WAGELEVEL","HPAY","PC","A","2012",13.4,
"BEL","WAGELEVEL","HPAY","PC","A","2013",13.8,
"BEL","WAGELEVEL","HPAY","PC","A","2014",12.9,
"CAN","WAGELEVEL","LPAY","PC","A","1997",21.8544619,
"CAN","WAGELEVEL","LPAY","PC","A","1998",21.1407107,
"CAN","WAGELEVEL","LPAY","PC","A","1999",23.0483914,
"CAN","WAGELEVEL","LPAY","PC","A","2000",23.2400996,
"CAN","WAGELEVEL","LPAY","PC","A","2001",22.0180488,
"CAN","WAGELEVEL","LPAY","PC","A","2002",22.3783274,
"CAN","WAGELEVEL","LPAY","PC","A","2003",22.0024047,
"CAN","WAGELEVEL","LPAY","PC","A","2004",22.3965944,
"CAN","WAGELEVEL","LPAY","PC","A","2005",21.3366159,
"CAN","WAGELEVEL","LPAY","PC","A","2006",22.5001312,
"CAN","WAGELEVEL","LPAY","PC","A","2007",22.0091662,
"CAN","WAGELEVEL","LPAY","PC","A","2008",22.1221646,
"CAN","WAGELEVEL","LPAY","PC","A","2009",20.629193,
"CAN","WAGELEVEL","LPAY","PC","A","2010",21.2032503,
"CAN","WAGELEVEL","LPAY","PC","A","2011",21.5924723,
"CAN","WAGELEVEL","LPAY","PC","A","2012",21.8443384,
"CAN","WAGELEVEL","LPAY","PC","A","2013",20.9573187,
"CAN","WAGELEVEL","LPAY","PC","A","2014",22.4539578,
"CAN","WAGELEVEL","LPAY","PC","A","2015",22.1778278,
"CAN","WAGELEVEL","HPAY","PC","A","1997",13.4713964,
"CAN","WAGELEVEL","HPAY","PC","A","1998",14.2630811,
"CAN","WAGELEVEL","HPAY","PC","A","1999",13.8385871,
"CAN","WAGELEVEL","HPAY","PC","A","2000",13.6045348,
"CAN","WAGELEVEL","HPAY","PC","A","2001",13.8172627,
"CAN","WAGELEVEL","HPAY","PC","A","2002",10.6572438,
"CAN","WAGELEVEL","HPAY","PC","A","2003",10.9147244,
"CAN","WAGELEVEL","HPAY","PC","A","2004",10.8111788,
"CAN","WAGELEVEL","HPAY","PC","A","2005",10.8576544,
"CAN","WAGELEVEL","HPAY","PC","A","2006",11.0177943,
"CAN","WAGELEVEL","HPAY","PC","A","2007",10.9564305,
"CAN","WAGELEVEL","HPAY","PC","A","2008",9.9031518,
"CAN","WAGELEVEL","HPAY","PC","A","2009",10.9250469,
"CAN","WAGELEVEL","HPAY","PC","A","2010",10.4064662,
"CAN","WAGELEVEL","HPAY","PC","A","2011",10.5168994,
"CAN","WAGELEVEL","HPAY","PC","A","2012",9.9749735,
"CAN","WAGELEVEL","HPAY","PC","A","2013",10.6731864,
"CAN","WAGELEVEL","HPAY","PC","A","2014",9.8451031,
"CAN","WAGELEVEL","HPAY","PC","A","2015",9.6607444,
"CZE","WAGELEVEL","LPAY","PC","A","1996",16.954211,
"CZE","WAGELEVEL","LPAY","PC","A","1997",17.1497902,
"CZE","WAGELEVEL","LPAY","PC","A","1999",17.6252439,
"CZE","WAGELEVEL","LPAY","PC","A","2001",17.4444417,
"CZE","WAGELEVEL","LPAY","PC","A","2002",18.3923205,
"CZE","WAGELEVEL","LPAY","PC","A","2003",19.0362273,
"CZE","WAGELEVEL","LPAY","PC","A","2004",19.6798783,
"CZE","WAGELEVEL","LPAY","PC","A","2005",20.0310956,
"CZE","WAGELEVEL","LPAY","PC","A","2006",19.7384173,
"CZE","WAGELEVEL","LPAY","PC","A","2007",19.6564656,
"CZE","WAGELEVEL","LPAY","PC","A","2008",19.7032947,
"CZE","WAGELEVEL","LPAY","PC","A","2009",20.0428057,
"CZE","WAGELEVEL","LPAY","PC","A","2010",20.1832924,
"CZE","WAGELEVEL","LPAY","PC","A","2011",20.1530632,
"CZE","WAGELEVEL","LPAY","PC","A","2012",19.7500016,
"CZE","WAGELEVEL","LPAY","PC","A","2013",19.9500022,
"CZE","WAGELEVEL","LPAY","PC","A","2014",20.260002,
"CZE","WAGELEVEL","LPAY","PC","A","2015",20.6500023,
"CZE","WAGELEVEL","LPAY","PC","A","2016",20.2900026,
"DNK","WAGELEVEL","LPAY","PC","A","2002",7.3612285,
"DNK","WAGELEVEL","LPAY","PC","A","2003",7.4618161,
"DNK","WAGELEVEL","LPAY","PC","A","2004",6.6795769,
"DNK","WAGELEVEL","LPAY","PC","A","2005",6.4025518,
"DNK","WAGELEVEL","LPAY","PC","A","2006",7.5726129,
"DNK","WAGELEVEL","LPAY","PC","A","2007",7.8392766,
"DNK","WAGELEVEL","LPAY","PC","A","2008",7.8882457,
"DNK","WAGELEVEL","LPAY","PC","A","2009",7.2773245,
"DNK","WAGELEVEL","LPAY","PC","A","2010",7.5777897,
"DNK","WAGELEVEL","LPAY","PC","A","2011",7.491378,
"DNK","WAGELEVEL","LPAY","PC","A","2012",7.5725152,
"DNK","WAGELEVEL","LPAY","PC","A","2013",7.8862596,
"DNK","WAGELEVEL","LPAY","PC","A","2014",8.4193354,
"DNK","WAGELEVEL","LPAY","PC","A","2015",8.2366634,
"FIN","WAGELEVEL","LPAY","PC","A","2001",4.6041392,
"FIN","WAGELEVEL","LPAY","PC","A","2002",7.2861437,
"FIN","WAGELEVEL","LPAY","PC","A","2003",6.4117022,
"FIN","WAGELEVEL","LPAY","PC","A","2004",6.9571063,
"FIN","WAGELEVEL","LPAY","PC","A","2005",6.9134013,
"FIN","WAGELEVEL","LPAY","PC","A","2006",7.4813619,
"FIN","WAGELEVEL","LPAY","PC","A","2007",7.9094965,
"FIN","WAGELEVEL","LPAY","PC","A","2008",8.4731584,
"FIN","WAGELEVEL","LPAY","PC","A","2009",8.4821195,
"FIN","WAGELEVEL","LPAY","PC","A","2010",8.1230188,
"FIN","WAGELEVEL","LPAY","PC","A","2011",9.2710425,
"FIN","WAGELEVEL","LPAY","PC","A","2012",8.9133802,
"FIN","WAGELEVEL","LPAY","PC","A","2013",9.0722522,
"FIN","WAGELEVEL","LPAY","PC","A","2014",8.4490741,
"FIN","WAGELEVEL","LPAY","PC","A","2015",7.7681758,
"FIN","WAGELEVEL","HPAY","PC","A","2001",15.8565106,
"FIN","WAGELEVEL","HPAY","PC","A","2002",15.9578156,
"FIN","WAGELEVEL","HPAY","PC","A","2003",15.8652995,
"FIN","WAGELEVEL","HPAY","PC","A","2004",15.3026001,
"FIN","WAGELEVEL","HPAY","PC","A","2005",16.2953533,
"FIN","WAGELEVEL","HPAY","PC","A","2006",16.0653451,
"FIN","WAGELEVEL","HPAY","PC","A","2007",16.7871535,
"FIN","WAGELEVEL","HPAY","PC","A","2008",16.5132749,
"FIN","WAGELEVEL","HPAY","PC","A","2009",16.6847089,
"FIN","WAGELEVEL","HPAY","PC","A","2010",17.1581693,
"FIN","WAGELEVEL","HPAY","PC","A","2011",16.8961883,
"FIN","WAGELEVEL","HPAY","PC","A","2012",16.3697151,
"FIN","WAGELEVEL","HPAY","PC","A","2013",15.9206866,
"FIN","WAGELEVEL","HPAY","PC","A","2014",16.5631324,
"FIN","WAGELEVEL","HPAY","PC","A","2015",17.045944,
"DEU","WAGELEVEL","LPAY","PC","A","1992",20.8592477,
"DEU","WAGELEVEL","LPAY","PC","A","1993",16.4427852,
"DEU","WAGELEVEL","LPAY","PC","A","1994",14.5901439,
"DEU","WAGELEVEL","LPAY","PC","A","1995",14.1201124,
"DEU","WAGELEVEL","LPAY","PC","A","1996",13.8331718,
"DEU","WAGELEVEL","LPAY","PC","A","1997",13.9346087,
"DEU","WAGELEVEL","LPAY","PC","A","1998",15.1154831,
"DEU","WAGELEVEL","LPAY","PC","A","1999",15.8364693,
"DEU","WAGELEVEL","LPAY","PC","A","2000",15.8315818,
"DEU","WAGELEVEL","LPAY","PC","A","2001",16.5871655,
"DEU","WAGELEVEL","LPAY","PC","A","2002",17.5351121,
"DEU","WAGELEVEL","LPAY","PC","A","2003",17.4983057,
"DEU","WAGELEVEL","LPAY","PC","A","2004",17.9112124,
"DEU","WAGELEVEL","LPAY","PC","A","2005",17.6384105,
"DEU","WAGELEVEL","LPAY","PC","A","2006",18.4268683,
"DEU","WAGELEVEL","LPAY","PC","A","2007",18.0764686,
"DEU","WAGELEVEL","LPAY","PC","A","2008",17.3807138,
"DEU","WAGELEVEL","LPAY","PC","A","2009",18.9630686,
"DEU","WAGELEVEL","LPAY","PC","A","2010",19.0946295,
"DEU","WAGELEVEL","LPAY","PC","A","2011",18.9777744,
"DEU","WAGELEVEL","LPAY","PC","A","2012",18.9485693,
"DEU","WAGELEVEL","LPAY","PC","A","2013",18.8172928,
"DEU","WAGELEVEL","LPAY","PC","A","2014",18.3711184,
"DEU","WAGELEVEL","HPAY","PC","A","1992",16.7344557,
"DEU","WAGELEVEL","HPAY","PC","A","1993",17.3345433,
"DEU","WAGELEVEL","HPAY","PC","A","1994",15.4951189,
"DEU","WAGELEVEL","HPAY","PC","A","1995",16.1425591,
"DEU","WAGELEVEL","HPAY","PC","A","1996",16.2728669,
"DEU","WAGELEVEL","HPAY","PC","A","1997",15.8982647,
"DEU","WAGELEVEL","HPAY","PC","A","1998",17.0987077,
"DEU","WAGELEVEL","HPAY","PC","A","1999",17.4284408,
"DEU","WAGELEVEL","HPAY","PC","A","2000",16.1836261,
"DEU","WAGELEVEL","HPAY","PC","A","2001",16.0861173,
"DEU","WAGELEVEL","HPAY","PC","A","2002",15.7195886,
"DEU","WAGELEVEL","HPAY","PC","A","2003",15.7971964,
"DEU","WAGELEVEL","HPAY","PC","A","2004",16.8563281,
"DEU","WAGELEVEL","HPAY","PC","A","2005",15.9902059,
"DEU","WAGELEVEL","HPAY","PC","A","2006",18.0879286,
"DEU","WAGELEVEL","HPAY","PC","A","2007",16.5359243,
"DEU","WAGELEVEL","HPAY","PC","A","2008",17.1092383,
"DEU","WAGELEVEL","HPAY","PC","A","2009",16.9770514,
"DEU","WAGELEVEL","HPAY","PC","A","2010",17.0321079,
"DEU","WAGELEVEL","HPAY","PC","A","2011",18.7242021,
"DEU","WAGELEVEL","HPAY","PC","A","2012",18.1406634,
"DEU","WAGELEVEL","HPAY","PC","A","2013",18.4819583,
"DEU","WAGELEVEL","HPAY","PC","A","2014",18.997009,
"GRC","WAGELEVEL","LPAY","PC","A","2004",20.0489327,
"GRC","WAGELEVEL","LPAY","PC","A","2005",19.7461136,
"GRC","WAGELEVEL","LPAY","PC","A","2006",19.9844194,
"GRC","WAGELEVEL","LPAY","PC","A","2007",17.6307426,
"GRC","WAGELEVEL","LPAY","PC","A","2008",13.4888434,
"GRC","WAGELEVEL","LPAY","PC","A","2009",15.0762716,
"GRC","WAGELEVEL","LPAY","PC","A","2010",13.2793942,
"GRC","WAGELEVEL","LPAY","PC","A","2011",12.2649038,
"GRC","WAGELEVEL","LPAY","PC","A","2012",11.7651441,
"GRC","WAGELEVEL","LPAY","PC","A","2013",13.9446108,
"GRC","WAGELEVEL","LPAY","PC","A","2014",17.8728944,
"GRC","WAGELEVEL","LPAY","PC","A","2015",15.8774283,
"GRC","WAGELEVEL","HPAY","PC","A","2004",22.1104457,
"GRC","WAGELEVEL","HPAY","PC","A","2005",19.464986,
"GRC","WAGELEVEL","HPAY","PC","A","2006",19.8052593,
"GRC","WAGELEVEL","HPAY","PC","A","2007",22.3076139,
"GRC","WAGELEVEL","HPAY","PC","A","2008",21.6403089,
"GRC","WAGELEVEL","HPAY","PC","A","2009",20.4055961,
"GRC","WAGELEVEL","HPAY","PC","A","2010",20.8385608,
"GRC","WAGELEVEL","HPAY","PC","A","2011",18.1262253,
"GRC","WAGELEVEL","HPAY","PC","A","2012",16.1796369,
"GRC","WAGELEVEL","HPAY","PC","A","2013",18.3971347,
"GRC","WAGELEVEL","HPAY","PC","A","2014",19.5625756,
"GRC","WAGELEVEL","HPAY","PC","A","2015",19.5102306,
"HUN","WAGELEVEL","LPAY","PC","A","1986",13.1102017,
"HUN","WAGELEVEL","LPAY","PC","A","1989",16.3530822,
"HUN","WAGELEVEL","LPAY","PC","A","1992",19.4,
"HUN","WAGELEVEL","LPAY","PC","A","1993",19.22,
"HUN","WAGELEVEL","LPAY","PC","A","1994",20.78,
"HUN","WAGELEVEL","LPAY","PC","A","1995",19.94,
"HUN","WAGELEVEL","LPAY","PC","A","1996",21.0055824,
"HUN","WAGELEVEL","LPAY","PC","A","1997",21.8678805,
"HUN","WAGELEVEL","LPAY","PC","A","1998",21.9976953,
"HUN","WAGELEVEL","LPAY","PC","A","1999",22.6714077,
"HUN","WAGELEVEL","LPAY","PC","A","2000",23.41,
"HUN","WAGELEVEL","LPAY","PC","A","2001",21.74,
"HUN","WAGELEVEL","LPAY","PC","A","2002",21.67,
"HUN","WAGELEVEL","LPAY","PC","A","2003",22.69,
"HUN","WAGELEVEL","LPAY","PC","A","2004",22.95,
"HUN","WAGELEVEL","LPAY","PC","A","2005",23.09,
"HUN","WAGELEVEL","LPAY","PC","A","2006",23.11,
"HUN","WAGELEVEL","LPAY","PC","A","2007",21.16,
"HUN","WAGELEVEL","LPAY","PC","A","2008",20.79,
"HUN","WAGELEVEL","LPAY","PC","A","2009",21.79,
"HUN","WAGELEVEL","LPAY","PC","A","2010",21,
"HUN","WAGELEVEL","LPAY","PC","A","2011",19.99,
"HUN","WAGELEVEL","LPAY","PC","A","2012",17.39,
"HUN","WAGELEVEL","LPAY","PC","A","2013",16.81,
"HUN","WAGELEVEL","LPAY","PC","A","2014",18.65,
"HUN","WAGELEVEL","LPAY","PC","A","2015",19.78,
"ISL","WAGELEVEL","LPAY","PC","A","2004",18.6642006,
"ISL","WAGELEVEL","LPAY","PC","A","2005",17.5727001,
"ISL","WAGELEVEL","LPAY","PC","A","2006",17.1124707,
"ISL","WAGELEVEL","LPAY","PC","A","2007",17.3515423,
"ISL","WAGELEVEL","LPAY","PC","A","2008",16.6910662,
"ISL","WAGELEVEL","LPAY","PC","A","2009",15.4775619,
"ISL","WAGELEVEL","LPAY","PC","A","2010",16.6515168,
"ISL","WAGELEVEL","LPAY","PC","A","2011",14.7314096,
"ISL","WAGELEVEL","LPAY","PC","A","2013",16.9452788,
"ISL","WAGELEVEL","LPAY","PC","A","2014",15.7158539,
"ISL","WAGELEVEL","LPAY","PC","A","2015",14.8950967,
"ISL","WAGELEVEL","HPAY","PC","A","2004",15.7521639,
"ISL","WAGELEVEL","HPAY","PC","A","2005",16.0580014,
"ISL","WAGELEVEL","HPAY","PC","A","2006",16.7068782,
"ISL","WAGELEVEL","HPAY","PC","A","2007",16.7824724,
"ISL","WAGELEVEL","HPAY","PC","A","2008",18.0090315,
"ISL","WAGELEVEL","HPAY","PC","A","2009",16.9651976,
"ISL","WAGELEVEL","HPAY","PC","A","2010",15.0661801,
"ISL","WAGELEVEL","HPAY","PC","A","2011",16.8190725,
"ISL","WAGELEVEL","HPAY","PC","A","2013",17.878486,
"ISL","WAGELEVEL","HPAY","PC","A","2014",18.4789228,
"ISL","WAGELEVEL","HPAY","PC","A","2015",17.0824474,
"IRL","WAGELEVEL","LPAY","PC","A","1997",20.4,
"IRL","WAGELEVEL","LPAY","PC","A","2000",17.7888804,
"IRL","WAGELEVEL","LPAY","PC","A","2003",19.2,
"IRL","WAGELEVEL","LPAY","PC","A","2004",17.6,
"IRL","WAGELEVEL","LPAY","PC","A","2005",20.1,
"IRL","WAGELEVEL","LPAY","PC","A","2006",21.2,
"IRL","WAGELEVEL","LPAY","PC","A","2007",21.69,
"IRL","WAGELEVEL","LPAY","PC","A","2008",20.55,
"IRL","WAGELEVEL","LPAY","PC","A","2009",21.5,
"IRL","WAGELEVEL","LPAY","PC","A","2010",20.5,
"IRL","WAGELEVEL","LPAY","PC","A","2011",24.2,
"IRL","WAGELEVEL","LPAY","PC","A","2012",21.8,
"IRL","WAGELEVEL","LPAY","PC","A","2013",23.3,
"IRL","WAGELEVEL","LPAY","PC","A","2014",25.1,
"IRL","WAGELEVEL","LPAY","PC","A","2015",24,
"ITA","WAGELEVEL","LPAY","PC","A","1987",7.5411393,
"ITA","WAGELEVEL","LPAY","PC","A","1989",6.3287279,
"ITA","WAGELEVEL","LPAY","PC","A","1991",10.5199725,
"ITA","WAGELEVEL","LPAY","PC","A","1993",11.1715169,
"ITA","WAGELEVEL","LPAY","PC","A","1995",8.9750588,
"ITA","WAGELEVEL","LPAY","PC","A","1998",10.1856548,
"ITA","WAGELEVEL","LPAY","PC","A","2000",9.4165401,
"ITA","WAGELEVEL","LPAY","PC","A","2002",10.4499628,
"ITA","WAGELEVEL","LPAY","PC","A","2004",9.4029031,
"ITA","WAGELEVEL","LPAY","PC","A","2006",9.3154947,
"ITA","WAGELEVEL","LPAY","PC","A","2008",8.047843,
"ITA","WAGELEVEL","LPAY","PC","A","2010",9.2704654,
"ITA","WAGELEVEL","LPAY","PC","A","2012",9.9694315,
"ITA","WAGELEVEL","LPAY","PC","A","2014",7.6284465,
"ITA","WAGELEVEL","HPAY","PC","A","1987",12.3459723,
"ITA","WAGELEVEL","HPAY","PC","A","1989",8.5702287,
"ITA","WAGELEVEL","HPAY","PC","A","1991",7.3309005,
"ITA","WAGELEVEL","HPAY","PC","A","1993",11.690829,
"ITA","WAGELEVEL","HPAY","PC","A","1995",11.9218865,
"ITA","WAGELEVEL","HPAY","PC","A","1998",12.0235709,
"ITA","WAGELEVEL","HPAY","PC","A","2000",11.8322314,
"ITA","WAGELEVEL","HPAY","PC","A","2002",11.8233521,
"ITA","WAGELEVEL","HPAY","PC","A","2004",11.3890781,
"ITA","WAGELEVEL","HPAY","PC","A","2006",12.0987831,
"ITA","WAGELEVEL","HPAY","PC","A","2008",10.2854621,
"ITA","WAGELEVEL","HPAY","PC","A","2010",9.4225749,
"ITA","WAGELEVEL","HPAY","PC","A","2012",11.1063499,
"ITA","WAGELEVEL","HPAY","PC","A","2014",8.0479675,
"JPN","WAGELEVEL","LPAY","PC","A","1975",18.8192248,
"JPN","WAGELEVEL","LPAY","PC","A","1976",15.9624755,
"JPN","WAGELEVEL","LPAY","PC","A","1977",16.9024059,
"JPN","WAGELEVEL","LPAY","PC","A","1978",17.0346741,
"JPN","WAGELEVEL","LPAY","PC","A","1979",17.9264946,
"JPN","WAGELEVEL","LPAY","PC","A","1980",18.3025499,
"JPN","WAGELEVEL","LPAY","PC","A","1981",18.5769622,
"JPN","WAGELEVEL","LPAY","PC","A","1982",18.788523,
"JPN","WAGELEVEL","LPAY","PC","A","1983",18.541493,
"JPN","WAGELEVEL","LPAY","PC","A","1984",18.6501775,
"JPN","WAGELEVEL","LPAY","PC","A","1985",18.8272584,
"JPN","WAGELEVEL","LPAY","PC","A","1986",18.6465754,
"JPN","WAGELEVEL","LPAY","PC","A","1987",18.4432103,
"JPN","WAGELEVEL","LPAY","PC","A","1988",18.225714,
"JPN","WAGELEVEL","LPAY","PC","A","1989",18.0313003,
"JPN","WAGELEVEL","LPAY","PC","A","1990",17.6231596,
"JPN","WAGELEVEL","LPAY","PC","A","1991",17.0774825,
"JPN","WAGELEVEL","LPAY","PC","A","1992",16.0731185,
"JPN","WAGELEVEL","LPAY","PC","A","1993",15.8838443,
"JPN","WAGELEVEL","LPAY","PC","A","1994",15.5398181,
"JPN","WAGELEVEL","LPAY","PC","A","1995",15.3561966,
"JPN","WAGELEVEL","LPAY","PC","A","1996",15.3240652,
"JPN","WAGELEVEL","LPAY","PC","A","1997",15.1552341,
"JPN","WAGELEVEL","LPAY","PC","A","1998",14.7390748,
"JPN","WAGELEVEL","LPAY","PC","A","1999",14.5809688,
"JPN","WAGELEVEL","LPAY","PC","A","2000",14.5672018,
"JPN","WAGELEVEL","LPAY","PC","A","2001",14.5607891,
"JPN","WAGELEVEL","LPAY","PC","A","2002",14.4346853,
"JPN","WAGELEVEL","LPAY","PC","A","2003",14.435289,
"JPN","WAGELEVEL","LPAY","PC","A","2004",14.2989623,
"JPN","WAGELEVEL","LPAY","PC","A","2005",16.0979625,
"JPN","WAGELEVEL","LPAY","PC","A","2006",16.0676552,
"JPN","WAGELEVEL","LPAY","PC","A","2007",15.4230478,
"JPN","WAGELEVEL","LPAY","PC","A","2008",15.0980815,
"JPN","WAGELEVEL","LPAY","PC","A","2009",14.6503615,
"JPN","WAGELEVEL","LPAY","PC","A","2010",14.4807769,
"JPN","WAGELEVEL","LPAY","PC","A","2011",14.4031779,
"JPN","WAGELEVEL","LPAY","PC","A","2012",14.2938226,
"JPN","WAGELEVEL","LPAY","PC","A","2013",14.2275596,
"JPN","WAGELEVEL","LPAY","PC","A","2014",13.9081734,
"JPN","WAGELEVEL","LPAY","PC","A","2015",13.4636704,
"KOR","WAGELEVEL","LPAY","PC","A","1985",24.8793694,
"KOR","WAGELEVEL","LPAY","PC","A","1992",22.3525584,
"KOR","WAGELEVEL","LPAY","PC","A","1993",23.1300387,
"KOR","WAGELEVEL","LPAY","PC","A","1994",22.5469285,
"KOR","WAGELEVEL","LPAY","PC","A","1995",22.2553734,
"KOR","WAGELEVEL","LPAY","PC","A","1996",22.6379698,
"KOR","WAGELEVEL","LPAY","PC","A","1997",22.8774224,
"KOR","WAGELEVEL","LPAY","PC","A","1998",23.1369988,
"KOR","WAGELEVEL","LPAY","PC","A","1999",23.4073074,
"KOR","WAGELEVEL","LPAY","PC","A","2000",24.5837367,
"KOR","WAGELEVEL","LPAY","PC","A","2001",24.2372232,
"KOR","WAGELEVEL","LPAY","PC","A","2002",24.4750127,
"KOR","WAGELEVEL","LPAY","PC","A","2003",24.2668327,
"KOR","WAGELEVEL","LPAY","PC","A","2004",24.201841,
"KOR","WAGELEVEL","LPAY","PC","A","2005",25.3705286,
"KOR","WAGELEVEL","LPAY","PC","A","2006",24.9358322,
"KOR","WAGELEVEL","LPAY","PC","A","2007",26.0421317,
"KOR","WAGELEVEL","LPAY","PC","A","2008",25.4708366,
"KOR","WAGELEVEL","LPAY","PC","A","2009",24.9913556,
"KOR","WAGELEVEL","LPAY","PC","A","2010",24.7094798,
"KOR","WAGELEVEL","LPAY","PC","A","2011",23.7982382,
"KOR","WAGELEVEL","LPAY","PC","A","2012",23.9096329,
"KOR","WAGELEVEL","LPAY","PC","A","2013",24.6560474,
"KOR","WAGELEVEL","LPAY","PC","A","2014",23.7,
"KOR","WAGELEVEL","LPAY","PC","A","2015",23.5,
"KOR","WAGELEVEL","LPAY","PC","A","2016",23.5,
"LUX","WAGELEVEL","LPAY","PC","A","2002",13.6527778,
"LUX","WAGELEVEL","LPAY","PC","A","2006",14.8194444,
"LUX","WAGELEVEL","LPAY","PC","A","2010",14.2592593,
"LUX","WAGELEVEL","LPAY","PC","A","2014",12.1568627,
"LUX","WAGELEVEL","HPAY","PC","A","2002",20.1527778,
"LUX","WAGELEVEL","HPAY","PC","A","2006",22.2727273,
"LUX","WAGELEVEL","HPAY","PC","A","2010",23.2032967,
"LUX","WAGELEVEL","HPAY","PC","A","2014",24.4010417,
"NLD","WAGELEVEL","LPAY","PC","A","2002",12.8699187,
"NLD","WAGELEVEL","LPAY","PC","A","2006",13.9655172,
"NLD","WAGELEVEL","LPAY","PC","A","2010",14.0648148,
"NLD","WAGELEVEL","LPAY","PC","A","2014",14.5,
"NLD","WAGELEVEL","HPAY","PC","A","2002",18.8384615,
"NLD","WAGELEVEL","HPAY","PC","A","2006",18.8208955,
"NLD","WAGELEVEL","HPAY","PC","A","2010",18.9085366,
"NLD","WAGELEVEL","HPAY","PC","A","2014",19.1526316,
"NZL","WAGELEVEL","LPAY","PC","A","1997",13.2702444,
"NZL","WAGELEVEL","LPAY","PC","A","1998",13.1205562,
"NZL","WAGELEVEL","LPAY","PC","A","1999",12.284047,
"NZL","WAGELEVEL","LPAY","PC","A","2000",11.738559,
"NZL","WAGELEVEL","LPAY","PC","A","2001",12.2291286,
"NZL","WAGELEVEL","LPAY","PC","A","2002",13.6298255,
"NZL","WAGELEVEL","LPAY","PC","A","2003",13.2223601,
"NZL","WAGELEVEL","LPAY","PC","A","2004",13.162007,
"NZL","WAGELEVEL","LPAY","PC","A","2005",12.4392987,
"NZL","WAGELEVEL","LPAY","PC","A","2006",14.6122361,
"NZL","WAGELEVEL","LPAY","PC","A","2007",13.4409201,
"NZL","WAGELEVEL","LPAY","PC","A","2008",12.5341808,
"NZL","WAGELEVEL","LPAY","PC","A","2009",12.8732436,
"NZL","WAGELEVEL","LPAY","PC","A","2010",12.7218537,
"NZL","WAGELEVEL","LPAY","PC","A","2011",13.6934746,
"NZL","WAGELEVEL","LPAY","PC","A","2012",13.5553003,
"NZL","WAGELEVEL","LPAY","PC","A","2013",14.0803059,
"NZL","WAGELEVEL","LPAY","PC","A","2014",13.8646702,
"POL","WAGELEVEL","LPAY","PC","A","1985",12.9150901,
"POL","WAGELEVEL","LPAY","PC","A","1988",13.3864437,
"POL","WAGELEVEL","LPAY","PC","A","1989",11.5010291,
"POL","WAGELEVEL","LPAY","PC","A","1990",15.1775876,
"POL","WAGELEVEL","LPAY","PC","A","1991",13.5749852,
"POL","WAGELEVEL","LPAY","PC","A","1992",13.4807145,
"POL","WAGELEVEL","LPAY","PC","A","1993",14.9890462,
"POL","WAGELEVEL","LPAY","PC","A","1994",16.6082568,
"POL","WAGELEVEL","LPAY","PC","A","1995",16.3780508,
"POL","WAGELEVEL","LPAY","PC","A","1996",17.3458144,
"POL","WAGELEVEL","LPAY","PC","A","1997",17.5343559,
"POL","WAGELEVEL","LPAY","PC","A","1998",17.7228973,
"POL","WAGELEVEL","LPAY","PC","A","1999",17.5343559,
"POL","WAGELEVEL","LPAY","PC","A","2001",19.3696858,
"POL","WAGELEVEL","LPAY","PC","A","2002",20.8001811,
"POL","WAGELEVEL","LPAY","PC","A","2004",22.2,
"POL","WAGELEVEL","LPAY","PC","A","2006",23.451346,
"POL","WAGELEVEL","LPAY","PC","A","2008",22.9647147,
"POL","WAGELEVEL","LPAY","PC","A","2010",22.690675,
"POL","WAGELEVEL","LPAY","PC","A","2012",22.4039106,
"POL","WAGELEVEL","LPAY","PC","A","2014",22.6,
"PRT","WAGELEVEL","LPAY","PC","A","2004",14.1464534,
"PRT","WAGELEVEL","LPAY","PC","A","2005",15.9866133,
"PRT","WAGELEVEL","LPAY","PC","A","2006",15.5531506,
"PRT","WAGELEVEL","LPAY","PC","A","2007",17.448121,
"PRT","WAGELEVEL","LPAY","PC","A","2008",14.2188994,
"PRT","WAGELEVEL","LPAY","PC","A","2009",10.7989418,
"PRT","WAGELEVEL","LPAY","PC","A","2010",8.889067,
"PRT","WAGELEVEL","LPAY","PC","A","2011",6.5180579,
"PRT","WAGELEVEL","LPAY","PC","A","2012",8.808059,
"PRT","WAGELEVEL","LPAY","PC","A","2013",19.3732159,
"PRT","WAGELEVEL","LPAY","PC","A","2014",20.3319366,
"PRT","WAGELEVEL","LPAY","PC","A","2015",17.0441472,
"PRT","WAGELEVEL","HPAY","PC","A","2004",27.5080405,
"PRT","WAGELEVEL","HPAY","PC","A","2005",27.5530648,
"PRT","WAGELEVEL","HPAY","PC","A","2006",26.8227223,
"PRT","WAGELEVEL","HPAY","PC","A","2007",24.6142976,
"PRT","WAGELEVEL","HPAY","PC","A","2008",26.6403547,
"PRT","WAGELEVEL","HPAY","PC","A","2009",26.4370589,
"PRT","WAGELEVEL","HPAY","PC","A","2010",26.1908453,
"PRT","WAGELEVEL","HPAY","PC","A","2011",27.1330973,
"PRT","WAGELEVEL","HPAY","PC","A","2012",27.8868296,
"PRT","WAGELEVEL","HPAY","PC","A","2013",27.9389644,
"PRT","WAGELEVEL","HPAY","PC","A","2014",27.7697105,
"PRT","WAGELEVEL","HPAY","PC","A","2015",28.5039475,
"SVK","WAGELEVEL","LPAY","PC","A","2002",17.0051015,
"SVK","WAGELEVEL","LPAY","PC","A","2003",18,
"SVK","WAGELEVEL","LPAY","PC","A","2004",18.0018002,
"SVK","WAGELEVEL","LPAY","PC","A","2005",18,
"SVK","WAGELEVEL","LPAY","PC","A","2006",17.9964007,
"SVK","WAGELEVEL","LPAY","PC","A","2007",18,
"SVK","WAGELEVEL","LPAY","PC","A","2008",19.0019002,
"SVK","WAGELEVEL","LPAY","PC","A","2009",19.9960008,
"SVK","WAGELEVEL","LPAY","PC","A","2010",20.0020002,
"SVK","WAGELEVEL","LPAY","PC","A","2011",20,
"SVK","WAGELEVEL","LPAY","PC","A","2012",18.9981002,
"SVK","WAGELEVEL","LPAY","PC","A","2013",20,
"SVK","WAGELEVEL","LPAY","PC","A","2014",20,
"SVK","WAGELEVEL","LPAY","PC","A","2015",19,
"SVK","WAGELEVEL","LPAY","PC","A","2016",19,
"ESP","WAGELEVEL","LPAY","PC","A","2004",16.278999,
"ESP","WAGELEVEL","LPAY","PC","A","2005",15.894,
"ESP","WAGELEVEL","LPAY","PC","A","2006",17.601,
"ESP","WAGELEVEL","LPAY","PC","A","2007",16.006001,
"ESP","WAGELEVEL","LPAY","PC","A","2008",15.698,
"ESP","WAGELEVEL","LPAY","PC","A","2009",16.381001,
"ESP","WAGELEVEL","LPAY","PC","A","2010",15.604,
"ESP","WAGELEVEL","LPAY","PC","A","2011",15.292,
"ESP","WAGELEVEL","LPAY","PC","A","2012",14.574,
"ESP","WAGELEVEL","HPAY","PC","A","2004",23.305,
"ESP","WAGELEVEL","HPAY","PC","A","2005",22.702999,
"ESP","WAGELEVEL","HPAY","PC","A","2006",21.636,
"ESP","WAGELEVEL","HPAY","PC","A","2007",22.014999,
"ESP","WAGELEVEL","HPAY","PC","A","2008",22.566999,
"ESP","WAGELEVEL","HPAY","PC","A","2009",22.459,
"ESP","WAGELEVEL","HPAY","PC","A","2010",23.098,
"ESP","WAGELEVEL","HPAY","PC","A","2011",22.075001,
"ESP","WAGELEVEL","HPAY","PC","A","2012",20.642,
"CHE","WAGELEVEL","LPAY","PC","A","2008",11.4102964,
"CHE","WAGELEVEL","LPAY","PC","A","2010",11.4790959,
"CHE","WAGELEVEL","LPAY","PC","A","2012",11.3204822,
"CHE","WAGELEVEL","LPAY","PC","A","2014",10.1469354,
"GBR","WAGELEVEL","LPAY","PC","A","1970",24.07635,
"GBR","WAGELEVEL","LPAY","PC","A","1971",22.896113,
"GBR","WAGELEVEL","LPAY","PC","A","1972",22.9616574,
"GBR","WAGELEVEL","LPAY","PC","A","1973",23.7362492,
"GBR","WAGELEVEL","LPAY","PC","A","1974",22.0300006,
"GBR","WAGELEVEL","LPAY","PC","A","1975",19.6239951,
"GBR","WAGELEVEL","LPAY","PC","A","1976",18.6017677,
"GBR","WAGELEVEL","LPAY","PC","A","1977",17.4020779,
"GBR","WAGELEVEL","LPAY","PC","A","1978",18.4254736,
"GBR","WAGELEVEL","LPAY","PC","A","1979",19.066147,
"GBR","WAGELEVEL","LPAY","PC","A","1980",18.8304249,
"GBR","WAGELEVEL","LPAY","PC","A","1981",18.8142888,
"GBR","WAGELEVEL","LPAY","PC","A","1982",19.011984,
"GBR","WAGELEVEL","LPAY","PC","A","1983",18.9795728,
"GBR","WAGELEVEL","LPAY","PC","A","1984",19.81282,
"GBR","WAGELEVEL","LPAY","PC","A","1985",20.1031676,
"GBR","WAGELEVEL","LPAY","PC","A","1986",20.4386709,
"GBR","WAGELEVEL","LPAY","PC","A","1987",20.8911658,
"GBR","WAGELEVEL","LPAY","PC","A","1988",21.2241941,
"GBR","WAGELEVEL","LPAY","PC","A","1989",21.3555058,
"GBR","WAGELEVEL","LPAY","PC","A","1990",21.1832076,
"GBR","WAGELEVEL","LPAY","PC","A","1991",20.6905534,
"GBR","WAGELEVEL","LPAY","PC","A","1992",20.9099453,
"GBR","WAGELEVEL","LPAY","PC","A","1993",20.8170208,
"GBR","WAGELEVEL","LPAY","PC","A","1994",20.7282406,
"GBR","WAGELEVEL","LPAY","PC","A","1995",21.3039737,
"GBR","WAGELEVEL","LPAY","PC","A","1996",21.1045993,
"GBR","WAGELEVEL","LPAY","PC","A","1997",20.9838973,
"GBR","WAGELEVEL","LPAY","PC","A","1998",21.2822099,
"GBR","WAGELEVEL","LPAY","PC","A","1999",20.5775066,
"GBR","WAGELEVEL","LPAY","PC","A","2000",20.8471912,
"GBR","WAGELEVEL","LPAY","PC","A","2001",21.1187196,
"GBR","WAGELEVEL","LPAY","PC","A","2002",20.9352311,
"GBR","WAGELEVEL","LPAY","PC","A","2003",20.8157069,
"GBR","WAGELEVEL","LPAY","PC","A","2004",20.9662879,
"GBR","WAGELEVEL","LPAY","PC","A","2005",20.9756891,
"GBR","WAGELEVEL","LPAY","PC","A","2006",20.747292,
"GBR","WAGELEVEL","LPAY","PC","A","2007",20.5469893,
"GBR","WAGELEVEL","LPAY","PC","A","2008",21.1977191,
"GBR","WAGELEVEL","LPAY","PC","A","2009",20.6149211,
"GBR","WAGELEVEL","LPAY","PC","A","2010",20.669871,
"GBR","WAGELEVEL","LPAY","PC","A","2011",20.5602112,
"GBR","WAGELEVEL","LPAY","PC","A","2012",20.4503464,
"GBR","WAGELEVEL","LPAY","PC","A","2013",20.5163276,
"GBR","WAGELEVEL","LPAY","PC","A","2014",20.4038257,
"GBR","WAGELEVEL","LPAY","PC","A","2015",19.9806846,
"GBR","WAGELEVEL","LPAY","PC","A","2016",19.2806763,
"USA","WAGELEVEL","LPAY","PC","A","1973",21.656793,
"USA","WAGELEVEL","LPAY","PC","A","1974",21.0225128,
"USA","WAGELEVEL","LPAY","PC","A","1975",22.6274914,
"USA","WAGELEVEL","LPAY","PC","A","1976",22.8161188,
"USA","WAGELEVEL","LPAY","PC","A","1977",23.0144906,
"USA","WAGELEVEL","LPAY","PC","A","1978",23.2059507,
"USA","WAGELEVEL","LPAY","PC","A","1979",21.9148726,
"USA","WAGELEVEL","LPAY","PC","A","1980",21.9796133,
"USA","WAGELEVEL","LPAY","PC","A","1981",22.0755394,
"USA","WAGELEVEL","LPAY","PC","A","1982",22.5036856,
"USA","WAGELEVEL","LPAY","PC","A","1983",20.4043677,
"USA","WAGELEVEL","LPAY","PC","A","1984",21.5562467,
"USA","WAGELEVEL","LPAY","PC","A","1985",23.733832,
"USA","WAGELEVEL","LPAY","PC","A","1986",23.3934991,
"USA","WAGELEVEL","LPAY","PC","A","1987",23.6039981,
"USA","WAGELEVEL","LPAY","PC","A","1988",24.1199163,
"USA","WAGELEVEL","LPAY","PC","A","1989",23.5314292,
"USA","WAGELEVEL","LPAY","PC","A","1990",22.9631893,
"USA","WAGELEVEL","LPAY","PC","A","1991",22.556391,
"USA","WAGELEVEL","LPAY","PC","A","1992",23.1502389,
"USA","WAGELEVEL","LPAY","PC","A","1993",23.9212327,
"USA","WAGELEVEL","LPAY","PC","A","1994",25.059797,
"USA","WAGELEVEL","LPAY","PC","A","1995",25.166045,
"USA","WAGELEVEL","LPAY","PC","A","1996",25.1182384,
"USA","WAGELEVEL","LPAY","PC","A","1997",24.8733677,
"USA","WAGELEVEL","LPAY","PC","A","1998",24.5282229,
"USA","WAGELEVEL","LPAY","PC","A","1999",24.4525024,
"USA","WAGELEVEL","LPAY","PC","A","2000",24.7018605,
"USA","WAGELEVEL","LPAY","PC","A","2001",23.7717736,
"USA","WAGELEVEL","LPAY","PC","A","2002",23.4952038,
"USA","WAGELEVEL","LPAY","PC","A","2003",23.2684965,
"USA","WAGELEVEL","LPAY","PC","A","2004",23.8515796,
"USA","WAGELEVEL","LPAY","PC","A","2005",23.9643885,
"USA","WAGELEVEL","LPAY","PC","A","2006",24.2220044,
"USA","WAGELEVEL","LPAY","PC","A","2007",24.535122,
"USA","WAGELEVEL","LPAY","PC","A","2008",24.5135822,
"USA","WAGELEVEL","LPAY","PC","A","2009",24.8424806,
"USA","WAGELEVEL","LPAY","PC","A","2010",25.2911212,
"USA","WAGELEVEL","LPAY","PC","A","2011",25.147823,
"USA","WAGELEVEL","LPAY","PC","A","2012",25.2910032,
"USA","WAGELEVEL","LPAY","PC","A","2013",25.0462772,
"USA","WAGELEVEL","LPAY","PC","A","2014",24.9274818,
"USA","WAGELEVEL","LPAY","PC","A","2015",25.0208561,
"USA","WAGELEVEL","LPAY","PC","A","2016",24.9077325,
"CHL","WAGELEVEL","LPAY","PC","A","2000",18.5323142,
"CHL","WAGELEVEL","LPAY","PC","A","2003",15.5596938,
"CHL","WAGELEVEL","LPAY","PC","A","2006",19.8513511,
"CHL","WAGELEVEL","LPAY","PC","A","2009",9.6937591,
"CHL","WAGELEVEL","LPAY","PC","A","2011",9.3779876,
"CHL","WAGELEVEL","LPAY","PC","A","2013",12.2059568,
"CHL","WAGELEVEL","LPAY","PC","A","2015",11.9245896,
"CHL","WAGELEVEL","HPAY","PC","A","2000",29.7594805,
"CHL","WAGELEVEL","HPAY","PC","A","2003",30.1953817,
"CHL","WAGELEVEL","HPAY","PC","A","2006",28.5536419,
"CHL","WAGELEVEL","HPAY","PC","A","2009",28.6921887,
"CHL","WAGELEVEL","HPAY","PC","A","2011",27.5656892,
"CHL","WAGELEVEL","HPAY","PC","A","2013",26.4757738,
"CHL","WAGELEVEL","HPAY","PC","A","2015",26.387671,
"EST","WAGELEVEL","LPAY","PC","A","2002",24.9353741,
"EST","WAGELEVEL","LPAY","PC","A","2006",22.9047619,
"EST","WAGELEVEL","LPAY","PC","A","2010",23.2962963,
"EST","WAGELEVEL","LPAY","PC","A","2014",22.1,
"EST","WAGELEVEL","HPAY","PC","A","2002",25.1173913,
"EST","WAGELEVEL","HPAY","PC","A","2006",25.7631579,
"EST","WAGELEVEL","HPAY","PC","A","2010",23.7727273,
"EST","WAGELEVEL","HPAY","PC","A","2014",22.7258065,
"ISR","WAGELEVEL","LPAY","PC","A","2001",24.687679,
"ISR","WAGELEVEL","LPAY","PC","A","2002",24.1896872,
"ISR","WAGELEVEL","LPAY","PC","A","2003",23.3884294,
"ISR","WAGELEVEL","LPAY","PC","A","2004",23.1990992,
"ISR","WAGELEVEL","LPAY","PC","A","2005",23.1448067,
"ISR","WAGELEVEL","LPAY","PC","A","2006",21.2878391,
"ISR","WAGELEVEL","LPAY","PC","A","2007",22.1306138,
"ISR","WAGELEVEL","LPAY","PC","A","2008",22.2602127,
"ISR","WAGELEVEL","LPAY","PC","A","2009",23.1485483,
"ISR","WAGELEVEL","LPAY","PC","A","2010",22.3123563,
"ISR","WAGELEVEL","LPAY","PC","A","2011",22.1486363,
"ISR","WAGELEVEL","HPAY","PC","A","2001",29.4285496,
"ISR","WAGELEVEL","HPAY","PC","A","2002",28.6392167,
"ISR","WAGELEVEL","HPAY","PC","A","2003",27.9247236,
"ISR","WAGELEVEL","HPAY","PC","A","2004",28.7978158,
"ISR","WAGELEVEL","HPAY","PC","A","2005",28.8165294,
"ISR","WAGELEVEL","HPAY","PC","A","2006",29.7570052,
"ISR","WAGELEVEL","HPAY","PC","A","2007",29.3811278,
"ISR","WAGELEVEL","HPAY","PC","A","2008",28.5347522,
"ISR","WAGELEVEL","HPAY","PC","A","2009",28.4369282,
"ISR","WAGELEVEL","HPAY","PC","A","2010",27.8982852,
"ISR","WAGELEVEL","HPAY","PC","A","2011",27.908072,
"MEX","WAGELEVEL","HPAY","PC","A","2005",20.0663319,
"MEX","WAGELEVEL","HPAY","PC","A","2006",23.0630371,
"MEX","WAGELEVEL","HPAY","PC","A","2007",18.9875788,
"MEX","WAGELEVEL","HPAY","PC","A","2008",21.1246733,
"MEX","WAGELEVEL","HPAY","PC","A","2009",22.0582499,
"MEX","WAGELEVEL","HPAY","PC","A","2010",21.6840211,
"MEX","WAGELEVEL","HPAY","PC","A","2011",19.2602551,
"MEX","WAGELEVEL","HPAY","PC","A","2012",20.6880608,
"MEX","WAGELEVEL","HPAY","PC","A","2013",22.0561131,
"MEX","WAGELEVEL","HPAY","PC","A","2014",22.0106027,
"MEX","WAGELEVEL","HPAY","PC","A","2015",20.8321251,
"MEX","WAGELEVEL","HPAY","PC","A","2016",19.4557318,
"LVA","WAGELEVEL","HPAY","PC","A","2002",32.9001161,
"LVA","WAGELEVEL","HPAY","PC","A","2006",30.7857143,
"LVA","WAGELEVEL","HPAY","PC","A","2010",27.1875,
"LVA","WAGELEVEL","HPAY","PC","A","2014",25.3684211,
"LTU","WAGELEVEL","HPAY","PC","A","2002",26.574359,
"LTU","WAGELEVEL","HPAY","PC","A","2006",27.7083333,
"LTU","WAGELEVEL","HPAY","PC","A","2010",27.5909091,
"LTU","WAGELEVEL","HPAY","PC","A","2014",25.7941176,
"MEX","WAGELEVEL","LPAY","PC","A","2005",17.9151521,
"MEX","WAGELEVEL","LPAY","PC","A","2006",16.3085483,
"MEX","WAGELEVEL","LPAY","PC","A","2007",19.0823278,
"MEX","WAGELEVEL","LPAY","PC","A","2008",18.1112945,
"MEX","WAGELEVEL","LPAY","PC","A","2009",16.9095232,
"MEX","WAGELEVEL","LPAY","PC","A","2010",19.1228584,
"MEX","WAGELEVEL","LPAY","PC","A","2011",17.6679962,
"MEX","WAGELEVEL","LPAY","PC","A","2012",15.9937432,
"MEX","WAGELEVEL","LPAY","PC","A","2013",14.2091327,
"MEX","WAGELEVEL","LPAY","PC","A","2014",14.7541661,
"MEX","WAGELEVEL","LPAY","PC","A","2015",17.2528673,
"MEX","WAGELEVEL","LPAY","PC","A","2016",16.0909448,
"LVA","WAGELEVEL","LPAY","PC","A","2002",31.6671512,
"LVA","WAGELEVEL","LPAY","PC","A","2006",31.5833333,
"LVA","WAGELEVEL","LPAY","PC","A","2010",26.5714286,
"LVA","WAGELEVEL","LPAY","PC","A","2014",26.037037,
"LTU","WAGELEVEL","LPAY","PC","A","2002",28.1868687,
"LTU","WAGELEVEL","LPAY","PC","A","2006",27.1666667,
"LTU","WAGELEVEL","LPAY","PC","A","2010",27.2857143,
"LTU","WAGELEVEL","LPAY","PC","A","2014",21.2777778,
"DNK","WAGELEVEL","HPAY","PC","A","2002",2.0916445,
"DNK","WAGELEVEL","HPAY","PC","A","2003",2.0338206,
"DNK","WAGELEVEL","HPAY","PC","A","2004",2.0872265,
"DNK","WAGELEVEL","HPAY","PC","A","2005",2.552488,
"DNK","WAGELEVEL","HPAY","PC","A","2006",2.5176803,
"DNK","WAGELEVEL","HPAY","PC","A","2007",2.5171695,
"DNK","WAGELEVEL","HPAY","PC","A","2008",2.5273742,
"DNK","WAGELEVEL","HPAY","PC","A","2009",2.3919063,
"DNK","WAGELEVEL","HPAY","PC","A","2010",2.6936494,
"DNK","WAGELEVEL","HPAY","PC","A","2011",2.8066485,
"DNK","WAGELEVEL","HPAY","PC","A","2012",2.8545495,
"DNK","WAGELEVEL","HPAY","PC","A","2013",2.9588131,
"DNK","WAGELEVEL","HPAY","PC","A","2014",2.7842607,
"DNK","WAGELEVEL","HPAY","PC","A","2015",2.8900387,
"COL","WAGELEVEL","LPAY","PC","A","2007",26.8992367,
"COL","WAGELEVEL","LPAY","PC","A","2008",27.5998929,
"COL","WAGELEVEL","LPAY","PC","A","2009",25.9034407,
"COL","WAGELEVEL","LPAY","PC","A","2010",26.3267928,
"COL","WAGELEVEL","LPAY","PC","A","2011",26.515864,
"COL","WAGELEVEL","LPAY","PC","A","2012",26.3651665,
"COL","WAGELEVEL","LPAY","PC","A","2013",25.8429187,
"COL","WAGELEVEL","LPAY","PC","A","2014",26.0732712,
"COL","WAGELEVEL","LPAY","PC","A","2015",25.2718735,
"COL","WAGELEVEL","HPAY","PC","A","2007",22.0929808,
"COL","WAGELEVEL","HPAY","PC","A","2008",18.1347097,
"COL","WAGELEVEL","HPAY","PC","A","2009",18.3418282,
"COL","WAGELEVEL","HPAY","PC","A","2010",17.3888879,
"COL","WAGELEVEL","HPAY","PC","A","2011",14.9767213,
"COL","WAGELEVEL","HPAY","PC","A","2012",16.978089,
"COL","WAGELEVEL","HPAY","PC","A","2013",16.232647,
"COL","WAGELEVEL","HPAY","PC","A","2014",13.9004047,
"COL","WAGELEVEL","HPAY","PC","A","2015",13.2081813,
"CRI","WAGELEVEL","LPAY","PC","A","2010",18.1224296,
"CRI","WAGELEVEL","LPAY","PC","A","2011",14.638596,
"CRI","WAGELEVEL","LPAY","PC","A","2012",13.8797678,
"CRI","WAGELEVEL","LPAY","PC","A","2013",15.8713012,
"CRI","WAGELEVEL","LPAY","PC","A","2014",15.3622342,
"CRI","WAGELEVEL","LPAY","PC","A","2015",15.2350345,
"CRI","WAGELEVEL","HPAY","PC","A","2010",27.5751209,
"CRI","WAGELEVEL","HPAY","PC","A","2011",28.3640464,
"CRI","WAGELEVEL","HPAY","PC","A","2012",26.5980345,
"CRI","WAGELEVEL","HPAY","PC","A","2013",27.2104005,
"CRI","WAGELEVEL","HPAY","PC","A","2014",27.6504866,
"CRI","WAGELEVEL","HPAY","PC","A","2015",27.2734316,
"FRA","WAGELEVEL","LPAY","PC","A","2002",9,
"FRA","WAGELEVEL","LPAY","PC","A","2006",7.5873016,
"FRA","WAGELEVEL","LPAY","PC","A","2010",7.4848485,
"FRA","WAGELEVEL","LPAY","PC","A","2014",9.0869565,
"FRA","WAGELEVEL","HPAY","PC","A","2002",20.4655172,
"FRA","WAGELEVEL","HPAY","PC","A","2006",19.21875,
"FRA","WAGELEVEL","HPAY","PC","A","2010",20.3230769,
"FRA","WAGELEVEL","HPAY","PC","A","2014",19.1,
"TUR","WAGELEVEL","LPAY","PC","A","2006",0.5149254,
"TUR","WAGELEVEL","LPAY","PC","A","2010",0.6909323,
"TUR","WAGELEVEL","LPAY","PC","A","2014",0.7763158,
"TUR","WAGELEVEL","HPAY","PC","A","2006",33.46875,
"TUR","WAGELEVEL","HPAY","PC","A","2010",32.4411765,
"TUR","WAGELEVEL","HPAY","PC","A","2014",28.85,
"SVN","WAGELEVEL","LPAY","PC","A","2002",18.3757576,
"SVN","WAGELEVEL","LPAY","PC","A","2006",19.6333333,
"SVN","WAGELEVEL","LPAY","PC","A","2010",17.9230769,
"SVN","WAGELEVEL","LPAY","PC","A","2014",19.2307692,
"SVN","WAGELEVEL","HPAY","PC","A","2002",24.504624,
"SVN","WAGELEVEL","HPAY","PC","A","2006",24.6290323,
"SVN","WAGELEVEL","HPAY","PC","A","2010",23.1538462,
"SVN","WAGELEVEL","HPAY","PC","A","2014",23.1578947,
