﻿"LOCATION","INDICATOR","SUBJECT","MEASURE","FREQUENCY","TIME","Value","Flag Codes"
"AUS","CTEXAM","TOT","1000HAB","A","2007",83.2,"D"
"AUS","CTEXAM","TOT","1000HAB","A","2008",87.6,"D"
"AUS","CTEXAM","TOT","1000HAB","A","2009",92.6,"D"
"AUS","CTEXAM","TOT","1000HAB","A","2010",93.6,"D"
"AUS","CTEXAM","TOT","1000HAB","A","2011",91.2,"D"
"AUS","CTEXAM","TOT","1000HAB","A","2012",104.1,"D"
"AUS","CTEXAM","TOT","1000HAB","A","2013",109.9,"D"
"AUS","CTEXAM","TOT","1000HAB","A","2014",115.5,"D"
"AUS","CTEXAM","TOT","1000HAB","A","2015",119.6,"D"
"AUS","CTEXAM","TOT","1000HAB","A","2016",119.6,"D"
"AUS","CTEXAM","INAMBULATORY","1000HAB","A","2007",76.9,"D"
"AUS","CTEXAM","INAMBULATORY","1000HAB","A","2008",81,"D"
"AUS","CTEXAM","INAMBULATORY","1000HAB","A","2009",85.5,"D"
"AUS","CTEXAM","INAMBULATORY","1000HAB","A","2010",86.3,"D"
"AUS","CTEXAM","INAMBULATORY","1000HAB","A","2011",83.4,"D"
"AUS","CTEXAM","INAMBULATORY","1000HAB","A","2012",95.4,"D"
"AUS","CTEXAM","INAMBULATORY","1000HAB","A","2013",100.2,"D"
"AUS","CTEXAM","INAMBULATORY","1000HAB","A","2014",105.1,"D"
"AUS","CTEXAM","INAMBULATORY","1000HAB","A","2015",108.5,"D"
"AUS","CTEXAM","INAMBULATORY","1000HAB","A","2016",108.1,"D"
"AUS","CTEXAM","INHOSPITAL","1000HAB","A","2007",6.3,"D"
"AUS","CTEXAM","INHOSPITAL","1000HAB","A","2008",6.6,"D"
"AUS","CTEXAM","INHOSPITAL","1000HAB","A","2009",7,"D"
"AUS","CTEXAM","INHOSPITAL","1000HAB","A","2010",7.3,"D"
"AUS","CTEXAM","INHOSPITAL","1000HAB","A","2011",7.8,"D"
"AUS","CTEXAM","INHOSPITAL","1000HAB","A","2012",8.7,"D"
"AUS","CTEXAM","INHOSPITAL","1000HAB","A","2013",9.7,"D"
"AUS","CTEXAM","INHOSPITAL","1000HAB","A","2014",10.3,"D"
"AUS","CTEXAM","INHOSPITAL","1000HAB","A","2015",11.1,"D"
"AUS","CTEXAM","INHOSPITAL","1000HAB","A","2016",11.5,"D"
"AUT","CTEXAM","INHOSPITAL","1000HAB","A","2004",94.2,
"AUT","CTEXAM","INHOSPITAL","1000HAB","A","2005",96.2,
"AUT","CTEXAM","INHOSPITAL","1000HAB","A","2006",105.5,
"AUT","CTEXAM","INHOSPITAL","1000HAB","A","2007",117.2,
"AUT","CTEXAM","INHOSPITAL","1000HAB","A","2008",127.4,
"AUT","CTEXAM","INHOSPITAL","1000HAB","A","2009",139.2,
"AUT","CTEXAM","INHOSPITAL","1000HAB","A","2010",146,
"AUT","CTEXAM","INHOSPITAL","1000HAB","A","2011",130.5,
"AUT","CTEXAM","INHOSPITAL","1000HAB","A","2012",133.4,
"AUT","CTEXAM","INHOSPITAL","1000HAB","A","2013",133.6,
"AUT","CTEXAM","INHOSPITAL","1000HAB","A","2014",143.9,
"AUT","CTEXAM","INHOSPITAL","1000HAB","A","2015",142.2,
"BEL","CTEXAM","TOT","1000HAB","A","1999",122.2,
"BEL","CTEXAM","TOT","1000HAB","A","2000",114.7,
"BEL","CTEXAM","TOT","1000HAB","A","2001",124.5,
"BEL","CTEXAM","TOT","1000HAB","A","2002",118.1,
"BEL","CTEXAM","TOT","1000HAB","A","2003",126.3,
"BEL","CTEXAM","TOT","1000HAB","A","2004",138.6,
"BEL","CTEXAM","TOT","1000HAB","A","2005",146.2,
"BEL","CTEXAM","TOT","1000HAB","A","2006",157.2,
"BEL","CTEXAM","TOT","1000HAB","A","2007",167.9,
"BEL","CTEXAM","TOT","1000HAB","A","2008",179.8,
"BEL","CTEXAM","TOT","1000HAB","A","2009",185.6,
"BEL","CTEXAM","TOT","1000HAB","A","2010",187.7,
"BEL","CTEXAM","TOT","1000HAB","A","2011",184.4,
"BEL","CTEXAM","TOT","1000HAB","A","2012",186.8,
"BEL","CTEXAM","TOT","1000HAB","A","2013",186.2,
"BEL","CTEXAM","TOT","1000HAB","A","2014",193.4,
"BEL","CTEXAM","TOT","1000HAB","A","2015",198.8,
"CAN","CTEXAM","TOT","1000HAB","A","2003",87.5,
"CAN","CTEXAM","TOT","1000HAB","A","2004",90.6,
"CAN","CTEXAM","TOT","1000HAB","A","2005",101.8,
"CAN","CTEXAM","TOT","1000HAB","A","2006",110,
"CAN","CTEXAM","TOT","1000HAB","A","2008",118.5,
"CAN","CTEXAM","TOT","1000HAB","A","2009",122.6,
"CAN","CTEXAM","TOT","1000HAB","A","2010",125.4,
"CAN","CTEXAM","TOT","1000HAB","A","2011",127.5,
"CAN","CTEXAM","TOT","1000HAB","A","2012",127.2,"E"
"CAN","CTEXAM","TOT","1000HAB","A","2013",132.1,"E"
"CAN","CTEXAM","TOT","1000HAB","A","2014",148.5,
"CAN","CTEXAM","TOT","1000HAB","A","2015",152.8,"E"
"CAN","CTEXAM","TOT","1000HAB","A","2016",156.6,"P"
"CAN","CTEXAM","INAMBULATORY","1000HAB","A","2008",1.3,
"CAN","CTEXAM","INAMBULATORY","1000HAB","A","2009",1.8,
"CAN","CTEXAM","INAMBULATORY","1000HAB","A","2010",1.8,
"CAN","CTEXAM","INAMBULATORY","1000HAB","A","2011",2,
"CAN","CTEXAM","INAMBULATORY","1000HAB","A","2012",2,"E"
"CAN","CTEXAM","INAMBULATORY","1000HAB","A","2013",2,"E"
"CAN","CTEXAM","INAMBULATORY","1000HAB","A","2014",2.1,"E"
"CAN","CTEXAM","INAMBULATORY","1000HAB","A","2015",2.1,"E"
"CAN","CTEXAM","INAMBULATORY","1000HAB","A","2016",2.2,"P"
"CAN","CTEXAM","INHOSPITAL","1000HAB","A","2008",117.1,
"CAN","CTEXAM","INHOSPITAL","1000HAB","A","2009",120.8,
"CAN","CTEXAM","INHOSPITAL","1000HAB","A","2010",123.5,
"CAN","CTEXAM","INHOSPITAL","1000HAB","A","2011",125.5,
"CAN","CTEXAM","INHOSPITAL","1000HAB","A","2012",125.2,"E"
"CAN","CTEXAM","INHOSPITAL","1000HAB","A","2013",130,"E"
"CAN","CTEXAM","INHOSPITAL","1000HAB","A","2014",146.4,"E"
"CAN","CTEXAM","INHOSPITAL","1000HAB","A","2015",150.6,"E"
"CAN","CTEXAM","INHOSPITAL","1000HAB","A","2016",154.4,"P"
"CZE","CTEXAM","TOT","1000HAB","A","2004",66.9,
"CZE","CTEXAM","TOT","1000HAB","A","2005",70.6,
"CZE","CTEXAM","TOT","1000HAB","A","2006",72.5,
"CZE","CTEXAM","TOT","1000HAB","A","2007",75.3,
"CZE","CTEXAM","TOT","1000HAB","A","2008",82.3,
"CZE","CTEXAM","TOT","1000HAB","A","2009",87.9,
"CZE","CTEXAM","TOT","1000HAB","A","2010",86.9,
"CZE","CTEXAM","TOT","1000HAB","A","2011",89.5,
"CZE","CTEXAM","TOT","1000HAB","A","2012",94.5,
"CZE","CTEXAM","TOT","1000HAB","A","2013",95.8,
"CZE","CTEXAM","TOT","1000HAB","A","2014",98.3,
"CZE","CTEXAM","TOT","1000HAB","A","2015",101.9,
"CZE","CTEXAM","INAMBULATORY","1000HAB","A","2006",2.9,
"CZE","CTEXAM","INAMBULATORY","1000HAB","A","2007",3.1,
"CZE","CTEXAM","INAMBULATORY","1000HAB","A","2008",3.3,
"CZE","CTEXAM","INAMBULATORY","1000HAB","A","2009",4.5,
"CZE","CTEXAM","INAMBULATORY","1000HAB","A","2010",4.6,
"CZE","CTEXAM","INAMBULATORY","1000HAB","A","2011",4.4,
"CZE","CTEXAM","INAMBULATORY","1000HAB","A","2012",5.1,
"CZE","CTEXAM","INAMBULATORY","1000HAB","A","2013",5.2,
"CZE","CTEXAM","INAMBULATORY","1000HAB","A","2014",5.2,
"CZE","CTEXAM","INAMBULATORY","1000HAB","A","2015",6.7,
"CZE","CTEXAM","INHOSPITAL","1000HAB","A","2006",69.6,
"CZE","CTEXAM","INHOSPITAL","1000HAB","A","2007",72.2,
"CZE","CTEXAM","INHOSPITAL","1000HAB","A","2008",79,
"CZE","CTEXAM","INHOSPITAL","1000HAB","A","2009",83.4,
"CZE","CTEXAM","INHOSPITAL","1000HAB","A","2010",82.3,
"CZE","CTEXAM","INHOSPITAL","1000HAB","A","2011",85.1,
"CZE","CTEXAM","INHOSPITAL","1000HAB","A","2012",89.4,
"CZE","CTEXAM","INHOSPITAL","1000HAB","A","2013",90.5,
"CZE","CTEXAM","INHOSPITAL","1000HAB","A","2014",93,
"CZE","CTEXAM","INHOSPITAL","1000HAB","A","2015",95.2,
"DNK","CTEXAM","TOT","1000HAB","A","2003",43.2,
"DNK","CTEXAM","TOT","1000HAB","A","2004",49.4,
"DNK","CTEXAM","TOT","1000HAB","A","2005",55.7,
"DNK","CTEXAM","TOT","1000HAB","A","2006",63.2,
"DNK","CTEXAM","TOT","1000HAB","A","2007",73.5,
"DNK","CTEXAM","TOT","1000HAB","A","2008",84.1,
"DNK","CTEXAM","TOT","1000HAB","A","2009",95.9,
"DNK","CTEXAM","TOT","1000HAB","A","2010",111.9,
"DNK","CTEXAM","TOT","1000HAB","A","2011",124.3,
"DNK","CTEXAM","TOT","1000HAB","A","2012",130.1,
"DNK","CTEXAM","TOT","1000HAB","A","2013",141.9,
"DNK","CTEXAM","TOT","1000HAB","A","2014",150.5,"B"
"DNK","CTEXAM","TOT","1000HAB","A","2015",161.8,
"DNK","CTEXAM","INAMBULATORY","1000HAB","A","2003",0,
"DNK","CTEXAM","INAMBULATORY","1000HAB","A","2004",0,
"DNK","CTEXAM","INAMBULATORY","1000HAB","A","2005",0,
"DNK","CTEXAM","INAMBULATORY","1000HAB","A","2006",0,
"DNK","CTEXAM","INAMBULATORY","1000HAB","A","2007",0,
"DNK","CTEXAM","INAMBULATORY","1000HAB","A","2008",0,
"DNK","CTEXAM","INAMBULATORY","1000HAB","A","2009",0,
"DNK","CTEXAM","INAMBULATORY","1000HAB","A","2010",0,
"DNK","CTEXAM","INAMBULATORY","1000HAB","A","2011",0,
"DNK","CTEXAM","INAMBULATORY","1000HAB","A","2012",0,
"DNK","CTEXAM","INAMBULATORY","1000HAB","A","2013",0,
"DNK","CTEXAM","INAMBULATORY","1000HAB","A","2014",0.6,"B"
"DNK","CTEXAM","INAMBULATORY","1000HAB","A","2015",2.3,
"DNK","CTEXAM","INHOSPITAL","1000HAB","A","2003",43.2,
"DNK","CTEXAM","INHOSPITAL","1000HAB","A","2004",49.4,
"DNK","CTEXAM","INHOSPITAL","1000HAB","A","2005",55.7,
"DNK","CTEXAM","INHOSPITAL","1000HAB","A","2006",63.2,
"DNK","CTEXAM","INHOSPITAL","1000HAB","A","2007",73.5,
"DNK","CTEXAM","INHOSPITAL","1000HAB","A","2008",84.1,
"DNK","CTEXAM","INHOSPITAL","1000HAB","A","2009",95.9,
"DNK","CTEXAM","INHOSPITAL","1000HAB","A","2010",111.9,
"DNK","CTEXAM","INHOSPITAL","1000HAB","A","2011",124.3,
"DNK","CTEXAM","INHOSPITAL","1000HAB","A","2012",130.1,
"DNK","CTEXAM","INHOSPITAL","1000HAB","A","2013",141.9,
"DNK","CTEXAM","INHOSPITAL","1000HAB","A","2014",149.9,"B"
"DNK","CTEXAM","INHOSPITAL","1000HAB","A","2015",159.5,
"FIN","CTEXAM","TOT","1000HAB","A","2010",22.5,
"FIN","CTEXAM","TOT","1000HAB","A","2011",22.6,
"FIN","CTEXAM","TOT","1000HAB","A","2012",28.5,
"FIN","CTEXAM","TOT","1000HAB","A","2013",31,
"FIN","CTEXAM","TOT","1000HAB","A","2014",31.3,
"FIN","CTEXAM","TOT","1000HAB","A","2015",34.2,
"FIN","CTEXAM","INAMBULATORY","1000HAB","A","2010",1.3,
"FIN","CTEXAM","INAMBULATORY","1000HAB","A","2011",0.8,
"FIN","CTEXAM","INAMBULATORY","1000HAB","A","2012",0.6,
"FIN","CTEXAM","INAMBULATORY","1000HAB","A","2013",0.6,
"FIN","CTEXAM","INAMBULATORY","1000HAB","A","2014",0.6,
"FIN","CTEXAM","INAMBULATORY","1000HAB","A","2015",0.5,
"FIN","CTEXAM","INHOSPITAL","1000HAB","A","2010",21.2,
"FIN","CTEXAM","INHOSPITAL","1000HAB","A","2011",21.8,
"FIN","CTEXAM","INHOSPITAL","1000HAB","A","2012",27.9,
"FIN","CTEXAM","INHOSPITAL","1000HAB","A","2013",30.4,
"FIN","CTEXAM","INHOSPITAL","1000HAB","A","2014",30.7,
"FIN","CTEXAM","INHOSPITAL","1000HAB","A","2015",33.6,
"FRA","CTEXAM","TOT","1000HAB","A","2006",110.8,
"FRA","CTEXAM","TOT","1000HAB","A","2007",120,
"FRA","CTEXAM","TOT","1000HAB","A","2008",129.6,
"FRA","CTEXAM","TOT","1000HAB","A","2009",138.4,
"FRA","CTEXAM","TOT","1000HAB","A","2010",145.6,
"FRA","CTEXAM","TOT","1000HAB","A","2011",154.6,
"FRA","CTEXAM","TOT","1000HAB","A","2012",172.1,
"FRA","CTEXAM","TOT","1000HAB","A","2013",192.6,
"FRA","CTEXAM","TOT","1000HAB","A","2014",188.4,
"FRA","CTEXAM","TOT","1000HAB","A","2015",197.4,
"FRA","CTEXAM","INAMBULATORY","1000HAB","A","2006",40,
"FRA","CTEXAM","INAMBULATORY","1000HAB","A","2007",43.6,
"FRA","CTEXAM","INAMBULATORY","1000HAB","A","2008",47,
"FRA","CTEXAM","INAMBULATORY","1000HAB","A","2009",49.5,
"FRA","CTEXAM","INAMBULATORY","1000HAB","A","2010",53.1,
"FRA","CTEXAM","INAMBULATORY","1000HAB","A","2011",56.3,
"FRA","CTEXAM","INAMBULATORY","1000HAB","A","2012",72.4,
"FRA","CTEXAM","INAMBULATORY","1000HAB","A","2013",72.3,
"FRA","CTEXAM","INAMBULATORY","1000HAB","A","2014",73.9,
"FRA","CTEXAM","INAMBULATORY","1000HAB","A","2015",76.3,
"FRA","CTEXAM","INHOSPITAL","1000HAB","A","2001",56.5,
"FRA","CTEXAM","INHOSPITAL","1000HAB","A","2002",61.5,
"FRA","CTEXAM","INHOSPITAL","1000HAB","A","2003",65.1,
"FRA","CTEXAM","INHOSPITAL","1000HAB","A","2004",68.5,
"FRA","CTEXAM","INHOSPITAL","1000HAB","A","2005",67.6,
"FRA","CTEXAM","INHOSPITAL","1000HAB","A","2006",70.8,
"FRA","CTEXAM","INHOSPITAL","1000HAB","A","2007",76.4,
"FRA","CTEXAM","INHOSPITAL","1000HAB","A","2008",82.7,
"FRA","CTEXAM","INHOSPITAL","1000HAB","A","2009",88.8,
"FRA","CTEXAM","INHOSPITAL","1000HAB","A","2010",92.4,
"FRA","CTEXAM","INHOSPITAL","1000HAB","A","2011",98.3,
"FRA","CTEXAM","INHOSPITAL","1000HAB","A","2012",99.7,
"FRA","CTEXAM","INHOSPITAL","1000HAB","A","2013",120.3,
"FRA","CTEXAM","INHOSPITAL","1000HAB","A","2014",114.4,
"FRA","CTEXAM","INHOSPITAL","1000HAB","A","2015",121.1,
"DEU","CTEXAM","TOT","1000HAB","A","2005",90.2,
"DEU","CTEXAM","TOT","1000HAB","A","2006",97,
"DEU","CTEXAM","TOT","1000HAB","A","2007",102,
"DEU","CTEXAM","TOT","1000HAB","A","2008",106.9,
"DEU","CTEXAM","TOT","1000HAB","A","2009",113,
"DEU","CTEXAM","TOT","1000HAB","A","2010",120.6,
"DEU","CTEXAM","TOT","1000HAB","A","2011",127.5,
"DEU","CTEXAM","TOT","1000HAB","A","2012",131.2,
"DEU","CTEXAM","TOT","1000HAB","A","2013",135.3,
"DEU","CTEXAM","TOT","1000HAB","A","2014",143.8,
"DEU","CTEXAM","INAMBULATORY","1000HAB","A","2000",39.7,
"DEU","CTEXAM","INAMBULATORY","1000HAB","A","2001",42,
"DEU","CTEXAM","INAMBULATORY","1000HAB","A","2002",45,
"DEU","CTEXAM","INAMBULATORY","1000HAB","A","2003",45.6,
"DEU","CTEXAM","INAMBULATORY","1000HAB","A","2004",50.1,
"DEU","CTEXAM","INAMBULATORY","1000HAB","A","2005",54.2,
"DEU","CTEXAM","INAMBULATORY","1000HAB","A","2006",58.1,
"DEU","CTEXAM","INAMBULATORY","1000HAB","A","2007",60.1,
"DEU","CTEXAM","INAMBULATORY","1000HAB","A","2008",61.8,
"DEU","CTEXAM","INAMBULATORY","1000HAB","A","2009",64,
"DEU","CTEXAM","INAMBULATORY","1000HAB","A","2010",69.4,
"DEU","CTEXAM","INAMBULATORY","1000HAB","A","2011",72.1,
"DEU","CTEXAM","INAMBULATORY","1000HAB","A","2012",72.6,
"DEU","CTEXAM","INAMBULATORY","1000HAB","A","2013",73.8,
"DEU","CTEXAM","INAMBULATORY","1000HAB","A","2014",78.7,
"DEU","CTEXAM","INHOSPITAL","1000HAB","A","2005",36,
"DEU","CTEXAM","INHOSPITAL","1000HAB","A","2006",38.9,
"DEU","CTEXAM","INHOSPITAL","1000HAB","A","2007",42,
"DEU","CTEXAM","INHOSPITAL","1000HAB","A","2008",45.2,
"DEU","CTEXAM","INHOSPITAL","1000HAB","A","2009",49,
"DEU","CTEXAM","INHOSPITAL","1000HAB","A","2010",51.2,
"DEU","CTEXAM","INHOSPITAL","1000HAB","A","2011",55.4,
"DEU","CTEXAM","INHOSPITAL","1000HAB","A","2012",58.6,
"DEU","CTEXAM","INHOSPITAL","1000HAB","A","2013",61.5,
"DEU","CTEXAM","INHOSPITAL","1000HAB","A","2014",65.1,
"DEU","CTEXAM","INHOSPITAL","1000HAB","A","2015",67.2,
"GRC","CTEXAM","TOT","1000HAB","A","2008",325,
"GRC","CTEXAM","TOT","1000HAB","A","2012",181.1,
"GRC","CTEXAM","INAMBULATORY","1000HAB","A","2012",114.1,
"GRC","CTEXAM","INHOSPITAL","1000HAB","A","2012",67,
"HUN","CTEXAM","TOT","1000HAB","A","2006",60.1,
"HUN","CTEXAM","TOT","1000HAB","A","2007",60.2,
"HUN","CTEXAM","TOT","1000HAB","A","2008",71.3,
"HUN","CTEXAM","TOT","1000HAB","A","2009",74.9,
"HUN","CTEXAM","TOT","1000HAB","A","2010",77.8,
"HUN","CTEXAM","TOT","1000HAB","A","2011",82.2,
"HUN","CTEXAM","TOT","1000HAB","A","2012",86.2,
"HUN","CTEXAM","TOT","1000HAB","A","2013",92,
"HUN","CTEXAM","TOT","1000HAB","A","2014",99.4,
"HUN","CTEXAM","TOT","1000HAB","A","2015",107.1,
"HUN","CTEXAM","INAMBULATORY","1000HAB","A","2000",40.2,"D"
"HUN","CTEXAM","INAMBULATORY","1000HAB","A","2001",47.6,"D"
"HUN","CTEXAM","INAMBULATORY","1000HAB","A","2002",55,"D"
"HUN","CTEXAM","INAMBULATORY","1000HAB","A","2003",60.2,"D"
"HUN","CTEXAM","INAMBULATORY","1000HAB","A","2004",59.1,"D"
"HUN","CTEXAM","INAMBULATORY","1000HAB","A","2005",62.4,"D"
"HUN","CTEXAM","INAMBULATORY","1000HAB","A","2006",59.3,"D"
"HUN","CTEXAM","INAMBULATORY","1000HAB","A","2007",58.8,"D"
"HUN","CTEXAM","INAMBULATORY","1000HAB","A","2008",69.7,"D"
"HUN","CTEXAM","INAMBULATORY","1000HAB","A","2009",73.4,"D"
"HUN","CTEXAM","INAMBULATORY","1000HAB","A","2010",76.2,"D"
"HUN","CTEXAM","INAMBULATORY","1000HAB","A","2011",80.7,"D"
"HUN","CTEXAM","INAMBULATORY","1000HAB","A","2012",84.9,"D"
"HUN","CTEXAM","INAMBULATORY","1000HAB","A","2013",90.5,"D"
"HUN","CTEXAM","INAMBULATORY","1000HAB","A","2014",97.8,"D"
"HUN","CTEXAM","INAMBULATORY","1000HAB","A","2015",105.4,"D"
"HUN","CTEXAM","INHOSPITAL","1000HAB","A","2006",0.8,"D"
"HUN","CTEXAM","INHOSPITAL","1000HAB","A","2007",1.4,"D"
"HUN","CTEXAM","INHOSPITAL","1000HAB","A","2008",1.6,"D"
"HUN","CTEXAM","INHOSPITAL","1000HAB","A","2009",1.5,"D"
"HUN","CTEXAM","INHOSPITAL","1000HAB","A","2010",1.5,"D"
"HUN","CTEXAM","INHOSPITAL","1000HAB","A","2011",1.4,"D"
"HUN","CTEXAM","INHOSPITAL","1000HAB","A","2012",1.4,"D"
"HUN","CTEXAM","INHOSPITAL","1000HAB","A","2013",1.5,"D"
"HUN","CTEXAM","INHOSPITAL","1000HAB","A","2014",1.6,"D"
"HUN","CTEXAM","INHOSPITAL","1000HAB","A","2015",1.7,"D"
"ISL","CTEXAM","TOT","1000HAB","A","2006",131.2,
"ISL","CTEXAM","TOT","1000HAB","A","2007",144.8,
"ISL","CTEXAM","TOT","1000HAB","A","2008",165,
"ISL","CTEXAM","TOT","1000HAB","A","2009",156.5,
"ISL","CTEXAM","TOT","1000HAB","A","2010",159.8,
"ISL","CTEXAM","TOT","1000HAB","A","2011",173.9,
"ISL","CTEXAM","TOT","1000HAB","A","2012",175.7,
"ISL","CTEXAM","TOT","1000HAB","A","2013",173.1,
"ISL","CTEXAM","TOT","1000HAB","A","2014",179.9,
"ISL","CTEXAM","TOT","1000HAB","A","2015",190.9,
"ISL","CTEXAM","TOT","1000HAB","A","2016",206.3,
"ISL","CTEXAM","INAMBULATORY","1000HAB","A","2008",64.4,
"ISL","CTEXAM","INAMBULATORY","1000HAB","A","2009",55.9,
"ISL","CTEXAM","INAMBULATORY","1000HAB","A","2010",52.2,
"ISL","CTEXAM","INAMBULATORY","1000HAB","A","2011",48,
"ISL","CTEXAM","INAMBULATORY","1000HAB","A","2012",49.4,
"ISL","CTEXAM","INAMBULATORY","1000HAB","A","2013",40.9,
"ISL","CTEXAM","INAMBULATORY","1000HAB","A","2014",54.1,
"ISL","CTEXAM","INAMBULATORY","1000HAB","A","2015",62.1,
"ISL","CTEXAM","INAMBULATORY","1000HAB","A","2016",63.6,
"ISL","CTEXAM","INHOSPITAL","1000HAB","A","2008",100.6,
"ISL","CTEXAM","INHOSPITAL","1000HAB","A","2009",100.6,
"ISL","CTEXAM","INHOSPITAL","1000HAB","A","2010",107.6,
"ISL","CTEXAM","INHOSPITAL","1000HAB","A","2011",125.9,
"ISL","CTEXAM","INHOSPITAL","1000HAB","A","2012",126.3,
"ISL","CTEXAM","INHOSPITAL","1000HAB","A","2013",132.2,
"ISL","CTEXAM","INHOSPITAL","1000HAB","A","2014",125.9,
"ISL","CTEXAM","INHOSPITAL","1000HAB","A","2015",128.9,
"ISL","CTEXAM","INHOSPITAL","1000HAB","A","2016",142.7,
"KOR","CTEXAM","TOT","1000HAB","A","2007",74.7,
"KOR","CTEXAM","TOT","1000HAB","A","2008",86.2,
"KOR","CTEXAM","TOT","1000HAB","A","2009",99.6,
"KOR","CTEXAM","TOT","1000HAB","A","2010",112.4,
"KOR","CTEXAM","TOT","1000HAB","A","2011",131,
"KOR","CTEXAM","TOT","1000HAB","A","2012",142.9,
"KOR","CTEXAM","TOT","1000HAB","A","2013",150.6,
"KOR","CTEXAM","TOT","1000HAB","A","2014",163.9,
"KOR","CTEXAM","TOT","1000HAB","A","2015",174.9,
"KOR","CTEXAM","INAMBULATORY","1000HAB","A","2007",7.3,
"KOR","CTEXAM","INAMBULATORY","1000HAB","A","2008",7.7,
"KOR","CTEXAM","INAMBULATORY","1000HAB","A","2009",8.7,
"KOR","CTEXAM","INAMBULATORY","1000HAB","A","2010",9.9,
"KOR","CTEXAM","INAMBULATORY","1000HAB","A","2011",11.5,
"KOR","CTEXAM","INAMBULATORY","1000HAB","A","2012",12.2,
"KOR","CTEXAM","INAMBULATORY","1000HAB","A","2013",13,
"KOR","CTEXAM","INAMBULATORY","1000HAB","A","2014",13.7,
"KOR","CTEXAM","INAMBULATORY","1000HAB","A","2015",14.5,
"KOR","CTEXAM","INHOSPITAL","1000HAB","A","2007",67.4,
"KOR","CTEXAM","INHOSPITAL","1000HAB","A","2008",78.6,
"KOR","CTEXAM","INHOSPITAL","1000HAB","A","2009",90.9,
"KOR","CTEXAM","INHOSPITAL","1000HAB","A","2010",102.6,
"KOR","CTEXAM","INHOSPITAL","1000HAB","A","2011",119.5,
"KOR","CTEXAM","INHOSPITAL","1000HAB","A","2012",130.7,
"KOR","CTEXAM","INHOSPITAL","1000HAB","A","2013",137.6,
"KOR","CTEXAM","INHOSPITAL","1000HAB","A","2014",150.2,
"KOR","CTEXAM","INHOSPITAL","1000HAB","A","2015",160.4,
"LUX","CTEXAM","TOT","1000HAB","A","2002",135.1,
"LUX","CTEXAM","TOT","1000HAB","A","2003",143.8,
"LUX","CTEXAM","TOT","1000HAB","A","2004",157,
"LUX","CTEXAM","TOT","1000HAB","A","2005",161.5,
"LUX","CTEXAM","TOT","1000HAB","A","2006",170.3,
"LUX","CTEXAM","TOT","1000HAB","A","2007",180.9,
"LUX","CTEXAM","TOT","1000HAB","A","2008",187.4,
"LUX","CTEXAM","TOT","1000HAB","A","2009",194.3,
"LUX","CTEXAM","TOT","1000HAB","A","2010",192.6,
"LUX","CTEXAM","TOT","1000HAB","A","2011",199.5,
"LUX","CTEXAM","TOT","1000HAB","A","2012",212.1,
"LUX","CTEXAM","TOT","1000HAB","A","2013",208.9,
"LUX","CTEXAM","TOT","1000HAB","A","2014",208.9,"E"
"LUX","CTEXAM","TOT","1000HAB","A","2015",207.7,"E"
"LUX","CTEXAM","INAMBULATORY","1000HAB","A","2002",0,
"LUX","CTEXAM","INAMBULATORY","1000HAB","A","2003",0,
"LUX","CTEXAM","INAMBULATORY","1000HAB","A","2004",0,
"LUX","CTEXAM","INAMBULATORY","1000HAB","A","2005",0,
"LUX","CTEXAM","INAMBULATORY","1000HAB","A","2006",0,
"LUX","CTEXAM","INAMBULATORY","1000HAB","A","2007",0,
"LUX","CTEXAM","INAMBULATORY","1000HAB","A","2008",0,
"LUX","CTEXAM","INAMBULATORY","1000HAB","A","2009",0,
"LUX","CTEXAM","INAMBULATORY","1000HAB","A","2010",0,
"LUX","CTEXAM","INAMBULATORY","1000HAB","A","2011",0,
"LUX","CTEXAM","INAMBULATORY","1000HAB","A","2012",0,
"LUX","CTEXAM","INAMBULATORY","1000HAB","A","2013",0,
"LUX","CTEXAM","INAMBULATORY","1000HAB","A","2014",0,
"LUX","CTEXAM","INAMBULATORY","1000HAB","A","2015",0,
"LUX","CTEXAM","INHOSPITAL","1000HAB","A","2002",135.1,
"LUX","CTEXAM","INHOSPITAL","1000HAB","A","2003",143.8,
"LUX","CTEXAM","INHOSPITAL","1000HAB","A","2004",157,
"LUX","CTEXAM","INHOSPITAL","1000HAB","A","2005",161.5,
"LUX","CTEXAM","INHOSPITAL","1000HAB","A","2006",170.3,
"LUX","CTEXAM","INHOSPITAL","1000HAB","A","2007",180.9,
"LUX","CTEXAM","INHOSPITAL","1000HAB","A","2008",187.4,
"LUX","CTEXAM","INHOSPITAL","1000HAB","A","2009",194.3,
"LUX","CTEXAM","INHOSPITAL","1000HAB","A","2010",192.6,
"LUX","CTEXAM","INHOSPITAL","1000HAB","A","2011",199.5,
"LUX","CTEXAM","INHOSPITAL","1000HAB","A","2012",212.1,
"LUX","CTEXAM","INHOSPITAL","1000HAB","A","2013",208.9,
"LUX","CTEXAM","INHOSPITAL","1000HAB","A","2014",208.9,"E"
"LUX","CTEXAM","INHOSPITAL","1000HAB","A","2015",207.7,"E"
"NLD","CTEXAM","TOT","1000HAB","A","2008",60.1,
"NLD","CTEXAM","TOT","1000HAB","A","2009",65.2,
"NLD","CTEXAM","TOT","1000HAB","A","2010",66,
"NLD","CTEXAM","TOT","1000HAB","A","2011",70.8,
"NLD","CTEXAM","TOT","1000HAB","A","2014",79.5,
"NLD","CTEXAM","TOT","1000HAB","A","2015",80.8,
"NLD","CTEXAM","INAMBULATORY","1000HAB","A","2008",0.1,
"NLD","CTEXAM","INAMBULATORY","1000HAB","A","2009",0.2,
"NLD","CTEXAM","INAMBULATORY","1000HAB","A","2010",0.2,
"NLD","CTEXAM","INAMBULATORY","1000HAB","A","2011",0.2,
"NLD","CTEXAM","INAMBULATORY","1000HAB","A","2014",0.2,
"NLD","CTEXAM","INAMBULATORY","1000HAB","A","2015",0.5,
"NLD","CTEXAM","INHOSPITAL","1000HAB","A","2008",59.9,
"NLD","CTEXAM","INHOSPITAL","1000HAB","A","2009",65.1,
"NLD","CTEXAM","INHOSPITAL","1000HAB","A","2010",65.8,
"NLD","CTEXAM","INHOSPITAL","1000HAB","A","2011",70.6,
"NLD","CTEXAM","INHOSPITAL","1000HAB","A","2014",79.4,
"NLD","CTEXAM","INHOSPITAL","1000HAB","A","2015",80.3,
"NZL","CTEXAM","INHOSPITAL","1000HAB","A","1990",0.3,"D"
"NZL","CTEXAM","INHOSPITAL","1000HAB","A","1991",0.4,"D"
"NZL","CTEXAM","INHOSPITAL","1000HAB","A","1992",0.5,"D"
"NZL","CTEXAM","INHOSPITAL","1000HAB","A","1993",0.9,"D"
"NZL","CTEXAM","INHOSPITAL","1000HAB","A","1994",2,"D"
"NZL","CTEXAM","INHOSPITAL","1000HAB","A","1995",3.8,"D"
"NZL","CTEXAM","INHOSPITAL","1000HAB","A","1996",6.1,"D"
"NZL","CTEXAM","INHOSPITAL","1000HAB","A","1997",6.9,"D"
"NZL","CTEXAM","INHOSPITAL","1000HAB","A","1998",8.1,"D"
"NZL","CTEXAM","INHOSPITAL","1000HAB","A","1999",9.4,"D"
"NZL","CTEXAM","INHOSPITAL","1000HAB","A","2000",11.3,"D"
"NZL","CTEXAM","INHOSPITAL","1000HAB","A","2001",12.4,"D"
"NZL","CTEXAM","INHOSPITAL","1000HAB","A","2002",12.9,"D"
"NZL","CTEXAM","INHOSPITAL","1000HAB","A","2003",13.6,"D"
"NZL","CTEXAM","INHOSPITAL","1000HAB","A","2004",14.6,"D"
"NZL","CTEXAM","INHOSPITAL","1000HAB","A","2005",16.1,"D"
"NZL","CTEXAM","INHOSPITAL","1000HAB","A","2006",17.2,"D"
"NZL","CTEXAM","INHOSPITAL","1000HAB","A","2007",18.1,"D"
"NZL","CTEXAM","INHOSPITAL","1000HAB","A","2008",20.2,"D"
"NZL","CTEXAM","INHOSPITAL","1000HAB","A","2009",21.9,"D"
"NZL","CTEXAM","INHOSPITAL","1000HAB","A","2010",22.5,"D"
"NZL","CTEXAM","INHOSPITAL","1000HAB","A","2011",24.5,"D"
"NZL","CTEXAM","INHOSPITAL","1000HAB","A","2012",26.8,"D"
"NZL","CTEXAM","INHOSPITAL","1000HAB","A","2013",28.7,"D"
"POL","CTEXAM","TOT","1000HAB","A","2012",71.8,
"POL","CTEXAM","TOT","1000HAB","A","2013",79.9,
"POL","CTEXAM","TOT","1000HAB","A","2014",89.7,
"POL","CTEXAM","TOT","1000HAB","A","2015",97,
"POL","CTEXAM","INAMBULATORY","1000HAB","A","2012",47.2,
"POL","CTEXAM","INAMBULATORY","1000HAB","A","2013",51.1,
"POL","CTEXAM","INAMBULATORY","1000HAB","A","2014",56.6,
"POL","CTEXAM","INAMBULATORY","1000HAB","A","2015",60.9,
"POL","CTEXAM","INHOSPITAL","1000HAB","A","2012",24.7,
"POL","CTEXAM","INHOSPITAL","1000HAB","A","2013",28.8,
"POL","CTEXAM","INHOSPITAL","1000HAB","A","2014",33.2,
"POL","CTEXAM","INHOSPITAL","1000HAB","A","2015",36.1,
"PRT","CTEXAM","INHOSPITAL","1000HAB","A","1999",36,
"PRT","CTEXAM","INHOSPITAL","1000HAB","A","2000",42.2,
"PRT","CTEXAM","INHOSPITAL","1000HAB","A","2001",48.5,
"PRT","CTEXAM","INHOSPITAL","1000HAB","A","2002",54.3,
"PRT","CTEXAM","INHOSPITAL","1000HAB","A","2003",61.1,
"PRT","CTEXAM","INHOSPITAL","1000HAB","A","2004",70,
"PRT","CTEXAM","INHOSPITAL","1000HAB","A","2005",75.3,
"PRT","CTEXAM","INHOSPITAL","1000HAB","A","2006",80.2,
"PRT","CTEXAM","INHOSPITAL","1000HAB","A","2007",87.6,
"PRT","CTEXAM","INHOSPITAL","1000HAB","A","2008",99.7,
"PRT","CTEXAM","INHOSPITAL","1000HAB","A","2009",115.9,
"PRT","CTEXAM","INHOSPITAL","1000HAB","A","2010",120.6,
"PRT","CTEXAM","INHOSPITAL","1000HAB","A","2011",127.9,
"PRT","CTEXAM","INHOSPITAL","1000HAB","A","2012",133.1,
"PRT","CTEXAM","INHOSPITAL","1000HAB","A","2013",140.8,
"PRT","CTEXAM","INHOSPITAL","1000HAB","A","2014",153.9,
"PRT","CTEXAM","INHOSPITAL","1000HAB","A","2015",165.3,"E"
"SVK","CTEXAM","TOT","1000HAB","A","1996",27.7,
"SVK","CTEXAM","TOT","1000HAB","A","1997",31,
"SVK","CTEXAM","TOT","1000HAB","A","1998",30.8,
"SVK","CTEXAM","TOT","1000HAB","A","1999",29.3,
"SVK","CTEXAM","TOT","1000HAB","A","2000",32,
"SVK","CTEXAM","TOT","1000HAB","A","2001",36.7,
"SVK","CTEXAM","TOT","1000HAB","A","2002",37.7,
"SVK","CTEXAM","TOT","1000HAB","A","2003",41.7,
"SVK","CTEXAM","TOT","1000HAB","A","2004",46.5,
"SVK","CTEXAM","TOT","1000HAB","A","2005",46.2,
"SVK","CTEXAM","TOT","1000HAB","A","2006",57.1,
"SVK","CTEXAM","TOT","1000HAB","A","2007",69.2,
"SVK","CTEXAM","TOT","1000HAB","A","2008",82.9,
"SVK","CTEXAM","TOT","1000HAB","A","2009",85.9,
"SVK","CTEXAM","TOT","1000HAB","A","2010",89.8,
"SVK","CTEXAM","TOT","1000HAB","A","2011",99.1,
"SVK","CTEXAM","TOT","1000HAB","A","2012",107.6,
"SVK","CTEXAM","TOT","1000HAB","A","2013",122.8,
"SVK","CTEXAM","TOT","1000HAB","A","2014",134.8,
"SVK","CTEXAM","TOT","1000HAB","A","2015",156.2,
"SVK","CTEXAM","INAMBULATORY","1000HAB","A","2009",53.1,"D"
"SVK","CTEXAM","INAMBULATORY","1000HAB","A","2010",54,"D"
"SVK","CTEXAM","INAMBULATORY","1000HAB","A","2011",61.5,"D"
"SVK","CTEXAM","INAMBULATORY","1000HAB","A","2012",64.9,"D"
"SVK","CTEXAM","INAMBULATORY","1000HAB","A","2013",75.7,"D"
"SVK","CTEXAM","INAMBULATORY","1000HAB","A","2014",85.1,"D"
"SVK","CTEXAM","INAMBULATORY","1000HAB","A","2015",97.1,"D"
"SVK","CTEXAM","INHOSPITAL","1000HAB","A","2009",32.7,"D"
"SVK","CTEXAM","INHOSPITAL","1000HAB","A","2010",35.8,"D"
"SVK","CTEXAM","INHOSPITAL","1000HAB","A","2011",37.6,"D"
"SVK","CTEXAM","INHOSPITAL","1000HAB","A","2012",42.7,"D"
"SVK","CTEXAM","INHOSPITAL","1000HAB","A","2013",47.1,"D"
"SVK","CTEXAM","INHOSPITAL","1000HAB","A","2014",49.7,"D"
"SVK","CTEXAM","INHOSPITAL","1000HAB","A","2015",59.1,"D"
"ESP","CTEXAM","TOT","1000HAB","A","2010",85.7,
"ESP","CTEXAM","TOT","1000HAB","A","2011",88.2,
"ESP","CTEXAM","TOT","1000HAB","A","2012",90.4,
"ESP","CTEXAM","TOT","1000HAB","A","2013",96.1,
"ESP","CTEXAM","TOT","1000HAB","A","2014",101.3,
"ESP","CTEXAM","TOT","1000HAB","A","2015",104.9,
"ESP","CTEXAM","INAMBULATORY","1000HAB","A","2010",3.5,
"ESP","CTEXAM","INAMBULATORY","1000HAB","A","2011",4.1,
"ESP","CTEXAM","INAMBULATORY","1000HAB","A","2012",4.6,
"ESP","CTEXAM","INAMBULATORY","1000HAB","A","2013",4.5,
"ESP","CTEXAM","INAMBULATORY","1000HAB","A","2014",4.1,
"ESP","CTEXAM","INAMBULATORY","1000HAB","A","2015",4.3,
"ESP","CTEXAM","INHOSPITAL","1000HAB","A","1996",34.5,
"ESP","CTEXAM","INHOSPITAL","1000HAB","A","1997",38.8,
"ESP","CTEXAM","INHOSPITAL","1000HAB","A","1998",42.7,
"ESP","CTEXAM","INHOSPITAL","1000HAB","A","1999",47.5,
"ESP","CTEXAM","INHOSPITAL","1000HAB","A","2000",51.5,
"ESP","CTEXAM","INHOSPITAL","1000HAB","A","2001",56.2,
"ESP","CTEXAM","INHOSPITAL","1000HAB","A","2002",60.7,
"ESP","CTEXAM","INHOSPITAL","1000HAB","A","2003",62.1,
"ESP","CTEXAM","INHOSPITAL","1000HAB","A","2004",64.8,
"ESP","CTEXAM","INHOSPITAL","1000HAB","A","2005",66.4,
"ESP","CTEXAM","INHOSPITAL","1000HAB","A","2006",69.7,
"ESP","CTEXAM","INHOSPITAL","1000HAB","A","2007",72.6,
"ESP","CTEXAM","INHOSPITAL","1000HAB","A","2008",76.2,
"ESP","CTEXAM","INHOSPITAL","1000HAB","A","2009",79.3,
"ESP","CTEXAM","INHOSPITAL","1000HAB","A","2010",82.2,
"ESP","CTEXAM","INHOSPITAL","1000HAB","A","2011",84.1,
"ESP","CTEXAM","INHOSPITAL","1000HAB","A","2012",85.8,
"ESP","CTEXAM","INHOSPITAL","1000HAB","A","2013",91.7,
"ESP","CTEXAM","INHOSPITAL","1000HAB","A","2014",97.2,
"ESP","CTEXAM","INHOSPITAL","1000HAB","A","2015",100.6,
"TUR","CTEXAM","TOT","1000HAB","A","2008",77.7,
"TUR","CTEXAM","TOT","1000HAB","A","2009",96.3,
"TUR","CTEXAM","TOT","1000HAB","A","2010",103.5,
"TUR","CTEXAM","TOT","1000HAB","A","2011",112.3,
"TUR","CTEXAM","TOT","1000HAB","A","2012",131.4,
"TUR","CTEXAM","TOT","1000HAB","A","2013",145,
"TUR","CTEXAM","TOT","1000HAB","A","2014",160.8,
"TUR","CTEXAM","TOT","1000HAB","A","2015",174.8,
"GBR","CTEXAM","INHOSPITAL","1000HAB","A","1996",21.7,"E"
"GBR","CTEXAM","INHOSPITAL","1000HAB","A","1997",24.1,"E"
"GBR","CTEXAM","INHOSPITAL","1000HAB","A","1998",25.7,"E"
"GBR","CTEXAM","INHOSPITAL","1000HAB","A","1999",27.7,"E"
"GBR","CTEXAM","INHOSPITAL","1000HAB","A","2000",30.2,"E"
"GBR","CTEXAM","INHOSPITAL","1000HAB","A","2001",32.9,"E"
"GBR","CTEXAM","INHOSPITAL","1000HAB","A","2002",35.6,"E"
"GBR","CTEXAM","INHOSPITAL","1000HAB","A","2003",39.9,"E"
"GBR","CTEXAM","INHOSPITAL","1000HAB","A","2004",42.6,"E"
"GBR","CTEXAM","INHOSPITAL","1000HAB","A","2005",49,"E"
"GBR","CTEXAM","INHOSPITAL","1000HAB","A","2006",53.5,"E"
"GBR","CTEXAM","INHOSPITAL","1000HAB","A","2007",59.3,"E"
"GBR","CTEXAM","INHOSPITAL","1000HAB","A","2008",65,"E"
"GBR","CTEXAM","INHOSPITAL","1000HAB","A","2009",71.2,"E"
"GBR","CTEXAM","INHOSPITAL","1000HAB","A","2010",75.7,"E"
"GBR","CTEXAM","INHOSPITAL","1000HAB","A","2012",61.2,"B"
"GBR","CTEXAM","INHOSPITAL","1000HAB","A","2013",68.3,
"GBR","CTEXAM","INHOSPITAL","1000HAB","A","2014",75.1,
"GBR","CTEXAM","INHOSPITAL","1000HAB","A","2015",79.3,
"USA","CTEXAM","TOT","1000HAB","A","1995",78.9,
"USA","CTEXAM","TOT","1000HAB","A","1996",83.9,
"USA","CTEXAM","TOT","1000HAB","A","1997",92.1,
"USA","CTEXAM","TOT","1000HAB","A","1998",95.3,
"USA","CTEXAM","TOT","1000HAB","A","1999",109.7,
"USA","CTEXAM","TOT","1000HAB","A","2000",123.7,
"USA","CTEXAM","TOT","1000HAB","A","2001",139,
"USA","CTEXAM","TOT","1000HAB","A","2002",157.8,
"USA","CTEXAM","TOT","1000HAB","A","2003",172.7,
"USA","CTEXAM","TOT","1000HAB","A","2004",184.1,
"USA","CTEXAM","TOT","1000HAB","A","2005",194.9,
"USA","CTEXAM","TOT","1000HAB","A","2006",207.8,
"USA","CTEXAM","TOT","1000HAB","A","2007",228.1,
"USA","CTEXAM","TOT","1000HAB","A","2008",240.4,
"USA","CTEXAM","TOT","1000HAB","A","2009",252.6,
"USA","CTEXAM","TOT","1000HAB","A","2010",264.8,
"USA","CTEXAM","TOT","1000HAB","A","2011",273.7,
"USA","CTEXAM","TOT","1000HAB","A","2012",256.7,
"USA","CTEXAM","TOT","1000HAB","A","2013",240.4,
"USA","CTEXAM","TOT","1000HAB","A","2014",254.9,
"USA","CTEXAM","TOT","1000HAB","A","2015",245.3,
"USA","CTEXAM","TOT","1000HAB","A","2016",253.8,
"USA","CTEXAM","INAMBULATORY","1000HAB","A","1995",9.8,
"USA","CTEXAM","INAMBULATORY","1000HAB","A","1996",10.8,
"USA","CTEXAM","INAMBULATORY","1000HAB","A","1997",12.8,
"USA","CTEXAM","INAMBULATORY","1000HAB","A","1998",13.4,
"USA","CTEXAM","INAMBULATORY","1000HAB","A","1999",17.2,
"USA","CTEXAM","INAMBULATORY","1000HAB","A","2000",20.9,
"USA","CTEXAM","INAMBULATORY","1000HAB","A","2001",22.8,
"USA","CTEXAM","INAMBULATORY","1000HAB","A","2002",26.1,
"USA","CTEXAM","INAMBULATORY","1000HAB","A","2003",30,
"USA","CTEXAM","INAMBULATORY","1000HAB","A","2004",32.8,
"USA","CTEXAM","INAMBULATORY","1000HAB","A","2005",35.2,
"USA","CTEXAM","INAMBULATORY","1000HAB","A","2006",36.9,
"USA","CTEXAM","INAMBULATORY","1000HAB","A","2007",43.2,
"USA","CTEXAM","INAMBULATORY","1000HAB","A","2008",48.3,
"USA","CTEXAM","INAMBULATORY","1000HAB","A","2009",53.5,
"USA","CTEXAM","INAMBULATORY","1000HAB","A","2010",58.2,
"USA","CTEXAM","INAMBULATORY","1000HAB","A","2011",61.6,
"USA","CTEXAM","INAMBULATORY","1000HAB","A","2012",58.3,
"USA","CTEXAM","INAMBULATORY","1000HAB","A","2013",55.3,
"USA","CTEXAM","INAMBULATORY","1000HAB","A","2014",59.3,
"USA","CTEXAM","INAMBULATORY","1000HAB","A","2015",49.9,
"USA","CTEXAM","INAMBULATORY","1000HAB","A","2016",50.4,
"USA","CTEXAM","INHOSPITAL","1000HAB","A","1995",69.1,
"USA","CTEXAM","INHOSPITAL","1000HAB","A","1996",73.1,
"USA","CTEXAM","INHOSPITAL","1000HAB","A","1997",79.2,
"USA","CTEXAM","INHOSPITAL","1000HAB","A","1998",81.9,
"USA","CTEXAM","INHOSPITAL","1000HAB","A","1999",92.5,
"USA","CTEXAM","INHOSPITAL","1000HAB","A","2000",102.8,
"USA","CTEXAM","INHOSPITAL","1000HAB","A","2001",116.2,
"USA","CTEXAM","INHOSPITAL","1000HAB","A","2002",131.8,
"USA","CTEXAM","INHOSPITAL","1000HAB","A","2003",142.7,
"USA","CTEXAM","INHOSPITAL","1000HAB","A","2004",151.3,
"USA","CTEXAM","INHOSPITAL","1000HAB","A","2005",159.7,
"USA","CTEXAM","INHOSPITAL","1000HAB","A","2006",170.9,
"USA","CTEXAM","INHOSPITAL","1000HAB","A","2007",184.9,
"USA","CTEXAM","INHOSPITAL","1000HAB","A","2008",192,
"USA","CTEXAM","INHOSPITAL","1000HAB","A","2009",199.2,
"USA","CTEXAM","INHOSPITAL","1000HAB","A","2010",206.6,
"USA","CTEXAM","INHOSPITAL","1000HAB","A","2011",212.1,
"USA","CTEXAM","INHOSPITAL","1000HAB","A","2012",198.4,
"USA","CTEXAM","INHOSPITAL","1000HAB","A","2013",185,
"USA","CTEXAM","INHOSPITAL","1000HAB","A","2014",195.6,
"USA","CTEXAM","INHOSPITAL","1000HAB","A","2015",195.4,
"USA","CTEXAM","INHOSPITAL","1000HAB","A","2016",203.3,
"CHL","CTEXAM","TOT","1000HAB","A","2008",42.1,
"CHL","CTEXAM","TOT","1000HAB","A","2009",50.4,
"CHL","CTEXAM","TOT","1000HAB","A","2010",57.7,
"CHL","CTEXAM","TOT","1000HAB","A","2011",62.4,
"CHL","CTEXAM","TOT","1000HAB","A","2012",70.3,
"CHL","CTEXAM","TOT","1000HAB","A","2013",75.3,
"CHL","CTEXAM","TOT","1000HAB","A","2014",86.5,
"EST","CTEXAM","TOT","1000HAB","A","2003",38.9,"D"
"EST","CTEXAM","TOT","1000HAB","A","2004",54.7,"D"
"EST","CTEXAM","TOT","1000HAB","A","2005",71,"D"
"EST","CTEXAM","TOT","1000HAB","A","2006",92.8,"D"
"EST","CTEXAM","TOT","1000HAB","A","2007",123.5,"D"
"EST","CTEXAM","TOT","1000HAB","A","2008",139.8,"D"
"EST","CTEXAM","TOT","1000HAB","A","2009",153.4,"D"
"EST","CTEXAM","TOT","1000HAB","A","2010",277.2,
"EST","CTEXAM","TOT","1000HAB","A","2011",367.7,"D"
"EST","CTEXAM","TOT","1000HAB","A","2012",393.3,"D"
"EST","CTEXAM","TOT","1000HAB","A","2013",494.6,"D"
"EST","CTEXAM","TOT","1000HAB","A","2014",585.2,"D"
"EST","CTEXAM","TOT","1000HAB","A","2015",151.9,"B"
"EST","CTEXAM","INAMBULATORY","1000HAB","A","2003",3.9,"D"
"EST","CTEXAM","INAMBULATORY","1000HAB","A","2004",3.6,"D"
"EST","CTEXAM","INAMBULATORY","1000HAB","A","2005",2.2,"D"
"EST","CTEXAM","INAMBULATORY","1000HAB","A","2006",2,"D"
"EST","CTEXAM","INAMBULATORY","1000HAB","A","2007",4.4,"D"
"EST","CTEXAM","INAMBULATORY","1000HAB","A","2008",3.1,"D"
"EST","CTEXAM","INAMBULATORY","1000HAB","A","2009",6.4,"D"
"EST","CTEXAM","INAMBULATORY","1000HAB","A","2010",14.8,
"EST","CTEXAM","INAMBULATORY","1000HAB","A","2011",10.4,"D"
"EST","CTEXAM","INAMBULATORY","1000HAB","A","2012",11.9,"D"
"EST","CTEXAM","INAMBULATORY","1000HAB","A","2013",12.8,"D"
"EST","CTEXAM","INAMBULATORY","1000HAB","A","2014",10.2,"D"
"EST","CTEXAM","INAMBULATORY","1000HAB","A","2015",3.7,"B"
"EST","CTEXAM","INHOSPITAL","1000HAB","A","2003",35,"D"
"EST","CTEXAM","INHOSPITAL","1000HAB","A","2004",51.1,"D"
"EST","CTEXAM","INHOSPITAL","1000HAB","A","2005",68.8,"D"
"EST","CTEXAM","INHOSPITAL","1000HAB","A","2006",90.8,"D"
"EST","CTEXAM","INHOSPITAL","1000HAB","A","2007",119,"D"
"EST","CTEXAM","INHOSPITAL","1000HAB","A","2008",136.7,"D"
"EST","CTEXAM","INHOSPITAL","1000HAB","A","2009",147,"D"
"EST","CTEXAM","INHOSPITAL","1000HAB","A","2010",262.3,
"EST","CTEXAM","INHOSPITAL","1000HAB","A","2011",357.3,"D"
"EST","CTEXAM","INHOSPITAL","1000HAB","A","2012",381.5,"D"
"EST","CTEXAM","INHOSPITAL","1000HAB","A","2013",481.8,"D"
"EST","CTEXAM","INHOSPITAL","1000HAB","A","2014",575,"D"
"EST","CTEXAM","INHOSPITAL","1000HAB","A","2015",148.2,"B"
"ISR","CTEXAM","TOT","1000HAB","A","2007",115.3,
"ISR","CTEXAM","TOT","1000HAB","A","2008",115.7,
"ISR","CTEXAM","TOT","1000HAB","A","2009",122.7,
"ISR","CTEXAM","TOT","1000HAB","A","2010",127.2,
"ISR","CTEXAM","TOT","1000HAB","A","2011",126.6,
"ISR","CTEXAM","TOT","1000HAB","A","2012",139.1,
"ISR","CTEXAM","TOT","1000HAB","A","2013",141.3,
"ISR","CTEXAM","TOT","1000HAB","A","2014",140.6,
"ISR","CTEXAM","TOT","1000HAB","A","2015",131.3,
"ISR","CTEXAM","INAMBULATORY","1000HAB","A","2007",20.9,
"ISR","CTEXAM","INAMBULATORY","1000HAB","A","2008",17.1,
"ISR","CTEXAM","INAMBULATORY","1000HAB","A","2009",16.2,
"ISR","CTEXAM","INAMBULATORY","1000HAB","A","2010",16.5,
"ISR","CTEXAM","INAMBULATORY","1000HAB","A","2011",17.6,
"ISR","CTEXAM","INAMBULATORY","1000HAB","A","2012",20.5,
"ISR","CTEXAM","INAMBULATORY","1000HAB","A","2013",20.1,
"ISR","CTEXAM","INAMBULATORY","1000HAB","A","2014",21.2,
"ISR","CTEXAM","INAMBULATORY","1000HAB","A","2015",25.1,
"ISR","CTEXAM","INHOSPITAL","1000HAB","A","2007",94.4,
"ISR","CTEXAM","INHOSPITAL","1000HAB","A","2008",98.6,
"ISR","CTEXAM","INHOSPITAL","1000HAB","A","2009",106.6,
"ISR","CTEXAM","INHOSPITAL","1000HAB","A","2010",110.8,
"ISR","CTEXAM","INHOSPITAL","1000HAB","A","2011",109,
"ISR","CTEXAM","INHOSPITAL","1000HAB","A","2012",118.6,
"ISR","CTEXAM","INHOSPITAL","1000HAB","A","2013",121.2,
"ISR","CTEXAM","INHOSPITAL","1000HAB","A","2014",119.4,
"ISR","CTEXAM","INHOSPITAL","1000HAB","A","2015",106.1,
"SVN","CTEXAM","TOT","1000HAB","A","2005",32.7,
"SVN","CTEXAM","TOT","1000HAB","A","2006",32.9,
"SVN","CTEXAM","TOT","1000HAB","A","2007",35.2,
"SVN","CTEXAM","TOT","1000HAB","A","2008",41,
"SVN","CTEXAM","TOT","1000HAB","A","2009",42.6,
"SVN","CTEXAM","TOT","1000HAB","A","2010",48.9,
"SVN","CTEXAM","TOT","1000HAB","A","2011",51.3,
"SVN","CTEXAM","TOT","1000HAB","A","2012",52.6,
"SVN","CTEXAM","TOT","1000HAB","A","2013",55.1,
"SVN","CTEXAM","TOT","1000HAB","A","2014",57.2,
"SVN","CTEXAM","TOT","1000HAB","A","2015",61.8,
"SVN","CTEXAM","INAMBULATORY","1000HAB","A","2005",23.2,
"SVN","CTEXAM","INAMBULATORY","1000HAB","A","2006",22.1,
"SVN","CTEXAM","INAMBULATORY","1000HAB","A","2007",24.1,
"SVN","CTEXAM","INAMBULATORY","1000HAB","A","2008",29.5,
"SVN","CTEXAM","INAMBULATORY","1000HAB","A","2009",30,
"SVN","CTEXAM","INAMBULATORY","1000HAB","A","2010",36,
"SVN","CTEXAM","INAMBULATORY","1000HAB","A","2011",38.6,
"SVN","CTEXAM","INAMBULATORY","1000HAB","A","2012",39.9,
"SVN","CTEXAM","INAMBULATORY","1000HAB","A","2013",42.3,
"SVN","CTEXAM","INAMBULATORY","1000HAB","A","2014",42.8,
"SVN","CTEXAM","INAMBULATORY","1000HAB","A","2015",47,
"SVN","CTEXAM","INAMBULATORY","1000HAB","A","2016",50.5,
"SVN","CTEXAM","INHOSPITAL","1000HAB","A","2004",6,
"SVN","CTEXAM","INHOSPITAL","1000HAB","A","2005",9.6,
"SVN","CTEXAM","INHOSPITAL","1000HAB","A","2006",10.8,
"SVN","CTEXAM","INHOSPITAL","1000HAB","A","2007",11.1,
"SVN","CTEXAM","INHOSPITAL","1000HAB","A","2008",11.5,
"SVN","CTEXAM","INHOSPITAL","1000HAB","A","2009",12.6,
"SVN","CTEXAM","INHOSPITAL","1000HAB","A","2010",12.8,
"SVN","CTEXAM","INHOSPITAL","1000HAB","A","2011",12.6,
"SVN","CTEXAM","INHOSPITAL","1000HAB","A","2012",12.7,
"SVN","CTEXAM","INHOSPITAL","1000HAB","A","2013",12.8,
"SVN","CTEXAM","INHOSPITAL","1000HAB","A","2014",14.4,
"SVN","CTEXAM","INHOSPITAL","1000HAB","A","2015",14.9,
"CHE","CTEXAM","INHOSPITAL","1000HAB","A","2013",90.3,
"CHE","CTEXAM","INHOSPITAL","1000HAB","A","2014",98.2,
"CHE","CTEXAM","INHOSPITAL","1000HAB","A","2015",100.3,
"LVA","CTEXAM","TOT","1000HAB","A","2003",110,
"LVA","CTEXAM","TOT","1000HAB","A","2004",56,
"LVA","CTEXAM","TOT","1000HAB","A","2005",65,
"LVA","CTEXAM","TOT","1000HAB","A","2006",82.3,
"LVA","CTEXAM","TOT","1000HAB","A","2007",101.9,
"LVA","CTEXAM","TOT","1000HAB","A","2008",111.2,
"LVA","CTEXAM","TOT","1000HAB","A","2009",99.1,
"LVA","CTEXAM","TOT","1000HAB","A","2010",124.8,
"LVA","CTEXAM","TOT","1000HAB","A","2011",161,
"LVA","CTEXAM","TOT","1000HAB","A","2012",154,
"LVA","CTEXAM","TOT","1000HAB","A","2013",158.5,
"LVA","CTEXAM","TOT","1000HAB","A","2014",159.5,
"LVA","CTEXAM","TOT","1000HAB","A","2015",168.5,
"LVA","CTEXAM","INAMBULATORY","1000HAB","A","2003",43.8,
"LVA","CTEXAM","INAMBULATORY","1000HAB","A","2004",27,
"LVA","CTEXAM","INAMBULATORY","1000HAB","A","2005",29.8,
"LVA","CTEXAM","INAMBULATORY","1000HAB","A","2006",41.8,
"LVA","CTEXAM","INAMBULATORY","1000HAB","A","2007",59.3,
"LVA","CTEXAM","INAMBULATORY","1000HAB","A","2008",62.6,
"LVA","CTEXAM","INAMBULATORY","1000HAB","A","2009",54.8,
"LVA","CTEXAM","INAMBULATORY","1000HAB","A","2010",71.4,
"LVA","CTEXAM","INAMBULATORY","1000HAB","A","2011",96.6,
"LVA","CTEXAM","INAMBULATORY","1000HAB","A","2012",92.8,
"LVA","CTEXAM","INAMBULATORY","1000HAB","A","2013",92.2,
"LVA","CTEXAM","INAMBULATORY","1000HAB","A","2014",88.2,
"LVA","CTEXAM","INAMBULATORY","1000HAB","A","2015",94.4,
"LVA","CTEXAM","INHOSPITAL","1000HAB","A","2003",66.2,
"LVA","CTEXAM","INHOSPITAL","1000HAB","A","2004",28.9,
"LVA","CTEXAM","INHOSPITAL","1000HAB","A","2005",35.2,
"LVA","CTEXAM","INHOSPITAL","1000HAB","A","2006",40.5,
"LVA","CTEXAM","INHOSPITAL","1000HAB","A","2007",42.7,
"LVA","CTEXAM","INHOSPITAL","1000HAB","A","2008",48.6,
"LVA","CTEXAM","INHOSPITAL","1000HAB","A","2009",44.2,
"LVA","CTEXAM","INHOSPITAL","1000HAB","A","2010",53.4,
"LVA","CTEXAM","INHOSPITAL","1000HAB","A","2011",64.4,
"LVA","CTEXAM","INHOSPITAL","1000HAB","A","2012",61.2,
"LVA","CTEXAM","INHOSPITAL","1000HAB","A","2013",66.3,
"LVA","CTEXAM","INHOSPITAL","1000HAB","A","2014",71.3,
"LVA","CTEXAM","INHOSPITAL","1000HAB","A","2015",74.1,
"LTU","CTEXAM","TOT","1000HAB","A","2006",42.7,
"LTU","CTEXAM","TOT","1000HAB","A","2007",47.9,
"LTU","CTEXAM","TOT","1000HAB","A","2008",52,
"LTU","CTEXAM","TOT","1000HAB","A","2009",56.4,
"LTU","CTEXAM","TOT","1000HAB","A","2010",61.3,
"LTU","CTEXAM","TOT","1000HAB","A","2011",71.6,
"LTU","CTEXAM","TOT","1000HAB","A","2012",77.4,
"LTU","CTEXAM","TOT","1000HAB","A","2013",87.2,
"LTU","CTEXAM","TOT","1000HAB","A","2014",88.6,
"LTU","CTEXAM","TOT","1000HAB","A","2015",94.8,
"LTU","CTEXAM","INAMBULATORY","1000HAB","A","2006",2.1,
"LTU","CTEXAM","INAMBULATORY","1000HAB","A","2007",3,
"LTU","CTEXAM","INAMBULATORY","1000HAB","A","2008",2.1,
"LTU","CTEXAM","INAMBULATORY","1000HAB","A","2009",3,
"LTU","CTEXAM","INAMBULATORY","1000HAB","A","2010",3.9,
"LTU","CTEXAM","INAMBULATORY","1000HAB","A","2011",6.5,
"LTU","CTEXAM","INAMBULATORY","1000HAB","A","2012",8,
"LTU","CTEXAM","INAMBULATORY","1000HAB","A","2013",8.1,
"LTU","CTEXAM","INAMBULATORY","1000HAB","A","2014",7.3,
"LTU","CTEXAM","INAMBULATORY","1000HAB","A","2015",7.2,
"LTU","CTEXAM","INHOSPITAL","1000HAB","A","2006",40.6,
"LTU","CTEXAM","INHOSPITAL","1000HAB","A","2007",44.9,
"LTU","CTEXAM","INHOSPITAL","1000HAB","A","2008",49.9,
"LTU","CTEXAM","INHOSPITAL","1000HAB","A","2009",53.4,
"LTU","CTEXAM","INHOSPITAL","1000HAB","A","2010",57.4,
"LTU","CTEXAM","INHOSPITAL","1000HAB","A","2011",65.1,
"LTU","CTEXAM","INHOSPITAL","1000HAB","A","2012",69.4,
"LTU","CTEXAM","INHOSPITAL","1000HAB","A","2013",79.1,
"LTU","CTEXAM","INHOSPITAL","1000HAB","A","2014",81.3,
"LTU","CTEXAM","INHOSPITAL","1000HAB","A","2015",87.5,
"JPN","CTEXAM","TOT","1000HAB","A","2014",230.8,
"JPN","CTEXAM","INAMBULATORY","1000HAB","A","2014",150,
"JPN","CTEXAM","INHOSPITAL","1000HAB","A","2014",80.8,
