﻿"LOCATION","INDICATOR","SUBJECT","MEASURE","FREQUENCY","TIME","Value","Flag Codes"
"AUS","HOSPITALDISCHARGE","TOT","100000HAB","A","1993",16504.2,
"AUS","HOSPITALDISCHARGE","TOT","100000HAB","A","1994",16352.3,
"AUS","HOSPITALDISCHARGE","TOT","100000HAB","A","1995",16468.7,
"AUS","HOSPITALDISCHARGE","TOT","100000HAB","A","1996",16136.5,
"AUS","HOSPITALDISCHARGE","TOT","100000HAB","A","1997",16170.4,
"AUS","HOSPITALDISCHARGE","TOT","100000HAB","A","1998",16037.3,
"AUS","HOSPITALDISCHARGE","TOT","100000HAB","A","1999",15891.6,
"AUS","HOSPITALDISCHARGE","TOT","100000HAB","A","2000",15892.1,
"AUS","HOSPITALDISCHARGE","TOT","100000HAB","A","2001",15788,
"AUS","HOSPITALDISCHARGE","TOT","100000HAB","A","2002",15747.8,
"AUS","HOSPITALDISCHARGE","TOT","100000HAB","A","2003",15825.8,
"AUS","HOSPITALDISCHARGE","TOT","100000HAB","A","2004",15889.9,
"AUS","HOSPITALDISCHARGE","TOT","100000HAB","A","2005",16177.5,
"AUS","HOSPITALDISCHARGE","TOT","100000HAB","A","2006",16402.3,
"AUS","HOSPITALDISCHARGE","TOT","100000HAB","A","2007",16506.8,
"AUS","HOSPITALDISCHARGE","TOT","100000HAB","A","2008",16427.9,
"AUS","HOSPITALDISCHARGE","TOT","100000HAB","A","2009",16593.9,
"AUS","HOSPITALDISCHARGE","TOT","100000HAB","A","2010",16890.7,
"AUS","HOSPITALDISCHARGE","TOT","100000HAB","A","2011",17264.1,
"AUS","HOSPITALDISCHARGE","TOT","100000HAB","A","2012",17260.2,
"AUS","HOSPITALDISCHARGE","TOT","100000HAB","A","2013",17239.7,
"AUS","HOSPITALDISCHARGE","TOT","100000HAB","A","2014",17398.8,
"AUT","HOSPITALDISCHARGE","TOT","100000HAB","A","1989",21597.9,
"AUT","HOSPITALDISCHARGE","TOT","100000HAB","A","1990",22168,
"AUT","HOSPITALDISCHARGE","TOT","100000HAB","A","1991",22206.9,
"AUT","HOSPITALDISCHARGE","TOT","100000HAB","A","1992",22062.6,
"AUT","HOSPITALDISCHARGE","TOT","100000HAB","A","1993",22204.6,
"AUT","HOSPITALDISCHARGE","TOT","100000HAB","A","1994",22867.7,
"AUT","HOSPITALDISCHARGE","TOT","100000HAB","A","1995",23093.6,
"AUT","HOSPITALDISCHARGE","TOT","100000HAB","A","1996",23436.6,
"AUT","HOSPITALDISCHARGE","TOT","100000HAB","A","1997",24517.8,"B"
"AUT","HOSPITALDISCHARGE","TOT","100000HAB","A","1998",25296.8,
"AUT","HOSPITALDISCHARGE","TOT","100000HAB","A","1999",25764.6,
"AUT","HOSPITALDISCHARGE","TOT","100000HAB","A","2000",25933.3,
"AUT","HOSPITALDISCHARGE","TOT","100000HAB","A","2001",26057.9,
"AUT","HOSPITALDISCHARGE","TOT","100000HAB","A","2002",26393,
"AUT","HOSPITALDISCHARGE","TOT","100000HAB","A","2003",26598.7,
"AUT","HOSPITALDISCHARGE","TOT","100000HAB","A","2004",27361.3,
"AUT","HOSPITALDISCHARGE","TOT","100000HAB","A","2005",27317.1,
"AUT","HOSPITALDISCHARGE","TOT","100000HAB","A","2006",27655.9,
"AUT","HOSPITALDISCHARGE","TOT","100000HAB","A","2007",27934.4,
"AUT","HOSPITALDISCHARGE","TOT","100000HAB","A","2008",28114.5,
"AUT","HOSPITALDISCHARGE","TOT","100000HAB","A","2009",27913,
"AUT","HOSPITALDISCHARGE","TOT","100000HAB","A","2010",27637,
"AUT","HOSPITALDISCHARGE","TOT","100000HAB","A","2011",27442.7,
"AUT","HOSPITALDISCHARGE","TOT","100000HAB","A","2012",27029.6,
"AUT","HOSPITALDISCHARGE","TOT","100000HAB","A","2013",26558.1,
"AUT","HOSPITALDISCHARGE","TOT","100000HAB","A","2014",26275.5,
"AUT","HOSPITALDISCHARGE","TOT","100000HAB","A","2015",25581.1,
"BEL","HOSPITALDISCHARGE","TOT","100000HAB","A","2000",16301,
"BEL","HOSPITALDISCHARGE","TOT","100000HAB","A","2001",16209.7,
"BEL","HOSPITALDISCHARGE","TOT","100000HAB","A","2002",16003.2,
"BEL","HOSPITALDISCHARGE","TOT","100000HAB","A","2003",16092.4,
"BEL","HOSPITALDISCHARGE","TOT","100000HAB","A","2004",16067.3,
"BEL","HOSPITALDISCHARGE","TOT","100000HAB","A","2005",17241.5,"B"
"BEL","HOSPITALDISCHARGE","TOT","100000HAB","A","2006",17014.2,
"BEL","HOSPITALDISCHARGE","TOT","100000HAB","A","2007",16940.3,
"BEL","HOSPITALDISCHARGE","TOT","100000HAB","A","2008",17072.4,
"BEL","HOSPITALDISCHARGE","TOT","100000HAB","A","2009",17057.9,
"BEL","HOSPITALDISCHARGE","TOT","100000HAB","A","2010",17051.4,
"BEL","HOSPITALDISCHARGE","TOT","100000HAB","A","2011",16954,
"BEL","HOSPITALDISCHARGE","TOT","100000HAB","A","2012",16989.8,
"BEL","HOSPITALDISCHARGE","TOT","100000HAB","A","2013",16854.3,
"BEL","HOSPITALDISCHARGE","TOT","100000HAB","A","2014",16926.7,
"CAN","HOSPITALDISCHARGE","TOT","100000HAB","A","1980",14365.9,
"CAN","HOSPITALDISCHARGE","TOT","100000HAB","A","1981",14187.2,
"CAN","HOSPITALDISCHARGE","TOT","100000HAB","A","1982",14179.9,
"CAN","HOSPITALDISCHARGE","TOT","100000HAB","A","1983",14157.7,
"CAN","HOSPITALDISCHARGE","TOT","100000HAB","A","1984",14091.6,
"CAN","HOSPITALDISCHARGE","TOT","100000HAB","A","1985",13974.9,
"CAN","HOSPITALDISCHARGE","TOT","100000HAB","A","1986",13949,
"CAN","HOSPITALDISCHARGE","TOT","100000HAB","A","1987",13814.3,
"CAN","HOSPITALDISCHARGE","TOT","100000HAB","A","1988",13445.5,
"CAN","HOSPITALDISCHARGE","TOT","100000HAB","A","1989",13111.6,
"CAN","HOSPITALDISCHARGE","TOT","100000HAB","A","1990",12902.4,
"CAN","HOSPITALDISCHARGE","TOT","100000HAB","A","1991",12747,
"CAN","HOSPITALDISCHARGE","TOT","100000HAB","A","1992",12292.1,
"CAN","HOSPITALDISCHARGE","TOT","100000HAB","A","1993",11995.7,
"CAN","HOSPITALDISCHARGE","TOT","100000HAB","A","1994",11583.6,"B"
"CAN","HOSPITALDISCHARGE","TOT","100000HAB","A","1995",11047.3,
"CAN","HOSPITALDISCHARGE","TOT","100000HAB","A","1996",10414.3,
"CAN","HOSPITALDISCHARGE","TOT","100000HAB","A","1997",10112.8,
"CAN","HOSPITALDISCHARGE","TOT","100000HAB","A","1998",9910.8,
"CAN","HOSPITALDISCHARGE","TOT","100000HAB","A","1999",9685.4,
"CAN","HOSPITALDISCHARGE","TOT","100000HAB","A","2000",9402,
"CAN","HOSPITALDISCHARGE","TOT","100000HAB","A","2001",9083.5,
"CAN","HOSPITALDISCHARGE","TOT","100000HAB","A","2002",8832.2,
"CAN","HOSPITALDISCHARGE","TOT","100000HAB","A","2003",8805.4,
"CAN","HOSPITALDISCHARGE","TOT","100000HAB","A","2004",8760.5,
"CAN","HOSPITALDISCHARGE","TOT","100000HAB","A","2005",8731.3,
"CAN","HOSPITALDISCHARGE","TOT","100000HAB","A","2006",8575.1,
"CAN","HOSPITALDISCHARGE","TOT","100000HAB","A","2007",8448.1,
"CAN","HOSPITALDISCHARGE","TOT","100000HAB","A","2008",8365.2,
"CAN","HOSPITALDISCHARGE","TOT","100000HAB","A","2009",8282.9,
"CAN","HOSPITALDISCHARGE","TOT","100000HAB","A","2010",8276.5,
"CAN","HOSPITALDISCHARGE","TOT","100000HAB","A","2011",8350,
"CAN","HOSPITALDISCHARGE","TOT","100000HAB","A","2012",8351.9,
"CAN","HOSPITALDISCHARGE","TOT","100000HAB","A","2013",8437.6,"B"
"CAN","HOSPITALDISCHARGE","TOT","100000HAB","A","2014",8414.4,
"CAN","HOSPITALDISCHARGE","TOT","100000HAB","A","2015",8431.6,
"CZE","HOSPITALDISCHARGE","TOT","100000HAB","A","2000",20289.6,
"CZE","HOSPITALDISCHARGE","TOT","100000HAB","A","2001",20516,
"CZE","HOSPITALDISCHARGE","TOT","100000HAB","A","2002",21209.4,
"CZE","HOSPITALDISCHARGE","TOT","100000HAB","A","2003",21870.1,
"CZE","HOSPITALDISCHARGE","TOT","100000HAB","A","2004",22344.2,
"CZE","HOSPITALDISCHARGE","TOT","100000HAB","A","2005",22365.5,
"CZE","HOSPITALDISCHARGE","TOT","100000HAB","A","2006",21652.2,
"CZE","HOSPITALDISCHARGE","TOT","100000HAB","A","2007",21541.4,
"CZE","HOSPITALDISCHARGE","TOT","100000HAB","A","2008",21118.3,
"CZE","HOSPITALDISCHARGE","TOT","100000HAB","A","2009",20899.6,
"CZE","HOSPITALDISCHARGE","TOT","100000HAB","A","2010",20592.1,
"CZE","HOSPITALDISCHARGE","TOT","100000HAB","A","2011",20196.3,
"CZE","HOSPITALDISCHARGE","TOT","100000HAB","A","2012",20054.5,
"CZE","HOSPITALDISCHARGE","TOT","100000HAB","A","2013",20377.3,
"CZE","HOSPITALDISCHARGE","TOT","100000HAB","A","2014",20627.4,
"CZE","HOSPITALDISCHARGE","TOT","100000HAB","A","2015",20347.4,
"DNK","HOSPITALDISCHARGE","TOT","100000HAB","A","2001",15637.4,
"DNK","HOSPITALDISCHARGE","TOT","100000HAB","A","2002",15876.1,
"DNK","HOSPITALDISCHARGE","TOT","100000HAB","A","2003",15913.7,
"DNK","HOSPITALDISCHARGE","TOT","100000HAB","A","2004",16024.5,
"DNK","HOSPITALDISCHARGE","TOT","100000HAB","A","2005",15966.8,
"DNK","HOSPITALDISCHARGE","TOT","100000HAB","A","2006",16023.7,
"DNK","HOSPITALDISCHARGE","TOT","100000HAB","A","2007",15996.4,
"DNK","HOSPITALDISCHARGE","TOT","100000HAB","A","2008",15679.6,
"DNK","HOSPITALDISCHARGE","TOT","100000HAB","A","2009",16031,
"DNK","HOSPITALDISCHARGE","TOT","100000HAB","A","2010",16075.5,
"DNK","HOSPITALDISCHARGE","TOT","100000HAB","A","2011",15660.6,
"DNK","HOSPITALDISCHARGE","TOT","100000HAB","A","2012",15346,
"DNK","HOSPITALDISCHARGE","TOT","100000HAB","A","2013",15173.4,
"DNK","HOSPITALDISCHARGE","TOT","100000HAB","A","2014",15156.3,
"DNK","HOSPITALDISCHARGE","TOT","100000HAB","A","2015",14775.2,
"DNK","HOSPITALDISCHARGE","TOT","100000HAB","A","2016",14544.4,
"FIN","HOSPITALDISCHARGE","TOT","100000HAB","A","2001",21349.1,
"FIN","HOSPITALDISCHARGE","TOT","100000HAB","A","2002",21047.3,
"FIN","HOSPITALDISCHARGE","TOT","100000HAB","A","2003",20817.3,
"FIN","HOSPITALDISCHARGE","TOT","100000HAB","A","2004",20483.5,
"FIN","HOSPITALDISCHARGE","TOT","100000HAB","A","2005",20130.4,
"FIN","HOSPITALDISCHARGE","TOT","100000HAB","A","2006",19624.1,
"FIN","HOSPITALDISCHARGE","TOT","100000HAB","A","2007",19007.6,
"FIN","HOSPITALDISCHARGE","TOT","100000HAB","A","2008",18834.1,
"FIN","HOSPITALDISCHARGE","TOT","100000HAB","A","2009",18441.1,
"FIN","HOSPITALDISCHARGE","TOT","100000HAB","A","2010",18159.2,
"FIN","HOSPITALDISCHARGE","TOT","100000HAB","A","2011",18007.3,
"FIN","HOSPITALDISCHARGE","TOT","100000HAB","A","2012",17747.7,
"FIN","HOSPITALDISCHARGE","TOT","100000HAB","A","2013",17315.2,
"FIN","HOSPITALDISCHARGE","TOT","100000HAB","A","2014",17202.4,
"FIN","HOSPITALDISCHARGE","TOT","100000HAB","A","2015",16894.4,
"FRA","HOSPITALDISCHARGE","TOT","100000HAB","A","1997",19026.4,
"FRA","HOSPITALDISCHARGE","TOT","100000HAB","A","1998",19042.5,
"FRA","HOSPITALDISCHARGE","TOT","100000HAB","A","1999",18994.3,
"FRA","HOSPITALDISCHARGE","TOT","100000HAB","A","2000",18953.8,
"FRA","HOSPITALDISCHARGE","TOT","100000HAB","A","2001",18461.9,
"FRA","HOSPITALDISCHARGE","TOT","100000HAB","A","2002",17993.3,
"FRA","HOSPITALDISCHARGE","TOT","100000HAB","A","2003",17693,
"FRA","HOSPITALDISCHARGE","TOT","100000HAB","A","2004",17558.2,
"FRA","HOSPITALDISCHARGE","TOT","100000HAB","A","2005",17404,
"FRA","HOSPITALDISCHARGE","TOT","100000HAB","A","2006",17298.5,
"FRA","HOSPITALDISCHARGE","TOT","100000HAB","A","2007",17087.6,
"FRA","HOSPITALDISCHARGE","TOT","100000HAB","A","2008",17071.7,
"FRA","HOSPITALDISCHARGE","TOT","100000HAB","A","2009",17036.7,
"FRA","HOSPITALDISCHARGE","TOT","100000HAB","A","2010",16872.8,
"FRA","HOSPITALDISCHARGE","TOT","100000HAB","A","2011",16861.7,
"FRA","HOSPITALDISCHARGE","TOT","100000HAB","A","2012",16839.4,
"FRA","HOSPITALDISCHARGE","TOT","100000HAB","A","2013",16614.8,
"FRA","HOSPITALDISCHARGE","TOT","100000HAB","A","2014",16518.8,
"FRA","HOSPITALDISCHARGE","TOT","100000HAB","A","2015",16344.4,
"DEU","HOSPITALDISCHARGE","TOT","100000HAB","A","1994",17750.1,
"DEU","HOSPITALDISCHARGE","TOT","100000HAB","A","1995",18159.3,
"DEU","HOSPITALDISCHARGE","TOT","100000HAB","A","1996",18551.5,
"DEU","HOSPITALDISCHARGE","TOT","100000HAB","A","1997",18843.3,
"DEU","HOSPITALDISCHARGE","TOT","100000HAB","A","1998",19426.7,
"DEU","HOSPITALDISCHARGE","TOT","100000HAB","A","1999",19729.5,
"DEU","HOSPITALDISCHARGE","TOT","100000HAB","A","2000",19960.9,
"DEU","HOSPITALDISCHARGE","TOT","100000HAB","A","2001",20059.9,
"DEU","HOSPITALDISCHARGE","TOT","100000HAB","A","2002",20203.8,
"DEU","HOSPITALDISCHARGE","TOT","100000HAB","A","2003",21939.6,"B"
"DEU","HOSPITALDISCHARGE","TOT","100000HAB","A","2004",21923.1,
"DEU","HOSPITALDISCHARGE","TOT","100000HAB","A","2005",21840.1,
"DEU","HOSPITALDISCHARGE","TOT","100000HAB","A","2006",22040.9,
"DEU","HOSPITALDISCHARGE","TOT","100000HAB","A","2007",22710.2,
"DEU","HOSPITALDISCHARGE","TOT","100000HAB","A","2008",23258.7,
"DEU","HOSPITALDISCHARGE","TOT","100000HAB","A","2009",23670.3,
"DEU","HOSPITALDISCHARGE","TOT","100000HAB","A","2010",23993.5,
"DEU","HOSPITALDISCHARGE","TOT","100000HAB","A","2011",24750.8,
"DEU","HOSPITALDISCHARGE","TOT","100000HAB","A","2012",25093.1,
"DEU","HOSPITALDISCHARGE","TOT","100000HAB","A","2013",25224.3,
"DEU","HOSPITALDISCHARGE","TOT","100000HAB","A","2014",25602.3,
"DEU","HOSPITALDISCHARGE","TOT","100000HAB","A","2015",25534.3,
"GRC","HOSPITALDISCHARGE","TOT","100000HAB","A","1980",11763,
"GRC","HOSPITALDISCHARGE","TOT","100000HAB","A","1981",11763.1,
"GRC","HOSPITALDISCHARGE","TOT","100000HAB","A","1982",11862.9,
"GRC","HOSPITALDISCHARGE","TOT","100000HAB","A","1983",11923.3,
"GRC","HOSPITALDISCHARGE","TOT","100000HAB","A","1984",12001.7,
"GRC","HOSPITALDISCHARGE","TOT","100000HAB","A","1985",11903.5,
"GRC","HOSPITALDISCHARGE","TOT","100000HAB","A","1986",12057.3,
"GRC","HOSPITALDISCHARGE","TOT","100000HAB","A","1987",12044,
"GRC","HOSPITALDISCHARGE","TOT","100000HAB","A","1988",12345.4,
"GRC","HOSPITALDISCHARGE","TOT","100000HAB","A","1989",12581.1,
"GRC","HOSPITALDISCHARGE","TOT","100000HAB","A","1990",12554,
"GRC","HOSPITALDISCHARGE","TOT","100000HAB","A","1991",13056.1,
"GRC","HOSPITALDISCHARGE","TOT","100000HAB","A","1992",13565.9,
"GRC","HOSPITALDISCHARGE","TOT","100000HAB","A","1993",13777.6,
"GRC","HOSPITALDISCHARGE","TOT","100000HAB","A","1994",13473.2,
"GRC","HOSPITALDISCHARGE","TOT","100000HAB","A","1995",14174.8,
"GRC","HOSPITALDISCHARGE","TOT","100000HAB","A","1996",14219.4,
"GRC","HOSPITALDISCHARGE","TOT","100000HAB","A","1997",14566.2,
"GRC","HOSPITALDISCHARGE","TOT","100000HAB","A","1998",15118.4,
"GRC","HOSPITALDISCHARGE","TOT","100000HAB","A","1999",15587.9,
"GRC","HOSPITALDISCHARGE","TOT","100000HAB","A","2000",16242.5,
"GRC","HOSPITALDISCHARGE","TOT","100000HAB","A","2001",16602,
"GRC","HOSPITALDISCHARGE","TOT","100000HAB","A","2002",17240.7,
"GRC","HOSPITALDISCHARGE","TOT","100000HAB","A","2003",17757.1,
"GRC","HOSPITALDISCHARGE","TOT","100000HAB","A","2004",18585.4,
"GRC","HOSPITALDISCHARGE","TOT","100000HAB","A","2005",18990.2,
"GRC","HOSPITALDISCHARGE","TOT","100000HAB","A","2006",19271.8,
"GRC","HOSPITALDISCHARGE","TOT","100000HAB","A","2007",19742.7,
"GRC","HOSPITALDISCHARGE","TOT","100000HAB","A","2008",20050.2,
"GRC","HOSPITALDISCHARGE","TOT","100000HAB","A","2009",20636.4,
"GRC","HOSPITALDISCHARGE","TOT","100000HAB","A","2010",19960.1,
"GRC","HOSPITALDISCHARGE","TOT","100000HAB","A","2011",19802.6,
"GRC","HOSPITALDISCHARGE","TOT","100000HAB","A","2012",19645.6,
"HUN","HOSPITALDISCHARGE","TOT","100000HAB","A","2004",24995.1,
"HUN","HOSPITALDISCHARGE","TOT","100000HAB","A","2005",25301.1,
"HUN","HOSPITALDISCHARGE","TOT","100000HAB","A","2006",24501.3,
"HUN","HOSPITALDISCHARGE","TOT","100000HAB","A","2007",20957.3,
"HUN","HOSPITALDISCHARGE","TOT","100000HAB","A","2008",21035.9,
"HUN","HOSPITALDISCHARGE","TOT","100000HAB","A","2009",21189.8,
"HUN","HOSPITALDISCHARGE","TOT","100000HAB","A","2010",20522.3,
"HUN","HOSPITALDISCHARGE","TOT","100000HAB","A","2011",20515.7,
"HUN","HOSPITALDISCHARGE","TOT","100000HAB","A","2012",20116,
"HUN","HOSPITALDISCHARGE","TOT","100000HAB","A","2013",20201.2,
"HUN","HOSPITALDISCHARGE","TOT","100000HAB","A","2014",20342.8,
"HUN","HOSPITALDISCHARGE","TOT","100000HAB","A","2015",20008,
"ISL","HOSPITALDISCHARGE","TOT","100000HAB","A","2000",18184.6,
"ISL","HOSPITALDISCHARGE","TOT","100000HAB","A","2001",17864.3,
"ISL","HOSPITALDISCHARGE","TOT","100000HAB","A","2002",18170.2,
"ISL","HOSPITALDISCHARGE","TOT","100000HAB","A","2003",16871,
"ISL","HOSPITALDISCHARGE","TOT","100000HAB","A","2004",17004.8,
"ISL","HOSPITALDISCHARGE","TOT","100000HAB","A","2005",17192.4,
"ISL","HOSPITALDISCHARGE","TOT","100000HAB","A","2006",16035.3,
"ISL","HOSPITALDISCHARGE","TOT","100000HAB","A","2007",14156.7,
"ISL","HOSPITALDISCHARGE","TOT","100000HAB","A","2008",14557.2,
"ISL","HOSPITALDISCHARGE","TOT","100000HAB","A","2009",13935.9,
"ISL","HOSPITALDISCHARGE","TOT","100000HAB","A","2011",12951.3,
"ISL","HOSPITALDISCHARGE","TOT","100000HAB","A","2012",12783.4,
"ISL","HOSPITALDISCHARGE","TOT","100000HAB","A","2013",12332.3,
"ISL","HOSPITALDISCHARGE","TOT","100000HAB","A","2014",11881.5,
"IRL","HOSPITALDISCHARGE","TOT","100000HAB","A","1995",11950.4,
"IRL","HOSPITALDISCHARGE","TOT","100000HAB","A","1996",11902.1,
"IRL","HOSPITALDISCHARGE","TOT","100000HAB","A","1997",11758.9,
"IRL","HOSPITALDISCHARGE","TOT","100000HAB","A","1998",11539.8,
"IRL","HOSPITALDISCHARGE","TOT","100000HAB","A","1999",11352.3,
"IRL","HOSPITALDISCHARGE","TOT","100000HAB","A","2000",13805.8,"B"
"IRL","HOSPITALDISCHARGE","TOT","100000HAB","A","2001",14026.1,
"IRL","HOSPITALDISCHARGE","TOT","100000HAB","A","2002",13714.2,
"IRL","HOSPITALDISCHARGE","TOT","100000HAB","A","2003",13718.7,
"IRL","HOSPITALDISCHARGE","TOT","100000HAB","A","2004",13798.6,
"IRL","HOSPITALDISCHARGE","TOT","100000HAB","A","2005",13579.3,"B"
"IRL","HOSPITALDISCHARGE","TOT","100000HAB","A","2006",13638.5,
"IRL","HOSPITALDISCHARGE","TOT","100000HAB","A","2007",13612.9,
"IRL","HOSPITALDISCHARGE","TOT","100000HAB","A","2008",13308.4,
"IRL","HOSPITALDISCHARGE","TOT","100000HAB","A","2009",13024.2,
"IRL","HOSPITALDISCHARGE","TOT","100000HAB","A","2010",12909.8,
"IRL","HOSPITALDISCHARGE","TOT","100000HAB","A","2011",12872,
"IRL","HOSPITALDISCHARGE","TOT","100000HAB","A","2012",13661,
"IRL","HOSPITALDISCHARGE","TOT","100000HAB","A","2013",13531.5,
"IRL","HOSPITALDISCHARGE","TOT","100000HAB","A","2014",13685.4,
"IRL","HOSPITALDISCHARGE","TOT","100000HAB","A","2015",13560.6,
"ITA","HOSPITALDISCHARGE","TOT","100000HAB","A","2001",17268.3,
"ITA","HOSPITALDISCHARGE","TOT","100000HAB","A","2002",16802.5,
"ITA","HOSPITALDISCHARGE","TOT","100000HAB","A","2003",16007.6,
"ITA","HOSPITALDISCHARGE","TOT","100000HAB","A","2004",15785.9,
"ITA","HOSPITALDISCHARGE","TOT","100000HAB","A","2005",15488.6,
"ITA","HOSPITALDISCHARGE","TOT","100000HAB","A","2006",15370.6,
"ITA","HOSPITALDISCHARGE","TOT","100000HAB","A","2007",14864.3,
"ITA","HOSPITALDISCHARGE","TOT","100000HAB","A","2008",14526.1,
"ITA","HOSPITALDISCHARGE","TOT","100000HAB","A","2009",14238.3,
"ITA","HOSPITALDISCHARGE","TOT","100000HAB","A","2010",13820.3,
"ITA","HOSPITALDISCHARGE","TOT","100000HAB","A","2011",13238.2,
"ITA","HOSPITALDISCHARGE","TOT","100000HAB","A","2012",12878.3,
"ITA","HOSPITALDISCHARGE","TOT","100000HAB","A","2013",12376.7,
"ITA","HOSPITALDISCHARGE","TOT","100000HAB","A","2014",12003.5,
"ITA","HOSPITALDISCHARGE","TOT","100000HAB","A","2015",11856.2,
"JPN","HOSPITALDISCHARGE","TOT","100000HAB","A","1993",9668.7,
"JPN","HOSPITALDISCHARGE","TOT","100000HAB","A","1996",10009.4,
"JPN","HOSPITALDISCHARGE","TOT","100000HAB","A","1999",10434.1,
"JPN","HOSPITALDISCHARGE","TOT","100000HAB","A","2002",10196.3,
"JPN","HOSPITALDISCHARGE","TOT","100000HAB","A","2005",10549.7,
"JPN","HOSPITALDISCHARGE","TOT","100000HAB","A","2008",10676.1,
"JPN","HOSPITALDISCHARGE","TOT","100000HAB","A","2011",11051.8,
"JPN","HOSPITALDISCHARGE","TOT","100000HAB","A","2014",12444.6,"B"
"KOR","HOSPITALDISCHARGE","TOT","100000HAB","A","1996",7359.9,
"KOR","HOSPITALDISCHARGE","TOT","100000HAB","A","1999",8074.7,
"KOR","HOSPITALDISCHARGE","TOT","100000HAB","A","2002",8897.2,
"KOR","HOSPITALDISCHARGE","TOT","100000HAB","A","2005",10142.1,
"KOR","HOSPITALDISCHARGE","TOT","100000HAB","A","2008",12791,
"KOR","HOSPITALDISCHARGE","TOT","100000HAB","A","2009",12635,
"KOR","HOSPITALDISCHARGE","TOT","100000HAB","A","2010",13961.3,
"KOR","HOSPITALDISCHARGE","TOT","100000HAB","A","2011",14692.9,
"KOR","HOSPITALDISCHARGE","TOT","100000HAB","A","2012",15510.5,
"KOR","HOSPITALDISCHARGE","TOT","100000HAB","A","2013",16094,
"KOR","HOSPITALDISCHARGE","TOT","100000HAB","A","2014",15534.3,
"KOR","HOSPITALDISCHARGE","TOT","100000HAB","A","2015",16413.6,
"LUX","HOSPITALDISCHARGE","TOT","100000HAB","A","1998",18599.4,
"LUX","HOSPITALDISCHARGE","TOT","100000HAB","A","1999",19060.5,
"LUX","HOSPITALDISCHARGE","TOT","100000HAB","A","2000",18858.5,
"LUX","HOSPITALDISCHARGE","TOT","100000HAB","A","2001",18516.8,
"LUX","HOSPITALDISCHARGE","TOT","100000HAB","A","2002",18486.1,
"LUX","HOSPITALDISCHARGE","TOT","100000HAB","A","2003",18413.8,
"LUX","HOSPITALDISCHARGE","TOT","100000HAB","A","2004",18279.5,
"LUX","HOSPITALDISCHARGE","TOT","100000HAB","A","2005",17909,
"LUX","HOSPITALDISCHARGE","TOT","100000HAB","A","2006",17442,
"LUX","HOSPITALDISCHARGE","TOT","100000HAB","A","2007",17404.9,
"LUX","HOSPITALDISCHARGE","TOT","100000HAB","A","2008",17335.6,
"LUX","HOSPITALDISCHARGE","TOT","100000HAB","A","2009",16968.7,
"LUX","HOSPITALDISCHARGE","TOT","100000HAB","A","2010",16281.5,
"LUX","HOSPITALDISCHARGE","TOT","100000HAB","A","2011",16398.2,
"LUX","HOSPITALDISCHARGE","TOT","100000HAB","A","2012",15878.4,
"LUX","HOSPITALDISCHARGE","TOT","100000HAB","A","2013",15343.1,
"LUX","HOSPITALDISCHARGE","TOT","100000HAB","A","2014",14980.9,
"LUX","HOSPITALDISCHARGE","TOT","100000HAB","A","2015",14566.8,
"MEX","HOSPITALDISCHARGE","TOT","100000HAB","A","1995",3830.4,
"MEX","HOSPITALDISCHARGE","TOT","100000HAB","A","1996",3788.6,
"MEX","HOSPITALDISCHARGE","TOT","100000HAB","A","1997",3897.4,
"MEX","HOSPITALDISCHARGE","TOT","100000HAB","A","1998",3911.3,
"MEX","HOSPITALDISCHARGE","TOT","100000HAB","A","1999",3984.4,
"MEX","HOSPITALDISCHARGE","TOT","100000HAB","A","2000",4016.6,
"MEX","HOSPITALDISCHARGE","TOT","100000HAB","A","2001",4041.3,
"MEX","HOSPITALDISCHARGE","TOT","100000HAB","A","2002",4095.2,
"MEX","HOSPITALDISCHARGE","TOT","100000HAB","A","2003",4157.2,
"MEX","HOSPITALDISCHARGE","TOT","100000HAB","A","2004",4168.2,
"MEX","HOSPITALDISCHARGE","TOT","100000HAB","A","2005",4236.5,
"MEX","HOSPITALDISCHARGE","TOT","100000HAB","A","2006",4297,
"MEX","HOSPITALDISCHARGE","TOT","100000HAB","A","2007",4483.4,
"MEX","HOSPITALDISCHARGE","TOT","100000HAB","A","2008",4603.5,
"MEX","HOSPITALDISCHARGE","TOT","100000HAB","A","2009",4646.7,
"MEX","HOSPITALDISCHARGE","TOT","100000HAB","A","2010",4649.7,
"MEX","HOSPITALDISCHARGE","TOT","100000HAB","A","2011",4771.9,
"MEX","HOSPITALDISCHARGE","TOT","100000HAB","A","2012",4826,
"MEX","HOSPITALDISCHARGE","TOT","100000HAB","A","2013",4789.8,
"MEX","HOSPITALDISCHARGE","TOT","100000HAB","A","2014",5337.7,"B"
"MEX","HOSPITALDISCHARGE","TOT","100000HAB","A","2015",5198.5,
"NLD","HOSPITALDISCHARGE","TOT","100000HAB","A","1981",11042.6,
"NLD","HOSPITALDISCHARGE","TOT","100000HAB","A","1982",11170.8,
"NLD","HOSPITALDISCHARGE","TOT","100000HAB","A","1983",11174.6,
"NLD","HOSPITALDISCHARGE","TOT","100000HAB","A","1984",10851,
"NLD","HOSPITALDISCHARGE","TOT","100000HAB","A","1985",10724.6,
"NLD","HOSPITALDISCHARGE","TOT","100000HAB","A","1986",10551.9,
"NLD","HOSPITALDISCHARGE","TOT","100000HAB","A","1987",10290.6,
"NLD","HOSPITALDISCHARGE","TOT","100000HAB","A","1988",10223.4,
"NLD","HOSPITALDISCHARGE","TOT","100000HAB","A","1989",10285.6,
"NLD","HOSPITALDISCHARGE","TOT","100000HAB","A","1990",10172.7,
"NLD","HOSPITALDISCHARGE","TOT","100000HAB","A","1991",10139.8,
"NLD","HOSPITALDISCHARGE","TOT","100000HAB","A","1992",10183.5,
"NLD","HOSPITALDISCHARGE","TOT","100000HAB","A","1993",10189.8,
"NLD","HOSPITALDISCHARGE","TOT","100000HAB","A","1994",10323.6,
"NLD","HOSPITALDISCHARGE","TOT","100000HAB","A","1995",10230.3,
"NLD","HOSPITALDISCHARGE","TOT","100000HAB","A","1996",10194.1,
"NLD","HOSPITALDISCHARGE","TOT","100000HAB","A","1997",10074.1,
"NLD","HOSPITALDISCHARGE","TOT","100000HAB","A","1998",9828.8,
"NLD","HOSPITALDISCHARGE","TOT","100000HAB","A","1999",9586.7,
"NLD","HOSPITALDISCHARGE","TOT","100000HAB","A","2000",9265.7,
"NLD","HOSPITALDISCHARGE","TOT","100000HAB","A","2001",9125,
"NLD","HOSPITALDISCHARGE","TOT","100000HAB","A","2002",9388.3,
"NLD","HOSPITALDISCHARGE","TOT","100000HAB","A","2003",9706.4,
"NLD","HOSPITALDISCHARGE","TOT","100000HAB","A","2004",10169.1,
"NLD","HOSPITALDISCHARGE","TOT","100000HAB","A","2005",10414.1,
"NLD","HOSPITALDISCHARGE","TOT","100000HAB","A","2006",10688.7,
"NLD","HOSPITALDISCHARGE","TOT","100000HAB","A","2007",10931,
"NLD","HOSPITALDISCHARGE","TOT","100000HAB","A","2008",11253.6,
"NLD","HOSPITALDISCHARGE","TOT","100000HAB","A","2009",11583.7,
"NLD","HOSPITALDISCHARGE","TOT","100000HAB","A","2010",11937,
"NLD","HOSPITALDISCHARGE","TOT","100000HAB","A","2011",12219.4,
"NLD","HOSPITALDISCHARGE","TOT","100000HAB","A","2012",11862.8,
"NZL","HOSPITALDISCHARGE","TOT","100000HAB","A","2000",14080.1,
"NZL","HOSPITALDISCHARGE","TOT","100000HAB","A","2001",14393.6,
"NZL","HOSPITALDISCHARGE","TOT","100000HAB","A","2002",14062.3,
"NZL","HOSPITALDISCHARGE","TOT","100000HAB","A","2003",13816.6,
"NZL","HOSPITALDISCHARGE","TOT","100000HAB","A","2004",13764.6,
"NZL","HOSPITALDISCHARGE","TOT","100000HAB","A","2005",13569.8,
"NZL","HOSPITALDISCHARGE","TOT","100000HAB","A","2006",13772.2,
"NZL","HOSPITALDISCHARGE","TOT","100000HAB","A","2007",13977.6,
"NZL","HOSPITALDISCHARGE","TOT","100000HAB","A","2008",14249.7,
"NZL","HOSPITALDISCHARGE","TOT","100000HAB","A","2009",14568.7,
"NZL","HOSPITALDISCHARGE","TOT","100000HAB","A","2010",14841.8,
"NZL","HOSPITALDISCHARGE","TOT","100000HAB","A","2011",14808.9,
"NZL","HOSPITALDISCHARGE","TOT","100000HAB","A","2012",15049.6,
"NZL","HOSPITALDISCHARGE","TOT","100000HAB","A","2013",14969.8,
"NZL","HOSPITALDISCHARGE","TOT","100000HAB","A","2014",15040.3,
"NOR","HOSPITALDISCHARGE","TOT","100000HAB","A","1993",14541.6,
"NOR","HOSPITALDISCHARGE","TOT","100000HAB","A","1994",14383.9,
"NOR","HOSPITALDISCHARGE","TOT","100000HAB","A","1995",14543.6,
"NOR","HOSPITALDISCHARGE","TOT","100000HAB","A","1997",15047.9,
"NOR","HOSPITALDISCHARGE","TOT","100000HAB","A","1998",15401.2,
"NOR","HOSPITALDISCHARGE","TOT","100000HAB","A","1999",15618.6,
"NOR","HOSPITALDISCHARGE","TOT","100000HAB","A","2000",15468.7,
"NOR","HOSPITALDISCHARGE","TOT","100000HAB","A","2001",16053.7,
"NOR","HOSPITALDISCHARGE","TOT","100000HAB","A","2002",16341,
"NOR","HOSPITALDISCHARGE","TOT","100000HAB","A","2003",17164.2,
"NOR","HOSPITALDISCHARGE","TOT","100000HAB","A","2004",17345.4,
"NOR","HOSPITALDISCHARGE","TOT","100000HAB","A","2005",17519.2,
"NOR","HOSPITALDISCHARGE","TOT","100000HAB","A","2006",17688.6,
"NOR","HOSPITALDISCHARGE","TOT","100000HAB","A","2007",17235.3,
"NOR","HOSPITALDISCHARGE","TOT","100000HAB","A","2008",17179.1,
"NOR","HOSPITALDISCHARGE","TOT","100000HAB","A","2009",17721.1,"B"
"NOR","HOSPITALDISCHARGE","TOT","100000HAB","A","2010",17525.6,
"NOR","HOSPITALDISCHARGE","TOT","100000HAB","A","2011",17063.7,"B"
"NOR","HOSPITALDISCHARGE","TOT","100000HAB","A","2012",17160.2,
"NOR","HOSPITALDISCHARGE","TOT","100000HAB","A","2013",16924.5,
"NOR","HOSPITALDISCHARGE","TOT","100000HAB","A","2014",16845.1,
"NOR","HOSPITALDISCHARGE","TOT","100000HAB","A","2015",16822.7,
"POL","HOSPITALDISCHARGE","TOT","100000HAB","A","2003",13305.6,
"POL","HOSPITALDISCHARGE","TOT","100000HAB","A","2004",13259.1,
"POL","HOSPITALDISCHARGE","TOT","100000HAB","A","2005",14294.7,
"POL","HOSPITALDISCHARGE","TOT","100000HAB","A","2006",14925.6,
"POL","HOSPITALDISCHARGE","TOT","100000HAB","A","2007",14590.9,
"POL","HOSPITALDISCHARGE","TOT","100000HAB","A","2008",14803,
"POL","HOSPITALDISCHARGE","TOT","100000HAB","A","2009",16234.4,
"POL","HOSPITALDISCHARGE","TOT","100000HAB","A","2010",16171.5,
"POL","HOSPITALDISCHARGE","TOT","100000HAB","A","2011",16345.5,
"POL","HOSPITALDISCHARGE","TOT","100000HAB","A","2012",16423.4,
"POL","HOSPITALDISCHARGE","TOT","100000HAB","A","2013",16699,
"POL","HOSPITALDISCHARGE","TOT","100000HAB","A","2014",17134.8,
"POL","HOSPITALDISCHARGE","TOT","100000HAB","A","2015",16957.7,
"PRT","HOSPITALDISCHARGE","TOT","100000HAB","A","1995",7961.4,
"PRT","HOSPITALDISCHARGE","TOT","100000HAB","A","1996",8259,
"PRT","HOSPITALDISCHARGE","TOT","100000HAB","A","1997",8573.3,
"PRT","HOSPITALDISCHARGE","TOT","100000HAB","A","1998",8593,
"PRT","HOSPITALDISCHARGE","TOT","100000HAB","A","1999",8843.9,
"PRT","HOSPITALDISCHARGE","TOT","100000HAB","A","2000",8969.9,
"PRT","HOSPITALDISCHARGE","TOT","100000HAB","A","2001",9010.8,
"PRT","HOSPITALDISCHARGE","TOT","100000HAB","A","2002",9094.6,
"PRT","HOSPITALDISCHARGE","TOT","100000HAB","A","2003",9262.3,
"PRT","HOSPITALDISCHARGE","TOT","100000HAB","A","2004",9183.9,
"PRT","HOSPITALDISCHARGE","TOT","100000HAB","A","2005",9253.2,
"PRT","HOSPITALDISCHARGE","TOT","100000HAB","A","2006",9270.8,
"PRT","HOSPITALDISCHARGE","TOT","100000HAB","A","2007",9145.9,
"PRT","HOSPITALDISCHARGE","TOT","100000HAB","A","2008",9039.6,
"PRT","HOSPITALDISCHARGE","TOT","100000HAB","A","2009",8858,
"PRT","HOSPITALDISCHARGE","TOT","100000HAB","A","2010",8792.7,
"PRT","HOSPITALDISCHARGE","TOT","100000HAB","A","2011",8623.7,
"PRT","HOSPITALDISCHARGE","TOT","100000HAB","A","2012",8599.3,
"PRT","HOSPITALDISCHARGE","TOT","100000HAB","A","2013",8564.8,
"PRT","HOSPITALDISCHARGE","TOT","100000HAB","A","2014",8453.1,
"PRT","HOSPITALDISCHARGE","TOT","100000HAB","A","2015",8493,
"SVK","HOSPITALDISCHARGE","TOT","100000HAB","A","2000",19197.8,
"SVK","HOSPITALDISCHARGE","TOT","100000HAB","A","2001",19494.4,
"SVK","HOSPITALDISCHARGE","TOT","100000HAB","A","2002",20252.1,
"SVK","HOSPITALDISCHARGE","TOT","100000HAB","A","2003",19622.1,
"SVK","HOSPITALDISCHARGE","TOT","100000HAB","A","2004",18541.1,
"SVK","HOSPITALDISCHARGE","TOT","100000HAB","A","2005",18550.3,
"SVK","HOSPITALDISCHARGE","TOT","100000HAB","A","2006",18663,
"SVK","HOSPITALDISCHARGE","TOT","100000HAB","A","2008",18936.8,
"SVK","HOSPITALDISCHARGE","TOT","100000HAB","A","2009",18851.7,
"SVK","HOSPITALDISCHARGE","TOT","100000HAB","A","2010",18785.9,
"SVK","HOSPITALDISCHARGE","TOT","100000HAB","A","2011",18368.2,
"SVK","HOSPITALDISCHARGE","TOT","100000HAB","A","2012",19583,
"SVK","HOSPITALDISCHARGE","TOT","100000HAB","A","2014",19929.9,
"SVK","HOSPITALDISCHARGE","TOT","100000HAB","A","2015",20052.9,
"ESP","HOSPITALDISCHARGE","TOT","100000HAB","A","1980",8736.4,
"ESP","HOSPITALDISCHARGE","TOT","100000HAB","A","1981",8776.3,
"ESP","HOSPITALDISCHARGE","TOT","100000HAB","A","1982",8894.4,
"ESP","HOSPITALDISCHARGE","TOT","100000HAB","A","1983",9032.4,
"ESP","HOSPITALDISCHARGE","TOT","100000HAB","A","1984",9106.1,
"ESP","HOSPITALDISCHARGE","TOT","100000HAB","A","1985",9136.7,
"ESP","HOSPITALDISCHARGE","TOT","100000HAB","A","1986",9039.4,
"ESP","HOSPITALDISCHARGE","TOT","100000HAB","A","1987",9263.6,
"ESP","HOSPITALDISCHARGE","TOT","100000HAB","A","1988",9411.8,
"ESP","HOSPITALDISCHARGE","TOT","100000HAB","A","1989",9515,
"ESP","HOSPITALDISCHARGE","TOT","100000HAB","A","1990",9497.5,
"ESP","HOSPITALDISCHARGE","TOT","100000HAB","A","1991",9720.8,
"ESP","HOSPITALDISCHARGE","TOT","100000HAB","A","1992",10060.3,
"ESP","HOSPITALDISCHARGE","TOT","100000HAB","A","1993",10225.5,
"ESP","HOSPITALDISCHARGE","TOT","100000HAB","A","1994",10362.7,
"ESP","HOSPITALDISCHARGE","TOT","100000HAB","A","1995",10423.5,
"ESP","HOSPITALDISCHARGE","TOT","100000HAB","A","1996",10540.7,
"ESP","HOSPITALDISCHARGE","TOT","100000HAB","A","1997",10453.8,
"ESP","HOSPITALDISCHARGE","TOT","100000HAB","A","1998",10514.5,
"ESP","HOSPITALDISCHARGE","TOT","100000HAB","A","1999",10682.3,
"ESP","HOSPITALDISCHARGE","TOT","100000HAB","A","2000",11099.3,
"ESP","HOSPITALDISCHARGE","TOT","100000HAB","A","2001",10804.3,"B"
"ESP","HOSPITALDISCHARGE","TOT","100000HAB","A","2002",10820.1,
"ESP","HOSPITALDISCHARGE","TOT","100000HAB","A","2003",10880.2,
"ESP","HOSPITALDISCHARGE","TOT","100000HAB","A","2004",10768.3,
"ESP","HOSPITALDISCHARGE","TOT","100000HAB","A","2005",10716.6,
"ESP","HOSPITALDISCHARGE","TOT","100000HAB","A","2006",10644.3,
"ESP","HOSPITALDISCHARGE","TOT","100000HAB","A","2007",10576.9,
"ESP","HOSPITALDISCHARGE","TOT","100000HAB","A","2008",10475.8,
"ESP","HOSPITALDISCHARGE","TOT","100000HAB","A","2009",10314,
"ESP","HOSPITALDISCHARGE","TOT","100000HAB","A","2010",10134.9,
"ESP","HOSPITALDISCHARGE","TOT","100000HAB","A","2011",9992.3,
"ESP","HOSPITALDISCHARGE","TOT","100000HAB","A","2012",9905.5,
"ESP","HOSPITALDISCHARGE","TOT","100000HAB","A","2013",9947.3,
"ESP","HOSPITALDISCHARGE","TOT","100000HAB","A","2014",10154,
"ESP","HOSPITALDISCHARGE","TOT","100000HAB","A","2015",10219.3,
"SWE","HOSPITALDISCHARGE","TOT","100000HAB","A","2000",16114,
"SWE","HOSPITALDISCHARGE","TOT","100000HAB","A","2001",15894.4,
"SWE","HOSPITALDISCHARGE","TOT","100000HAB","A","2002",15712.3,
"SWE","HOSPITALDISCHARGE","TOT","100000HAB","A","2003",15705.6,
"SWE","HOSPITALDISCHARGE","TOT","100000HAB","A","2004",15744.7,
"SWE","HOSPITALDISCHARGE","TOT","100000HAB","A","2005",15819.1,
"SWE","HOSPITALDISCHARGE","TOT","100000HAB","A","2006",15966.5,
"SWE","HOSPITALDISCHARGE","TOT","100000HAB","A","2007",16111.9,
"SWE","HOSPITALDISCHARGE","TOT","100000HAB","A","2008",16184.1,
"SWE","HOSPITALDISCHARGE","TOT","100000HAB","A","2009",16245.4,
"SWE","HOSPITALDISCHARGE","TOT","100000HAB","A","2010",16250.6,
"SWE","HOSPITALDISCHARGE","TOT","100000HAB","A","2013",16089.8,
"SWE","HOSPITALDISCHARGE","TOT","100000HAB","A","2014",15764.2,
"SWE","HOSPITALDISCHARGE","TOT","100000HAB","A","2015",15312,
"CHE","HOSPITALDISCHARGE","TOT","100000HAB","A","2002",15456,
"CHE","HOSPITALDISCHARGE","TOT","100000HAB","A","2003",15632.5,
"CHE","HOSPITALDISCHARGE","TOT","100000HAB","A","2004",15907.1,
"CHE","HOSPITALDISCHARGE","TOT","100000HAB","A","2005",15983.1,
"CHE","HOSPITALDISCHARGE","TOT","100000HAB","A","2006",16272.9,
"CHE","HOSPITALDISCHARGE","TOT","100000HAB","A","2007",16663.1,
"CHE","HOSPITALDISCHARGE","TOT","100000HAB","A","2008",16905.3,
"CHE","HOSPITALDISCHARGE","TOT","100000HAB","A","2009",16873,
"CHE","HOSPITALDISCHARGE","TOT","100000HAB","A","2010",16912.2,
"CHE","HOSPITALDISCHARGE","TOT","100000HAB","A","2011",16964.7,
"CHE","HOSPITALDISCHARGE","TOT","100000HAB","A","2012",16636.3,
"CHE","HOSPITALDISCHARGE","TOT","100000HAB","A","2013",16698.6,
"CHE","HOSPITALDISCHARGE","TOT","100000HAB","A","2014",16819.7,
"CHE","HOSPITALDISCHARGE","TOT","100000HAB","A","2015",16976.9,
"TUR","HOSPITALDISCHARGE","TOT","100000HAB","A","1980",3899,
"TUR","HOSPITALDISCHARGE","TOT","100000HAB","A","1981",4138.2,
"TUR","HOSPITALDISCHARGE","TOT","100000HAB","A","1982",4085.4,
"TUR","HOSPITALDISCHARGE","TOT","100000HAB","A","1983",4535,
"TUR","HOSPITALDISCHARGE","TOT","100000HAB","A","1984",4782.6,
"TUR","HOSPITALDISCHARGE","TOT","100000HAB","A","1985",4822,
"TUR","HOSPITALDISCHARGE","TOT","100000HAB","A","1986",5180,
"TUR","HOSPITALDISCHARGE","TOT","100000HAB","A","1987",5445.2,
"TUR","HOSPITALDISCHARGE","TOT","100000HAB","A","1988",5438.7,
"TUR","HOSPITALDISCHARGE","TOT","100000HAB","A","1989",5666.3,
"TUR","HOSPITALDISCHARGE","TOT","100000HAB","A","1990",5679.3,
"TUR","HOSPITALDISCHARGE","TOT","100000HAB","A","1991",5474.5,
"TUR","HOSPITALDISCHARGE","TOT","100000HAB","A","1992",5785.1,
"TUR","HOSPITALDISCHARGE","TOT","100000HAB","A","1993",5874.6,
"TUR","HOSPITALDISCHARGE","TOT","100000HAB","A","1994",6167.4,
"TUR","HOSPITALDISCHARGE","TOT","100000HAB","A","1995",6275.7,
"TUR","HOSPITALDISCHARGE","TOT","100000HAB","A","1996",6491.7,
"TUR","HOSPITALDISCHARGE","TOT","100000HAB","A","1997",6879.3,
"TUR","HOSPITALDISCHARGE","TOT","100000HAB","A","1998",7115.6,
"TUR","HOSPITALDISCHARGE","TOT","100000HAB","A","1999",7332.4,
"TUR","HOSPITALDISCHARGE","TOT","100000HAB","A","2000",7711.9,
"TUR","HOSPITALDISCHARGE","TOT","100000HAB","A","2001",8117.7,
"TUR","HOSPITALDISCHARGE","TOT","100000HAB","A","2002",8345.5,
"TUR","HOSPITALDISCHARGE","TOT","100000HAB","A","2003",8586.2,
"TUR","HOSPITALDISCHARGE","TOT","100000HAB","A","2004",9528,
"TUR","HOSPITALDISCHARGE","TOT","100000HAB","A","2005",10194.9,
"TUR","HOSPITALDISCHARGE","TOT","100000HAB","A","2006",11095.7,
"TUR","HOSPITALDISCHARGE","TOT","100000HAB","A","2007",12429.5,
"TUR","HOSPITALDISCHARGE","TOT","100000HAB","A","2008",13629.9,
"TUR","HOSPITALDISCHARGE","TOT","100000HAB","A","2009",13744.8,
"TUR","HOSPITALDISCHARGE","TOT","100000HAB","A","2010",14394.1,
"TUR","HOSPITALDISCHARGE","TOT","100000HAB","A","2011",15242.1,
"TUR","HOSPITALDISCHARGE","TOT","100000HAB","A","2012",15762.3,
"TUR","HOSPITALDISCHARGE","TOT","100000HAB","A","2013",16073.9,
"TUR","HOSPITALDISCHARGE","TOT","100000HAB","A","2014",16705.3,
"TUR","HOSPITALDISCHARGE","TOT","100000HAB","A","2015",17114.8,
"GBR","HOSPITALDISCHARGE","TOT","100000HAB","A","2000",13143.2,
"GBR","HOSPITALDISCHARGE","TOT","100000HAB","A","2001",13027.9,
"GBR","HOSPITALDISCHARGE","TOT","100000HAB","A","2002",13049.8,
"GBR","HOSPITALDISCHARGE","TOT","100000HAB","A","2003",13353.6,
"GBR","HOSPITALDISCHARGE","TOT","100000HAB","A","2004",13351.7,
"GBR","HOSPITALDISCHARGE","TOT","100000HAB","A","2005",13252.5,
"GBR","HOSPITALDISCHARGE","TOT","100000HAB","A","2006",13059.9,
"GBR","HOSPITALDISCHARGE","TOT","100000HAB","A","2007",12991,
"GBR","HOSPITALDISCHARGE","TOT","100000HAB","A","2008",13229.5,
"GBR","HOSPITALDISCHARGE","TOT","100000HAB","A","2009",13231.7,
"GBR","HOSPITALDISCHARGE","TOT","100000HAB","A","2010",13209.9,
"GBR","HOSPITALDISCHARGE","TOT","100000HAB","A","2011",13051.1,
"GBR","HOSPITALDISCHARGE","TOT","100000HAB","A","2012",12998.4,
"GBR","HOSPITALDISCHARGE","TOT","100000HAB","A","2013",12897.3,
"GBR","HOSPITALDISCHARGE","TOT","100000HAB","A","2014",12901.3,
"GBR","HOSPITALDISCHARGE","TOT","100000HAB","A","2015",12833.4,
"USA","HOSPITALDISCHARGE","TOT","100000HAB","A","1990",13886.1,
"USA","HOSPITALDISCHARGE","TOT","100000HAB","A","1991",13819.7,
"USA","HOSPITALDISCHARGE","TOT","100000HAB","A","1992",13501.3,
"USA","HOSPITALDISCHARGE","TOT","100000HAB","A","1993",13231.2,
"USA","HOSPITALDISCHARGE","TOT","100000HAB","A","1994",13142.1,
"USA","HOSPITALDISCHARGE","TOT","100000HAB","A","1995",12899.5,
"USA","HOSPITALDISCHARGE","TOT","100000HAB","A","1996",12793.3,
"USA","HOSPITALDISCHARGE","TOT","100000HAB","A","1997",12729.5,
"USA","HOSPITALDISCHARGE","TOT","100000HAB","A","1998",12919,
"USA","HOSPITALDISCHARGE","TOT","100000HAB","A","1999",12841.8,
"USA","HOSPITALDISCHARGE","TOT","100000HAB","A","2000",12521.9,
"USA","HOSPITALDISCHARGE","TOT","100000HAB","A","2001",12733.5,
"USA","HOSPITALDISCHARGE","TOT","100000HAB","A","2002",13035.9,
"USA","HOSPITALDISCHARGE","TOT","100000HAB","A","2003",13298.3,
"USA","HOSPITALDISCHARGE","TOT","100000HAB","A","2004",13231,
"USA","HOSPITALDISCHARGE","TOT","100000HAB","A","2005",13072.1,
"USA","HOSPITALDISCHARGE","TOT","100000HAB","A","2006",13018.8,
"USA","HOSPITALDISCHARGE","TOT","100000HAB","A","2007",12743,
"USA","HOSPITALDISCHARGE","TOT","100000HAB","A","2008",13082.7,
"USA","HOSPITALDISCHARGE","TOT","100000HAB","A","2009",13090.7,
"USA","HOSPITALDISCHARGE","TOT","100000HAB","A","2010",12548.4,
"CHL","HOSPITALDISCHARGE","TOT","100000HAB","A","2001",10057.9,
"CHL","HOSPITALDISCHARGE","TOT","100000HAB","A","2002",10206.6,
"CHL","HOSPITALDISCHARGE","TOT","100000HAB","A","2003",10098.6,
"CHL","HOSPITALDISCHARGE","TOT","100000HAB","A","2004",10172.4,
"CHL","HOSPITALDISCHARGE","TOT","100000HAB","A","2005",10069.4,
"CHL","HOSPITALDISCHARGE","TOT","100000HAB","A","2006",10028.8,
"CHL","HOSPITALDISCHARGE","TOT","100000HAB","A","2007",9893.4,
"CHL","HOSPITALDISCHARGE","TOT","100000HAB","A","2008",9639.6,
"CHL","HOSPITALDISCHARGE","TOT","100000HAB","A","2009",9966.7,
"CHL","HOSPITALDISCHARGE","TOT","100000HAB","A","2010",9515.2,
"CHL","HOSPITALDISCHARGE","TOT","100000HAB","A","2011",9554.1,
"CHL","HOSPITALDISCHARGE","TOT","100000HAB","A","2012",9575.6,
"CHL","HOSPITALDISCHARGE","TOT","100000HAB","A","2013",9483.7,
"CHL","HOSPITALDISCHARGE","TOT","100000HAB","A","2014",9316.7,
"EST","HOSPITALDISCHARGE","TOT","100000HAB","A","2000",19554.3,
"EST","HOSPITALDISCHARGE","TOT","100000HAB","A","2001",18984.9,
"EST","HOSPITALDISCHARGE","TOT","100000HAB","A","2002",18439,
"EST","HOSPITALDISCHARGE","TOT","100000HAB","A","2003",18307.2,
"EST","HOSPITALDISCHARGE","TOT","100000HAB","A","2004",18511.6,
"EST","HOSPITALDISCHARGE","TOT","100000HAB","A","2005",17705.2,
"EST","HOSPITALDISCHARGE","TOT","100000HAB","A","2006",18178,
"EST","HOSPITALDISCHARGE","TOT","100000HAB","A","2007",18336.8,
"EST","HOSPITALDISCHARGE","TOT","100000HAB","A","2008",18365.3,
"EST","HOSPITALDISCHARGE","TOT","100000HAB","A","2009",17566.8,
"EST","HOSPITALDISCHARGE","TOT","100000HAB","A","2010",17560.5,
"EST","HOSPITALDISCHARGE","TOT","100000HAB","A","2011",17515.9,
"EST","HOSPITALDISCHARGE","TOT","100000HAB","A","2012",17264,
"EST","HOSPITALDISCHARGE","TOT","100000HAB","A","2013",17147.2,
"EST","HOSPITALDISCHARGE","TOT","100000HAB","A","2014",16908.6,
"EST","HOSPITALDISCHARGE","TOT","100000HAB","A","2015",16532.3,
"ISR","HOSPITALDISCHARGE","TOT","100000HAB","A","2000",17162.5,
"ISR","HOSPITALDISCHARGE","TOT","100000HAB","A","2001",17500.7,
"ISR","HOSPITALDISCHARGE","TOT","100000HAB","A","2002",17368,
"ISR","HOSPITALDISCHARGE","TOT","100000HAB","A","2003",17347.1,
"ISR","HOSPITALDISCHARGE","TOT","100000HAB","A","2004",17175.8,
"ISR","HOSPITALDISCHARGE","TOT","100000HAB","A","2005",17156.3,
"ISR","HOSPITALDISCHARGE","TOT","100000HAB","A","2006",17241.5,
"ISR","HOSPITALDISCHARGE","TOT","100000HAB","A","2007",17004.9,
"ISR","HOSPITALDISCHARGE","TOT","100000HAB","A","2008",16929.2,
"ISR","HOSPITALDISCHARGE","TOT","100000HAB","A","2009",16745.5,
"ISR","HOSPITALDISCHARGE","TOT","100000HAB","A","2010",16899.7,
"ISR","HOSPITALDISCHARGE","TOT","100000HAB","A","2011",16339.9,
"ISR","HOSPITALDISCHARGE","TOT","100000HAB","A","2012",16383.1,
"ISR","HOSPITALDISCHARGE","TOT","100000HAB","A","2013",16117.8,
"ISR","HOSPITALDISCHARGE","TOT","100000HAB","A","2014",15978.2,
"ISR","HOSPITALDISCHARGE","TOT","100000HAB","A","2015",15890.3,
"RUS","HOSPITALDISCHARGE","TOT","100000HAB","A","1986",24909,
"RUS","HOSPITALDISCHARGE","TOT","100000HAB","A","1987",25332.3,
"RUS","HOSPITALDISCHARGE","TOT","100000HAB","A","1988",25158.2,
"RUS","HOSPITALDISCHARGE","TOT","100000HAB","A","1989",23868.7,
"RUS","HOSPITALDISCHARGE","TOT","100000HAB","A","1990",22758.9,
"RUS","HOSPITALDISCHARGE","TOT","100000HAB","A","1991",21772.4,
"RUS","HOSPITALDISCHARGE","TOT","100000HAB","A","1992",20939.7,
"RUS","HOSPITALDISCHARGE","TOT","100000HAB","A","1993",21589.9,
"RUS","HOSPITALDISCHARGE","TOT","100000HAB","A","1994",21401.7,
"RUS","HOSPITALDISCHARGE","TOT","100000HAB","A","1995",21126.4,
"RUS","HOSPITALDISCHARGE","TOT","100000HAB","A","1996",20429.7,
"RUS","HOSPITALDISCHARGE","TOT","100000HAB","A","1997",20245.1,
"RUS","HOSPITALDISCHARGE","TOT","100000HAB","A","1998",20440.1,
"RUS","HOSPITALDISCHARGE","TOT","100000HAB","A","1999",20689.8,
"RUS","HOSPITALDISCHARGE","TOT","100000HAB","A","2000",21640.9,
"RUS","HOSPITALDISCHARGE","TOT","100000HAB","A","2001",22124.8,
"RUS","HOSPITALDISCHARGE","TOT","100000HAB","A","2002",22407.6,
"RUS","HOSPITALDISCHARGE","TOT","100000HAB","A","2003",22640.6,
"RUS","HOSPITALDISCHARGE","TOT","100000HAB","A","2004",22113.5,
"RUS","HOSPITALDISCHARGE","TOT","100000HAB","A","2005",22195.4,
"RUS","HOSPITALDISCHARGE","TOT","100000HAB","A","2006",23667,
"SVN","HOSPITALDISCHARGE","TOT","100000HAB","A","1997",14260.6,
"SVN","HOSPITALDISCHARGE","TOT","100000HAB","A","1998",15284.2,
"SVN","HOSPITALDISCHARGE","TOT","100000HAB","A","1999",15614,
"SVN","HOSPITALDISCHARGE","TOT","100000HAB","A","2000",15669.9,
"SVN","HOSPITALDISCHARGE","TOT","100000HAB","A","2001",15101.8,
"SVN","HOSPITALDISCHARGE","TOT","100000HAB","A","2002",14392.2,
"SVN","HOSPITALDISCHARGE","TOT","100000HAB","A","2003",14739.7,
"SVN","HOSPITALDISCHARGE","TOT","100000HAB","A","2004",16075.7,
"SVN","HOSPITALDISCHARGE","TOT","100000HAB","A","2005",15971.4,
"SVN","HOSPITALDISCHARGE","TOT","100000HAB","A","2006",16674,
"SVN","HOSPITALDISCHARGE","TOT","100000HAB","A","2007",16836.6,
"SVN","HOSPITALDISCHARGE","TOT","100000HAB","A","2008",16901.1,
"SVN","HOSPITALDISCHARGE","TOT","100000HAB","A","2009",17365.4,
"SVN","HOSPITALDISCHARGE","TOT","100000HAB","A","2010",17132.2,
"SVN","HOSPITALDISCHARGE","TOT","100000HAB","A","2011",17448.8,
"SVN","HOSPITALDISCHARGE","TOT","100000HAB","A","2012",17106.8,
"SVN","HOSPITALDISCHARGE","TOT","100000HAB","A","2013",18150.5,
"SVN","HOSPITALDISCHARGE","TOT","100000HAB","A","2014",18405.5,
"SVN","HOSPITALDISCHARGE","TOT","100000HAB","A","2015",18456.8,
"LVA","HOSPITALDISCHARGE","TOT","100000HAB","A","2013",17183.3,
"LVA","HOSPITALDISCHARGE","TOT","100000HAB","A","2014",15933.3,
"LVA","HOSPITALDISCHARGE","TOT","100000HAB","A","2015",16035.6,
"LTU","HOSPITALDISCHARGE","TOT","100000HAB","A","2013",23538.3,
"LTU","HOSPITALDISCHARGE","TOT","100000HAB","A","2014",23313.9,
"LTU","HOSPITALDISCHARGE","TOT","100000HAB","A","2015",23445.6,
