﻿"LOCATION","INDICATOR","SUBJECT","MEASURE","FREQUENCY","TIME","Value","Flag Codes"
"AUS","FLUVACCIN","TOT","PC_POP65","A","2000",74,
"AUS","FLUVACCIN","TOT","PC_POP65","A","2001",78,
"AUS","FLUVACCIN","TOT","PC_POP65","A","2002",76.9,
"AUS","FLUVACCIN","TOT","PC_POP65","A","2003",76.9,
"AUS","FLUVACCIN","TOT","PC_POP65","A","2004",79.1,
"AUS","FLUVACCIN","TOT","PC_POP65","A","2006",77.5,
"AUS","FLUVACCIN","TOT","PC_POP65","A","2009",74.6,
"AUT","FLUVACCIN","TOT","PC_POP65","A","2006",36.1,
"AUT","FLUVACCIN","TOT","PC_POP65","A","2014",20.3,"B"
"BEL","FLUVACCIN","TOT","PC_POP65","A","2001",58,
"BEL","FLUVACCIN","TOT","PC_POP65","A","2004",64,
"BEL","FLUVACCIN","TOT","PC_POP65","A","2008",65,
"BEL","FLUVACCIN","TOT","PC_POP65","A","2013",58,
"CAN","FLUVACCIN","TOT","PC_POP65","A","2000",63,
"CAN","FLUVACCIN","TOT","PC_POP65","A","2003",67.2,
"CAN","FLUVACCIN","TOT","PC_POP65","A","2005",70.9,
"CAN","FLUVACCIN","TOT","PC_POP65","A","2007",69,
"CAN","FLUVACCIN","TOT","PC_POP65","A","2008",66.6,
"CAN","FLUVACCIN","TOT","PC_POP65","A","2009",66.5,
"CAN","FLUVACCIN","TOT","PC_POP65","A","2010",59.4,
"CAN","FLUVACCIN","TOT","PC_POP65","A","2011",64.4,
"CAN","FLUVACCIN","TOT","PC_POP65","A","2012",64.1,
"CAN","FLUVACCIN","TOT","PC_POP65","A","2013",64.1,
"CAN","FLUVACCIN","TOT","PC_POP65","A","2014",63.1,
"CAN","FLUVACCIN","TOT","PC_POP65","A","2015",61.8,"B"
"CZE","FLUVACCIN","TOT","PC_POP65","A","2002",16.5,
"CZE","FLUVACCIN","TOT","PC_POP65","A","2008",19.4,
"CZE","FLUVACCIN","TOT","PC_POP65","A","2014",15.5,
"DNK","FLUVACCIN","TOT","PC_POP65","A","2002",6.2,
"DNK","FLUVACCIN","TOT","PC_POP65","A","2003",19.9,
"DNK","FLUVACCIN","TOT","PC_POP65","A","2004",30.6,
"DNK","FLUVACCIN","TOT","PC_POP65","A","2005",34,
"DNK","FLUVACCIN","TOT","PC_POP65","A","2006",33.4,
"DNK","FLUVACCIN","TOT","PC_POP65","A","2007",39.3,
"DNK","FLUVACCIN","TOT","PC_POP65","A","2008",51,
"DNK","FLUVACCIN","TOT","PC_POP65","A","2009",48.5,
"DNK","FLUVACCIN","TOT","PC_POP65","A","2010",45.6,
"DNK","FLUVACCIN","TOT","PC_POP65","A","2011",45.8,
"DNK","FLUVACCIN","TOT","PC_POP65","A","2012",43.1,
"DNK","FLUVACCIN","TOT","PC_POP65","A","2013",45.6,
"DNK","FLUVACCIN","TOT","PC_POP65","A","2014",43,
"DNK","FLUVACCIN","TOT","PC_POP65","A","2015",41.9,
"DNK","FLUVACCIN","TOT","PC_POP65","A","2016",40.8,"E"
"FIN","FLUVACCIN","TOT","PC_POP65","A","2001",25,
"FIN","FLUVACCIN","TOT","PC_POP65","A","2002",43,
"FIN","FLUVACCIN","TOT","PC_POP65","A","2003",45,
"FIN","FLUVACCIN","TOT","PC_POP65","A","2004",46,
"FIN","FLUVACCIN","TOT","PC_POP65","A","2005",52,
"FIN","FLUVACCIN","TOT","PC_POP65","A","2006",46,
"FIN","FLUVACCIN","TOT","PC_POP65","A","2007",48.4,
"FIN","FLUVACCIN","TOT","PC_POP65","A","2008",51,
"FIN","FLUVACCIN","TOT","PC_POP65","A","2009",46,
"FIN","FLUVACCIN","TOT","PC_POP65","A","2010",40.3,"B"
"FIN","FLUVACCIN","TOT","PC_POP65","A","2011",38.5,
"FIN","FLUVACCIN","TOT","PC_POP65","A","2012",36.4,
"FIN","FLUVACCIN","TOT","PC_POP65","A","2013",41,
"FIN","FLUVACCIN","TOT","PC_POP65","A","2014",40,
"FIN","FLUVACCIN","TOT","PC_POP65","A","2015",43.1,
"FIN","FLUVACCIN","TOT","PC_POP65","A","2016",46.8,"E"
"FRA","FLUVACCIN","TOT","PC_POP65","A","2000",65,
"FRA","FLUVACCIN","TOT","PC_POP65","A","2001",65,
"FRA","FLUVACCIN","TOT","PC_POP65","A","2002",67,
"FRA","FLUVACCIN","TOT","PC_POP65","A","2003",65,
"FRA","FLUVACCIN","TOT","PC_POP65","A","2004",63.9,"B"
"FRA","FLUVACCIN","TOT","PC_POP65","A","2005",63.5,
"FRA","FLUVACCIN","TOT","PC_POP65","A","2006",63.4,
"FRA","FLUVACCIN","TOT","PC_POP65","A","2007",63.9,
"FRA","FLUVACCIN","TOT","PC_POP65","A","2008",64.8,
"FRA","FLUVACCIN","TOT","PC_POP65","A","2009",63.9,
"FRA","FLUVACCIN","TOT","PC_POP65","A","2010",56.2,
"FRA","FLUVACCIN","TOT","PC_POP65","A","2011",55.2,
"FRA","FLUVACCIN","TOT","PC_POP65","A","2012",53.1,
"FRA","FLUVACCIN","TOT","PC_POP65","A","2013",51.9,
"FRA","FLUVACCIN","TOT","PC_POP65","A","2014",48.5,
"FRA","FLUVACCIN","TOT","PC_POP65","A","2015",50.8,
"DEU","FLUVACCIN","TOT","PC_POP65","A","2001",55.8,"D"
"DEU","FLUVACCIN","TOT","PC_POP65","A","2003",48,"D"
"DEU","FLUVACCIN","TOT","PC_POP65","A","2005",63,"D"
"DEU","FLUVACCIN","TOT","PC_POP65","A","2006",60,"D"
"DEU","FLUVACCIN","TOT","PC_POP65","A","2007",56,"D"
"DEU","FLUVACCIN","TOT","PC_POP65","A","2009",61.1,
"DEU","FLUVACCIN","TOT","PC_POP65","A","2010",56.1,
"DEU","FLUVACCIN","TOT","PC_POP65","A","2012",58.6,
"DEU","FLUVACCIN","TOT","PC_POP65","A","2013",37.2,
"DEU","FLUVACCIN","TOT","PC_POP65","A","2014",38.1,"D"
"DEU","FLUVACCIN","TOT","PC_POP65","A","2015",36.5,"D"
"DEU","FLUVACCIN","TOT","PC_POP65","A","2016",35.3,"D"
"GRC","FLUVACCIN","TOT","PC_POP65","A","2009",41.6,
"GRC","FLUVACCIN","TOT","PC_POP65","A","2014",48.9,
"HUN","FLUVACCIN","TOT","PC_POP65","A","2002",36.8,
"HUN","FLUVACCIN","TOT","PC_POP65","A","2003",38.9,
"HUN","FLUVACCIN","TOT","PC_POP65","A","2004",37.9,
"HUN","FLUVACCIN","TOT","PC_POP65","A","2005",37.1,
"HUN","FLUVACCIN","TOT","PC_POP65","A","2006",34,
"HUN","FLUVACCIN","TOT","PC_POP65","A","2007",34.2,
"HUN","FLUVACCIN","TOT","PC_POP65","A","2008",37.8,
"HUN","FLUVACCIN","TOT","PC_POP65","A","2009",31.6,
"HUN","FLUVACCIN","TOT","PC_POP65","A","2010",29.5,
"HUN","FLUVACCIN","TOT","PC_POP65","A","2011",29.8,
"HUN","FLUVACCIN","TOT","PC_POP65","A","2012",28.5,
"HUN","FLUVACCIN","TOT","PC_POP65","A","2013",26.4,
"HUN","FLUVACCIN","TOT","PC_POP65","A","2014",22.4,
"HUN","FLUVACCIN","TOT","PC_POP65","A","2015",21.4,
"IRL","FLUVACCIN","TOT","PC_POP65","A","2003",62.2,
"IRL","FLUVACCIN","TOT","PC_POP65","A","2004",61.4,
"IRL","FLUVACCIN","TOT","PC_POP65","A","2005",63,
"IRL","FLUVACCIN","TOT","PC_POP65","A","2006",60.6,
"IRL","FLUVACCIN","TOT","PC_POP65","A","2007",61.7,
"IRL","FLUVACCIN","TOT","PC_POP65","A","2008",70.1,
"IRL","FLUVACCIN","TOT","PC_POP65","A","2009",53.8,
"IRL","FLUVACCIN","TOT","PC_POP65","A","2010",63.8,
"IRL","FLUVACCIN","TOT","PC_POP65","A","2011",56.3,
"IRL","FLUVACCIN","TOT","PC_POP65","A","2012",56.9,
"IRL","FLUVACCIN","TOT","PC_POP65","A","2013",59.4,
"IRL","FLUVACCIN","TOT","PC_POP65","A","2014",60.2,
"IRL","FLUVACCIN","TOT","PC_POP65","A","2015",55.4,"E"
"IRL","FLUVACCIN","TOT","PC_POP65","A","2016",52.2,"P"
"ITA","FLUVACCIN","TOT","PC_POP65","A","2000",40.7,
"ITA","FLUVACCIN","TOT","PC_POP65","A","2001",50.7,
"ITA","FLUVACCIN","TOT","PC_POP65","A","2002",55.2,
"ITA","FLUVACCIN","TOT","PC_POP65","A","2003",60.3,
"ITA","FLUVACCIN","TOT","PC_POP65","A","2004",63.4,
"ITA","FLUVACCIN","TOT","PC_POP65","A","2005",66.6,
"ITA","FLUVACCIN","TOT","PC_POP65","A","2006",68.3,
"ITA","FLUVACCIN","TOT","PC_POP65","A","2007",66.6,
"ITA","FLUVACCIN","TOT","PC_POP65","A","2008",64.9,
"ITA","FLUVACCIN","TOT","PC_POP65","A","2009",66.2,
"ITA","FLUVACCIN","TOT","PC_POP65","A","2010",65.6,
"ITA","FLUVACCIN","TOT","PC_POP65","A","2011",60.2,
"ITA","FLUVACCIN","TOT","PC_POP65","A","2012",62.7,
"ITA","FLUVACCIN","TOT","PC_POP65","A","2013",54.2,
"ITA","FLUVACCIN","TOT","PC_POP65","A","2014",55.4,
"ITA","FLUVACCIN","TOT","PC_POP65","A","2015",48.6,
"JPN","FLUVACCIN","TOT","PC_POP65","A","2001",28,
"JPN","FLUVACCIN","TOT","PC_POP65","A","2002",35,
"JPN","FLUVACCIN","TOT","PC_POP65","A","2003",43,
"JPN","FLUVACCIN","TOT","PC_POP65","A","2004",48,
"JPN","FLUVACCIN","TOT","PC_POP65","A","2005",49,
"JPN","FLUVACCIN","TOT","PC_POP65","A","2006",48,
"JPN","FLUVACCIN","TOT","PC_POP65","A","2007",53,
"JPN","FLUVACCIN","TOT","PC_POP65","A","2008",56,
"JPN","FLUVACCIN","TOT","PC_POP65","A","2009",50,
"JPN","FLUVACCIN","TOT","PC_POP65","A","2010",53,
"JPN","FLUVACCIN","TOT","PC_POP65","A","2011",52,
"JPN","FLUVACCIN","TOT","PC_POP65","A","2012",50,
"JPN","FLUVACCIN","TOT","PC_POP65","A","2013",50,
"JPN","FLUVACCIN","TOT","PC_POP65","A","2014",50,
"KOR","FLUVACCIN","TOT","PC_POP65","A","2004",75.7,
"KOR","FLUVACCIN","TOT","PC_POP65","A","2005",77.3,
"KOR","FLUVACCIN","TOT","PC_POP65","A","2007",70.2,
"KOR","FLUVACCIN","TOT","PC_POP65","A","2008",73.6,
"KOR","FLUVACCIN","TOT","PC_POP65","A","2009",74.3,
"KOR","FLUVACCIN","TOT","PC_POP65","A","2010",77.1,
"KOR","FLUVACCIN","TOT","PC_POP65","A","2011",79.6,
"KOR","FLUVACCIN","TOT","PC_POP65","A","2012",77.4,
"KOR","FLUVACCIN","TOT","PC_POP65","A","2014",79.8,
"KOR","FLUVACCIN","TOT","PC_POP65","A","2015",81.7,
"LUX","FLUVACCIN","TOT","PC_POP65","A","2001",42.8,
"LUX","FLUVACCIN","TOT","PC_POP65","A","2002",46,
"LUX","FLUVACCIN","TOT","PC_POP65","A","2003",49.1,
"LUX","FLUVACCIN","TOT","PC_POP65","A","2004",51,
"LUX","FLUVACCIN","TOT","PC_POP65","A","2005",54.3,"B"
"LUX","FLUVACCIN","TOT","PC_POP65","A","2006",51.3,
"LUX","FLUVACCIN","TOT","PC_POP65","A","2007",53,
"LUX","FLUVACCIN","TOT","PC_POP65","A","2008",53.7,
"LUX","FLUVACCIN","TOT","PC_POP65","A","2009",53.3,
"LUX","FLUVACCIN","TOT","PC_POP65","A","2010",47.3,
"LUX","FLUVACCIN","TOT","PC_POP65","A","2011",46.4,
"LUX","FLUVACCIN","TOT","PC_POP65","A","2012",44.7,
"LUX","FLUVACCIN","TOT","PC_POP65","A","2013",43.3,
"LUX","FLUVACCIN","TOT","PC_POP65","A","2014",41.8,
"LUX","FLUVACCIN","TOT","PC_POP65","A","2015",41.2,"E"
"MEX","FLUVACCIN","TOT","PC_POP65","A","2006",51.1,
"MEX","FLUVACCIN","TOT","PC_POP65","A","2007",34.6,
"MEX","FLUVACCIN","TOT","PC_POP65","A","2008",76.1,
"MEX","FLUVACCIN","TOT","PC_POP65","A","2009",88.2,
"MEX","FLUVACCIN","TOT","PC_POP65","A","2010",70.3,"B"
"MEX","FLUVACCIN","TOT","PC_POP65","A","2011",72.2,
"MEX","FLUVACCIN","TOT","PC_POP65","A","2012",67.8,
"MEX","FLUVACCIN","TOT","PC_POP65","A","2013",78.5,
"MEX","FLUVACCIN","TOT","PC_POP65","A","2014",82.3,
"NLD","FLUVACCIN","TOT","PC_POP65","A","2000",76,
"NLD","FLUVACCIN","TOT","PC_POP65","A","2001",76,
"NLD","FLUVACCIN","TOT","PC_POP65","A","2002",78,
"NLD","FLUVACCIN","TOT","PC_POP65","A","2003",77,
"NLD","FLUVACCIN","TOT","PC_POP65","A","2004",73,
"NLD","FLUVACCIN","TOT","PC_POP65","A","2005",77,
"NLD","FLUVACCIN","TOT","PC_POP65","A","2006",75,
"NLD","FLUVACCIN","TOT","PC_POP65","A","2007",78,
"NLD","FLUVACCIN","TOT","PC_POP65","A","2008",77,
"NLD","FLUVACCIN","TOT","PC_POP65","A","2009",74,
"NLD","FLUVACCIN","TOT","PC_POP65","A","2012",73.5,
"NLD","FLUVACCIN","TOT","PC_POP65","A","2013",68.8,
"NLD","FLUVACCIN","TOT","PC_POP65","A","2014",72,"B"
"NLD","FLUVACCIN","TOT","PC_POP65","A","2015",66.8,
"NZL","FLUVACCIN","TOT","PC_POP65","A","2002",51,
"NZL","FLUVACCIN","TOT","PC_POP65","A","2003",63.2,
"NZL","FLUVACCIN","TOT","PC_POP65","A","2004",58,"B"
"NZL","FLUVACCIN","TOT","PC_POP65","A","2005",60.6,
"NZL","FLUVACCIN","TOT","PC_POP65","A","2006",63.6,
"NZL","FLUVACCIN","TOT","PC_POP65","A","2007",63.7,
"NZL","FLUVACCIN","TOT","PC_POP65","A","2008",63.7,
"NZL","FLUVACCIN","TOT","PC_POP65","A","2009",66.5,
"NZL","FLUVACCIN","TOT","PC_POP65","A","2010",66.9,
"NZL","FLUVACCIN","TOT","PC_POP65","A","2011",65.5,
"NZL","FLUVACCIN","TOT","PC_POP65","A","2012",64.3,
"NZL","FLUVACCIN","TOT","PC_POP65","A","2013",69,
"NZL","FLUVACCIN","TOT","PC_POP65","A","2014",69,
"NZL","FLUVACCIN","TOT","PC_POP65","A","2015",67.3,
"NZL","FLUVACCIN","TOT","PC_POP65","A","2016",67,
"NOR","FLUVACCIN","TOT","PC_POP65","A","2009",43.9,"E"
"NOR","FLUVACCIN","TOT","PC_POP65","A","2010",7.7,"E"
"NOR","FLUVACCIN","TOT","PC_POP65","A","2011",14.1,"E"
"NOR","FLUVACCIN","TOT","PC_POP65","A","2012",11.4,"E"
"NOR","FLUVACCIN","TOT","PC_POP65","A","2013",20.8,"E"
"NOR","FLUVACCIN","TOT","PC_POP65","A","2014",26.9,
"NOR","FLUVACCIN","TOT","PC_POP65","A","2015",27,
"POL","FLUVACCIN","TOT","PC_POP65","A","2009",12.1,
"POL","FLUVACCIN","TOT","PC_POP65","A","2014",9.7,
"PRT","FLUVACCIN","TOT","PC_POP65","A","2001",41.9,
"PRT","FLUVACCIN","TOT","PC_POP65","A","2002",36.9,
"PRT","FLUVACCIN","TOT","PC_POP65","A","2003",46.9,
"PRT","FLUVACCIN","TOT","PC_POP65","A","2004",39,
"PRT","FLUVACCIN","TOT","PC_POP65","A","2005",41.6,
"PRT","FLUVACCIN","TOT","PC_POP65","A","2006",50.4,
"PRT","FLUVACCIN","TOT","PC_POP65","A","2007",51,
"PRT","FLUVACCIN","TOT","PC_POP65","A","2008",53.3,
"PRT","FLUVACCIN","TOT","PC_POP65","A","2009",52.2,
"PRT","FLUVACCIN","TOT","PC_POP65","A","2010",48.3,
"PRT","FLUVACCIN","TOT","PC_POP65","A","2011",43.4,
"PRT","FLUVACCIN","TOT","PC_POP65","A","2012",44.9,
"PRT","FLUVACCIN","TOT","PC_POP65","A","2013",49.9,
"PRT","FLUVACCIN","TOT","PC_POP65","A","2014",50.9,
"PRT","FLUVACCIN","TOT","PC_POP65","A","2015",50.1,
"SVK","FLUVACCIN","TOT","PC_POP65","A","2000",20.7,
"SVK","FLUVACCIN","TOT","PC_POP65","A","2001",31.5,
"SVK","FLUVACCIN","TOT","PC_POP65","A","2003",37.9,
"SVK","FLUVACCIN","TOT","PC_POP65","A","2004",22.9,
"SVK","FLUVACCIN","TOT","PC_POP65","A","2005",29.3,
"SVK","FLUVACCIN","TOT","PC_POP65","A","2006",25.7,
"SVK","FLUVACCIN","TOT","PC_POP65","A","2007",33.4,
"SVK","FLUVACCIN","TOT","PC_POP65","A","2008",35.5,
"SVK","FLUVACCIN","TOT","PC_POP65","A","2009",30.5,
"SVK","FLUVACCIN","TOT","PC_POP65","A","2010",23.8,
"SVK","FLUVACCIN","TOT","PC_POP65","A","2011",21.9,
"SVK","FLUVACCIN","TOT","PC_POP65","A","2012",15.4,
"SVK","FLUVACCIN","TOT","PC_POP65","A","2013",15.6,
"SVK","FLUVACCIN","TOT","PC_POP65","A","2014",14.1,
"SVK","FLUVACCIN","TOT","PC_POP65","A","2015",13.8,
"ESP","FLUVACCIN","TOT","PC_POP65","A","2000",61.5,
"ESP","FLUVACCIN","TOT","PC_POP65","A","2001",61.9,
"ESP","FLUVACCIN","TOT","PC_POP65","A","2002",67.2,
"ESP","FLUVACCIN","TOT","PC_POP65","A","2003",68,
"ESP","FLUVACCIN","TOT","PC_POP65","A","2004",68.6,
"ESP","FLUVACCIN","TOT","PC_POP65","A","2005",70.1,
"ESP","FLUVACCIN","TOT","PC_POP65","A","2006",67.5,
"ESP","FLUVACCIN","TOT","PC_POP65","A","2007",62.3,
"ESP","FLUVACCIN","TOT","PC_POP65","A","2008",65.4,
"ESP","FLUVACCIN","TOT","PC_POP65","A","2009",65.7,
"ESP","FLUVACCIN","TOT","PC_POP65","A","2010",56.9,
"ESP","FLUVACCIN","TOT","PC_POP65","A","2011",57.7,
"ESP","FLUVACCIN","TOT","PC_POP65","A","2012",57,
"ESP","FLUVACCIN","TOT","PC_POP65","A","2013",56.2,
"ESP","FLUVACCIN","TOT","PC_POP65","A","2014",56.2,
"ESP","FLUVACCIN","TOT","PC_POP65","A","2015",56.1,
"ESP","FLUVACCIN","TOT","PC_POP65","A","2016",55.6,
"SWE","FLUVACCIN","TOT","PC_POP65","A","2003",51,
"SWE","FLUVACCIN","TOT","PC_POP65","A","2004",55,
"SWE","FLUVACCIN","TOT","PC_POP65","A","2005",61,
"SWE","FLUVACCIN","TOT","PC_POP65","A","2006",57,
"SWE","FLUVACCIN","TOT","PC_POP65","A","2007",58,
"SWE","FLUVACCIN","TOT","PC_POP65","A","2008",65.8,
"SWE","FLUVACCIN","TOT","PC_POP65","A","2009",44,
"SWE","FLUVACCIN","TOT","PC_POP65","A","2010",55.2,
"SWE","FLUVACCIN","TOT","PC_POP65","A","2011",46.1,
"SWE","FLUVACCIN","TOT","PC_POP65","A","2012",44.3,
"SWE","FLUVACCIN","TOT","PC_POP65","A","2013",45.8,
"SWE","FLUVACCIN","TOT","PC_POP65","A","2014",49.7,
"SWE","FLUVACCIN","TOT","PC_POP65","A","2015",49.1,
"CHE","FLUVACCIN","TOT","PC_POP65","A","2000",51,
"CHE","FLUVACCIN","TOT","PC_POP65","A","2001",54,
"CHE","FLUVACCIN","TOT","PC_POP65","A","2002",55,
"CHE","FLUVACCIN","TOT","PC_POP65","A","2003",58,
"CHE","FLUVACCIN","TOT","PC_POP65","A","2004",57,
"CHE","FLUVACCIN","TOT","PC_POP65","A","2005",59,
"CHE","FLUVACCIN","TOT","PC_POP65","A","2006",61,
"CHE","FLUVACCIN","TOT","PC_POP65","A","2007",56,
"CHE","FLUVACCIN","TOT","PC_POP65","A","2010",46,"B"
"TUR","FLUVACCIN","TOT","PC_POP65","A","2008",9.9,
"TUR","FLUVACCIN","TOT","PC_POP65","A","2010",12.2,
"TUR","FLUVACCIN","TOT","PC_POP65","A","2012",13.2,
"TUR","FLUVACCIN","TOT","PC_POP65","A","2014",9,
"GBR","FLUVACCIN","TOT","PC_POP65","A","2000",65,
"GBR","FLUVACCIN","TOT","PC_POP65","A","2001",68,
"GBR","FLUVACCIN","TOT","PC_POP65","A","2002",69,
"GBR","FLUVACCIN","TOT","PC_POP65","A","2003",71,
"GBR","FLUVACCIN","TOT","PC_POP65","A","2004",71,
"GBR","FLUVACCIN","TOT","PC_POP65","A","2005",75,
"GBR","FLUVACCIN","TOT","PC_POP65","A","2006",75.1,
"GBR","FLUVACCIN","TOT","PC_POP65","A","2007",73.2,
"GBR","FLUVACCIN","TOT","PC_POP65","A","2008",73.6,
"GBR","FLUVACCIN","TOT","PC_POP65","A","2009",72.3,
"GBR","FLUVACCIN","TOT","PC_POP65","A","2010",72.8,
"GBR","FLUVACCIN","TOT","PC_POP65","A","2011",74,
"GBR","FLUVACCIN","TOT","PC_POP65","A","2012",73.5,
"GBR","FLUVACCIN","TOT","PC_POP65","A","2013",73.3,
"GBR","FLUVACCIN","TOT","PC_POP65","A","2014",72.8,
"GBR","FLUVACCIN","TOT","PC_POP65","A","2015",71.1,
"USA","FLUVACCIN","TOT","PC_POP65","A","2000",64.4,
"USA","FLUVACCIN","TOT","PC_POP65","A","2001",63.1,
"USA","FLUVACCIN","TOT","PC_POP65","A","2002",65.7,
"USA","FLUVACCIN","TOT","PC_POP65","A","2003",65.5,
"USA","FLUVACCIN","TOT","PC_POP65","A","2004",64.6,
"USA","FLUVACCIN","TOT","PC_POP65","A","2005",59.7,
"USA","FLUVACCIN","TOT","PC_POP65","A","2006",64.3,
"USA","FLUVACCIN","TOT","PC_POP65","A","2007",66.7,
"USA","FLUVACCIN","TOT","PC_POP65","A","2008",67.2,
"USA","FLUVACCIN","TOT","PC_POP65","A","2009",66.8,
"USA","FLUVACCIN","TOT","PC_POP65","A","2010",63.9,
"USA","FLUVACCIN","TOT","PC_POP65","A","2011",66.9,
"USA","FLUVACCIN","TOT","PC_POP65","A","2012",66.5,
"USA","FLUVACCIN","TOT","PC_POP65","A","2013",67.9,
"USA","FLUVACCIN","TOT","PC_POP65","A","2014",70.1,
"USA","FLUVACCIN","TOT","PC_POP65","A","2015",69.1,
"CHL","FLUVACCIN","TOT","PC_POP65","A","2001",94.8,
"CHL","FLUVACCIN","TOT","PC_POP65","A","2002",76.9,
"CHL","FLUVACCIN","TOT","PC_POP65","A","2003",80.3,
"CHL","FLUVACCIN","TOT","PC_POP65","A","2004",79.4,
"CHL","FLUVACCIN","TOT","PC_POP65","A","2005",73.4,
"CHL","FLUVACCIN","TOT","PC_POP65","A","2006",82,
"CHL","FLUVACCIN","TOT","PC_POP65","A","2007",84.5,
"CHL","FLUVACCIN","TOT","PC_POP65","A","2008",78.1,
"CHL","FLUVACCIN","TOT","PC_POP65","A","2009",87.9,
"CHL","FLUVACCIN","TOT","PC_POP65","A","2010",57.7,"B"
"CHL","FLUVACCIN","TOT","PC_POP65","A","2011",62.4,
"CHL","FLUVACCIN","TOT","PC_POP65","A","2012",73.1,
"CHL","FLUVACCIN","TOT","PC_POP65","A","2013",76.5,
"CHL","FLUVACCIN","TOT","PC_POP65","A","2014",74.9,
"CHL","FLUVACCIN","TOT","PC_POP65","A","2015",55,"B"
"CHL","FLUVACCIN","TOT","PC_POP65","A","2016",54,
"EST","FLUVACCIN","TOT","PC_POP65","A","2008",1,
"EST","FLUVACCIN","TOT","PC_POP65","A","2009",1.4,
"EST","FLUVACCIN","TOT","PC_POP65","A","2010",1,
"EST","FLUVACCIN","TOT","PC_POP65","A","2011",0.9,
"EST","FLUVACCIN","TOT","PC_POP65","A","2012",0.9,
"EST","FLUVACCIN","TOT","PC_POP65","A","2013",1.1,
"EST","FLUVACCIN","TOT","PC_POP65","A","2014",1.4,
"EST","FLUVACCIN","TOT","PC_POP65","A","2015",1.6,
"ISR","FLUVACCIN","TOT","PC_POP65","A","2000",44.7,
"ISR","FLUVACCIN","TOT","PC_POP65","A","2002",45.2,
"ISR","FLUVACCIN","TOT","PC_POP65","A","2003",43.9,
"ISR","FLUVACCIN","TOT","PC_POP65","A","2004",48.1,
"ISR","FLUVACCIN","TOT","PC_POP65","A","2005",50.7,
"ISR","FLUVACCIN","TOT","PC_POP65","A","2006",44.6,
"ISR","FLUVACCIN","TOT","PC_POP65","A","2007",51.9,
"ISR","FLUVACCIN","TOT","PC_POP65","A","2008",56.8,
"ISR","FLUVACCIN","TOT","PC_POP65","A","2009",56.7,
"ISR","FLUVACCIN","TOT","PC_POP65","A","2010",57.2,
"ISR","FLUVACCIN","TOT","PC_POP65","A","2011",61,
"ISR","FLUVACCIN","TOT","PC_POP65","A","2012",57.6,
"ISR","FLUVACCIN","TOT","PC_POP65","A","2013",61.2,
"ISR","FLUVACCIN","TOT","PC_POP65","A","2014",63.8,
"ISR","FLUVACCIN","TOT","PC_POP65","A","2015",65.7,
"ISR","FLUVACCIN","TOT","PC_POP65","A","2016",62.3,
"SVN","FLUVACCIN","TOT","PC_POP65","A","2000",35,
"SVN","FLUVACCIN","TOT","PC_POP65","A","2001",29,
"SVN","FLUVACCIN","TOT","PC_POP65","A","2002",26,
"SVN","FLUVACCIN","TOT","PC_POP65","A","2003",33,
"SVN","FLUVACCIN","TOT","PC_POP65","A","2004",30,
"SVN","FLUVACCIN","TOT","PC_POP65","A","2005",33.8,
"SVN","FLUVACCIN","TOT","PC_POP65","A","2006",27.5,
"SVN","FLUVACCIN","TOT","PC_POP65","A","2007",25.6,
"SVN","FLUVACCIN","TOT","PC_POP65","A","2008",25.2,
"SVN","FLUVACCIN","TOT","PC_POP65","A","2009",21.9,
"SVN","FLUVACCIN","TOT","PC_POP65","A","2010",17.7,
"SVN","FLUVACCIN","TOT","PC_POP65","A","2011",15.9,
"SVN","FLUVACCIN","TOT","PC_POP65","A","2012",14.5,
"SVN","FLUVACCIN","TOT","PC_POP65","A","2013",12.8,
"SVN","FLUVACCIN","TOT","PC_POP65","A","2014",10.9,
"SVN","FLUVACCIN","TOT","PC_POP65","A","2015",10.4,
"LVA","FLUVACCIN","TOT","PC_POP65","A","2007",3.1,
"LVA","FLUVACCIN","TOT","PC_POP65","A","2008",2.2,
"LVA","FLUVACCIN","TOT","PC_POP65","A","2009",2.6,
"LVA","FLUVACCIN","TOT","PC_POP65","A","2010",1.2,
"LVA","FLUVACCIN","TOT","PC_POP65","A","2011",2,
"LVA","FLUVACCIN","TOT","PC_POP65","A","2012",1.7,
"LVA","FLUVACCIN","TOT","PC_POP65","A","2013",3.1,
"LVA","FLUVACCIN","TOT","PC_POP65","A","2014",2.8,
"LVA","FLUVACCIN","TOT","PC_POP65","A","2015",2.5,
"LVA","FLUVACCIN","TOT","PC_POP65","A","2016",4.3,
"LTU","FLUVACCIN","TOT","PC_POP65","A","2005",1.8,
"LTU","FLUVACCIN","TOT","PC_POP65","A","2006",1.6,
"LTU","FLUVACCIN","TOT","PC_POP65","A","2007",12.5,
"LTU","FLUVACCIN","TOT","PC_POP65","A","2008",23.6,
"LTU","FLUVACCIN","TOT","PC_POP65","A","2009",21.7,
"LTU","FLUVACCIN","TOT","PC_POP65","A","2010",17.3,
"LTU","FLUVACCIN","TOT","PC_POP65","A","2011",18.5,
"LTU","FLUVACCIN","TOT","PC_POP65","A","2012",19.4,
"LTU","FLUVACCIN","TOT","PC_POP65","A","2013",19.8,
"LTU","FLUVACCIN","TOT","PC_POP65","A","2014",22.1,
"LTU","FLUVACCIN","TOT","PC_POP65","A","2015",19.5,
"ISL","FLUVACCIN","TOT","PC_POP65","A","2014",41,
"ISL","FLUVACCIN","TOT","PC_POP65","A","2015",39.9,
