﻿"LOCATION","INDICATOR","SUBJECT","MEASURE","FREQUENCY","TIME","Value","Flag Codes"
"AUS","MRIEXAM","TOT","1000HAB","A","2007",18.9,"D"
"AUS","MRIEXAM","TOT","1000HAB","A","2008",19.9,"D"
"AUS","MRIEXAM","TOT","1000HAB","A","2009",21.2,"D"
"AUS","MRIEXAM","TOT","1000HAB","A","2010",23.2,"D"
"AUS","MRIEXAM","TOT","1000HAB","A","2011",24.1,"D"
"AUS","MRIEXAM","TOT","1000HAB","A","2012",26,"D"
"AUS","MRIEXAM","TOT","1000HAB","A","2013",27.6,"D"
"AUS","MRIEXAM","TOT","1000HAB","A","2014",35.3,"D"
"AUS","MRIEXAM","TOT","1000HAB","A","2015",41,"D"
"AUS","MRIEXAM","TOT","1000HAB","A","2016",42.5,"D"
"AUS","MRIEXAM","INAMBULATORY","1000HAB","A","2007",17.8,"D"
"AUS","MRIEXAM","INAMBULATORY","1000HAB","A","2008",18.8,"D"
"AUS","MRIEXAM","INAMBULATORY","1000HAB","A","2009",20,"D"
"AUS","MRIEXAM","INAMBULATORY","1000HAB","A","2010",21.9,"D"
"AUS","MRIEXAM","INAMBULATORY","1000HAB","A","2011",22.7,"D"
"AUS","MRIEXAM","INAMBULATORY","1000HAB","A","2012",24.5,"D"
"AUS","MRIEXAM","INAMBULATORY","1000HAB","A","2013",26,"D"
"AUS","MRIEXAM","INAMBULATORY","1000HAB","A","2014",33.6,"D"
"AUS","MRIEXAM","INAMBULATORY","1000HAB","A","2015",39.2,"D"
"AUS","MRIEXAM","INAMBULATORY","1000HAB","A","2016",40.7,"D"
"AUS","MRIEXAM","INHOSPITAL","1000HAB","A","2007",1.1,"D"
"AUS","MRIEXAM","INHOSPITAL","1000HAB","A","2008",1.1,"D"
"AUS","MRIEXAM","INHOSPITAL","1000HAB","A","2009",1.2,"D"
"AUS","MRIEXAM","INHOSPITAL","1000HAB","A","2010",1.3,"D"
"AUS","MRIEXAM","INHOSPITAL","1000HAB","A","2011",1.4,"D"
"AUS","MRIEXAM","INHOSPITAL","1000HAB","A","2012",1.5,"D"
"AUS","MRIEXAM","INHOSPITAL","1000HAB","A","2013",1.6,"D"
"AUS","MRIEXAM","INHOSPITAL","1000HAB","A","2014",1.7,"D"
"AUS","MRIEXAM","INHOSPITAL","1000HAB","A","2015",1.8,"D"
"AUS","MRIEXAM","INHOSPITAL","1000HAB","A","2016",1.8,"D"
"AUT","MRIEXAM","INHOSPITAL","1000HAB","A","2004",32.7,
"AUT","MRIEXAM","INHOSPITAL","1000HAB","A","2005",33.9,
"AUT","MRIEXAM","INHOSPITAL","1000HAB","A","2006",36.4,
"AUT","MRIEXAM","INHOSPITAL","1000HAB","A","2007",43.1,
"AUT","MRIEXAM","INHOSPITAL","1000HAB","A","2008",48.6,
"AUT","MRIEXAM","INHOSPITAL","1000HAB","A","2009",50.4,
"AUT","MRIEXAM","INHOSPITAL","1000HAB","A","2010",47.8,
"AUT","MRIEXAM","INHOSPITAL","1000HAB","A","2011",50.4,
"AUT","MRIEXAM","INHOSPITAL","1000HAB","A","2012",51,
"AUT","MRIEXAM","INHOSPITAL","1000HAB","A","2013",50.3,
"AUT","MRIEXAM","INHOSPITAL","1000HAB","A","2014",58.6,
"AUT","MRIEXAM","INHOSPITAL","1000HAB","A","2015",55,
"BEL","MRIEXAM","TOT","1000HAB","A","2000",21.5,
"BEL","MRIEXAM","TOT","1000HAB","A","2001",31.9,
"BEL","MRIEXAM","TOT","1000HAB","A","2002",35.4,
"BEL","MRIEXAM","TOT","1000HAB","A","2003",39.6,
"BEL","MRIEXAM","TOT","1000HAB","A","2004",43,
"BEL","MRIEXAM","TOT","1000HAB","A","2005",43.9,
"BEL","MRIEXAM","TOT","1000HAB","A","2006",46,
"BEL","MRIEXAM","TOT","1000HAB","A","2007",48,
"BEL","MRIEXAM","TOT","1000HAB","A","2008",53.8,
"BEL","MRIEXAM","TOT","1000HAB","A","2009",61.9,
"BEL","MRIEXAM","TOT","1000HAB","A","2010",65.9,
"BEL","MRIEXAM","TOT","1000HAB","A","2011",70.1,
"BEL","MRIEXAM","TOT","1000HAB","A","2012",73.9,
"BEL","MRIEXAM","TOT","1000HAB","A","2013",77,
"BEL","MRIEXAM","TOT","1000HAB","A","2014",81.5,
"BEL","MRIEXAM","TOT","1000HAB","A","2015",85.6,
"CAN","MRIEXAM","TOT","1000HAB","A","2003",24.3,
"CAN","MRIEXAM","TOT","1000HAB","A","2004",27.3,
"CAN","MRIEXAM","TOT","1000HAB","A","2005",30.8,
"CAN","MRIEXAM","TOT","1000HAB","A","2006",33.4,
"CAN","MRIEXAM","TOT","1000HAB","A","2008",40.4,
"CAN","MRIEXAM","TOT","1000HAB","A","2009",42.7,
"CAN","MRIEXAM","TOT","1000HAB","A","2010",46.5,
"CAN","MRIEXAM","TOT","1000HAB","A","2011",50,
"CAN","MRIEXAM","TOT","1000HAB","A","2012",51.2,"E"
"CAN","MRIEXAM","TOT","1000HAB","A","2013",53.1,"E"
"CAN","MRIEXAM","TOT","1000HAB","A","2014",54.9,
"CAN","MRIEXAM","TOT","1000HAB","A","2015",55.5,"E"
"CAN","MRIEXAM","TOT","1000HAB","A","2016",55.9,"P"
"CAN","MRIEXAM","INAMBULATORY","1000HAB","A","2008",4.6,
"CAN","MRIEXAM","INAMBULATORY","1000HAB","A","2009",4.9,
"CAN","MRIEXAM","INAMBULATORY","1000HAB","A","2010",5.4,
"CAN","MRIEXAM","INAMBULATORY","1000HAB","A","2011",5.9,
"CAN","MRIEXAM","INAMBULATORY","1000HAB","A","2012",6,"E"
"CAN","MRIEXAM","INAMBULATORY","1000HAB","A","2013",6.2,"E"
"CAN","MRIEXAM","INAMBULATORY","1000HAB","A","2014",6.3,"E"
"CAN","MRIEXAM","INAMBULATORY","1000HAB","A","2015",6.4,"E"
"CAN","MRIEXAM","INAMBULATORY","1000HAB","A","2016",6.5,"P"
"CAN","MRIEXAM","INHOSPITAL","1000HAB","A","2008",35.8,
"CAN","MRIEXAM","INHOSPITAL","1000HAB","A","2009",37.7,
"CAN","MRIEXAM","INHOSPITAL","1000HAB","A","2010",41.1,
"CAN","MRIEXAM","INHOSPITAL","1000HAB","A","2011",44.2,
"CAN","MRIEXAM","INHOSPITAL","1000HAB","A","2012",45.2,"E"
"CAN","MRIEXAM","INHOSPITAL","1000HAB","A","2013",46.8,"E"
"CAN","MRIEXAM","INHOSPITAL","1000HAB","A","2014",48.6,"E"
"CAN","MRIEXAM","INHOSPITAL","1000HAB","A","2015",49.1,"E"
"CAN","MRIEXAM","INHOSPITAL","1000HAB","A","2016",49.4,"P"
"CZE","MRIEXAM","TOT","1000HAB","A","2004",16.5,
"CZE","MRIEXAM","TOT","1000HAB","A","2005",18.8,
"CZE","MRIEXAM","TOT","1000HAB","A","2006",21.9,
"CZE","MRIEXAM","TOT","1000HAB","A","2007",24.5,
"CZE","MRIEXAM","TOT","1000HAB","A","2008",27.5,
"CZE","MRIEXAM","TOT","1000HAB","A","2009",32.3,
"CZE","MRIEXAM","TOT","1000HAB","A","2010",33.6,
"CZE","MRIEXAM","TOT","1000HAB","A","2011",39,
"CZE","MRIEXAM","TOT","1000HAB","A","2012",43.2,
"CZE","MRIEXAM","TOT","1000HAB","A","2013",45.2,
"CZE","MRIEXAM","TOT","1000HAB","A","2014",46.3,
"CZE","MRIEXAM","TOT","1000HAB","A","2015",48,
"CZE","MRIEXAM","INAMBULATORY","1000HAB","A","2006",3.4,
"CZE","MRIEXAM","INAMBULATORY","1000HAB","A","2007",3.3,
"CZE","MRIEXAM","INAMBULATORY","1000HAB","A","2008",3.6,
"CZE","MRIEXAM","INAMBULATORY","1000HAB","A","2009",4.9,
"CZE","MRIEXAM","INAMBULATORY","1000HAB","A","2010",6.2,
"CZE","MRIEXAM","INAMBULATORY","1000HAB","A","2011",7.5,
"CZE","MRIEXAM","INAMBULATORY","1000HAB","A","2012",8.6,
"CZE","MRIEXAM","INAMBULATORY","1000HAB","A","2013",9,
"CZE","MRIEXAM","INAMBULATORY","1000HAB","A","2014",9.5,
"CZE","MRIEXAM","INAMBULATORY","1000HAB","A","2015",9.9,
"CZE","MRIEXAM","INHOSPITAL","1000HAB","A","2006",18.5,
"CZE","MRIEXAM","INHOSPITAL","1000HAB","A","2007",21.3,
"CZE","MRIEXAM","INHOSPITAL","1000HAB","A","2008",23.9,
"CZE","MRIEXAM","INHOSPITAL","1000HAB","A","2009",27.4,
"CZE","MRIEXAM","INHOSPITAL","1000HAB","A","2010",27.5,
"CZE","MRIEXAM","INHOSPITAL","1000HAB","A","2011",31.5,
"CZE","MRIEXAM","INHOSPITAL","1000HAB","A","2012",34.6,
"CZE","MRIEXAM","INHOSPITAL","1000HAB","A","2013",36.3,
"CZE","MRIEXAM","INHOSPITAL","1000HAB","A","2014",36.8,
"CZE","MRIEXAM","INHOSPITAL","1000HAB","A","2015",38.1,
"DNK","MRIEXAM","TOT","1000HAB","A","2003",20.9,
"DNK","MRIEXAM","TOT","1000HAB","A","2004",24.1,
"DNK","MRIEXAM","TOT","1000HAB","A","2005",28,
"DNK","MRIEXAM","TOT","1000HAB","A","2006",34.7,
"DNK","MRIEXAM","TOT","1000HAB","A","2007",39.2,
"DNK","MRIEXAM","TOT","1000HAB","A","2008",44.8,
"DNK","MRIEXAM","TOT","1000HAB","A","2009",53.5,
"DNK","MRIEXAM","TOT","1000HAB","A","2010",60.8,
"DNK","MRIEXAM","TOT","1000HAB","A","2011",65.4,
"DNK","MRIEXAM","TOT","1000HAB","A","2012",67,
"DNK","MRIEXAM","TOT","1000HAB","A","2013",60.3,
"DNK","MRIEXAM","TOT","1000HAB","A","2014",75,"B"
"DNK","MRIEXAM","TOT","1000HAB","A","2015",82.1,
"DNK","MRIEXAM","INAMBULATORY","1000HAB","A","2003",0,
"DNK","MRIEXAM","INAMBULATORY","1000HAB","A","2004",0,
"DNK","MRIEXAM","INAMBULATORY","1000HAB","A","2005",0,
"DNK","MRIEXAM","INAMBULATORY","1000HAB","A","2006",0,
"DNK","MRIEXAM","INAMBULATORY","1000HAB","A","2007",0,
"DNK","MRIEXAM","INAMBULATORY","1000HAB","A","2008",0,
"DNK","MRIEXAM","INAMBULATORY","1000HAB","A","2009",0,
"DNK","MRIEXAM","INAMBULATORY","1000HAB","A","2010",0,
"DNK","MRIEXAM","INAMBULATORY","1000HAB","A","2011",0,
"DNK","MRIEXAM","INAMBULATORY","1000HAB","A","2012",0,
"DNK","MRIEXAM","INAMBULATORY","1000HAB","A","2013",0,
"DNK","MRIEXAM","INAMBULATORY","1000HAB","A","2014",6.1,"B"
"DNK","MRIEXAM","INAMBULATORY","1000HAB","A","2015",15.6,
"DNK","MRIEXAM","INHOSPITAL","1000HAB","A","2003",20.9,
"DNK","MRIEXAM","INHOSPITAL","1000HAB","A","2004",24.1,
"DNK","MRIEXAM","INHOSPITAL","1000HAB","A","2005",28,
"DNK","MRIEXAM","INHOSPITAL","1000HAB","A","2006",34.7,
"DNK","MRIEXAM","INHOSPITAL","1000HAB","A","2007",39.2,
"DNK","MRIEXAM","INHOSPITAL","1000HAB","A","2008",44.8,
"DNK","MRIEXAM","INHOSPITAL","1000HAB","A","2009",53.5,
"DNK","MRIEXAM","INHOSPITAL","1000HAB","A","2010",60.8,
"DNK","MRIEXAM","INHOSPITAL","1000HAB","A","2011",65.4,
"DNK","MRIEXAM","INHOSPITAL","1000HAB","A","2012",67,
"DNK","MRIEXAM","INHOSPITAL","1000HAB","A","2013",60.3,
"DNK","MRIEXAM","INHOSPITAL","1000HAB","A","2014",68.8,"B"
"DNK","MRIEXAM","INHOSPITAL","1000HAB","A","2015",66.5,
"FIN","MRIEXAM","TOT","1000HAB","A","2010",23.3,
"FIN","MRIEXAM","TOT","1000HAB","A","2011",24.4,
"FIN","MRIEXAM","TOT","1000HAB","A","2012",28.5,
"FIN","MRIEXAM","TOT","1000HAB","A","2013",30.9,
"FIN","MRIEXAM","TOT","1000HAB","A","2014",31.9,
"FIN","MRIEXAM","TOT","1000HAB","A","2015",39.2,
"FIN","MRIEXAM","INAMBULATORY","1000HAB","A","2010",11.5,
"FIN","MRIEXAM","INAMBULATORY","1000HAB","A","2011",12.7,
"FIN","MRIEXAM","INAMBULATORY","1000HAB","A","2012",13.7,
"FIN","MRIEXAM","INAMBULATORY","1000HAB","A","2013",14.6,
"FIN","MRIEXAM","INAMBULATORY","1000HAB","A","2014",14.4,
"FIN","MRIEXAM","INAMBULATORY","1000HAB","A","2015",20,
"FIN","MRIEXAM","INHOSPITAL","1000HAB","A","2010",11.8,
"FIN","MRIEXAM","INHOSPITAL","1000HAB","A","2011",11.7,
"FIN","MRIEXAM","INHOSPITAL","1000HAB","A","2012",14.8,
"FIN","MRIEXAM","INHOSPITAL","1000HAB","A","2013",16.3,
"FIN","MRIEXAM","INHOSPITAL","1000HAB","A","2014",17.5,
"FIN","MRIEXAM","INHOSPITAL","1000HAB","A","2015",19.1,
"FRA","MRIEXAM","TOT","1000HAB","A","2006",38,
"FRA","MRIEXAM","TOT","1000HAB","A","2007",44.1,
"FRA","MRIEXAM","TOT","1000HAB","A","2008",48.3,
"FRA","MRIEXAM","TOT","1000HAB","A","2009",55.1,
"FRA","MRIEXAM","TOT","1000HAB","A","2010",60.2,
"FRA","MRIEXAM","TOT","1000HAB","A","2011",67.5,
"FRA","MRIEXAM","TOT","1000HAB","A","2012",82,
"FRA","MRIEXAM","TOT","1000HAB","A","2013",90.8,
"FRA","MRIEXAM","TOT","1000HAB","A","2014",95.8,
"FRA","MRIEXAM","TOT","1000HAB","A","2015",104.8,
"FRA","MRIEXAM","INAMBULATORY","1000HAB","A","2006",18.2,
"FRA","MRIEXAM","INAMBULATORY","1000HAB","A","2007",21.1,
"FRA","MRIEXAM","INAMBULATORY","1000HAB","A","2008",23.9,
"FRA","MRIEXAM","INAMBULATORY","1000HAB","A","2009",26.4,
"FRA","MRIEXAM","INAMBULATORY","1000HAB","A","2010",29.5,
"FRA","MRIEXAM","INAMBULATORY","1000HAB","A","2011",33.5,
"FRA","MRIEXAM","INAMBULATORY","1000HAB","A","2012",45.9,
"FRA","MRIEXAM","INAMBULATORY","1000HAB","A","2013",49.6,
"FRA","MRIEXAM","INAMBULATORY","1000HAB","A","2014",54,
"FRA","MRIEXAM","INAMBULATORY","1000HAB","A","2015",60,
"FRA","MRIEXAM","INHOSPITAL","1000HAB","A","2001",11.3,
"FRA","MRIEXAM","INHOSPITAL","1000HAB","A","2002",14.1,
"FRA","MRIEXAM","INHOSPITAL","1000HAB","A","2003",14.6,
"FRA","MRIEXAM","INHOSPITAL","1000HAB","A","2004",17,
"FRA","MRIEXAM","INHOSPITAL","1000HAB","A","2005",18.6,
"FRA","MRIEXAM","INHOSPITAL","1000HAB","A","2006",19.8,
"FRA","MRIEXAM","INHOSPITAL","1000HAB","A","2007",23,
"FRA","MRIEXAM","INHOSPITAL","1000HAB","A","2008",24.4,
"FRA","MRIEXAM","INHOSPITAL","1000HAB","A","2009",28.7,
"FRA","MRIEXAM","INHOSPITAL","1000HAB","A","2010",30.7,
"FRA","MRIEXAM","INHOSPITAL","1000HAB","A","2011",34,
"FRA","MRIEXAM","INHOSPITAL","1000HAB","A","2012",36.1,
"FRA","MRIEXAM","INHOSPITAL","1000HAB","A","2013",41.2,
"FRA","MRIEXAM","INHOSPITAL","1000HAB","A","2014",41.8,
"FRA","MRIEXAM","INHOSPITAL","1000HAB","A","2015",44.8,
"DEU","MRIEXAM","TOT","1000HAB","A","2005",72.8,
"DEU","MRIEXAM","TOT","1000HAB","A","2006",76,
"DEU","MRIEXAM","TOT","1000HAB","A","2007",83.8,
"DEU","MRIEXAM","TOT","1000HAB","A","2008",89.6,
"DEU","MRIEXAM","TOT","1000HAB","A","2009",97,
"DEU","MRIEXAM","TOT","1000HAB","A","2010",105.5,
"DEU","MRIEXAM","TOT","1000HAB","A","2011",110.5,
"DEU","MRIEXAM","TOT","1000HAB","A","2012",115.3,
"DEU","MRIEXAM","TOT","1000HAB","A","2013",124.2,
"DEU","MRIEXAM","TOT","1000HAB","A","2014",131.3,
"DEU","MRIEXAM","INAMBULATORY","1000HAB","A","2000",38.4,
"DEU","MRIEXAM","INAMBULATORY","1000HAB","A","2001",43,
"DEU","MRIEXAM","INAMBULATORY","1000HAB","A","2002",47.2,
"DEU","MRIEXAM","INAMBULATORY","1000HAB","A","2003",50.8,
"DEU","MRIEXAM","INAMBULATORY","1000HAB","A","2004",55.7,
"DEU","MRIEXAM","INAMBULATORY","1000HAB","A","2005",60.6,
"DEU","MRIEXAM","INAMBULATORY","1000HAB","A","2006",62.5,
"DEU","MRIEXAM","INAMBULATORY","1000HAB","A","2007",69.3,
"DEU","MRIEXAM","INAMBULATORY","1000HAB","A","2008",74.1,
"DEU","MRIEXAM","INAMBULATORY","1000HAB","A","2009",79.8,
"DEU","MRIEXAM","INAMBULATORY","1000HAB","A","2010",86.9,
"DEU","MRIEXAM","INAMBULATORY","1000HAB","A","2011",90.3,
"DEU","MRIEXAM","INAMBULATORY","1000HAB","A","2012",94.2,
"DEU","MRIEXAM","INAMBULATORY","1000HAB","A","2013",102.3,
"DEU","MRIEXAM","INAMBULATORY","1000HAB","A","2014",108.2,
"DEU","MRIEXAM","INHOSPITAL","1000HAB","A","2005",12.2,
"DEU","MRIEXAM","INHOSPITAL","1000HAB","A","2006",13.5,
"DEU","MRIEXAM","INHOSPITAL","1000HAB","A","2007",14.5,
"DEU","MRIEXAM","INHOSPITAL","1000HAB","A","2008",15.5,
"DEU","MRIEXAM","INHOSPITAL","1000HAB","A","2009",17.3,
"DEU","MRIEXAM","INHOSPITAL","1000HAB","A","2010",18.6,
"DEU","MRIEXAM","INHOSPITAL","1000HAB","A","2011",20.2,
"DEU","MRIEXAM","INHOSPITAL","1000HAB","A","2012",21.1,
"DEU","MRIEXAM","INHOSPITAL","1000HAB","A","2013",21.9,
"DEU","MRIEXAM","INHOSPITAL","1000HAB","A","2014",23.1,
"DEU","MRIEXAM","INHOSPITAL","1000HAB","A","2015",23.5,
"GRC","MRIEXAM","TOT","1000HAB","A","2008",99.3,
"GRC","MRIEXAM","TOT","1000HAB","A","2012",67.9,
"GRC","MRIEXAM","INAMBULATORY","1000HAB","A","2012",59.9,
"GRC","MRIEXAM","INHOSPITAL","1000HAB","A","2012",8,
"HUN","MRIEXAM","TOT","1000HAB","A","2006",28.7,
"HUN","MRIEXAM","TOT","1000HAB","A","2007",28,
"HUN","MRIEXAM","TOT","1000HAB","A","2008",30.9,
"HUN","MRIEXAM","TOT","1000HAB","A","2009",31.5,
"HUN","MRIEXAM","TOT","1000HAB","A","2010",31.8,
"HUN","MRIEXAM","TOT","1000HAB","A","2011",32.8,
"HUN","MRIEXAM","TOT","1000HAB","A","2012",34.1,
"HUN","MRIEXAM","TOT","1000HAB","A","2013",34.8,
"HUN","MRIEXAM","TOT","1000HAB","A","2014",35.9,
"HUN","MRIEXAM","TOT","1000HAB","A","2015",38.1,
"HUN","MRIEXAM","INAMBULATORY","1000HAB","A","2006",28.7,"D"
"HUN","MRIEXAM","INAMBULATORY","1000HAB","A","2007",27.9,"D"
"HUN","MRIEXAM","INAMBULATORY","1000HAB","A","2008",30.7,"D"
"HUN","MRIEXAM","INAMBULATORY","1000HAB","A","2009",31.3,"D"
"HUN","MRIEXAM","INAMBULATORY","1000HAB","A","2010",31.7,"D"
"HUN","MRIEXAM","INAMBULATORY","1000HAB","A","2011",32.7,"D"
"HUN","MRIEXAM","INAMBULATORY","1000HAB","A","2012",34,"D"
"HUN","MRIEXAM","INAMBULATORY","1000HAB","A","2013",34.6,"D"
"HUN","MRIEXAM","INAMBULATORY","1000HAB","A","2014",35.7,"D"
"HUN","MRIEXAM","INAMBULATORY","1000HAB","A","2015",37.9,"D"
"HUN","MRIEXAM","INHOSPITAL","1000HAB","A","2006",0.1,"D"
"HUN","MRIEXAM","INHOSPITAL","1000HAB","A","2007",0.1,"D"
"HUN","MRIEXAM","INHOSPITAL","1000HAB","A","2008",0.1,"D"
"HUN","MRIEXAM","INHOSPITAL","1000HAB","A","2009",0.1,"D"
"HUN","MRIEXAM","INHOSPITAL","1000HAB","A","2010",0.1,"D"
"HUN","MRIEXAM","INHOSPITAL","1000HAB","A","2011",0.1,"D"
"HUN","MRIEXAM","INHOSPITAL","1000HAB","A","2012",0.1,"D"
"HUN","MRIEXAM","INHOSPITAL","1000HAB","A","2013",0.2,"D"
"HUN","MRIEXAM","INHOSPITAL","1000HAB","A","2014",0.2,"D"
"HUN","MRIEXAM","INHOSPITAL","1000HAB","A","2015",0.2,"D"
"ISL","MRIEXAM","TOT","1000HAB","A","2006",57.2,
"ISL","MRIEXAM","TOT","1000HAB","A","2007",64.7,
"ISL","MRIEXAM","TOT","1000HAB","A","2008",72.7,
"ISL","MRIEXAM","TOT","1000HAB","A","2009",75.7,
"ISL","MRIEXAM","TOT","1000HAB","A","2010",74.2,
"ISL","MRIEXAM","TOT","1000HAB","A","2011",79.8,
"ISL","MRIEXAM","TOT","1000HAB","A","2012",80.6,
"ISL","MRIEXAM","TOT","1000HAB","A","2013",74.5,
"ISL","MRIEXAM","TOT","1000HAB","A","2014",81.1,
"ISL","MRIEXAM","TOT","1000HAB","A","2015",81.9,
"ISL","MRIEXAM","TOT","1000HAB","A","2016",93.8,
"ISL","MRIEXAM","INAMBULATORY","1000HAB","A","2008",32.5,
"ISL","MRIEXAM","INAMBULATORY","1000HAB","A","2009",31,
"ISL","MRIEXAM","INAMBULATORY","1000HAB","A","2010",34.8,
"ISL","MRIEXAM","INAMBULATORY","1000HAB","A","2011",37.7,
"ISL","MRIEXAM","INAMBULATORY","1000HAB","A","2012",37.3,
"ISL","MRIEXAM","INAMBULATORY","1000HAB","A","2013",37.4,
"ISL","MRIEXAM","INAMBULATORY","1000HAB","A","2014",40.8,
"ISL","MRIEXAM","INAMBULATORY","1000HAB","A","2015",45.8,
"ISL","MRIEXAM","INAMBULATORY","1000HAB","A","2016",54.6,
"ISL","MRIEXAM","INHOSPITAL","1000HAB","A","2008",40.2,
"ISL","MRIEXAM","INHOSPITAL","1000HAB","A","2009",44.7,
"ISL","MRIEXAM","INHOSPITAL","1000HAB","A","2010",39.3,
"ISL","MRIEXAM","INHOSPITAL","1000HAB","A","2011",42.1,
"ISL","MRIEXAM","INHOSPITAL","1000HAB","A","2012",43.3,
"ISL","MRIEXAM","INHOSPITAL","1000HAB","A","2013",37.1,
"ISL","MRIEXAM","INHOSPITAL","1000HAB","A","2014",40.3,
"ISL","MRIEXAM","INHOSPITAL","1000HAB","A","2015",36.1,
"ISL","MRIEXAM","INHOSPITAL","1000HAB","A","2016",39.2,
"KOR","MRIEXAM","TOT","1000HAB","A","2007",13.9,
"KOR","MRIEXAM","TOT","1000HAB","A","2008",15.1,
"KOR","MRIEXAM","TOT","1000HAB","A","2009",16.4,
"KOR","MRIEXAM","TOT","1000HAB","A","2010",18.4,
"KOR","MRIEXAM","TOT","1000HAB","A","2011",23.3,
"KOR","MRIEXAM","TOT","1000HAB","A","2012",24.2,
"KOR","MRIEXAM","TOT","1000HAB","A","2013",26.2,
"KOR","MRIEXAM","TOT","1000HAB","A","2014",30,
"KOR","MRIEXAM","TOT","1000HAB","A","2015",31.2,
"KOR","MRIEXAM","INAMBULATORY","1000HAB","A","2007",0.7,
"KOR","MRIEXAM","INAMBULATORY","1000HAB","A","2008",0.6,
"KOR","MRIEXAM","INAMBULATORY","1000HAB","A","2009",0.7,
"KOR","MRIEXAM","INAMBULATORY","1000HAB","A","2010",0.8,
"KOR","MRIEXAM","INAMBULATORY","1000HAB","A","2011",1.2,
"KOR","MRIEXAM","INAMBULATORY","1000HAB","A","2012",1.1,
"KOR","MRIEXAM","INAMBULATORY","1000HAB","A","2013",1.1,
"KOR","MRIEXAM","INAMBULATORY","1000HAB","A","2014",1.6,
"KOR","MRIEXAM","INAMBULATORY","1000HAB","A","2015",1.5,
"KOR","MRIEXAM","INHOSPITAL","1000HAB","A","2007",13.2,
"KOR","MRIEXAM","INHOSPITAL","1000HAB","A","2008",14.5,
"KOR","MRIEXAM","INHOSPITAL","1000HAB","A","2009",15.7,
"KOR","MRIEXAM","INHOSPITAL","1000HAB","A","2010",17.6,
"KOR","MRIEXAM","INHOSPITAL","1000HAB","A","2011",22.1,
"KOR","MRIEXAM","INHOSPITAL","1000HAB","A","2012",23.2,
"KOR","MRIEXAM","INHOSPITAL","1000HAB","A","2013",25.1,
"KOR","MRIEXAM","INHOSPITAL","1000HAB","A","2014",28.4,
"KOR","MRIEXAM","INHOSPITAL","1000HAB","A","2015",29.7,
"LUX","MRIEXAM","TOT","1000HAB","A","2002",22.1,
"LUX","MRIEXAM","TOT","1000HAB","A","2003",35.3,
"LUX","MRIEXAM","TOT","1000HAB","A","2004",54.2,
"LUX","MRIEXAM","TOT","1000HAB","A","2005",55.2,
"LUX","MRIEXAM","TOT","1000HAB","A","2006",58.7,
"LUX","MRIEXAM","TOT","1000HAB","A","2007",60.2,
"LUX","MRIEXAM","TOT","1000HAB","A","2008",64.9,
"LUX","MRIEXAM","TOT","1000HAB","A","2009",75.5,
"LUX","MRIEXAM","TOT","1000HAB","A","2010",80.3,
"LUX","MRIEXAM","TOT","1000HAB","A","2011",81.5,
"LUX","MRIEXAM","TOT","1000HAB","A","2012",82.2,
"LUX","MRIEXAM","TOT","1000HAB","A","2013",84.3,
"LUX","MRIEXAM","TOT","1000HAB","A","2014",83.5,"E"
"LUX","MRIEXAM","TOT","1000HAB","A","2015",82.5,"E"
"LUX","MRIEXAM","INAMBULATORY","1000HAB","A","2002",0,
"LUX","MRIEXAM","INAMBULATORY","1000HAB","A","2003",0,
"LUX","MRIEXAM","INAMBULATORY","1000HAB","A","2004",0,
"LUX","MRIEXAM","INAMBULATORY","1000HAB","A","2005",0,
"LUX","MRIEXAM","INAMBULATORY","1000HAB","A","2006",0,
"LUX","MRIEXAM","INAMBULATORY","1000HAB","A","2007",0,
"LUX","MRIEXAM","INAMBULATORY","1000HAB","A","2008",0,
"LUX","MRIEXAM","INAMBULATORY","1000HAB","A","2009",0,
"LUX","MRIEXAM","INAMBULATORY","1000HAB","A","2010",0,
"LUX","MRIEXAM","INAMBULATORY","1000HAB","A","2011",0,
"LUX","MRIEXAM","INAMBULATORY","1000HAB","A","2012",0,
"LUX","MRIEXAM","INAMBULATORY","1000HAB","A","2013",0,
"LUX","MRIEXAM","INAMBULATORY","1000HAB","A","2014",0,
"LUX","MRIEXAM","INAMBULATORY","1000HAB","A","2015",0,
"LUX","MRIEXAM","INHOSPITAL","1000HAB","A","2002",22.1,
"LUX","MRIEXAM","INHOSPITAL","1000HAB","A","2003",35.3,
"LUX","MRIEXAM","INHOSPITAL","1000HAB","A","2004",54.2,
"LUX","MRIEXAM","INHOSPITAL","1000HAB","A","2005",55.2,
"LUX","MRIEXAM","INHOSPITAL","1000HAB","A","2006",58.7,
"LUX","MRIEXAM","INHOSPITAL","1000HAB","A","2007",60.2,
"LUX","MRIEXAM","INHOSPITAL","1000HAB","A","2008",64.9,
"LUX","MRIEXAM","INHOSPITAL","1000HAB","A","2009",75.5,
"LUX","MRIEXAM","INHOSPITAL","1000HAB","A","2010",80.3,
"LUX","MRIEXAM","INHOSPITAL","1000HAB","A","2011",81.5,
"LUX","MRIEXAM","INHOSPITAL","1000HAB","A","2012",82.2,
"LUX","MRIEXAM","INHOSPITAL","1000HAB","A","2013",84.3,
"LUX","MRIEXAM","INHOSPITAL","1000HAB","A","2014",83.5,"E"
"LUX","MRIEXAM","INHOSPITAL","1000HAB","A","2015",82.5,"E"
"NLD","MRIEXAM","TOT","1000HAB","A","2008",38.6,
"NLD","MRIEXAM","TOT","1000HAB","A","2009",43.6,
"NLD","MRIEXAM","TOT","1000HAB","A","2010",49.1,
"NLD","MRIEXAM","TOT","1000HAB","A","2011",50,
"NLD","MRIEXAM","TOT","1000HAB","A","2014",51.2,
"NLD","MRIEXAM","TOT","1000HAB","A","2015",51.8,
"NLD","MRIEXAM","INAMBULATORY","1000HAB","A","2008",1.4,
"NLD","MRIEXAM","INAMBULATORY","1000HAB","A","2009",1.7,
"NLD","MRIEXAM","INAMBULATORY","1000HAB","A","2010",2.3,
"NLD","MRIEXAM","INAMBULATORY","1000HAB","A","2011",3,
"NLD","MRIEXAM","INAMBULATORY","1000HAB","A","2014",1.3,
"NLD","MRIEXAM","INAMBULATORY","1000HAB","A","2015",2,
"NLD","MRIEXAM","INHOSPITAL","1000HAB","A","2008",37.2,
"NLD","MRIEXAM","INHOSPITAL","1000HAB","A","2009",41.9,
"NLD","MRIEXAM","INHOSPITAL","1000HAB","A","2010",46.8,
"NLD","MRIEXAM","INHOSPITAL","1000HAB","A","2011",47,
"NLD","MRIEXAM","INHOSPITAL","1000HAB","A","2014",50,
"NLD","MRIEXAM","INHOSPITAL","1000HAB","A","2015",49.8,
"NZL","MRIEXAM","INHOSPITAL","1000HAB","A","1995",0.3,"D"
"NZL","MRIEXAM","INHOSPITAL","1000HAB","A","1996",0.5,"D"
"NZL","MRIEXAM","INHOSPITAL","1000HAB","A","1997",0.7,"D"
"NZL","MRIEXAM","INHOSPITAL","1000HAB","A","1998",0.9,"D"
"NZL","MRIEXAM","INHOSPITAL","1000HAB","A","1999",1.2,"D"
"NZL","MRIEXAM","INHOSPITAL","1000HAB","A","2000",1.6,"D"
"NZL","MRIEXAM","INHOSPITAL","1000HAB","A","2001",1.8,"D"
"NZL","MRIEXAM","INHOSPITAL","1000HAB","A","2002",2,"D"
"NZL","MRIEXAM","INHOSPITAL","1000HAB","A","2003",2.3,"D"
"NZL","MRIEXAM","INHOSPITAL","1000HAB","A","2004",2.5,"D"
"NZL","MRIEXAM","INHOSPITAL","1000HAB","A","2005",2.8,"D"
"NZL","MRIEXAM","INHOSPITAL","1000HAB","A","2006",2.8,"D"
"NZL","MRIEXAM","INHOSPITAL","1000HAB","A","2007",3,"D"
"NZL","MRIEXAM","INHOSPITAL","1000HAB","A","2008",3.2,"D"
"NZL","MRIEXAM","INHOSPITAL","1000HAB","A","2009",3.4,"D"
"NZL","MRIEXAM","INHOSPITAL","1000HAB","A","2010",3.6,"D"
"NZL","MRIEXAM","INHOSPITAL","1000HAB","A","2011",3.8,"D"
"NZL","MRIEXAM","INHOSPITAL","1000HAB","A","2012",4.1,"D"
"NZL","MRIEXAM","INHOSPITAL","1000HAB","A","2013",4.4,"D"
"POL","MRIEXAM","TOT","1000HAB","A","2012",23.3,
"POL","MRIEXAM","TOT","1000HAB","A","2013",24.8,
"POL","MRIEXAM","TOT","1000HAB","A","2014",27,
"POL","MRIEXAM","TOT","1000HAB","A","2015",28.4,
"POL","MRIEXAM","INAMBULATORY","1000HAB","A","2012",19.1,
"POL","MRIEXAM","INAMBULATORY","1000HAB","A","2013",20.1,
"POL","MRIEXAM","INAMBULATORY","1000HAB","A","2014",21.5,
"POL","MRIEXAM","INAMBULATORY","1000HAB","A","2015",22.6,
"POL","MRIEXAM","INHOSPITAL","1000HAB","A","2012",4.1,
"POL","MRIEXAM","INHOSPITAL","1000HAB","A","2013",4.7,
"POL","MRIEXAM","INHOSPITAL","1000HAB","A","2014",5.5,
"POL","MRIEXAM","INHOSPITAL","1000HAB","A","2015",5.8,
"PRT","MRIEXAM","INHOSPITAL","1000HAB","A","1999",3.1,
"PRT","MRIEXAM","INHOSPITAL","1000HAB","A","2000",4.2,
"PRT","MRIEXAM","INHOSPITAL","1000HAB","A","2001",4.6,
"PRT","MRIEXAM","INHOSPITAL","1000HAB","A","2002",6,
"PRT","MRIEXAM","INHOSPITAL","1000HAB","A","2003",6.3,
"PRT","MRIEXAM","INHOSPITAL","1000HAB","A","2004",7.3,
"PRT","MRIEXAM","INHOSPITAL","1000HAB","A","2005",8.3,
"PRT","MRIEXAM","INHOSPITAL","1000HAB","A","2006",9.2,
"PRT","MRIEXAM","INHOSPITAL","1000HAB","A","2007",12.2,
"PRT","MRIEXAM","INHOSPITAL","1000HAB","A","2008",16.8,
"PRT","MRIEXAM","INHOSPITAL","1000HAB","A","2009",20.2,
"PRT","MRIEXAM","INHOSPITAL","1000HAB","A","2010",22.4,
"PRT","MRIEXAM","INHOSPITAL","1000HAB","A","2011",25.6,
"PRT","MRIEXAM","INHOSPITAL","1000HAB","A","2012",26.7,
"PRT","MRIEXAM","INHOSPITAL","1000HAB","A","2013",29.7,
"PRT","MRIEXAM","INHOSPITAL","1000HAB","A","2014",33.5,
"PRT","MRIEXAM","INHOSPITAL","1000HAB","A","2015",36.3,"E"
"SVK","MRIEXAM","TOT","1000HAB","A","1996",2.5,
"SVK","MRIEXAM","TOT","1000HAB","A","1997",2.4,
"SVK","MRIEXAM","TOT","1000HAB","A","1998",3.5,
"SVK","MRIEXAM","TOT","1000HAB","A","1999",2.3,
"SVK","MRIEXAM","TOT","1000HAB","A","2000",3.1,
"SVK","MRIEXAM","TOT","1000HAB","A","2001",3.5,
"SVK","MRIEXAM","TOT","1000HAB","A","2002",3.5,
"SVK","MRIEXAM","TOT","1000HAB","A","2003",5.2,
"SVK","MRIEXAM","TOT","1000HAB","A","2004",7.9,
"SVK","MRIEXAM","TOT","1000HAB","A","2005",9.8,
"SVK","MRIEXAM","TOT","1000HAB","A","2006",13.3,
"SVK","MRIEXAM","TOT","1000HAB","A","2007",20.8,
"SVK","MRIEXAM","TOT","1000HAB","A","2008",24.3,
"SVK","MRIEXAM","TOT","1000HAB","A","2009",29.9,
"SVK","MRIEXAM","TOT","1000HAB","A","2010",33.5,
"SVK","MRIEXAM","TOT","1000HAB","A","2011",34.7,
"SVK","MRIEXAM","TOT","1000HAB","A","2012",40.9,
"SVK","MRIEXAM","TOT","1000HAB","A","2013",46.3,
"SVK","MRIEXAM","TOT","1000HAB","A","2014",51.6,
"SVK","MRIEXAM","TOT","1000HAB","A","2015",56.8,
"SVK","MRIEXAM","INAMBULATORY","1000HAB","A","2009",23.4,"D"
"SVK","MRIEXAM","INAMBULATORY","1000HAB","A","2010",24.7,"D"
"SVK","MRIEXAM","INAMBULATORY","1000HAB","A","2011",28.5,"D"
"SVK","MRIEXAM","INAMBULATORY","1000HAB","A","2012",32.4,"D"
"SVK","MRIEXAM","INAMBULATORY","1000HAB","A","2013",36.9,"D"
"SVK","MRIEXAM","INAMBULATORY","1000HAB","A","2014",42.3,"D"
"SVK","MRIEXAM","INAMBULATORY","1000HAB","A","2015",45.5,"D"
"SVK","MRIEXAM","INHOSPITAL","1000HAB","A","2009",6.5,"D"
"SVK","MRIEXAM","INHOSPITAL","1000HAB","A","2010",8.7,"D"
"SVK","MRIEXAM","INHOSPITAL","1000HAB","A","2011",6.2,"D"
"SVK","MRIEXAM","INHOSPITAL","1000HAB","A","2012",8.5,"D"
"SVK","MRIEXAM","INHOSPITAL","1000HAB","A","2013",9.4,"D"
"SVK","MRIEXAM","INHOSPITAL","1000HAB","A","2014",9.3,"D"
"SVK","MRIEXAM","INHOSPITAL","1000HAB","A","2015",11.3,"D"
"ESP","MRIEXAM","TOT","1000HAB","A","2010",59.6,
"ESP","MRIEXAM","TOT","1000HAB","A","2011",63,
"ESP","MRIEXAM","TOT","1000HAB","A","2012",64.5,
"ESP","MRIEXAM","TOT","1000HAB","A","2013",69.5,
"ESP","MRIEXAM","TOT","1000HAB","A","2014",77.4,
"ESP","MRIEXAM","TOT","1000HAB","A","2015",78.3,
"ESP","MRIEXAM","INAMBULATORY","1000HAB","A","2010",12.2,
"ESP","MRIEXAM","INAMBULATORY","1000HAB","A","2011",13.3,
"ESP","MRIEXAM","INAMBULATORY","1000HAB","A","2012",14.8,
"ESP","MRIEXAM","INAMBULATORY","1000HAB","A","2013",15.2,
"ESP","MRIEXAM","INAMBULATORY","1000HAB","A","2014",17.6,
"ESP","MRIEXAM","INAMBULATORY","1000HAB","A","2015",15.1,
"ESP","MRIEXAM","INHOSPITAL","1000HAB","A","1996",6.7,
"ESP","MRIEXAM","INHOSPITAL","1000HAB","A","1997",8,
"ESP","MRIEXAM","INHOSPITAL","1000HAB","A","1998",9.7,
"ESP","MRIEXAM","INHOSPITAL","1000HAB","A","1999",13.1,
"ESP","MRIEXAM","INHOSPITAL","1000HAB","A","2000",15,
"ESP","MRIEXAM","INHOSPITAL","1000HAB","A","2001",17.7,
"ESP","MRIEXAM","INHOSPITAL","1000HAB","A","2002",22.6,
"ESP","MRIEXAM","INHOSPITAL","1000HAB","A","2003",25.4,
"ESP","MRIEXAM","INHOSPITAL","1000HAB","A","2004",28.1,
"ESP","MRIEXAM","INHOSPITAL","1000HAB","A","2005",30.4,
"ESP","MRIEXAM","INHOSPITAL","1000HAB","A","2006",32.6,
"ESP","MRIEXAM","INHOSPITAL","1000HAB","A","2007",35.1,
"ESP","MRIEXAM","INHOSPITAL","1000HAB","A","2008",38.6,
"ESP","MRIEXAM","INHOSPITAL","1000HAB","A","2009",42.7,
"ESP","MRIEXAM","INHOSPITAL","1000HAB","A","2010",47.4,
"ESP","MRIEXAM","INHOSPITAL","1000HAB","A","2011",49.7,
"ESP","MRIEXAM","INHOSPITAL","1000HAB","A","2012",49.8,
"ESP","MRIEXAM","INHOSPITAL","1000HAB","A","2013",54.3,
"ESP","MRIEXAM","INHOSPITAL","1000HAB","A","2014",59.8,
"ESP","MRIEXAM","INHOSPITAL","1000HAB","A","2015",63.2,
"TUR","MRIEXAM","TOT","1000HAB","A","2008",48.8,
"TUR","MRIEXAM","TOT","1000HAB","A","2009",67.6,
"TUR","MRIEXAM","TOT","1000HAB","A","2010",79.5,
"TUR","MRIEXAM","TOT","1000HAB","A","2011",97.3,
"TUR","MRIEXAM","TOT","1000HAB","A","2012",114.7,
"TUR","MRIEXAM","TOT","1000HAB","A","2013",119.2,
"TUR","MRIEXAM","TOT","1000HAB","A","2014",132.9,
"TUR","MRIEXAM","TOT","1000HAB","A","2015",144.3,
"GBR","MRIEXAM","INHOSPITAL","1000HAB","A","1995",7.2,"E"
"GBR","MRIEXAM","INHOSPITAL","1000HAB","A","1996",8.1,"E"
"GBR","MRIEXAM","INHOSPITAL","1000HAB","A","1997",9.7,"E"
"GBR","MRIEXAM","INHOSPITAL","1000HAB","A","1998",10.7,"E"
"GBR","MRIEXAM","INHOSPITAL","1000HAB","A","1999",11.9,"E"
"GBR","MRIEXAM","INHOSPITAL","1000HAB","A","2000",12.8,"E"
"GBR","MRIEXAM","INHOSPITAL","1000HAB","A","2001",14.3,"E"
"GBR","MRIEXAM","INHOSPITAL","1000HAB","A","2002",15.8,"E"
"GBR","MRIEXAM","INHOSPITAL","1000HAB","A","2003",17.2,"E"
"GBR","MRIEXAM","INHOSPITAL","1000HAB","A","2004",18.8,"E"
"GBR","MRIEXAM","INHOSPITAL","1000HAB","A","2005",22.1,"E"
"GBR","MRIEXAM","INHOSPITAL","1000HAB","A","2006",24.7,"E"
"GBR","MRIEXAM","INHOSPITAL","1000HAB","A","2007",29,"E"
"GBR","MRIEXAM","INHOSPITAL","1000HAB","A","2008",33.4,"E"
"GBR","MRIEXAM","INHOSPITAL","1000HAB","A","2009",37.7,"E"
"GBR","MRIEXAM","INHOSPITAL","1000HAB","A","2010",40.4,"E"
"GBR","MRIEXAM","INHOSPITAL","1000HAB","A","2012",40.8,"B"
"GBR","MRIEXAM","INHOSPITAL","1000HAB","A","2013",45,
"GBR","MRIEXAM","INHOSPITAL","1000HAB","A","2014",49.4,
"GBR","MRIEXAM","INHOSPITAL","1000HAB","A","2015",52.6,
"USA","MRIEXAM","TOT","1000HAB","A","1995",34.2,
"USA","MRIEXAM","TOT","1000HAB","A","1996",36.4,
"USA","MRIEXAM","TOT","1000HAB","A","1997",40,
"USA","MRIEXAM","TOT","1000HAB","A","1998",43.1,
"USA","MRIEXAM","TOT","1000HAB","A","1999",49.5,
"USA","MRIEXAM","TOT","1000HAB","A","2000",56,
"USA","MRIEXAM","TOT","1000HAB","A","2001",63.2,
"USA","MRIEXAM","TOT","1000HAB","A","2002",76.1,
"USA","MRIEXAM","TOT","1000HAB","A","2003",83.4,
"USA","MRIEXAM","TOT","1000HAB","A","2004",84.4,
"USA","MRIEXAM","TOT","1000HAB","A","2005",85.6,
"USA","MRIEXAM","TOT","1000HAB","A","2006",89.1,
"USA","MRIEXAM","TOT","1000HAB","A","2007",91.3,
"USA","MRIEXAM","TOT","1000HAB","A","2008",93.4,
"USA","MRIEXAM","TOT","1000HAB","A","2009",95.8,
"USA","MRIEXAM","TOT","1000HAB","A","2010",97.6,
"USA","MRIEXAM","TOT","1000HAB","A","2011",102.7,
"USA","MRIEXAM","TOT","1000HAB","A","2012",104.8,
"USA","MRIEXAM","TOT","1000HAB","A","2013",106.9,
"USA","MRIEXAM","TOT","1000HAB","A","2014",109.6,
"USA","MRIEXAM","TOT","1000HAB","A","2015",117.8,
"USA","MRIEXAM","TOT","1000HAB","A","2016",120.7,
"USA","MRIEXAM","INAMBULATORY","1000HAB","A","1995",15,
"USA","MRIEXAM","INAMBULATORY","1000HAB","A","1996",15.6,
"USA","MRIEXAM","INAMBULATORY","1000HAB","A","1997",16.9,
"USA","MRIEXAM","INAMBULATORY","1000HAB","A","1998",18.1,
"USA","MRIEXAM","INAMBULATORY","1000HAB","A","1999",20.8,
"USA","MRIEXAM","INAMBULATORY","1000HAB","A","2000",23.7,
"USA","MRIEXAM","INAMBULATORY","1000HAB","A","2001",27.4,
"USA","MRIEXAM","INAMBULATORY","1000HAB","A","2002",33,
"USA","MRIEXAM","INAMBULATORY","1000HAB","A","2003",40,
"USA","MRIEXAM","INAMBULATORY","1000HAB","A","2004",39.6,
"USA","MRIEXAM","INAMBULATORY","1000HAB","A","2005",39.6,
"USA","MRIEXAM","INAMBULATORY","1000HAB","A","2006",40.2,
"USA","MRIEXAM","INAMBULATORY","1000HAB","A","2007",41.8,
"USA","MRIEXAM","INAMBULATORY","1000HAB","A","2008",46.7,
"USA","MRIEXAM","INAMBULATORY","1000HAB","A","2009",51.5,
"USA","MRIEXAM","INAMBULATORY","1000HAB","A","2010",51.4,
"USA","MRIEXAM","INAMBULATORY","1000HAB","A","2011",51.7,
"USA","MRIEXAM","INAMBULATORY","1000HAB","A","2012",48.4,
"USA","MRIEXAM","INAMBULATORY","1000HAB","A","2013",51.5,
"USA","MRIEXAM","INAMBULATORY","1000HAB","A","2014",52.7,
"USA","MRIEXAM","INAMBULATORY","1000HAB","A","2015",63.9,
"USA","MRIEXAM","INAMBULATORY","1000HAB","A","2016",69.6,
"USA","MRIEXAM","INHOSPITAL","1000HAB","A","1995",19.2,
"USA","MRIEXAM","INHOSPITAL","1000HAB","A","1996",20.8,
"USA","MRIEXAM","INHOSPITAL","1000HAB","A","1997",23.1,
"USA","MRIEXAM","INHOSPITAL","1000HAB","A","1998",25,
"USA","MRIEXAM","INHOSPITAL","1000HAB","A","1999",28.7,
"USA","MRIEXAM","INHOSPITAL","1000HAB","A","2000",32.3,
"USA","MRIEXAM","INHOSPITAL","1000HAB","A","2001",35.8,
"USA","MRIEXAM","INHOSPITAL","1000HAB","A","2002",43.1,
"USA","MRIEXAM","INHOSPITAL","1000HAB","A","2003",43.4,
"USA","MRIEXAM","INHOSPITAL","1000HAB","A","2004",44.7,
"USA","MRIEXAM","INHOSPITAL","1000HAB","A","2005",46,
"USA","MRIEXAM","INHOSPITAL","1000HAB","A","2006",48.9,
"USA","MRIEXAM","INHOSPITAL","1000HAB","A","2007",49.5,
"USA","MRIEXAM","INHOSPITAL","1000HAB","A","2008",46.7,
"USA","MRIEXAM","INHOSPITAL","1000HAB","A","2009",44.3,
"USA","MRIEXAM","INHOSPITAL","1000HAB","A","2010",46.2,
"USA","MRIEXAM","INHOSPITAL","1000HAB","A","2011",51,
"USA","MRIEXAM","INHOSPITAL","1000HAB","A","2012",56.4,
"USA","MRIEXAM","INHOSPITAL","1000HAB","A","2013",55.3,
"USA","MRIEXAM","INHOSPITAL","1000HAB","A","2014",56.8,
"USA","MRIEXAM","INHOSPITAL","1000HAB","A","2015",53.9,
"USA","MRIEXAM","INHOSPITAL","1000HAB","A","2016",51.1,
"CHL","MRIEXAM","TOT","1000HAB","A","2008",6,
"CHL","MRIEXAM","TOT","1000HAB","A","2009",7.4,
"CHL","MRIEXAM","TOT","1000HAB","A","2010",8.5,
"CHL","MRIEXAM","TOT","1000HAB","A","2011",11.1,
"CHL","MRIEXAM","TOT","1000HAB","A","2012",12.7,
"CHL","MRIEXAM","TOT","1000HAB","A","2013",15.1,
"CHL","MRIEXAM","TOT","1000HAB","A","2014",18.6,
"EST","MRIEXAM","TOT","1000HAB","A","2003",8.5,"D"
"EST","MRIEXAM","TOT","1000HAB","A","2004",10,"D"
"EST","MRIEXAM","TOT","1000HAB","A","2005",11.6,"D"
"EST","MRIEXAM","TOT","1000HAB","A","2006",13.9,"D"
"EST","MRIEXAM","TOT","1000HAB","A","2007",25,"D"
"EST","MRIEXAM","TOT","1000HAB","A","2008",36.6,"D"
"EST","MRIEXAM","TOT","1000HAB","A","2009",37.4,"D"
"EST","MRIEXAM","TOT","1000HAB","A","2010",48.4,
"EST","MRIEXAM","TOT","1000HAB","A","2011",46,"D"
"EST","MRIEXAM","TOT","1000HAB","A","2012",46.8,"D"
"EST","MRIEXAM","TOT","1000HAB","A","2013",51.2,"D"
"EST","MRIEXAM","TOT","1000HAB","A","2014",55.7,"D"
"EST","MRIEXAM","TOT","1000HAB","A","2015",48.8,"B"
"EST","MRIEXAM","INAMBULATORY","1000HAB","A","2003",4.9,"D"
"EST","MRIEXAM","INAMBULATORY","1000HAB","A","2004",4.9,"D"
"EST","MRIEXAM","INAMBULATORY","1000HAB","A","2005",6,"D"
"EST","MRIEXAM","INAMBULATORY","1000HAB","A","2006",7,"D"
"EST","MRIEXAM","INAMBULATORY","1000HAB","A","2007",10.9,"D"
"EST","MRIEXAM","INAMBULATORY","1000HAB","A","2008",17.8,"D"
"EST","MRIEXAM","INAMBULATORY","1000HAB","A","2009",18.9,"D"
"EST","MRIEXAM","INAMBULATORY","1000HAB","A","2010",19.4,
"EST","MRIEXAM","INAMBULATORY","1000HAB","A","2011",14.2,"D"
"EST","MRIEXAM","INAMBULATORY","1000HAB","A","2012",12.7,"D"
"EST","MRIEXAM","INAMBULATORY","1000HAB","A","2013",12.7,"D"
"EST","MRIEXAM","INAMBULATORY","1000HAB","A","2014",13.1,"D"
"EST","MRIEXAM","INAMBULATORY","1000HAB","A","2015",11.9,"B"
"EST","MRIEXAM","INHOSPITAL","1000HAB","A","2003",3.7,"D"
"EST","MRIEXAM","INHOSPITAL","1000HAB","A","2004",5.1,"D"
"EST","MRIEXAM","INHOSPITAL","1000HAB","A","2005",5.6,"D"
"EST","MRIEXAM","INHOSPITAL","1000HAB","A","2006",6.8,"D"
"EST","MRIEXAM","INHOSPITAL","1000HAB","A","2007",14.1,"D"
"EST","MRIEXAM","INHOSPITAL","1000HAB","A","2008",18.8,"D"
"EST","MRIEXAM","INHOSPITAL","1000HAB","A","2009",18.5,"D"
"EST","MRIEXAM","INHOSPITAL","1000HAB","A","2010",29,
"EST","MRIEXAM","INHOSPITAL","1000HAB","A","2011",31.7,"D"
"EST","MRIEXAM","INHOSPITAL","1000HAB","A","2012",34.1,"D"
"EST","MRIEXAM","INHOSPITAL","1000HAB","A","2013",38.5,"D"
"EST","MRIEXAM","INHOSPITAL","1000HAB","A","2014",42.6,"D"
"EST","MRIEXAM","INHOSPITAL","1000HAB","A","2015",37,"B"
"ISR","MRIEXAM","TOT","1000HAB","A","2007",12.1,
"ISR","MRIEXAM","TOT","1000HAB","A","2008",14.2,
"ISR","MRIEXAM","TOT","1000HAB","A","2009",15.6,
"ISR","MRIEXAM","TOT","1000HAB","A","2010",18.1,
"ISR","MRIEXAM","TOT","1000HAB","A","2011",19.7,
"ISR","MRIEXAM","TOT","1000HAB","A","2012",28,
"ISR","MRIEXAM","TOT","1000HAB","A","2013",30.5,
"ISR","MRIEXAM","TOT","1000HAB","A","2014",32.1,
"ISR","MRIEXAM","TOT","1000HAB","A","2015",34.8,
"ISR","MRIEXAM","INAMBULATORY","1000HAB","A","2012",2.1,
"ISR","MRIEXAM","INAMBULATORY","1000HAB","A","2013",2.6,
"ISR","MRIEXAM","INAMBULATORY","1000HAB","A","2014",2.9,
"ISR","MRIEXAM","INAMBULATORY","1000HAB","A","2015",4.2,
"ISR","MRIEXAM","INHOSPITAL","1000HAB","A","2012",26,
"ISR","MRIEXAM","INHOSPITAL","1000HAB","A","2013",27.8,
"ISR","MRIEXAM","INHOSPITAL","1000HAB","A","2014",29.1,
"ISR","MRIEXAM","INHOSPITAL","1000HAB","A","2015",30.6,
"SVN","MRIEXAM","TOT","1000HAB","A","2004",8,
"SVN","MRIEXAM","TOT","1000HAB","A","2005",9.7,
"SVN","MRIEXAM","TOT","1000HAB","A","2006",12.9,
"SVN","MRIEXAM","TOT","1000HAB","A","2007",14,
"SVN","MRIEXAM","TOT","1000HAB","A","2008",19.1,
"SVN","MRIEXAM","TOT","1000HAB","A","2009",20.7,
"SVN","MRIEXAM","TOT","1000HAB","A","2010",23.9,
"SVN","MRIEXAM","TOT","1000HAB","A","2011",31.5,
"SVN","MRIEXAM","TOT","1000HAB","A","2012",33.2,
"SVN","MRIEXAM","TOT","1000HAB","A","2013",36.2,
"SVN","MRIEXAM","TOT","1000HAB","A","2014",36.9,
"SVN","MRIEXAM","TOT","1000HAB","A","2015",42.4,
"SVN","MRIEXAM","INAMBULATORY","1000HAB","A","2002",5.7,
"SVN","MRIEXAM","INAMBULATORY","1000HAB","A","2003",6.1,
"SVN","MRIEXAM","INAMBULATORY","1000HAB","A","2004",7.5,
"SVN","MRIEXAM","INAMBULATORY","1000HAB","A","2005",8.4,
"SVN","MRIEXAM","INAMBULATORY","1000HAB","A","2006",11.5,
"SVN","MRIEXAM","INAMBULATORY","1000HAB","A","2007",12.5,
"SVN","MRIEXAM","INAMBULATORY","1000HAB","A","2008",17.2,
"SVN","MRIEXAM","INAMBULATORY","1000HAB","A","2009",18.6,
"SVN","MRIEXAM","INAMBULATORY","1000HAB","A","2010",21.8,
"SVN","MRIEXAM","INAMBULATORY","1000HAB","A","2011",29.4,
"SVN","MRIEXAM","INAMBULATORY","1000HAB","A","2012",31.1,
"SVN","MRIEXAM","INAMBULATORY","1000HAB","A","2013",33.8,
"SVN","MRIEXAM","INAMBULATORY","1000HAB","A","2014",34.1,
"SVN","MRIEXAM","INAMBULATORY","1000HAB","A","2015",39.6,
"SVN","MRIEXAM","INAMBULATORY","1000HAB","A","2016",49.2,
"SVN","MRIEXAM","INHOSPITAL","1000HAB","A","2004",0.4,
"SVN","MRIEXAM","INHOSPITAL","1000HAB","A","2005",1.3,
"SVN","MRIEXAM","INHOSPITAL","1000HAB","A","2006",1.4,
"SVN","MRIEXAM","INHOSPITAL","1000HAB","A","2007",1.5,
"SVN","MRIEXAM","INHOSPITAL","1000HAB","A","2008",1.9,
"SVN","MRIEXAM","INHOSPITAL","1000HAB","A","2009",2.1,
"SVN","MRIEXAM","INHOSPITAL","1000HAB","A","2010",2,
"SVN","MRIEXAM","INHOSPITAL","1000HAB","A","2011",2,
"SVN","MRIEXAM","INHOSPITAL","1000HAB","A","2012",2,
"SVN","MRIEXAM","INHOSPITAL","1000HAB","A","2013",2.4,
"SVN","MRIEXAM","INHOSPITAL","1000HAB","A","2014",2.8,
"SVN","MRIEXAM","INHOSPITAL","1000HAB","A","2015",2.8,
"CHE","MRIEXAM","INHOSPITAL","1000HAB","A","2013",60.5,
"CHE","MRIEXAM","INHOSPITAL","1000HAB","A","2014",65.7,
"CHE","MRIEXAM","INHOSPITAL","1000HAB","A","2015",69.9,
"LVA","MRIEXAM","TOT","1000HAB","A","2003",4.5,
"LVA","MRIEXAM","TOT","1000HAB","A","2004",6,
"LVA","MRIEXAM","TOT","1000HAB","A","2005",7.5,
"LVA","MRIEXAM","TOT","1000HAB","A","2006",8.5,
"LVA","MRIEXAM","TOT","1000HAB","A","2007",12.3,
"LVA","MRIEXAM","TOT","1000HAB","A","2008",17.3,
"LVA","MRIEXAM","TOT","1000HAB","A","2009",19.7,
"LVA","MRIEXAM","TOT","1000HAB","A","2010",22.5,
"LVA","MRIEXAM","TOT","1000HAB","A","2011",29.6,
"LVA","MRIEXAM","TOT","1000HAB","A","2012",28.4,
"LVA","MRIEXAM","TOT","1000HAB","A","2013",32.1,
"LVA","MRIEXAM","TOT","1000HAB","A","2014",37.9,
"LVA","MRIEXAM","TOT","1000HAB","A","2015",42.6,
"LVA","MRIEXAM","INAMBULATORY","1000HAB","A","2003",2.7,
"LVA","MRIEXAM","INAMBULATORY","1000HAB","A","2004",3.9,
"LVA","MRIEXAM","INAMBULATORY","1000HAB","A","2005",5.3,
"LVA","MRIEXAM","INAMBULATORY","1000HAB","A","2006",5.8,
"LVA","MRIEXAM","INAMBULATORY","1000HAB","A","2007",9.4,
"LVA","MRIEXAM","INAMBULATORY","1000HAB","A","2008",14.2,
"LVA","MRIEXAM","INAMBULATORY","1000HAB","A","2009",16.6,
"LVA","MRIEXAM","INAMBULATORY","1000HAB","A","2010",19.2,
"LVA","MRIEXAM","INAMBULATORY","1000HAB","A","2011",25.7,
"LVA","MRIEXAM","INAMBULATORY","1000HAB","A","2012",24.5,
"LVA","MRIEXAM","INAMBULATORY","1000HAB","A","2013",27.3,
"LVA","MRIEXAM","INAMBULATORY","1000HAB","A","2014",33.2,
"LVA","MRIEXAM","INAMBULATORY","1000HAB","A","2015",37.2,
"LVA","MRIEXAM","INHOSPITAL","1000HAB","A","2003",1.8,
"LVA","MRIEXAM","INHOSPITAL","1000HAB","A","2004",2.1,
"LVA","MRIEXAM","INHOSPITAL","1000HAB","A","2005",2.2,
"LVA","MRIEXAM","INHOSPITAL","1000HAB","A","2006",2.7,
"LVA","MRIEXAM","INHOSPITAL","1000HAB","A","2007",2.9,
"LVA","MRIEXAM","INHOSPITAL","1000HAB","A","2008",3.1,
"LVA","MRIEXAM","INHOSPITAL","1000HAB","A","2009",3.1,
"LVA","MRIEXAM","INHOSPITAL","1000HAB","A","2010",3.2,
"LVA","MRIEXAM","INHOSPITAL","1000HAB","A","2011",3.9,
"LVA","MRIEXAM","INHOSPITAL","1000HAB","A","2012",3.9,
"LVA","MRIEXAM","INHOSPITAL","1000HAB","A","2013",4.8,
"LVA","MRIEXAM","INHOSPITAL","1000HAB","A","2014",4.7,
"LVA","MRIEXAM","INHOSPITAL","1000HAB","A","2015",5.4,
"LTU","MRIEXAM","TOT","1000HAB","A","2006",5.4,
"LTU","MRIEXAM","TOT","1000HAB","A","2007",8.3,
"LTU","MRIEXAM","TOT","1000HAB","A","2008",9,
"LTU","MRIEXAM","TOT","1000HAB","A","2009",12.2,
"LTU","MRIEXAM","TOT","1000HAB","A","2010",14.7,
"LTU","MRIEXAM","TOT","1000HAB","A","2011",24,
"LTU","MRIEXAM","TOT","1000HAB","A","2012",27.7,
"LTU","MRIEXAM","TOT","1000HAB","A","2013",33.5,
"LTU","MRIEXAM","TOT","1000HAB","A","2014",36.6,
"LTU","MRIEXAM","TOT","1000HAB","A","2015",40.8,
"LTU","MRIEXAM","INAMBULATORY","1000HAB","A","2006",2.2,
"LTU","MRIEXAM","INAMBULATORY","1000HAB","A","2007",4.8,
"LTU","MRIEXAM","INAMBULATORY","1000HAB","A","2008",4.5,
"LTU","MRIEXAM","INAMBULATORY","1000HAB","A","2009",6,
"LTU","MRIEXAM","INAMBULATORY","1000HAB","A","2010",7.5,
"LTU","MRIEXAM","INAMBULATORY","1000HAB","A","2011",16.4,
"LTU","MRIEXAM","INAMBULATORY","1000HAB","A","2012",19.1,
"LTU","MRIEXAM","INAMBULATORY","1000HAB","A","2013",23.4,
"LTU","MRIEXAM","INAMBULATORY","1000HAB","A","2014",23.9,
"LTU","MRIEXAM","INAMBULATORY","1000HAB","A","2015",27.8,
"LTU","MRIEXAM","INHOSPITAL","1000HAB","A","2006",3.3,
"LTU","MRIEXAM","INHOSPITAL","1000HAB","A","2007",3.4,
"LTU","MRIEXAM","INHOSPITAL","1000HAB","A","2008",4.5,
"LTU","MRIEXAM","INHOSPITAL","1000HAB","A","2009",6.2,
"LTU","MRIEXAM","INHOSPITAL","1000HAB","A","2010",7.2,
"LTU","MRIEXAM","INHOSPITAL","1000HAB","A","2011",7.6,
"LTU","MRIEXAM","INHOSPITAL","1000HAB","A","2012",8.7,
"LTU","MRIEXAM","INHOSPITAL","1000HAB","A","2013",10.1,
"LTU","MRIEXAM","INHOSPITAL","1000HAB","A","2014",12.7,
"LTU","MRIEXAM","INHOSPITAL","1000HAB","A","2015",13,
"JPN","MRIEXAM","TOT","1000HAB","A","2014",112.3,
"JPN","MRIEXAM","INAMBULATORY","1000HAB","A","2014",92.2,
"JPN","MRIEXAM","INHOSPITAL","1000HAB","A","2014",20.1,
