﻿"LOCATION","INDICATOR","SUBJECT","MEASURE","FREQUENCY","TIME","Value","Flag Codes"
"CZE","FORESTRESOURCE","GROSSINCREASE","THND_M3","A","1950",10982,
"CZE","FORESTRESOURCE","GROSSINCREASE","THND_M3","A","1970",16648,
"CZE","FORESTRESOURCE","GROSSINCREASE","THND_M3","A","1980",18974,
"CZE","FORESTRESOURCE","GROSSINCREASE","THND_M3","A","1981",18951,
"CZE","FORESTRESOURCE","GROSSINCREASE","THND_M3","A","1982",18923,
"CZE","FORESTRESOURCE","GROSSINCREASE","THND_M3","A","1983",18991,
"CZE","FORESTRESOURCE","GROSSINCREASE","THND_M3","A","1984",18968,
"CZE","FORESTRESOURCE","GROSSINCREASE","THND_M3","A","1985",18975,
"CZE","FORESTRESOURCE","GROSSINCREASE","THND_M3","A","1986",18890,
"CZE","FORESTRESOURCE","GROSSINCREASE","THND_M3","A","1987",18867,
"CZE","FORESTRESOURCE","GROSSINCREASE","THND_M3","A","1988",18928,
"CZE","FORESTRESOURCE","GROSSINCREASE","THND_M3","A","1989",19078,
"CZE","FORESTRESOURCE","GROSSINCREASE","THND_M3","A","1990",18893,
"CZE","FORESTRESOURCE","GROSSINCREASE","THND_M3","A","1991",19171,
"CZE","FORESTRESOURCE","GROSSINCREASE","THND_M3","A","1992",19503,
"CZE","FORESTRESOURCE","GROSSINCREASE","THND_M3","A","1993",19800,
"CZE","FORESTRESOURCE","GROSSINCREASE","THND_M3","A","1994",19739,
"CZE","FORESTRESOURCE","GROSSINCREASE","THND_M3","A","1995",19839,
"CZE","FORESTRESOURCE","GROSSINCREASE","THND_M3","A","1996",19949,
"CZE","FORESTRESOURCE","GROSSINCREASE","THND_M3","A","1997",20171,
"CZE","FORESTRESOURCE","GROSSINCREASE","THND_M3","A","1998",20393,
"CZE","FORESTRESOURCE","GROSSINCREASE","THND_M3","A","1999",20836,
"CZE","FORESTRESOURCE","GROSSINCREASE","THND_M3","A","2000",21944,
"CZE","FORESTRESOURCE","GROSSINCREASE","THND_M3","A","2001",22277,
"CZE","FORESTRESOURCE","GROSSINCREASE","THND_M3","A","2002",22332,
"CZE","FORESTRESOURCE","GROSSINCREASE","THND_M3","A","2003",22356,
"CZE","FORESTRESOURCE","GROSSINCREASE","THND_M3","A","2004",22548,
"CZE","FORESTRESOURCE","GROSSINCREASE","THND_M3","A","2005",22680,
"CZE","FORESTRESOURCE","GROSSINCREASE","THND_M3","A","2006",22804,
"CZE","FORESTRESOURCE","GROSSINCREASE","THND_M3","A","2007",22961,
"CZE","FORESTRESOURCE","GROSSINCREASE","THND_M3","A","2008",23083,
"CZE","FORESTRESOURCE","GROSSINCREASE","THND_M3","A","2009",23988,
"CZE","FORESTRESOURCE","GROSSINCREASE","THND_M3","A","2010",23539,
"CZE","FORESTRESOURCE","GROSSINCREASE","THND_M3","A","2011",23767,
"CZE","FORESTRESOURCE","GROSSINCREASE","THND_M3","A","2012",23909,
"CZE","FORESTRESOURCE","GROSSINCREASE","THND_M3","A","2013",24071,
"CZE","FORESTRESOURCE","GROSSINCREASE","THND_M3","A","2014",24209,
"CZE","FORESTRESOURCE","GROSSINCREASE","THND_M3","A","2015",24175,
"JPN","FORESTRESOURCE","GROSSINCREASE","THND_M3","A","1970",38400,
"JPN","FORESTRESOURCE","GROSSINCREASE","THND_M3","A","1980",59600,
"JPN","FORESTRESOURCE","GROSSINCREASE","THND_M3","A","1990",69000,
"JPN","FORESTRESOURCE","GROSSINCREASE","THND_M3","A","1995",75167,
"JPN","FORESTRESOURCE","GROSSINCREASE","THND_M3","A","2000",85000,
"JPN","FORESTRESOURCE","GROSSINCREASE","THND_M3","A","2005",87143,
"EST","FORESTRESOURCE","GROSSINCREASE","THND_M3","A","1950",7065,
"EST","FORESTRESOURCE","GROSSINCREASE","THND_M3","A","1970",8273,
"EST","FORESTRESOURCE","GROSSINCREASE","THND_M3","A","1980",8893,
"EST","FORESTRESOURCE","GROSSINCREASE","THND_M3","A","1990",8856,
"EST","FORESTRESOURCE","GROSSINCREASE","THND_M3","A","1995",9500,
"EST","FORESTRESOURCE","GROSSINCREASE","THND_M3","A","2000",11213,"B"
"EST","FORESTRESOURCE","GROSSINCREASE","THND_M3","A","2001",11582,
"EST","FORESTRESOURCE","GROSSINCREASE","THND_M3","A","2002",11317,
"EST","FORESTRESOURCE","GROSSINCREASE","THND_M3","A","2003",11584,
"EST","FORESTRESOURCE","GROSSINCREASE","THND_M3","A","2004",11495,
"EST","FORESTRESOURCE","GROSSINCREASE","THND_M3","A","2005",11015,
"EST","FORESTRESOURCE","GROSSINCREASE","THND_M3","A","2006",10899,
"EST","FORESTRESOURCE","GROSSINCREASE","THND_M3","A","2007",11123,
"EST","FORESTRESOURCE","GROSSINCREASE","THND_M3","A","2008",11370,
"EST","FORESTRESOURCE","GROSSINCREASE","THND_M3","A","2009",11310,
"EST","FORESTRESOURCE","GROSSINCREASE","THND_M3","A","2010",11245,
"EST","FORESTRESOURCE","GROSSINCREASE","THND_M3","A","2011",11402,
"EST","FORESTRESOURCE","GROSSINCREASE","THND_M3","A","2012",11514,
"EST","FORESTRESOURCE","GROSSINCREASE","THND_M3","A","2013",11573,
"EST","FORESTRESOURCE","GROSSINCREASE","THND_M3","A","2014",11500,
"AUT","FORESTRESOURCE","GROSSINCREASE","THND_M3","A","1985",31416,
"AUT","FORESTRESOURCE","GROSSINCREASE","THND_M3","A","1991",27337,
"AUT","FORESTRESOURCE","GROSSINCREASE","THND_M3","A","1997",31255,
"AUT","FORESTRESOURCE","GROSSINCREASE","THND_M3","A","2005",30622,
"ITA","FORESTRESOURCE","GROSSINCREASE","THND_M3","A","1950",15250,
"ITA","FORESTRESOURCE","GROSSINCREASE","THND_M3","A","1980",21069,
"ITA","FORESTRESOURCE","GROSSINCREASE","THND_M3","A","1985",30422,
"ITA","FORESTRESOURCE","GROSSINCREASE","THND_M3","A","1990",31784,
"ITA","FORESTRESOURCE","GROSSINCREASE","THND_M3","A","1995",32526,
"ITA","FORESTRESOURCE","GROSSINCREASE","THND_M3","A","2000",34510,
"ITA","FORESTRESOURCE","GROSSINCREASE","THND_M3","A","2005",35872,
"ITA","FORESTRESOURCE","GROSSINCREASE","THND_M3","A","2009",35922,
"ITA","FORESTRESOURCE","GROSSINCREASE","THND_M3","A","2010",37122,
"ITA","FORESTRESOURCE","GROSSINCREASE","THND_M3","A","2015",38371,
"TUR","FORESTRESOURCE","GROSSINCREASE","THND_M3","A","1970",30859,
"TUR","FORESTRESOURCE","GROSSINCREASE","THND_M3","A","1980",30223,
"TUR","FORESTRESOURCE","GROSSINCREASE","THND_M3","A","1990",31834,
"TUR","FORESTRESOURCE","GROSSINCREASE","THND_M3","A","1995",34278,
"TUR","FORESTRESOURCE","GROSSINCREASE","THND_M3","A","2009",36282,
"TUR","FORESTRESOURCE","GROSSINCREASE","THND_M3","A","2010",40615,
"TUR","FORESTRESOURCE","GROSSINCREASE","THND_M3","A","2011",41204,
"TUR","FORESTRESOURCE","GROSSINCREASE","THND_M3","A","2012",42179,
"TUR","FORESTRESOURCE","GROSSINCREASE","THND_M3","A","2013",42883,
"TUR","FORESTRESOURCE","GROSSINCREASE","THND_M3","A","2014",44774,
"SVN","FORESTRESOURCE","GROSSINCREASE","THND_M3","A","1950",2115,
"SVN","FORESTRESOURCE","GROSSINCREASE","THND_M3","A","1970",4147,
"SVN","FORESTRESOURCE","GROSSINCREASE","THND_M3","A","1980",4921,
"SVN","FORESTRESOURCE","GROSSINCREASE","THND_M3","A","1990",5301,
"SVN","FORESTRESOURCE","GROSSINCREASE","THND_M3","A","2000",10678,
"SVN","FORESTRESOURCE","GROSSINCREASE","THND_M3","A","2005",10765,
"SVN","FORESTRESOURCE","GROSSINCREASE","THND_M3","A","2006",10783,
"SVN","FORESTRESOURCE","GROSSINCREASE","THND_M3","A","2007",10801,
"SVN","FORESTRESOURCE","GROSSINCREASE","THND_M3","A","2008",10818,
"SVN","FORESTRESOURCE","GROSSINCREASE","THND_M3","A","2009",10836,
"SVK","FORESTRESOURCE","GROSSINCREASE","THND_M3","A","1950",5722,
"SVK","FORESTRESOURCE","GROSSINCREASE","THND_M3","A","1970",9824,
"SVK","FORESTRESOURCE","GROSSINCREASE","THND_M3","A","1980",8842,
"SVK","FORESTRESOURCE","GROSSINCREASE","THND_M3","A","1990",9739,
"SVK","FORESTRESOURCE","GROSSINCREASE","THND_M3","A","1995",10350,
"SVK","FORESTRESOURCE","GROSSINCREASE","THND_M3","A","2000",11204,
"SVK","FORESTRESOURCE","GROSSINCREASE","THND_M3","A","2001",11299,
"SVK","FORESTRESOURCE","GROSSINCREASE","THND_M3","A","2002",11391,
"SVK","FORESTRESOURCE","GROSSINCREASE","THND_M3","A","2003",11451,
"SVK","FORESTRESOURCE","GROSSINCREASE","THND_M3","A","2004",11534,
"SVK","FORESTRESOURCE","GROSSINCREASE","THND_M3","A","2005",11584,
"SVK","FORESTRESOURCE","GROSSINCREASE","THND_M3","A","2006",11671,
"SVK","FORESTRESOURCE","GROSSINCREASE","THND_M3","A","2007",11665,
"SVK","FORESTRESOURCE","GROSSINCREASE","THND_M3","A","2008",11786,
"SVK","FORESTRESOURCE","GROSSINCREASE","THND_M3","A","2009",11866,
"SVK","FORESTRESOURCE","GROSSINCREASE","THND_M3","A","2010",11953,
"SVK","FORESTRESOURCE","GROSSINCREASE","THND_M3","A","2011",12024,
"SVK","FORESTRESOURCE","GROSSINCREASE","THND_M3","A","2012",12126,
"SVK","FORESTRESOURCE","GROSSINCREASE","THND_M3","A","2013",11982,
"SVK","FORESTRESOURCE","GROSSINCREASE","THND_M3","A","2014",12079,
"SVK","FORESTRESOURCE","GROSSINCREASE","THND_M3","A","2015",12092,
"GRC","FORESTRESOURCE","GROSSINCREASE","THND_M3","A","1980",4000,
"GRC","FORESTRESOURCE","GROSSINCREASE","THND_M3","A","1992",4117,
"NLD","FORESTRESOURCE","GROSSINCREASE","THND_M3","A","1990",2325,
"NLD","FORESTRESOURCE","GROSSINCREASE","THND_M3","A","1995",2778,
"NLD","FORESTRESOURCE","GROSSINCREASE","THND_M3","A","2000",2381,
"NLD","FORESTRESOURCE","GROSSINCREASE","THND_M3","A","2005",2894,
"NLD","FORESTRESOURCE","GROSSINCREASE","THND_M3","A","2010",2895,
"NLD","FORESTRESOURCE","GROSSINCREASE","THND_M3","A","2013",2724,
"DEU","FORESTRESOURCE","GROSSINCREASE","THND_M3","A","1993",119560.069,
"DEU","FORESTRESOURCE","GROSSINCREASE","THND_M3","A","1994",119881.541,
"DEU","FORESTRESOURCE","GROSSINCREASE","THND_M3","A","1995",120206.971,
"DEU","FORESTRESOURCE","GROSSINCREASE","THND_M3","A","1996",120529.292,
"DEU","FORESTRESOURCE","GROSSINCREASE","THND_M3","A","1997",120817.869,
"DEU","FORESTRESOURCE","GROSSINCREASE","THND_M3","A","1998",121095.697,
"DEU","FORESTRESOURCE","GROSSINCREASE","THND_M3","A","1999",121370.243,
"DEU","FORESTRESOURCE","GROSSINCREASE","THND_M3","A","2000",121650.554,
"DEU","FORESTRESOURCE","GROSSINCREASE","THND_M3","A","2001",121921.632,
"DEU","FORESTRESOURCE","GROSSINCREASE","THND_M3","A","2002",119921.023,
"DEU","FORESTRESOURCE","GROSSINCREASE","THND_M3","A","2003",119728.501,
"DEU","FORESTRESOURCE","GROSSINCREASE","THND_M3","A","2004",119476.99,
"DEU","FORESTRESOURCE","GROSSINCREASE","THND_M3","A","2005",119133.362,
"DEU","FORESTRESOURCE","GROSSINCREASE","THND_M3","A","2006",118882.876,
"DEU","FORESTRESOURCE","GROSSINCREASE","THND_M3","A","2007",118705.855,
"DEU","FORESTRESOURCE","GROSSINCREASE","THND_M3","A","2008",118499.284,
"DEU","FORESTRESOURCE","GROSSINCREASE","THND_M3","A","2009",118289.792,
"DEU","FORESTRESOURCE","GROSSINCREASE","THND_M3","A","2010",117004.577,
"DEU","FORESTRESOURCE","GROSSINCREASE","THND_M3","A","2011",116799.165,
"DEU","FORESTRESOURCE","GROSSINCREASE","THND_M3","A","2012",116571.115,
"DEU","FORESTRESOURCE","GROSSINCREASE","THND_M3","A","2013",116598.982,
"DEU","FORESTRESOURCE","GROSSINCREASE","THND_M3","A","2014",111165.99,
"DNK","FORESTRESOURCE","GROSSINCREASE","THND_M3","A","1950",2133,
"DNK","FORESTRESOURCE","GROSSINCREASE","THND_M3","A","1970",1935,
"DNK","FORESTRESOURCE","GROSSINCREASE","THND_M3","A","1980",2851,
"DNK","FORESTRESOURCE","GROSSINCREASE","THND_M3","A","1990",4887,
"DNK","FORESTRESOURCE","GROSSINCREASE","THND_M3","A","1996",3200,
"DNK","FORESTRESOURCE","GROSSINCREASE","THND_M3","A","2000",5382,
"DNK","FORESTRESOURCE","GROSSINCREASE","THND_M3","A","2005",4854.6,
"DNK","FORESTRESOURCE","GROSSINCREASE","THND_M3","A","2010",5049.06,
"DNK","FORESTRESOURCE","GROSSINCREASE","THND_M3","A","2012",6711,
"DNK","FORESTRESOURCE","GROSSINCREASE","THND_M3","A","2013",6920.451,
"DNK","FORESTRESOURCE","GROSSINCREASE","THND_M3","A","2014",7708.147,
"CHE","FORESTRESOURCE","GROSSINCREASE","THND_M3","A","1990",10108,
"CHE","FORESTRESOURCE","GROSSINCREASE","THND_M3","A","2000",9693,
"CHE","FORESTRESOURCE","GROSSINCREASE","THND_M3","A","2005",10103,
"CHE","FORESTRESOURCE","GROSSINCREASE","THND_M3","A","2010",10513,
"PRT","FORESTRESOURCE","GROSSINCREASE","THND_M3","A","1990",19678,
"PRT","FORESTRESOURCE","GROSSINCREASE","THND_M3","A","2000",20197,
"PRT","FORESTRESOURCE","GROSSINCREASE","THND_M3","A","2005",20002,
"GBR","FORESTRESOURCE","GROSSINCREASE","THND_M3","A","1970",12210,
"GBR","FORESTRESOURCE","GROSSINCREASE","THND_M3","A","1980",15880,
"GBR","FORESTRESOURCE","GROSSINCREASE","THND_M3","A","1990",19282,
"GBR","FORESTRESOURCE","GROSSINCREASE","THND_M3","A","1995",21070,
"GBR","FORESTRESOURCE","GROSSINCREASE","THND_M3","A","2000",21070,
"GBR","FORESTRESOURCE","GROSSINCREASE","THND_M3","A","2005",21962,
"GBR","FORESTRESOURCE","GROSSINCREASE","THND_M3","A","2010",23113,
"NZL","FORESTRESOURCE","GROSSINCREASE","THND_M3","A","1995",27881,
"NZL","FORESTRESOURCE","GROSSINCREASE","THND_M3","A","1996",29011,
"NZL","FORESTRESOURCE","GROSSINCREASE","THND_M3","A","1997",30207,
"NZL","FORESTRESOURCE","GROSSINCREASE","THND_M3","A","1998",31268,
"NZL","FORESTRESOURCE","GROSSINCREASE","THND_M3","A","1999",32568,
"NZL","FORESTRESOURCE","GROSSINCREASE","THND_M3","A","2000",34129,
"NZL","FORESTRESOURCE","GROSSINCREASE","THND_M3","A","2001",35364,
"NZL","FORESTRESOURCE","GROSSINCREASE","THND_M3","A","2002",36090,
"NZL","FORESTRESOURCE","GROSSINCREASE","THND_M3","A","2003",36734,
"NZL","FORESTRESOURCE","GROSSINCREASE","THND_M3","A","2004",37644,
"NZL","FORESTRESOURCE","GROSSINCREASE","THND_M3","A","2005",38158,
"NZL","FORESTRESOURCE","GROSSINCREASE","THND_M3","A","2006",38711,
"NZL","FORESTRESOURCE","GROSSINCREASE","THND_M3","A","2007",39099,
"NZL","FORESTRESOURCE","GROSSINCREASE","THND_M3","A","2008",38944,
"NZL","FORESTRESOURCE","GROSSINCREASE","THND_M3","A","2009",39539,
"NZL","FORESTRESOURCE","GROSSINCREASE","THND_M3","A","2010",39829,
"NZL","FORESTRESOURCE","GROSSINCREASE","THND_M3","A","2011",40396,
"NZL","FORESTRESOURCE","GROSSINCREASE","THND_M3","A","2012",40408,
"NZL","FORESTRESOURCE","GROSSINCREASE","THND_M3","A","2013",41585,
"NZL","FORESTRESOURCE","GROSSINCREASE","THND_M3","A","2014",41369,
"NZL","FORESTRESOURCE","GROSSINCREASE","THND_M3","A","2015",41500,
"MEX","FORESTRESOURCE","GROSSINCREASE","THND_M3","A","1980",38795,
"MEX","FORESTRESOURCE","GROSSINCREASE","THND_M3","A","1995",34747,
"FRA","FORESTRESOURCE","GROSSINCREASE","THND_M3","A","1980",68388,
"FRA","FORESTRESOURCE","GROSSINCREASE","THND_M3","A","1990",79529,
"FRA","FORESTRESOURCE","GROSSINCREASE","THND_M3","A","2000",100454,
"FRA","FORESTRESOURCE","GROSSINCREASE","THND_M3","A","2005",101982,
"FRA","FORESTRESOURCE","GROSSINCREASE","THND_M3","A","2006",103473,
"FRA","FORESTRESOURCE","GROSSINCREASE","THND_M3","A","2007",92658,"B"
"FRA","FORESTRESOURCE","GROSSINCREASE","THND_M3","A","2008",95930,
"FRA","FORESTRESOURCE","GROSSINCREASE","THND_M3","A","2009",97987,
"FRA","FORESTRESOURCE","GROSSINCREASE","THND_M3","A","2010",99000,
"FRA","FORESTRESOURCE","GROSSINCREASE","THND_M3","A","2011",102703,"E"
"FRA","FORESTRESOURCE","GROSSINCREASE","THND_M3","A","2012",100592,
"FRA","FORESTRESOURCE","GROSSINCREASE","THND_M3","A","2013",101035,
"FRA","FORESTRESOURCE","GROSSINCREASE","THND_M3","A","2014",100815,"E"
"ISL","FORESTRESOURCE","GROSSINCREASE","THND_M3","A","2000",37,
"NOR","FORESTRESOURCE","GROSSINCREASE","THND_M3","A","1950",16048,
"NOR","FORESTRESOURCE","GROSSINCREASE","THND_M3","A","1970",17194,
"NOR","FORESTRESOURCE","GROSSINCREASE","THND_M3","A","1980",19654,
"NOR","FORESTRESOURCE","GROSSINCREASE","THND_M3","A","1990",26426,
"NOR","FORESTRESOURCE","GROSSINCREASE","THND_M3","A","1995",27473,
"NOR","FORESTRESOURCE","GROSSINCREASE","THND_M3","A","2000",29889,
"NOR","FORESTRESOURCE","GROSSINCREASE","THND_M3","A","2005",31272,
"NOR","FORESTRESOURCE","GROSSINCREASE","THND_M3","A","2006",30600,
"NOR","FORESTRESOURCE","GROSSINCREASE","THND_M3","A","2007",29271,
"NOR","FORESTRESOURCE","GROSSINCREASE","THND_M3","A","2008",28884,
"NOR","FORESTRESOURCE","GROSSINCREASE","THND_M3","A","2009",28963,
"NOR","FORESTRESOURCE","GROSSINCREASE","THND_M3","A","2010",29297,
"NOR","FORESTRESOURCE","GROSSINCREASE","THND_M3","A","2011",29633,
"NOR","FORESTRESOURCE","GROSSINCREASE","THND_M3","A","2012",29969,
"NOR","FORESTRESOURCE","GROSSINCREASE","THND_M3","A","2013",30180,
"NOR","FORESTRESOURCE","GROSSINCREASE","THND_M3","A","2014",30391,
"NOR","FORESTRESOURCE","GROSSINCREASE","THND_M3","A","2015",30602,
"SWE","FORESTRESOURCE","GROSSINCREASE","THND_M3","A","1950",65000,
"SWE","FORESTRESOURCE","GROSSINCREASE","THND_M3","A","1970",78700,
"SWE","FORESTRESOURCE","GROSSINCREASE","THND_M3","A","1980",83900,
"SWE","FORESTRESOURCE","GROSSINCREASE","THND_M3","A","1990",94060.456,
"SWE","FORESTRESOURCE","GROSSINCREASE","THND_M3","A","2000",91309.645,
"SWE","FORESTRESOURCE","GROSSINCREASE","THND_M3","A","2005",101446.974,
"SWE","FORESTRESOURCE","GROSSINCREASE","THND_M3","A","2009",119320,
"SWE","FORESTRESOURCE","GROSSINCREASE","THND_M3","A","2010",121040,
"SWE","FORESTRESOURCE","GROSSINCREASE","THND_M3","A","2011",123470,
"SWE","FORESTRESOURCE","GROSSINCREASE","THND_M3","A","2012",125310,
"SWE","FORESTRESOURCE","GROSSINCREASE","THND_M3","A","2013",128130,
"CHL","FORESTRESOURCE","GROSSINCREASE","THND_M3","A","1950",20659,
"CHL","FORESTRESOURCE","GROSSINCREASE","THND_M3","A","1990",76707.05,
"CHL","FORESTRESOURCE","GROSSINCREASE","THND_M3","A","2000",79866.9,
"CHL","FORESTRESOURCE","GROSSINCREASE","THND_M3","A","2005",86121.361,
"CHL","FORESTRESOURCE","GROSSINCREASE","THND_M3","A","2009",91515.88,
"CHL","FORESTRESOURCE","GROSSINCREASE","THND_M3","A","2012",95910,
"CHL","FORESTRESOURCE","GROSSINCREASE","THND_M3","A","2013",94355,
"CHL","FORESTRESOURCE","GROSSINCREASE","THND_M3","A","2014",97023,
"LUX","FORESTRESOURCE","GROSSINCREASE","THND_M3","A","1985",661,
"LUX","FORESTRESOURCE","GROSSINCREASE","THND_M3","A","1990",661,
"LUX","FORESTRESOURCE","GROSSINCREASE","THND_M3","A","1995",660,
"LUX","FORESTRESOURCE","GROSSINCREASE","THND_M3","A","2007",750,
"LUX","FORESTRESOURCE","GROSSINCREASE","THND_M3","A","2011",712,
"LUX","FORESTRESOURCE","GROSSINCREASE","THND_M3","A","2012",739,
"LUX","FORESTRESOURCE","GROSSINCREASE","THND_M3","A","2013",758,
"FIN","FORESTRESOURCE","GROSSINCREASE","THND_M3","A","1950",55230,
"FIN","FORESTRESOURCE","GROSSINCREASE","THND_M3","A","1970",57150,
"FIN","FORESTRESOURCE","GROSSINCREASE","THND_M3","A","1980",70800,
"FIN","FORESTRESOURCE","GROSSINCREASE","THND_M3","A","1990",80753,
"FIN","FORESTRESOURCE","GROSSINCREASE","THND_M3","A","1995",84753,
"FIN","FORESTRESOURCE","GROSSINCREASE","THND_M3","A","2000",92100,
"FIN","FORESTRESOURCE","GROSSINCREASE","THND_M3","A","2005",100900,
"FIN","FORESTRESOURCE","GROSSINCREASE","THND_M3","A","2006",102300,
"FIN","FORESTRESOURCE","GROSSINCREASE","THND_M3","A","2007",103700,
"FIN","FORESTRESOURCE","GROSSINCREASE","THND_M3","A","2008",103700,
"FIN","FORESTRESOURCE","GROSSINCREASE","THND_M3","A","2009",103700,
"FIN","FORESTRESOURCE","GROSSINCREASE","THND_M3","A","2010",103700,
"BEL","FORESTRESOURCE","GROSSINCREASE","THND_M3","A","1990",5176,
"BEL","FORESTRESOURCE","GROSSINCREASE","THND_M3","A","2000",5289,
"BEL","FORESTRESOURCE","GROSSINCREASE","THND_M3","A","2005",5289,
"BEL","FORESTRESOURCE","GROSSINCREASE","THND_M3","A","2010",4951.334,
"KOR","FORESTRESOURCE","GROSSINCREASE","THND_M3","A","1970",2023,
"KOR","FORESTRESOURCE","GROSSINCREASE","THND_M3","A","1990",14456,
"KOR","FORESTRESOURCE","GROSSINCREASE","THND_M3","A","1995",13020,
"KOR","FORESTRESOURCE","GROSSINCREASE","THND_M3","A","2000",19818,
"KOR","FORESTRESOURCE","GROSSINCREASE","THND_M3","A","2005",17316,
"KOR","FORESTRESOURCE","GROSSINCREASE","THND_M3","A","2006",21262,
"KOR","FORESTRESOURCE","GROSSINCREASE","THND_M3","A","2008",37010,
"KOR","FORESTRESOURCE","GROSSINCREASE","THND_M3","A","2009",41428,
"KOR","FORESTRESOURCE","GROSSINCREASE","THND_M3","A","2011",37909,"B"
"KOR","FORESTRESOURCE","GROSSINCREASE","THND_M3","A","2012",31482,
"KOR","FORESTRESOURCE","GROSSINCREASE","THND_M3","A","2013",33172,
"KOR","FORESTRESOURCE","GROSSINCREASE","THND_M3","A","2014",37966,
"KOR","FORESTRESOURCE","GROSSINCREASE","THND_M3","A","2015",30763,
"IRL","FORESTRESOURCE","GROSSINCREASE","THND_M3","A","2000",4257,
"IRL","FORESTRESOURCE","GROSSINCREASE","THND_M3","A","2005",4485,
"IRL","FORESTRESOURCE","GROSSINCREASE","THND_M3","A","2006",4653,
"IRL","FORESTRESOURCE","GROSSINCREASE","THND_M3","A","2010",5356,
"IRL","FORESTRESOURCE","GROSSINCREASE","THND_M3","A","2012",7685,
"IRL","FORESTRESOURCE","GROSSINCREASE","THND_M3","A","2013",7685,
"IRL","FORESTRESOURCE","GROSSINCREASE","THND_M3","A","2014",7685,
"IRL","FORESTRESOURCE","GROSSINCREASE","THND_M3","A","2015",7685,
"HUN","FORESTRESOURCE","GROSSINCREASE","THND_M3","A","1970",9900,
"HUN","FORESTRESOURCE","GROSSINCREASE","THND_M3","A","1980",10794,
"HUN","FORESTRESOURCE","GROSSINCREASE","THND_M3","A","1990",11002,
"HUN","FORESTRESOURCE","GROSSINCREASE","THND_M3","A","1995",11422,
"HUN","FORESTRESOURCE","GROSSINCREASE","THND_M3","A","1996",11493,
"HUN","FORESTRESOURCE","GROSSINCREASE","THND_M3","A","1997",11547,
"HUN","FORESTRESOURCE","GROSSINCREASE","THND_M3","A","1998",11594,
"HUN","FORESTRESOURCE","GROSSINCREASE","THND_M3","A","1999",11704,
"HUN","FORESTRESOURCE","GROSSINCREASE","THND_M3","A","2000",11711,
"HUN","FORESTRESOURCE","GROSSINCREASE","THND_M3","A","2001",11973,
"HUN","FORESTRESOURCE","GROSSINCREASE","THND_M3","A","2002",12061,
"HUN","FORESTRESOURCE","GROSSINCREASE","THND_M3","A","2003",12308,
"HUN","FORESTRESOURCE","GROSSINCREASE","THND_M3","A","2004",12518,
"HUN","FORESTRESOURCE","GROSSINCREASE","THND_M3","A","2005",12899,
"HUN","FORESTRESOURCE","GROSSINCREASE","THND_M3","A","2006",13702,
"HUN","FORESTRESOURCE","GROSSINCREASE","THND_M3","A","2007",12917,
"HUN","FORESTRESOURCE","GROSSINCREASE","THND_M3","A","2008",13275,
"HUN","FORESTRESOURCE","GROSSINCREASE","THND_M3","A","2009",13345,
"HUN","FORESTRESOURCE","GROSSINCREASE","THND_M3","A","2010",13142,
"HUN","FORESTRESOURCE","GROSSINCREASE","THND_M3","A","2011",13070,
"HUN","FORESTRESOURCE","GROSSINCREASE","THND_M3","A","2012",13035,
"HUN","FORESTRESOURCE","GROSSINCREASE","THND_M3","A","2013",13069,
"HUN","FORESTRESOURCE","GROSSINCREASE","THND_M3","A","2014",13052,
"HUN","FORESTRESOURCE","GROSSINCREASE","THND_M3","A","2015",13034,
"USA","FORESTRESOURCE","GROSSINCREASE","THND_M3","A","1950",496249,
"USA","FORESTRESOURCE","GROSSINCREASE","THND_M3","A","1960",579389,
"USA","FORESTRESOURCE","GROSSINCREASE","THND_M3","A","1970",675430,
"USA","FORESTRESOURCE","GROSSINCREASE","THND_M3","A","1980",769546,"E"
"USA","FORESTRESOURCE","GROSSINCREASE","THND_M3","A","1981",770095,
"USA","FORESTRESOURCE","GROSSINCREASE","THND_M3","A","1982",770644,
"USA","FORESTRESOURCE","GROSSINCREASE","THND_M3","A","1983",771193,
"USA","FORESTRESOURCE","GROSSINCREASE","THND_M3","A","1984",771742,
"USA","FORESTRESOURCE","GROSSINCREASE","THND_M3","A","1985",772291,
"USA","FORESTRESOURCE","GROSSINCREASE","THND_M3","A","1986",772841,
"USA","FORESTRESOURCE","GROSSINCREASE","THND_M3","A","1987",771854,
"USA","FORESTRESOURCE","GROSSINCREASE","THND_M3","A","1989",769880,
"USA","FORESTRESOURCE","GROSSINCREASE","THND_M3","A","1990",768893,
"USA","FORESTRESOURCE","GROSSINCREASE","THND_M3","A","1991",767908,
"USA","FORESTRESOURCE","GROSSINCREASE","THND_M3","A","1992",774128,
"USA","FORESTRESOURCE","GROSSINCREASE","THND_M3","A","1993",780348,
"USA","FORESTRESOURCE","GROSSINCREASE","THND_M3","A","1994",786568,
"USA","FORESTRESOURCE","GROSSINCREASE","THND_M3","A","1995",792788,
"USA","FORESTRESOURCE","GROSSINCREASE","THND_M3","A","1996",799010,
"USA","FORESTRESOURCE","GROSSINCREASE","THND_M3","A","1997",809140,
"USA","FORESTRESOURCE","GROSSINCREASE","THND_M3","A","1998",819270,
"USA","FORESTRESOURCE","GROSSINCREASE","THND_M3","A","1999",829400,
"USA","FORESTRESOURCE","GROSSINCREASE","THND_M3","A","2000",839530,
"USA","FORESTRESOURCE","GROSSINCREASE","THND_M3","A","2001",849659,
"USA","FORESTRESOURCE","GROSSINCREASE","THND_M3","A","2002",875596,
"USA","FORESTRESOURCE","GROSSINCREASE","THND_M3","A","2003",901533,
"USA","FORESTRESOURCE","GROSSINCREASE","THND_M3","A","2004",927470,
"USA","FORESTRESOURCE","GROSSINCREASE","THND_M3","A","2005",953407,
"USA","FORESTRESOURCE","GROSSINCREASE","THND_M3","A","2006",979344,
"USA","FORESTRESOURCE","GROSSINCREASE","THND_M3","A","2007",984203,
"USA","FORESTRESOURCE","GROSSINCREASE","THND_M3","A","2008",989062,
"USA","FORESTRESOURCE","GROSSINCREASE","THND_M3","A","2009",993921,
"USA","FORESTRESOURCE","GROSSINCREASE","THND_M3","A","2010",998780,
"USA","FORESTRESOURCE","GROSSINCREASE","THND_M3","A","2011",1003638,
"POL","FORESTRESOURCE","GROSSINCREASE","THND_M3","A","1950",40864,
"POL","FORESTRESOURCE","GROSSINCREASE","THND_M3","A","1970",50795,
"POL","FORESTRESOURCE","GROSSINCREASE","THND_M3","A","1980",52150,
"POL","FORESTRESOURCE","GROSSINCREASE","THND_M3","A","1990",52672,
"POL","FORESTRESOURCE","GROSSINCREASE","THND_M3","A","1995",51867,
"POL","FORESTRESOURCE","GROSSINCREASE","THND_M3","A","2000",61028,
"POL","FORESTRESOURCE","GROSSINCREASE","THND_M3","A","2005",67596,
"POL","FORESTRESOURCE","GROSSINCREASE","THND_M3","A","2010",72600,
"AUS","FORESTRESOURCE","TREEFELLING","THND_M3","A","1950",7974,
"AUS","FORESTRESOURCE","TREEFELLING","THND_M3","A","1970",11521,
"AUS","FORESTRESOURCE","TREEFELLING","THND_M3","A","1980",15586,
"AUS","FORESTRESOURCE","TREEFELLING","THND_M3","A","1985",16687,
"AUS","FORESTRESOURCE","TREEFELLING","THND_M3","A","1990",17564,
"AUS","FORESTRESOURCE","TREEFELLING","THND_M3","A","1995",19560,
"AUS","FORESTRESOURCE","TREEFELLING","THND_M3","A","2000",24407.727,
"AUS","FORESTRESOURCE","TREEFELLING","THND_M3","A","2005",26998.358,
"AUS","FORESTRESOURCE","TREEFELLING","THND_M3","A","2006",26734.156,
"AUS","FORESTRESOURCE","TREEFELLING","THND_M3","A","2007",27192.006,
"AUS","FORESTRESOURCE","TREEFELLING","THND_M3","A","2008",28367.758,
"AUS","FORESTRESOURCE","TREEFELLING","THND_M3","A","2009",25798.803,
"AUS","FORESTRESOURCE","TREEFELLING","THND_M3","A","2010",25616.35,
"AUT","FORESTRESOURCE","USEINTENSITY","RT","A","1985",0.609,
"AUT","FORESTRESOURCE","USEINTENSITY","RT","A","1991",0.656,
"AUT","FORESTRESOURCE","USEINTENSITY","RT","A","1997",0.56,
"AUT","FORESTRESOURCE","USEINTENSITY","RT","A","2005",0.768,
"AUT","FORESTRESOURCE","TREEFELLING","THND_M3","A","1985",19130,
"AUT","FORESTRESOURCE","TREEFELLING","THND_M3","A","1991",17925,
"AUT","FORESTRESOURCE","TREEFELLING","THND_M3","A","1997",17490,
"AUT","FORESTRESOURCE","TREEFELLING","THND_M3","A","2005",23511,
"BEL","FORESTRESOURCE","USEINTENSITY","RT","A","1990",0.85,
"BEL","FORESTRESOURCE","USEINTENSITY","RT","A","2000",0.654,
"BEL","FORESTRESOURCE","USEINTENSITY","RT","A","2005",0.83,
"BEL","FORESTRESOURCE","USEINTENSITY","RT","A","2010",1.056,
"BEL","FORESTRESOURCE","TREEFELLING","THND_M3","A","1950",3408.445,
"BEL","FORESTRESOURCE","TREEFELLING","THND_M3","A","1970",4039.638,
"BEL","FORESTRESOURCE","TREEFELLING","THND_M3","A","1980",4393.107,
"BEL","FORESTRESOURCE","TREEFELLING","THND_M3","A","1990",4400,
"BEL","FORESTRESOURCE","TREEFELLING","THND_M3","A","1995",4400,
"BEL","FORESTRESOURCE","TREEFELLING","THND_M3","A","2000",3457,
"BEL","FORESTRESOURCE","TREEFELLING","THND_M3","A","2005",4389,
"BEL","FORESTRESOURCE","TREEFELLING","THND_M3","A","2010",5230.195,
"CAN","FORESTRESOURCE","TREEFELLING","THND_M3","A","1950",85615,
"CAN","FORESTRESOURCE","TREEFELLING","THND_M3","A","1970",121625,
"CAN","FORESTRESOURCE","TREEFELLING","THND_M3","A","1980",155624,
"CAN","FORESTRESOURCE","TREEFELLING","THND_M3","A","1981",144736,
"CAN","FORESTRESOURCE","TREEFELLING","THND_M3","A","1982",127202,
"CAN","FORESTRESOURCE","TREEFELLING","THND_M3","A","1983",155983,
"CAN","FORESTRESOURCE","TREEFELLING","THND_M3","A","1984",167824,
"CAN","FORESTRESOURCE","TREEFELLING","THND_M3","A","1985",168722,
"CAN","FORESTRESOURCE","TREEFELLING","THND_M3","A","1986",177190,
"CAN","FORESTRESOURCE","TREEFELLING","THND_M3","A","1987",191685,
"CAN","FORESTRESOURCE","TREEFELLING","THND_M3","A","1988",190616,
"CAN","FORESTRESOURCE","TREEFELLING","THND_M3","A","1989",188254,
"CAN","FORESTRESOURCE","TREEFELLING","THND_M3","A","1990",162567,
"CAN","FORESTRESOURCE","TREEFELLING","THND_M3","A","1991",160880,
"CAN","FORESTRESOURCE","TREEFELLING","THND_M3","A","1992",170131,
"CAN","FORESTRESOURCE","TREEFELLING","THND_M3","A","1993",175999,
"CAN","FORESTRESOURCE","TREEFELLING","THND_M3","A","1994",183261,
"CAN","FORESTRESOURCE","TREEFELLING","THND_M3","A","1995",188497,
"CAN","FORESTRESOURCE","TREEFELLING","THND_M3","A","1996",183375,
"CAN","FORESTRESOURCE","TREEFELLING","THND_M3","A","1997",188750,
"CAN","FORESTRESOURCE","TREEFELLING","THND_M3","A","1998",176957,
"CAN","FORESTRESOURCE","TREEFELLING","THND_M3","A","1999",198258,
"CAN","FORESTRESOURCE","TREEFELLING","THND_M3","A","2000",201843,
"CAN","FORESTRESOURCE","TREEFELLING","THND_M3","A","2001",185854,
"CAN","FORESTRESOURCE","TREEFELLING","THND_M3","A","2002",196128,
"CAN","FORESTRESOURCE","TREEFELLING","THND_M3","A","2003",181054,
"CAN","FORESTRESOURCE","TREEFELLING","THND_M3","A","2004",207919,
"CAN","FORESTRESOURCE","TREEFELLING","THND_M3","A","2005",203325,
"CAN","FORESTRESOURCE","TREEFELLING","THND_M3","A","2006",184008,
"CAN","FORESTRESOURCE","TREEFELLING","THND_M3","A","2007",164599,
"CAN","FORESTRESOURCE","TREEFELLING","THND_M3","A","2008",139252,
"CAN","FORESTRESOURCE","TREEFELLING","THND_M3","A","2009",116809,
"CAN","FORESTRESOURCE","TREEFELLING","THND_M3","A","2010",141937,
"CAN","FORESTRESOURCE","TREEFELLING","THND_M3","A","2011",149855,
"CAN","FORESTRESOURCE","TREEFELLING","THND_M3","A","2012",151428,
"CAN","FORESTRESOURCE","TREEFELLING","THND_M3","A","2013",154645,
"CAN","FORESTRESOURCE","TREEFELLING","THND_M3","A","2014",153065,
"CZE","FORESTRESOURCE","USEINTENSITY","RT","A","1950",0.603,
"CZE","FORESTRESOURCE","USEINTENSITY","RT","A","1970",0.602,
"CZE","FORESTRESOURCE","USEINTENSITY","RT","A","1980",0.724,
"CZE","FORESTRESOURCE","USEINTENSITY","RT","A","1981",0.786,
"CZE","FORESTRESOURCE","USEINTENSITY","RT","A","1982",0.771,
"CZE","FORESTRESOURCE","USEINTENSITY","RT","A","1983",0.768,
"CZE","FORESTRESOURCE","USEINTENSITY","RT","A","1984",0.789,
"CZE","FORESTRESOURCE","USEINTENSITY","RT","A","1985",0.812,
"CZE","FORESTRESOURCE","USEINTENSITY","RT","A","1986",0.772,
"CZE","FORESTRESOURCE","USEINTENSITY","RT","A","1987",0.757,
"CZE","FORESTRESOURCE","USEINTENSITY","RT","A","1988",0.74,
"CZE","FORESTRESOURCE","USEINTENSITY","RT","A","1989",0.715,
"CZE","FORESTRESOURCE","USEINTENSITY","RT","A","1990",0.782,
"CZE","FORESTRESOURCE","USEINTENSITY","RT","A","1991",0.622,
"CZE","FORESTRESOURCE","USEINTENSITY","RT","A","1992",0.56,
"CZE","FORESTRESOURCE","USEINTENSITY","RT","A","1993",0.582,
"CZE","FORESTRESOURCE","USEINTENSITY","RT","A","1994",0.671,
"CZE","FORESTRESOURCE","USEINTENSITY","RT","A","1995",0.691,
"CZE","FORESTRESOURCE","USEINTENSITY","RT","A","1996",0.699,
"CZE","FORESTRESOURCE","USEINTENSITY","RT","A","1997",0.741,
"CZE","FORESTRESOURCE","USEINTENSITY","RT","A","1998",0.76,
"CZE","FORESTRESOURCE","USEINTENSITY","RT","A","1999",0.755,
"CZE","FORESTRESOURCE","USEINTENSITY","RT","A","2000",0.729,
"CZE","FORESTRESOURCE","USEINTENSITY","RT","A","2001",0.715,
"CZE","FORESTRESOURCE","USEINTENSITY","RT","A","2002",0.722,
"CZE","FORESTRESOURCE","USEINTENSITY","RT","A","2003",0.751,
"CZE","FORESTRESOURCE","USEINTENSITY","RT","A","2004",0.767,
"CZE","FORESTRESOURCE","USEINTENSITY","RT","A","2005",0.758,
"CZE","FORESTRESOURCE","USEINTENSITY","RT","A","2006",0.859,
"CZE","FORESTRESOURCE","USEINTENSITY","RT","A","2007",0.893,
"CZE","FORESTRESOURCE","USEINTENSITY","RT","A","2008",0.777,
"CZE","FORESTRESOURCE","USEINTENSITY","RT","A","2009",0.716,
"CZE","FORESTRESOURCE","USEINTENSITY","RT","A","2010",0.788,
"CZE","FORESTRESOURCE","USEINTENSITY","RT","A","2011",0.717,
"CZE","FORESTRESOURCE","USEINTENSITY","RT","A","2012",0.698,
"CZE","FORESTRESOURCE","USEINTENSITY","RT","A","2013",0.706,
"CZE","FORESTRESOURCE","USEINTENSITY","RT","A","2014",0.708,
"CZE","FORESTRESOURCE","USEINTENSITY","RT","A","2015",0.741,
"CZE","FORESTRESOURCE","TREEFELLING","THND_M3","A","1950",6623,
"CZE","FORESTRESOURCE","TREEFELLING","THND_M3","A","1960",9375,
"CZE","FORESTRESOURCE","TREEFELLING","THND_M3","A","1970",10016,
"CZE","FORESTRESOURCE","TREEFELLING","THND_M3","A","1980",13732,
"CZE","FORESTRESOURCE","TREEFELLING","THND_M3","A","1981",14890,
"CZE","FORESTRESOURCE","TREEFELLING","THND_M3","A","1982",14595,
"CZE","FORESTRESOURCE","TREEFELLING","THND_M3","A","1983",14587,
"CZE","FORESTRESOURCE","TREEFELLING","THND_M3","A","1984",14974,
"CZE","FORESTRESOURCE","TREEFELLING","THND_M3","A","1985",15411,
"CZE","FORESTRESOURCE","TREEFELLING","THND_M3","A","1986",14581,
"CZE","FORESTRESOURCE","TREEFELLING","THND_M3","A","1987",14287,
"CZE","FORESTRESOURCE","TREEFELLING","THND_M3","A","1988",14000,
"CZE","FORESTRESOURCE","TREEFELLING","THND_M3","A","1989",13635,
"CZE","FORESTRESOURCE","TREEFELLING","THND_M3","A","1990",14775,
"CZE","FORESTRESOURCE","TREEFELLING","THND_M3","A","1991",11915,
"CZE","FORESTRESOURCE","TREEFELLING","THND_M3","A","1992",10917,
"CZE","FORESTRESOURCE","TREEFELLING","THND_M3","A","1993",11533,
"CZE","FORESTRESOURCE","TREEFELLING","THND_M3","A","1994",13244,
"CZE","FORESTRESOURCE","TREEFELLING","THND_M3","A","1995",13704,
"CZE","FORESTRESOURCE","TREEFELLING","THND_M3","A","1996",13947,
"CZE","FORESTRESOURCE","TREEFELLING","THND_M3","A","1997",14952,
"CZE","FORESTRESOURCE","TREEFELLING","THND_M3","A","1998",15507,
"CZE","FORESTRESOURCE","TREEFELLING","THND_M3","A","1999",15741,
"CZE","FORESTRESOURCE","TREEFELLING","THND_M3","A","2000",16005,
"CZE","FORESTRESOURCE","TREEFELLING","THND_M3","A","2001",15931,
"CZE","FORESTRESOURCE","TREEFELLING","THND_M3","A","2002",16116,
"CZE","FORESTRESOURCE","TREEFELLING","THND_M3","A","2003",16780,
"CZE","FORESTRESOURCE","TREEFELLING","THND_M3","A","2004",17291,
"CZE","FORESTRESOURCE","TREEFELLING","THND_M3","A","2005",17190,
"CZE","FORESTRESOURCE","TREEFELLING","THND_M3","A","2006",19593,
"CZE","FORESTRESOURCE","TREEFELLING","THND_M3","A","2007",20513,
"CZE","FORESTRESOURCE","TREEFELLING","THND_M3","A","2008",17940,
"CZE","FORESTRESOURCE","TREEFELLING","THND_M3","A","2009",17179,
"CZE","FORESTRESOURCE","TREEFELLING","THND_M3","A","2010",18553,
"CZE","FORESTRESOURCE","TREEFELLING","THND_M3","A","2011",17047,
"CZE","FORESTRESOURCE","TREEFELLING","THND_M3","A","2012",16692,
"CZE","FORESTRESOURCE","TREEFELLING","THND_M3","A","2013",16991,
"CZE","FORESTRESOURCE","TREEFELLING","THND_M3","A","2014",17152,
"CZE","FORESTRESOURCE","TREEFELLING","THND_M3","A","2015",17913,
"DNK","FORESTRESOURCE","USEINTENSITY","RT","A","1950",0.852,
"DNK","FORESTRESOURCE","USEINTENSITY","RT","A","1970",1.183,
"DNK","FORESTRESOURCE","USEINTENSITY","RT","A","1980",0.75,
"DNK","FORESTRESOURCE","USEINTENSITY","RT","A","1990",0.359,
"DNK","FORESTRESOURCE","USEINTENSITY","RT","A","1996",0.51,
"DNK","FORESTRESOURCE","USEINTENSITY","RT","A","2000",0.593,
"DNK","FORESTRESOURCE","USEINTENSITY","RT","A","2005",0.531,
"DNK","FORESTRESOURCE","USEINTENSITY","RT","A","2010",0.457,
"DNK","FORESTRESOURCE","USEINTENSITY","RT","A","2012",0.588,"B"
"DNK","FORESTRESOURCE","USEINTENSITY","RT","A","2013",0.663,
"DNK","FORESTRESOURCE","USEINTENSITY","RT","A","2014",0.619,
"DNK","FORESTRESOURCE","TREEFELLING","THND_M3","A","1950",1818,
"DNK","FORESTRESOURCE","TREEFELLING","THND_M3","A","1970",2288.4,
"DNK","FORESTRESOURCE","TREEFELLING","THND_M3","A","1980",2139.2,
"DNK","FORESTRESOURCE","TREEFELLING","THND_M3","A","1990",1755,
"DNK","FORESTRESOURCE","TREEFELLING","THND_M3","A","1991",1664,
"DNK","FORESTRESOURCE","TREEFELLING","THND_M3","A","1992",1666,
"DNK","FORESTRESOURCE","TREEFELLING","THND_M3","A","1993",1546,
"DNK","FORESTRESOURCE","TREEFELLING","THND_M3","A","1994",1611,
"DNK","FORESTRESOURCE","TREEFELLING","THND_M3","A","1995",1675,
"DNK","FORESTRESOURCE","TREEFELLING","THND_M3","A","1996",1632,
"DNK","FORESTRESOURCE","TREEFELLING","THND_M3","A","1997",1580,
"DNK","FORESTRESOURCE","TREEFELLING","THND_M3","A","1998",1487,
"DNK","FORESTRESOURCE","TREEFELLING","THND_M3","A","1999",1492,
"DNK","FORESTRESOURCE","TREEFELLING","THND_M3","A","2000",3193,
"DNK","FORESTRESOURCE","TREEFELLING","THND_M3","A","2001",1559,
"DNK","FORESTRESOURCE","TREEFELLING","THND_M3","A","2002",1397,
"DNK","FORESTRESOURCE","TREEFELLING","THND_M3","A","2003",1572,
"DNK","FORESTRESOURCE","TREEFELLING","THND_M3","A","2004",1623,
"DNK","FORESTRESOURCE","TREEFELLING","THND_M3","A","2005",2576,
"DNK","FORESTRESOURCE","TREEFELLING","THND_M3","A","2006",2043,
"DNK","FORESTRESOURCE","TREEFELLING","THND_M3","A","2007",2217,
"DNK","FORESTRESOURCE","TREEFELLING","THND_M3","A","2008",2062,
"DNK","FORESTRESOURCE","TREEFELLING","THND_M3","A","2009",2091,
"DNK","FORESTRESOURCE","TREEFELLING","THND_M3","A","2010",2309,
"DNK","FORESTRESOURCE","TREEFELLING","THND_M3","A","2011",2231,
"DNK","FORESTRESOURCE","TREEFELLING","THND_M3","A","2012",3944,"B"
"DNK","FORESTRESOURCE","TREEFELLING","THND_M3","A","2013",4590.454,
"DNK","FORESTRESOURCE","TREEFELLING","THND_M3","A","2014",4768.992,
"FIN","FORESTRESOURCE","USEINTENSITY","RT","A","1950",0.888,
"FIN","FORESTRESOURCE","USEINTENSITY","RT","A","1970",1.006,
"FIN","FORESTRESOURCE","USEINTENSITY","RT","A","1980",0.826,
"FIN","FORESTRESOURCE","USEINTENSITY","RT","A","1990",0.666,
"FIN","FORESTRESOURCE","USEINTENSITY","RT","A","1995",0.735,
"FIN","FORESTRESOURCE","USEINTENSITY","RT","A","2000",0.732,
"FIN","FORESTRESOURCE","USEINTENSITY","RT","A","2005",0.64,
"FIN","FORESTRESOURCE","USEINTENSITY","RT","A","2006",0.612,
"FIN","FORESTRESOURCE","USEINTENSITY","RT","A","2007",0.677,
"FIN","FORESTRESOURCE","USEINTENSITY","RT","A","2008",0.619,
"FIN","FORESTRESOURCE","USEINTENSITY","RT","A","2009",0.53,
"FIN","FORESTRESOURCE","USEINTENSITY","RT","A","2010",0.643,
"FIN","FORESTRESOURCE","TREEFELLING","THND_M3","A","1950",49020,
"FIN","FORESTRESOURCE","TREEFELLING","THND_M3","A","1970",57492,
"FIN","FORESTRESOURCE","TREEFELLING","THND_M3","A","1980",58503,
"FIN","FORESTRESOURCE","TREEFELLING","THND_M3","A","1990",53806,
"FIN","FORESTRESOURCE","TREEFELLING","THND_M3","A","1995",62300,
"FIN","FORESTRESOURCE","TREEFELLING","THND_M3","A","2000",67430,
"FIN","FORESTRESOURCE","TREEFELLING","THND_M3","A","2005",64526,
"FIN","FORESTRESOURCE","TREEFELLING","THND_M3","A","2006",62620,
"FIN","FORESTRESOURCE","TREEFELLING","THND_M3","A","2007",70170,
"FIN","FORESTRESOURCE","TREEFELLING","THND_M3","A","2008",64200,
"FIN","FORESTRESOURCE","TREEFELLING","THND_M3","A","2009",54960,
"FIN","FORESTRESOURCE","TREEFELLING","THND_M3","A","2010",66730,
"FRA","FORESTRESOURCE","USEINTENSITY","RT","A","1980",0.813,
"FRA","FORESTRESOURCE","USEINTENSITY","RT","A","1990",0.82,
"FRA","FORESTRESOURCE","USEINTENSITY","RT","A","2005",0.555,
"FRA","FORESTRESOURCE","USEINTENSITY","RT","A","2006",0.533,
"FRA","FORESTRESOURCE","USEINTENSITY","RT","A","2007",0.429,"B"
"FRA","FORESTRESOURCE","USEINTENSITY","RT","A","2008",0.391,
"FRA","FORESTRESOURCE","USEINTENSITY","RT","A","2009",0.455,
"FRA","FORESTRESOURCE","USEINTENSITY","RT","A","2010",0.486,
"FRA","FORESTRESOURCE","USEINTENSITY","RT","A","2011",0.493,"E"
"FRA","FORESTRESOURCE","USEINTENSITY","RT","A","2012",0.426,
"FRA","FORESTRESOURCE","USEINTENSITY","RT","A","2013",0.442,
"FRA","FORESTRESOURCE","USEINTENSITY","RT","A","2014",0.443,"E"
"FRA","FORESTRESOURCE","TREEFELLING","THND_M3","A","1980",55573,
"FRA","FORESTRESOURCE","TREEFELLING","THND_M3","A","1990",65247,
"FRA","FORESTRESOURCE","TREEFELLING","THND_M3","A","1995",60174,
"FRA","FORESTRESOURCE","TREEFELLING","THND_M3","A","2005",56623,
"FRA","FORESTRESOURCE","TREEFELLING","THND_M3","A","2006",55131,
"FRA","FORESTRESOURCE","TREEFELLING","THND_M3","A","2007",39785,"B"
"FRA","FORESTRESOURCE","TREEFELLING","THND_M3","A","2008",37481,
"FRA","FORESTRESOURCE","TREEFELLING","THND_M3","A","2009",44543,
"FRA","FORESTRESOURCE","TREEFELLING","THND_M3","A","2010",48142,
"FRA","FORESTRESOURCE","TREEFELLING","THND_M3","A","2011",50598,"E"
"FRA","FORESTRESOURCE","TREEFELLING","THND_M3","A","2012",42820,
"FRA","FORESTRESOURCE","TREEFELLING","THND_M3","A","2013",44694,
"FRA","FORESTRESOURCE","TREEFELLING","THND_M3","A","2014",44694,"E"
"DEU","FORESTRESOURCE","USEINTENSITY","RT","A","1993",0.531,
"DEU","FORESTRESOURCE","USEINTENSITY","RT","A","1994",0.551,
"DEU","FORESTRESOURCE","USEINTENSITY","RT","A","1995",0.56,
"DEU","FORESTRESOURCE","USEINTENSITY","RT","A","1996",0.563,
"DEU","FORESTRESOURCE","USEINTENSITY","RT","A","1997",0.59,
"DEU","FORESTRESOURCE","USEINTENSITY","RT","A","1998",0.595,
"DEU","FORESTRESOURCE","USEINTENSITY","RT","A","1999",0.592,
"DEU","FORESTRESOURCE","USEINTENSITY","RT","A","2000",0.749,
"DEU","FORESTRESOURCE","USEINTENSITY","RT","A","2001",0.593,
"DEU","FORESTRESOURCE","USEINTENSITY","RT","A","2002",0.637,
"DEU","FORESTRESOURCE","USEINTENSITY","RT","A","2003",0.731,
"DEU","FORESTRESOURCE","USEINTENSITY","RT","A","2004",0.819,
"DEU","FORESTRESOURCE","USEINTENSITY","RT","A","2005",0.854,
"DEU","FORESTRESOURCE","USEINTENSITY","RT","A","2006",0.925,
"DEU","FORESTRESOURCE","USEINTENSITY","RT","A","2007",1.046,
"DEU","FORESTRESOURCE","USEINTENSITY","RT","A","2008",0.857,
"DEU","FORESTRESOURCE","USEINTENSITY","RT","A","2009",0.743,
"DEU","FORESTRESOURCE","USEINTENSITY","RT","A","2010",0.865,
"DEU","FORESTRESOURCE","USEINTENSITY","RT","A","2011",0.8,
"DEU","FORESTRESOURCE","USEINTENSITY","RT","A","2012",0.805,
"DEU","FORESTRESOURCE","USEINTENSITY","RT","A","2013",0.748,
"DEU","FORESTRESOURCE","USEINTENSITY","RT","A","2014",0.812,
"DEU","FORESTRESOURCE","TREEFELLING","THND_M3","A","1993",63491.003,
"DEU","FORESTRESOURCE","TREEFELLING","THND_M3","A","1994",66085.579,
"DEU","FORESTRESOURCE","TREEFELLING","THND_M3","A","1995",67268,
"DEU","FORESTRESOURCE","TREEFELLING","THND_M3","A","1996",67806,
"DEU","FORESTRESOURCE","TREEFELLING","THND_M3","A","1997",71296,
"DEU","FORESTRESOURCE","TREEFELLING","THND_M3","A","1998",72048,
"DEU","FORESTRESOURCE","TREEFELLING","THND_M3","A","1999",71843,
"DEU","FORESTRESOURCE","TREEFELLING","THND_M3","A","2000",91175,
"DEU","FORESTRESOURCE","TREEFELLING","THND_M3","A","2001",72315,
"DEU","FORESTRESOURCE","TREEFELLING","THND_M3","A","2002",76350.41,
"DEU","FORESTRESOURCE","TREEFELLING","THND_M3","A","2003",87561.641,
"DEU","FORESTRESOURCE","TREEFELLING","THND_M3","A","2004",97802.409,
"DEU","FORESTRESOURCE","TREEFELLING","THND_M3","A","2005",101778.434,
"DEU","FORESTRESOURCE","TREEFELLING","THND_M3","A","2006",109954.993,
"DEU","FORESTRESOURCE","TREEFELLING","THND_M3","A","2007",124192.003,
"DEU","FORESTRESOURCE","TREEFELLING","THND_M3","A","2008",101603.932,
"DEU","FORESTRESOURCE","TREEFELLING","THND_M3","A","2009",87868.686,
"DEU","FORESTRESOURCE","TREEFELLING","THND_M3","A","2010",101200.015,
"DEU","FORESTRESOURCE","TREEFELLING","THND_M3","A","2011",93409.229,
"DEU","FORESTRESOURCE","TREEFELLING","THND_M3","A","2012",93821.429,
"DEU","FORESTRESOURCE","TREEFELLING","THND_M3","A","2013",87237.812,
"DEU","FORESTRESOURCE","TREEFELLING","THND_M3","A","2014",90278.507,
"GRC","FORESTRESOURCE","USEINTENSITY","RT","A","1980",0.706,
"GRC","FORESTRESOURCE","USEINTENSITY","RT","A","1992",0.545,
"GRC","FORESTRESOURCE","TREEFELLING","THND_M3","A","1950",4000,
"GRC","FORESTRESOURCE","TREEFELLING","THND_M3","A","1970",2695,
"GRC","FORESTRESOURCE","TREEFELLING","THND_M3","A","1980",2825,
"GRC","FORESTRESOURCE","TREEFELLING","THND_M3","A","1985",2651,
"GRC","FORESTRESOURCE","TREEFELLING","THND_M3","A","1986",2974,
"GRC","FORESTRESOURCE","TREEFELLING","THND_M3","A","1987",2821,
"GRC","FORESTRESOURCE","TREEFELLING","THND_M3","A","1988",2789,
"GRC","FORESTRESOURCE","TREEFELLING","THND_M3","A","1989",2388,
"GRC","FORESTRESOURCE","TREEFELLING","THND_M3","A","1990",2383,
"GRC","FORESTRESOURCE","TREEFELLING","THND_M3","A","1991",2300,
"GRC","FORESTRESOURCE","TREEFELLING","THND_M3","A","1992",2242,
"GRC","FORESTRESOURCE","TREEFELLING","THND_M3","A","1993",2231,
"GRC","FORESTRESOURCE","TREEFELLING","THND_M3","A","1994",2398,
"GRC","FORESTRESOURCE","TREEFELLING","THND_M3","A","1995",1856,
"GRC","FORESTRESOURCE","TREEFELLING","THND_M3","A","1996",2009,
"GRC","FORESTRESOURCE","TREEFELLING","THND_M3","A","1997",1985,
"GRC","FORESTRESOURCE","TREEFELLING","THND_M3","A","1998",1691,
"GRC","FORESTRESOURCE","TREEFELLING","THND_M3","A","1999",2215,
"GRC","FORESTRESOURCE","TREEFELLING","THND_M3","A","2000",1972,
"GRC","FORESTRESOURCE","TREEFELLING","THND_M3","A","2001",1529,
"GRC","FORESTRESOURCE","TREEFELLING","THND_M3","A","2002",1586,
"GRC","FORESTRESOURCE","TREEFELLING","THND_M3","A","2003",1650,
"GRC","FORESTRESOURCE","TREEFELLING","THND_M3","A","2004",1693,
"GRC","FORESTRESOURCE","TREEFELLING","THND_M3","A","2005",1601,
"GRC","FORESTRESOURCE","TREEFELLING","THND_M3","A","2006",1666,
"GRC","FORESTRESOURCE","TREEFELLING","THND_M3","A","2007",1587,
"GRC","FORESTRESOURCE","TREEFELLING","THND_M3","A","2008",1466,
"GRC","FORESTRESOURCE","TREEFELLING","THND_M3","A","2009",1267,
"GRC","FORESTRESOURCE","TREEFELLING","THND_M3","A","2010",1838,
"GRC","FORESTRESOURCE","TREEFELLING","THND_M3","A","2011",1833.75,
"GRC","FORESTRESOURCE","TREEFELLING","THND_M3","A","2012",1711.879,
"GRC","FORESTRESOURCE","TREEFELLING","THND_M3","A","2013",1596.427,
"GRC","FORESTRESOURCE","TREEFELLING","THND_M3","A","2014",1431.926,
"HUN","FORESTRESOURCE","USEINTENSITY","RT","A","1970",0.601,
"HUN","FORESTRESOURCE","USEINTENSITY","RT","A","1980",0.699,
"HUN","FORESTRESOURCE","USEINTENSITY","RT","A","1990",0.674,
"HUN","FORESTRESOURCE","USEINTENSITY","RT","A","1995",0.53,
"HUN","FORESTRESOURCE","USEINTENSITY","RT","A","1996",0.575,
"HUN","FORESTRESOURCE","USEINTENSITY","RT","A","1997",0.581,
"HUN","FORESTRESOURCE","USEINTENSITY","RT","A","1998",0.567,
"HUN","FORESTRESOURCE","USEINTENSITY","RT","A","1999",0.59,
"HUN","FORESTRESOURCE","USEINTENSITY","RT","A","2000",0.622,
"HUN","FORESTRESOURCE","USEINTENSITY","RT","A","2001",0.586,
"HUN","FORESTRESOURCE","USEINTENSITY","RT","A","2002",0.581,
"HUN","FORESTRESOURCE","USEINTENSITY","RT","A","2003",0.576,
"HUN","FORESTRESOURCE","USEINTENSITY","RT","A","2004",0.567,
"HUN","FORESTRESOURCE","USEINTENSITY","RT","A","2005",0.556,
"HUN","FORESTRESOURCE","USEINTENSITY","RT","A","2006",0.511,
"HUN","FORESTRESOURCE","USEINTENSITY","RT","A","2007",0.512,
"HUN","FORESTRESOURCE","USEINTENSITY","RT","A","2008",0.529,
"HUN","FORESTRESOURCE","USEINTENSITY","RT","A","2009",0.508,
"HUN","FORESTRESOURCE","USEINTENSITY","RT","A","2010",0.565,
"HUN","FORESTRESOURCE","USEINTENSITY","RT","A","2011",0.618,
"HUN","FORESTRESOURCE","USEINTENSITY","RT","A","2012",0.593,
"HUN","FORESTRESOURCE","USEINTENSITY","RT","A","2013",0.603,
"HUN","FORESTRESOURCE","USEINTENSITY","RT","A","2014",0.576,
"HUN","FORESTRESOURCE","USEINTENSITY","RT","A","2015",0.564,
"HUN","FORESTRESOURCE","TREEFELLING","THND_M3","A","1950",3126,
"HUN","FORESTRESOURCE","TREEFELLING","THND_M3","A","1970",5953,
"HUN","FORESTRESOURCE","TREEFELLING","THND_M3","A","1980",7543,
"HUN","FORESTRESOURCE","TREEFELLING","THND_M3","A","1990",7415,
"HUN","FORESTRESOURCE","TREEFELLING","THND_M3","A","1995",6049,
"HUN","FORESTRESOURCE","TREEFELLING","THND_M3","A","1996",6604,
"HUN","FORESTRESOURCE","TREEFELLING","THND_M3","A","1997",6713,
"HUN","FORESTRESOURCE","TREEFELLING","THND_M3","A","1998",6579,
"HUN","FORESTRESOURCE","TREEFELLING","THND_M3","A","1999",6901,
"HUN","FORESTRESOURCE","TREEFELLING","THND_M3","A","2000",7287,
"HUN","FORESTRESOURCE","TREEFELLING","THND_M3","A","2001",7011,
"HUN","FORESTRESOURCE","TREEFELLING","THND_M3","A","2002",7013,
"HUN","FORESTRESOURCE","TREEFELLING","THND_M3","A","2003",7085,
"HUN","FORESTRESOURCE","TREEFELLING","THND_M3","A","2004",7094,
"HUN","FORESTRESOURCE","TREEFELLING","THND_M3","A","2005",7167,
"HUN","FORESTRESOURCE","TREEFELLING","THND_M3","A","2006",7005,
"HUN","FORESTRESOURCE","TREEFELLING","THND_M3","A","2007",6609,
"HUN","FORESTRESOURCE","TREEFELLING","THND_M3","A","2008",7024,
"HUN","FORESTRESOURCE","TREEFELLING","THND_M3","A","2009",6774,
"HUN","FORESTRESOURCE","TREEFELLING","THND_M3","A","2010",7424,
"HUN","FORESTRESOURCE","TREEFELLING","THND_M3","A","2011",8080,
"HUN","FORESTRESOURCE","TREEFELLING","THND_M3","A","2012",7732,
"HUN","FORESTRESOURCE","TREEFELLING","THND_M3","A","2013",7875,
"HUN","FORESTRESOURCE","TREEFELLING","THND_M3","A","2014",7517,
"HUN","FORESTRESOURCE","TREEFELLING","THND_M3","A","2015",7354,
"ISL","FORESTRESOURCE","TREEFELLING","THND_M3","A","1995",0.2,
"ISL","FORESTRESOURCE","TREEFELLING","THND_M3","A","2005",0.5,
"IRL","FORESTRESOURCE","USEINTENSITY","RT","A","2000",0.715,
"IRL","FORESTRESOURCE","USEINTENSITY","RT","A","2005",0.715,
"IRL","FORESTRESOURCE","USEINTENSITY","RT","A","2006",0.695,
"IRL","FORESTRESOURCE","USEINTENSITY","RT","A","2010",0.55,
"IRL","FORESTRESOURCE","USEINTENSITY","RT","A","2012",0.406,
"IRL","FORESTRESOURCE","USEINTENSITY","RT","A","2013",0.435,
"IRL","FORESTRESOURCE","USEINTENSITY","RT","A","2014",0.446,
"IRL","FORESTRESOURCE","USEINTENSITY","RT","A","2015",0.465,
"IRL","FORESTRESOURCE","TREEFELLING","THND_M3","A","1970",289,
"IRL","FORESTRESOURCE","TREEFELLING","THND_M3","A","1980",819,
"IRL","FORESTRESOURCE","TREEFELLING","THND_M3","A","1990",1835,
"IRL","FORESTRESOURCE","TREEFELLING","THND_M3","A","1995",2338,
"IRL","FORESTRESOURCE","TREEFELLING","THND_M3","A","2000",3043,
"IRL","FORESTRESOURCE","TREEFELLING","THND_M3","A","2005",3206,
"IRL","FORESTRESOURCE","TREEFELLING","THND_M3","A","2006",3234,
"IRL","FORESTRESOURCE","TREEFELLING","THND_M3","A","2007",3240.6,
"IRL","FORESTRESOURCE","TREEFELLING","THND_M3","A","2008",2636.7,
"IRL","FORESTRESOURCE","TREEFELLING","THND_M3","A","2009",2732.4,
"IRL","FORESTRESOURCE","TREEFELLING","THND_M3","A","2010",2948,
"IRL","FORESTRESOURCE","TREEFELLING","THND_M3","A","2011",2953.5,
"IRL","FORESTRESOURCE","TREEFELLING","THND_M3","A","2012",3121.8,
"IRL","FORESTRESOURCE","TREEFELLING","THND_M3","A","2013",3339.6,
"IRL","FORESTRESOURCE","TREEFELLING","THND_M3","A","2014",3425.4,
"IRL","FORESTRESOURCE","TREEFELLING","THND_M3","A","2015",3575,
"ITA","FORESTRESOURCE","USEINTENSITY","RT","A","1950",0.883,
"ITA","FORESTRESOURCE","USEINTENSITY","RT","A","1980",0.427,
"ITA","FORESTRESOURCE","USEINTENSITY","RT","A","1990",0.42,
"ITA","FORESTRESOURCE","USEINTENSITY","RT","A","1995",0.311,
"ITA","FORESTRESOURCE","USEINTENSITY","RT","A","2000",0.415,
"ITA","FORESTRESOURCE","USEINTENSITY","RT","A","2005",0.371,
"ITA","FORESTRESOURCE","USEINTENSITY","RT","A","2009",0.457,
"ITA","FORESTRESOURCE","USEINTENSITY","RT","A","2010",0.344,
"ITA","FORESTRESOURCE","TREEFELLING","THND_M3","A","1950",13470,
"ITA","FORESTRESOURCE","TREEFELLING","THND_M3","A","1970",11667,
"ITA","FORESTRESOURCE","TREEFELLING","THND_M3","A","1980",8989,
"ITA","FORESTRESOURCE","TREEFELLING","THND_M3","A","1990",13337,
"ITA","FORESTRESOURCE","TREEFELLING","THND_M3","A","1995",10101,
"ITA","FORESTRESOURCE","TREEFELLING","THND_M3","A","2000",14327,
"ITA","FORESTRESOURCE","TREEFELLING","THND_M3","A","2005",13298,
"ITA","FORESTRESOURCE","TREEFELLING","THND_M3","A","2009",16403,
"ITA","FORESTRESOURCE","TREEFELLING","THND_M3","A","2010",12755,
"JPN","FORESTRESOURCE","USEINTENSITY","RT","A","1970",1.719,
"JPN","FORESTRESOURCE","USEINTENSITY","RT","A","1980",0.72,
"JPN","FORESTRESOURCE","USEINTENSITY","RT","A","1990",0.55,
"JPN","FORESTRESOURCE","USEINTENSITY","RT","A","1995",0.39,
"JPN","FORESTRESOURCE","USEINTENSITY","RT","A","2000",0.29,
"JPN","FORESTRESOURCE","USEINTENSITY","RT","A","2005",0.398,
"JPN","FORESTRESOURCE","TREEFELLING","THND_M3","A","1950",65631,
"JPN","FORESTRESOURCE","TREEFELLING","THND_M3","A","1970",65996,
"JPN","FORESTRESOURCE","TREEFELLING","THND_M3","A","1980",42932,
"JPN","FORESTRESOURCE","TREEFELLING","THND_M3","A","1990",37613,
"JPN","FORESTRESOURCE","TREEFELLING","THND_M3","A","1995",29285,
"JPN","FORESTRESOURCE","TREEFELLING","THND_M3","A","2000",24650,
"JPN","FORESTRESOURCE","TREEFELLING","THND_M3","A","2005",34659,
"JPN","FORESTRESOURCE","TREEFELLING","THND_M3","A","2006",35784,
"JPN","FORESTRESOURCE","TREEFELLING","THND_M3","A","2007",39690,
"JPN","FORESTRESOURCE","TREEFELLING","THND_M3","A","2008",41194,
"JPN","FORESTRESOURCE","TREEFELLING","THND_M3","A","2009",43484,
"JPN","FORESTRESOURCE","TREEFELLING","THND_M3","A","2010",44152,
"JPN","FORESTRESOURCE","TREEFELLING","THND_M3","A","2011",45931,
"JPN","FORESTRESOURCE","TREEFELLING","THND_M3","A","2012",39455,
"JPN","FORESTRESOURCE","TREEFELLING","THND_M3","A","2013",40209,
"JPN","FORESTRESOURCE","TREEFELLING","THND_M3","A","2014",41881,
"KOR","FORESTRESOURCE","USEINTENSITY","RT","A","1970",0.418,
"KOR","FORESTRESOURCE","USEINTENSITY","RT","A","1990",0.075,
"KOR","FORESTRESOURCE","USEINTENSITY","RT","A","1995",0.068,
"KOR","FORESTRESOURCE","USEINTENSITY","RT","A","2000",0.06,
"KOR","FORESTRESOURCE","USEINTENSITY","RT","A","2005",0.1,
"KOR","FORESTRESOURCE","USEINTENSITY","RT","A","2006",0.085,
"KOR","FORESTRESOURCE","USEINTENSITY","RT","A","2008",0.062,
"KOR","FORESTRESOURCE","USEINTENSITY","RT","A","2009",0.09,
"KOR","FORESTRESOURCE","USEINTENSITY","RT","A","2011",0.263,"B"
"KOR","FORESTRESOURCE","USEINTENSITY","RT","A","2012",0.34,
"KOR","FORESTRESOURCE","USEINTENSITY","RT","A","2013",0.281,
"KOR","FORESTRESOURCE","USEINTENSITY","RT","A","2014",0.231,
"KOR","FORESTRESOURCE","USEINTENSITY","RT","A","2015",0.253,
"KOR","FORESTRESOURCE","TREEFELLING","THND_M3","A","1950",200,
"KOR","FORESTRESOURCE","TREEFELLING","THND_M3","A","1970",845,
"KOR","FORESTRESOURCE","TREEFELLING","THND_M3","A","1980",1244,
"KOR","FORESTRESOURCE","TREEFELLING","THND_M3","A","1990",1077,
"KOR","FORESTRESOURCE","TREEFELLING","THND_M3","A","1995",887,
"KOR","FORESTRESOURCE","TREEFELLING","THND_M3","A","2000",1181,
"KOR","FORESTRESOURCE","TREEFELLING","THND_M3","A","2005",1731,
"KOR","FORESTRESOURCE","TREEFELLING","THND_M3","A","2006",1806,
"KOR","FORESTRESOURCE","TREEFELLING","THND_M3","A","2007",2206,
"KOR","FORESTRESOURCE","TREEFELLING","THND_M3","A","2008",2288,
"KOR","FORESTRESOURCE","TREEFELLING","THND_M3","A","2009",3720,
"KOR","FORESTRESOURCE","TREEFELLING","THND_M3","A","2010",8671,
"KOR","FORESTRESOURCE","TREEFELLING","THND_M3","A","2011",9953,
"KOR","FORESTRESOURCE","TREEFELLING","THND_M3","A","2012",10701,
"KOR","FORESTRESOURCE","TREEFELLING","THND_M3","A","2013",9323,
"KOR","FORESTRESOURCE","TREEFELLING","THND_M3","A","2014",8763,
"KOR","FORESTRESOURCE","TREEFELLING","THND_M3","A","2015",7769,
"LUX","FORESTRESOURCE","USEINTENSITY","RT","A","1985",0.493,
"LUX","FORESTRESOURCE","USEINTENSITY","RT","A","1990",0.72,
"LUX","FORESTRESOURCE","USEINTENSITY","RT","A","1995",0.523,
"LUX","FORESTRESOURCE","USEINTENSITY","RT","A","2007",0.493,
"LUX","FORESTRESOURCE","USEINTENSITY","RT","A","2011",0.588,
"LUX","FORESTRESOURCE","USEINTENSITY","RT","A","2012",0.533,
"LUX","FORESTRESOURCE","USEINTENSITY","RT","A","2013",0.496,
"LUX","FORESTRESOURCE","TREEFELLING","THND_M3","A","1950",170,
"LUX","FORESTRESOURCE","TREEFELLING","THND_M3","A","1970",247,
"LUX","FORESTRESOURCE","TREEFELLING","THND_M3","A","1985",326,
"LUX","FORESTRESOURCE","TREEFELLING","THND_M3","A","1990",476,
"LUX","FORESTRESOURCE","TREEFELLING","THND_M3","A","1995",345,
"LUX","FORESTRESOURCE","TREEFELLING","THND_M3","A","2000",316,
"LUX","FORESTRESOURCE","TREEFELLING","THND_M3","A","2005",249,
"LUX","FORESTRESOURCE","TREEFELLING","THND_M3","A","2006",294,
"LUX","FORESTRESOURCE","TREEFELLING","THND_M3","A","2007",370,
"LUX","FORESTRESOURCE","TREEFELLING","THND_M3","A","2008",382,
"LUX","FORESTRESOURCE","TREEFELLING","THND_M3","A","2009",354,
"LUX","FORESTRESOURCE","TREEFELLING","THND_M3","A","2010",464,
"LUX","FORESTRESOURCE","TREEFELLING","THND_M3","A","2011",419,
"LUX","FORESTRESOURCE","TREEFELLING","THND_M3","A","2012",394,
"LUX","FORESTRESOURCE","TREEFELLING","THND_M3","A","2013",375.88,
"MEX","FORESTRESOURCE","USEINTENSITY","RT","A","1980",0.233,
"MEX","FORESTRESOURCE","USEINTENSITY","RT","A","1990",0.241,
"MEX","FORESTRESOURCE","USEINTENSITY","RT","A","1995",0.181,
"MEX","FORESTRESOURCE","TREEFELLING","THND_M3","A","1980",9048,
"MEX","FORESTRESOURCE","TREEFELLING","THND_M3","A","1986",8958.542,
"MEX","FORESTRESOURCE","TREEFELLING","THND_M3","A","1987",9790.839,
"MEX","FORESTRESOURCE","TREEFELLING","THND_M3","A","1988",9314.384,
"MEX","FORESTRESOURCE","TREEFELLING","THND_M3","A","1989",8888.276,
"MEX","FORESTRESOURCE","TREEFELLING","THND_M3","A","1990",8157.204,
"MEX","FORESTRESOURCE","TREEFELLING","THND_M3","A","1991",7688.515,
"MEX","FORESTRESOURCE","TREEFELLING","THND_M3","A","1992",7682.061,
"MEX","FORESTRESOURCE","TREEFELLING","THND_M3","A","1993",6349.356,
"MEX","FORESTRESOURCE","TREEFELLING","THND_M3","A","1994",6406.75,
"MEX","FORESTRESOURCE","TREEFELLING","THND_M3","A","1995",6302.417,
"MEX","FORESTRESOURCE","TREEFELLING","THND_M3","A","1996",6843.786,
"MEX","FORESTRESOURCE","TREEFELLING","THND_M3","A","1997",7711.809,
"MEX","FORESTRESOURCE","TREEFELLING","THND_M3","A","1998",8330.982,
"MEX","FORESTRESOURCE","TREEFELLING","THND_M3","A","1999",8496.726,
"MEX","FORESTRESOURCE","TREEFELLING","THND_M3","A","2000",9429.8,
"MEX","FORESTRESOURCE","TREEFELLING","THND_M3","A","2001",8124.571,
"MEX","FORESTRESOURCE","TREEFELLING","THND_M3","A","2002",6664.72,
"MEX","FORESTRESOURCE","TREEFELLING","THND_M3","A","2003",6996.77,
"MEX","FORESTRESOURCE","TREEFELLING","THND_M3","A","2004",6718.508,
"MEX","FORESTRESOURCE","TREEFELLING","THND_M3","A","2005",6423.898,
"MEX","FORESTRESOURCE","TREEFELLING","THND_M3","A","2006",6481.167,
"MEX","FORESTRESOURCE","TREEFELLING","THND_M3","A","2007",6988.461,
"MEX","FORESTRESOURCE","TREEFELLING","THND_M3","A","2008",6304.948,
"MEX","FORESTRESOURCE","TREEFELLING","THND_M3","A","2009",5808.957,
"MEX","FORESTRESOURCE","TREEFELLING","THND_M3","A","2010",5627.087,
"MEX","FORESTRESOURCE","TREEFELLING","THND_M3","A","2011",5501.086,
"MEX","FORESTRESOURCE","TREEFELLING","THND_M3","A","2012",5910.293,
"MEX","FORESTRESOURCE","TREEFELLING","THND_M3","A","2013",5957.094,
"MEX","FORESTRESOURCE","TREEFELLING","THND_M3","A","2014",5664.934,
"NLD","FORESTRESOURCE","USEINTENSITY","RT","A","1990",0.55,
"NLD","FORESTRESOURCE","USEINTENSITY","RT","A","1995",0.524,
"NLD","FORESTRESOURCE","USEINTENSITY","RT","A","2000",0.569,
"NLD","FORESTRESOURCE","USEINTENSITY","RT","A","2005",0.454,
"NLD","FORESTRESOURCE","USEINTENSITY","RT","A","2010",0.447,
"NLD","FORESTRESOURCE","USEINTENSITY","RT","A","2013",0.465,
"NLD","FORESTRESOURCE","TREEFELLING","THND_M3","A","1990",1278,
"NLD","FORESTRESOURCE","TREEFELLING","THND_M3","A","1995",1455,
"NLD","FORESTRESOURCE","TREEFELLING","THND_M3","A","2000",1354,
"NLD","FORESTRESOURCE","TREEFELLING","THND_M3","A","2005",1314,
"NLD","FORESTRESOURCE","TREEFELLING","THND_M3","A","2010",1295,
"NLD","FORESTRESOURCE","TREEFELLING","THND_M3","A","2013",1267,
"NZL","FORESTRESOURCE","USEINTENSITY","RT","A","1995",0.58,
"NZL","FORESTRESOURCE","USEINTENSITY","RT","A","1996",0.575,
"NZL","FORESTRESOURCE","USEINTENSITY","RT","A","1997",0.532,
"NZL","FORESTRESOURCE","USEINTENSITY","RT","A","1998",0.534,
"NZL","FORESTRESOURCE","USEINTENSITY","RT","A","1999",0.486,
"NZL","FORESTRESOURCE","USEINTENSITY","RT","A","2000",0.533,
"NZL","FORESTRESOURCE","USEINTENSITY","RT","A","2001",0.545,
"NZL","FORESTRESOURCE","USEINTENSITY","RT","A","2002",0.58,
"NZL","FORESTRESOURCE","USEINTENSITY","RT","A","2003",0.612,
"NZL","FORESTRESOURCE","USEINTENSITY","RT","A","2004",0.555,
"NZL","FORESTRESOURCE","USEINTENSITY","RT","A","2005",0.507,
"NZL","FORESTRESOURCE","USEINTENSITY","RT","A","2006",0.488,
"NZL","FORESTRESOURCE","USEINTENSITY","RT","A","2007",0.511,
"NZL","FORESTRESOURCE","USEINTENSITY","RT","A","2008",0.526,
"NZL","FORESTRESOURCE","USEINTENSITY","RT","A","2009",0.479,
"NZL","FORESTRESOURCE","USEINTENSITY","RT","A","2010",0.553,
"NZL","FORESTRESOURCE","USEINTENSITY","RT","A","2011",0.622,
"NZL","FORESTRESOURCE","USEINTENSITY","RT","A","2012",0.645,
"NZL","FORESTRESOURCE","USEINTENSITY","RT","A","2013",0.677,
"NZL","FORESTRESOURCE","USEINTENSITY","RT","A","2014",0.731,
"NZL","FORESTRESOURCE","USEINTENSITY","RT","A","2015",0.715,
"NZL","FORESTRESOURCE","TREEFELLING","THND_M3","A","1950",3460,
"NZL","FORESTRESOURCE","TREEFELLING","THND_M3","A","1970",7820,
"NZL","FORESTRESOURCE","TREEFELLING","THND_M3","A","1980",9911,
"NZL","FORESTRESOURCE","TREEFELLING","THND_M3","A","1981",10245,
"NZL","FORESTRESOURCE","TREEFELLING","THND_M3","A","1982",9753,
"NZL","FORESTRESOURCE","TREEFELLING","THND_M3","A","1983",9358,
"NZL","FORESTRESOURCE","TREEFELLING","THND_M3","A","1984",9266,
"NZL","FORESTRESOURCE","TREEFELLING","THND_M3","A","1985",9626,
"NZL","FORESTRESOURCE","TREEFELLING","THND_M3","A","1986",10195,
"NZL","FORESTRESOURCE","TREEFELLING","THND_M3","A","1987",9613,
"NZL","FORESTRESOURCE","TREEFELLING","THND_M3","A","1988",9688,
"NZL","FORESTRESOURCE","TREEFELLING","THND_M3","A","1989",10619,
"NZL","FORESTRESOURCE","TREEFELLING","THND_M3","A","1990",11486,
"NZL","FORESTRESOURCE","TREEFELLING","THND_M3","A","1991",13454,
"NZL","FORESTRESOURCE","TREEFELLING","THND_M3","A","1992",13903,
"NZL","FORESTRESOURCE","TREEFELLING","THND_M3","A","1993",14690,
"NZL","FORESTRESOURCE","TREEFELLING","THND_M3","A","1994",14871,
"NZL","FORESTRESOURCE","TREEFELLING","THND_M3","A","1995",16183,
"NZL","FORESTRESOURCE","TREEFELLING","THND_M3","A","1996",16692,
"NZL","FORESTRESOURCE","TREEFELLING","THND_M3","A","1997",16074,
"NZL","FORESTRESOURCE","TREEFELLING","THND_M3","A","1998",16705,
"NZL","FORESTRESOURCE","TREEFELLING","THND_M3","A","1999",15814,
"NZL","FORESTRESOURCE","TREEFELLING","THND_M3","A","2000",18196,
"NZL","FORESTRESOURCE","TREEFELLING","THND_M3","A","2001",19287,
"NZL","FORESTRESOURCE","TREEFELLING","THND_M3","A","2002",20940,
"NZL","FORESTRESOURCE","TREEFELLING","THND_M3","A","2003",22472,
"NZL","FORESTRESOURCE","TREEFELLING","THND_M3","A","2004",20911,
"NZL","FORESTRESOURCE","TREEFELLING","THND_M3","A","2005",19334,
"NZL","FORESTRESOURCE","TREEFELLING","THND_M3","A","2006",18894,
"NZL","FORESTRESOURCE","TREEFELLING","THND_M3","A","2007",19974,
"NZL","FORESTRESOURCE","TREEFELLING","THND_M3","A","2008",20481,
"NZL","FORESTRESOURCE","TREEFELLING","THND_M3","A","2009",18937,
"NZL","FORESTRESOURCE","TREEFELLING","THND_M3","A","2010",22042,
"NZL","FORESTRESOURCE","TREEFELLING","THND_M3","A","2011",25131,
"NZL","FORESTRESOURCE","TREEFELLING","THND_M3","A","2012",26070,
"NZL","FORESTRESOURCE","TREEFELLING","THND_M3","A","2013",28163.682,
"NZL","FORESTRESOURCE","TREEFELLING","THND_M3","A","2014",30258.37,
"NZL","FORESTRESOURCE","TREEFELLING","THND_M3","A","2015",29660,
"NOR","FORESTRESOURCE","USEINTENSITY","RT","A","1950",0.797,
"NOR","FORESTRESOURCE","USEINTENSITY","RT","A","1970",0.597,
"NOR","FORESTRESOURCE","USEINTENSITY","RT","A","1980",0.568,
"NOR","FORESTRESOURCE","USEINTENSITY","RT","A","1990",0.528,
"NOR","FORESTRESOURCE","USEINTENSITY","RT","A","1995",0.466,
"NOR","FORESTRESOURCE","USEINTENSITY","RT","A","2000",0.403,
"NOR","FORESTRESOURCE","USEINTENSITY","RT","A","2005",0.418,
"NOR","FORESTRESOURCE","USEINTENSITY","RT","A","2006",0.384,
"NOR","FORESTRESOURCE","USEINTENSITY","RT","A","2007",0.439,
"NOR","FORESTRESOURCE","USEINTENSITY","RT","A","2008",0.44,
"NOR","FORESTRESOURCE","USEINTENSITY","RT","A","2009",0.381,
"NOR","FORESTRESOURCE","USEINTENSITY","RT","A","2010",0.456,
"NOR","FORESTRESOURCE","USEINTENSITY","RT","A","2011",0.443,
"NOR","FORESTRESOURCE","USEINTENSITY","RT","A","2012",0.459,
"NOR","FORESTRESOURCE","USEINTENSITY","RT","A","2013",0.441,
"NOR","FORESTRESOURCE","USEINTENSITY","RT","A","2014",0.463,
"NOR","FORESTRESOURCE","USEINTENSITY","RT","A","2015",0.479,
"NOR","FORESTRESOURCE","TREEFELLING","THND_M3","A","1950",12788,
"NOR","FORESTRESOURCE","TREEFELLING","THND_M3","A","1970",10259,
"NOR","FORESTRESOURCE","TREEFELLING","THND_M3","A","1980",11167,
"NOR","FORESTRESOURCE","TREEFELLING","THND_M3","A","1990",13958,
"NOR","FORESTRESOURCE","TREEFELLING","THND_M3","A","1995",12812,
"NOR","FORESTRESOURCE","TREEFELLING","THND_M3","A","2000",12048,
"NOR","FORESTRESOURCE","TREEFELLING","THND_M3","A","2005",13068,
"NOR","FORESTRESOURCE","TREEFELLING","THND_M3","A","2006",11764,
"NOR","FORESTRESOURCE","TREEFELLING","THND_M3","A","2007",12845,
"NOR","FORESTRESOURCE","TREEFELLING","THND_M3","A","2008",12705,
"NOR","FORESTRESOURCE","TREEFELLING","THND_M3","A","2009",11038,
"NOR","FORESTRESOURCE","TREEFELLING","THND_M3","A","2010",13359,
"NOR","FORESTRESOURCE","TREEFELLING","THND_M3","A","2011",13116,
"NOR","FORESTRESOURCE","TREEFELLING","THND_M3","A","2012",13758,
"NOR","FORESTRESOURCE","TREEFELLING","THND_M3","A","2013",13313,
"NOR","FORESTRESOURCE","TREEFELLING","THND_M3","A","2014",14081,
"NOR","FORESTRESOURCE","TREEFELLING","THND_M3","A","2015",14644,
"POL","FORESTRESOURCE","USEINTENSITY","RT","A","1950",0.494,
"POL","FORESTRESOURCE","USEINTENSITY","RT","A","1970",0.558,
"POL","FORESTRESOURCE","USEINTENSITY","RT","A","1980",0.593,
"POL","FORESTRESOURCE","USEINTENSITY","RT","A","1990",0.497,
"POL","FORESTRESOURCE","USEINTENSITY","RT","A","1995",0.589,
"POL","FORESTRESOURCE","USEINTENSITY","RT","A","2000",0.533,
"POL","FORESTRESOURCE","USEINTENSITY","RT","A","2005",0.55,
"POL","FORESTRESOURCE","USEINTENSITY","RT","A","2010",0.642,
"POL","FORESTRESOURCE","TREEFELLING","THND_M3","A","1950",20177,
"POL","FORESTRESOURCE","TREEFELLING","THND_M3","A","1970",28366,
"POL","FORESTRESOURCE","TREEFELLING","THND_M3","A","1980",30906,
"POL","FORESTRESOURCE","TREEFELLING","THND_M3","A","1990",26197,
"POL","FORESTRESOURCE","TREEFELLING","THND_M3","A","1995",30532,
"POL","FORESTRESOURCE","TREEFELLING","THND_M3","A","2000",32531,
"POL","FORESTRESOURCE","TREEFELLING","THND_M3","A","2005",37156,
"POL","FORESTRESOURCE","TREEFELLING","THND_M3","A","2009",37754,
"POL","FORESTRESOURCE","TREEFELLING","THND_M3","A","2010",46600,
"PRT","FORESTRESOURCE","USEINTENSITY","RT","A","1990",0.704,
"PRT","FORESTRESOURCE","USEINTENSITY","RT","A","2000",0.626,
"PRT","FORESTRESOURCE","USEINTENSITY","RT","A","2005",0.711,
"PRT","FORESTRESOURCE","TREEFELLING","THND_M3","A","1990",13852,
"PRT","FORESTRESOURCE","TREEFELLING","THND_M3","A","1995",11200,
"PRT","FORESTRESOURCE","TREEFELLING","THND_M3","A","2000",12650,
"PRT","FORESTRESOURCE","TREEFELLING","THND_M3","A","2001",11909.849,
"PRT","FORESTRESOURCE","TREEFELLING","THND_M3","A","2002",11501.143,
"PRT","FORESTRESOURCE","TREEFELLING","THND_M3","A","2003",12701.785,
"PRT","FORESTRESOURCE","TREEFELLING","THND_M3","A","2004",14321.285,
"PRT","FORESTRESOURCE","TREEFELLING","THND_M3","A","2005",14229,
"PRT","FORESTRESOURCE","TREEFELLING","THND_M3","A","2006",14130.741,
"PRT","FORESTRESOURCE","TREEFELLING","THND_M3","A","2007",14184.832,
"PRT","FORESTRESOURCE","TREEFELLING","THND_M3","A","2008",13259.652,
"PRT","FORESTRESOURCE","TREEFELLING","THND_M3","A","2009",12588.492,
"SVK","FORESTRESOURCE","USEINTENSITY","RT","A","1950",0.954,
"SVK","FORESTRESOURCE","USEINTENSITY","RT","A","1970",0.639,
"SVK","FORESTRESOURCE","USEINTENSITY","RT","A","1980",0.663,
"SVK","FORESTRESOURCE","USEINTENSITY","RT","A","1990",0.542,
"SVK","FORESTRESOURCE","USEINTENSITY","RT","A","1995",0.514,
"SVK","FORESTRESOURCE","USEINTENSITY","RT","A","2000",0.555,
"SVK","FORESTRESOURCE","USEINTENSITY","RT","A","2001",0.547,
"SVK","FORESTRESOURCE","USEINTENSITY","RT","A","2002",0.549,
"SVK","FORESTRESOURCE","USEINTENSITY","RT","A","2003",0.581,
"SVK","FORESTRESOURCE","USEINTENSITY","RT","A","2004",0.63,
"SVK","FORESTRESOURCE","USEINTENSITY","RT","A","2005",0.88,
"SVK","FORESTRESOURCE","USEINTENSITY","RT","A","2006",0.716,
"SVK","FORESTRESOURCE","USEINTENSITY","RT","A","2007",0.717,
"SVK","FORESTRESOURCE","USEINTENSITY","RT","A","2008",0.803,
"SVK","FORESTRESOURCE","USEINTENSITY","RT","A","2009",0.779,
"SVK","FORESTRESOURCE","USEINTENSITY","RT","A","2010",0.825,
"SVK","FORESTRESOURCE","USEINTENSITY","RT","A","2011",0.787,
"SVK","FORESTRESOURCE","USEINTENSITY","RT","A","2012",0.679,
"SVK","FORESTRESOURCE","USEINTENSITY","RT","A","2013",0.654,
"SVK","FORESTRESOURCE","USEINTENSITY","RT","A","2014",0.78,
"SVK","FORESTRESOURCE","USEINTENSITY","RT","A","2015",0.765,
"SVK","FORESTRESOURCE","TREEFELLING","THND_M3","A","1950",5459,
"SVK","FORESTRESOURCE","TREEFELLING","THND_M3","A","1970",6274,
"SVK","FORESTRESOURCE","TREEFELLING","THND_M3","A","1980",5864,
"SVK","FORESTRESOURCE","TREEFELLING","THND_M3","A","1990",5276,
"SVK","FORESTRESOURCE","TREEFELLING","THND_M3","A","1995",5323,
"SVK","FORESTRESOURCE","TREEFELLING","THND_M3","A","2000",6218,
"SVK","FORESTRESOURCE","TREEFELLING","THND_M3","A","2001",6185,
"SVK","FORESTRESOURCE","TREEFELLING","THND_M3","A","2002",6248,
"SVK","FORESTRESOURCE","TREEFELLING","THND_M3","A","2003",6652,
"SVK","FORESTRESOURCE","TREEFELLING","THND_M3","A","2004",7268,
"SVK","FORESTRESOURCE","TREEFELLING","THND_M3","A","2005",10191,
"SVK","FORESTRESOURCE","TREEFELLING","THND_M3","A","2006",8357,
"SVK","FORESTRESOURCE","TREEFELLING","THND_M3","A","2007",8367,
"SVK","FORESTRESOURCE","TREEFELLING","THND_M3","A","2008",9467,
"SVK","FORESTRESOURCE","TREEFELLING","THND_M3","A","2009",9248,
"SVK","FORESTRESOURCE","TREEFELLING","THND_M3","A","2010",9860,
"SVK","FORESTRESOURCE","TREEFELLING","THND_M3","A","2011",9467,
"SVK","FORESTRESOURCE","TREEFELLING","THND_M3","A","2012",8232,
"SVK","FORESTRESOURCE","TREEFELLING","THND_M3","A","2013",7837,
"SVK","FORESTRESOURCE","TREEFELLING","THND_M3","A","2014",9417,
"SVK","FORESTRESOURCE","TREEFELLING","THND_M3","A","2015",9249,
"ESP","FORESTRESOURCE","TREEFELLING","THND_M3","A","1950",2347,
"ESP","FORESTRESOURCE","TREEFELLING","THND_M3","A","1970",8627,
"ESP","FORESTRESOURCE","TREEFELLING","THND_M3","A","1980",7661,
"ESP","FORESTRESOURCE","TREEFELLING","THND_M3","A","1990",17741.207,
"ESP","FORESTRESOURCE","TREEFELLING","THND_M3","A","2000",16873.389,
"ESP","FORESTRESOURCE","TREEFELLING","THND_M3","A","2005",17369.103,
"ESP","FORESTRESOURCE","TREEFELLING","THND_M3","A","2010",19706.466,
"SWE","FORESTRESOURCE","USEINTENSITY","RT","A","1950",0.828,
"SWE","FORESTRESOURCE","USEINTENSITY","RT","A","1970",0.867,
"SWE","FORESTRESOURCE","USEINTENSITY","RT","A","1980",0.81,
"SWE","FORESTRESOURCE","USEINTENSITY","RT","A","1990",0.642,
"SWE","FORESTRESOURCE","USEINTENSITY","RT","A","2000",0.78,
"SWE","FORESTRESOURCE","USEINTENSITY","RT","A","2005",0.852,
"SWE","FORESTRESOURCE","USEINTENSITY","RT","A","2009",0.66,
"SWE","FORESTRESOURCE","USEINTENSITY","RT","A","2010",0.734,
"SWE","FORESTRESOURCE","USEINTENSITY","RT","A","2011",0.716,
"SWE","FORESTRESOURCE","USEINTENSITY","RT","A","2012",0.682,
"SWE","FORESTRESOURCE","USEINTENSITY","RT","A","2013",0.668,
"SWE","FORESTRESOURCE","TREEFELLING","THND_M3","A","1950",53800,
"SWE","FORESTRESOURCE","TREEFELLING","THND_M3","A","1970",68200,
"SWE","FORESTRESOURCE","TREEFELLING","THND_M3","A","1980",68000,
"SWE","FORESTRESOURCE","TREEFELLING","THND_M3","A","1990",60400,
"SWE","FORESTRESOURCE","TREEFELLING","THND_M3","A","2000",71200,
"SWE","FORESTRESOURCE","TREEFELLING","THND_M3","A","2005",86400,
"SWE","FORESTRESOURCE","TREEFELLING","THND_M3","A","2009",78800,
"SWE","FORESTRESOURCE","TREEFELLING","THND_M3","A","2010",88900,
"SWE","FORESTRESOURCE","TREEFELLING","THND_M3","A","2011",88400,
"SWE","FORESTRESOURCE","TREEFELLING","THND_M3","A","2012",85500,
"SWE","FORESTRESOURCE","TREEFELLING","THND_M3","A","2013",85600,
"SWE","FORESTRESOURCE","TREEFELLING","THND_M3","A","2014",91500,
"SWE","FORESTRESOURCE","TREEFELLING","THND_M3","A","2015",92500,
"CHE","FORESTRESOURCE","USEINTENSITY","RT","A","2000",0.759,
"CHE","FORESTRESOURCE","USEINTENSITY","RT","A","2005",0.731,
"CHE","FORESTRESOURCE","USEINTENSITY","RT","A","2010",0.705,
"CHE","FORESTRESOURCE","TREEFELLING","THND_M3","A","2000",7361,
"CHE","FORESTRESOURCE","TREEFELLING","THND_M3","A","2005",7389,
"CHE","FORESTRESOURCE","TREEFELLING","THND_M3","A","2010",7416,
"TUR","FORESTRESOURCE","USEINTENSITY","RT","A","1970",0.674,
"TUR","FORESTRESOURCE","USEINTENSITY","RT","A","1980",0.824,
"TUR","FORESTRESOURCE","USEINTENSITY","RT","A","1990",0.517,
"TUR","FORESTRESOURCE","USEINTENSITY","RT","A","1995",0.435,
"TUR","FORESTRESOURCE","USEINTENSITY","RT","A","2009",0.516,
"TUR","FORESTRESOURCE","USEINTENSITY","RT","A","2010",0.404,
"TUR","FORESTRESOURCE","USEINTENSITY","RT","A","2011",0.418,
"TUR","FORESTRESOURCE","USEINTENSITY","RT","A","2012",0.424,
"TUR","FORESTRESOURCE","USEINTENSITY","RT","A","2013",0.417,
"TUR","FORESTRESOURCE","USEINTENSITY","RT","A","2014",0.431,
"TUR","FORESTRESOURCE","TREEFELLING","THND_M3","A","1970",20812,
"TUR","FORESTRESOURCE","TREEFELLING","THND_M3","A","1980",24911,
"TUR","FORESTRESOURCE","TREEFELLING","THND_M3","A","1990",16448,
"TUR","FORESTRESOURCE","TREEFELLING","THND_M3","A","1995",14902,
"TUR","FORESTRESOURCE","TREEFELLING","THND_M3","A","2000",12880,
"TUR","FORESTRESOURCE","TREEFELLING","THND_M3","A","2005",14107,
"TUR","FORESTRESOURCE","TREEFELLING","THND_M3","A","2009",18736,
"TUR","FORESTRESOURCE","TREEFELLING","THND_M3","A","2010",16424,
"TUR","FORESTRESOURCE","TREEFELLING","THND_M3","A","2011",17216,
"TUR","FORESTRESOURCE","TREEFELLING","THND_M3","A","2012",17893,
"TUR","FORESTRESOURCE","TREEFELLING","THND_M3","A","2013",17886,
"TUR","FORESTRESOURCE","TREEFELLING","THND_M3","A","2014",19276,
"GBR","FORESTRESOURCE","USEINTENSITY","RT","A","1970",0.351,
"GBR","FORESTRESOURCE","USEINTENSITY","RT","A","1980",0.319,
"GBR","FORESTRESOURCE","USEINTENSITY","RT","A","1990",0.409,
"GBR","FORESTRESOURCE","USEINTENSITY","RT","A","1995",0.451,
"GBR","FORESTRESOURCE","USEINTENSITY","RT","A","2000",0.459,
"GBR","FORESTRESOURCE","USEINTENSITY","RT","A","2005",0.48,
"GBR","FORESTRESOURCE","USEINTENSITY","RT","A","2010",0.505,
"GBR","FORESTRESOURCE","TREEFELLING","THND_M3","A","1970",4280,
"GBR","FORESTRESOURCE","TREEFELLING","THND_M3","A","1980",5070,
"GBR","FORESTRESOURCE","TREEFELLING","THND_M3","A","1990",7890,
"GBR","FORESTRESOURCE","TREEFELLING","THND_M3","A","1995",9503,
"GBR","FORESTRESOURCE","TREEFELLING","THND_M3","A","2000",9678,
"GBR","FORESTRESOURCE","TREEFELLING","THND_M3","A","2005",10551,
"GBR","FORESTRESOURCE","TREEFELLING","THND_M3","A","2010",11683,
"USA","FORESTRESOURCE","USEINTENSITY","RT","A","1950",0.776,
"USA","FORESTRESOURCE","USEINTENSITY","RT","A","1960",0.629,
"USA","FORESTRESOURCE","USEINTENSITY","RT","A","1970",0.725,
"USA","FORESTRESOURCE","USEINTENSITY","RT","A","1980",0.675,"E"
"USA","FORESTRESOURCE","USEINTENSITY","RT","A","1981",0.65,
"USA","FORESTRESOURCE","USEINTENSITY","RT","A","1982",0.672,
"USA","FORESTRESOURCE","USEINTENSITY","RT","A","1983",0.732,
"USA","FORESTRESOURCE","USEINTENSITY","RT","A","1984",0.761,
"USA","FORESTRESOURCE","USEINTENSITY","RT","A","1985",0.751,
"USA","FORESTRESOURCE","USEINTENSITY","RT","A","1986",0.806,
"USA","FORESTRESOURCE","USEINTENSITY","RT","A","1987",0.819,
"USA","FORESTRESOURCE","USEINTENSITY","RT","A","1989",0.838,
"USA","FORESTRESOURCE","USEINTENSITY","RT","A","1990",0.841,
"USA","FORESTRESOURCE","USEINTENSITY","RT","A","1991",0.864,
"USA","FORESTRESOURCE","USEINTENSITY","RT","A","1992",0.814,
"USA","FORESTRESOURCE","USEINTENSITY","RT","A","1993",0.768,
"USA","FORESTRESOURCE","USEINTENSITY","RT","A","1994",0.754,
"USA","FORESTRESOURCE","USEINTENSITY","RT","A","1995",0.751,
"USA","FORESTRESOURCE","USEINTENSITY","RT","A","1996",0.723,
"USA","FORESTRESOURCE","USEINTENSITY","RT","A","1997",0.724,
"USA","FORESTRESOURCE","USEINTENSITY","RT","A","1998",0.715,
"USA","FORESTRESOURCE","USEINTENSITY","RT","A","1999",0.714,
"USA","FORESTRESOURCE","USEINTENSITY","RT","A","2000",0.729,
"USA","FORESTRESOURCE","USEINTENSITY","RT","A","2001",0.697,
"USA","FORESTRESOURCE","USEINTENSITY","RT","A","2002",0.656,
"USA","FORESTRESOURCE","USEINTENSITY","RT","A","2003",0.626,
"USA","FORESTRESOURCE","USEINTENSITY","RT","A","2004",0.636,
"USA","FORESTRESOURCE","USEINTENSITY","RT","A","2005",0.623,
"USA","FORESTRESOURCE","USEINTENSITY","RT","A","2006",0.595,
"USA","FORESTRESOURCE","USEINTENSITY","RT","A","2007",0.568,
"USA","FORESTRESOURCE","USEINTENSITY","RT","A","2008",0.491,
"USA","FORESTRESOURCE","USEINTENSITY","RT","A","2009",0.447,
"USA","FORESTRESOURCE","USEINTENSITY","RT","A","2010",0.455,
"USA","FORESTRESOURCE","USEINTENSITY","RT","A","2011",0.473,
"CHL","FORESTRESOURCE","USEINTENSITY","RT","A","1950",1.833,
"CHL","FORESTRESOURCE","USEINTENSITY","RT","A","1990",0.3,
"CHL","FORESTRESOURCE","USEINTENSITY","RT","A","2000",0.449,
"CHL","FORESTRESOURCE","USEINTENSITY","RT","A","2005",0.531,
"CHL","FORESTRESOURCE","USEINTENSITY","RT","A","2009",0.576,
"CHL","FORESTRESOURCE","USEINTENSITY","RT","A","2012",0.622,
"CHL","FORESTRESOURCE","USEINTENSITY","RT","A","2013",0.577,
"CHL","FORESTRESOURCE","USEINTENSITY","RT","A","2014",0.535,
"CHL","FORESTRESOURCE","TREEFELLING","THND_M3","A","1950",37865.4,
"CHL","FORESTRESOURCE","TREEFELLING","THND_M3","A","1990",22999.38,
"CHL","FORESTRESOURCE","TREEFELLING","THND_M3","A","2000",35892.04,
"CHL","FORESTRESOURCE","TREEFELLING","THND_M3","A","2005",45707.22,
"CHL","FORESTRESOURCE","TREEFELLING","THND_M3","A","2009",52696.44,
"CHL","FORESTRESOURCE","TREEFELLING","THND_M3","A","2012",59659,
"CHL","FORESTRESOURCE","TREEFELLING","THND_M3","A","2013",54400,
"CHL","FORESTRESOURCE","TREEFELLING","THND_M3","A","2014",51907,
"EST","FORESTRESOURCE","USEINTENSITY","RT","A","1950",0.464,
"EST","FORESTRESOURCE","USEINTENSITY","RT","A","1970",0.408,
"EST","FORESTRESOURCE","USEINTENSITY","RT","A","1980",0.404,
"EST","FORESTRESOURCE","USEINTENSITY","RT","A","1990",0.426,
"EST","FORESTRESOURCE","USEINTENSITY","RT","A","1995",0.588,
"EST","FORESTRESOURCE","USEINTENSITY","RT","A","1999",,"B"
"EST","FORESTRESOURCE","USEINTENSITY","RT","A","2000",1.137,"B"
"EST","FORESTRESOURCE","USEINTENSITY","RT","A","2001",1.034,
"EST","FORESTRESOURCE","USEINTENSITY","RT","A","2002",1.018,
"EST","FORESTRESOURCE","USEINTENSITY","RT","A","2003",0.839,
"EST","FORESTRESOURCE","USEINTENSITY","RT","A","2004",0.597,
"EST","FORESTRESOURCE","USEINTENSITY","RT","A","2005",0.573,
"EST","FORESTRESOURCE","USEINTENSITY","RT","A","2006",0.477,
"EST","FORESTRESOURCE","USEINTENSITY","RT","A","2007",0.47,
"EST","FORESTRESOURCE","USEINTENSITY","RT","A","2008",0.519,
"EST","FORESTRESOURCE","USEINTENSITY","RT","A","2009",0.582,
"EST","FORESTRESOURCE","USEINTENSITY","RT","A","2010",0.749,
"EST","FORESTRESOURCE","USEINTENSITY","RT","A","2011",0.715,
"EST","FORESTRESOURCE","USEINTENSITY","RT","A","2012",0.644,
"EST","FORESTRESOURCE","USEINTENSITY","RT","A","2013",0.812,
"EST","FORESTRESOURCE","USEINTENSITY","RT","A","2014",0.908,
"EST","FORESTRESOURCE","TREEFELLING","THND_M3","A","1950",3281,
"EST","FORESTRESOURCE","TREEFELLING","THND_M3","A","1970",3376,
"EST","FORESTRESOURCE","TREEFELLING","THND_M3","A","1980",3590,
"EST","FORESTRESOURCE","TREEFELLING","THND_M3","A","1990",3770,
"EST","FORESTRESOURCE","TREEFELLING","THND_M3","A","1991",4330.353,
"EST","FORESTRESOURCE","TREEFELLING","THND_M3","A","1992",3009.721,
"EST","FORESTRESOURCE","TREEFELLING","THND_M3","A","1993",3415.292,
"EST","FORESTRESOURCE","TREEFELLING","THND_M3","A","1994",5085.519,
"EST","FORESTRESOURCE","TREEFELLING","THND_M3","A","1995",5587.179,
"EST","FORESTRESOURCE","TREEFELLING","THND_M3","A","1996",6189.383,
"EST","FORESTRESOURCE","TREEFELLING","THND_M3","A","1997",9033.464,
"EST","FORESTRESOURCE","TREEFELLING","THND_M3","A","1998",9811.156,
"EST","FORESTRESOURCE","TREEFELLING","THND_M3","A","1999",12517,"B"
"EST","FORESTRESOURCE","TREEFELLING","THND_M3","A","2000",12746,
"EST","FORESTRESOURCE","TREEFELLING","THND_M3","A","2001",11973,
"EST","FORESTRESOURCE","TREEFELLING","THND_M3","A","2002",11525,
"EST","FORESTRESOURCE","TREEFELLING","THND_M3","A","2003",9717,
"EST","FORESTRESOURCE","TREEFELLING","THND_M3","A","2004",6858,
"EST","FORESTRESOURCE","TREEFELLING","THND_M3","A","2005",6316,
"EST","FORESTRESOURCE","TREEFELLING","THND_M3","A","2006",5197,
"EST","FORESTRESOURCE","TREEFELLING","THND_M3","A","2007",5223,
"EST","FORESTRESOURCE","TREEFELLING","THND_M3","A","2008",5898,
"EST","FORESTRESOURCE","TREEFELLING","THND_M3","A","2009",6585,
"EST","FORESTRESOURCE","TREEFELLING","THND_M3","A","2010",8425,
"EST","FORESTRESOURCE","TREEFELLING","THND_M3","A","2011",8153,
"EST","FORESTRESOURCE","TREEFELLING","THND_M3","A","2012",7410,
"EST","FORESTRESOURCE","TREEFELLING","THND_M3","A","2013",9401.703,
"EST","FORESTRESOURCE","TREEFELLING","THND_M3","A","2014",10437.697,
"RUS","FORESTRESOURCE","TREEFELLING","THND_M3","A","2000",86489,
"RUS","FORESTRESOURCE","TREEFELLING","THND_M3","A","2001",89287,
"RUS","FORESTRESOURCE","TREEFELLING","THND_M3","A","2002",94656,
"RUS","FORESTRESOURCE","TREEFELLING","THND_M3","A","2003",111915,
"RUS","FORESTRESOURCE","TREEFELLING","THND_M3","A","2004",121516,
"RUS","FORESTRESOURCE","TREEFELLING","THND_M3","A","2005",124224,
"RUS","FORESTRESOURCE","TREEFELLING","THND_M3","A","2006",125427,
"RUS","FORESTRESOURCE","TREEFELLING","THND_M3","A","2007",142177,
"RUS","FORESTRESOURCE","TREEFELLING","THND_M3","A","2008",113128,
"RUS","FORESTRESOURCE","TREEFELLING","THND_M3","A","2009",100059,
"RUS","FORESTRESOURCE","TREEFELLING","THND_M3","A","2010",112163,
"SVN","FORESTRESOURCE","USEINTENSITY","RT","A","1970",0.696,
"SVN","FORESTRESOURCE","USEINTENSITY","RT","A","1980",0.638,
"SVN","FORESTRESOURCE","USEINTENSITY","RT","A","1990",0.459,
"SVN","FORESTRESOURCE","USEINTENSITY","RT","A","2000",0.244,
"SVN","FORESTRESOURCE","USEINTENSITY","RT","A","2005",0.293,
"SVN","FORESTRESOURCE","USEINTENSITY","RT","A","2006",0.345,
"SVN","FORESTRESOURCE","USEINTENSITY","RT","A","2007",0.3,
"SVN","FORESTRESOURCE","USEINTENSITY","RT","A","2008",0.317,
"SVN","FORESTRESOURCE","USEINTENSITY","RT","A","2009",0.311,
"SVN","FORESTRESOURCE","TREEFELLING","THND_M3","A","1970",2887,
"SVN","FORESTRESOURCE","TREEFELLING","THND_M3","A","1980",3141,
"SVN","FORESTRESOURCE","TREEFELLING","THND_M3","A","1990",2435,
"SVN","FORESTRESOURCE","TREEFELLING","THND_M3","A","2000",2609,
"SVN","FORESTRESOURCE","TREEFELLING","THND_M3","A","2005",3153,
"SVN","FORESTRESOURCE","TREEFELLING","THND_M3","A","2006",3718,
"SVN","FORESTRESOURCE","TREEFELLING","THND_M3","A","2007",3242,
"SVN","FORESTRESOURCE","TREEFELLING","THND_M3","A","2008",3427,
"SVN","FORESTRESOURCE","TREEFELLING","THND_M3","A","2009",3374,
"ESP","FORESTRESOURCE","USEINTENSITY","RT","A","1990",0.59,
"ESP","FORESTRESOURCE","USEINTENSITY","RT","A","2000",0.502,
"ESP","FORESTRESOURCE","USEINTENSITY","RT","A","2005",0.49,
"ESP","FORESTRESOURCE","USEINTENSITY","RT","A","2010",0.53,
"ESP","FORESTRESOURCE","GROSSINCREASE","THND_M3","A","1990",30088.557,
"ESP","FORESTRESOURCE","GROSSINCREASE","THND_M3","A","2000",33641.608,
"ESP","FORESTRESOURCE","GROSSINCREASE","THND_M3","A","2005",35418.134,
"ESP","FORESTRESOURCE","GROSSINCREASE","THND_M3","A","2010",37194.659,
"LVA","FORESTRESOURCE","USEINTENSITY","RT","A","2005",0.559,
"LVA","FORESTRESOURCE","USEINTENSITY","RT","A","2006",0.559,
"LVA","FORESTRESOURCE","USEINTENSITY","RT","A","2007",0.539,
"LVA","FORESTRESOURCE","USEINTENSITY","RT","A","2008",0.401,
"LVA","FORESTRESOURCE","USEINTENSITY","RT","A","2009",0.466,
"LVA","FORESTRESOURCE","USEINTENSITY","RT","A","2010",0.539,
"LVA","FORESTRESOURCE","USEINTENSITY","RT","A","2011",0.563,
"LVA","FORESTRESOURCE","USEINTENSITY","RT","A","2012",0.538,
"LVA","FORESTRESOURCE","USEINTENSITY","RT","A","2013",0.523,
"LVA","FORESTRESOURCE","USEINTENSITY","RT","A","2014",0.55,
"LVA","FORESTRESOURCE","USEINTENSITY","RT","A","2015",0.541,
"LVA","FORESTRESOURCE","GROSSINCREASE","THND_M3","A","2005",25280,
"LVA","FORESTRESOURCE","GROSSINCREASE","THND_M3","A","2006",25280,
"LVA","FORESTRESOURCE","GROSSINCREASE","THND_M3","A","2007",25280,
"LVA","FORESTRESOURCE","GROSSINCREASE","THND_M3","A","2008",25280,
"LVA","FORESTRESOURCE","GROSSINCREASE","THND_M3","A","2009",25280,
"LVA","FORESTRESOURCE","GROSSINCREASE","THND_M3","A","2010",25770,
"LVA","FORESTRESOURCE","GROSSINCREASE","THND_M3","A","2011",25770,
"LVA","FORESTRESOURCE","GROSSINCREASE","THND_M3","A","2012",25770,
"LVA","FORESTRESOURCE","GROSSINCREASE","THND_M3","A","2013",25770,
"LVA","FORESTRESOURCE","GROSSINCREASE","THND_M3","A","2014",25770,
"LVA","FORESTRESOURCE","GROSSINCREASE","THND_M3","A","2015",25770,
"LVA","FORESTRESOURCE","TREEFELLING","THND_M3","A","2000",15734.4,
"LVA","FORESTRESOURCE","TREEFELLING","THND_M3","A","2001",14125.1,
"LVA","FORESTRESOURCE","TREEFELLING","THND_M3","A","2002",14812.6,
"LVA","FORESTRESOURCE","TREEFELLING","THND_M3","A","2003",14207.391,
"LVA","FORESTRESOURCE","TREEFELLING","THND_M3","A","2004",14029.4,
"LVA","FORESTRESOURCE","TREEFELLING","THND_M3","A","2005",14126.97,
"LVA","FORESTRESOURCE","TREEFELLING","THND_M3","A","2006",14129.06,
"LVA","FORESTRESOURCE","TREEFELLING","THND_M3","A","2007",13633.648,
"LVA","FORESTRESOURCE","TREEFELLING","THND_M3","A","2008",10135.716,
"LVA","FORESTRESOURCE","TREEFELLING","THND_M3","A","2009",11787.073,
"LVA","FORESTRESOURCE","TREEFELLING","THND_M3","A","2010",13879.072,
"LVA","FORESTRESOURCE","TREEFELLING","THND_M3","A","2011",14499.83,
"LVA","FORESTRESOURCE","TREEFELLING","THND_M3","A","2012",13852.926,
"LVA","FORESTRESOURCE","TREEFELLING","THND_M3","A","2013",13466.145,
"LVA","FORESTRESOURCE","TREEFELLING","THND_M3","A","2014",14173.879,
"LVA","FORESTRESOURCE","TREEFELLING","THND_M3","A","2015",13928.729,
"LTU","FORESTRESOURCE","USEINTENSITY","RT","A","2007",0.706,
"LTU","FORESTRESOURCE","USEINTENSITY","RT","A","2008",0.701,
"LTU","FORESTRESOURCE","USEINTENSITY","RT","A","2009",0.66,
"LTU","FORESTRESOURCE","USEINTENSITY","RT","A","2010",0.602,
"LTU","FORESTRESOURCE","USEINTENSITY","RT","A","2011",0.566,
"LTU","FORESTRESOURCE","USEINTENSITY","RT","A","2012",0.552,
"LTU","FORESTRESOURCE","USEINTENSITY","RT","A","2013",0.546,
"LTU","FORESTRESOURCE","USEINTENSITY","RT","A","2014",0.565,
"LTU","FORESTRESOURCE","USEINTENSITY","RT","A","2015",0.568,
"LTU","FORESTRESOURCE","GROSSINCREASE","THND_M3","A","2007",13770,
"LTU","FORESTRESOURCE","GROSSINCREASE","THND_M3","A","2008",13760,
"LTU","FORESTRESOURCE","GROSSINCREASE","THND_M3","A","2009",14020,
"LTU","FORESTRESOURCE","GROSSINCREASE","THND_M3","A","2010",14360,
"LTU","FORESTRESOURCE","GROSSINCREASE","THND_M3","A","2011",14890,
"LTU","FORESTRESOURCE","GROSSINCREASE","THND_M3","A","2012",15440,
"LTU","FORESTRESOURCE","GROSSINCREASE","THND_M3","A","2013",15750,
"LTU","FORESTRESOURCE","GROSSINCREASE","THND_M3","A","2014",16260,
"LTU","FORESTRESOURCE","GROSSINCREASE","THND_M3","A","2015",16800,
"LTU","FORESTRESOURCE","TREEFELLING","THND_M3","A","2007",9720,
"LTU","FORESTRESOURCE","TREEFELLING","THND_M3","A","2008",9650,
"LTU","FORESTRESOURCE","TREEFELLING","THND_M3","A","2009",9250,
"LTU","FORESTRESOURCE","TREEFELLING","THND_M3","A","2010",8640,
"LTU","FORESTRESOURCE","TREEFELLING","THND_M3","A","2011",8430,
"LTU","FORESTRESOURCE","TREEFELLING","THND_M3","A","2012",8530,
"LTU","FORESTRESOURCE","TREEFELLING","THND_M3","A","2013",8600,
"LTU","FORESTRESOURCE","TREEFELLING","THND_M3","A","2014",9180,
"LTU","FORESTRESOURCE","TREEFELLING","THND_M3","A","2015",9550,
"CRI","FORESTRESOURCE","TREEFELLING","THND_M3","A","1990",413.4,
"CRI","FORESTRESOURCE","TREEFELLING","THND_M3","A","1995",615.6,
"CRI","FORESTRESOURCE","TREEFELLING","THND_M3","A","2000",205,
"CRI","FORESTRESOURCE","TREEFELLING","THND_M3","A","2005",582.5,
"CRI","FORESTRESOURCE","TREEFELLING","THND_M3","A","2006",703.7,
"CRI","FORESTRESOURCE","TREEFELLING","THND_M3","A","2007",538.3,
"CRI","FORESTRESOURCE","TREEFELLING","THND_M3","A","2008",576,
"CRI","FORESTRESOURCE","TREEFELLING","THND_M3","A","2009",490.5,
"CRI","FORESTRESOURCE","TREEFELLING","THND_M3","A","2010",351.1,
"CRI","FORESTRESOURCE","TREEFELLING","THND_M3","A","2011",454.5,
"CRI","FORESTRESOURCE","TREEFELLING","THND_M3","A","2012",510,
"CRI","FORESTRESOURCE","TREEFELLING","THND_M3","A","2013",479.3,
"CRI","FORESTRESOURCE","TREEFELLING","THND_M3","A","2014",542.2,
"CRI","FORESTRESOURCE","TREEFELLING","THND_M3","A","2015",588.4,
