﻿"LOCATION","INDICATOR","SUBJECT","MEASURE","FREQUENCY","TIME","Value","Flag Codes"
"FRA","BANKLEVERAGE","TOT","PC_NVA","A","1995",17.65693,
"FRA","BANKLEVERAGE","TOT","PC_NVA","A","1996",17.57888,
"FRA","BANKLEVERAGE","TOT","PC_NVA","A","1997",13.27477,
"FRA","BANKLEVERAGE","TOT","PC_NVA","A","1998",15.41549,
"FRA","BANKLEVERAGE","TOT","PC_NVA","A","1999",11.10554,
"FRA","BANKLEVERAGE","TOT","PC_NVA","A","2000",10.67188,
"FRA","BANKLEVERAGE","TOT","PC_NVA","A","2001",10.98535,
"FRA","BANKLEVERAGE","TOT","PC_NVA","A","2002",12.00224,
"FRA","BANKLEVERAGE","TOT","PC_NVA","A","2003",11.35857,
"FRA","BANKLEVERAGE","TOT","PC_NVA","A","2004",10.47444,
"FRA","BANKLEVERAGE","TOT","PC_NVA","A","2005",10.23309,
"FRA","BANKLEVERAGE","TOT","PC_NVA","A","2006",9.407533,
"FRA","BANKLEVERAGE","TOT","PC_NVA","A","2007",12.8476,
"FRA","BANKLEVERAGE","TOT","PC_NVA","A","2008",22.02359,
"FRA","BANKLEVERAGE","TOT","PC_NVA","A","2009",15.1363,
"FRA","BANKLEVERAGE","TOT","PC_NVA","A","2010",15.10172,
"FRA","BANKLEVERAGE","TOT","PC_NVA","A","2011",20.20707,
"FRA","BANKLEVERAGE","TOT","PC_NVA","A","2012",17.05494,
"FRA","BANKLEVERAGE","TOT","PC_NVA","A","2013",14.79511,
"FRA","BANKLEVERAGE","TOT","PC_NVA","A","2014",15.67407,
"FRA","BANKLEVERAGE","TOT","PC_NVA","A","2015",14.71195,
"SWE","BANKLEVERAGE","TOT","PC_NVA","A","1995",10.65656,
"SWE","BANKLEVERAGE","TOT","PC_NVA","A","1996",8.347501,
"SWE","BANKLEVERAGE","TOT","PC_NVA","A","1997",8.082774,
"SWE","BANKLEVERAGE","TOT","PC_NVA","A","1998",7.907119,
"SWE","BANKLEVERAGE","TOT","PC_NVA","A","1999",8.10002,
"SWE","BANKLEVERAGE","TOT","PC_NVA","A","2000",7.457773,
"SWE","BANKLEVERAGE","TOT","PC_NVA","A","2001",6.036363,
"SWE","BANKLEVERAGE","TOT","PC_NVA","A","2002",7.554349,
"SWE","BANKLEVERAGE","TOT","PC_NVA","A","2003",6.536282,
"SWE","BANKLEVERAGE","TOT","PC_NVA","A","2004",6.784394,
"SWE","BANKLEVERAGE","TOT","PC_NVA","A","2005",6.854111,
"SWE","BANKLEVERAGE","TOT","PC_NVA","A","2006",6.810946,
"SWE","BANKLEVERAGE","TOT","PC_NVA","A","2007",8.339669,
"SWE","BANKLEVERAGE","TOT","PC_NVA","A","2008",16.35021,
"SWE","BANKLEVERAGE","TOT","PC_NVA","A","2009",10.26658,
"SWE","BANKLEVERAGE","TOT","PC_NVA","A","2010",8.912723,
"SWE","BANKLEVERAGE","TOT","PC_NVA","A","2011",10.24536,
"SWE","BANKLEVERAGE","TOT","PC_NVA","A","2012",8.9036,
"SWE","BANKLEVERAGE","TOT","PC_NVA","A","2013",7.526602,
"SWE","BANKLEVERAGE","TOT","PC_NVA","A","2014",7.239296,
"SWE","BANKLEVERAGE","TOT","PC_NVA","A","2015",7.775851,
"SWE","BANKLEVERAGE","TOT","PC_NVA","A","2016",7.540836,
"NOR","BANKLEVERAGE","TOT","PC_NVA","A","1995",13.91419,
"NOR","BANKLEVERAGE","TOT","PC_NVA","A","1996",13.75953,
"NOR","BANKLEVERAGE","TOT","PC_NVA","A","1997",11.15713,
"NOR","BANKLEVERAGE","TOT","PC_NVA","A","1998",10.62462,
"NOR","BANKLEVERAGE","TOT","PC_NVA","A","1999",11.29575,
"NOR","BANKLEVERAGE","TOT","PC_NVA","A","2000",14.12425,
"NOR","BANKLEVERAGE","TOT","PC_NVA","A","2001",16.09764,
"NOR","BANKLEVERAGE","TOT","PC_NVA","A","2002",18.59362,
"NOR","BANKLEVERAGE","TOT","PC_NVA","A","2003",18.0607,
"NOR","BANKLEVERAGE","TOT","PC_NVA","A","2004",16.7381,
"NOR","BANKLEVERAGE","TOT","PC_NVA","A","2005",16.65014,
"NOR","BANKLEVERAGE","TOT","PC_NVA","A","2006",18.91349,
"NOR","BANKLEVERAGE","TOT","PC_NVA","A","2007",23.64248,
"NOR","BANKLEVERAGE","TOT","PC_NVA","A","2008",29.85074,
"NOR","BANKLEVERAGE","TOT","PC_NVA","A","2009",26.26054,
"NOR","BANKLEVERAGE","TOT","PC_NVA","A","2010",23.18548,
"NOR","BANKLEVERAGE","TOT","PC_NVA","A","2011",22.98774,
"NOR","BANKLEVERAGE","TOT","PC_NVA","A","2012",16.84006,
"NOR","BANKLEVERAGE","TOT","PC_NVA","A","2013",13.43667,
"NOR","BANKLEVERAGE","TOT","PC_NVA","A","2014",11.82963,
"NOR","BANKLEVERAGE","TOT","PC_NVA","A","2015",10.05237,
"NOR","BANKLEVERAGE","TOT","PC_NVA","A","2016",10.11059,
"CHL","BANKLEVERAGE","TOT","PC_NVA","A","2003",9.13773,
"CHL","BANKLEVERAGE","TOT","PC_NVA","A","2004",8.13727,
"CHL","BANKLEVERAGE","TOT","PC_NVA","A","2005",9.823521,
"CHL","BANKLEVERAGE","TOT","PC_NVA","A","2006",8.413556,
"CHL","BANKLEVERAGE","TOT","PC_NVA","A","2007",9.730195,
"CHL","BANKLEVERAGE","TOT","PC_NVA","A","2008",11.01671,
"CHL","BANKLEVERAGE","TOT","PC_NVA","A","2009",9.802941,
"CHL","BANKLEVERAGE","TOT","PC_NVA","A","2010",6.285791,
"CHL","BANKLEVERAGE","TOT","PC_NVA","A","2011",7.764956,
"CHL","BANKLEVERAGE","TOT","PC_NVA","A","2012",8.459912,
"CHL","BANKLEVERAGE","TOT","PC_NVA","A","2013",8.897172,
"CHL","BANKLEVERAGE","TOT","PC_NVA","A","2014",9.998763,
"CHL","BANKLEVERAGE","TOT","PC_NVA","A","2015",10.12797,
"CHL","BANKLEVERAGE","TOT","PC_NVA","A","2016",11.08314,
"FIN","BANKLEVERAGE","TOT","PC_NVA","A","1995",26.74827,
"FIN","BANKLEVERAGE","TOT","PC_NVA","A","1996",29.28422,
"FIN","BANKLEVERAGE","TOT","PC_NVA","A","1997",26.16905,
"FIN","BANKLEVERAGE","TOT","PC_NVA","A","1998",18.90978,
"FIN","BANKLEVERAGE","TOT","PC_NVA","A","1999",16.26002,
"FIN","BANKLEVERAGE","TOT","PC_NVA","A","2000",14.58389,
"FIN","BANKLEVERAGE","TOT","PC_NVA","A","2001",9.443021,
"FIN","BANKLEVERAGE","TOT","PC_NVA","A","2002",10.28326,
"FIN","BANKLEVERAGE","TOT","PC_NVA","A","2003",9.740233,
"FIN","BANKLEVERAGE","TOT","PC_NVA","A","2004",10.59305,
"FIN","BANKLEVERAGE","TOT","PC_NVA","A","2005",10.01424,
"FIN","BANKLEVERAGE","TOT","PC_NVA","A","2006",10.15582,
"FIN","BANKLEVERAGE","TOT","PC_NVA","A","2007",11.86376,
"FIN","BANKLEVERAGE","TOT","PC_NVA","A","2008",13.35213,
"FIN","BANKLEVERAGE","TOT","PC_NVA","A","2009",13.11642,
"FIN","BANKLEVERAGE","TOT","PC_NVA","A","2010",15.01045,
"FIN","BANKLEVERAGE","TOT","PC_NVA","A","2011",19.80869,
"FIN","BANKLEVERAGE","TOT","PC_NVA","A","2012",20.09141,
"FIN","BANKLEVERAGE","TOT","PC_NVA","A","2013",16.03393,
"FIN","BANKLEVERAGE","TOT","PC_NVA","A","2014",17.65573,
"FIN","BANKLEVERAGE","TOT","PC_NVA","A","2015",15.68896,
"FIN","BANKLEVERAGE","TOT","PC_NVA","A","2016",14.90454,
"BEL","BANKLEVERAGE","TOT","PC_NVA","A","1995",18.43039,
"BEL","BANKLEVERAGE","TOT","PC_NVA","A","1996",21.45782,
"BEL","BANKLEVERAGE","TOT","PC_NVA","A","1997",17.57764,
"BEL","BANKLEVERAGE","TOT","PC_NVA","A","1998",11.76729,
"BEL","BANKLEVERAGE","TOT","PC_NVA","A","1999",16.47764,
"BEL","BANKLEVERAGE","TOT","PC_NVA","A","2000",14.38205,
"BEL","BANKLEVERAGE","TOT","PC_NVA","A","2001",12.83413,
"BEL","BANKLEVERAGE","TOT","PC_NVA","A","2002",17.06304,
"BEL","BANKLEVERAGE","TOT","PC_NVA","A","2003",17.66629,
"BEL","BANKLEVERAGE","TOT","PC_NVA","A","2004",15.3621,
"BEL","BANKLEVERAGE","TOT","PC_NVA","A","2005",14.56648,
"BEL","BANKLEVERAGE","TOT","PC_NVA","A","2006",13.16845,
"BEL","BANKLEVERAGE","TOT","PC_NVA","A","2007",13.26329,
"BEL","BANKLEVERAGE","TOT","PC_NVA","A","2008",24.3486,
"BEL","BANKLEVERAGE","TOT","PC_NVA","A","2009",18.71606,
"BEL","BANKLEVERAGE","TOT","PC_NVA","A","2010",15.91409,
"BEL","BANKLEVERAGE","TOT","PC_NVA","A","2011",17.54724,
"BEL","BANKLEVERAGE","TOT","PC_NVA","A","2012",13.98011,
"BEL","BANKLEVERAGE","TOT","PC_NVA","A","2013",12.83602,
"BEL","BANKLEVERAGE","TOT","PC_NVA","A","2014",12.1917,
"BEL","BANKLEVERAGE","TOT","PC_NVA","A","2015",12.42518,
"BEL","BANKLEVERAGE","TOT","PC_NVA","A","2016",12.22704,
"KOR","BANKLEVERAGE","TOT","PC_NVA","A","2008",24.03458,
"KOR","BANKLEVERAGE","TOT","PC_NVA","A","2009",18.21212,
"KOR","BANKLEVERAGE","TOT","PC_NVA","A","2010",17.18837,
"KOR","BANKLEVERAGE","TOT","PC_NVA","A","2011",17.48495,
"KOR","BANKLEVERAGE","TOT","PC_NVA","A","2012",15.60908,
"KOR","BANKLEVERAGE","TOT","PC_NVA","A","2013",15.23124,
"KOR","BANKLEVERAGE","TOT","PC_NVA","A","2014",17.2085,
"KOR","BANKLEVERAGE","TOT","PC_NVA","A","2015",17.86954,
"KOR","BANKLEVERAGE","TOT","PC_NVA","A","2016",17.97213,
"ESP","BANKLEVERAGE","TOT","PC_NVA","A","1995",14.2839,
"ESP","BANKLEVERAGE","TOT","PC_NVA","A","1996",11.89773,
"ESP","BANKLEVERAGE","TOT","PC_NVA","A","1997",7.785208,
"ESP","BANKLEVERAGE","TOT","PC_NVA","A","1998",6.990777,
"ESP","BANKLEVERAGE","TOT","PC_NVA","A","1999",6.591181,
"ESP","BANKLEVERAGE","TOT","PC_NVA","A","2000",6.284647,
"ESP","BANKLEVERAGE","TOT","PC_NVA","A","2001",7.58832,
"ESP","BANKLEVERAGE","TOT","PC_NVA","A","2002",10.68027,
"ESP","BANKLEVERAGE","TOT","PC_NVA","A","2003",9.84683,
"ESP","BANKLEVERAGE","TOT","PC_NVA","A","2004",9.4114,
"ESP","BANKLEVERAGE","TOT","PC_NVA","A","2005",9.466251,
"ESP","BANKLEVERAGE","TOT","PC_NVA","A","2006",8.508609,
"ESP","BANKLEVERAGE","TOT","PC_NVA","A","2007",10.2063,
"ESP","BANKLEVERAGE","TOT","PC_NVA","A","2008",18.42528,
"ESP","BANKLEVERAGE","TOT","PC_NVA","A","2009",13.42898,
"ESP","BANKLEVERAGE","TOT","PC_NVA","A","2010",16.14768,
"ESP","BANKLEVERAGE","TOT","PC_NVA","A","2011",15.51147,
"ESP","BANKLEVERAGE","TOT","PC_NVA","A","2012",16.7876,
"ESP","BANKLEVERAGE","TOT","PC_NVA","A","2013",11.51517,
"ESP","BANKLEVERAGE","TOT","PC_NVA","A","2014",9.617052,
"ESP","BANKLEVERAGE","TOT","PC_NVA","A","2015",10.92332,
"ESP","BANKLEVERAGE","TOT","PC_NVA","A","2016",10.88528,
"LUX","BANKLEVERAGE","TOT","PC_NVA","A","2002",35.98917,
"LUX","BANKLEVERAGE","TOT","PC_NVA","A","2003",26.03669,
"LUX","BANKLEVERAGE","TOT","PC_NVA","A","2004",26.01847,
"LUX","BANKLEVERAGE","TOT","PC_NVA","A","2005",27.89805,
"LUX","BANKLEVERAGE","TOT","PC_NVA","A","2006",26.5986,
"LUX","BANKLEVERAGE","TOT","PC_NVA","A","2007",28.28074,
"LUX","BANKLEVERAGE","TOT","PC_NVA","A","2008",32.61335,
"LUX","BANKLEVERAGE","TOT","PC_NVA","A","2009",24.52929,
"LUX","BANKLEVERAGE","TOT","PC_NVA","A","2010",23.60253,
"LUX","BANKLEVERAGE","TOT","PC_NVA","A","2011",25.59743,
"LUX","BANKLEVERAGE","TOT","PC_NVA","A","2012",21.34573,
"LUX","BANKLEVERAGE","TOT","PC_NVA","A","2013",19.35051,
"LUX","BANKLEVERAGE","TOT","PC_NVA","A","2014",18.25952,
"LUX","BANKLEVERAGE","TOT","PC_NVA","A","2015",20.21538,
"USA","BANKLEVERAGE","TOT","PC_NVA","A","1995",6.744943,
"USA","BANKLEVERAGE","TOT","PC_NVA","A","1996",5.783982,
"USA","BANKLEVERAGE","TOT","PC_NVA","A","1997",4.774205,
"USA","BANKLEVERAGE","TOT","PC_NVA","A","1998",5.009093,
"USA","BANKLEVERAGE","TOT","PC_NVA","A","1999",5.6628,
"USA","BANKLEVERAGE","TOT","PC_NVA","A","2000",5.531446,
"USA","BANKLEVERAGE","TOT","PC_NVA","A","2001",5.684287,
"USA","BANKLEVERAGE","TOT","PC_NVA","A","2002",5.818138,
"USA","BANKLEVERAGE","TOT","PC_NVA","A","2003",5.174244,
"USA","BANKLEVERAGE","TOT","PC_NVA","A","2004",4.575468,
"USA","BANKLEVERAGE","TOT","PC_NVA","A","2005",4.906584,
"USA","BANKLEVERAGE","TOT","PC_NVA","A","2006",4.73393,
"USA","BANKLEVERAGE","TOT","PC_NVA","A","2007",5.897294,
"USA","BANKLEVERAGE","TOT","PC_NVA","A","2008",8.234776,
"USA","BANKLEVERAGE","TOT","PC_NVA","A","2009",7.04098,
"USA","BANKLEVERAGE","TOT","PC_NVA","A","2010",6.764167,
"USA","BANKLEVERAGE","TOT","PC_NVA","A","2011",7.421124,
"USA","BANKLEVERAGE","TOT","PC_NVA","A","2012",6.647186,
"USA","BANKLEVERAGE","TOT","PC_NVA","A","2013",6.728819,
"USA","BANKLEVERAGE","TOT","PC_NVA","A","2014",6.651019,
"USA","BANKLEVERAGE","TOT","PC_NVA","A","2015",6.720043,
"USA","BANKLEVERAGE","TOT","PC_NVA","A","2016",6.299388,
"POL","BANKLEVERAGE","TOT","PC_NVA","A","2003",8.213585,
"POL","BANKLEVERAGE","TOT","PC_NVA","A","2004",5.470668,
"POL","BANKLEVERAGE","TOT","PC_NVA","A","2005",4.964723,
"POL","BANKLEVERAGE","TOT","PC_NVA","A","2006",4.033345,
"POL","BANKLEVERAGE","TOT","PC_NVA","A","2007",4.149288,
"POL","BANKLEVERAGE","TOT","PC_NVA","A","2008",8.297492,
"POL","BANKLEVERAGE","TOT","PC_NVA","A","2009",6.746097,
"POL","BANKLEVERAGE","TOT","PC_NVA","A","2010",6.536599,
"POL","BANKLEVERAGE","TOT","PC_NVA","A","2011",8.626375,
"POL","BANKLEVERAGE","TOT","PC_NVA","A","2012",7.172956,
"POL","BANKLEVERAGE","TOT","PC_NVA","A","2013",6.224886,
"POL","BANKLEVERAGE","TOT","PC_NVA","A","2014",6.80224,
"POL","BANKLEVERAGE","TOT","PC_NVA","A","2015",9.065686,
"POL","BANKLEVERAGE","TOT","PC_NVA","A","2016",9.707526,
"IRL","BANKLEVERAGE","TOT","PC_NVA","A","2001",10.13698,
"IRL","BANKLEVERAGE","TOT","PC_NVA","A","2002",11.51642,
"IRL","BANKLEVERAGE","TOT","PC_NVA","A","2003",11.79195,
"IRL","BANKLEVERAGE","TOT","PC_NVA","A","2004",12.41619,
"IRL","BANKLEVERAGE","TOT","PC_NVA","A","2005",13.91618,
"IRL","BANKLEVERAGE","TOT","PC_NVA","A","2006",14.62784,
"IRL","BANKLEVERAGE","TOT","PC_NVA","A","2007",17.58659,
"IRL","BANKLEVERAGE","TOT","PC_NVA","A","2008",26.77875,
"IRL","BANKLEVERAGE","TOT","PC_NVA","A","2009",19.14538,
"IRL","BANKLEVERAGE","TOT","PC_NVA","A","2010",17.91839,
"IRL","BANKLEVERAGE","TOT","PC_NVA","A","2011",12.38004,
"IRL","BANKLEVERAGE","TOT","PC_NVA","A","2012",10.63028,
"IRL","BANKLEVERAGE","TOT","PC_NVA","A","2013",8.172219,
"IRL","BANKLEVERAGE","TOT","PC_NVA","A","2014",8.658725,
"IRL","BANKLEVERAGE","TOT","PC_NVA","A","2015",15.86148,
"HUN","BANKLEVERAGE","TOT","PC_NVA","A","1995",22.6209,
"HUN","BANKLEVERAGE","TOT","PC_NVA","A","1996",17.85289,
"HUN","BANKLEVERAGE","TOT","PC_NVA","A","1997",13.02707,
"HUN","BANKLEVERAGE","TOT","PC_NVA","A","1998",12.75571,
"HUN","BANKLEVERAGE","TOT","PC_NVA","A","1999",13.22893,
"HUN","BANKLEVERAGE","TOT","PC_NVA","A","2000",12.76531,
"HUN","BANKLEVERAGE","TOT","PC_NVA","A","2001",12.08792,
"HUN","BANKLEVERAGE","TOT","PC_NVA","A","2002",10.07302,
"HUN","BANKLEVERAGE","TOT","PC_NVA","A","2003",8.561401,
"HUN","BANKLEVERAGE","TOT","PC_NVA","A","2004",7.084127,
"HUN","BANKLEVERAGE","TOT","PC_NVA","A","2005",6.978642,
"HUN","BANKLEVERAGE","TOT","PC_NVA","A","2006",6.64543,
"HUN","BANKLEVERAGE","TOT","PC_NVA","A","2007",7.610517,
"HUN","BANKLEVERAGE","TOT","PC_NVA","A","2008",13.6412,
"HUN","BANKLEVERAGE","TOT","PC_NVA","A","2009",11.06718,
"HUN","BANKLEVERAGE","TOT","PC_NVA","A","2010",11.88208,
"HUN","BANKLEVERAGE","TOT","PC_NVA","A","2011",12.17523,
"HUN","BANKLEVERAGE","TOT","PC_NVA","A","2012",12.41905,
"HUN","BANKLEVERAGE","TOT","PC_NVA","A","2013",12.77565,
"HUN","BANKLEVERAGE","TOT","PC_NVA","A","2014",14.16867,
"HUN","BANKLEVERAGE","TOT","PC_NVA","A","2015",11.27969,
"HUN","BANKLEVERAGE","TOT","PC_NVA","A","2016",8.707533,
"CAN","BANKLEVERAGE","TOT","PC_NVA","A","1995",9.957093,
"CAN","BANKLEVERAGE","TOT","PC_NVA","A","1996",7.728186,
"CAN","BANKLEVERAGE","TOT","PC_NVA","A","1997",6.234864,
"CAN","BANKLEVERAGE","TOT","PC_NVA","A","1998",6.101046,
"CAN","BANKLEVERAGE","TOT","PC_NVA","A","1999",6.150923,
"CAN","BANKLEVERAGE","TOT","PC_NVA","A","2000",4.857116,
"CAN","BANKLEVERAGE","TOT","PC_NVA","A","2001",5.015921,
"CAN","BANKLEVERAGE","TOT","PC_NVA","A","2002",5.098951,
"CAN","BANKLEVERAGE","TOT","PC_NVA","A","2003",4.85055,
"CAN","BANKLEVERAGE","TOT","PC_NVA","A","2004",4.932743,
"CAN","BANKLEVERAGE","TOT","PC_NVA","A","2005",4.593295,
"CAN","BANKLEVERAGE","TOT","PC_NVA","A","2006",4.299467,
"CAN","BANKLEVERAGE","TOT","PC_NVA","A","2007",4.975146,
"CAN","BANKLEVERAGE","TOT","PC_NVA","A","2008",6.54986,
"CAN","BANKLEVERAGE","TOT","PC_NVA","A","2009",5.031474,
"CAN","BANKLEVERAGE","TOT","PC_NVA","A","2010",4.999324,
"CAN","BANKLEVERAGE","TOT","PC_NVA","A","2011",5.67074,
"CAN","BANKLEVERAGE","TOT","PC_NVA","A","2012",5.641138,
"CAN","BANKLEVERAGE","TOT","PC_NVA","A","2013",5.165994,
"CAN","BANKLEVERAGE","TOT","PC_NVA","A","2014",5.026213,
"CAN","BANKLEVERAGE","TOT","PC_NVA","A","2015",5.441778,
"CAN","BANKLEVERAGE","TOT","PC_NVA","A","2016",4.826513,
"EST","BANKLEVERAGE","TOT","PC_NVA","A","1995",6.835068,
"EST","BANKLEVERAGE","TOT","PC_NVA","A","1996",3.518599,
"EST","BANKLEVERAGE","TOT","PC_NVA","A","1997",3.304177,
"EST","BANKLEVERAGE","TOT","PC_NVA","A","1998",5.952417,
"EST","BANKLEVERAGE","TOT","PC_NVA","A","1999",4.558984,
"EST","BANKLEVERAGE","TOT","PC_NVA","A","2000",4.230703,
"EST","BANKLEVERAGE","TOT","PC_NVA","A","2001",4.166928,
"EST","BANKLEVERAGE","TOT","PC_NVA","A","2002",3.497762,
"EST","BANKLEVERAGE","TOT","PC_NVA","A","2003",3.374784,
"EST","BANKLEVERAGE","TOT","PC_NVA","A","2004",2.658872,
"EST","BANKLEVERAGE","TOT","PC_NVA","A","2005",3.62882,
"EST","BANKLEVERAGE","TOT","PC_NVA","A","2006",8.122544,
"EST","BANKLEVERAGE","TOT","PC_NVA","A","2007",8.177951,
"EST","BANKLEVERAGE","TOT","PC_NVA","A","2008",7.364156,
"EST","BANKLEVERAGE","TOT","PC_NVA","A","2009",9.701184,
"EST","BANKLEVERAGE","TOT","PC_NVA","A","2010",8.500576,
"EST","BANKLEVERAGE","TOT","PC_NVA","A","2011",8.819788,
"EST","BANKLEVERAGE","TOT","PC_NVA","A","2012",8.145497,
"EST","BANKLEVERAGE","TOT","PC_NVA","A","2013",6.729383,
"EST","BANKLEVERAGE","TOT","PC_NVA","A","2014",7.088467,
"EST","BANKLEVERAGE","TOT","PC_NVA","A","2015",8.406349,
"AUT","BANKLEVERAGE","TOT","PC_NVA","A","1995",15.49237,
"AUT","BANKLEVERAGE","TOT","PC_NVA","A","1996",13.84038,
"AUT","BANKLEVERAGE","TOT","PC_NVA","A","1997",12.33398,
"AUT","BANKLEVERAGE","TOT","PC_NVA","A","1998",12.62724,
"AUT","BANKLEVERAGE","TOT","PC_NVA","A","1999",12.69104,
"AUT","BANKLEVERAGE","TOT","PC_NVA","A","2000",14.97738,
"AUT","BANKLEVERAGE","TOT","PC_NVA","A","2001",17.37123,
"AUT","BANKLEVERAGE","TOT","PC_NVA","A","2002",17.04871,
"AUT","BANKLEVERAGE","TOT","PC_NVA","A","2003",14.28631,
"AUT","BANKLEVERAGE","TOT","PC_NVA","A","2004",11.91635,
"AUT","BANKLEVERAGE","TOT","PC_NVA","A","2005",10.93738,
"AUT","BANKLEVERAGE","TOT","PC_NVA","A","2006",11.72833,
"AUT","BANKLEVERAGE","TOT","PC_NVA","A","2007",10.52811,
"AUT","BANKLEVERAGE","TOT","PC_NVA","A","2008",14.39075,
"AUT","BANKLEVERAGE","TOT","PC_NVA","A","2009",11.71147,
"AUT","BANKLEVERAGE","TOT","PC_NVA","A","2010",8.830268,
"AUT","BANKLEVERAGE","TOT","PC_NVA","A","2011",10.72419,
"AUT","BANKLEVERAGE","TOT","PC_NVA","A","2012",9.831889,
"AUT","BANKLEVERAGE","TOT","PC_NVA","A","2013",9.84791,
"AUT","BANKLEVERAGE","TOT","PC_NVA","A","2014",9.632191,
"AUT","BANKLEVERAGE","TOT","PC_NVA","A","2015",9.079061,
"SVK","BANKLEVERAGE","TOT","PC_NVA","A","1995",259.9394,
"SVK","BANKLEVERAGE","TOT","PC_NVA","A","1996",238.5671,
"SVK","BANKLEVERAGE","TOT","PC_NVA","A","1997",84.37377,
"SVK","BANKLEVERAGE","TOT","PC_NVA","A","1998",69.72677,
"SVK","BANKLEVERAGE","TOT","PC_NVA","A","1999",75.639,
"SVK","BANKLEVERAGE","TOT","PC_NVA","A","2000",75.2951,
"SVK","BANKLEVERAGE","TOT","PC_NVA","A","2001",81.85704,
"SVK","BANKLEVERAGE","TOT","PC_NVA","A","2002",53.8539,
"SVK","BANKLEVERAGE","TOT","PC_NVA","A","2003",44.59994,
"SVK","BANKLEVERAGE","TOT","PC_NVA","A","2004",42.89952,
"SVK","BANKLEVERAGE","TOT","PC_NVA","A","2005",589.0146,
"SVK","BANKLEVERAGE","TOT","PC_NVA","A","2006",573.877,
"SVK","BANKLEVERAGE","TOT","PC_NVA","A","2007",44.35557,
"SVK","BANKLEVERAGE","TOT","PC_NVA","A","2008",34.88725,
"SVK","BANKLEVERAGE","TOT","PC_NVA","A","2009",39.04887,
"SVK","BANKLEVERAGE","TOT","PC_NVA","A","2010",29.73423,
"SVK","BANKLEVERAGE","TOT","PC_NVA","A","2011",22.64089,
"SVK","BANKLEVERAGE","TOT","PC_NVA","A","2012",19.46466,
"SVK","BANKLEVERAGE","TOT","PC_NVA","A","2013",16.27627,
"SVK","BANKLEVERAGE","TOT","PC_NVA","A","2014",20.93553,
"SVK","BANKLEVERAGE","TOT","PC_NVA","A","2015",26.82444,
"TUR","BANKLEVERAGE","TOT","PC_NVA","A","2010",4.05818,
"TUR","BANKLEVERAGE","TOT","PC_NVA","A","2011",6.376947,
"TUR","BANKLEVERAGE","TOT","PC_NVA","A","2012",5.248552,
"TUR","BANKLEVERAGE","TOT","PC_NVA","A","2013",7.8494,
"TUR","BANKLEVERAGE","TOT","PC_NVA","A","2014",6.952348,
"TUR","BANKLEVERAGE","TOT","PC_NVA","A","2015",9.513145,
"ITA","BANKLEVERAGE","TOT","PC_NVA","A","1995",13.67035,
"ITA","BANKLEVERAGE","TOT","PC_NVA","A","1996",13.66905,
"ITA","BANKLEVERAGE","TOT","PC_NVA","A","1997",7.742909,
"ITA","BANKLEVERAGE","TOT","PC_NVA","A","1998",4.777208,
"ITA","BANKLEVERAGE","TOT","PC_NVA","A","1999",4.117528,
"ITA","BANKLEVERAGE","TOT","PC_NVA","A","2000",3.553813,
"ITA","BANKLEVERAGE","TOT","PC_NVA","A","2001",5.641194,
"ITA","BANKLEVERAGE","TOT","PC_NVA","A","2002",7.09351,
"ITA","BANKLEVERAGE","TOT","PC_NVA","A","2003",5.74319,
"ITA","BANKLEVERAGE","TOT","PC_NVA","A","2004",5.439159,
"ITA","BANKLEVERAGE","TOT","PC_NVA","A","2005",4.310779,
"ITA","BANKLEVERAGE","TOT","PC_NVA","A","2006",3.888872,
"ITA","BANKLEVERAGE","TOT","PC_NVA","A","2007",6.058578,
"ITA","BANKLEVERAGE","TOT","PC_NVA","A","2008",20.89149,
"ITA","BANKLEVERAGE","TOT","PC_NVA","A","2009",15.80596,
"ITA","BANKLEVERAGE","TOT","PC_NVA","A","2010",22.8085,
"ITA","BANKLEVERAGE","TOT","PC_NVA","A","2011",39.96638,
"ITA","BANKLEVERAGE","TOT","PC_NVA","A","2012",33.99105,
"ITA","BANKLEVERAGE","TOT","PC_NVA","A","2013",23.0329,
"ITA","BANKLEVERAGE","TOT","PC_NVA","A","2014",18.22049,
"ITA","BANKLEVERAGE","TOT","PC_NVA","A","2015",14.34567,
"GRC","BANKLEVERAGE","TOT","PC_NVA","A","1995",26.48412,
"GRC","BANKLEVERAGE","TOT","PC_NVA","A","1996",26.10548,
"GRC","BANKLEVERAGE","TOT","PC_NVA","A","1997",14.54677,
"GRC","BANKLEVERAGE","TOT","PC_NVA","A","1998",7.413827,
"GRC","BANKLEVERAGE","TOT","PC_NVA","A","1999",3.664134,
"GRC","BANKLEVERAGE","TOT","PC_NVA","A","2000",5.28265,
"GRC","BANKLEVERAGE","TOT","PC_NVA","A","2001",6.988842,
"GRC","BANKLEVERAGE","TOT","PC_NVA","A","2002",9.586452,
"GRC","BANKLEVERAGE","TOT","PC_NVA","A","2003",7.489676,
"GRC","BANKLEVERAGE","TOT","PC_NVA","A","2004",6.163707,
"GRC","BANKLEVERAGE","TOT","PC_NVA","A","2005",5.048757,
"GRC","BANKLEVERAGE","TOT","PC_NVA","A","2006",4.441116,
"GRC","BANKLEVERAGE","TOT","PC_NVA","A","2007",4.239691,
"GRC","BANKLEVERAGE","TOT","PC_NVA","A","2008",18.09315,
"GRC","BANKLEVERAGE","TOT","PC_NVA","A","2009",13.19088,
"GRC","BANKLEVERAGE","TOT","PC_NVA","A","2010",27.43751,
"GRC","BANKLEVERAGE","TOT","PC_NVA","A","2011",68.34814,
"GRC","BANKLEVERAGE","TOT","PC_NVA","A","2012",13.07292,
"GRC","BANKLEVERAGE","TOT","PC_NVA","A","2013",11.9258,
"GRC","BANKLEVERAGE","TOT","PC_NVA","A","2014",15.91701,
"GRC","BANKLEVERAGE","TOT","PC_NVA","A","2015",23.01838,
"GRC","BANKLEVERAGE","TOT","PC_NVA","A","2016",24.91847,
"JPN","BANKLEVERAGE","TOT","PC_NVA","A","1995",13.71842,
"JPN","BANKLEVERAGE","TOT","PC_NVA","A","1996",17.87986,
"JPN","BANKLEVERAGE","TOT","PC_NVA","A","1997",21.36423,
"JPN","BANKLEVERAGE","TOT","PC_NVA","A","1998",19.73067,
"JPN","BANKLEVERAGE","TOT","PC_NVA","A","1999",20.60817,
"JPN","BANKLEVERAGE","TOT","PC_NVA","A","2000",35.8629,
"JPN","BANKLEVERAGE","TOT","PC_NVA","A","2001",39.09318,
"JPN","BANKLEVERAGE","TOT","PC_NVA","A","2002",44.69487,
"JPN","BANKLEVERAGE","TOT","PC_NVA","A","2003",28.06514,
"JPN","BANKLEVERAGE","TOT","PC_NVA","A","2004",26.90365,
"JPN","BANKLEVERAGE","TOT","PC_NVA","A","2005",16.34343,
"JPN","BANKLEVERAGE","TOT","PC_NVA","A","2006",18.47319,
"JPN","BANKLEVERAGE","TOT","PC_NVA","A","2007",28.4333,
"JPN","BANKLEVERAGE","TOT","PC_NVA","A","2008",39.77448,
"JPN","BANKLEVERAGE","TOT","PC_NVA","A","2009",34.75084,
"JPN","BANKLEVERAGE","TOT","PC_NVA","A","2010",41.02562,
"JPN","BANKLEVERAGE","TOT","PC_NVA","A","2011",40.34649,
"JPN","BANKLEVERAGE","TOT","PC_NVA","A","2012",33.34308,
"JPN","BANKLEVERAGE","TOT","PC_NVA","A","2013",34.8959,
"JPN","BANKLEVERAGE","TOT","PC_NVA","A","2014",32.32261,
"JPN","BANKLEVERAGE","TOT","PC_NVA","A","2015",43.81361,
"CZE","BANKLEVERAGE","TOT","PC_NVA","A","1995",27.88883,
"CZE","BANKLEVERAGE","TOT","PC_NVA","A","1996",29.36156,
"CZE","BANKLEVERAGE","TOT","PC_NVA","A","1997",33.12587,
"CZE","BANKLEVERAGE","TOT","PC_NVA","A","1998",33.90063,
"CZE","BANKLEVERAGE","TOT","PC_NVA","A","1999",31.31971,
"CZE","BANKLEVERAGE","TOT","PC_NVA","A","2000",31.37354,
"CZE","BANKLEVERAGE","TOT","PC_NVA","A","2001",29.60157,
"CZE","BANKLEVERAGE","TOT","PC_NVA","A","2002",41.38525,
"CZE","BANKLEVERAGE","TOT","PC_NVA","A","2003",13.81333,
"CZE","BANKLEVERAGE","TOT","PC_NVA","A","2004",11.71076,
"CZE","BANKLEVERAGE","TOT","PC_NVA","A","2005",11.90432,
"CZE","BANKLEVERAGE","TOT","PC_NVA","A","2006",12.43253,
"CZE","BANKLEVERAGE","TOT","PC_NVA","A","2007",11.34824,
"CZE","BANKLEVERAGE","TOT","PC_NVA","A","2008",13.58417,
"CZE","BANKLEVERAGE","TOT","PC_NVA","A","2009",11.49605,
"CZE","BANKLEVERAGE","TOT","PC_NVA","A","2010",10.83896,
"CZE","BANKLEVERAGE","TOT","PC_NVA","A","2011",11.86013,
"CZE","BANKLEVERAGE","TOT","PC_NVA","A","2012",10.56947,
"CZE","BANKLEVERAGE","TOT","PC_NVA","A","2013",10.65771,
"CZE","BANKLEVERAGE","TOT","PC_NVA","A","2014",10.44976,
"SVN","BANKLEVERAGE","TOT","PC_NVA","A","2001",8.762007,
"SVN","BANKLEVERAGE","TOT","PC_NVA","A","2002",10.10863,
"SVN","BANKLEVERAGE","TOT","PC_NVA","A","2003",10.79795,
"SVN","BANKLEVERAGE","TOT","PC_NVA","A","2004",10.86375,
"SVN","BANKLEVERAGE","TOT","PC_NVA","A","2005",11.91582,
"SVN","BANKLEVERAGE","TOT","PC_NVA","A","2006",11.88809,
"SVN","BANKLEVERAGE","TOT","PC_NVA","A","2007",11.30437,
"SVN","BANKLEVERAGE","TOT","PC_NVA","A","2008",12.67106,
"SVN","BANKLEVERAGE","TOT","PC_NVA","A","2009",12.02518,
"SVN","BANKLEVERAGE","TOT","PC_NVA","A","2010",11.61482,
"SVN","BANKLEVERAGE","TOT","PC_NVA","A","2011",13.26317,
"SVN","BANKLEVERAGE","TOT","PC_NVA","A","2012",14.32444,
"SVN","BANKLEVERAGE","TOT","PC_NVA","A","2013",11.51482,
"SVN","BANKLEVERAGE","TOT","PC_NVA","A","2014",9.62886,
"SVN","BANKLEVERAGE","TOT","PC_NVA","A","2015",8.786436,
"SVN","BANKLEVERAGE","TOT","PC_NVA","A","2016",8.63938,
"DEU","BANKLEVERAGE","TOT","PC_NVA","A","1995",19.56126,
"DEU","BANKLEVERAGE","TOT","PC_NVA","A","1996",19.17002,
"DEU","BANKLEVERAGE","TOT","PC_NVA","A","1997",14.44431,
"DEU","BANKLEVERAGE","TOT","PC_NVA","A","1998",15.56079,
"DEU","BANKLEVERAGE","TOT","PC_NVA","A","1999",15.24662,
"DEU","BANKLEVERAGE","TOT","PC_NVA","A","2000",16.00934,
"DEU","BANKLEVERAGE","TOT","PC_NVA","A","2001",17.33032,
"DEU","BANKLEVERAGE","TOT","PC_NVA","A","2002",23.29459,
"DEU","BANKLEVERAGE","TOT","PC_NVA","A","2003",19.73594,
"DEU","BANKLEVERAGE","TOT","PC_NVA","A","2004",19.90621,
"DEU","BANKLEVERAGE","TOT","PC_NVA","A","2005",17.18032,
"DEU","BANKLEVERAGE","TOT","PC_NVA","A","2006",15.15715,
"DEU","BANKLEVERAGE","TOT","PC_NVA","A","2007",15.34556,
"DEU","BANKLEVERAGE","TOT","PC_NVA","A","2008",28.70704,
"DEU","BANKLEVERAGE","TOT","PC_NVA","A","2009",23.57623,
"DEU","BANKLEVERAGE","TOT","PC_NVA","A","2010",23.13138,
"DEU","BANKLEVERAGE","TOT","PC_NVA","A","2011",25.19295,
"DEU","BANKLEVERAGE","TOT","PC_NVA","A","2012",23.12725,
"DEU","BANKLEVERAGE","TOT","PC_NVA","A","2013",20.66419,
"DEU","BANKLEVERAGE","TOT","PC_NVA","A","2014",20.8217,
"DEU","BANKLEVERAGE","TOT","PC_NVA","A","2015",22.29149,
"DNK","BANKLEVERAGE","TOT","PC_NVA","A","2003",13.39013,
"DNK","BANKLEVERAGE","TOT","PC_NVA","A","2004",13.13093,
"DNK","BANKLEVERAGE","TOT","PC_NVA","A","2005",12.35453,
"DNK","BANKLEVERAGE","TOT","PC_NVA","A","2006",11.97767,
"DNK","BANKLEVERAGE","TOT","PC_NVA","A","2007",16.06218,
"DNK","BANKLEVERAGE","TOT","PC_NVA","A","2008",23.49646,
"DNK","BANKLEVERAGE","TOT","PC_NVA","A","2009",17.65558,
"DNK","BANKLEVERAGE","TOT","PC_NVA","A","2010",15.85867,
"DNK","BANKLEVERAGE","TOT","PC_NVA","A","2011",18.02927,
"DNK","BANKLEVERAGE","TOT","PC_NVA","A","2012",17.57406,
"DNK","BANKLEVERAGE","TOT","PC_NVA","A","2013",15.86354,
"DNK","BANKLEVERAGE","TOT","PC_NVA","A","2014",13.9152,
"DNK","BANKLEVERAGE","TOT","PC_NVA","A","2015",12.70478,
"DNK","BANKLEVERAGE","TOT","PC_NVA","A","2016",12.51341,
"NLD","BANKLEVERAGE","TOT","PC_NVA","A","1995",11.75685,
"NLD","BANKLEVERAGE","TOT","PC_NVA","A","1996",10.4062,
"NLD","BANKLEVERAGE","TOT","PC_NVA","A","1997",10.27307,
"NLD","BANKLEVERAGE","TOT","PC_NVA","A","1998",12.29706,
"NLD","BANKLEVERAGE","TOT","PC_NVA","A","1999",11.37079,
"NLD","BANKLEVERAGE","TOT","PC_NVA","A","2000",11.45093,
"NLD","BANKLEVERAGE","TOT","PC_NVA","A","2001",14.29305,
"NLD","BANKLEVERAGE","TOT","PC_NVA","A","2002",15.91477,
"NLD","BANKLEVERAGE","TOT","PC_NVA","A","2003",15.85721,
"NLD","BANKLEVERAGE","TOT","PC_NVA","A","2004",15.90265,
"NLD","BANKLEVERAGE","TOT","PC_NVA","A","2005",14.88923,
"NLD","BANKLEVERAGE","TOT","PC_NVA","A","2006",15.60901,
"NLD","BANKLEVERAGE","TOT","PC_NVA","A","2007",13.38397,
"NLD","BANKLEVERAGE","TOT","PC_NVA","A","2008",22.79192,
"NLD","BANKLEVERAGE","TOT","PC_NVA","A","2009",19.76256,
"NLD","BANKLEVERAGE","TOT","PC_NVA","A","2010",19.48327,
"NLD","BANKLEVERAGE","TOT","PC_NVA","A","2011",20.90534,
"NLD","BANKLEVERAGE","TOT","PC_NVA","A","2012",19.70779,
"NLD","BANKLEVERAGE","TOT","PC_NVA","A","2013",19.15646,
"NLD","BANKLEVERAGE","TOT","PC_NVA","A","2014",19.43584,
"NLD","BANKLEVERAGE","TOT","PC_NVA","A","2015",19.49517,
"NLD","BANKLEVERAGE","TOT","PC_NVA","A","2016",19.63731,
"GBR","BANKLEVERAGE","TOT","PC_NVA","A","1995",30.27571,
"GBR","BANKLEVERAGE","TOT","PC_NVA","A","1996",30.02822,
"GBR","BANKLEVERAGE","TOT","PC_NVA","A","1997",21.79023,
"GBR","BANKLEVERAGE","TOT","PC_NVA","A","1998",21.12618,
"GBR","BANKLEVERAGE","TOT","PC_NVA","A","1999",18.7914,
"GBR","BANKLEVERAGE","TOT","PC_NVA","A","2000",23.55613,
"GBR","BANKLEVERAGE","TOT","PC_NVA","A","2001",25.76233,
"GBR","BANKLEVERAGE","TOT","PC_NVA","A","2002",28.50632,
"GBR","BANKLEVERAGE","TOT","PC_NVA","A","2003",32.37726,
"GBR","BANKLEVERAGE","TOT","PC_NVA","A","2004",34.93154,
"GBR","BANKLEVERAGE","TOT","PC_NVA","A","2005",40.14054,
"GBR","BANKLEVERAGE","TOT","PC_NVA","A","2006",43.80118,
"GBR","BANKLEVERAGE","TOT","PC_NVA","A","2007",49.40409,
"GBR","BANKLEVERAGE","TOT","PC_NVA","A","2008",51.55933,
"GBR","BANKLEVERAGE","TOT","PC_NVA","A","2009",47.96475,
"GBR","BANKLEVERAGE","TOT","PC_NVA","A","2010",45.05294,
"GBR","BANKLEVERAGE","TOT","PC_NVA","A","2011",38.92757,
"GBR","BANKLEVERAGE","TOT","PC_NVA","A","2012",35.85007,
"GBR","BANKLEVERAGE","TOT","PC_NVA","A","2013",35.01039,
"GBR","BANKLEVERAGE","TOT","PC_NVA","A","2014",31.88915,
"GBR","BANKLEVERAGE","TOT","PC_NVA","A","2015",30.32471,
"AUS","BANKLEVERAGE","TOT","PC_NVA","A","1995",5.578455,
"AUS","BANKLEVERAGE","TOT","PC_NVA","A","1996",4.972939,
"AUS","BANKLEVERAGE","TOT","PC_NVA","A","1997",4.158348,
"AUS","BANKLEVERAGE","TOT","PC_NVA","A","1998",4.017843,
"AUS","BANKLEVERAGE","TOT","PC_NVA","A","1999",4.279075,
"AUS","BANKLEVERAGE","TOT","PC_NVA","A","2000",3.823924,
"AUS","BANKLEVERAGE","TOT","PC_NVA","A","2001",3.468205,
"AUS","BANKLEVERAGE","TOT","PC_NVA","A","2002",3.891521,
"AUS","BANKLEVERAGE","TOT","PC_NVA","A","2003",4.071111,
"AUS","BANKLEVERAGE","TOT","PC_NVA","A","2004",3.904037,
"AUS","BANKLEVERAGE","TOT","PC_NVA","A","2005",3.779655,
"AUS","BANKLEVERAGE","TOT","PC_NVA","A","2006",3.799475,
"AUS","BANKLEVERAGE","TOT","PC_NVA","A","2007",3.934194,
"AUS","BANKLEVERAGE","TOT","PC_NVA","A","2008",5.967884,
"AUS","BANKLEVERAGE","TOT","PC_NVA","A","2009",4.752278,
"AUS","BANKLEVERAGE","TOT","PC_NVA","A","2010",5.309482,
"AUS","BANKLEVERAGE","TOT","PC_NVA","A","2011",5.963613,
"AUS","BANKLEVERAGE","TOT","PC_NVA","A","2012",5.359313,
"AUS","BANKLEVERAGE","TOT","PC_NVA","A","2013",4.681374,
"AUS","BANKLEVERAGE","TOT","PC_NVA","A","2014",4.819382,
"AUS","BANKLEVERAGE","TOT","PC_NVA","A","2015",5.073654,
"AUS","BANKLEVERAGE","TOT","PC_NVA","A","2016",5.286998,
"ISR","BANKLEVERAGE","TOT","PC_NVA","A","2001",22.14165,
"ISR","BANKLEVERAGE","TOT","PC_NVA","A","2002",36.31215,
"ISR","BANKLEVERAGE","TOT","PC_NVA","A","2003",22.10311,
"ISR","BANKLEVERAGE","TOT","PC_NVA","A","2004",17.02485,
"ISR","BANKLEVERAGE","TOT","PC_NVA","A","2005",11.61688,
"ISR","BANKLEVERAGE","TOT","PC_NVA","A","2006",11.99558,
"ISR","BANKLEVERAGE","TOT","PC_NVA","A","2007",11.89482,
"ISR","BANKLEVERAGE","TOT","PC_NVA","A","2008",28.57232,
"ISR","BANKLEVERAGE","TOT","PC_NVA","A","2009",14.64796,
"ISR","BANKLEVERAGE","TOT","PC_NVA","A","2010",14.64351,
"ISR","BANKLEVERAGE","TOT","PC_NVA","A","2011",24.29816,
"ISR","BANKLEVERAGE","TOT","PC_NVA","A","2012",19.79707,
"ISR","BANKLEVERAGE","TOT","PC_NVA","A","2013",17.41342,
"ISR","BANKLEVERAGE","TOT","PC_NVA","A","2014",20.05359,
"ISR","BANKLEVERAGE","TOT","PC_NVA","A","2015",19.40781,
"PRT","BANKLEVERAGE","TOT","PC_NVA","A","1995",11.44986,
"PRT","BANKLEVERAGE","TOT","PC_NVA","A","1996",10.85554,
"PRT","BANKLEVERAGE","TOT","PC_NVA","A","1997",9.69618,
"PRT","BANKLEVERAGE","TOT","PC_NVA","A","1998",8.323759,
"PRT","BANKLEVERAGE","TOT","PC_NVA","A","1999",8.546079,
"PRT","BANKLEVERAGE","TOT","PC_NVA","A","2000",8.539084,
"PRT","BANKLEVERAGE","TOT","PC_NVA","A","2001",9.215449,
"PRT","BANKLEVERAGE","TOT","PC_NVA","A","2002",11.00397,
"PRT","BANKLEVERAGE","TOT","PC_NVA","A","2003",11.15659,
"PRT","BANKLEVERAGE","TOT","PC_NVA","A","2004",11.98025,
"PRT","BANKLEVERAGE","TOT","PC_NVA","A","2005",10.87482,
"PRT","BANKLEVERAGE","TOT","PC_NVA","A","2006",9.383286,
"PRT","BANKLEVERAGE","TOT","PC_NVA","A","2007",9.841845,
"PRT","BANKLEVERAGE","TOT","PC_NVA","A","2008",16.8938,
"PRT","BANKLEVERAGE","TOT","PC_NVA","A","2009",15.06018,
"PRT","BANKLEVERAGE","TOT","PC_NVA","A","2010",16.76801,
"PRT","BANKLEVERAGE","TOT","PC_NVA","A","2011",20.3959,
"PRT","BANKLEVERAGE","TOT","PC_NVA","A","2012",15.85788,
"PRT","BANKLEVERAGE","TOT","PC_NVA","A","2013",15.60994,
"PRT","BANKLEVERAGE","TOT","PC_NVA","A","2014",14.11423,
"PRT","BANKLEVERAGE","TOT","PC_NVA","A","2015",15.80972,
"PRT","BANKLEVERAGE","TOT","PC_NVA","A","2016",13.63215,
"LVA","BANKLEVERAGE","TOT","PC_NVA","A","2004",11.95506,
"LVA","BANKLEVERAGE","TOT","PC_NVA","A","2005",12.98752,
"LVA","BANKLEVERAGE","TOT","PC_NVA","A","2006",13.52919,
"LVA","BANKLEVERAGE","TOT","PC_NVA","A","2007",12.35328,
"LVA","BANKLEVERAGE","TOT","PC_NVA","A","2008",12.83527,
"LVA","BANKLEVERAGE","TOT","PC_NVA","A","2009",12.38815,
"LVA","BANKLEVERAGE","TOT","PC_NVA","A","2010",12.36578,
"LVA","BANKLEVERAGE","TOT","PC_NVA","A","2011",10.86513,
"LVA","BANKLEVERAGE","TOT","PC_NVA","A","2012",9.975795,
"LVA","BANKLEVERAGE","TOT","PC_NVA","A","2013",9.859998,
"LVA","BANKLEVERAGE","TOT","PC_NVA","A","2014",10.10818,
"LVA","BANKLEVERAGE","TOT","PC_NVA","A","2015",10.85752,
