﻿"LOCATION","INDICATOR","SUBJECT","MEASURE","FREQUENCY","TIME","Value","Flag Codes"
"AUT","VAFINCORP","COMPEMPLOYEE","PC_NVA","A","1995",65.8032861706983,
"AUT","VAFINCORP","COMPEMPLOYEE","PC_NVA","A","1996",67.8777934052196,
"AUT","VAFINCORP","COMPEMPLOYEE","PC_NVA","A","1997",67.6529900437567,
"AUT","VAFINCORP","COMPEMPLOYEE","PC_NVA","A","1998",70.3984600577478,
"AUT","VAFINCORP","COMPEMPLOYEE","PC_NVA","A","1999",75.8280939549822,
"AUT","VAFINCORP","COMPEMPLOYEE","PC_NVA","A","2000",64.882512530464,
"AUT","VAFINCORP","COMPEMPLOYEE","PC_NVA","A","2001",73.1175116058565,
"AUT","VAFINCORP","COMPEMPLOYEE","PC_NVA","A","2002",71.0603264386549,
"AUT","VAFINCORP","COMPEMPLOYEE","PC_NVA","A","2003",74.0575420891757,
"AUT","VAFINCORP","COMPEMPLOYEE","PC_NVA","A","2004",72.8415370179442,
"AUT","VAFINCORP","COMPEMPLOYEE","PC_NVA","A","2005",72.7412249224348,
"AUT","VAFINCORP","COMPEMPLOYEE","PC_NVA","A","2006",71.5539164530542,
"AUT","VAFINCORP","COMPEMPLOYEE","PC_NVA","A","2007",66.416683231834,
"AUT","VAFINCORP","COMPEMPLOYEE","PC_NVA","A","2008",69.0804071109674,
"AUT","VAFINCORP","COMPEMPLOYEE","PC_NVA","A","2009",76.8842380381946,
"AUT","VAFINCORP","COMPEMPLOYEE","PC_NVA","A","2010",77.852487947234,
"AUT","VAFINCORP","COMPEMPLOYEE","PC_NVA","A","2011",74.5691158385492,
"AUT","VAFINCORP","COMPEMPLOYEE","PC_NVA","A","2012",79.7228336508375,
"AUT","VAFINCORP","COMPEMPLOYEE","PC_NVA","A","2013",78.6769833939645,
"AUT","VAFINCORP","COMPEMPLOYEE","PC_NVA","A","2014",77.9749918044303,
"AUT","VAFINCORP","COMPEMPLOYEE","PC_NVA","A","2015",80.493154829438,
"AUT","VAFINCORP","NETOPERATING","PC_NVA","A","1995",30.5086464830874,
"AUT","VAFINCORP","NETOPERATING","PC_NVA","A","1996",28.2908787831432,
"AUT","VAFINCORP","NETOPERATING","PC_NVA","A","1997",28.1920223222779,
"AUT","VAFINCORP","NETOPERATING","PC_NVA","A","1998",25.4257298684633,
"AUT","VAFINCORP","NETOPERATING","PC_NVA","A","1999",19.7436106801666,
"AUT","VAFINCORP","NETOPERATING","PC_NVA","A","2000",31.3847887064882,
"AUT","VAFINCORP","NETOPERATING","PC_NVA","A","2001",22.7154625718824,
"AUT","VAFINCORP","NETOPERATING","PC_NVA","A","2002",24.5859597823742,
"AUT","VAFINCORP","NETOPERATING","PC_NVA","A","2003",21.5649410508952,
"AUT","VAFINCORP","NETOPERATING","PC_NVA","A","2004",22.9846043348818,
"AUT","VAFINCORP","NETOPERATING","PC_NVA","A","2005",23.3369033554527,
"AUT","VAFINCORP","NETOPERATING","PC_NVA","A","2006",24.6243629621374,
"AUT","VAFINCORP","NETOPERATING","PC_NVA","A","2007",30.1615555595714,
"AUT","VAFINCORP","NETOPERATING","PC_NVA","A","2008",27.4278887182113,
"AUT","VAFINCORP","NETOPERATING","PC_NVA","A","2009",19.1913591858151,
"AUT","VAFINCORP","NETOPERATING","PC_NVA","A","2010",18.1368247739798,
"AUT","VAFINCORP","NETOPERATING","PC_NVA","A","2011",16.9380150878288,
"AUT","VAFINCORP","NETOPERATING","PC_NVA","A","2012",10.3068768445677,
"AUT","VAFINCORP","NETOPERATING","PC_NVA","A","2013",11.4074604640642,
"AUT","VAFINCORP","NETOPERATING","PC_NVA","A","2014",12.2268533695499,
"AUT","VAFINCORP","NETOPERATING","PC_NVA","A","2015",10.2838287572801,
"BEL","VAFINCORP","COMPEMPLOYEE","PC_NVA","A","1995",74.2574361342597,
"BEL","VAFINCORP","COMPEMPLOYEE","PC_NVA","A","1996",75.1938783928719,
"BEL","VAFINCORP","COMPEMPLOYEE","PC_NVA","A","1997",79.9138522201269,
"BEL","VAFINCORP","COMPEMPLOYEE","PC_NVA","A","1998",82.7529696436428,
"BEL","VAFINCORP","COMPEMPLOYEE","PC_NVA","A","1999",76.4055326433741,
"BEL","VAFINCORP","COMPEMPLOYEE","PC_NVA","A","2000",72.0082263844511,
"BEL","VAFINCORP","COMPEMPLOYEE","PC_NVA","A","2001",76.7928542606654,
"BEL","VAFINCORP","COMPEMPLOYEE","PC_NVA","A","2002",73.3126249946811,
"BEL","VAFINCORP","COMPEMPLOYEE","PC_NVA","A","2003",77.4632887172035,
"BEL","VAFINCORP","COMPEMPLOYEE","PC_NVA","A","2004",68.4194642332404,
"BEL","VAFINCORP","COMPEMPLOYEE","PC_NVA","A","2005",69.5115624656113,
"BEL","VAFINCORP","COMPEMPLOYEE","PC_NVA","A","2006",69.886572373255,
"BEL","VAFINCORP","COMPEMPLOYEE","PC_NVA","A","2007",75.641611753949,
"BEL","VAFINCORP","COMPEMPLOYEE","PC_NVA","A","2008",85.1511812951402,
"BEL","VAFINCORP","COMPEMPLOYEE","PC_NVA","A","2009",68.0354895633406,
"BEL","VAFINCORP","COMPEMPLOYEE","PC_NVA","A","2010",57.745042699248,
"BEL","VAFINCORP","COMPEMPLOYEE","PC_NVA","A","2011",55.5770413010675,
"BEL","VAFINCORP","COMPEMPLOYEE","PC_NVA","A","2012",54.9306479194376,
"BEL","VAFINCORP","COMPEMPLOYEE","PC_NVA","A","2013",56.126109418466,
"BEL","VAFINCORP","COMPEMPLOYEE","PC_NVA","A","2014",52.1368826537147,
"BEL","VAFINCORP","COMPEMPLOYEE","PC_NVA","A","2015",51.1427276316367,
"BEL","VAFINCORP","NETOPERATING","PC_NVA","A","1995",24.727639119209,
"BEL","VAFINCORP","NETOPERATING","PC_NVA","A","1996",23.7614470753238,
"BEL","VAFINCORP","NETOPERATING","PC_NVA","A","1997",18.0835333447626,
"BEL","VAFINCORP","NETOPERATING","PC_NVA","A","1998",14.450065992081,
"BEL","VAFINCORP","NETOPERATING","PC_NVA","A","1999",20.2416154384873,
"BEL","VAFINCORP","NETOPERATING","PC_NVA","A","2000",24.9872014404999,
"BEL","VAFINCORP","NETOPERATING","PC_NVA","A","2001",19.9350720809948,
"BEL","VAFINCORP","NETOPERATING","PC_NVA","A","2002",23.4143227947747,
"BEL","VAFINCORP","NETOPERATING","PC_NVA","A","2003",18.7947327093694,
"BEL","VAFINCORP","NETOPERATING","PC_NVA","A","2004",27.8072955135689,
"BEL","VAFINCORP","NETOPERATING","PC_NVA","A","2005",26.3083428966688,
"BEL","VAFINCORP","NETOPERATING","PC_NVA","A","2006",25.8771124173402,
"BEL","VAFINCORP","NETOPERATING","PC_NVA","A","2007",19.435949175521,
"BEL","VAFINCORP","NETOPERATING","PC_NVA","A","2008",8.94671493275974,
"BEL","VAFINCORP","NETOPERATING","PC_NVA","A","2009",27.3448210406429,
"BEL","VAFINCORP","NETOPERATING","PC_NVA","A","2010",36.994482783736,
"BEL","VAFINCORP","NETOPERATING","PC_NVA","A","2011",36.6646174481641,
"BEL","VAFINCORP","NETOPERATING","PC_NVA","A","2012",33.9963627480253,
"BEL","VAFINCORP","NETOPERATING","PC_NVA","A","2013",33.8333554113128,
"BEL","VAFINCORP","NETOPERATING","PC_NVA","A","2014",38.5082214318789,
"BEL","VAFINCORP","NETOPERATING","PC_NVA","A","2015",37.6698006989428,
"CZE","VAFINCORP","COMPEMPLOYEE","PC_NVA","A","1995",49.2747029225993,
"CZE","VAFINCORP","COMPEMPLOYEE","PC_NVA","A","1996",58.4250656433044,
"CZE","VAFINCORP","COMPEMPLOYEE","PC_NVA","A","1997",67.4430667391197,
"CZE","VAFINCORP","COMPEMPLOYEE","PC_NVA","A","1998",48.202228504906,
"CZE","VAFINCORP","COMPEMPLOYEE","PC_NVA","A","1999",54.9598858976645,
"CZE","VAFINCORP","COMPEMPLOYEE","PC_NVA","A","2000",70.7270269091543,
"CZE","VAFINCORP","COMPEMPLOYEE","PC_NVA","A","2001",63.5013980337332,
"CZE","VAFINCORP","COMPEMPLOYEE","PC_NVA","A","2002",84.9101572540131,
"CZE","VAFINCORP","COMPEMPLOYEE","PC_NVA","A","2003",59.3796835313235,
"CZE","VAFINCORP","COMPEMPLOYEE","PC_NVA","A","2004",58.0464595577946,
"CZE","VAFINCORP","COMPEMPLOYEE","PC_NVA","A","2005",58.9356223175966,
"CZE","VAFINCORP","COMPEMPLOYEE","PC_NVA","A","2006",61.812587260922,
"CZE","VAFINCORP","COMPEMPLOYEE","PC_NVA","A","2007",51.8035430059739,
"CZE","VAFINCORP","COMPEMPLOYEE","PC_NVA","A","2008",46.1537802380483,
"CZE","VAFINCORP","COMPEMPLOYEE","PC_NVA","A","2009",40.9925888389181,
"CZE","VAFINCORP","COMPEMPLOYEE","PC_NVA","A","2010",38.3486118576845,
"CZE","VAFINCORP","COMPEMPLOYEE","PC_NVA","A","2011",40.6207083948387,
"CZE","VAFINCORP","COMPEMPLOYEE","PC_NVA","A","2012",45.674295412858,
"CZE","VAFINCORP","COMPEMPLOYEE","PC_NVA","A","2013",42.3372372153924,
"CZE","VAFINCORP","COMPEMPLOYEE","PC_NVA","A","2014",45.264274691358,
"CZE","VAFINCORP","COMPEMPLOYEE","PC_NVA","A","2015",44.0205746769877,
"CZE","VAFINCORP","NETOPERATING","PC_NVA","A","1995",46.3868964778932,
"CZE","VAFINCORP","NETOPERATING","PC_NVA","A","1996",35.6670369622299,
"CZE","VAFINCORP","NETOPERATING","PC_NVA","A","1997",45.8528874178728,
"CZE","VAFINCORP","NETOPERATING","PC_NVA","A","1998",67.3307833028438,
"CZE","VAFINCORP","NETOPERATING","PC_NVA","A","1999",55.1060795150651,
"CZE","VAFINCORP","NETOPERATING","PC_NVA","A","2000",31.8112434035501,
"CZE","VAFINCORP","NETOPERATING","PC_NVA","A","2001",38.0373410300352,
"CZE","VAFINCORP","NETOPERATING","PC_NVA","A","2002",5.99808397784892,
"CZE","VAFINCORP","NETOPERATING","PC_NVA","A","2003",37.8389890671589,
"CZE","VAFINCORP","NETOPERATING","PC_NVA","A","2004",39.0074682928985,
"CZE","VAFINCORP","NETOPERATING","PC_NVA","A","2005",38.6251788268956,
"CZE","VAFINCORP","NETOPERATING","PC_NVA","A","2006",35.7895164897727,
"CZE","VAFINCORP","NETOPERATING","PC_NVA","A","2007",46.1831035409389,
"CZE","VAFINCORP","NETOPERATING","PC_NVA","A","2008",51.9190395804591,
"CZE","VAFINCORP","NETOPERATING","PC_NVA","A","2009",57.2060872870083,
"CZE","VAFINCORP","NETOPERATING","PC_NVA","A","2010",58.6600903636337,
"CZE","VAFINCORP","NETOPERATING","PC_NVA","A","2011",56.4740355592765,
"CZE","VAFINCORP","NETOPERATING","PC_NVA","A","2012",50.7934454178051,
"CZE","VAFINCORP","NETOPERATING","PC_NVA","A","2013",54.4140539754128,
"CZE","VAFINCORP","NETOPERATING","PC_NVA","A","2014",51.198955365622,
"CZE","VAFINCORP","NETOPERATING","PC_NVA","A","2015",52.3802996746431,
"DNK","VAFINCORP","COMPEMPLOYEE","PC_NVA","A","1995",50.7839157875956,
"DNK","VAFINCORP","COMPEMPLOYEE","PC_NVA","A","1996",56.3027794204613,
"DNK","VAFINCORP","COMPEMPLOYEE","PC_NVA","A","1997",57.7725286406047,
"DNK","VAFINCORP","COMPEMPLOYEE","PC_NVA","A","1998",58.452380952381,
"DNK","VAFINCORP","COMPEMPLOYEE","PC_NVA","A","1999",65.5110523332704,
"DNK","VAFINCORP","COMPEMPLOYEE","PC_NVA","A","2000",60.1112026359143,
"DNK","VAFINCORP","COMPEMPLOYEE","PC_NVA","A","2001",63.9506420545746,
"DNK","VAFINCORP","COMPEMPLOYEE","PC_NVA","A","2002",64.9440021589529,
"DNK","VAFINCORP","COMPEMPLOYEE","PC_NVA","A","2003",64.6435241129298,
"DNK","VAFINCORP","COMPEMPLOYEE","PC_NVA","A","2004",63.4831063152309,
"DNK","VAFINCORP","COMPEMPLOYEE","PC_NVA","A","2005",59.8126256152178,
"DNK","VAFINCORP","COMPEMPLOYEE","PC_NVA","A","2006",61.0593653285158,
"DNK","VAFINCORP","COMPEMPLOYEE","PC_NVA","A","2007",61.5867456896552,
"DNK","VAFINCORP","COMPEMPLOYEE","PC_NVA","A","2008",56.1339891573619,
"DNK","VAFINCORP","COMPEMPLOYEE","PC_NVA","A","2009",59.7825444661112,
"DNK","VAFINCORP","COMPEMPLOYEE","PC_NVA","A","2010",57.0905105989521,
"DNK","VAFINCORP","COMPEMPLOYEE","PC_NVA","A","2011",60.3128367257528,
"DNK","VAFINCORP","COMPEMPLOYEE","PC_NVA","A","2012",54.1057087041459,
"DNK","VAFINCORP","COMPEMPLOYEE","PC_NVA","A","2013",56.882081648921,
"DNK","VAFINCORP","COMPEMPLOYEE","PC_NVA","A","2014",53.6098100099995,
"DNK","VAFINCORP","COMPEMPLOYEE","PC_NVA","A","2015",54.6593757120073,
"DNK","VAFINCORP","COMPEMPLOYEE","PC_NVA","A","2016",53.0680920378842,
"DNK","VAFINCORP","NETOPERATING","PC_NVA","A","1995",45.2730881598608,
"DNK","VAFINCORP","NETOPERATING","PC_NVA","A","1996",39.7137788290952,
"DNK","VAFINCORP","NETOPERATING","PC_NVA","A","1997",37.8622888862643,
"DNK","VAFINCORP","NETOPERATING","PC_NVA","A","1998",36.832884097035,
"DNK","VAFINCORP","NETOPERATING","PC_NVA","A","1999",29.4610806725864,
"DNK","VAFINCORP","NETOPERATING","PC_NVA","A","2000",35.1235584843493,
"DNK","VAFINCORP","NETOPERATING","PC_NVA","A","2001",30.3852327447833,
"DNK","VAFINCORP","NETOPERATING","PC_NVA","A","2002",30.1038996086898,
"DNK","VAFINCORP","NETOPERATING","PC_NVA","A","2003",30.5540298070233,
"DNK","VAFINCORP","NETOPERATING","PC_NVA","A","2004",31.8220413939501,
"DNK","VAFINCORP","NETOPERATING","PC_NVA","A","2005",35.7641361629397,
"DNK","VAFINCORP","NETOPERATING","PC_NVA","A","2006",34.3842087337667,
"DNK","VAFINCORP","NETOPERATING","PC_NVA","A","2007",34.0422952586207,
"DNK","VAFINCORP","NETOPERATING","PC_NVA","A","2008",39.7347981665649,
"DNK","VAFINCORP","NETOPERATING","PC_NVA","A","2009",36.4427111032323,
"DNK","VAFINCORP","NETOPERATING","PC_NVA","A","2010",38.7258427222812,
"DNK","VAFINCORP","NETOPERATING","PC_NVA","A","2011",35.921755295845,
"DNK","VAFINCORP","NETOPERATING","PC_NVA","A","2012",42.2107662253093,
"DNK","VAFINCORP","NETOPERATING","PC_NVA","A","2013",35.9129989181803,
"DNK","VAFINCORP","NETOPERATING","PC_NVA","A","2014",39.8852691963581,
"DNK","VAFINCORP","NETOPERATING","PC_NVA","A","2015",38.572671347791,
"DNK","VAFINCORP","NETOPERATING","PC_NVA","A","2016",37.3760034333759,
"FIN","VAFINCORP","COMPEMPLOYEE","PC_NVA","A","1995",53.2932330827068,
"FIN","VAFINCORP","COMPEMPLOYEE","PC_NVA","A","1996",54.0714515609913,
"FIN","VAFINCORP","COMPEMPLOYEE","PC_NVA","A","1997",53.0460142579391,
"FIN","VAFINCORP","COMPEMPLOYEE","PC_NVA","A","1998",49.2159227985525,
"FIN","VAFINCORP","COMPEMPLOYEE","PC_NVA","A","1999",50.8235998802037,
"FIN","VAFINCORP","COMPEMPLOYEE","PC_NVA","A","2000",53.3484676503973,
"FIN","VAFINCORP","COMPEMPLOYEE","PC_NVA","A","2001",51.4550264550265,
"FIN","VAFINCORP","COMPEMPLOYEE","PC_NVA","A","2002",61.3161131611316,
"FIN","VAFINCORP","COMPEMPLOYEE","PC_NVA","A","2003",67.2817133443163,
"FIN","VAFINCORP","COMPEMPLOYEE","PC_NVA","A","2004",65.5825702557625,
"FIN","VAFINCORP","COMPEMPLOYEE","PC_NVA","A","2005",62.0660216277746,
"FIN","VAFINCORP","COMPEMPLOYEE","PC_NVA","A","2006",60.6130860381247,
"FIN","VAFINCORP","COMPEMPLOYEE","PC_NVA","A","2007",53.7474679270763,
"FIN","VAFINCORP","COMPEMPLOYEE","PC_NVA","A","2008",59.648288973384,
"FIN","VAFINCORP","COMPEMPLOYEE","PC_NVA","A","2009",62.8177196804648,
"FIN","VAFINCORP","COMPEMPLOYEE","PC_NVA","A","2010",68.5624836942343,
"FIN","VAFINCORP","COMPEMPLOYEE","PC_NVA","A","2011",66.1726033946928,
"FIN","VAFINCORP","COMPEMPLOYEE","PC_NVA","A","2012",66.761028544468,
"FIN","VAFINCORP","COMPEMPLOYEE","PC_NVA","A","2013",73.8089171974522,
"FIN","VAFINCORP","COMPEMPLOYEE","PC_NVA","A","2014",58.7271973466003,
"FIN","VAFINCORP","COMPEMPLOYEE","PC_NVA","A","2015",60.360920970753,
"FIN","VAFINCORP","COMPEMPLOYEE","PC_NVA","A","2016",61.4765931119818,
"FIN","VAFINCORP","NETOPERATING","PC_NVA","A","1995",46.7368421052632,
"FIN","VAFINCORP","NETOPERATING","PC_NVA","A","1996",45.9607338268426,
"FIN","VAFINCORP","NETOPERATING","PC_NVA","A","1997",46.9863901490603,
"FIN","VAFINCORP","NETOPERATING","PC_NVA","A","1998",50.8142340168878,
"FIN","VAFINCORP","NETOPERATING","PC_NVA","A","1999",49.1764001197963,
"FIN","VAFINCORP","NETOPERATING","PC_NVA","A","2000",46.6515323496027,
"FIN","VAFINCORP","NETOPERATING","PC_NVA","A","2001",48.5449735449735,
"FIN","VAFINCORP","NETOPERATING","PC_NVA","A","2002",38.6838868388684,
"FIN","VAFINCORP","NETOPERATING","PC_NVA","A","2003",32.7182866556837,
"FIN","VAFINCORP","NETOPERATING","PC_NVA","A","2004",34.3858541206189,
"FIN","VAFINCORP","NETOPERATING","PC_NVA","A","2005",37.9055207740467,
"FIN","VAFINCORP","NETOPERATING","PC_NVA","A","2006",39.3611540443071,
"FIN","VAFINCORP","NETOPERATING","PC_NVA","A","2007",46.2975467026784,
"FIN","VAFINCORP","NETOPERATING","PC_NVA","A","2008",40.3992395437262,
"FIN","VAFINCORP","NETOPERATING","PC_NVA","A","2009",37.2064875332849,
"FIN","VAFINCORP","NETOPERATING","PC_NVA","A","2010",31.4375163057657,
"FIN","VAFINCORP","NETOPERATING","PC_NVA","A","2011",33.8273966053072,
"FIN","VAFINCORP","NETOPERATING","PC_NVA","A","2012",33.238971455532,
"FIN","VAFINCORP","NETOPERATING","PC_NVA","A","2013",22.7515923566879,
"FIN","VAFINCORP","NETOPERATING","PC_NVA","A","2014",38.3913764510779,
"FIN","VAFINCORP","NETOPERATING","PC_NVA","A","2015",38.0419000207426,
"FIN","VAFINCORP","NETOPERATING","PC_NVA","A","2016",36.1930294906166,
"FRA","VAFINCORP","COMPEMPLOYEE","PC_NVA","A","1978",66.4510166358595,
"FRA","VAFINCORP","COMPEMPLOYEE","PC_NVA","A","1979",65.7004481711725,
"FRA","VAFINCORP","COMPEMPLOYEE","PC_NVA","A","1980",62.5220666117453,
"FRA","VAFINCORP","COMPEMPLOYEE","PC_NVA","A","1981",60.4121898808361,
"FRA","VAFINCORP","COMPEMPLOYEE","PC_NVA","A","1982",61.3497449732327,
"FRA","VAFINCORP","COMPEMPLOYEE","PC_NVA","A","1983",55.7033158813264,
"FRA","VAFINCORP","COMPEMPLOYEE","PC_NVA","A","1984",54.0491271435192,
"FRA","VAFINCORP","COMPEMPLOYEE","PC_NVA","A","1985",53.6841509327144,
"FRA","VAFINCORP","COMPEMPLOYEE","PC_NVA","A","1986",52.9460603138893,
"FRA","VAFINCORP","COMPEMPLOYEE","PC_NVA","A","1987",54.1076413346899,
"FRA","VAFINCORP","COMPEMPLOYEE","PC_NVA","A","1988",51.6743909685086,
"FRA","VAFINCORP","COMPEMPLOYEE","PC_NVA","A","1989",46.2739459722166,
"FRA","VAFINCORP","COMPEMPLOYEE","PC_NVA","A","1990",49.2542504654541,
"FRA","VAFINCORP","COMPEMPLOYEE","PC_NVA","A","1991",51.1428744963861,
"FRA","VAFINCORP","COMPEMPLOYEE","PC_NVA","A","1992",52.3306102835175,
"FRA","VAFINCORP","COMPEMPLOYEE","PC_NVA","A","1993",50.443868045154,
"FRA","VAFINCORP","COMPEMPLOYEE","PC_NVA","A","1994",52.2609819121447,
"FRA","VAFINCORP","COMPEMPLOYEE","PC_NVA","A","1995",62.3500269251481,
"FRA","VAFINCORP","COMPEMPLOYEE","PC_NVA","A","1996",62.5820751955167,
"FRA","VAFINCORP","COMPEMPLOYEE","PC_NVA","A","1997",65.8218026639079,
"FRA","VAFINCORP","COMPEMPLOYEE","PC_NVA","A","1998",67.3447537473233,
"FRA","VAFINCORP","COMPEMPLOYEE","PC_NVA","A","1999",65.5826397146254,
"FRA","VAFINCORP","COMPEMPLOYEE","PC_NVA","A","2000",59.1234438074562,
"FRA","VAFINCORP","COMPEMPLOYEE","PC_NVA","A","2001",63.6904230432686,
"FRA","VAFINCORP","COMPEMPLOYEE","PC_NVA","A","2002",63.7317875607081,
"FRA","VAFINCORP","COMPEMPLOYEE","PC_NVA","A","2003",69.5732062290787,
"FRA","VAFINCORP","COMPEMPLOYEE","PC_NVA","A","2004",65.9999667204686,
"FRA","VAFINCORP","COMPEMPLOYEE","PC_NVA","A","2005",70.0442206727505,
"FRA","VAFINCORP","COMPEMPLOYEE","PC_NVA","A","2006",70.366114713845,
"FRA","VAFINCORP","COMPEMPLOYEE","PC_NVA","A","2007",69.6276363855023,
"FRA","VAFINCORP","COMPEMPLOYEE","PC_NVA","A","2008",72.0706360368808,
"FRA","VAFINCORP","COMPEMPLOYEE","PC_NVA","A","2009",72.1733365477338,
"FRA","VAFINCORP","COMPEMPLOYEE","PC_NVA","A","2010",62.6185252190872,
"FRA","VAFINCORP","COMPEMPLOYEE","PC_NVA","A","2011",65.76014681632,
"FRA","VAFINCORP","COMPEMPLOYEE","PC_NVA","A","2012",69.0933434313381,
"FRA","VAFINCORP","COMPEMPLOYEE","PC_NVA","A","2013",64.7549144753638,
"FRA","VAFINCORP","COMPEMPLOYEE","PC_NVA","A","2014",62.8233970753656,
"FRA","VAFINCORP","COMPEMPLOYEE","PC_NVA","A","2015",63.1798801211147,
"FRA","VAFINCORP","NETOPERATING","PC_NVA","A","1978",26.6761888758192,
"FRA","VAFINCORP","NETOPERATING","PC_NVA","A","1979",27.3312129535926,
"FRA","VAFINCORP","NETOPERATING","PC_NVA","A","1980",30.7637989878781,
"FRA","VAFINCORP","NETOPERATING","PC_NVA","A","1981",33.4635671029498,
"FRA","VAFINCORP","NETOPERATING","PC_NVA","A","1982",31.7076255111074,
"FRA","VAFINCORP","NETOPERATING","PC_NVA","A","1983",37.8150087260035,
"FRA","VAFINCORP","NETOPERATING","PC_NVA","A","1984",39.5241773520779,
"FRA","VAFINCORP","NETOPERATING","PC_NVA","A","1985",40.6459648427548,
"FRA","VAFINCORP","NETOPERATING","PC_NVA","A","1986",42.5759280089989,
"FRA","VAFINCORP","NETOPERATING","PC_NVA","A","1987",40.0876575095875,
"FRA","VAFINCORP","NETOPERATING","PC_NVA","A","1988",41.5210932857992,
"FRA","VAFINCORP","NETOPERATING","PC_NVA","A","1989",47.8554939046616,
"FRA","VAFINCORP","NETOPERATING","PC_NVA","A","1990",44.4278494997647,
"FRA","VAFINCORP","NETOPERATING","PC_NVA","A","1991",42.0747879254145,
"FRA","VAFINCORP","NETOPERATING","PC_NVA","A","1992",40.4713278872337,
"FRA","VAFINCORP","NETOPERATING","PC_NVA","A","1993",42.5985460124941,
"FRA","VAFINCORP","NETOPERATING","PC_NVA","A","1994",40.6159750721994,
"FRA","VAFINCORP","NETOPERATING","PC_NVA","A","1995",28.7689822294023,
"FRA","VAFINCORP","NETOPERATING","PC_NVA","A","1996",28.4534314750533,
"FRA","VAFINCORP","NETOPERATING","PC_NVA","A","1997",24.7855511013406,
"FRA","VAFINCORP","NETOPERATING","PC_NVA","A","1998",22.9850107066381,
"FRA","VAFINCORP","NETOPERATING","PC_NVA","A","1999",25.7451446690448,
"FRA","VAFINCORP","NETOPERATING","PC_NVA","A","2000",33.3695172834899,
"FRA","VAFINCORP","NETOPERATING","PC_NVA","A","2001",28.336220289648,
"FRA","VAFINCORP","NETOPERATING","PC_NVA","A","2002",28.5376085783418,
"FRA","VAFINCORP","NETOPERATING","PC_NVA","A","2003",22.6349876291661,
"FRA","VAFINCORP","NETOPERATING","PC_NVA","A","2004",25.8598598931727,
"FRA","VAFINCORP","NETOPERATING","PC_NVA","A","2005",21.7145033869392,
"FRA","VAFINCORP","NETOPERATING","PC_NVA","A","2006",21.357740980923,
"FRA","VAFINCORP","NETOPERATING","PC_NVA","A","2007",22.0156040949475,
"FRA","VAFINCORP","NETOPERATING","PC_NVA","A","2008",19.0248476324426,
"FRA","VAFINCORP","NETOPERATING","PC_NVA","A","2009",18.9639585342334,
"FRA","VAFINCORP","NETOPERATING","PC_NVA","A","2010",30.0396474075215,
"FRA","VAFINCORP","NETOPERATING","PC_NVA","A","2011",25.8484493856056,
"FRA","VAFINCORP","NETOPERATING","PC_NVA","A","2012",22.2147088258365,
"FRA","VAFINCORP","NETOPERATING","PC_NVA","A","2013",25.7173857544039,
"FRA","VAFINCORP","NETOPERATING","PC_NVA","A","2014",28.593436689979,
"FRA","VAFINCORP","NETOPERATING","PC_NVA","A","2015",28.1801890873138,
"DEU","VAFINCORP","COMPEMPLOYEE","PC_NVA","A","1995",74.8670684154555,
"DEU","VAFINCORP","COMPEMPLOYEE","PC_NVA","A","1996",70.7362647703289,
"DEU","VAFINCORP","COMPEMPLOYEE","PC_NVA","A","1997",68.6404559880821,
"DEU","VAFINCORP","COMPEMPLOYEE","PC_NVA","A","1998",72.9722820236814,
"DEU","VAFINCORP","COMPEMPLOYEE","PC_NVA","A","1999",63.3303980878973,
"DEU","VAFINCORP","COMPEMPLOYEE","PC_NVA","A","2000",83.1333783936014,
"DEU","VAFINCORP","COMPEMPLOYEE","PC_NVA","A","2001",81.2452646390302,
"DEU","VAFINCORP","COMPEMPLOYEE","PC_NVA","A","2002",76.4023234787778,
"DEU","VAFINCORP","COMPEMPLOYEE","PC_NVA","A","2003",70.8949125633303,
"DEU","VAFINCORP","COMPEMPLOYEE","PC_NVA","A","2004",63.3297243274756,
"DEU","VAFINCORP","COMPEMPLOYEE","PC_NVA","A","2005",63.11964083901,
"DEU","VAFINCORP","COMPEMPLOYEE","PC_NVA","A","2006",62.7523331825844,
"DEU","VAFINCORP","COMPEMPLOYEE","PC_NVA","A","2007",67.5453156431029,
"DEU","VAFINCORP","COMPEMPLOYEE","PC_NVA","A","2008",75.3936632151548,
"DEU","VAFINCORP","COMPEMPLOYEE","PC_NVA","A","2009",65.120682480233,
"DEU","VAFINCORP","COMPEMPLOYEE","PC_NVA","A","2010",64.2768325285474,
"DEU","VAFINCORP","COMPEMPLOYEE","PC_NVA","A","2011",70.82770831028,
"DEU","VAFINCORP","COMPEMPLOYEE","PC_NVA","A","2012",68.649813752982,
"DEU","VAFINCORP","COMPEMPLOYEE","PC_NVA","A","2013",69.9619890329013,
"DEU","VAFINCORP","COMPEMPLOYEE","PC_NVA","A","2014",71.9077871820872,
"DEU","VAFINCORP","COMPEMPLOYEE","PC_NVA","A","2015",71.8688558340625,
"DEU","VAFINCORP","NETOPERATING","PC_NVA","A","1995",24.8252392768522,
"DEU","VAFINCORP","NETOPERATING","PC_NVA","A","1996",28.9639597252282,
"DEU","VAFINCORP","NETOPERATING","PC_NVA","A","1997",31.0538247295809,
"DEU","VAFINCORP","NETOPERATING","PC_NVA","A","1998",26.7061356297094,
"DEU","VAFINCORP","NETOPERATING","PC_NVA","A","1999",36.3917065974406,
"DEU","VAFINCORP","NETOPERATING","PC_NVA","A","2000",16.5244451954489,
"DEU","VAFINCORP","NETOPERATING","PC_NVA","A","2001",18.4246130533608,
"DEU","VAFINCORP","NETOPERATING","PC_NVA","A","2002",23.2967141848627,
"DEU","VAFINCORP","NETOPERATING","PC_NVA","A","2003",28.8167448810441,
"DEU","VAFINCORP","NETOPERATING","PC_NVA","A","2004",36.4120929457816,
"DEU","VAFINCORP","NETOPERATING","PC_NVA","A","2005",36.6232231173598,
"DEU","VAFINCORP","NETOPERATING","PC_NVA","A","2006",36.9968753854376,
"DEU","VAFINCORP","NETOPERATING","PC_NVA","A","2007",32.1754806371121,
"DEU","VAFINCORP","NETOPERATING","PC_NVA","A","2008",24.3081070763945,
"DEU","VAFINCORP","NETOPERATING","PC_NVA","A","2009",34.6244277985851,
"DEU","VAFINCORP","NETOPERATING","PC_NVA","A","2010",35.4682610407643,
"DEU","VAFINCORP","NETOPERATING","PC_NVA","A","2011",28.0745822728782,
"DEU","VAFINCORP","NETOPERATING","PC_NVA","A","2012",30.1824802243335,
"DEU","VAFINCORP","NETOPERATING","PC_NVA","A","2013",28.9350697906281,
"DEU","VAFINCORP","NETOPERATING","PC_NVA","A","2014",26.988183680649,
"DEU","VAFINCORP","NETOPERATING","PC_NVA","A","2015",25.7882546708529,
"GRC","VAFINCORP","COMPEMPLOYEE","PC_NVA","A","1995",58.1553498347623,
"GRC","VAFINCORP","COMPEMPLOYEE","PC_NVA","A","1996",59.2010078522822,
"GRC","VAFINCORP","COMPEMPLOYEE","PC_NVA","A","1997",59.9219337536766,
"GRC","VAFINCORP","COMPEMPLOYEE","PC_NVA","A","1998",54.5293442191663,
"GRC","VAFINCORP","COMPEMPLOYEE","PC_NVA","A","1999",61.5339823881108,
"GRC","VAFINCORP","COMPEMPLOYEE","PC_NVA","A","2000",55.5956727135663,
"GRC","VAFINCORP","COMPEMPLOYEE","PC_NVA","A","2001",62.9855154177044,
"GRC","VAFINCORP","COMPEMPLOYEE","PC_NVA","A","2002",64.8275363253964,
"GRC","VAFINCORP","COMPEMPLOYEE","PC_NVA","A","2003",61.4893603815067,
"GRC","VAFINCORP","COMPEMPLOYEE","PC_NVA","A","2004",51.2297395649575,
"GRC","VAFINCORP","COMPEMPLOYEE","PC_NVA","A","2005",54.137791422987,
"GRC","VAFINCORP","COMPEMPLOYEE","PC_NVA","A","2006",55.8646818803868,
"GRC","VAFINCORP","COMPEMPLOYEE","PC_NVA","A","2007",61.8092388429723,
"GRC","VAFINCORP","COMPEMPLOYEE","PC_NVA","A","2008",63.5176326966014,
"GRC","VAFINCORP","COMPEMPLOYEE","PC_NVA","A","2009",62.9117366886572,
"GRC","VAFINCORP","COMPEMPLOYEE","PC_NVA","A","2010",55.4461971269661,
"GRC","VAFINCORP","COMPEMPLOYEE","PC_NVA","A","2011",59.4176554125096,
"GRC","VAFINCORP","COMPEMPLOYEE","PC_NVA","A","2012",52.9550976640845,
"GRC","VAFINCORP","COMPEMPLOYEE","PC_NVA","A","2013",48.7492006163411,
"GRC","VAFINCORP","COMPEMPLOYEE","PC_NVA","A","2014",43.372519701806,
"GRC","VAFINCORP","COMPEMPLOYEE","PC_NVA","A","2015",41.9944721195592,
"GRC","VAFINCORP","NETOPERATING","PC_NVA","A","1995",39.4522765891374,
"GRC","VAFINCORP","NETOPERATING","PC_NVA","A","1996",38.0536232523695,
"GRC","VAFINCORP","NETOPERATING","PC_NVA","A","1997",37.5019340904071,
"GRC","VAFINCORP","NETOPERATING","PC_NVA","A","1998",43.0711282343616,
"GRC","VAFINCORP","NETOPERATING","PC_NVA","A","1999",35.3959307423714,
"GRC","VAFINCORP","NETOPERATING","PC_NVA","A","2000",41.669275858027,
"GRC","VAFINCORP","NETOPERATING","PC_NVA","A","2001",34.5315765448417,
"GRC","VAFINCORP","NETOPERATING","PC_NVA","A","2002",32.9838357499884,
"GRC","VAFINCORP","NETOPERATING","PC_NVA","A","2003",36.4329407541505,
"GRC","VAFINCORP","NETOPERATING","PC_NVA","A","2004",47.0513437395041,
"GRC","VAFINCORP","NETOPERATING","PC_NVA","A","2005",44.0584188942058,
"GRC","VAFINCORP","NETOPERATING","PC_NVA","A","2006",42.0683348496845,
"GRC","VAFINCORP","NETOPERATING","PC_NVA","A","2007",36.1010533229808,
"GRC","VAFINCORP","NETOPERATING","PC_NVA","A","2008",33.4754579802779,
"GRC","VAFINCORP","NETOPERATING","PC_NVA","A","2009",33.7805486977037,
"GRC","VAFINCORP","NETOPERATING","PC_NVA","A","2010",42.0218407619476,
"GRC","VAFINCORP","NETOPERATING","PC_NVA","A","2011",37.0878106924064,
"GRC","VAFINCORP","NETOPERATING","PC_NVA","A","2012",42.8412220523178,
"GRC","VAFINCORP","NETOPERATING","PC_NVA","A","2013",46.9125772830046,
"GRC","VAFINCORP","NETOPERATING","PC_NVA","A","2014",52.42242604883,
"GRC","VAFINCORP","NETOPERATING","PC_NVA","A","2015",53.218316065486,
"HUN","VAFINCORP","COMPEMPLOYEE","PC_NVA","A","1995",50.464382721458,
"HUN","VAFINCORP","COMPEMPLOYEE","PC_NVA","A","1996",45.8954601301439,
"HUN","VAFINCORP","COMPEMPLOYEE","PC_NVA","A","1997",58.0174331502247,
"HUN","VAFINCORP","COMPEMPLOYEE","PC_NVA","A","1998",58.4805647932874,
"HUN","VAFINCORP","COMPEMPLOYEE","PC_NVA","A","1999",71.743394358868,
"HUN","VAFINCORP","COMPEMPLOYEE","PC_NVA","A","2000",60.4997468079202,
"HUN","VAFINCORP","COMPEMPLOYEE","PC_NVA","A","2001",60.1417609572116,
"HUN","VAFINCORP","COMPEMPLOYEE","PC_NVA","A","2002",54.8835826532027,
"HUN","VAFINCORP","COMPEMPLOYEE","PC_NVA","A","2003",51.5362876555829,
"HUN","VAFINCORP","COMPEMPLOYEE","PC_NVA","A","2004",50.8754728391606,
"HUN","VAFINCORP","COMPEMPLOYEE","PC_NVA","A","2005",48.3461411607462,
"HUN","VAFINCORP","COMPEMPLOYEE","PC_NVA","A","2006",49.268086473319,
"HUN","VAFINCORP","COMPEMPLOYEE","PC_NVA","A","2007",58.6103951001879,
"HUN","VAFINCORP","COMPEMPLOYEE","PC_NVA","A","2008",62.23078193681,
"HUN","VAFINCORP","COMPEMPLOYEE","PC_NVA","A","2009",55.6245058590442,
"HUN","VAFINCORP","COMPEMPLOYEE","PC_NVA","A","2010",56.2706712598809,
"HUN","VAFINCORP","COMPEMPLOYEE","PC_NVA","A","2011",52.2388029174388,
"HUN","VAFINCORP","COMPEMPLOYEE","PC_NVA","A","2012",56.8892972453115,
"HUN","VAFINCORP","COMPEMPLOYEE","PC_NVA","A","2013",61.1624001657298,
"HUN","VAFINCORP","COMPEMPLOYEE","PC_NVA","A","2014",58.6623222093388,
"HUN","VAFINCORP","COMPEMPLOYEE","PC_NVA","A","2015",60.5762814284441,
"HUN","VAFINCORP","NETOPERATING","PC_NVA","A","1995",49.4095427241839,
"HUN","VAFINCORP","NETOPERATING","PC_NVA","A","1996",53.904697620095,
"HUN","VAFINCORP","NETOPERATING","PC_NVA","A","1997",41.6659100195215,
"HUN","VAFINCORP","NETOPERATING","PC_NVA","A","1998",41.2516227343032,
"HUN","VAFINCORP","NETOPERATING","PC_NVA","A","1999",27.824659847236,
"HUN","VAFINCORP","NETOPERATING","PC_NVA","A","2000",39.1060173887171,
"HUN","VAFINCORP","NETOPERATING","PC_NVA","A","2001",39.9823123943296,
"HUN","VAFINCORP","NETOPERATING","PC_NVA","A","2002",45.1786887254656,
"HUN","VAFINCORP","NETOPERATING","PC_NVA","A","2003",48.5138768392932,
"HUN","VAFINCORP","NETOPERATING","PC_NVA","A","2004",49.1385981956143,
"HUN","VAFINCORP","NETOPERATING","PC_NVA","A","2005",51.6718939731771,
"HUN","VAFINCORP","NETOPERATING","PC_NVA","A","2006",50.7130635745309,
"HUN","VAFINCORP","NETOPERATING","PC_NVA","A","2007",41.3726044265557,
"HUN","VAFINCORP","NETOPERATING","PC_NVA","A","2008",37.0535591385022,
"HUN","VAFINCORP","NETOPERATING","PC_NVA","A","2009",43.9579482799999,
"HUN","VAFINCORP","NETOPERATING","PC_NVA","A","2010",29.0915882403043,
"HUN","VAFINCORP","NETOPERATING","PC_NVA","A","2011",32.8193454170604,
"HUN","VAFINCORP","NETOPERATING","PC_NVA","A","2012",26.9689839939548,
"HUN","VAFINCORP","NETOPERATING","PC_NVA","A","2013",23.5062038731241,
"HUN","VAFINCORP","NETOPERATING","PC_NVA","A","2014",26.8786180460572,
"HUN","VAFINCORP","NETOPERATING","PC_NVA","A","2015",25.1452550032279,
"IRL","VAFINCORP","COMPEMPLOYEE","PC_NVA","A","1999",41.1249330995917,
"IRL","VAFINCORP","COMPEMPLOYEE","PC_NVA","A","2000",38.4723465069586,
"IRL","VAFINCORP","COMPEMPLOYEE","PC_NVA","A","2001",38.50981919636,
"IRL","VAFINCORP","COMPEMPLOYEE","PC_NVA","A","2002",38.6277364273587,
"IRL","VAFINCORP","COMPEMPLOYEE","PC_NVA","A","2003",32.5637852656908,
"IRL","VAFINCORP","COMPEMPLOYEE","PC_NVA","A","2004",34.0205207039395,
"IRL","VAFINCORP","COMPEMPLOYEE","PC_NVA","A","2005",33.7231049017248,
"IRL","VAFINCORP","COMPEMPLOYEE","PC_NVA","A","2006",36.5058483761942,
"IRL","VAFINCORP","COMPEMPLOYEE","PC_NVA","A","2007",36.9893656516012,
"IRL","VAFINCORP","COMPEMPLOYEE","PC_NVA","A","2008",40.7770656306825,
"IRL","VAFINCORP","COMPEMPLOYEE","PC_NVA","A","2009",40.9955942375391,
"IRL","VAFINCORP","COMPEMPLOYEE","PC_NVA","A","2010",39.0441003247844,
"IRL","VAFINCORP","COMPEMPLOYEE","PC_NVA","A","2011",44.2799172023251,
"IRL","VAFINCORP","COMPEMPLOYEE","PC_NVA","A","2012",47.6102596743399,
"IRL","VAFINCORP","COMPEMPLOYEE","PC_NVA","A","2013",51.1955957409904,
"IRL","VAFINCORP","COMPEMPLOYEE","PC_NVA","A","2014",44.7373701196532,
"IRL","VAFINCORP","COMPEMPLOYEE","PC_NVA","A","2015",46.7416147486452,
"IRL","VAFINCORP","NETOPERATING","PC_NVA","A","1999",57.5210487822438,
"IRL","VAFINCORP","NETOPERATING","PC_NVA","A","2000",59.6322171710284,
"IRL","VAFINCORP","NETOPERATING","PC_NVA","A","2001",59.8291852016009,
"IRL","VAFINCORP","NETOPERATING","PC_NVA","A","2002",59.7224502086055,
"IRL","VAFINCORP","NETOPERATING","PC_NVA","A","2003",66.0604058453243,
"IRL","VAFINCORP","NETOPERATING","PC_NVA","A","2004",64.8886189787556,
"IRL","VAFINCORP","NETOPERATING","PC_NVA","A","2005",63.9004936263522,
"IRL","VAFINCORP","NETOPERATING","PC_NVA","A","2006",61.5117289138275,
"IRL","VAFINCORP","NETOPERATING","PC_NVA","A","2007",61.3330594926833,
"IRL","VAFINCORP","NETOPERATING","PC_NVA","A","2008",57.3203526362729,
"IRL","VAFINCORP","NETOPERATING","PC_NVA","A","2009",57.4984940829339,
"IRL","VAFINCORP","NETOPERATING","PC_NVA","A","2010",59.9054811588789,
"IRL","VAFINCORP","NETOPERATING","PC_NVA","A","2011",54.8961238770346,
"IRL","VAFINCORP","NETOPERATING","PC_NVA","A","2012",51.010440734861,
"IRL","VAFINCORP","NETOPERATING","PC_NVA","A","2013",47.2232113366142,
"IRL","VAFINCORP","NETOPERATING","PC_NVA","A","2014",52.7950952779834,
"IRL","VAFINCORP","NETOPERATING","PC_NVA","A","2015",50.5615521058871,
"ITA","VAFINCORP","COMPEMPLOYEE","PC_NVA","A","1995",71.4493957291839,
"ITA","VAFINCORP","COMPEMPLOYEE","PC_NVA","A","1996",71.8692714607448,
"ITA","VAFINCORP","COMPEMPLOYEE","PC_NVA","A","1997",79.0126729345147,
"ITA","VAFINCORP","COMPEMPLOYEE","PC_NVA","A","1998",66.5983732831551,
"ITA","VAFINCORP","COMPEMPLOYEE","PC_NVA","A","1999",63.4658333265161,
"ITA","VAFINCORP","COMPEMPLOYEE","PC_NVA","A","2000",58.1332573377452,
"ITA","VAFINCORP","COMPEMPLOYEE","PC_NVA","A","2001",53.7921033215453,
"ITA","VAFINCORP","COMPEMPLOYEE","PC_NVA","A","2002",56.5889570256661,
"ITA","VAFINCORP","COMPEMPLOYEE","PC_NVA","A","2003",52.2842970998948,
"ITA","VAFINCORP","COMPEMPLOYEE","PC_NVA","A","2004",53.3578613296544,
"ITA","VAFINCORP","COMPEMPLOYEE","PC_NVA","A","2005",51.5631164098305,
"ITA","VAFINCORP","COMPEMPLOYEE","PC_NVA","A","2006",53.2066094112057,
"ITA","VAFINCORP","COMPEMPLOYEE","PC_NVA","A","2007",49.0282901955493,
"ITA","VAFINCORP","COMPEMPLOYEE","PC_NVA","A","2008",50.4413637411881,
"ITA","VAFINCORP","COMPEMPLOYEE","PC_NVA","A","2009",53.6982770029617,
"ITA","VAFINCORP","COMPEMPLOYEE","PC_NVA","A","2010",52.1824226516744,
"ITA","VAFINCORP","COMPEMPLOYEE","PC_NVA","A","2011",50.5095164375506,
"ITA","VAFINCORP","COMPEMPLOYEE","PC_NVA","A","2012",50.5803269101702,
"ITA","VAFINCORP","COMPEMPLOYEE","PC_NVA","A","2013",45.8619736897328,
"ITA","VAFINCORP","COMPEMPLOYEE","PC_NVA","A","2014",44.0657695437465,
"ITA","VAFINCORP","COMPEMPLOYEE","PC_NVA","A","2015",44.6055368435448,
"ITA","VAFINCORP","COMPEMPLOYEE","PC_NVA","A","2016",48.8823688090549,
"ITA","VAFINCORP","NETOPERATING","PC_NVA","A","1995",28.320237905628,
"ITA","VAFINCORP","NETOPERATING","PC_NVA","A","1996",27.8465929921961,
"ITA","VAFINCORP","NETOPERATING","PC_NVA","A","1997",20.5863276689584,
"ITA","VAFINCORP","NETOPERATING","PC_NVA","A","1998",26.3634315551912,
"ITA","VAFINCORP","NETOPERATING","PC_NVA","A","1999",30.8139908586575,
"ITA","VAFINCORP","NETOPERATING","PC_NVA","A","2000",36.1310822867628,
"ITA","VAFINCORP","NETOPERATING","PC_NVA","A","2001",40.2402478804265,
"ITA","VAFINCORP","NETOPERATING","PC_NVA","A","2002",37.1304273311136,
"ITA","VAFINCORP","NETOPERATING","PC_NVA","A","2003",41.7938067521905,
"ITA","VAFINCORP","NETOPERATING","PC_NVA","A","2004",40.9978708572586,
"ITA","VAFINCORP","NETOPERATING","PC_NVA","A","2005",42.5599275584012,
"ITA","VAFINCORP","NETOPERATING","PC_NVA","A","2006",40.6155831788611,
"ITA","VAFINCORP","NETOPERATING","PC_NVA","A","2007",45.1689351140024,
"ITA","VAFINCORP","NETOPERATING","PC_NVA","A","2008",44.1179423685175,
"ITA","VAFINCORP","NETOPERATING","PC_NVA","A","2009",41.0689135948105,
"ITA","VAFINCORP","NETOPERATING","PC_NVA","A","2010",42.261220704782,
"ITA","VAFINCORP","NETOPERATING","PC_NVA","A","2011",43.8614225858845,
"ITA","VAFINCORP","NETOPERATING","PC_NVA","A","2012",42.6240684544866,
"ITA","VAFINCORP","NETOPERATING","PC_NVA","A","2013",45.4001916611096,
"ITA","VAFINCORP","NETOPERATING","PC_NVA","A","2014",50.5456609427348,
"ITA","VAFINCORP","NETOPERATING","PC_NVA","A","2015",47.4940610504166,
"ITA","VAFINCORP","NETOPERATING","PC_NVA","A","2016",47.6108300661082,
"KOR","VAFINCORP","COMPEMPLOYEE","PC_NVA","A","2010",45.3838286941976,
"KOR","VAFINCORP","COMPEMPLOYEE","PC_NVA","A","2011",43.172731398902,
"KOR","VAFINCORP","COMPEMPLOYEE","PC_NVA","A","2012",43.7448978066175,
"KOR","VAFINCORP","COMPEMPLOYEE","PC_NVA","A","2013",46.715588721749,
"KOR","VAFINCORP","COMPEMPLOYEE","PC_NVA","A","2014",47.0145310435931,
"KOR","VAFINCORP","NETOPERATING","PC_NVA","A","2010",54.1452547626787,
"KOR","VAFINCORP","NETOPERATING","PC_NVA","A","2011",56.3998415759149,
"KOR","VAFINCORP","NETOPERATING","PC_NVA","A","2012",55.7862237040803,
"KOR","VAFINCORP","NETOPERATING","PC_NVA","A","2013",52.7817874246653,
"KOR","VAFINCORP","NETOPERATING","PC_NVA","A","2014",52.469376726312,
"LUX","VAFINCORP","COMPEMPLOYEE","PC_NVA","A","2010",41.8199904712541,
"LUX","VAFINCORP","COMPEMPLOYEE","PC_NVA","A","2011",42.8388409709188,
"LUX","VAFINCORP","COMPEMPLOYEE","PC_NVA","A","2012",44.4230416148645,
"LUX","VAFINCORP","COMPEMPLOYEE","PC_NVA","A","2013",43.7661223518023,
"LUX","VAFINCORP","COMPEMPLOYEE","PC_NVA","A","2014",40.9611611625921,
"LUX","VAFINCORP","COMPEMPLOYEE","PC_NVA","A","2015",37.6988660543011,
"LUX","VAFINCORP","NETOPERATING","PC_NVA","A","2010",51.6450699210999,
"LUX","VAFINCORP","NETOPERATING","PC_NVA","A","2011",50.7938800902592,
"LUX","VAFINCORP","NETOPERATING","PC_NVA","A","2012",48.9309601372299,
"LUX","VAFINCORP","NETOPERATING","PC_NVA","A","2013",49.2195355188569,
"LUX","VAFINCORP","NETOPERATING","PC_NVA","A","2014",51.8743991737634,
"LUX","VAFINCORP","NETOPERATING","PC_NVA","A","2015",54.6731886003103,
"MEX","VAFINCORP","COMPEMPLOYEE","PC_NVA","A","2003",31.1092551348676,
"MEX","VAFINCORP","COMPEMPLOYEE","PC_NVA","A","2004",28.4643300755436,
"MEX","VAFINCORP","COMPEMPLOYEE","PC_NVA","A","2005",24.9852490271179,
"MEX","VAFINCORP","COMPEMPLOYEE","PC_NVA","A","2006",25.5349896997316,
"MEX","VAFINCORP","COMPEMPLOYEE","PC_NVA","A","2007",24.9400333266114,
"MEX","VAFINCORP","COMPEMPLOYEE","PC_NVA","A","2008",26.1960782422966,
"MEX","VAFINCORP","COMPEMPLOYEE","PC_NVA","A","2009",25.6975526581598,
"MEX","VAFINCORP","COMPEMPLOYEE","PC_NVA","A","2010",26.1706695723893,
"MEX","VAFINCORP","COMPEMPLOYEE","PC_NVA","A","2011",27.2769672501494,
"MEX","VAFINCORP","COMPEMPLOYEE","PC_NVA","A","2012",27.4480378925358,
"MEX","VAFINCORP","COMPEMPLOYEE","PC_NVA","A","2013",25.432850367786,
"MEX","VAFINCORP","COMPEMPLOYEE","PC_NVA","A","2014",26.7733377687222,
"MEX","VAFINCORP","COMPEMPLOYEE","PC_NVA","A","2015",25.9924175015253,
"MEX","VAFINCORP","NETOPERATING","PC_NVA","A","2003",66.5790233440568,
"MEX","VAFINCORP","NETOPERATING","PC_NVA","A","2004",69.6411126876986,
"MEX","VAFINCORP","NETOPERATING","PC_NVA","A","2005",72.5365875286919,
"MEX","VAFINCORP","NETOPERATING","PC_NVA","A","2006",71.9083588238966,
"MEX","VAFINCORP","NETOPERATING","PC_NVA","A","2007",72.4893598955625,
"MEX","VAFINCORP","NETOPERATING","PC_NVA","A","2008",71.1039164541216,
"MEX","VAFINCORP","NETOPERATING","PC_NVA","A","2009",71.4063643861259,
"MEX","VAFINCORP","NETOPERATING","PC_NVA","A","2010",70.5528553677986,
"MEX","VAFINCORP","NETOPERATING","PC_NVA","A","2011",69.1961097450013,
"MEX","VAFINCORP","NETOPERATING","PC_NVA","A","2012",68.8686502076099,
"MEX","VAFINCORP","NETOPERATING","PC_NVA","A","2013",71.1451333246228,
"MEX","VAFINCORP","NETOPERATING","PC_NVA","A","2014",69.8171233731132,
"MEX","VAFINCORP","NETOPERATING","PC_NVA","A","2015",70.6052936105079,
"NLD","VAFINCORP","COMPEMPLOYEE","PC_NVA","A","1995",50.7152644560154,
"NLD","VAFINCORP","COMPEMPLOYEE","PC_NVA","A","1996",51.7730496453901,
"NLD","VAFINCORP","COMPEMPLOYEE","PC_NVA","A","1997",54.9539931879416,
"NLD","VAFINCORP","COMPEMPLOYEE","PC_NVA","A","1998",57.3070850601934,
"NLD","VAFINCORP","COMPEMPLOYEE","PC_NVA","A","1999",59.2460426388508,
"NLD","VAFINCORP","COMPEMPLOYEE","PC_NVA","A","2000",62.5290379136533,
"NLD","VAFINCORP","COMPEMPLOYEE","PC_NVA","A","2001",58.6923688394277,
"NLD","VAFINCORP","COMPEMPLOYEE","PC_NVA","A","2002",62.6724957232465,
"NLD","VAFINCORP","COMPEMPLOYEE","PC_NVA","A","2003",59.637495422922,
"NLD","VAFINCORP","COMPEMPLOYEE","PC_NVA","A","2004",57.513314072888,
"NLD","VAFINCORP","COMPEMPLOYEE","PC_NVA","A","2005",58.4731314784506,
"NLD","VAFINCORP","COMPEMPLOYEE","PC_NVA","A","2006",63.4602395933312,
"NLD","VAFINCORP","COMPEMPLOYEE","PC_NVA","A","2007",73.0486563901557,
"NLD","VAFINCORP","COMPEMPLOYEE","PC_NVA","A","2008",71.2612938200217,
"NLD","VAFINCORP","COMPEMPLOYEE","PC_NVA","A","2009",51.0892574827836,
"NLD","VAFINCORP","COMPEMPLOYEE","PC_NVA","A","2010",43.6386269854077,
"NLD","VAFINCORP","COMPEMPLOYEE","PC_NVA","A","2011",46.2792431054796,
"NLD","VAFINCORP","COMPEMPLOYEE","PC_NVA","A","2012",42.4773307509464,
"NLD","VAFINCORP","COMPEMPLOYEE","PC_NVA","A","2013",45.7340558939448,
"NLD","VAFINCORP","COMPEMPLOYEE","PC_NVA","A","2014",46.3817884108069,
"NLD","VAFINCORP","COMPEMPLOYEE","PC_NVA","A","2015",45.2366419382102,
"NLD","VAFINCORP","COMPEMPLOYEE","PC_NVA","A","2016",48.519980886754,"E"
"NLD","VAFINCORP","NETOPERATING","PC_NVA","A","1995",48.4516305837216,
"NLD","VAFINCORP","NETOPERATING","PC_NVA","A","1996",47.4383402138245,
"NLD","VAFINCORP","NETOPERATING","PC_NVA","A","1997",44.2377103350109,
"NLD","VAFINCORP","NETOPERATING","PC_NVA","A","1998",41.8788237615946,
"NLD","VAFINCORP","NETOPERATING","PC_NVA","A","1999",39.8847104035136,
"NLD","VAFINCORP","NETOPERATING","PC_NVA","A","2000",36.5724304185843,
"NLD","VAFINCORP","NETOPERATING","PC_NVA","A","2001",40.4689984101749,
"NLD","VAFINCORP","NETOPERATING","PC_NVA","A","2002",36.3086865614902,
"NLD","VAFINCORP","NETOPERATING","PC_NVA","A","2003",39.4214573416331,
"NLD","VAFINCORP","NETOPERATING","PC_NVA","A","2004",41.6234466914964,
"NLD","VAFINCORP","NETOPERATING","PC_NVA","A","2005",40.5687397708674,
"NLD","VAFINCORP","NETOPERATING","PC_NVA","A","2006",35.4768760442217,
"NLD","VAFINCORP","NETOPERATING","PC_NVA","A","2007",25.7528360909057,
"NLD","VAFINCORP","NETOPERATING","PC_NVA","A","2008",27.6581134803036,
"NLD","VAFINCORP","NETOPERATING","PC_NVA","A","2009",48.1256196575471,
"NLD","VAFINCORP","NETOPERATING","PC_NVA","A","2010",55.732036238733,
"NLD","VAFINCORP","NETOPERATING","PC_NVA","A","2011",52.9850207977687,
"NLD","VAFINCORP","NETOPERATING","PC_NVA","A","2012",55.9028083458051,
"NLD","VAFINCORP","NETOPERATING","PC_NVA","A","2013",52.4364027230383,
"NLD","VAFINCORP","NETOPERATING","PC_NVA","A","2014",49.4587464750296,
"NLD","VAFINCORP","NETOPERATING","PC_NVA","A","2015",51.9884496196826,
"NLD","VAFINCORP","NETOPERATING","PC_NVA","A","2016",47.3354626159998,
"NOR","VAFINCORP","COMPEMPLOYEE","PC_NVA","A","1978",62.3422657025379,
"NOR","VAFINCORP","COMPEMPLOYEE","PC_NVA","A","1979",58.3747293338428,
"NOR","VAFINCORP","COMPEMPLOYEE","PC_NVA","A","1980",56.3755550856418,
"NOR","VAFINCORP","COMPEMPLOYEE","PC_NVA","A","1981",50.3874092009685,
"NOR","VAFINCORP","COMPEMPLOYEE","PC_NVA","A","1982",49.480093035983,
"NOR","VAFINCORP","COMPEMPLOYEE","PC_NVA","A","1983",51.7561006368623,
"NOR","VAFINCORP","COMPEMPLOYEE","PC_NVA","A","1984",62.101607191501,
"NOR","VAFINCORP","COMPEMPLOYEE","PC_NVA","A","1985",62.2696817420435,
"NOR","VAFINCORP","COMPEMPLOYEE","PC_NVA","A","1986",54.9738920872942,
"NOR","VAFINCORP","COMPEMPLOYEE","PC_NVA","A","1987",44.832016445044,
"NOR","VAFINCORP","COMPEMPLOYEE","PC_NVA","A","1988",50.2192331783866,
"NOR","VAFINCORP","COMPEMPLOYEE","PC_NVA","A","1989",48.8973188452389,
"NOR","VAFINCORP","COMPEMPLOYEE","PC_NVA","A","1990",50.1417062064134,
"NOR","VAFINCORP","COMPEMPLOYEE","PC_NVA","A","1991",49.9416495820849,
"NOR","VAFINCORP","COMPEMPLOYEE","PC_NVA","A","1992",46.8381404003722,
"NOR","VAFINCORP","COMPEMPLOYEE","PC_NVA","A","1993",45.7068366164542,
"NOR","VAFINCORP","COMPEMPLOYEE","PC_NVA","A","1994",44.8659556068031,
"NOR","VAFINCORP","COMPEMPLOYEE","PC_NVA","A","1995",48.9732383404179,
"NOR","VAFINCORP","COMPEMPLOYEE","PC_NVA","A","1996",54.153112821669,
"NOR","VAFINCORP","COMPEMPLOYEE","PC_NVA","A","1997",51.3732702221954,
"NOR","VAFINCORP","COMPEMPLOYEE","PC_NVA","A","1998",50.1338938639178,
"NOR","VAFINCORP","COMPEMPLOYEE","PC_NVA","A","1999",58.9945694336695,
"NOR","VAFINCORP","COMPEMPLOYEE","PC_NVA","A","2000",58.329126703685,
"NOR","VAFINCORP","COMPEMPLOYEE","PC_NVA","A","2001",61.1377655928718,
"NOR","VAFINCORP","COMPEMPLOYEE","PC_NVA","A","2002",62.5166978359605,
"NOR","VAFINCORP","COMPEMPLOYEE","PC_NVA","A","2003",46.7233811133124,
"NOR","VAFINCORP","COMPEMPLOYEE","PC_NVA","A","2004",41.1078578021069,
"NOR","VAFINCORP","COMPEMPLOYEE","PC_NVA","A","2005",41.9225715769854,
"NOR","VAFINCORP","COMPEMPLOYEE","PC_NVA","A","2006",47.8407340862423,
"NOR","VAFINCORP","COMPEMPLOYEE","PC_NVA","A","2007",45.6153398872226,
"NOR","VAFINCORP","COMPEMPLOYEE","PC_NVA","A","2008",50.3229974160207,
"NOR","VAFINCORP","COMPEMPLOYEE","PC_NVA","A","2009",44.119602826648,
"NOR","VAFINCORP","COMPEMPLOYEE","PC_NVA","A","2010",44.8464303125815,
"NOR","VAFINCORP","COMPEMPLOYEE","PC_NVA","A","2011",46.858489799236,
"NOR","VAFINCORP","COMPEMPLOYEE","PC_NVA","A","2012",39.0601906591782,
"NOR","VAFINCORP","COMPEMPLOYEE","PC_NVA","A","2013",35.6159785162806,
"NOR","VAFINCORP","COMPEMPLOYEE","PC_NVA","A","2014",35.754659874374,
"NOR","VAFINCORP","COMPEMPLOYEE","PC_NVA","A","2015",38.4530044213858,
"NOR","VAFINCORP","COMPEMPLOYEE","PC_NVA","A","2016",37.4933707689908,
"NOR","VAFINCORP","NETOPERATING","PC_NVA","A","1978",39.0330355876932,
"NOR","VAFINCORP","NETOPERATING","PC_NVA","A","1979",43.0136288370908,
"NOR","VAFINCORP","NETOPERATING","PC_NVA","A","1980",45.0095157538592,
"NOR","VAFINCORP","NETOPERATING","PC_NVA","A","1981",50.9120258272801,
"NOR","VAFINCORP","NETOPERATING","PC_NVA","A","1982",52.0454234505404,
"NOR","VAFINCORP","NETOPERATING","PC_NVA","A","1983",50.5643483195662,
"NOR","VAFINCORP","NETOPERATING","PC_NVA","A","1984",41.0651048760556,
"NOR","VAFINCORP","NETOPERATING","PC_NVA","A","1985",42.0495333811917,
"NOR","VAFINCORP","NETOPERATING","PC_NVA","A","1986",47.7707859151158,
"NOR","VAFINCORP","NETOPERATING","PC_NVA","A","1987",57.2621571272564,
"NOR","VAFINCORP","NETOPERATING","PC_NVA","A","1988",51.3269376586556,
"NOR","VAFINCORP","NETOPERATING","PC_NVA","A","1989",53.17623609593,
"NOR","VAFINCORP","NETOPERATING","PC_NVA","A","1990",53.7146132535108,
"NOR","VAFINCORP","NETOPERATING","PC_NVA","A","1991",56.7859958997004,
"NOR","VAFINCORP","NETOPERATING","PC_NVA","A","1992",57.1325670038116,
"NOR","VAFINCORP","NETOPERATING","PC_NVA","A","1993",61.8308227114716,
"NOR","VAFINCORP","NETOPERATING","PC_NVA","A","1994",62.7961948688383,
"NOR","VAFINCORP","NETOPERATING","PC_NVA","A","1995",55.3583188648746,
"NOR","VAFINCORP","NETOPERATING","PC_NVA","A","1996",50.1787497181874,
"NOR","VAFINCORP","NETOPERATING","PC_NVA","A","1997",51.584310651512,
"NOR","VAFINCORP","NETOPERATING","PC_NVA","A","1998",53.1717008839874,
"NOR","VAFINCORP","NETOPERATING","PC_NVA","A","1999",45.1233514352211,
"NOR","VAFINCORP","NETOPERATING","PC_NVA","A","2000",45.0305681754445,
"NOR","VAFINCORP","NETOPERATING","PC_NVA","A","2001",42.0699108978753,
"NOR","VAFINCORP","NETOPERATING","PC_NVA","A","2002",41.2102591504141,
"NOR","VAFINCORP","NETOPERATING","PC_NVA","A","2003",56.3162801538282,
"NOR","VAFINCORP","NETOPERATING","PC_NVA","A","2004",62.0985964800611,
"NOR","VAFINCORP","NETOPERATING","PC_NVA","A","2005",61.1162037461423,
"NOR","VAFINCORP","NETOPERATING","PC_NVA","A","2006",55.6083162217659,
"NOR","VAFINCORP","NETOPERATING","PC_NVA","A","2007",57.0783356546903,
"NOR","VAFINCORP","NETOPERATING","PC_NVA","A","2008",52.5866709732989,
"NOR","VAFINCORP","NETOPERATING","PC_NVA","A","2009",58.7138075219493,
"NOR","VAFINCORP","NETOPERATING","PC_NVA","A","2010",58.2963911973787,
"NOR","VAFINCORP","NETOPERATING","PC_NVA","A","2011",56.4624191544455,
"NOR","VAFINCORP","NETOPERATING","PC_NVA","A","2012",63.9262488915164,
"NOR","VAFINCORP","NETOPERATING","PC_NVA","A","2013",66.9925249101434,
"NOR","VAFINCORP","NETOPERATING","PC_NVA","A","2014",66.6588052168581,
"NOR","VAFINCORP","NETOPERATING","PC_NVA","A","2015",63.9208392475487,
"NOR","VAFINCORP","NETOPERATING","PC_NVA","A","2016",64.8401185462486,
"POL","VAFINCORP","COMPEMPLOYEE","PC_NVA","A","1995",64.4997694790226,
"POL","VAFINCORP","COMPEMPLOYEE","PC_NVA","A","1996",61.4834578441836,
"POL","VAFINCORP","COMPEMPLOYEE","PC_NVA","A","1997",53.3154978024078,
"POL","VAFINCORP","COMPEMPLOYEE","PC_NVA","A","1998",63.0417360212071,
"POL","VAFINCORP","COMPEMPLOYEE","PC_NVA","A","1999",68.2072681174731,
"POL","VAFINCORP","COMPEMPLOYEE","PC_NVA","A","2000",51.8168168168168,
"POL","VAFINCORP","COMPEMPLOYEE","PC_NVA","A","2001",60.9643891634009,
"POL","VAFINCORP","COMPEMPLOYEE","PC_NVA","A","2002",58.0786026200873,
"POL","VAFINCORP","COMPEMPLOYEE","PC_NVA","A","2003",54.5878826803682,
"POL","VAFINCORP","COMPEMPLOYEE","PC_NVA","A","2004",51.0938746031507,
"POL","VAFINCORP","COMPEMPLOYEE","PC_NVA","A","2005",48.8493685210868,
"POL","VAFINCORP","COMPEMPLOYEE","PC_NVA","A","2006",52.4171082807499,
"POL","VAFINCORP","COMPEMPLOYEE","PC_NVA","A","2007",43.2076878874204,
"POL","VAFINCORP","COMPEMPLOYEE","PC_NVA","A","2008",47.4772992683334,
"POL","VAFINCORP","COMPEMPLOYEE","PC_NVA","A","2009",47.3175336935998,
"POL","VAFINCORP","COMPEMPLOYEE","PC_NVA","A","2010",44.7971954097411,
"POL","VAFINCORP","COMPEMPLOYEE","PC_NVA","A","2011",40.392754731935,
"POL","VAFINCORP","COMPEMPLOYEE","PC_NVA","A","2012",46.475882644491,
"POL","VAFINCORP","COMPEMPLOYEE","PC_NVA","A","2013",43.58645719878,
"POL","VAFINCORP","COMPEMPLOYEE","PC_NVA","A","2014",40.0841408878148,
"POL","VAFINCORP","COMPEMPLOYEE","PC_NVA","A","2015",43.5374759999282,
"POL","VAFINCORP","NETOPERATING","PC_NVA","A","1995",31.3347164591978,
"POL","VAFINCORP","NETOPERATING","PC_NVA","A","1996",34.7278548559232,
"POL","VAFINCORP","NETOPERATING","PC_NVA","A","1997",43.8244474170329,
"POL","VAFINCORP","NETOPERATING","PC_NVA","A","1998",34.1770544356082,
"POL","VAFINCORP","NETOPERATING","PC_NVA","A","1999",29.1200084512994,
"POL","VAFINCORP","NETOPERATING","PC_NVA","A","2000",45.9572072072072,
"POL","VAFINCORP","NETOPERATING","PC_NVA","A","2001",36.6374169364457,
"POL","VAFINCORP","NETOPERATING","PC_NVA","A","2002",39.9117725692897,
"POL","VAFINCORP","NETOPERATING","PC_NVA","A","2003",43.2027403125669,
"POL","VAFINCORP","NETOPERATING","PC_NVA","A","2004",47.0027534945306,
"POL","VAFINCORP","NETOPERATING","PC_NVA","A","2005",49.8141326357571,
"POL","VAFINCORP","NETOPERATING","PC_NVA","A","2006",46.1997434535301,
"POL","VAFINCORP","NETOPERATING","PC_NVA","A","2007",55.6454866672372,
"POL","VAFINCORP","NETOPERATING","PC_NVA","A","2008",51.0998832193332,
"POL","VAFINCORP","NETOPERATING","PC_NVA","A","2009",51.068707970199,
"POL","VAFINCORP","NETOPERATING","PC_NVA","A","2010",52.0186745499621,
"POL","VAFINCORP","NETOPERATING","PC_NVA","A","2011",55.9783735389572,
"POL","VAFINCORP","NETOPERATING","PC_NVA","A","2012",50.0141747681413,
"POL","VAFINCORP","NETOPERATING","PC_NVA","A","2013",51.732423967471,
"POL","VAFINCORP","NETOPERATING","PC_NVA","A","2014",58.1222451486516,
"POL","VAFINCORP","NETOPERATING","PC_NVA","A","2015",50.5643381363384,
"PRT","VAFINCORP","COMPEMPLOYEE","PC_NVA","A","1995",56.0754361454127,
"PRT","VAFINCORP","COMPEMPLOYEE","PC_NVA","A","1996",61.3663283076555,
"PRT","VAFINCORP","COMPEMPLOYEE","PC_NVA","A","1997",56.2854080602526,
"PRT","VAFINCORP","COMPEMPLOYEE","PC_NVA","A","1998",52.4712410308821,
"PRT","VAFINCORP","COMPEMPLOYEE","PC_NVA","A","1999",50.6537112748701,
"PRT","VAFINCORP","COMPEMPLOYEE","PC_NVA","A","2000",50.9968382959812,
"PRT","VAFINCORP","COMPEMPLOYEE","PC_NVA","A","2001",43.6992194134099,
"PRT","VAFINCORP","COMPEMPLOYEE","PC_NVA","A","2002",43.5020804253681,
"PRT","VAFINCORP","COMPEMPLOYEE","PC_NVA","A","2003",42.8365218103845,
"PRT","VAFINCORP","COMPEMPLOYEE","PC_NVA","A","2004",40.1878763062677,
"PRT","VAFINCORP","COMPEMPLOYEE","PC_NVA","A","2005",43.5285214102115,
"PRT","VAFINCORP","COMPEMPLOYEE","PC_NVA","A","2006",38.6284472379226,
"PRT","VAFINCORP","COMPEMPLOYEE","PC_NVA","A","2007",37.1791179849054,
"PRT","VAFINCORP","COMPEMPLOYEE","PC_NVA","A","2008",35.5703869843057,
"PRT","VAFINCORP","COMPEMPLOYEE","PC_NVA","A","2009",41.4809077189022,
"PRT","VAFINCORP","COMPEMPLOYEE","PC_NVA","A","2010",45.063698541728,
"PRT","VAFINCORP","COMPEMPLOYEE","PC_NVA","A","2011",41.2550952288661,
"PRT","VAFINCORP","COMPEMPLOYEE","PC_NVA","A","2012",48.549954520705,
"PRT","VAFINCORP","COMPEMPLOYEE","PC_NVA","A","2013",57.2696009374952,
"PRT","VAFINCORP","COMPEMPLOYEE","PC_NVA","A","2014",53.6987980316227,
"PRT","VAFINCORP","COMPEMPLOYEE","PC_NVA","A","2015",48.8441374877642,"E"
"PRT","VAFINCORP","COMPEMPLOYEE","PC_NVA","A","2016",52.9904146953173,"E"
"PRT","VAFINCORP","NETOPERATING","PC_NVA","A","1995",42.5485751395042,
"PRT","VAFINCORP","NETOPERATING","PC_NVA","A","1996",37.3377582216176,
"PRT","VAFINCORP","NETOPERATING","PC_NVA","A","1997",42.1136121368702,
"PRT","VAFINCORP","NETOPERATING","PC_NVA","A","1998",45.7348593380723,
"PRT","VAFINCORP","NETOPERATING","PC_NVA","A","1999",48.0949153876523,
"PRT","VAFINCORP","NETOPERATING","PC_NVA","A","2000",47.6061541066176,
"PRT","VAFINCORP","NETOPERATING","PC_NVA","A","2001",55.0149374162032,
"PRT","VAFINCORP","NETOPERATING","PC_NVA","A","2002",55.4890123923274,
"PRT","VAFINCORP","NETOPERATING","PC_NVA","A","2003",55.8204697078103,
"PRT","VAFINCORP","NETOPERATING","PC_NVA","A","2004",58.4260309966001,
"PRT","VAFINCORP","NETOPERATING","PC_NVA","A","2005",55.3986959325286,
"PRT","VAFINCORP","NETOPERATING","PC_NVA","A","2006",60.3377788977453,
"PRT","VAFINCORP","NETOPERATING","PC_NVA","A","2007",61.694922464448,
"PRT","VAFINCORP","NETOPERATING","PC_NVA","A","2008",63.3142100553942,
"PRT","VAFINCORP","NETOPERATING","PC_NVA","A","2009",57.2027444402505,
"PRT","VAFINCORP","NETOPERATING","PC_NVA","A","2010",53.521971288843,
"PRT","VAFINCORP","NETOPERATING","PC_NVA","A","2011",55.8360277159941,
"PRT","VAFINCORP","NETOPERATING","PC_NVA","A","2012",47.7156576704163,
"PRT","VAFINCORP","NETOPERATING","PC_NVA","A","2013",38.132492263017,
"PRT","VAFINCORP","NETOPERATING","PC_NVA","A","2014",41.6295931047284,
"PRT","VAFINCORP","NETOPERATING","PC_NVA","A","2015",44.2611404806991,"E"
"PRT","VAFINCORP","NETOPERATING","PC_NVA","A","2016",40.2265049389852,"E"
"SVK","VAFINCORP","COMPEMPLOYEE","PC_NVA","A","1995",22.6951693172675,
"SVK","VAFINCORP","COMPEMPLOYEE","PC_NVA","A","1996",43.3725305738476,
"SVK","VAFINCORP","COMPEMPLOYEE","PC_NVA","A","1997",47.0765700688366,
"SVK","VAFINCORP","COMPEMPLOYEE","PC_NVA","A","1998",65.4758010364835,
"SVK","VAFINCORP","COMPEMPLOYEE","PC_NVA","A","1999",73.6898111199787,
"SVK","VAFINCORP","COMPEMPLOYEE","PC_NVA","A","2000",107.730793284264,
"SVK","VAFINCORP","COMPEMPLOYEE","PC_NVA","A","2001",109.650975316211,
"SVK","VAFINCORP","COMPEMPLOYEE","PC_NVA","A","2002",52.8072883561851,
"SVK","VAFINCORP","COMPEMPLOYEE","PC_NVA","A","2003",48.9081619665812,
"SVK","VAFINCORP","COMPEMPLOYEE","PC_NVA","A","2004",47.2709023061543,
"SVK","VAFINCORP","COMPEMPLOYEE","PC_NVA","A","2005",42.2743067112218,
"SVK","VAFINCORP","COMPEMPLOYEE","PC_NVA","A","2006",49.3886347955359,
"SVK","VAFINCORP","COMPEMPLOYEE","PC_NVA","A","2007",58.3435524950476,
"SVK","VAFINCORP","COMPEMPLOYEE","PC_NVA","A","2008",65.1000754100421,
"SVK","VAFINCORP","COMPEMPLOYEE","PC_NVA","A","2009",51.6876561299776,
"SVK","VAFINCORP","COMPEMPLOYEE","PC_NVA","A","2010",44.6875751434166,
"SVK","VAFINCORP","COMPEMPLOYEE","PC_NVA","A","2011",43.9503205128205,
"SVK","VAFINCORP","COMPEMPLOYEE","PC_NVA","A","2012",48.7743737095479,
"SVK","VAFINCORP","COMPEMPLOYEE","PC_NVA","A","2013",45.1971962815631,
"SVK","VAFINCORP","COMPEMPLOYEE","PC_NVA","A","2014",46.2893405628086,
"SVK","VAFINCORP","COMPEMPLOYEE","PC_NVA","A","2015",44.3351465559581,
"SVK","VAFINCORP","NETOPERATING","PC_NVA","A","1995",76.3323366676931,
"SVK","VAFINCORP","NETOPERATING","PC_NVA","A","1996",55.587958607714,
"SVK","VAFINCORP","NETOPERATING","PC_NVA","A","1997",46.1474179201722,
"SVK","VAFINCORP","NETOPERATING","PC_NVA","A","1998",24.6913792806598,
"SVK","VAFINCORP","NETOPERATING","PC_NVA","A","1999",30.2420856610801,
"SVK","VAFINCORP","NETOPERATING","PC_NVA","A","2000",-20.4647135228749,
"SVK","VAFINCORP","NETOPERATING","PC_NVA","A","2001",-19.4268456071031,
"SVK","VAFINCORP","NETOPERATING","PC_NVA","A","2002",36.9754936085636,
"SVK","VAFINCORP","NETOPERATING","PC_NVA","A","2003",42.5525918653066,
"SVK","VAFINCORP","NETOPERATING","PC_NVA","A","2004",44.9615101304042,
"SVK","VAFINCORP","NETOPERATING","PC_NVA","A","2005",51.0717186106267,
"SVK","VAFINCORP","NETOPERATING","PC_NVA","A","2006",48.0841045046839,
"SVK","VAFINCORP","NETOPERATING","PC_NVA","A","2007",37.0610900277913,
"SVK","VAFINCORP","NETOPERATING","PC_NVA","A","2008",29.7696851630742,
"SVK","VAFINCORP","NETOPERATING","PC_NVA","A","2009",43.1580374260097,
"SVK","VAFINCORP","NETOPERATING","PC_NVA","A","2010",51.0116450826148,
"SVK","VAFINCORP","NETOPERATING","PC_NVA","A","2011",52.3927758097166,
"SVK","VAFINCORP","NETOPERATING","PC_NVA","A","2012",40.188790115204,
"SVK","VAFINCORP","NETOPERATING","PC_NVA","A","2013",41.9908953604629,
"SVK","VAFINCORP","NETOPERATING","PC_NVA","A","2014",42.3560415593857,
"SVK","VAFINCORP","NETOPERATING","PC_NVA","A","2015",48.0442216270816,
"ESP","VAFINCORP","COMPEMPLOYEE","PC_NVA","A","1995",75.4524743703329,
"ESP","VAFINCORP","COMPEMPLOYEE","PC_NVA","A","1996",73.0194976286668,
"ESP","VAFINCORP","COMPEMPLOYEE","PC_NVA","A","1997",69.841947885519,
"ESP","VAFINCORP","COMPEMPLOYEE","PC_NVA","A","1998",67.7189460476788,
"ESP","VAFINCORP","COMPEMPLOYEE","PC_NVA","A","1999",72.0346364707691,
"ESP","VAFINCORP","COMPEMPLOYEE","PC_NVA","A","2000",65.878616796048,
"ESP","VAFINCORP","COMPEMPLOYEE","PC_NVA","A","2001",60.0958065619891,
"ESP","VAFINCORP","COMPEMPLOYEE","PC_NVA","A","2002",58.3019671898303,
"ESP","VAFINCORP","COMPEMPLOYEE","PC_NVA","A","2003",57.7434914987513,
"ESP","VAFINCORP","COMPEMPLOYEE","PC_NVA","A","2004",56.6549827957681,
"ESP","VAFINCORP","COMPEMPLOYEE","PC_NVA","A","2005",56.4926452857487,
"ESP","VAFINCORP","COMPEMPLOYEE","PC_NVA","A","2006",54.5743705860154,
"ESP","VAFINCORP","COMPEMPLOYEE","PC_NVA","A","2007",48.9956544874069,
"ESP","VAFINCORP","COMPEMPLOYEE","PC_NVA","A","2008",47.8342905720625,
"ESP","VAFINCORP","COMPEMPLOYEE","PC_NVA","A","2009",45.5806271887934,
"ESP","VAFINCORP","COMPEMPLOYEE","PC_NVA","A","2010",61.7200904164057,
"ESP","VAFINCORP","COMPEMPLOYEE","PC_NVA","A","2011",65.3336083932571,
"ESP","VAFINCORP","COMPEMPLOYEE","PC_NVA","A","2012",63.830303030303,
"ESP","VAFINCORP","COMPEMPLOYEE","PC_NVA","A","2013",73.6789320791257,
"ESP","VAFINCORP","COMPEMPLOYEE","PC_NVA","A","2014",62.3890912487158,
"ESP","VAFINCORP","COMPEMPLOYEE","PC_NVA","A","2015",61.9901622315236,
"ESP","VAFINCORP","NETOPERATING","PC_NVA","A","1995",23.3831160612581,
"ESP","VAFINCORP","NETOPERATING","PC_NVA","A","1996",25.8973007787341,
"ESP","VAFINCORP","NETOPERATING","PC_NVA","A","1997",29.0901324220419,
"ESP","VAFINCORP","NETOPERATING","PC_NVA","A","1998",31.2020075282309,
"ESP","VAFINCORP","NETOPERATING","PC_NVA","A","1999",27.0174719475329,
"ESP","VAFINCORP","NETOPERATING","PC_NVA","A","2000",33.4818278052223,
"ESP","VAFINCORP","NETOPERATING","PC_NVA","A","2001",39.2844922632399,
"ESP","VAFINCORP","NETOPERATING","PC_NVA","A","2002",41.0908316170726,
"ESP","VAFINCORP","NETOPERATING","PC_NVA","A","2003",41.6373028633984,
"ESP","VAFINCORP","NETOPERATING","PC_NVA","A","2004",42.6504164388848,
"ESP","VAFINCORP","NETOPERATING","PC_NVA","A","2005",42.759826380516,
"ESP","VAFINCORP","NETOPERATING","PC_NVA","A","2006",44.6546983664888,
"ESP","VAFINCORP","NETOPERATING","PC_NVA","A","2007",50.2771372827244,
"ESP","VAFINCORP","NETOPERATING","PC_NVA","A","2008",51.3943892678679,
"ESP","VAFINCORP","NETOPERATING","PC_NVA","A","2009",53.161811524992,
"ESP","VAFINCORP","NETOPERATING","PC_NVA","A","2010",35.7172036275498,
"ESP","VAFINCORP","NETOPERATING","PC_NVA","A","2011",31.1682187905222,
"ESP","VAFINCORP","NETOPERATING","PC_NVA","A","2012",25.9606060606061,
"ESP","VAFINCORP","NETOPERATING","PC_NVA","A","2013",17.6684188684465,
"ESP","VAFINCORP","NETOPERATING","PC_NVA","A","2014",29.1678341272065,
"ESP","VAFINCORP","NETOPERATING","PC_NVA","A","2015",29.0305826280896,
"SWE","VAFINCORP","COMPEMPLOYEE","PC_NVA","A","1995",40.0506605104527,
"SWE","VAFINCORP","COMPEMPLOYEE","PC_NVA","A","1996",38.0062878830794,
"SWE","VAFINCORP","COMPEMPLOYEE","PC_NVA","A","1997",34.8692403486924,
"SWE","VAFINCORP","COMPEMPLOYEE","PC_NVA","A","1998",39.5581508772392,
"SWE","VAFINCORP","COMPEMPLOYEE","PC_NVA","A","1999",37.9285237546265,
"SWE","VAFINCORP","COMPEMPLOYEE","PC_NVA","A","2000",46.729475454641,
"SWE","VAFINCORP","COMPEMPLOYEE","PC_NVA","A","2001",48.2804025865665,
"SWE","VAFINCORP","COMPEMPLOYEE","PC_NVA","A","2002",56.0053094872153,
"SWE","VAFINCORP","COMPEMPLOYEE","PC_NVA","A","2003",50.5491645411483,
"SWE","VAFINCORP","COMPEMPLOYEE","PC_NVA","A","2004",44.8788552284397,
"SWE","VAFINCORP","COMPEMPLOYEE","PC_NVA","A","2005",45.5233570863025,
"SWE","VAFINCORP","COMPEMPLOYEE","PC_NVA","A","2006",57.3889922258788,
"SWE","VAFINCORP","COMPEMPLOYEE","PC_NVA","A","2007",56.7350405766825,
"SWE","VAFINCORP","COMPEMPLOYEE","PC_NVA","A","2008",56.7415920611445,
"SWE","VAFINCORP","COMPEMPLOYEE","PC_NVA","A","2009",46.7470925667624,
"SWE","VAFINCORP","COMPEMPLOYEE","PC_NVA","A","2010",51.7383647300934,
"SWE","VAFINCORP","COMPEMPLOYEE","PC_NVA","A","2011",48.3698831067157,
"SWE","VAFINCORP","COMPEMPLOYEE","PC_NVA","A","2012",46.0042180266021,
"SWE","VAFINCORP","COMPEMPLOYEE","PC_NVA","A","2013",43.6158261175266,
"SWE","VAFINCORP","COMPEMPLOYEE","PC_NVA","A","2014",40.1607112326894,
"SWE","VAFINCORP","COMPEMPLOYEE","PC_NVA","A","2015",38.9082139047354,
"SWE","VAFINCORP","COMPEMPLOYEE","PC_NVA","A","2016",42.7963564830653,
"SWE","VAFINCORP","NETOPERATING","PC_NVA","A","1995",52.7654867256637,
"SWE","VAFINCORP","NETOPERATING","PC_NVA","A","1996",52.9612530448082,
"SWE","VAFINCORP","NETOPERATING","PC_NVA","A","1997",56.0896637608966,
"SWE","VAFINCORP","NETOPERATING","PC_NVA","A","1998",47.8546854197699,
"SWE","VAFINCORP","NETOPERATING","PC_NVA","A","1999",50.1559371397367,
"SWE","VAFINCORP","NETOPERATING","PC_NVA","A","2000",39.4249973720172,
"SWE","VAFINCORP","NETOPERATING","PC_NVA","A","2001",39.9209949937422,
"SWE","VAFINCORP","NETOPERATING","PC_NVA","A","2002",31.5621070280844,
"SWE","VAFINCORP","NETOPERATING","PC_NVA","A","2003",38.4558325959086,
"SWE","VAFINCORP","NETOPERATING","PC_NVA","A","2004",45.4153300414947,
"SWE","VAFINCORP","NETOPERATING","PC_NVA","A","2005",44.4697809448403,
"SWE","VAFINCORP","NETOPERATING","PC_NVA","A","2006",30.4299613678638,
"SWE","VAFINCORP","NETOPERATING","PC_NVA","A","2007",31.7829635326393,
"SWE","VAFINCORP","NETOPERATING","PC_NVA","A","2008",31.3885094324712,
"SWE","VAFINCORP","NETOPERATING","PC_NVA","A","2009",43.752367052477,
"SWE","VAFINCORP","NETOPERATING","PC_NVA","A","2010",36.4205714738009,
"SWE","VAFINCORP","NETOPERATING","PC_NVA","A","2011",40.4762119016981,
"SWE","VAFINCORP","NETOPERATING","PC_NVA","A","2012",42.0920403653382,
"SWE","VAFINCORP","NETOPERATING","PC_NVA","A","2013",45.2566738251546,
"SWE","VAFINCORP","NETOPERATING","PC_NVA","A","2014",49.5191485724055,
"SWE","VAFINCORP","NETOPERATING","PC_NVA","A","2015",51.0836364600105,
"SWE","VAFINCORP","NETOPERATING","PC_NVA","A","2016",45.8361842855514,
"CHE","VAFINCORP","COMPEMPLOYEE","PC_NVA","A","1995",69.5203450249487,
"CHE","VAFINCORP","COMPEMPLOYEE","PC_NVA","A","1996",63.1381027235173,
"CHE","VAFINCORP","COMPEMPLOYEE","PC_NVA","A","1997",54.8300628312013,
"CHE","VAFINCORP","COMPEMPLOYEE","PC_NVA","A","1998",46.2253995403568,
"CHE","VAFINCORP","COMPEMPLOYEE","PC_NVA","A","1999",53.7359838849084,
"CHE","VAFINCORP","COMPEMPLOYEE","PC_NVA","A","2000",51.3047170928685,
"CHE","VAFINCORP","COMPEMPLOYEE","PC_NVA","A","2001",60.6161965061198,
"CHE","VAFINCORP","COMPEMPLOYEE","PC_NVA","A","2002",60.508358979746,
"CHE","VAFINCORP","COMPEMPLOYEE","PC_NVA","A","2003",52.9163150837353,
"CHE","VAFINCORP","COMPEMPLOYEE","PC_NVA","A","2004",54.5464740029177,
"CHE","VAFINCORP","COMPEMPLOYEE","PC_NVA","A","2005",55.7263848745407,
"CHE","VAFINCORP","COMPEMPLOYEE","PC_NVA","A","2006",54.5570047161545,
"CHE","VAFINCORP","COMPEMPLOYEE","PC_NVA","A","2007",50.499501185314,
"CHE","VAFINCORP","COMPEMPLOYEE","PC_NVA","A","2008",51.3670190131459,
"CHE","VAFINCORP","COMPEMPLOYEE","PC_NVA","A","2009",59.9846157699523,
"CHE","VAFINCORP","COMPEMPLOYEE","PC_NVA","A","2010",63.3512310652796,
"CHE","VAFINCORP","COMPEMPLOYEE","PC_NVA","A","2011",61.5433121660125,
"CHE","VAFINCORP","COMPEMPLOYEE","PC_NVA","A","2012",62.4306955739128,
"CHE","VAFINCORP","COMPEMPLOYEE","PC_NVA","A","2013",59.4165099168001,
"CHE","VAFINCORP","COMPEMPLOYEE","PC_NVA","A","2014",61.5458395029943,
"CHE","VAFINCORP","COMPEMPLOYEE","PC_NVA","A","2015",64.4087135620643,
"CHE","VAFINCORP","NETOPERATING","PC_NVA","A","1995",31.3779517904328,
"CHE","VAFINCORP","NETOPERATING","PC_NVA","A","1996",36.9445404805606,
"CHE","VAFINCORP","NETOPERATING","PC_NVA","A","1997",45.272263033878,
"CHE","VAFINCORP","NETOPERATING","PC_NVA","A","1998",53.8219436171198,
"CHE","VAFINCORP","NETOPERATING","PC_NVA","A","1999",46.3910652800461,
"CHE","VAFINCORP","NETOPERATING","PC_NVA","A","2000",48.7887064495363,
"CHE","VAFINCORP","NETOPERATING","PC_NVA","A","2001",39.4818153353708,
"CHE","VAFINCORP","NETOPERATING","PC_NVA","A","2002",39.6364869623499,
"CHE","VAFINCORP","NETOPERATING","PC_NVA","A","2003",47.1618795667853,
"CHE","VAFINCORP","NETOPERATING","PC_NVA","A","2004",45.5164065010526,
"CHE","VAFINCORP","NETOPERATING","PC_NVA","A","2005",44.3317657487684,
"CHE","VAFINCORP","NETOPERATING","PC_NVA","A","2006",45.5401360147785,
"CHE","VAFINCORP","NETOPERATING","PC_NVA","A","2007",49.5822659971172,
"CHE","VAFINCORP","NETOPERATING","PC_NVA","A","2008",48.7295745024549,
"CHE","VAFINCORP","NETOPERATING","PC_NVA","A","2009",40.1303082319552,
"CHE","VAFINCORP","NETOPERATING","PC_NVA","A","2010",36.7611219172225,
"CHE","VAFINCORP","NETOPERATING","PC_NVA","A","2011",38.5574857039572,
"CHE","VAFINCORP","NETOPERATING","PC_NVA","A","2012",37.6029918495996,
"CHE","VAFINCORP","NETOPERATING","PC_NVA","A","2013",40.616094424847,
"CHE","VAFINCORP","NETOPERATING","PC_NVA","A","2014",38.4892850942773,
"CHE","VAFINCORP","NETOPERATING","PC_NVA","A","2015",35.6279543893427,
"GBR","VAFINCORP","COMPEMPLOYEE","PC_NVA","A","1995",48.57156151126,
"GBR","VAFINCORP","COMPEMPLOYEE","PC_NVA","A","1996",46.5271932165808,
"GBR","VAFINCORP","COMPEMPLOYEE","PC_NVA","A","1997",56.9602950748535,
"GBR","VAFINCORP","COMPEMPLOYEE","PC_NVA","A","1998",59.5625646547174,
"GBR","VAFINCORP","COMPEMPLOYEE","PC_NVA","A","1999",72.545108147484,
"GBR","VAFINCORP","COMPEMPLOYEE","PC_NVA","A","2000",81.0921256483373,
"GBR","VAFINCORP","COMPEMPLOYEE","PC_NVA","A","2001",80.3567187061389,
"GBR","VAFINCORP","COMPEMPLOYEE","PC_NVA","A","2002",71.8045794147854,
"GBR","VAFINCORP","COMPEMPLOYEE","PC_NVA","A","2003",62.5189139563746,
"GBR","VAFINCORP","COMPEMPLOYEE","PC_NVA","A","2004",61.1074030813727,
"GBR","VAFINCORP","COMPEMPLOYEE","PC_NVA","A","2005",54.9501736803143,
"GBR","VAFINCORP","COMPEMPLOYEE","PC_NVA","A","2006",61.8291879685099,
"GBR","VAFINCORP","COMPEMPLOYEE","PC_NVA","A","2007",59.4578091466645,
"GBR","VAFINCORP","COMPEMPLOYEE","PC_NVA","A","2008",58.0318393532818,
"GBR","VAFINCORP","COMPEMPLOYEE","PC_NVA","A","2009",52.0439183451649,
"GBR","VAFINCORP","COMPEMPLOYEE","PC_NVA","A","2010",59.0368166604686,
"GBR","VAFINCORP","COMPEMPLOYEE","PC_NVA","A","2011",57.6762034385308,
"GBR","VAFINCORP","COMPEMPLOYEE","PC_NVA","A","2012",56.4923466938101,
"GBR","VAFINCORP","COMPEMPLOYEE","PC_NVA","A","2013",57.290390337826,
"GBR","VAFINCORP","COMPEMPLOYEE","PC_NVA","A","2014",56.883578781813,
"GBR","VAFINCORP","COMPEMPLOYEE","PC_NVA","A","2015",57.3463449572496,
"GBR","VAFINCORP","COMPEMPLOYEE","PC_NVA","A","2016",60.6344779819189,
"GBR","VAFINCORP","NETOPERATING","PC_NVA","A","1995",48.3342639121534,
"GBR","VAFINCORP","NETOPERATING","PC_NVA","A","1996",50.7072905331882,
"GBR","VAFINCORP","NETOPERATING","PC_NVA","A","1997",40.7073117812975,
"GBR","VAFINCORP","NETOPERATING","PC_NVA","A","1998",37.994806510862,
"GBR","VAFINCORP","NETOPERATING","PC_NVA","A","1999",24.8167656617729,
"GBR","VAFINCORP","NETOPERATING","PC_NVA","A","2000",16.1753149067068,
"GBR","VAFINCORP","NETOPERATING","PC_NVA","A","2001",16.775712033858,
"GBR","VAFINCORP","NETOPERATING","PC_NVA","A","2002",25.4083009444791,
"GBR","VAFINCORP","NETOPERATING","PC_NVA","A","2003",35.095802376783,
"GBR","VAFINCORP","NETOPERATING","PC_NVA","A","2004",36.8958229044997,
"GBR","VAFINCORP","NETOPERATING","PC_NVA","A","2005",43.3733842036331,
"GBR","VAFINCORP","NETOPERATING","PC_NVA","A","2006",36.5346213760729,
"GBR","VAFINCORP","NETOPERATING","PC_NVA","A","2007",39.0452843404003,
"GBR","VAFINCORP","NETOPERATING","PC_NVA","A","2008",40.1785625614492,
"GBR","VAFINCORP","NETOPERATING","PC_NVA","A","2009",46.4369416799701,
"GBR","VAFINCORP","NETOPERATING","PC_NVA","A","2010",35.8646336928226,
"GBR","VAFINCORP","NETOPERATING","PC_NVA","A","2011",39.9873347132825,
"GBR","VAFINCORP","NETOPERATING","PC_NVA","A","2012",41.0474562599627,
"GBR","VAFINCORP","NETOPERATING","PC_NVA","A","2013",40.2793260062461,
"GBR","VAFINCORP","NETOPERATING","PC_NVA","A","2014",40.5937231913068,
"GBR","VAFINCORP","NETOPERATING","PC_NVA","A","2015",39.986570571646,
"GBR","VAFINCORP","NETOPERATING","PC_NVA","A","2016",36.8092009332167,
"USA","VAFINCORP","COMPEMPLOYEE","PC_NVA","A","1998",66.5952975470867,
"USA","VAFINCORP","COMPEMPLOYEE","PC_NVA","A","1999",67.5200077920813,
"USA","VAFINCORP","COMPEMPLOYEE","PC_NVA","A","2000",67.29223309066,
"USA","VAFINCORP","COMPEMPLOYEE","PC_NVA","A","2001",66.8009236300521,
"USA","VAFINCORP","COMPEMPLOYEE","PC_NVA","A","2002",65.0434062417649,
"USA","VAFINCORP","COMPEMPLOYEE","PC_NVA","A","2003",64.1054327782023,
"USA","VAFINCORP","COMPEMPLOYEE","PC_NVA","A","2004",65.8227221541622,
"USA","VAFINCORP","COMPEMPLOYEE","PC_NVA","A","2005",63.4680895181954,
"USA","VAFINCORP","COMPEMPLOYEE","PC_NVA","A","2006",62.2989780470193,
"USA","VAFINCORP","COMPEMPLOYEE","PC_NVA","A","2007",70.9759123020824,
"USA","VAFINCORP","COMPEMPLOYEE","PC_NVA","A","2008",86.7723636537208,
"USA","VAFINCORP","COMPEMPLOYEE","PC_NVA","A","2009",65.5609233635414,
"USA","VAFINCORP","COMPEMPLOYEE","PC_NVA","A","2010",66.145012656273,
"USA","VAFINCORP","COMPEMPLOYEE","PC_NVA","A","2011",66.8114150413487,
"USA","VAFINCORP","COMPEMPLOYEE","PC_NVA","A","2012",61.5694862914002,
"USA","VAFINCORP","COMPEMPLOYEE","PC_NVA","A","2013",63.0378944533408,
"USA","VAFINCORP","COMPEMPLOYEE","PC_NVA","A","2014",58.8622664979876,
"USA","VAFINCORP","COMPEMPLOYEE","PC_NVA","A","2015",60.7065040885936,
"USA","VAFINCORP","NETOPERATING","PC_NVA","A","1998",28.1563416829554,
"USA","VAFINCORP","NETOPERATING","PC_NVA","A","1999",27.181918042456,
"USA","VAFINCORP","NETOPERATING","PC_NVA","A","2000",27.8132096478593,
"USA","VAFINCORP","NETOPERATING","PC_NVA","A","2001",28.3444396231093,
"USA","VAFINCORP","NETOPERATING","PC_NVA","A","2002",29.9291495689493,
"USA","VAFINCORP","NETOPERATING","PC_NVA","A","2003",30.6012420076635,
"USA","VAFINCORP","NETOPERATING","PC_NVA","A","2004",28.5973169219262,
"USA","VAFINCORP","NETOPERATING","PC_NVA","A","2005",31.1799250559118,
"USA","VAFINCORP","NETOPERATING","PC_NVA","A","2006",32.5561646732247,
"USA","VAFINCORP","NETOPERATING","PC_NVA","A","2007",23.1499408768584,
"USA","VAFINCORP","NETOPERATING","PC_NVA","A","2008",5.42014030283097,
"USA","VAFINCORP","NETOPERATING","PC_NVA","A","2009",27.7224026157693,
"USA","VAFINCORP","NETOPERATING","PC_NVA","A","2010",27.4771426985732,
"USA","VAFINCORP","NETOPERATING","PC_NVA","A","2011",27.2183541249216,
"USA","VAFINCORP","NETOPERATING","PC_NVA","A","2012",33.1139758488346,
"USA","VAFINCORP","NETOPERATING","PC_NVA","A","2013",31.3880990345203,
"USA","VAFINCORP","NETOPERATING","PC_NVA","A","2014",35.2961713499847,
"USA","VAFINCORP","NETOPERATING","PC_NVA","A","2015",33.0239035473822,
"EST","VAFINCORP","COMPEMPLOYEE","PC_NVA","A","1995",98,
"EST","VAFINCORP","COMPEMPLOYEE","PC_NVA","A","1996",84.7201210287443,
"EST","VAFINCORP","COMPEMPLOYEE","PC_NVA","A","1997",76.8386388583974,
"EST","VAFINCORP","COMPEMPLOYEE","PC_NVA","A","1998",71.9382835101254,
"EST","VAFINCORP","COMPEMPLOYEE","PC_NVA","A","1999",44.8877805486284,
"EST","VAFINCORP","COMPEMPLOYEE","PC_NVA","A","2000",47.6775226908703,
"EST","VAFINCORP","COMPEMPLOYEE","PC_NVA","A","2001",43.6579572446556,
"EST","VAFINCORP","COMPEMPLOYEE","PC_NVA","A","2002",43.7031188314252,
"EST","VAFINCORP","COMPEMPLOYEE","PC_NVA","A","2003",47.9953289217594,
"EST","VAFINCORP","COMPEMPLOYEE","PC_NVA","A","2004",44.5524639624539,
"EST","VAFINCORP","COMPEMPLOYEE","PC_NVA","A","2005",41.1732305150096,
"EST","VAFINCORP","COMPEMPLOYEE","PC_NVA","A","2006",36.7614438394838,
"EST","VAFINCORP","COMPEMPLOYEE","PC_NVA","A","2007",37.6969124133585,
"EST","VAFINCORP","COMPEMPLOYEE","PC_NVA","A","2008",32.7608809648663,
"EST","VAFINCORP","COMPEMPLOYEE","PC_NVA","A","2009",48.471615720524,
"EST","VAFINCORP","COMPEMPLOYEE","PC_NVA","A","2010",44.7036960561635,
"EST","VAFINCORP","COMPEMPLOYEE","PC_NVA","A","2011",44.3933294997125,
"EST","VAFINCORP","COMPEMPLOYEE","PC_NVA","A","2012",42.1401684889765,
"EST","VAFINCORP","COMPEMPLOYEE","PC_NVA","A","2013",44.4648093841642,
"EST","VAFINCORP","COMPEMPLOYEE","PC_NVA","A","2014",41.494512588767,
"EST","VAFINCORP","COMPEMPLOYEE","PC_NVA","A","2015",43.0114258882454,
"EST","VAFINCORP","NETOPERATING","PC_NVA","A","1995",1.33333333333333,
"EST","VAFINCORP","NETOPERATING","PC_NVA","A","1996",14.6747352496218,
"EST","VAFINCORP","NETOPERATING","PC_NVA","A","1997",22.3929747530187,
"EST","VAFINCORP","NETOPERATING","PC_NVA","A","1998",24.3008678881389,
"EST","VAFINCORP","NETOPERATING","PC_NVA","A","1999",50.1870324189526,
"EST","VAFINCORP","NETOPERATING","PC_NVA","A","2000",47.3571809930593,
"EST","VAFINCORP","NETOPERATING","PC_NVA","A","2001",50.7363420427553,
"EST","VAFINCORP","NETOPERATING","PC_NVA","A","2002",51.7173312277931,
"EST","VAFINCORP","NETOPERATING","PC_NVA","A","2003",48.5792137018295,
"EST","VAFINCORP","NETOPERATING","PC_NVA","A","2004",55.2463962453905,
"EST","VAFINCORP","NETOPERATING","PC_NVA","A","2005",55.8523822638392,
"EST","VAFINCORP","NETOPERATING","PC_NVA","A","2006",66.4650131074814,
"EST","VAFINCORP","NETOPERATING","PC_NVA","A","2007",57.65595463138,
"EST","VAFINCORP","NETOPERATING","PC_NVA","A","2008",64.9711588883062,
"EST","VAFINCORP","NETOPERATING","PC_NVA","A","2009",51.329892814609,
"EST","VAFINCORP","NETOPERATING","PC_NVA","A","2010",54.2845343795168,
"EST","VAFINCORP","NETOPERATING","PC_NVA","A","2011",53.1723212574276,
"EST","VAFINCORP","NETOPERATING","PC_NVA","A","2012",54.9560853199498,
"EST","VAFINCORP","NETOPERATING","PC_NVA","A","2013",52.3643695014663,
"EST","VAFINCORP","NETOPERATING","PC_NVA","A","2014",56.2459651387992,
"EST","VAFINCORP","NETOPERATING","PC_NVA","A","2015",53.6860228517765,
"ISR","VAFINCORP","COMPEMPLOYEE","PC_NVA","A","2000",34.7157026817421,
"ISR","VAFINCORP","COMPEMPLOYEE","PC_NVA","A","2001",37.6764339954524,
"ISR","VAFINCORP","COMPEMPLOYEE","PC_NVA","A","2002",34.5507177412959,
"ISR","VAFINCORP","COMPEMPLOYEE","PC_NVA","A","2003",32.5994443076707,
"ISR","VAFINCORP","COMPEMPLOYEE","PC_NVA","A","2004",34.2751757255202,
"ISR","VAFINCORP","COMPEMPLOYEE","PC_NVA","A","2005",37.0278637770898,
"ISR","VAFINCORP","COMPEMPLOYEE","PC_NVA","A","2006",36.7234631117389,
"ISR","VAFINCORP","COMPEMPLOYEE","PC_NVA","A","2007",38.3011789924973,
"ISR","VAFINCORP","COMPEMPLOYEE","PC_NVA","A","2008",38.1645833844945,
"ISR","VAFINCORP","COMPEMPLOYEE","PC_NVA","A","2009",34.0857405525717,
"ISR","VAFINCORP","COMPEMPLOYEE","PC_NVA","A","2010",34.9840142095915,
"ISR","VAFINCORP","COMPEMPLOYEE","PC_NVA","A","2011",32.3653209135513,
"ISR","VAFINCORP","COMPEMPLOYEE","PC_NVA","A","2012",35.0462590506838,
"ISR","VAFINCORP","COMPEMPLOYEE","PC_NVA","A","2013",37.044521217652,
"ISR","VAFINCORP","COMPEMPLOYEE","PC_NVA","A","2014",44.0745213041228,
"ISR","VAFINCORP","COMPEMPLOYEE","PC_NVA","A","2015",46.6419406575782,
"ISR","VAFINCORP","NETOPERATING","PC_NVA","A","2000",61.3861790277154,
"ISR","VAFINCORP","NETOPERATING","PC_NVA","A","2001",58.7112274228839,
"ISR","VAFINCORP","NETOPERATING","PC_NVA","A","2002",60.8176699183123,
"ISR","VAFINCORP","NETOPERATING","PC_NVA","A","2003",62.2973305665952,
"ISR","VAFINCORP","NETOPERATING","PC_NVA","A","2004",60.0006959426543,
"ISR","VAFINCORP","NETOPERATING","PC_NVA","A","2005",57.1424148606811,
"ISR","VAFINCORP","NETOPERATING","PC_NVA","A","2006",58.6563079367882,
"ISR","VAFINCORP","NETOPERATING","PC_NVA","A","2007",56.8354769560557,
"ISR","VAFINCORP","NETOPERATING","PC_NVA","A","2008",56.8821983743032,
"ISR","VAFINCORP","NETOPERATING","PC_NVA","A","2009",60.8627280205158,
"ISR","VAFINCORP","NETOPERATING","PC_NVA","A","2010",60.1847246891652,
"ISR","VAFINCORP","NETOPERATING","PC_NVA","A","2011",62.6285771213668,
"ISR","VAFINCORP","NETOPERATING","PC_NVA","A","2012",60.0940265486726,
"ISR","VAFINCORP","NETOPERATING","PC_NVA","A","2013",58.2100254220716,
"ISR","VAFINCORP","NETOPERATING","PC_NVA","A","2014",50.4349540402671,
"ISR","VAFINCORP","NETOPERATING","PC_NVA","A","2015",47.9550922213312,
"RUS","VAFINCORP","COMPEMPLOYEE","PC_NVA","A","2011",48.6155280913958,
"RUS","VAFINCORP","COMPEMPLOYEE","PC_NVA","A","2012",45.8229839057845,
"RUS","VAFINCORP","COMPEMPLOYEE","PC_NVA","A","2013",42.6589827495781,
"RUS","VAFINCORP","COMPEMPLOYEE","PC_NVA","A","2014",41.2920628633961,
"RUS","VAFINCORP","COMPEMPLOYEE","PC_NVA","A","2015",45.1216609038016,
"RUS","VAFINCORP","NETOPERATING","PC_NVA","A","2011",45.9829691237291,
"RUS","VAFINCORP","NETOPERATING","PC_NVA","A","2012",48.8531144899299,
"RUS","VAFINCORP","NETOPERATING","PC_NVA","A","2013",52.7236498431836,
"RUS","VAFINCORP","NETOPERATING","PC_NVA","A","2014",54.5890199464838,
"RUS","VAFINCORP","NETOPERATING","PC_NVA","A","2015",50.4984269436738,
"SVN","VAFINCORP","COMPEMPLOYEE","PC_NVA","A","1995",48.5936748052732,
"SVN","VAFINCORP","COMPEMPLOYEE","PC_NVA","A","1996",47.0847423697781,
"SVN","VAFINCORP","COMPEMPLOYEE","PC_NVA","A","1997",56.5263989199391,
"SVN","VAFINCORP","COMPEMPLOYEE","PC_NVA","A","1998",61.9432316048273,
"SVN","VAFINCORP","COMPEMPLOYEE","PC_NVA","A","1999",57.8858433263677,
"SVN","VAFINCORP","COMPEMPLOYEE","PC_NVA","A","2000",58.1947097641388,
"SVN","VAFINCORP","COMPEMPLOYEE","PC_NVA","A","2001",66.7265469085046,
"SVN","VAFINCORP","COMPEMPLOYEE","PC_NVA","A","2002",68.5829117896493,
"SVN","VAFINCORP","COMPEMPLOYEE","PC_NVA","A","2003",62.9945843193554,
"SVN","VAFINCORP","COMPEMPLOYEE","PC_NVA","A","2004",67.0508566390293,
"SVN","VAFINCORP","COMPEMPLOYEE","PC_NVA","A","2005",68.7108273393175,
"SVN","VAFINCORP","COMPEMPLOYEE","PC_NVA","A","2006",60.9278710998736,
"SVN","VAFINCORP","COMPEMPLOYEE","PC_NVA","A","2007",63.376417372163,
"SVN","VAFINCORP","COMPEMPLOYEE","PC_NVA","A","2008",60.493837833922,
"SVN","VAFINCORP","COMPEMPLOYEE","PC_NVA","A","2009",57.9108371771939,
"SVN","VAFINCORP","COMPEMPLOYEE","PC_NVA","A","2010",56.8514055956978,
"SVN","VAFINCORP","COMPEMPLOYEE","PC_NVA","A","2011",56.5493880964916,
"SVN","VAFINCORP","COMPEMPLOYEE","PC_NVA","A","2012",72.6668101231908,
"SVN","VAFINCORP","COMPEMPLOYEE","PC_NVA","A","2013",79.024983449737,
"SVN","VAFINCORP","COMPEMPLOYEE","PC_NVA","A","2014",74.0017921939428,
"SVN","VAFINCORP","COMPEMPLOYEE","PC_NVA","A","2015",65.7677446937334,
"SVN","VAFINCORP","NETOPERATING","PC_NVA","A","1995",51.3276218200578,
"SVN","VAFINCORP","NETOPERATING","PC_NVA","A","1996",52.9024431355815,
"SVN","VAFINCORP","NETOPERATING","PC_NVA","A","1997",42.7672197169014,
"SVN","VAFINCORP","NETOPERATING","PC_NVA","A","1998",35.6387305740981,
"SVN","VAFINCORP","NETOPERATING","PC_NVA","A","1999",39.6186857203128,
"SVN","VAFINCORP","NETOPERATING","PC_NVA","A","2000",39.2703168157786,
"SVN","VAFINCORP","NETOPERATING","PC_NVA","A","2001",29.7717728304903,
"SVN","VAFINCORP","NETOPERATING","PC_NVA","A","2002",27.585359587078,
"SVN","VAFINCORP","NETOPERATING","PC_NVA","A","2003",32.5889363917477,
"SVN","VAFINCORP","NETOPERATING","PC_NVA","A","2004",28.3427288454332,
"SVN","VAFINCORP","NETOPERATING","PC_NVA","A","2005",27.363063945014,
"SVN","VAFINCORP","NETOPERATING","PC_NVA","A","2006",35.9326553144466,
"SVN","VAFINCORP","NETOPERATING","PC_NVA","A","2007",34.3491295903007,
"SVN","VAFINCORP","NETOPERATING","PC_NVA","A","2008",38.540476478942,
"SVN","VAFINCORP","NETOPERATING","PC_NVA","A","2009",42.1598846171265,
"SVN","VAFINCORP","NETOPERATING","PC_NVA","A","2010",42.8204202613024,
"SVN","VAFINCORP","NETOPERATING","PC_NVA","A","2011",42.6975959383177,
"SVN","VAFINCORP","NETOPERATING","PC_NVA","A","2012",25.8521136437346,
"SVN","VAFINCORP","NETOPERATING","PC_NVA","A","2013",18.1671825552082,
"SVN","VAFINCORP","NETOPERATING","PC_NVA","A","2014",22.4260176473117,
"SVN","VAFINCORP","NETOPERATING","PC_NVA","A","2015",33.1287189802344,
"ZAF","VAFINCORP","COMPEMPLOYEE","PC_NVA","A","2008",47.511637902019,
"ZAF","VAFINCORP","COMPEMPLOYEE","PC_NVA","A","2009",49.4394085880788,
"ZAF","VAFINCORP","COMPEMPLOYEE","PC_NVA","A","2010",51.4367760617761,
"ZAF","VAFINCORP","COMPEMPLOYEE","PC_NVA","A","2011",51.4537028197495,
"ZAF","VAFINCORP","COMPEMPLOYEE","PC_NVA","A","2012",50.377995369208,
"ZAF","VAFINCORP","COMPEMPLOYEE","PC_NVA","A","2013",51.4198021550963,
"ZAF","VAFINCORP","COMPEMPLOYEE","PC_NVA","A","2014",52.1631522968615,
"ZAF","VAFINCORP","NETOPERATING","PC_NVA","A","2008",51.8307364889006,
"ZAF","VAFINCORP","NETOPERATING","PC_NVA","A","2009",49.3859934940416,
"ZAF","VAFINCORP","NETOPERATING","PC_NVA","A","2010",47.5125482625483,
"ZAF","VAFINCORP","NETOPERATING","PC_NVA","A","2011",47.2592277583469,
"ZAF","VAFINCORP","NETOPERATING","PC_NVA","A","2012",48.416484344177,
"ZAF","VAFINCORP","NETOPERATING","PC_NVA","A","2013",47.2774244833068,
"ZAF","VAFINCORP","NETOPERATING","PC_NVA","A","2014",46.8232235409316,
"EA","VAFINCORP","COMPEMPLOYEE","PC_NVA","A","1999",63.9465088155124,
"EA","VAFINCORP","COMPEMPLOYEE","PC_NVA","A","2000",66.0795638729052,
"EA","VAFINCORP","COMPEMPLOYEE","PC_NVA","A","2001",65.2028599958044,
"EA","VAFINCORP","COMPEMPLOYEE","PC_NVA","A","2002",64.8630024708045,
"EA","VAFINCORP","COMPEMPLOYEE","PC_NVA","A","2003",62.8511785074296,
"EA","VAFINCORP","COMPEMPLOYEE","PC_NVA","A","2004",59.4129609068593,
"EA","VAFINCORP","COMPEMPLOYEE","PC_NVA","A","2005",59.5180895199379,
"EA","VAFINCORP","COMPEMPLOYEE","PC_NVA","A","2006",59.4887074810534,
"EA","VAFINCORP","COMPEMPLOYEE","PC_NVA","A","2007",59.4629013343876,
"EA","VAFINCORP","COMPEMPLOYEE","PC_NVA","A","2008",62.1698644003789,
"EA","VAFINCORP","COMPEMPLOYEE","PC_NVA","A","2009",58.9712952200107,
"EA","VAFINCORP","COMPEMPLOYEE","PC_NVA","A","2010",57.3512210540738,
"EA","VAFINCORP","COMPEMPLOYEE","PC_NVA","A","2011",59.6667123298145,
"EA","VAFINCORP","COMPEMPLOYEE","PC_NVA","A","2012",59.6194893672929,
"EA","VAFINCORP","COMPEMPLOYEE","PC_NVA","A","2013",59.7050759802462,
"EA","VAFINCORP","COMPEMPLOYEE","PC_NVA","A","2014",57.7097034438812,
"EA","VAFINCORP","COMPEMPLOYEE","PC_NVA","A","2015",58.0030993789935,
"EA","VAFINCORP","COMPEMPLOYEE","PC_NVA","A","2016",59.6515229827228,
"EA","VAFINCORP","NETOPERATING","PC_NVA","A","1999",32.7311527708749,
"EA","VAFINCORP","NETOPERATING","PC_NVA","A","2000",30.4679910496001,
"EA","VAFINCORP","NETOPERATING","PC_NVA","A","2001",31.3296967653132,
"EA","VAFINCORP","NETOPERATING","PC_NVA","A","2002",31.7743764403799,
"EA","VAFINCORP","NETOPERATING","PC_NVA","A","2003",33.9226017486218,
"EA","VAFINCORP","NETOPERATING","PC_NVA","A","2004",37.4126477372225,
"EA","VAFINCORP","NETOPERATING","PC_NVA","A","2005",37.1914149035305,
"EA","VAFINCORP","NETOPERATING","PC_NVA","A","2006",37.1679567340947,
"EA","VAFINCORP","NETOPERATING","PC_NVA","A","2007",37.0927896356452,
"EA","VAFINCORP","NETOPERATING","PC_NVA","A","2008",34.3578287187404,
"EA","VAFINCORP","NETOPERATING","PC_NVA","A","2009",37.7655120284255,
"EA","VAFINCORP","NETOPERATING","PC_NVA","A","2010",39.304922537312,
"EA","VAFINCORP","NETOPERATING","PC_NVA","A","2011",36.1386641140047,
"EA","VAFINCORP","NETOPERATING","PC_NVA","A","2012",35.0378796468242,
"EA","VAFINCORP","NETOPERATING","PC_NVA","A","2013",34.4996156773737,
"EA","VAFINCORP","NETOPERATING","PC_NVA","A","2014",36.983768583813,
"EA","VAFINCORP","NETOPERATING","PC_NVA","A","2015",35.9114461227086,
"EA","VAFINCORP","NETOPERATING","PC_NVA","A","2016",34.9505852836278,
"EU","VAFINCORP","COMPEMPLOYEE","PC_NVA","A","1999",64.9367789329839,
"EU","VAFINCORP","COMPEMPLOYEE","PC_NVA","A","2000",68.170840962168,
"EU","VAFINCORP","COMPEMPLOYEE","PC_NVA","A","2001",67.6104933956195,
"EU","VAFINCORP","COMPEMPLOYEE","PC_NVA","A","2002",66.0751068062702,
"EU","VAFINCORP","COMPEMPLOYEE","PC_NVA","A","2003",62.3702452982947,
"EU","VAFINCORP","COMPEMPLOYEE","PC_NVA","A","2004",59.3570703058389,
"EU","VAFINCORP","COMPEMPLOYEE","PC_NVA","A","2005",57.8243380828863,
"EU","VAFINCORP","COMPEMPLOYEE","PC_NVA","A","2006",59.975634587926,
"EU","VAFINCORP","COMPEMPLOYEE","PC_NVA","A","2007",59.0789219380525,
"EU","VAFINCORP","COMPEMPLOYEE","PC_NVA","A","2008",60.4961976296911,
"EU","VAFINCORP","COMPEMPLOYEE","PC_NVA","A","2009",56.683655519057,
"EU","VAFINCORP","COMPEMPLOYEE","PC_NVA","A","2010",56.9723227782652,
"EU","VAFINCORP","COMPEMPLOYEE","PC_NVA","A","2011",58.0429467462507,
"EU","VAFINCORP","COMPEMPLOYEE","PC_NVA","A","2012",57.8918485586394,
"EU","VAFINCORP","COMPEMPLOYEE","PC_NVA","A","2013",57.7668133683693,
"EU","VAFINCORP","COMPEMPLOYEE","PC_NVA","A","2014",56.123094616106,
"EU","VAFINCORP","COMPEMPLOYEE","PC_NVA","A","2015",56.2957554965915,
"EU","VAFINCORP","NETOPERATING","PC_NVA","A","1999",31.6886863258764,
"EU","VAFINCORP","NETOPERATING","PC_NVA","A","2000",28.2991236660991,
"EU","VAFINCORP","NETOPERATING","PC_NVA","A","2001",28.8764655071493,
"EU","VAFINCORP","NETOPERATING","PC_NVA","A","2002",30.4801439753463,
"EU","VAFINCORP","NETOPERATING","PC_NVA","A","2003",34.4174393772649,
"EU","VAFINCORP","NETOPERATING","PC_NVA","A","2004",37.6115683141225,
"EU","VAFINCORP","NETOPERATING","PC_NVA","A","2005",39.1821680499414,
"EU","VAFINCORP","NETOPERATING","PC_NVA","A","2006",36.9982914681773,
"EU","VAFINCORP","NETOPERATING","PC_NVA","A","2007",37.9469527498665,
"EU","VAFINCORP","NETOPERATING","PC_NVA","A","2008",36.326300854238,
"EU","VAFINCORP","NETOPERATING","PC_NVA","A","2009",40.4056775530145,
"EU","VAFINCORP","NETOPERATING","PC_NVA","A","2010",39.0985154734384,
"EU","VAFINCORP","NETOPERATING","PC_NVA","A","2011",38.0280661976174,
"EU","VAFINCORP","NETOPERATING","PC_NVA","A","2012",37.3429705405907,
"EU","VAFINCORP","NETOPERATING","PC_NVA","A","2013",37.0880158632337,
"EU","VAFINCORP","NETOPERATING","PC_NVA","A","2014",39.1722298340481,
"EU","VAFINCORP","NETOPERATING","PC_NVA","A","2015",38.4112121203261,
"NZL","VAFINCORP","COMPEMPLOYEE","PC_NVA","A","1998",63.6576395854229,
"NZL","VAFINCORP","COMPEMPLOYEE","PC_NVA","A","1999",56.2870699881376,
"NZL","VAFINCORP","COMPEMPLOYEE","PC_NVA","A","2000",51.7071838295548,
"NZL","VAFINCORP","COMPEMPLOYEE","PC_NVA","A","2001",48.664314516129,
"NZL","VAFINCORP","COMPEMPLOYEE","PC_NVA","A","2002",46.3882618510158,
"NZL","VAFINCORP","COMPEMPLOYEE","PC_NVA","A","2003",43.2735867638369,
"NZL","VAFINCORP","COMPEMPLOYEE","PC_NVA","A","2004",42.9288236387289,
"NZL","VAFINCORP","COMPEMPLOYEE","PC_NVA","A","2005",48.1568485724612,
"NZL","VAFINCORP","COMPEMPLOYEE","PC_NVA","A","2006",50.0979170375645,
"NZL","VAFINCORP","COMPEMPLOYEE","PC_NVA","A","2007",53.0366492146597,
"NZL","VAFINCORP","COMPEMPLOYEE","PC_NVA","A","2008",47.8016979987871,
"NZL","VAFINCORP","COMPEMPLOYEE","PC_NVA","A","2009",37.3808683374515,
"NZL","VAFINCORP","COMPEMPLOYEE","PC_NVA","A","2010",45.0961669622153,
"NZL","VAFINCORP","COMPEMPLOYEE","PC_NVA","A","2011",44.4861684816623,
"NZL","VAFINCORP","COMPEMPLOYEE","PC_NVA","A","2012",43.7310353198204,
"NZL","VAFINCORP","COMPEMPLOYEE","PC_NVA","A","2013",39.4824797843666,
"NZL","VAFINCORP","COMPEMPLOYEE","PC_NVA","A","2014",39.2052719582965,"E"
"NZL","VAFINCORP","NETOPERATING","PC_NVA","A","1998",25.777331995988,
"NZL","VAFINCORP","NETOPERATING","PC_NVA","A","1999",33.8078291814947,
"NZL","VAFINCORP","NETOPERATING","PC_NVA","A","2000",38.8964763725758,
"NZL","VAFINCORP","NETOPERATING","PC_NVA","A","2001",42.3387096774194,
"NZL","VAFINCORP","NETOPERATING","PC_NVA","A","2002",44.7855530474041,
"NZL","VAFINCORP","NETOPERATING","PC_NVA","A","2003",48.8871380736655,
"NZL","VAFINCORP","NETOPERATING","PC_NVA","A","2004",49.2659356996841,
"NZL","VAFINCORP","NETOPERATING","PC_NVA","A","2005",43.8200216841344,
"NZL","VAFINCORP","NETOPERATING","PC_NVA","A","2006",41.5880363183194,
"NZL","VAFINCORP","NETOPERATING","PC_NVA","A","2007",38.2722513089005,
"NZL","VAFINCORP","NETOPERATING","PC_NVA","A","2008",44.436021831413,
"NZL","VAFINCORP","NETOPERATING","PC_NVA","A","2009",57.2067302035534,
"NZL","VAFINCORP","NETOPERATING","PC_NVA","A","2010",48.0698404037648,
"NZL","VAFINCORP","NETOPERATING","PC_NVA","A","2011",48.9047440230317,
"NZL","VAFINCORP","NETOPERATING","PC_NVA","A","2012",47.8334749362787,
"NZL","VAFINCORP","NETOPERATING","PC_NVA","A","2013",52.2264150943396,
"NZL","VAFINCORP","NETOPERATING","PC_NVA","A","2014",52.5228681026852,
"ISL","VAFINCORP","COMPEMPLOYEE","PC_NVA","A","2000",70.6192664702541,
"ISL","VAFINCORP","COMPEMPLOYEE","PC_NVA","A","2001",62.4799245212819,
"ISL","VAFINCORP","COMPEMPLOYEE","PC_NVA","A","2002",64.8537224533225,
"ISL","VAFINCORP","COMPEMPLOYEE","PC_NVA","A","2003",62.3604556391104,
"ISL","VAFINCORP","COMPEMPLOYEE","PC_NVA","A","2004",56.6319559586557,
"ISL","VAFINCORP","COMPEMPLOYEE","PC_NVA","A","2005",56.8561356960807,
"ISL","VAFINCORP","COMPEMPLOYEE","PC_NVA","A","2006",51.4706352505531,
"ISL","VAFINCORP","COMPEMPLOYEE","PC_NVA","A","2007",46.748546790601,
"ISL","VAFINCORP","COMPEMPLOYEE","PC_NVA","A","2008",53.7581688653165,
"ISL","VAFINCORP","COMPEMPLOYEE","PC_NVA","A","2009",31.4854697304503,
"ISL","VAFINCORP","COMPEMPLOYEE","PC_NVA","A","2010",37.088529443227,
"ISL","VAFINCORP","COMPEMPLOYEE","PC_NVA","A","2011",48.5997694686685,
"ISL","VAFINCORP","COMPEMPLOYEE","PC_NVA","A","2012",40.8930616147584,
"ISL","VAFINCORP","COMPEMPLOYEE","PC_NVA","A","2013",50.628767087139,
"ISL","VAFINCORP","COMPEMPLOYEE","PC_NVA","A","2014",47.1151891882751,
"ISL","VAFINCORP","NETOPERATING","PC_NVA","A","2000",28.3954076198223,
"ISL","VAFINCORP","NETOPERATING","PC_NVA","A","2001",36.7112377910142,
"ISL","VAFINCORP","NETOPERATING","PC_NVA","A","2002",34.1566893615018,
"ISL","VAFINCORP","NETOPERATING","PC_NVA","A","2003",36.6990895307904,
"ISL","VAFINCORP","NETOPERATING","PC_NVA","A","2004",42.6233517311427,
"ISL","VAFINCORP","NETOPERATING","PC_NVA","A","2005",42.4624786064933,
"ISL","VAFINCORP","NETOPERATING","PC_NVA","A","2006",47.9262759790145,
"ISL","VAFINCORP","NETOPERATING","PC_NVA","A","2007",51.9648624693438,
"ISL","VAFINCORP","NETOPERATING","PC_NVA","A","2008",43.8994522209455,
"ISL","VAFINCORP","NETOPERATING","PC_NVA","A","2009",66.4491159685416,
"ISL","VAFINCORP","NETOPERATING","PC_NVA","A","2010",59.8898031623938,
"ISL","VAFINCORP","NETOPERATING","PC_NVA","A","2011",46.2001463714283,
"ISL","VAFINCORP","NETOPERATING","PC_NVA","A","2012",51.7623624155365,
"ISL","VAFINCORP","NETOPERATING","PC_NVA","A","2013",39.9017997494142,
"ISL","VAFINCORP","NETOPERATING","PC_NVA","A","2014",18.8744975972633,
"LVA","VAFINCORP","COMPEMPLOYEE","PC_NVA","A","1995",48.404120164963,
"LVA","VAFINCORP","COMPEMPLOYEE","PC_NVA","A","1996",53.7287157287157,
"LVA","VAFINCORP","COMPEMPLOYEE","PC_NVA","A","1997",58.5192317107002,
"LVA","VAFINCORP","COMPEMPLOYEE","PC_NVA","A","1998",48.370835067055,
"LVA","VAFINCORP","COMPEMPLOYEE","PC_NVA","A","1999",57.0654451829232,
"LVA","VAFINCORP","COMPEMPLOYEE","PC_NVA","A","2000",84.6600777943587,
"LVA","VAFINCORP","COMPEMPLOYEE","PC_NVA","A","2001",60.2409926031973,
"LVA","VAFINCORP","COMPEMPLOYEE","PC_NVA","A","2002",62.6406000115182,
"LVA","VAFINCORP","COMPEMPLOYEE","PC_NVA","A","2003",62.7439652560347,
"LVA","VAFINCORP","COMPEMPLOYEE","PC_NVA","A","2004",59.2709814732627,
"LVA","VAFINCORP","COMPEMPLOYEE","PC_NVA","A","2005",50.8609371396129,
"LVA","VAFINCORP","COMPEMPLOYEE","PC_NVA","A","2006",43.9837026772094,
"LVA","VAFINCORP","COMPEMPLOYEE","PC_NVA","A","2007",41.8975552090416,
"LVA","VAFINCORP","COMPEMPLOYEE","PC_NVA","A","2008",45.5488098209215,
"LVA","VAFINCORP","COMPEMPLOYEE","PC_NVA","A","2009",84.0209729406198,
"LVA","VAFINCORP","COMPEMPLOYEE","PC_NVA","A","2010",82.777470440971,
"LVA","VAFINCORP","COMPEMPLOYEE","PC_NVA","A","2011",58.7215104825769,
"LVA","VAFINCORP","COMPEMPLOYEE","PC_NVA","A","2012",53.3509936403052,
"LVA","VAFINCORP","COMPEMPLOYEE","PC_NVA","A","2013",54.5725468215198,
"LVA","VAFINCORP","COMPEMPLOYEE","PC_NVA","A","2014",47.9502258586892,
"LVA","VAFINCORP","COMPEMPLOYEE","PC_NVA","A","2015",46.3309167713209,
"LVA","VAFINCORP","NETOPERATING","PC_NVA","A","1995",49.5807517151066,
"LVA","VAFINCORP","NETOPERATING","PC_NVA","A","1996",43.8518518518519,
"LVA","VAFINCORP","NETOPERATING","PC_NVA","A","1997",37.093457791413,
"LVA","VAFINCORP","NETOPERATING","PC_NVA","A","1998",48.1419838043722,
"LVA","VAFINCORP","NETOPERATING","PC_NVA","A","1999",39.7569007843842,
"LVA","VAFINCORP","NETOPERATING","PC_NVA","A","2000",11.6171685789075,
"LVA","VAFINCORP","NETOPERATING","PC_NVA","A","2001",36.0563111429253,
"LVA","VAFINCORP","NETOPERATING","PC_NVA","A","2002",32.9651927754077,
"LVA","VAFINCORP","NETOPERATING","PC_NVA","A","2003",30.5597414402586,
"LVA","VAFINCORP","NETOPERATING","PC_NVA","A","2004",34.3377962933567,
"LVA","VAFINCORP","NETOPERATING","PC_NVA","A","2005",43.8856164505083,
"LVA","VAFINCORP","NETOPERATING","PC_NVA","A","2006",52.0665692359647,
"LVA","VAFINCORP","NETOPERATING","PC_NVA","A","2007",54.595338441959,
"LVA","VAFINCORP","NETOPERATING","PC_NVA","A","2008",51.3168650599882,
"LVA","VAFINCORP","NETOPERATING","PC_NVA","A","2009",9.83212750383183,
"LVA","VAFINCORP","NETOPERATING","PC_NVA","A","2010",9.01140167462096,
"LVA","VAFINCORP","NETOPERATING","PC_NVA","A","2011",35.9259827008128,
"LVA","VAFINCORP","NETOPERATING","PC_NVA","A","2012",39.405162308993,
"LVA","VAFINCORP","NETOPERATING","PC_NVA","A","2013",39.8502155336869,
"LVA","VAFINCORP","NETOPERATING","PC_NVA","A","2014",47.4680862145705,
"LVA","VAFINCORP","NETOPERATING","PC_NVA","A","2015",49.2996214882275,
