﻿"LOCATION","INDICATOR","SUBJECT","MEASURE","FREQUENCY","TIME","Value","Flag Codes"
"AUT","VANONFINCORP","COMPEMPLOYEE","PC_NVA","A","1995",72.5308497998227,
"AUT","VANONFINCORP","COMPEMPLOYEE","PC_NVA","A","1996",70.9973234058598,
"AUT","VANONFINCORP","COMPEMPLOYEE","PC_NVA","A","1997",69.3103936812652,
"AUT","VANONFINCORP","COMPEMPLOYEE","PC_NVA","A","1998",68.7531257908176,
"AUT","VANONFINCORP","COMPEMPLOYEE","PC_NVA","A","1999",68.7813039014729,
"AUT","VANONFINCORP","COMPEMPLOYEE","PC_NVA","A","2000",68.0586407492259,
"AUT","VANONFINCORP","COMPEMPLOYEE","PC_NVA","A","2001",66.8343288602523,
"AUT","VANONFINCORP","COMPEMPLOYEE","PC_NVA","A","2002",66.3871746440115,
"AUT","VANONFINCORP","COMPEMPLOYEE","PC_NVA","A","2003",66.5448258140596,
"AUT","VANONFINCORP","COMPEMPLOYEE","PC_NVA","A","2004",64.8337784914718,
"AUT","VANONFINCORP","COMPEMPLOYEE","PC_NVA","A","2005",63.6087201835406,
"AUT","VANONFINCORP","COMPEMPLOYEE","PC_NVA","A","2006",62.4501677379139,
"AUT","VANONFINCORP","COMPEMPLOYEE","PC_NVA","A","2007",61.9720047644734,
"AUT","VANONFINCORP","COMPEMPLOYEE","PC_NVA","A","2008",64.4641051022435,
"AUT","VANONFINCORP","COMPEMPLOYEE","PC_NVA","A","2009",67.975338786473,
"AUT","VANONFINCORP","COMPEMPLOYEE","PC_NVA","A","2010",67.2333087937136,
"AUT","VANONFINCORP","COMPEMPLOYEE","PC_NVA","A","2011",66.8282975107364,
"AUT","VANONFINCORP","COMPEMPLOYEE","PC_NVA","A","2012",68.5996750415245,
"AUT","VANONFINCORP","COMPEMPLOYEE","PC_NVA","A","2013",70.0559279383681,
"AUT","VANONFINCORP","COMPEMPLOYEE","PC_NVA","A","2014",70.5625598395268,
"AUT","VANONFINCORP","COMPEMPLOYEE","PC_NVA","A","2015",70.8904968776383,
"AUT","VANONFINCORP","NETOPERATING","PC_NVA","A","1995",24.3978903868264,
"AUT","VANONFINCORP","NETOPERATING","PC_NVA","A","1996",25.9538021975688,
"AUT","VANONFINCORP","NETOPERATING","PC_NVA","A","1997",27.5122764497089,
"AUT","VANONFINCORP","NETOPERATING","PC_NVA","A","1998",28.4539613739207,
"AUT","VANONFINCORP","NETOPERATING","PC_NVA","A","1999",28.4665452245239,
"AUT","VANONFINCORP","NETOPERATING","PC_NVA","A","2000",29.1756229491247,
"AUT","VANONFINCORP","NETOPERATING","PC_NVA","A","2001",30.0995944768626,
"AUT","VANONFINCORP","NETOPERATING","PC_NVA","A","2002",30.3774821496902,
"AUT","VANONFINCORP","NETOPERATING","PC_NVA","A","2003",30.440459662046,
"AUT","VANONFINCORP","NETOPERATING","PC_NVA","A","2004",32.6843655566797,
"AUT","VANONFINCORP","NETOPERATING","PC_NVA","A","2005",34.1302011599809,
"AUT","VANONFINCORP","NETOPERATING","PC_NVA","A","2006",35.40968111587,
"AUT","VANONFINCORP","NETOPERATING","PC_NVA","A","2007",35.8551929121341,
"AUT","VANONFINCORP","NETOPERATING","PC_NVA","A","2008",33.2644166896303,
"AUT","VANONFINCORP","NETOPERATING","PC_NVA","A","2009",29.6257681194807,
"AUT","VANONFINCORP","NETOPERATING","PC_NVA","A","2010",30.357267992331,
"AUT","VANONFINCORP","NETOPERATING","PC_NVA","A","2011",30.6915793674326,
"AUT","VANONFINCORP","NETOPERATING","PC_NVA","A","2012",28.7994267993038,
"AUT","VANONFINCORP","NETOPERATING","PC_NVA","A","2013",26.9374165007139,
"AUT","VANONFINCORP","NETOPERATING","PC_NVA","A","2014",26.4298976660921,
"AUT","VANONFINCORP","NETOPERATING","PC_NVA","A","2015",26.0890667778663,
"BEL","VANONFINCORP","COMPEMPLOYEE","PC_NVA","A","1995",75.3120243208071,
"BEL","VANONFINCORP","COMPEMPLOYEE","PC_NVA","A","1996",76.5645484099838,
"BEL","VANONFINCORP","COMPEMPLOYEE","PC_NVA","A","1997",75.8102330436179,
"BEL","VANONFINCORP","COMPEMPLOYEE","PC_NVA","A","1998",75.6171657089088,
"BEL","VANONFINCORP","COMPEMPLOYEE","PC_NVA","A","1999",77.7791389356722,
"BEL","VANONFINCORP","COMPEMPLOYEE","PC_NVA","A","2000",77.2044215196169,
"BEL","VANONFINCORP","COMPEMPLOYEE","PC_NVA","A","2001",78.9919294860625,
"BEL","VANONFINCORP","COMPEMPLOYEE","PC_NVA","A","2002",78.6544388842821,
"BEL","VANONFINCORP","COMPEMPLOYEE","PC_NVA","A","2003",77.4175046197413,
"BEL","VANONFINCORP","COMPEMPLOYEE","PC_NVA","A","2004",74.7235914794045,
"BEL","VANONFINCORP","COMPEMPLOYEE","PC_NVA","A","2005",73.9154500298319,
"BEL","VANONFINCORP","COMPEMPLOYEE","PC_NVA","A","2006",74.6364365683472,
"BEL","VANONFINCORP","COMPEMPLOYEE","PC_NVA","A","2007",73.8546345788686,
"BEL","VANONFINCORP","COMPEMPLOYEE","PC_NVA","A","2008",76.4375983193362,
"BEL","VANONFINCORP","COMPEMPLOYEE","PC_NVA","A","2009",80.4265020141074,
"BEL","VANONFINCORP","COMPEMPLOYEE","PC_NVA","A","2010",78.1674373280705,
"BEL","VANONFINCORP","COMPEMPLOYEE","PC_NVA","A","2011",79.0336072460251,
"BEL","VANONFINCORP","COMPEMPLOYEE","PC_NVA","A","2012",80.7955865412885,
"BEL","VANONFINCORP","COMPEMPLOYEE","PC_NVA","A","2013",81.4441503973227,
"BEL","VANONFINCORP","COMPEMPLOYEE","PC_NVA","A","2014",80.4277813212641,
"BEL","VANONFINCORP","COMPEMPLOYEE","PC_NVA","A","2015",78.5581644144144,
"BEL","VANONFINCORP","NETOPERATING","PC_NVA","A","1995",24.8169464394517,
"BEL","VANONFINCORP","NETOPERATING","PC_NVA","A","1996",23.7953893236475,
"BEL","VANONFINCORP","NETOPERATING","PC_NVA","A","1997",24.0745498705313,
"BEL","VANONFINCORP","NETOPERATING","PC_NVA","A","1998",24.4799062885564,
"BEL","VANONFINCORP","NETOPERATING","PC_NVA","A","1999",22.3725418501502,
"BEL","VANONFINCORP","NETOPERATING","PC_NVA","A","2000",22.9855062989782,
"BEL","VANONFINCORP","NETOPERATING","PC_NVA","A","2001",21.2550732891063,
"BEL","VANONFINCORP","NETOPERATING","PC_NVA","A","2002",21.8623625136179,
"BEL","VANONFINCORP","NETOPERATING","PC_NVA","A","2003",23.0875870951227,
"BEL","VANONFINCORP","NETOPERATING","PC_NVA","A","2004",26.0043847855283,
"BEL","VANONFINCORP","NETOPERATING","PC_NVA","A","2005",27.3786777655575,
"BEL","VANONFINCORP","NETOPERATING","PC_NVA","A","2006",27.3465865701391,
"BEL","VANONFINCORP","NETOPERATING","PC_NVA","A","2007",28.7020039109176,
"BEL","VANONFINCORP","NETOPERATING","PC_NVA","A","2008",26.4969668641849,
"BEL","VANONFINCORP","NETOPERATING","PC_NVA","A","2009",23.0881253328623,
"BEL","VANONFINCORP","NETOPERATING","PC_NVA","A","2010",25.9489499224915,
"BEL","VANONFINCORP","NETOPERATING","PC_NVA","A","2011",25.4857082933479,
"BEL","VANONFINCORP","NETOPERATING","PC_NVA","A","2012",23.3650152545559,
"BEL","VANONFINCORP","NETOPERATING","PC_NVA","A","2013",23.0780509583263,
"BEL","VANONFINCORP","NETOPERATING","PC_NVA","A","2014",24.0195367449826,
"BEL","VANONFINCORP","NETOPERATING","PC_NVA","A","2015",26.0129504504505,
"CZE","VANONFINCORP","COMPEMPLOYEE","PC_NVA","A","1995",66.8085960845821,
"CZE","VANONFINCORP","COMPEMPLOYEE","PC_NVA","A","1996",67.0822722624371,
"CZE","VANONFINCORP","COMPEMPLOYEE","PC_NVA","A","1997",70.2628459069485,
"CZE","VANONFINCORP","COMPEMPLOYEE","PC_NVA","A","1998",68.5925295881004,
"CZE","VANONFINCORP","COMPEMPLOYEE","PC_NVA","A","1999",69.148326548084,
"CZE","VANONFINCORP","COMPEMPLOYEE","PC_NVA","A","2000",67.9911189133978,
"CZE","VANONFINCORP","COMPEMPLOYEE","PC_NVA","A","2001",66.484680935739,
"CZE","VANONFINCORP","COMPEMPLOYEE","PC_NVA","A","2002",67.3456492822474,
"CZE","VANONFINCORP","COMPEMPLOYEE","PC_NVA","A","2003",68.1459786236947,
"CZE","VANONFINCORP","COMPEMPLOYEE","PC_NVA","A","2004",67.142688287282,
"CZE","VANONFINCORP","COMPEMPLOYEE","PC_NVA","A","2005",66.2555385093647,
"CZE","VANONFINCORP","COMPEMPLOYEE","PC_NVA","A","2006",64.1416100120613,
"CZE","VANONFINCORP","COMPEMPLOYEE","PC_NVA","A","2007",63.763631065251,
"CZE","VANONFINCORP","COMPEMPLOYEE","PC_NVA","A","2008",66.0338090692044,
"CZE","VANONFINCORP","COMPEMPLOYEE","PC_NVA","A","2009",69.4708534746409,
"CZE","VANONFINCORP","COMPEMPLOYEE","PC_NVA","A","2010",70.3439474149117,
"CZE","VANONFINCORP","COMPEMPLOYEE","PC_NVA","A","2011",68.8034138393771,
"CZE","VANONFINCORP","COMPEMPLOYEE","PC_NVA","A","2012",69.8839821155559,
"CZE","VANONFINCORP","COMPEMPLOYEE","PC_NVA","A","2013",70.6965940867049,
"CZE","VANONFINCORP","COMPEMPLOYEE","PC_NVA","A","2014",65.9767568792903,
"CZE","VANONFINCORP","COMPEMPLOYEE","PC_NVA","A","2015",65.5259419856459,
"CZE","VANONFINCORP","NETOPERATING","PC_NVA","A","1995",33.788898832205,
"CZE","VANONFINCORP","NETOPERATING","PC_NVA","A","1996",33.3912160039569,
"CZE","VANONFINCORP","NETOPERATING","PC_NVA","A","1997",30.3887685454904,
"CZE","VANONFINCORP","NETOPERATING","PC_NVA","A","1998",33.0968359835558,
"CZE","VANONFINCORP","NETOPERATING","PC_NVA","A","1999",32.6204026963024,
"CZE","VANONFINCORP","NETOPERATING","PC_NVA","A","2000",33.8442493168598,
"CZE","VANONFINCORP","NETOPERATING","PC_NVA","A","2001",35.7271605009824,
"CZE","VANONFINCORP","NETOPERATING","PC_NVA","A","2002",34.2394426594583,
"CZE","VANONFINCORP","NETOPERATING","PC_NVA","A","2003",33.5215048264343,
"CZE","VANONFINCORP","NETOPERATING","PC_NVA","A","2004",34.1086335175597,
"CZE","VANONFINCORP","NETOPERATING","PC_NVA","A","2005",35.4517973873888,
"CZE","VANONFINCORP","NETOPERATING","PC_NVA","A","2006",37.4057426374868,
"CZE","VANONFINCORP","NETOPERATING","PC_NVA","A","2007",37.745925645178,
"CZE","VANONFINCORP","NETOPERATING","PC_NVA","A","2008",35.5366828456664,
"CZE","VANONFINCORP","NETOPERATING","PC_NVA","A","2009",32.735261853917,
"CZE","VANONFINCORP","NETOPERATING","PC_NVA","A","2010",31.4779504486668,
"CZE","VANONFINCORP","NETOPERATING","PC_NVA","A","2011",32.7090319405513,
"CZE","VANONFINCORP","NETOPERATING","PC_NVA","A","2012",31.751757593442,
"CZE","VANONFINCORP","NETOPERATING","PC_NVA","A","2013",31.0579376796574,
"CZE","VANONFINCORP","NETOPERATING","PC_NVA","A","2014",35.6265034520249,
"CZE","VANONFINCORP","NETOPERATING","PC_NVA","A","2015",35.9087378721425,
"DNK","VANONFINCORP","COMPEMPLOYEE","PC_NVA","A","1995",73.9148679820406,
"DNK","VANONFINCORP","COMPEMPLOYEE","PC_NVA","A","1996",74.1767192040151,
"DNK","VANONFINCORP","COMPEMPLOYEE","PC_NVA","A","1997",72.8595134375589,
"DNK","VANONFINCORP","COMPEMPLOYEE","PC_NVA","A","1998",76.0741671147243,
"DNK","VANONFINCORP","COMPEMPLOYEE","PC_NVA","A","1999",72.9509163768028,
"DNK","VANONFINCORP","COMPEMPLOYEE","PC_NVA","A","2000",68.7708794149289,
"DNK","VANONFINCORP","COMPEMPLOYEE","PC_NVA","A","2001",71.8375921689421,
"DNK","VANONFINCORP","COMPEMPLOYEE","PC_NVA","A","2002",73.112564465774,
"DNK","VANONFINCORP","COMPEMPLOYEE","PC_NVA","A","2003",73.6922332106635,
"DNK","VANONFINCORP","COMPEMPLOYEE","PC_NVA","A","2004",72.1852124082469,
"DNK","VANONFINCORP","COMPEMPLOYEE","PC_NVA","A","2005",72.2619601139066,
"DNK","VANONFINCORP","COMPEMPLOYEE","PC_NVA","A","2006",71.0349677356136,
"DNK","VANONFINCORP","COMPEMPLOYEE","PC_NVA","A","2007",74.7873240207086,
"DNK","VANONFINCORP","COMPEMPLOYEE","PC_NVA","A","2008",76.8611840665353,
"DNK","VANONFINCORP","COMPEMPLOYEE","PC_NVA","A","2009",81.9330630882918,
"DNK","VANONFINCORP","COMPEMPLOYEE","PC_NVA","A","2010",75.6243994453252,
"DNK","VANONFINCORP","COMPEMPLOYEE","PC_NVA","A","2011",74.6351656822039,
"DNK","VANONFINCORP","COMPEMPLOYEE","PC_NVA","A","2012",74.1089742559835,
"DNK","VANONFINCORP","COMPEMPLOYEE","PC_NVA","A","2013",73.0992397474066,
"DNK","VANONFINCORP","COMPEMPLOYEE","PC_NVA","A","2014",73.1761089075681,
"DNK","VANONFINCORP","COMPEMPLOYEE","PC_NVA","A","2015",72.1874545705969,
"DNK","VANONFINCORP","COMPEMPLOYEE","PC_NVA","A","2016",75.2411901026434,
"DNK","VANONFINCORP","NETOPERATING","PC_NVA","A","1995",27.6009700539605,
"DNK","VANONFINCORP","NETOPERATING","PC_NVA","A","1996",27.5571600481348,
"DNK","VANONFINCORP","NETOPERATING","PC_NVA","A","1997",28.2936717826019,
"DNK","VANONFINCORP","NETOPERATING","PC_NVA","A","1998",24.6056163005236,
"DNK","VANONFINCORP","NETOPERATING","PC_NVA","A","1999",27.2649051077073,
"DNK","VANONFINCORP","NETOPERATING","PC_NVA","A","2000",31.3489403440069,
"DNK","VANONFINCORP","NETOPERATING","PC_NVA","A","2001",28.0366105910493,
"DNK","VANONFINCORP","NETOPERATING","PC_NVA","A","2002",26.8347814678961,
"DNK","VANONFINCORP","NETOPERATING","PC_NVA","A","2003",26.1195522141963,
"DNK","VANONFINCORP","NETOPERATING","PC_NVA","A","2004",27.6290363886108,
"DNK","VANONFINCORP","NETOPERATING","PC_NVA","A","2005",27.6566333056238,
"DNK","VANONFINCORP","NETOPERATING","PC_NVA","A","2006",28.994429025555,
"DNK","VANONFINCORP","NETOPERATING","PC_NVA","A","2007",25.1812567414604,
"DNK","VANONFINCORP","NETOPERATING","PC_NVA","A","2008",23.0460713504049,
"DNK","VANONFINCORP","NETOPERATING","PC_NVA","A","2009",18.850127241649,
"DNK","VANONFINCORP","NETOPERATING","PC_NVA","A","2010",25.0013838482905,
"DNK","VANONFINCORP","NETOPERATING","PC_NVA","A","2011",25.6605831335708,
"DNK","VANONFINCORP","NETOPERATING","PC_NVA","A","2012",26.172726445055,
"DNK","VANONFINCORP","NETOPERATING","PC_NVA","A","2013",26.8102355958918,
"DNK","VANONFINCORP","NETOPERATING","PC_NVA","A","2014",26.5133433230982,
"DNK","VANONFINCORP","NETOPERATING","PC_NVA","A","2015",27.5048960338875,
"DNK","VANONFINCORP","NETOPERATING","PC_NVA","A","2016",24.5009362777926,
"FIN","VANONFINCORP","COMPEMPLOYEE","PC_NVA","A","1995",69.5045994633959,
"FIN","VANONFINCORP","COMPEMPLOYEE","PC_NVA","A","1996",70.3605551293675,
"FIN","VANONFINCORP","COMPEMPLOYEE","PC_NVA","A","1997",67.9396984924623,
"FIN","VANONFINCORP","COMPEMPLOYEE","PC_NVA","A","1998",66.0347085185253,
"FIN","VANONFINCORP","COMPEMPLOYEE","PC_NVA","A","1999",66.8962765034528,
"FIN","VANONFINCORP","COMPEMPLOYEE","PC_NVA","A","2000",65.5463518359834,
"FIN","VANONFINCORP","COMPEMPLOYEE","PC_NVA","A","2001",64.7890444956568,
"FIN","VANONFINCORP","COMPEMPLOYEE","PC_NVA","A","2002",65.31952144733,
"FIN","VANONFINCORP","COMPEMPLOYEE","PC_NVA","A","2003",65.964411982948,
"FIN","VANONFINCORP","COMPEMPLOYEE","PC_NVA","A","2004",65.2348177018548,
"FIN","VANONFINCORP","COMPEMPLOYEE","PC_NVA","A","2005",67.1862359096057,
"FIN","VANONFINCORP","COMPEMPLOYEE","PC_NVA","A","2006",67.4239231761356,
"FIN","VANONFINCORP","COMPEMPLOYEE","PC_NVA","A","2007",64.9366708269773,
"FIN","VANONFINCORP","COMPEMPLOYEE","PC_NVA","A","2008",67.3657059549176,
"FIN","VANONFINCORP","COMPEMPLOYEE","PC_NVA","A","2009",76.6473574676228,
"FIN","VANONFINCORP","COMPEMPLOYEE","PC_NVA","A","2010",73.469233292126,
"FIN","VANONFINCORP","COMPEMPLOYEE","PC_NVA","A","2011",74.3312726084905,
"FIN","VANONFINCORP","COMPEMPLOYEE","PC_NVA","A","2012",78.0625766871166,
"FIN","VANONFINCORP","COMPEMPLOYEE","PC_NVA","A","2013",77.4694729687083,
"FIN","VANONFINCORP","COMPEMPLOYEE","PC_NVA","A","2014",77.0202111396001,
"FIN","VANONFINCORP","COMPEMPLOYEE","PC_NVA","A","2015",75.5464290686343,
"FIN","VANONFINCORP","COMPEMPLOYEE","PC_NVA","A","2016",74.6579688526233,
"FIN","VANONFINCORP","NETOPERATING","PC_NVA","A","1995",31.5470486776543,
"FIN","VANONFINCORP","NETOPERATING","PC_NVA","A","1996",30.5414138596369,
"FIN","VANONFINCORP","NETOPERATING","PC_NVA","A","1997",32.9145728643216,
"FIN","VANONFINCORP","NETOPERATING","PC_NVA","A","1998",34.7601571288936,
"FIN","VANONFINCORP","NETOPERATING","PC_NVA","A","1999",33.7734670506992,
"FIN","VANONFINCORP","NETOPERATING","PC_NVA","A","2000",35.0138055793583,
"FIN","VANONFINCORP","NETOPERATING","PC_NVA","A","2001",35.6408438220174,
"FIN","VANONFINCORP","NETOPERATING","PC_NVA","A","2002",35.0335570469799,
"FIN","VANONFINCORP","NETOPERATING","PC_NVA","A","2003",34.3527665827647,
"FIN","VANONFINCORP","NETOPERATING","PC_NVA","A","2004",35.261353898886,
"FIN","VANONFINCORP","NETOPERATING","PC_NVA","A","2005",33.4083922118548,
"FIN","VANONFINCORP","NETOPERATING","PC_NVA","A","2006",33.2848076210908,
"FIN","VANONFINCORP","NETOPERATING","PC_NVA","A","2007",35.7613368464845,
"FIN","VANONFINCORP","NETOPERATING","PC_NVA","A","2008",33.442861949086,
"FIN","VANONFINCORP","NETOPERATING","PC_NVA","A","2009",24.5324036638874,
"FIN","VANONFINCORP","NETOPERATING","PC_NVA","A","2010",27.7316648585917,
"FIN","VANONFINCORP","NETOPERATING","PC_NVA","A","2011",26.8567695415996,
"FIN","VANONFINCORP","NETOPERATING","PC_NVA","A","2012",23.2319018404908,
"FIN","VANONFINCORP","NETOPERATING","PC_NVA","A","2013",23.5974558784259,
"FIN","VANONFINCORP","NETOPERATING","PC_NVA","A","2014",24.0246530160221,
"FIN","VANONFINCORP","NETOPERATING","PC_NVA","A","2015",25.5963153742633,
"FIN","VANONFINCORP","NETOPERATING","PC_NVA","A","2016",26.2659883559128,
"FRA","VANONFINCORP","COMPEMPLOYEE","PC_NVA","A","1978",85.4114330374588,
"FRA","VANONFINCORP","COMPEMPLOYEE","PC_NVA","A","1979",85.6052552340337,
"FRA","VANONFINCORP","COMPEMPLOYEE","PC_NVA","A","1980",87.3285972095762,
"FRA","VANONFINCORP","COMPEMPLOYEE","PC_NVA","A","1981",87.8537433245699,
"FRA","VANONFINCORP","COMPEMPLOYEE","PC_NVA","A","1982",88.0795720609095,
"FRA","VANONFINCORP","COMPEMPLOYEE","PC_NVA","A","1983",87.7013040898709,
"FRA","VANONFINCORP","COMPEMPLOYEE","PC_NVA","A","1984",85.8567268740344,
"FRA","VANONFINCORP","COMPEMPLOYEE","PC_NVA","A","1985",84.3701433186977,
"FRA","VANONFINCORP","COMPEMPLOYEE","PC_NVA","A","1986",79.9259265912759,
"FRA","VANONFINCORP","COMPEMPLOYEE","PC_NVA","A","1987",79.2872919126245,
"FRA","VANONFINCORP","COMPEMPLOYEE","PC_NVA","A","1988",76.5667637825971,
"FRA","VANONFINCORP","COMPEMPLOYEE","PC_NVA","A","1989",76.2219141933056,
"FRA","VANONFINCORP","COMPEMPLOYEE","PC_NVA","A","1990",76.8403814919651,
"FRA","VANONFINCORP","COMPEMPLOYEE","PC_NVA","A","1991",77.7727171185474,
"FRA","VANONFINCORP","COMPEMPLOYEE","PC_NVA","A","1992",77.6509129450306,
"FRA","VANONFINCORP","COMPEMPLOYEE","PC_NVA","A","1993",78.6251016512624,
"FRA","VANONFINCORP","COMPEMPLOYEE","PC_NVA","A","1994",78.0441665216274,
"FRA","VANONFINCORP","COMPEMPLOYEE","PC_NVA","A","1995",76.7262718622188,
"FRA","VANONFINCORP","COMPEMPLOYEE","PC_NVA","A","1996",77.8231668913232,
"FRA","VANONFINCORP","COMPEMPLOYEE","PC_NVA","A","1997",76.2537856919993,
"FRA","VANONFINCORP","COMPEMPLOYEE","PC_NVA","A","1998",74.7848285666029,
"FRA","VANONFINCORP","COMPEMPLOYEE","PC_NVA","A","1999",75.9178535352245,
"FRA","VANONFINCORP","COMPEMPLOYEE","PC_NVA","A","2000",76.3188068770995,
"FRA","VANONFINCORP","COMPEMPLOYEE","PC_NVA","A","2001",76.846655204003,
"FRA","VANONFINCORP","COMPEMPLOYEE","PC_NVA","A","2002",77.8541238128008,
"FRA","VANONFINCORP","COMPEMPLOYEE","PC_NVA","A","2003",77.7454514697047,
"FRA","VANONFINCORP","COMPEMPLOYEE","PC_NVA","A","2004",77.4415977044605,
"FRA","VANONFINCORP","COMPEMPLOYEE","PC_NVA","A","2005",77.5492275803996,
"FRA","VANONFINCORP","COMPEMPLOYEE","PC_NVA","A","2006",78.1532638074188,
"FRA","VANONFINCORP","COMPEMPLOYEE","PC_NVA","A","2007",77.0239614695845,
"FRA","VANONFINCORP","COMPEMPLOYEE","PC_NVA","A","2008",77.9706401398385,
"FRA","VANONFINCORP","COMPEMPLOYEE","PC_NVA","A","2009",81.1827549628732,
"FRA","VANONFINCORP","COMPEMPLOYEE","PC_NVA","A","2010",81.2665737289124,
"FRA","VANONFINCORP","COMPEMPLOYEE","PC_NVA","A","2011",81.1802577143508,
"FRA","VANONFINCORP","COMPEMPLOYEE","PC_NVA","A","2012",82.3753591227765,
"FRA","VANONFINCORP","COMPEMPLOYEE","PC_NVA","A","2013",82.5758455677383,
"FRA","VANONFINCORP","COMPEMPLOYEE","PC_NVA","A","2014",83.0813000623254,
"FRA","VANONFINCORP","COMPEMPLOYEE","PC_NVA","A","2015",82.2442764751344,
"FRA","VANONFINCORP","NETOPERATING","PC_NVA","A","1978",12.536286495841,
"FRA","VANONFINCORP","NETOPERATING","PC_NVA","A","1979",12.3459900573332,
"FRA","VANONFINCORP","NETOPERATING","PC_NVA","A","1980",10.8700037620016,
"FRA","VANONFINCORP","NETOPERATING","PC_NVA","A","1981",10.0415898054139,
"FRA","VANONFINCORP","NETOPERATING","PC_NVA","A","1982",9.76791482234717,
"FRA","VANONFINCORP","NETOPERATING","PC_NVA","A","1983",10.5482761428721,
"FRA","VANONFINCORP","NETOPERATING","PC_NVA","A","1984",12.6374956392969,
"FRA","VANONFINCORP","NETOPERATING","PC_NVA","A","1985",14.0836716096429,
"FRA","VANONFINCORP","NETOPERATING","PC_NVA","A","1986",18.6812298461345,
"FRA","VANONFINCORP","NETOPERATING","PC_NVA","A","1987",18.9180868671235,
"FRA","VANONFINCORP","NETOPERATING","PC_NVA","A","1988",21.3273764336568,
"FRA","VANONFINCORP","NETOPERATING","PC_NVA","A","1989",21.4492919304363,
"FRA","VANONFINCORP","NETOPERATING","PC_NVA","A","1990",20.4720169969013,
"FRA","VANONFINCORP","NETOPERATING","PC_NVA","A","1991",19.4624278584953,
"FRA","VANONFINCORP","NETOPERATING","PC_NVA","A","1992",19.2890402609073,
"FRA","VANONFINCORP","NETOPERATING","PC_NVA","A","1993",17.8657799916343,
"FRA","VANONFINCORP","NETOPERATING","PC_NVA","A","1994",18.0957176127369,
"FRA","VANONFINCORP","NETOPERATING","PC_NVA","A","1995",19.174444626925,
"FRA","VANONFINCORP","NETOPERATING","PC_NVA","A","1996",17.7484514398617,
"FRA","VANONFINCORP","NETOPERATING","PC_NVA","A","1997",18.9294875747096,
"FRA","VANONFINCORP","NETOPERATING","PC_NVA","A","1998",20.6128251323049,
"FRA","VANONFINCORP","NETOPERATING","PC_NVA","A","1999",19.3632899468358,
"FRA","VANONFINCORP","NETOPERATING","PC_NVA","A","2000",18.8667074136371,
"FRA","VANONFINCORP","NETOPERATING","PC_NVA","A","2001",18.7355847735043,
"FRA","VANONFINCORP","NETOPERATING","PC_NVA","A","2002",17.6803092840819,
"FRA","VANONFINCORP","NETOPERATING","PC_NVA","A","2003",17.9861633679249,
"FRA","VANONFINCORP","NETOPERATING","PC_NVA","A","2004",18.0422750676105,
"FRA","VANONFINCORP","NETOPERATING","PC_NVA","A","2005",17.6833349526616,
"FRA","VANONFINCORP","NETOPERATING","PC_NVA","A","2006",17.7165339019853,
"FRA","VANONFINCORP","NETOPERATING","PC_NVA","A","2007",18.7275996638878,
"FRA","VANONFINCORP","NETOPERATING","PC_NVA","A","2008",17.8035335824517,
"FRA","VANONFINCORP","NETOPERATING","PC_NVA","A","2009",14.0315451836137,
"FRA","VANONFINCORP","NETOPERATING","PC_NVA","A","2010",14.9553223240989,
"FRA","VANONFINCORP","NETOPERATING","PC_NVA","A","2011",14.4756755987399,
"FRA","VANONFINCORP","NETOPERATING","PC_NVA","A","2012",12.986725975803,
"FRA","VANONFINCORP","NETOPERATING","PC_NVA","A","2013",12.4989546552685,
"FRA","VANONFINCORP","NETOPERATING","PC_NVA","A","2014",12.8995175549964,
"FRA","VANONFINCORP","NETOPERATING","PC_NVA","A","2015",14.410874331632,
"DEU","VANONFINCORP","COMPEMPLOYEE","PC_NVA","A","1995",77.1874520474457,
"DEU","VANONFINCORP","COMPEMPLOYEE","PC_NVA","A","1996",77.1559134325327,
"DEU","VANONFINCORP","COMPEMPLOYEE","PC_NVA","A","1997",75.216257403472,
"DEU","VANONFINCORP","COMPEMPLOYEE","PC_NVA","A","1998",73.560850623187,
"DEU","VANONFINCORP","COMPEMPLOYEE","PC_NVA","A","1999",75.1331107251402,
"DEU","VANONFINCORP","COMPEMPLOYEE","PC_NVA","A","2000",75.310442593678,
"DEU","VANONFINCORP","COMPEMPLOYEE","PC_NVA","A","2001",73.0932320338022,
"DEU","VANONFINCORP","COMPEMPLOYEE","PC_NVA","A","2002",72.5729920652688,
"DEU","VANONFINCORP","COMPEMPLOYEE","PC_NVA","A","2003",72.6381715158542,
"DEU","VANONFINCORP","COMPEMPLOYEE","PC_NVA","A","2004",70.6752104588952,
"DEU","VANONFINCORP","COMPEMPLOYEE","PC_NVA","A","2005",69.6412059844477,
"DEU","VANONFINCORP","COMPEMPLOYEE","PC_NVA","A","2006",67.3976024423216,
"DEU","VANONFINCORP","COMPEMPLOYEE","PC_NVA","A","2007",65.4294601662448,
"DEU","VANONFINCORP","COMPEMPLOYEE","PC_NVA","A","2008",67.5594254808672,
"DEU","VANONFINCORP","COMPEMPLOYEE","PC_NVA","A","2009",72.5394849556835,
"DEU","VANONFINCORP","COMPEMPLOYEE","PC_NVA","A","2010",70.0942681225519,
"DEU","VANONFINCORP","COMPEMPLOYEE","PC_NVA","A","2011",69.6979619988642,
"DEU","VANONFINCORP","COMPEMPLOYEE","PC_NVA","A","2012",71.9917848126759,
"DEU","VANONFINCORP","COMPEMPLOYEE","PC_NVA","A","2013",72.1476681313442,
"DEU","VANONFINCORP","COMPEMPLOYEE","PC_NVA","A","2014",71.616550503535,
"DEU","VANONFINCORP","COMPEMPLOYEE","PC_NVA","A","2015",71.2829882878199,
"DEU","VANONFINCORP","NETOPERATING","PC_NVA","A","1995",25.3700577907571,
"DEU","VANONFINCORP","NETOPERATING","PC_NVA","A","1996",25.3994157950384,
"DEU","VANONFINCORP","NETOPERATING","PC_NVA","A","1997",26.9522939591847,
"DEU","VANONFINCORP","NETOPERATING","PC_NVA","A","1998",28.6186998148029,
"DEU","VANONFINCORP","NETOPERATING","PC_NVA","A","1999",26.9763043756628,
"DEU","VANONFINCORP","NETOPERATING","PC_NVA","A","2000",26.6695955517296,
"DEU","VANONFINCORP","NETOPERATING","PC_NVA","A","2001",28.6258825654742,
"DEU","VANONFINCORP","NETOPERATING","PC_NVA","A","2002",28.9935576946994,
"DEU","VANONFINCORP","NETOPERATING","PC_NVA","A","2003",28.7504549531721,
"DEU","VANONFINCORP","NETOPERATING","PC_NVA","A","2004",30.5289791817247,
"DEU","VANONFINCORP","NETOPERATING","PC_NVA","A","2005",31.737714298707,
"DEU","VANONFINCORP","NETOPERATING","PC_NVA","A","2006",34.0444237535475,
"DEU","VANONFINCORP","NETOPERATING","PC_NVA","A","2007",35.7164331770764,
"DEU","VANONFINCORP","NETOPERATING","PC_NVA","A","2008",33.609985095258,
"DEU","VANONFINCORP","NETOPERATING","PC_NVA","A","2009",28.9068600061201,
"DEU","VANONFINCORP","NETOPERATING","PC_NVA","A","2010",31.2372565327038,
"DEU","VANONFINCORP","NETOPERATING","PC_NVA","A","2011",31.408282039235,
"DEU","VANONFINCORP","NETOPERATING","PC_NVA","A","2012",28.9082637415479,
"DEU","VANONFINCORP","NETOPERATING","PC_NVA","A","2013",28.805552826264,
"DEU","VANONFINCORP","NETOPERATING","PC_NVA","A","2014",29.3023164572873,
"DEU","VANONFINCORP","NETOPERATING","PC_NVA","A","2015",29.5589375915666,
"GRC","VANONFINCORP","COMPEMPLOYEE","PC_NVA","A","1995",48.8045487095292,
"GRC","VANONFINCORP","COMPEMPLOYEE","PC_NVA","A","1996",48.5439099210327,
"GRC","VANONFINCORP","COMPEMPLOYEE","PC_NVA","A","1997",48.5819012439057,
"GRC","VANONFINCORP","COMPEMPLOYEE","PC_NVA","A","1998",49.8020782617626,
"GRC","VANONFINCORP","COMPEMPLOYEE","PC_NVA","A","1999",51.129367957297,
"GRC","VANONFINCORP","COMPEMPLOYEE","PC_NVA","A","2000",50.8328522897416,
"GRC","VANONFINCORP","COMPEMPLOYEE","PC_NVA","A","2001",51.1636056704941,
"GRC","VANONFINCORP","COMPEMPLOYEE","PC_NVA","A","2002",56.8029771574539,
"GRC","VANONFINCORP","COMPEMPLOYEE","PC_NVA","A","2003",57.1125359127552,
"GRC","VANONFINCORP","COMPEMPLOYEE","PC_NVA","A","2004",54.4592813975366,
"GRC","VANONFINCORP","COMPEMPLOYEE","PC_NVA","A","2005",56.4444741060464,
"GRC","VANONFINCORP","COMPEMPLOYEE","PC_NVA","A","2006",56.9117924079787,
"GRC","VANONFINCORP","COMPEMPLOYEE","PC_NVA","A","2007",54.954182987057,
"GRC","VANONFINCORP","COMPEMPLOYEE","PC_NVA","A","2008",54.9327027663015,
"GRC","VANONFINCORP","COMPEMPLOYEE","PC_NVA","A","2009",56.6027684357795,
"GRC","VANONFINCORP","COMPEMPLOYEE","PC_NVA","A","2010",63.2991409766473,
"GRC","VANONFINCORP","COMPEMPLOYEE","PC_NVA","A","2011",61.7035650255959,
"GRC","VANONFINCORP","COMPEMPLOYEE","PC_NVA","A","2012",59.2618690545228,
"GRC","VANONFINCORP","COMPEMPLOYEE","PC_NVA","A","2013",55.537411662175,
"GRC","VANONFINCORP","COMPEMPLOYEE","PC_NVA","A","2014",55.5341923619424,
"GRC","VANONFINCORP","COMPEMPLOYEE","PC_NVA","A","2015",55.6859329883047,
"GRC","VANONFINCORP","NETOPERATING","PC_NVA","A","1995",50.1890691480294,
"GRC","VANONFINCORP","NETOPERATING","PC_NVA","A","1996",50.3354117020832,
"GRC","VANONFINCORP","NETOPERATING","PC_NVA","A","1997",50.5256078128219,
"GRC","VANONFINCORP","NETOPERATING","PC_NVA","A","1998",49.1928592638116,
"GRC","VANONFINCORP","NETOPERATING","PC_NVA","A","1999",47.7327914993103,
"GRC","VANONFINCORP","NETOPERATING","PC_NVA","A","2000",48.0822582182755,
"GRC","VANONFINCORP","NETOPERATING","PC_NVA","A","2001",48.0630740191289,
"GRC","VANONFINCORP","NETOPERATING","PC_NVA","A","2002",42.5272505630032,
"GRC","VANONFINCORP","NETOPERATING","PC_NVA","A","2003",42.3618199667484,
"GRC","VANONFINCORP","NETOPERATING","PC_NVA","A","2004",44.9417393838665,
"GRC","VANONFINCORP","NETOPERATING","PC_NVA","A","2005",43.1804759598521,
"GRC","VANONFINCORP","NETOPERATING","PC_NVA","A","2006",43.1548233424813,
"GRC","VANONFINCORP","NETOPERATING","PC_NVA","A","2007",45.3597723009172,
"GRC","VANONFINCORP","NETOPERATING","PC_NVA","A","2008",44.978603510668,
"GRC","VANONFINCORP","NETOPERATING","PC_NVA","A","2009",43.1820187408791,
"GRC","VANONFINCORP","NETOPERATING","PC_NVA","A","2010",36.3753973548956,
"GRC","VANONFINCORP","NETOPERATING","PC_NVA","A","2011",38.8848634342496,
"GRC","VANONFINCORP","NETOPERATING","PC_NVA","A","2012",40.2602139646062,
"GRC","VANONFINCORP","NETOPERATING","PC_NVA","A","2013",42.3424273913738,
"GRC","VANONFINCORP","NETOPERATING","PC_NVA","A","2014",37.3092094023649,
"GRC","VANONFINCORP","NETOPERATING","PC_NVA","A","2015",35.7816823126255,
"HUN","VANONFINCORP","COMPEMPLOYEE","PC_NVA","A","1995",93.763574874173,
"HUN","VANONFINCORP","COMPEMPLOYEE","PC_NVA","A","1996",92.7886111962953,
"HUN","VANONFINCORP","COMPEMPLOYEE","PC_NVA","A","1997",80.4003427366201,
"HUN","VANONFINCORP","COMPEMPLOYEE","PC_NVA","A","1998",76.1137949971373,
"HUN","VANONFINCORP","COMPEMPLOYEE","PC_NVA","A","1999",75.3765206001597,
"HUN","VANONFINCORP","COMPEMPLOYEE","PC_NVA","A","2000",79.002556120664,
"HUN","VANONFINCORP","COMPEMPLOYEE","PC_NVA","A","2001",75.7744509161931,
"HUN","VANONFINCORP","COMPEMPLOYEE","PC_NVA","A","2002",68.957158201372,
"HUN","VANONFINCORP","COMPEMPLOYEE","PC_NVA","A","2003",71.2830341334647,
"HUN","VANONFINCORP","COMPEMPLOYEE","PC_NVA","A","2004",69.1718414261464,
"HUN","VANONFINCORP","COMPEMPLOYEE","PC_NVA","A","2005",69.9424807759232,
"HUN","VANONFINCORP","COMPEMPLOYEE","PC_NVA","A","2006",66.8097966966719,
"HUN","VANONFINCORP","COMPEMPLOYEE","PC_NVA","A","2007",67.8826020894212,
"HUN","VANONFINCORP","COMPEMPLOYEE","PC_NVA","A","2008",68.0425199592058,
"HUN","VANONFINCORP","COMPEMPLOYEE","PC_NVA","A","2009",71.1467846876326,
"HUN","VANONFINCORP","COMPEMPLOYEE","PC_NVA","A","2010",68.5000322559835,
"HUN","VANONFINCORP","COMPEMPLOYEE","PC_NVA","A","2011",68.1206072828208,
"HUN","VANONFINCORP","COMPEMPLOYEE","PC_NVA","A","2012",69.8447171114305,
"HUN","VANONFINCORP","COMPEMPLOYEE","PC_NVA","A","2013",65.8020428178478,
"HUN","VANONFINCORP","COMPEMPLOYEE","PC_NVA","A","2014",63.6973443642966,
"HUN","VANONFINCORP","COMPEMPLOYEE","PC_NVA","A","2015",62.7471445077418,
"HUN","VANONFINCORP","NETOPERATING","PC_NVA","A","1995",6.87403199064798,
"HUN","VANONFINCORP","NETOPERATING","PC_NVA","A","1996",7.52961517273725,
"HUN","VANONFINCORP","NETOPERATING","PC_NVA","A","1997",19.866596361719,
"HUN","VANONFINCORP","NETOPERATING","PC_NVA","A","1998",24.0656677511974,
"HUN","VANONFINCORP","NETOPERATING","PC_NVA","A","1999",24.6865293411743,
"HUN","VANONFINCORP","NETOPERATING","PC_NVA","A","2000",21.0727091832286,
"HUN","VANONFINCORP","NETOPERATING","PC_NVA","A","2001",24.3445444455403,
"HUN","VANONFINCORP","NETOPERATING","PC_NVA","A","2002",31.3693065652565,
"HUN","VANONFINCORP","NETOPERATING","PC_NVA","A","2003",28.8001718902936,
"HUN","VANONFINCORP","NETOPERATING","PC_NVA","A","2004",31.3713967205678,
"HUN","VANONFINCORP","NETOPERATING","PC_NVA","A","2005",30.4148505071993,
"HUN","VANONFINCORP","NETOPERATING","PC_NVA","A","2006",33.5248306155314,
"HUN","VANONFINCORP","NETOPERATING","PC_NVA","A","2007",32.1277029490519,
"HUN","VANONFINCORP","NETOPERATING","PC_NVA","A","2008",32.5553468918446,
"HUN","VANONFINCORP","NETOPERATING","PC_NVA","A","2009",29.6911139350683,
"HUN","VANONFINCORP","NETOPERATING","PC_NVA","A","2010",31.7894421558056,
"HUN","VANONFINCORP","NETOPERATING","PC_NVA","A","2011",32.4528131666606,
"HUN","VANONFINCORP","NETOPERATING","PC_NVA","A","2012",30.377708672629,
"HUN","VANONFINCORP","NETOPERATING","PC_NVA","A","2013",33.7954195441471,
"HUN","VANONFINCORP","NETOPERATING","PC_NVA","A","2014",35.7412320641048,
"HUN","VANONFINCORP","NETOPERATING","PC_NVA","A","2015",36.4566985583202,
"IRL","VANONFINCORP","COMPEMPLOYEE","PC_NVA","A","1999",51.3213025793392,
"IRL","VANONFINCORP","COMPEMPLOYEE","PC_NVA","A","2000",50.6868390754667,
"IRL","VANONFINCORP","COMPEMPLOYEE","PC_NVA","A","2001",49.809335992813,
"IRL","VANONFINCORP","COMPEMPLOYEE","PC_NVA","A","2002",46.182245869714,
"IRL","VANONFINCORP","COMPEMPLOYEE","PC_NVA","A","2003",48.6582423440197,
"IRL","VANONFINCORP","COMPEMPLOYEE","PC_NVA","A","2004",50.2391984529791,
"IRL","VANONFINCORP","COMPEMPLOYEE","PC_NVA","A","2005",52.1866907279218,
"IRL","VANONFINCORP","COMPEMPLOYEE","PC_NVA","A","2006",53.6839282870202,
"IRL","VANONFINCORP","COMPEMPLOYEE","PC_NVA","A","2007",55.2597417077771,
"IRL","VANONFINCORP","COMPEMPLOYEE","PC_NVA","A","2008",61.5580217286505,
"IRL","VANONFINCORP","COMPEMPLOYEE","PC_NVA","A","2009",59.0184565431405,
"IRL","VANONFINCORP","COMPEMPLOYEE","PC_NVA","A","2010",54.4525890502301,
"IRL","VANONFINCORP","COMPEMPLOYEE","PC_NVA","A","2011",49.4476374119893,
"IRL","VANONFINCORP","COMPEMPLOYEE","PC_NVA","A","2012",48.8087110599942,
"IRL","VANONFINCORP","COMPEMPLOYEE","PC_NVA","A","2013",48.9098331758333,
"IRL","VANONFINCORP","COMPEMPLOYEE","PC_NVA","A","2014",49.1394402324516,
"IRL","VANONFINCORP","COMPEMPLOYEE","PC_NVA","A","2015",40.9723315016828,
"IRL","VANONFINCORP","NETOPERATING","PC_NVA","A","1999",47.5412709918247,
"IRL","VANONFINCORP","NETOPERATING","PC_NVA","A","2000",48.4482648452971,
"IRL","VANONFINCORP","NETOPERATING","PC_NVA","A","2001",49.0808943420794,
"IRL","VANONFINCORP","NETOPERATING","PC_NVA","A","2002",52.5740208746432,
"IRL","VANONFINCORP","NETOPERATING","PC_NVA","A","2003",50.0054905398067,
"IRL","VANONFINCORP","NETOPERATING","PC_NVA","A","2004",48.4067978489249,
"IRL","VANONFINCORP","NETOPERATING","PC_NVA","A","2005",46.4960999624687,
"IRL","VANONFINCORP","NETOPERATING","PC_NVA","A","2006",45.0291159073464,
"IRL","VANONFINCORP","NETOPERATING","PC_NVA","A","2007",43.2874548136793,
"IRL","VANONFINCORP","NETOPERATING","PC_NVA","A","2008",36.6704269456743,
"IRL","VANONFINCORP","NETOPERATING","PC_NVA","A","2009",39.1128312399818,
"IRL","VANONFINCORP","NETOPERATING","PC_NVA","A","2010",43.978246958943,
"IRL","VANONFINCORP","NETOPERATING","PC_NVA","A","2011",49.1782839340709,
"IRL","VANONFINCORP","NETOPERATING","PC_NVA","A","2012",49.7545520993733,
"IRL","VANONFINCORP","NETOPERATING","PC_NVA","A","2013",49.7910580248977,
"IRL","VANONFINCORP","NETOPERATING","PC_NVA","A","2014",49.5230521139272,
"IRL","VANONFINCORP","NETOPERATING","PC_NVA","A","2015",57.9846459040655,
"ITA","VANONFINCORP","COMPEMPLOYEE","PC_NVA","A","1995",59.2685764895625,
"ITA","VANONFINCORP","COMPEMPLOYEE","PC_NVA","A","1996",59.1515403847606,
"ITA","VANONFINCORP","COMPEMPLOYEE","PC_NVA","A","1997",59.6960489136289,
"ITA","VANONFINCORP","COMPEMPLOYEE","PC_NVA","A","1998",58.4262986554753,
"ITA","VANONFINCORP","COMPEMPLOYEE","PC_NVA","A","1999",59.7852776394074,
"ITA","VANONFINCORP","COMPEMPLOYEE","PC_NVA","A","2000",58.96782973769,
"ITA","VANONFINCORP","COMPEMPLOYEE","PC_NVA","A","2001",58.8754310565387,
"ITA","VANONFINCORP","COMPEMPLOYEE","PC_NVA","A","2002",59.8752146417009,
"ITA","VANONFINCORP","COMPEMPLOYEE","PC_NVA","A","2003",61.2301428518951,
"ITA","VANONFINCORP","COMPEMPLOYEE","PC_NVA","A","2004",61.3499947832821,
"ITA","VANONFINCORP","COMPEMPLOYEE","PC_NVA","A","2005",62.4000923097589,
"ITA","VANONFINCORP","COMPEMPLOYEE","PC_NVA","A","2006",63.2097636277745,
"ITA","VANONFINCORP","COMPEMPLOYEE","PC_NVA","A","2007",63.6193581629633,
"ITA","VANONFINCORP","COMPEMPLOYEE","PC_NVA","A","2008",65.3339089573208,
"ITA","VANONFINCORP","COMPEMPLOYEE","PC_NVA","A","2009",69.4595300465618,
"ITA","VANONFINCORP","COMPEMPLOYEE","PC_NVA","A","2010",69.4982251073761,
"ITA","VANONFINCORP","COMPEMPLOYEE","PC_NVA","A","2011",70.0160859589362,
"ITA","VANONFINCORP","COMPEMPLOYEE","PC_NVA","A","2012",72.3476748071108,
"ITA","VANONFINCORP","COMPEMPLOYEE","PC_NVA","A","2013",72.5528633146429,
"ITA","VANONFINCORP","COMPEMPLOYEE","PC_NVA","A","2014",72.04550348691,
"ITA","VANONFINCORP","COMPEMPLOYEE","PC_NVA","A","2015",71.8454256028716,
"ITA","VANONFINCORP","COMPEMPLOYEE","PC_NVA","A","2016",71.2856430051125,
"ITA","VANONFINCORP","NETOPERATING","PC_NVA","A","1995",41.0072240227112,
"ITA","VANONFINCORP","NETOPERATING","PC_NVA","A","1996",41.0967530706018,
"ITA","VANONFINCORP","NETOPERATING","PC_NVA","A","1997",40.0625433324097,
"ITA","VANONFINCORP","NETOPERATING","PC_NVA","A","1998",37.8136965501167,
"ITA","VANONFINCORP","NETOPERATING","PC_NVA","A","1999",37.0604196444147,
"ITA","VANONFINCORP","NETOPERATING","PC_NVA","A","2000",38.1179881234929,
"ITA","VANONFINCORP","NETOPERATING","PC_NVA","A","2001",38.1576182846994,
"ITA","VANONFINCORP","NETOPERATING","PC_NVA","A","2002",36.8767554678538,
"ITA","VANONFINCORP","NETOPERATING","PC_NVA","A","2003",35.6349195258845,
"ITA","VANONFINCORP","NETOPERATING","PC_NVA","A","2004",35.5336456098683,
"ITA","VANONFINCORP","NETOPERATING","PC_NVA","A","2005",33.7841689454926,
"ITA","VANONFINCORP","NETOPERATING","PC_NVA","A","2006",32.7933956039305,
"ITA","VANONFINCORP","NETOPERATING","PC_NVA","A","2007",32.0741501728453,
"ITA","VANONFINCORP","NETOPERATING","PC_NVA","A","2008",30.927334276241,
"ITA","VANONFINCORP","NETOPERATING","PC_NVA","A","2009",27.2709320391451,
"ITA","VANONFINCORP","NETOPERATING","PC_NVA","A","2010",27.0706658655432,
"ITA","VANONFINCORP","NETOPERATING","PC_NVA","A","2011",26.3814647675722,
"ITA","VANONFINCORP","NETOPERATING","PC_NVA","A","2012",23.4367650668926,
"ITA","VANONFINCORP","NETOPERATING","PC_NVA","A","2013",23.4959904402978,
"ITA","VANONFINCORP","NETOPERATING","PC_NVA","A","2014",23.873688994682,
"ITA","VANONFINCORP","NETOPERATING","PC_NVA","A","2015",24.2779892924582,
"ITA","VANONFINCORP","NETOPERATING","PC_NVA","A","2016",26.0672811827323,
"KOR","VANONFINCORP","COMPEMPLOYEE","PC_NVA","A","2010",59.0813065152026,
"KOR","VANONFINCORP","COMPEMPLOYEE","PC_NVA","A","2011",60.4276452370537,
"KOR","VANONFINCORP","COMPEMPLOYEE","PC_NVA","A","2012",62.237427499531,
"KOR","VANONFINCORP","COMPEMPLOYEE","PC_NVA","A","2013",62.5001096012094,
"KOR","VANONFINCORP","COMPEMPLOYEE","PC_NVA","A","2014",63.3492377967257,
"KOR","VANONFINCORP","NETOPERATING","PC_NVA","A","2010",39.7186614957104,
"KOR","VANONFINCORP","NETOPERATING","PC_NVA","A","2011",38.3375503098748,
"KOR","VANONFINCORP","NETOPERATING","PC_NVA","A","2012",36.5018247620436,
"KOR","VANONFINCORP","NETOPERATING","PC_NVA","A","2013",36.2067714895291,
"KOR","VANONFINCORP","NETOPERATING","PC_NVA","A","2014",35.2738694502141,
"LUX","VANONFINCORP","COMPEMPLOYEE","PC_NVA","A","2010",77.3601439103831,
"LUX","VANONFINCORP","COMPEMPLOYEE","PC_NVA","A","2011",73.8922447143444,
"LUX","VANONFINCORP","COMPEMPLOYEE","PC_NVA","A","2012",78.3322394958694,
"LUX","VANONFINCORP","COMPEMPLOYEE","PC_NVA","A","2013",75.0390988108279,
"LUX","VANONFINCORP","COMPEMPLOYEE","PC_NVA","A","2014",73.8774282078203,
"LUX","VANONFINCORP","COMPEMPLOYEE","PC_NVA","A","2015",74.8312059176458,
"LUX","VANONFINCORP","NETOPERATING","PC_NVA","A","2010",23.5958516741847,
"LUX","VANONFINCORP","NETOPERATING","PC_NVA","A","2011",26.9726835329928,
"LUX","VANONFINCORP","NETOPERATING","PC_NVA","A","2012",22.8817633788232,
"LUX","VANONFINCORP","NETOPERATING","PC_NVA","A","2013",26.4166469022202,
"LUX","VANONFINCORP","NETOPERATING","PC_NVA","A","2014",27.66798355487,
"LUX","VANONFINCORP","NETOPERATING","PC_NVA","A","2015",26.594759032432,
"MEX","VANONFINCORP","COMPEMPLOYEE","PC_NVA","A","2003",31.8919750972573,
"MEX","VANONFINCORP","COMPEMPLOYEE","PC_NVA","A","2004",29.260750002111,
"MEX","VANONFINCORP","COMPEMPLOYEE","PC_NVA","A","2005",28.6556974533259,
"MEX","VANONFINCORP","COMPEMPLOYEE","PC_NVA","A","2006",27.394987893927,
"MEX","VANONFINCORP","COMPEMPLOYEE","PC_NVA","A","2007",27.0569766123775,
"MEX","VANONFINCORP","COMPEMPLOYEE","PC_NVA","A","2008",26.4208179404241,
"MEX","VANONFINCORP","COMPEMPLOYEE","PC_NVA","A","2009",30.7041449826449,
"MEX","VANONFINCORP","COMPEMPLOYEE","PC_NVA","A","2010",28.0762734596304,
"MEX","VANONFINCORP","COMPEMPLOYEE","PC_NVA","A","2011",26.52894730452,
"MEX","VANONFINCORP","COMPEMPLOYEE","PC_NVA","A","2012",26.119378974855,
"MEX","VANONFINCORP","COMPEMPLOYEE","PC_NVA","A","2013",27.8208736970099,
"MEX","VANONFINCORP","COMPEMPLOYEE","PC_NVA","A","2014",28.0814573704356,
"MEX","VANONFINCORP","COMPEMPLOYEE","PC_NVA","A","2015",29.1865532887555,
"MEX","VANONFINCORP","NETOPERATING","PC_NVA","A","2003",66.6098866411202,
"MEX","VANONFINCORP","NETOPERATING","PC_NVA","A","2004",69.6129802211783,
"MEX","VANONFINCORP","NETOPERATING","PC_NVA","A","2005",70.2406870015803,
"MEX","VANONFINCORP","NETOPERATING","PC_NVA","A","2006",71.4923869241621,
"MEX","VANONFINCORP","NETOPERATING","PC_NVA","A","2007",71.8266262060791,
"MEX","VANONFINCORP","NETOPERATING","PC_NVA","A","2008",72.6096363147337,
"MEX","VANONFINCORP","NETOPERATING","PC_NVA","A","2009",67.9999384577652,
"MEX","VANONFINCORP","NETOPERATING","PC_NVA","A","2010",70.7356260175543,
"MEX","VANONFINCORP","NETOPERATING","PC_NVA","A","2011",72.4192037265371,
"MEX","VANONFINCORP","NETOPERATING","PC_NVA","A","2012",72.9277029773112,
"MEX","VANONFINCORP","NETOPERATING","PC_NVA","A","2013",71.1222362340705,
"MEX","VANONFINCORP","NETOPERATING","PC_NVA","A","2014",70.7772381409802,
"MEX","VANONFINCORP","NETOPERATING","PC_NVA","A","2015",69.5992824326783,
"NLD","VANONFINCORP","COMPEMPLOYEE","PC_NVA","A","1995",74.405911932502,
"NLD","VANONFINCORP","COMPEMPLOYEE","PC_NVA","A","1996",73.6831089524583,
"NLD","VANONFINCORP","COMPEMPLOYEE","PC_NVA","A","1997",72.0418878045997,
"NLD","VANONFINCORP","COMPEMPLOYEE","PC_NVA","A","1998",72.0796966358783,
"NLD","VANONFINCORP","COMPEMPLOYEE","PC_NVA","A","1999",73.172553569739,
"NLD","VANONFINCORP","COMPEMPLOYEE","PC_NVA","A","2000",73.0863042840376,
"NLD","VANONFINCORP","COMPEMPLOYEE","PC_NVA","A","2001",71.8714877286849,
"NLD","VANONFINCORP","COMPEMPLOYEE","PC_NVA","A","2002",72.1734536795143,
"NLD","VANONFINCORP","COMPEMPLOYEE","PC_NVA","A","2003",72.8184961141422,
"NLD","VANONFINCORP","COMPEMPLOYEE","PC_NVA","A","2004",70.8933133129229,
"NLD","VANONFINCORP","COMPEMPLOYEE","PC_NVA","A","2005",68.1891621099021,
"NLD","VANONFINCORP","COMPEMPLOYEE","PC_NVA","A","2006",65.8100811935869,
"NLD","VANONFINCORP","COMPEMPLOYEE","PC_NVA","A","2007",65.2234208440911,
"NLD","VANONFINCORP","COMPEMPLOYEE","PC_NVA","A","2008",66.2135109280014,
"NLD","VANONFINCORP","COMPEMPLOYEE","PC_NVA","A","2009",71.0371145682319,
"NLD","VANONFINCORP","COMPEMPLOYEE","PC_NVA","A","2010",68.9454840450845,
"NLD","VANONFINCORP","COMPEMPLOYEE","PC_NVA","A","2011",69.0940482500597,
"NLD","VANONFINCORP","COMPEMPLOYEE","PC_NVA","A","2012",70.0539424203193,
"NLD","VANONFINCORP","COMPEMPLOYEE","PC_NVA","A","2013",69.9405919966175,
"NLD","VANONFINCORP","COMPEMPLOYEE","PC_NVA","A","2014",70.2178588352511,
"NLD","VANONFINCORP","COMPEMPLOYEE","PC_NVA","A","2015",68.1325116098398,
"NLD","VANONFINCORP","COMPEMPLOYEE","PC_NVA","A","2016",68.2821476879986,"E"
"NLD","VANONFINCORP","NETOPERATING","PC_NVA","A","1995",25.7905453315379,
"NLD","VANONFINCORP","NETOPERATING","PC_NVA","A","1996",26.7022475022623,
"NLD","VANONFINCORP","NETOPERATING","PC_NVA","A","1997",28.5436283741368,
"NLD","VANONFINCORP","NETOPERATING","PC_NVA","A","1998",28.8121769341581,
"NLD","VANONFINCORP","NETOPERATING","PC_NVA","A","1999",27.5998067854173,
"NLD","VANONFINCORP","NETOPERATING","PC_NVA","A","2000",27.6110438673709,
"NLD","VANONFINCORP","NETOPERATING","PC_NVA","A","2001",29.0097050867304,
"NLD","VANONFINCORP","NETOPERATING","PC_NVA","A","2002",28.8017796047065,
"NLD","VANONFINCORP","NETOPERATING","PC_NVA","A","2003",27.9062681546543,
"NLD","VANONFINCORP","NETOPERATING","PC_NVA","A","2004",29.8184512782512,
"NLD","VANONFINCORP","NETOPERATING","PC_NVA","A","2005",32.3321391467666,
"NLD","VANONFINCORP","NETOPERATING","PC_NVA","A","2006",34.5879871958675,
"NLD","VANONFINCORP","NETOPERATING","PC_NVA","A","2007",35.1542728597357,
"NLD","VANONFINCORP","NETOPERATING","PC_NVA","A","2008",34.4286294993383,
"NLD","VANONFINCORP","NETOPERATING","PC_NVA","A","2009",30.303079553507,
"NLD","VANONFINCORP","NETOPERATING","PC_NVA","A","2010",31.770578822808,
"NLD","VANONFINCORP","NETOPERATING","PC_NVA","A","2011",31.6012163255438,
"NLD","VANONFINCORP","NETOPERATING","PC_NVA","A","2012",30.5939831083164,
"NLD","VANONFINCORP","NETOPERATING","PC_NVA","A","2013",30.4852828084452,
"NLD","VANONFINCORP","NETOPERATING","PC_NVA","A","2014",29.901216267117,
"NLD","VANONFINCORP","NETOPERATING","PC_NVA","A","2015",32.0831618188459,
"NLD","VANONFINCORP","NETOPERATING","PC_NVA","A","2016",31.6886060500392,
"NOR","VANONFINCORP","COMPEMPLOYEE","PC_NVA","A","1978",81.8989862956687,
"NOR","VANONFINCORP","COMPEMPLOYEE","PC_NVA","A","1979",72.9746268142173,
"NOR","VANONFINCORP","COMPEMPLOYEE","PC_NVA","A","1980",65.0860340056971,
"NOR","VANONFINCORP","COMPEMPLOYEE","PC_NVA","A","1981",64.6192929984505,
"NOR","VANONFINCORP","COMPEMPLOYEE","PC_NVA","A","1982",65.6752221396935,
"NOR","VANONFINCORP","COMPEMPLOYEE","PC_NVA","A","1983",62.7548044640713,
"NOR","VANONFINCORP","COMPEMPLOYEE","PC_NVA","A","1984",58.9038736964127,
"NOR","VANONFINCORP","COMPEMPLOYEE","PC_NVA","A","1985",59.7795922418301,
"NOR","VANONFINCORP","COMPEMPLOYEE","PC_NVA","A","1986",73.8030146912185,
"NOR","VANONFINCORP","COMPEMPLOYEE","PC_NVA","A","1987",78.5483369231799,
"NOR","VANONFINCORP","COMPEMPLOYEE","PC_NVA","A","1988",80.0998879583737,
"NOR","VANONFINCORP","COMPEMPLOYEE","PC_NVA","A","1989",72.7070364212658,
"NOR","VANONFINCORP","COMPEMPLOYEE","PC_NVA","A","1990",69.6738344777738,
"NOR","VANONFINCORP","COMPEMPLOYEE","PC_NVA","A","1991",68.5456428465749,
"NOR","VANONFINCORP","COMPEMPLOYEE","PC_NVA","A","1992",70.5222746982628,
"NOR","VANONFINCORP","COMPEMPLOYEE","PC_NVA","A","1993",68.6376334387123,
"NOR","VANONFINCORP","COMPEMPLOYEE","PC_NVA","A","1994",68.8732962202046,
"NOR","VANONFINCORP","COMPEMPLOYEE","PC_NVA","A","1995",67.3167418986741,
"NOR","VANONFINCORP","COMPEMPLOYEE","PC_NVA","A","1996",62.6226428223506,
"NOR","VANONFINCORP","COMPEMPLOYEE","PC_NVA","A","1997",62.2565800934435,
"NOR","VANONFINCORP","COMPEMPLOYEE","PC_NVA","A","1998",71.5089341461591,
"NOR","VANONFINCORP","COMPEMPLOYEE","PC_NVA","A","1999",66.9597113799425,
"NOR","VANONFINCORP","COMPEMPLOYEE","PC_NVA","A","2000",52.525536893462,
"NOR","VANONFINCORP","COMPEMPLOYEE","PC_NVA","A","2001",53.8272308216965,
"NOR","VANONFINCORP","COMPEMPLOYEE","PC_NVA","A","2002",58.3038057088955,
"NOR","VANONFINCORP","COMPEMPLOYEE","PC_NVA","A","2003",57.3917214771643,
"NOR","VANONFINCORP","COMPEMPLOYEE","PC_NVA","A","2004",52.1699997657852,
"NOR","VANONFINCORP","COMPEMPLOYEE","PC_NVA","A","2005",47.5151032167509,
"NOR","VANONFINCORP","COMPEMPLOYEE","PC_NVA","A","2006",45.850008299819,
"NOR","VANONFINCORP","COMPEMPLOYEE","PC_NVA","A","2007",50.1308241119394,
"NOR","VANONFINCORP","COMPEMPLOYEE","PC_NVA","A","2008",47.9304308933438,
"NOR","VANONFINCORP","COMPEMPLOYEE","PC_NVA","A","2009",57.2661632549648,
"NOR","VANONFINCORP","COMPEMPLOYEE","PC_NVA","A","2010",54.2474206923151,
"NOR","VANONFINCORP","COMPEMPLOYEE","PC_NVA","A","2011",52.2850692244487,
"NOR","VANONFINCORP","COMPEMPLOYEE","PC_NVA","A","2012",52.7380471675841,
"NOR","VANONFINCORP","COMPEMPLOYEE","PC_NVA","A","2013",54.9070927653818,
"NOR","VANONFINCORP","COMPEMPLOYEE","PC_NVA","A","2014",57.6863477267034,
"NOR","VANONFINCORP","COMPEMPLOYEE","PC_NVA","A","2015",62.6455488389307,
"NOR","VANONFINCORP","COMPEMPLOYEE","PC_NVA","A","2016",66.1781046541038,
"NOR","VANONFINCORP","NETOPERATING","PC_NVA","A","1978",19.2514640744374,
"NOR","VANONFINCORP","NETOPERATING","PC_NVA","A","1979",27.8251801289344,
"NOR","VANONFINCORP","NETOPERATING","PC_NVA","A","1980",34.571325623925,
"NOR","VANONFINCORP","NETOPERATING","PC_NVA","A","1981",34.2402075600879,
"NOR","VANONFINCORP","NETOPERATING","PC_NVA","A","1982",33.8307061703942,
"NOR","VANONFINCORP","NETOPERATING","PC_NVA","A","1983",35.5361247665773,
"NOR","VANONFINCORP","NETOPERATING","PC_NVA","A","1984",38.7987047078243,
"NOR","VANONFINCORP","NETOPERATING","PC_NVA","A","1985",37.1334012803042,
"NOR","VANONFINCORP","NETOPERATING","PC_NVA","A","1986",24.3763710696005,
"NOR","VANONFINCORP","NETOPERATING","PC_NVA","A","1987",19.484400902515,
"NOR","VANONFINCORP","NETOPERATING","PC_NVA","A","1988",19.0656867771891,
"NOR","VANONFINCORP","NETOPERATING","PC_NVA","A","1989",26.023041108296,
"NOR","VANONFINCORP","NETOPERATING","PC_NVA","A","1990",29.3310186380298,
"NOR","VANONFINCORP","NETOPERATING","PC_NVA","A","1991",30.3644523351581,
"NOR","VANONFINCORP","NETOPERATING","PC_NVA","A","1992",28.7111454813833,
"NOR","VANONFINCORP","NETOPERATING","PC_NVA","A","1993",30.3517790368768,
"NOR","VANONFINCORP","NETOPERATING","PC_NVA","A","1994",30.6829478427994,
"NOR","VANONFINCORP","NETOPERATING","PC_NVA","A","1995",32.7009300493805,
"NOR","VANONFINCORP","NETOPERATING","PC_NVA","A","1996",37.2784166028808,
"NOR","VANONFINCORP","NETOPERATING","PC_NVA","A","1997",37.5130407890436,
"NOR","VANONFINCORP","NETOPERATING","PC_NVA","A","1998",28.6979767588942,
"NOR","VANONFINCORP","NETOPERATING","PC_NVA","A","1999",32.9671753246177,
"NOR","VANONFINCORP","NETOPERATING","PC_NVA","A","2000",47.3031914406068,
"NOR","VANONFINCORP","NETOPERATING","PC_NVA","A","2001",46.3421331947086,
"NOR","VANONFINCORP","NETOPERATING","PC_NVA","A","2002",42.1173532088457,
"NOR","VANONFINCORP","NETOPERATING","PC_NVA","A","2003",43.2784458786952,
"NOR","VANONFINCORP","NETOPERATING","PC_NVA","A","2004",48.3361271808461,
"NOR","VANONFINCORP","NETOPERATING","PC_NVA","A","2005",52.8708652489251,
"NOR","VANONFINCORP","NETOPERATING","PC_NVA","A","2006",54.3240413709,
"NOR","VANONFINCORP","NETOPERATING","PC_NVA","A","2007",50.4106245811789,
"NOR","VANONFINCORP","NETOPERATING","PC_NVA","A","2008",52.3270918633576,
"NOR","VANONFINCORP","NETOPERATING","PC_NVA","A","2009",43.5332723417117,
"NOR","VANONFINCORP","NETOPERATING","PC_NVA","A","2010",46.7446703671732,
"NOR","VANONFINCORP","NETOPERATING","PC_NVA","A","2011",48.6130741503711,
"NOR","VANONFINCORP","NETOPERATING","PC_NVA","A","2012",48.1395237831081,
"NOR","VANONFINCORP","NETOPERATING","PC_NVA","A","2013",45.9444671718483,
"NOR","VANONFINCORP","NETOPERATING","PC_NVA","A","2014",43.204714938351,
"NOR","VANONFINCORP","NETOPERATING","PC_NVA","A","2015",38.3748690077396,
"NOR","VANONFINCORP","NETOPERATING","PC_NVA","A","2016",34.9530241585982,
"POL","VANONFINCORP","COMPEMPLOYEE","PC_NVA","A","1995",78.2586729538565,
"POL","VANONFINCORP","COMPEMPLOYEE","PC_NVA","A","1996",82.3679170891067,
"POL","VANONFINCORP","COMPEMPLOYEE","PC_NVA","A","1997",81.2360936441908,
"POL","VANONFINCORP","COMPEMPLOYEE","PC_NVA","A","1998",81.9731525865315,
"POL","VANONFINCORP","COMPEMPLOYEE","PC_NVA","A","1999",80.4999930207563,
"POL","VANONFINCORP","COMPEMPLOYEE","PC_NVA","A","2000",78.284015134805,
"POL","VANONFINCORP","COMPEMPLOYEE","PC_NVA","A","2001",82.8704113783897,
"POL","VANONFINCORP","COMPEMPLOYEE","PC_NVA","A","2002",77.7191553458064,
"POL","VANONFINCORP","COMPEMPLOYEE","PC_NVA","A","2003",72.6988828187343,
"POL","VANONFINCORP","COMPEMPLOYEE","PC_NVA","A","2004",63.2780358327804,
"POL","VANONFINCORP","COMPEMPLOYEE","PC_NVA","A","2005",63.1672934121127,
"POL","VANONFINCORP","COMPEMPLOYEE","PC_NVA","A","2006",61.6965124297199,
"POL","VANONFINCORP","COMPEMPLOYEE","PC_NVA","A","2007",62.647466534956,
"POL","VANONFINCORP","COMPEMPLOYEE","PC_NVA","A","2008",63.6306985961624,
"POL","VANONFINCORP","COMPEMPLOYEE","PC_NVA","A","2009",58.053407675566,
"POL","VANONFINCORP","COMPEMPLOYEE","PC_NVA","A","2010",58.5863426532248,
"POL","VANONFINCORP","COMPEMPLOYEE","PC_NVA","A","2011",57.4639016824476,
"POL","VANONFINCORP","COMPEMPLOYEE","PC_NVA","A","2012",57.5531932958206,
"POL","VANONFINCORP","COMPEMPLOYEE","PC_NVA","A","2013",57.8717826102907,
"POL","VANONFINCORP","COMPEMPLOYEE","PC_NVA","A","2014",58.0094054776266,
"POL","VANONFINCORP","COMPEMPLOYEE","PC_NVA","A","2015",55.8041557417615,
"POL","VANONFINCORP","NETOPERATING","PC_NVA","A","1995",18.626735526365,
"POL","VANONFINCORP","NETOPERATING","PC_NVA","A","1996",14.7099245240509,
"POL","VANONFINCORP","NETOPERATING","PC_NVA","A","1997",15.9808213214666,
"POL","VANONFINCORP","NETOPERATING","PC_NVA","A","1998",15.2820606763757,
"POL","VANONFINCORP","NETOPERATING","PC_NVA","A","1999",17.6370141864761,
"POL","VANONFINCORP","NETOPERATING","PC_NVA","A","2000",19.6896686292142,
"POL","VANONFINCORP","NETOPERATING","PC_NVA","A","2001",14.244076918859,
"POL","VANONFINCORP","NETOPERATING","PC_NVA","A","2002",19.3649130418766,
"POL","VANONFINCORP","NETOPERATING","PC_NVA","A","2003",24.9075409735437,
"POL","VANONFINCORP","NETOPERATING","PC_NVA","A","2004",34.0389027909914,
"POL","VANONFINCORP","NETOPERATING","PC_NVA","A","2005",35.44184268906,
"POL","VANONFINCORP","NETOPERATING","PC_NVA","A","2006",36.7894140226041,
"POL","VANONFINCORP","NETOPERATING","PC_NVA","A","2007",35.8143968902806,
"POL","VANONFINCORP","NETOPERATING","PC_NVA","A","2008",34.6961744622256,
"POL","VANONFINCORP","NETOPERATING","PC_NVA","A","2009",40.6776201150043,
"POL","VANONFINCORP","NETOPERATING","PC_NVA","A","2010",39.9698749919385,
"POL","VANONFINCORP","NETOPERATING","PC_NVA","A","2011",41.0683874433906,
"POL","VANONFINCORP","NETOPERATING","PC_NVA","A","2012",41.0966769737543,
"POL","VANONFINCORP","NETOPERATING","PC_NVA","A","2013",41.0931814386227,
"POL","VANONFINCORP","NETOPERATING","PC_NVA","A","2014",40.9309619527362,
"POL","VANONFINCORP","NETOPERATING","PC_NVA","A","2015",42.8986107349336,
"PRT","VANONFINCORP","COMPEMPLOYEE","PC_NVA","A","1995",73.9291758983475,
"PRT","VANONFINCORP","COMPEMPLOYEE","PC_NVA","A","1996",75.1207161828412,
"PRT","VANONFINCORP","COMPEMPLOYEE","PC_NVA","A","1997",74.1409502333866,
"PRT","VANONFINCORP","COMPEMPLOYEE","PC_NVA","A","1998",74.8773186504095,
"PRT","VANONFINCORP","COMPEMPLOYEE","PC_NVA","A","1999",74.8634139519862,
"PRT","VANONFINCORP","COMPEMPLOYEE","PC_NVA","A","2000",75.5962344834292,
"PRT","VANONFINCORP","COMPEMPLOYEE","PC_NVA","A","2001",77.1924550715455,
"PRT","VANONFINCORP","COMPEMPLOYEE","PC_NVA","A","2002",77.0775024412482,
"PRT","VANONFINCORP","COMPEMPLOYEE","PC_NVA","A","2003",77.7043570529507,
"PRT","VANONFINCORP","COMPEMPLOYEE","PC_NVA","A","2004",77.5232021381233,
"PRT","VANONFINCORP","COMPEMPLOYEE","PC_NVA","A","2005",78.6828073479734,
"PRT","VANONFINCORP","COMPEMPLOYEE","PC_NVA","A","2006",78.1885074549278,
"PRT","VANONFINCORP","COMPEMPLOYEE","PC_NVA","A","2007",75.4226011253973,
"PRT","VANONFINCORP","COMPEMPLOYEE","PC_NVA","A","2008",78.0322998396305,
"PRT","VANONFINCORP","COMPEMPLOYEE","PC_NVA","A","2009",75.8369006569385,
"PRT","VANONFINCORP","COMPEMPLOYEE","PC_NVA","A","2010",74.9064720017368,
"PRT","VANONFINCORP","COMPEMPLOYEE","PC_NVA","A","2011",75.7826959601478,
"PRT","VANONFINCORP","COMPEMPLOYEE","PC_NVA","A","2012",73.7188151948025,
"PRT","VANONFINCORP","COMPEMPLOYEE","PC_NVA","A","2013",70.4488203892721,
"PRT","VANONFINCORP","COMPEMPLOYEE","PC_NVA","A","2014",70.2427734698768,
"PRT","VANONFINCORP","COMPEMPLOYEE","PC_NVA","A","2015",69.7074391052683,"E"
"PRT","VANONFINCORP","COMPEMPLOYEE","PC_NVA","A","2016",69.6987825299244,"E"
"PRT","VANONFINCORP","NETOPERATING","PC_NVA","A","1995",26.5720371639061,
"PRT","VANONFINCORP","NETOPERATING","PC_NVA","A","1996",25.8432006303781,
"PRT","VANONFINCORP","NETOPERATING","PC_NVA","A","1997",26.6663190496701,
"PRT","VANONFINCORP","NETOPERATING","PC_NVA","A","1998",26.0325355923225,
"PRT","VANONFINCORP","NETOPERATING","PC_NVA","A","1999",26.3253002714227,
"PRT","VANONFINCORP","NETOPERATING","PC_NVA","A","2000",25.363672336631,
"PRT","VANONFINCORP","NETOPERATING","PC_NVA","A","2001",23.6459505258747,
"PRT","VANONFINCORP","NETOPERATING","PC_NVA","A","2002",22.8941921768076,
"PRT","VANONFINCORP","NETOPERATING","PC_NVA","A","2003",21.5643791606872,
"PRT","VANONFINCORP","NETOPERATING","PC_NVA","A","2004",22.8401447001444,
"PRT","VANONFINCORP","NETOPERATING","PC_NVA","A","2005",21.5942319803271,
"PRT","VANONFINCORP","NETOPERATING","PC_NVA","A","2006",21.939620335992,
"PRT","VANONFINCORP","NETOPERATING","PC_NVA","A","2007",24.6550429019696,
"PRT","VANONFINCORP","NETOPERATING","PC_NVA","A","2008",21.7793577234319,
"PRT","VANONFINCORP","NETOPERATING","PC_NVA","A","2009",23.9922799563642,
"PRT","VANONFINCORP","NETOPERATING","PC_NVA","A","2010",25.2083181399967,
"PRT","VANONFINCORP","NETOPERATING","PC_NVA","A","2011",24.2809666305085,
"PRT","VANONFINCORP","NETOPERATING","PC_NVA","A","2012",26.2136496247086,
"PRT","VANONFINCORP","NETOPERATING","PC_NVA","A","2013",28.889928709383,
"PRT","VANONFINCORP","NETOPERATING","PC_NVA","A","2014",29.1085993110956,
"PRT","VANONFINCORP","NETOPERATING","PC_NVA","A","2015",29.3217412544009,"E"
"PRT","VANONFINCORP","NETOPERATING","PC_NVA","A","2016",29.4998720043015,"E"
"SVK","VANONFINCORP","COMPEMPLOYEE","PC_NVA","A","1995",71.007575001907,
"SVK","VANONFINCORP","COMPEMPLOYEE","PC_NVA","A","1996",72.5835057449672,
"SVK","VANONFINCORP","COMPEMPLOYEE","PC_NVA","A","1997",74.7182668457077,
"SVK","VANONFINCORP","COMPEMPLOYEE","PC_NVA","A","1998",73.9459433092942,
"SVK","VANONFINCORP","COMPEMPLOYEE","PC_NVA","A","1999",71.364956163049,
"SVK","VANONFINCORP","COMPEMPLOYEE","PC_NVA","A","2000",73.0848814248106,
"SVK","VANONFINCORP","COMPEMPLOYEE","PC_NVA","A","2001",69.6003680324593,
"SVK","VANONFINCORP","COMPEMPLOYEE","PC_NVA","A","2002",72.9464197286323,
"SVK","VANONFINCORP","COMPEMPLOYEE","PC_NVA","A","2003",72.0012997932643,
"SVK","VANONFINCORP","COMPEMPLOYEE","PC_NVA","A","2004",64.2947870492781,
"SVK","VANONFINCORP","COMPEMPLOYEE","PC_NVA","A","2005",66.9888515146632,
"SVK","VANONFINCORP","COMPEMPLOYEE","PC_NVA","A","2006",60.5534103203434,
"SVK","VANONFINCORP","COMPEMPLOYEE","PC_NVA","A","2007",58.7274817701436,
"SVK","VANONFINCORP","COMPEMPLOYEE","PC_NVA","A","2008",58.8748332313198,
"SVK","VANONFINCORP","COMPEMPLOYEE","PC_NVA","A","2009",69.5975692906695,
"SVK","VANONFINCORP","COMPEMPLOYEE","PC_NVA","A","2010",65.3667515126522,
"SVK","VANONFINCORP","COMPEMPLOYEE","PC_NVA","A","2011",65.5115987255311,
"SVK","VANONFINCORP","COMPEMPLOYEE","PC_NVA","A","2012",64.4342433477,
"SVK","VANONFINCORP","COMPEMPLOYEE","PC_NVA","A","2013",65.5123821006574,
"SVK","VANONFINCORP","COMPEMPLOYEE","PC_NVA","A","2014",68.0147849850834,
"SVK","VANONFINCORP","COMPEMPLOYEE","PC_NVA","A","2015",68.828236819538,
"SVK","VANONFINCORP","NETOPERATING","PC_NVA","A","1995",30.6060001525562,
"SVK","VANONFINCORP","NETOPERATING","PC_NVA","A","1996",28.342788443476,
"SVK","VANONFINCORP","NETOPERATING","PC_NVA","A","1997",27.827705664037,
"SVK","VANONFINCORP","NETOPERATING","PC_NVA","A","1998",27.4472004046458,
"SVK","VANONFINCORP","NETOPERATING","PC_NVA","A","1999",29.2942438239878,
"SVK","VANONFINCORP","NETOPERATING","PC_NVA","A","2000",29.2215575392047,
"SVK","VANONFINCORP","NETOPERATING","PC_NVA","A","2001",31.6994770285569,
"SVK","VANONFINCORP","NETOPERATING","PC_NVA","A","2002",26.9497540523588,
"SVK","VANONFINCORP","NETOPERATING","PC_NVA","A","2003",29.5837778319791,
"SVK","VANONFINCORP","NETOPERATING","PC_NVA","A","2004",37.9337229636631,
"SVK","VANONFINCORP","NETOPERATING","PC_NVA","A","2005",34.549918929262,
"SVK","VANONFINCORP","NETOPERATING","PC_NVA","A","2006",40.4103156867544,
"SVK","VANONFINCORP","NETOPERATING","PC_NVA","A","2007",42.6492926855387,
"SVK","VANONFINCORP","NETOPERATING","PC_NVA","A","2008",43.6467214800513,
"SVK","VANONFINCORP","NETOPERATING","PC_NVA","A","2009",32.7135597262193,
"SVK","VANONFINCORP","NETOPERATING","PC_NVA","A","2010",36.9428871572092,
"SVK","VANONFINCORP","NETOPERATING","PC_NVA","A","2011",35.5863741764573,
"SVK","VANONFINCORP","NETOPERATING","PC_NVA","A","2012",36.3932761196445,
"SVK","VANONFINCORP","NETOPERATING","PC_NVA","A","2013",35.608885679446,
"SVK","VANONFINCORP","NETOPERATING","PC_NVA","A","2014",33.1190971653548,
"SVK","VANONFINCORP","NETOPERATING","PC_NVA","A","2015",32.3444927290311,
"ESP","VANONFINCORP","COMPEMPLOYEE","PC_NVA","A","1999",73.5196124763705,
"ESP","VANONFINCORP","COMPEMPLOYEE","PC_NVA","A","2000",74.1648058305391,
"ESP","VANONFINCORP","COMPEMPLOYEE","PC_NVA","A","2001",74.8863499215513,
"ESP","VANONFINCORP","COMPEMPLOYEE","PC_NVA","A","2002",75.2537891752205,
"ESP","VANONFINCORP","COMPEMPLOYEE","PC_NVA","A","2003",75.922052414055,
"ESP","VANONFINCORP","COMPEMPLOYEE","PC_NVA","A","2004",76.0904146572342,
"ESP","VANONFINCORP","COMPEMPLOYEE","PC_NVA","A","2005",76.0915689850695,
"ESP","VANONFINCORP","COMPEMPLOYEE","PC_NVA","A","2006",76.4598988143662,
"ESP","VANONFINCORP","COMPEMPLOYEE","PC_NVA","A","2007",75.1644009126636,
"ESP","VANONFINCORP","COMPEMPLOYEE","PC_NVA","A","2008",73.133419635521,
"ESP","VANONFINCORP","COMPEMPLOYEE","PC_NVA","A","2009",72.5374400469836,
"ESP","VANONFINCORP","COMPEMPLOYEE","PC_NVA","A","2010",72.7007396938362,
"ESP","VANONFINCORP","COMPEMPLOYEE","PC_NVA","A","2011",73.4721218689788,
"ESP","VANONFINCORP","COMPEMPLOYEE","PC_NVA","A","2012",72.0978388053802,
"ESP","VANONFINCORP","COMPEMPLOYEE","PC_NVA","A","2013",70.8888272930959,
"ESP","VANONFINCORP","COMPEMPLOYEE","PC_NVA","A","2014",71.4349175122445,
"ESP","VANONFINCORP","COMPEMPLOYEE","PC_NVA","A","2015",71.3256997288694,
"ESP","VANONFINCORP","NETOPERATING","PC_NVA","A","1999",26.5705734089477,
"ESP","VANONFINCORP","NETOPERATING","PC_NVA","A","2000",25.8162827404115,
"ESP","VANONFINCORP","NETOPERATING","PC_NVA","A","2001",24.9979884941868,
"ESP","VANONFINCORP","NETOPERATING","PC_NVA","A","2002",24.7289409149284,
"ESP","VANONFINCORP","NETOPERATING","PC_NVA","A","2003",24.1464840215163,
"ESP","VANONFINCORP","NETOPERATING","PC_NVA","A","2004",23.8925016663586,
"ESP","VANONFINCORP","NETOPERATING","PC_NVA","A","2005",23.8577393612852,
"ESP","VANONFINCORP","NETOPERATING","PC_NVA","A","2006",23.8368706585731,
"ESP","VANONFINCORP","NETOPERATING","PC_NVA","A","2007",25.3589492222405,
"ESP","VANONFINCORP","NETOPERATING","PC_NVA","A","2008",27.1544513604417,
"ESP","VANONFINCORP","NETOPERATING","PC_NVA","A","2009",27.7303093086234,
"ESP","VANONFINCORP","NETOPERATING","PC_NVA","A","2010",27.655935739882,
"ESP","VANONFINCORP","NETOPERATING","PC_NVA","A","2011",26.8459262317644,
"ESP","VANONFINCORP","NETOPERATING","PC_NVA","A","2012",27.9405654635575,
"ESP","VANONFINCORP","NETOPERATING","PC_NVA","A","2013",28.8644815559097,
"ESP","VANONFINCORP","NETOPERATING","PC_NVA","A","2014",28.103178254691,
"ESP","VANONFINCORP","NETOPERATING","PC_NVA","A","2015",28.0321948469893,
"SWE","VANONFINCORP","COMPEMPLOYEE","PC_NVA","A","1995",59.7365086082349,
"SWE","VANONFINCORP","COMPEMPLOYEE","PC_NVA","A","1996",63.1321528888487,
"SWE","VANONFINCORP","COMPEMPLOYEE","PC_NVA","A","1997",63.4247000681369,
"SWE","VANONFINCORP","COMPEMPLOYEE","PC_NVA","A","1998",60.1775270964004,
"SWE","VANONFINCORP","COMPEMPLOYEE","PC_NVA","A","1999",60.7647289453301,
"SWE","VANONFINCORP","COMPEMPLOYEE","PC_NVA","A","2000",62.4391574260924,
"SWE","VANONFINCORP","COMPEMPLOYEE","PC_NVA","A","2001",65.4505238167539,
"SWE","VANONFINCORP","COMPEMPLOYEE","PC_NVA","A","2002",65.1850577269313,
"SWE","VANONFINCORP","COMPEMPLOYEE","PC_NVA","A","2003",63.9020434276602,
"SWE","VANONFINCORP","COMPEMPLOYEE","PC_NVA","A","2004",62.1478501280132,
"SWE","VANONFINCORP","COMPEMPLOYEE","PC_NVA","A","2005",62.3051667277391,
"SWE","VANONFINCORP","COMPEMPLOYEE","PC_NVA","A","2006",59.4684083213679,
"SWE","VANONFINCORP","COMPEMPLOYEE","PC_NVA","A","2007",60.8771522729391,
"SWE","VANONFINCORP","COMPEMPLOYEE","PC_NVA","A","2008",62.8856384605036,
"SWE","VANONFINCORP","COMPEMPLOYEE","PC_NVA","A","2009",68.8222206561899,
"SWE","VANONFINCORP","COMPEMPLOYEE","PC_NVA","A","2010",63.4945622777163,
"SWE","VANONFINCORP","COMPEMPLOYEE","PC_NVA","A","2011",64.7377299207699,
"SWE","VANONFINCORP","COMPEMPLOYEE","PC_NVA","A","2012",67.7162814030684,
"SWE","VANONFINCORP","COMPEMPLOYEE","PC_NVA","A","2013",68.3307862401929,
"SWE","VANONFINCORP","COMPEMPLOYEE","PC_NVA","A","2014",67.7836914242734,
"SWE","VANONFINCORP","COMPEMPLOYEE","PC_NVA","A","2015",66.6709303020047,
"SWE","VANONFINCORP","COMPEMPLOYEE","PC_NVA","A","2016",66.7743277568538,
"SWE","VANONFINCORP","NETOPERATING","PC_NVA","A","1995",34.7496479121589,
"SWE","VANONFINCORP","NETOPERATING","PC_NVA","A","1996",28.7747754875974,
"SWE","VANONFINCORP","NETOPERATING","PC_NVA","A","1997",28.151009547795,
"SWE","VANONFINCORP","NETOPERATING","PC_NVA","A","1998",27.3051370616581,
"SWE","VANONFINCORP","NETOPERATING","PC_NVA","A","1999",26.2313407858625,
"SWE","VANONFINCORP","NETOPERATING","PC_NVA","A","2000",25.478395075393,
"SWE","VANONFINCORP","NETOPERATING","PC_NVA","A","2001",21.7118248699085,
"SWE","VANONFINCORP","NETOPERATING","PC_NVA","A","2002",21.9988500778506,
"SWE","VANONFINCORP","NETOPERATING","PC_NVA","A","2003",23.6715791233451,
"SWE","VANONFINCORP","NETOPERATING","PC_NVA","A","2004",25.8535159518601,
"SWE","VANONFINCORP","NETOPERATING","PC_NVA","A","2005",25.8356907292048,
"SWE","VANONFINCORP","NETOPERATING","PC_NVA","A","2006",29.3780508438871,
"SWE","VANONFINCORP","NETOPERATING","PC_NVA","A","2007",27.7560570741284,
"SWE","VANONFINCORP","NETOPERATING","PC_NVA","A","2008",25.1873005002018,
"SWE","VANONFINCORP","NETOPERATING","PC_NVA","A","2009",19.1968267710987,
"SWE","VANONFINCORP","NETOPERATING","PC_NVA","A","2010",25.521154941578,
"SWE","VANONFINCORP","NETOPERATING","PC_NVA","A","2011",24.4177010456417,
"SWE","VANONFINCORP","NETOPERATING","PC_NVA","A","2012",20.9085131709985,
"SWE","VANONFINCORP","NETOPERATING","PC_NVA","A","2013",20.1301797680488,
"SWE","VANONFINCORP","NETOPERATING","PC_NVA","A","2014",20.9383029362155,
"SWE","VANONFINCORP","NETOPERATING","PC_NVA","A","2015",21.9377973761223,
"SWE","VANONFINCORP","NETOPERATING","PC_NVA","A","2016",20.9661603025237,
"CHE","VANONFINCORP","COMPEMPLOYEE","PC_NVA","A","1995",83.4909244208459,
"CHE","VANONFINCORP","COMPEMPLOYEE","PC_NVA","A","1996",84.5393126707445,
"CHE","VANONFINCORP","COMPEMPLOYEE","PC_NVA","A","1997",85.7701653160139,
"CHE","VANONFINCORP","COMPEMPLOYEE","PC_NVA","A","1998",86.6388076591353,
"CHE","VANONFINCORP","COMPEMPLOYEE","PC_NVA","A","1999",87.8682988219116,
"CHE","VANONFINCORP","COMPEMPLOYEE","PC_NVA","A","2000",89.0921575253739,
"CHE","VANONFINCORP","COMPEMPLOYEE","PC_NVA","A","2001",89.7885771153669,
"CHE","VANONFINCORP","COMPEMPLOYEE","PC_NVA","A","2002",93.9172247456846,
"CHE","VANONFINCORP","COMPEMPLOYEE","PC_NVA","A","2003",95.6908439993215,
"CHE","VANONFINCORP","COMPEMPLOYEE","PC_NVA","A","2004",90.7823666197878,
"CHE","VANONFINCORP","COMPEMPLOYEE","PC_NVA","A","2005",88.7914792817603,
"CHE","VANONFINCORP","COMPEMPLOYEE","PC_NVA","A","2006",85.681492734624,
"CHE","VANONFINCORP","COMPEMPLOYEE","PC_NVA","A","2007",84.8081247801728,
"CHE","VANONFINCORP","COMPEMPLOYEE","PC_NVA","A","2008",84.7233101257657,
"CHE","VANONFINCORP","COMPEMPLOYEE","PC_NVA","A","2009",89.0264687831399,
"CHE","VANONFINCORP","COMPEMPLOYEE","PC_NVA","A","2010",83.4495799790449,
"CHE","VANONFINCORP","COMPEMPLOYEE","PC_NVA","A","2011",85.3959053554406,
"CHE","VANONFINCORP","COMPEMPLOYEE","PC_NVA","A","2012",86.8363792625532,
"CHE","VANONFINCORP","COMPEMPLOYEE","PC_NVA","A","2013",88.2997449998079,
"CHE","VANONFINCORP","COMPEMPLOYEE","PC_NVA","A","2014",88.189570240042,
"CHE","VANONFINCORP","COMPEMPLOYEE","PC_NVA","A","2015",89.5054761400394,
"CHE","VANONFINCORP","NETOPERATING","PC_NVA","A","1995",19.5272209086632,
"CHE","VANONFINCORP","NETOPERATING","PC_NVA","A","1996",18.4914013467257,
"CHE","VANONFINCORP","NETOPERATING","PC_NVA","A","1997",17.8605228480736,
"CHE","VANONFINCORP","NETOPERATING","PC_NVA","A","1998",16.491200508166,
"CHE","VANONFINCORP","NETOPERATING","PC_NVA","A","1999",15.2371588297298,
"CHE","VANONFINCORP","NETOPERATING","PC_NVA","A","2000",13.8972330107197,
"CHE","VANONFINCORP","NETOPERATING","PC_NVA","A","2001",13.1280108981998,
"CHE","VANONFINCORP","NETOPERATING","PC_NVA","A","2002",9.01589415299556,
"CHE","VANONFINCORP","NETOPERATING","PC_NVA","A","2003",7.41540293719149,
"CHE","VANONFINCORP","NETOPERATING","PC_NVA","A","2004",11.6132359949968,
"CHE","VANONFINCORP","NETOPERATING","PC_NVA","A","2005",13.4505240463441,
"CHE","VANONFINCORP","NETOPERATING","PC_NVA","A","2006",16.4893528528468,
"CHE","VANONFINCORP","NETOPERATING","PC_NVA","A","2007",17.2693165683962,
"CHE","VANONFINCORP","NETOPERATING","PC_NVA","A","2008",16.3101376072077,
"CHE","VANONFINCORP","NETOPERATING","PC_NVA","A","2009",12.1922988455819,
"CHE","VANONFINCORP","NETOPERATING","PC_NVA","A","2010",17.6390464695725,
"CHE","VANONFINCORP","NETOPERATING","PC_NVA","A","2011",15.7587223519653,
"CHE","VANONFINCORP","NETOPERATING","PC_NVA","A","2012",14.458385823985,
"CHE","VANONFINCORP","NETOPERATING","PC_NVA","A","2013",12.5255221888193,
"CHE","VANONFINCORP","NETOPERATING","PC_NVA","A","2014",12.6366810124131,
"CHE","VANONFINCORP","NETOPERATING","PC_NVA","A","2015",11.3625414188068,
"GBR","VANONFINCORP","COMPEMPLOYEE","PC_NVA","A","1995",67.906931689453,
"GBR","VANONFINCORP","COMPEMPLOYEE","PC_NVA","A","1996",65.5806269683222,
"GBR","VANONFINCORP","COMPEMPLOYEE","PC_NVA","A","1997",66.0077523864622,
"GBR","VANONFINCORP","COMPEMPLOYEE","PC_NVA","A","1998",68.8100642294876,
"GBR","VANONFINCORP","COMPEMPLOYEE","PC_NVA","A","1999",70.7516636738143,
"GBR","VANONFINCORP","COMPEMPLOYEE","PC_NVA","A","2000",71.172621644129,
"GBR","VANONFINCORP","COMPEMPLOYEE","PC_NVA","A","2001",73.9885197425639,
"GBR","VANONFINCORP","COMPEMPLOYEE","PC_NVA","A","2002",72.7731813560429,
"GBR","VANONFINCORP","COMPEMPLOYEE","PC_NVA","A","2003",71.8925603658428,
"GBR","VANONFINCORP","COMPEMPLOYEE","PC_NVA","A","2004",71.7279038338675,
"GBR","VANONFINCORP","COMPEMPLOYEE","PC_NVA","A","2005",70.6720240920473,
"GBR","VANONFINCORP","COMPEMPLOYEE","PC_NVA","A","2006",70.7392029547599,
"GBR","VANONFINCORP","COMPEMPLOYEE","PC_NVA","A","2007",71.4782017355824,
"GBR","VANONFINCORP","COMPEMPLOYEE","PC_NVA","A","2008",71.3230395648701,
"GBR","VANONFINCORP","COMPEMPLOYEE","PC_NVA","A","2009",74.3549791205792,
"GBR","VANONFINCORP","COMPEMPLOYEE","PC_NVA","A","2010",72.6622834102219,
"GBR","VANONFINCORP","COMPEMPLOYEE","PC_NVA","A","2011",72.0097833095058,
"GBR","VANONFINCORP","COMPEMPLOYEE","PC_NVA","A","2012",72.7433989938489,
"GBR","VANONFINCORP","COMPEMPLOYEE","PC_NVA","A","2013",72.118704851683,
"GBR","VANONFINCORP","COMPEMPLOYEE","PC_NVA","A","2014",70.3763594086183,
"GBR","VANONFINCORP","COMPEMPLOYEE","PC_NVA","A","2015",71.146905914857,
"GBR","VANONFINCORP","COMPEMPLOYEE","PC_NVA","A","2016",71.2527405164122,
"GBR","VANONFINCORP","NETOPERATING","PC_NVA","A","1995",29.0433509758073,
"GBR","VANONFINCORP","NETOPERATING","PC_NVA","A","1996",31.1959413259067,
"GBR","VANONFINCORP","NETOPERATING","PC_NVA","A","1997",31.0271333526179,
"GBR","VANONFINCORP","NETOPERATING","PC_NVA","A","1998",28.2932429525369,
"GBR","VANONFINCORP","NETOPERATING","PC_NVA","A","1999",26.2556248019436,
"GBR","VANONFINCORP","NETOPERATING","PC_NVA","A","2000",25.7885553396518,
"GBR","VANONFINCORP","NETOPERATING","PC_NVA","A","2001",23.0438143831778,
"GBR","VANONFINCORP","NETOPERATING","PC_NVA","A","2002",24.2446063296925,
"GBR","VANONFINCORP","NETOPERATING","PC_NVA","A","2003",25.3139735582484,
"GBR","VANONFINCORP","NETOPERATING","PC_NVA","A","2004",25.523660424478,
"GBR","VANONFINCORP","NETOPERATING","PC_NVA","A","2005",26.7058380660895,
"GBR","VANONFINCORP","NETOPERATING","PC_NVA","A","2006",26.7081817065417,
"GBR","VANONFINCORP","NETOPERATING","PC_NVA","A","2007",26.0686249870644,
"GBR","VANONFINCORP","NETOPERATING","PC_NVA","A","2008",26.1101033318241,
"GBR","VANONFINCORP","NETOPERATING","PC_NVA","A","2009",22.7036067503266,
"GBR","VANONFINCORP","NETOPERATING","PC_NVA","A","2010",24.3943477787061,
"GBR","VANONFINCORP","NETOPERATING","PC_NVA","A","2011",24.9751913211673,
"GBR","VANONFINCORP","NETOPERATING","PC_NVA","A","2012",24.2012085720394,
"GBR","VANONFINCORP","NETOPERATING","PC_NVA","A","2013",24.8904913161535,
"GBR","VANONFINCORP","NETOPERATING","PC_NVA","A","2014",26.7572470194228,
"GBR","VANONFINCORP","NETOPERATING","PC_NVA","A","2015",25.9722527554143,
"GBR","VANONFINCORP","NETOPERATING","PC_NVA","A","2016",26.0095450599797,
"USA","VANONFINCORP","COMPEMPLOYEE","PC_NVA","A","1998",73.1186441510151,
"USA","VANONFINCORP","COMPEMPLOYEE","PC_NVA","A","1999",73.8292798992928,
"USA","VANONFINCORP","COMPEMPLOYEE","PC_NVA","A","2000",75.4731550035997,
"USA","VANONFINCORP","COMPEMPLOYEE","PC_NVA","A","2001",76.6034943025853,
"USA","VANONFINCORP","COMPEMPLOYEE","PC_NVA","A","2002",74.9121982809982,
"USA","VANONFINCORP","COMPEMPLOYEE","PC_NVA","A","2003",73.4414547723611,
"USA","VANONFINCORP","COMPEMPLOYEE","PC_NVA","A","2004",71.8096659615771,
"USA","VANONFINCORP","COMPEMPLOYEE","PC_NVA","A","2005",70.2081768883459,
"USA","VANONFINCORP","COMPEMPLOYEE","PC_NVA","A","2006",69.0359054781037,
"USA","VANONFINCORP","COMPEMPLOYEE","PC_NVA","A","2007",70.1533052127473,
"USA","VANONFINCORP","COMPEMPLOYEE","PC_NVA","A","2008",71.0094772507837,
"USA","VANONFINCORP","COMPEMPLOYEE","PC_NVA","A","2009",71.1731126147322,
"USA","VANONFINCORP","COMPEMPLOYEE","PC_NVA","A","2010",68.0329522109152,
"USA","VANONFINCORP","COMPEMPLOYEE","PC_NVA","A","2011",67.9799018973949,
"USA","VANONFINCORP","COMPEMPLOYEE","PC_NVA","A","2012",67.6319412933554,
"USA","VANONFINCORP","COMPEMPLOYEE","PC_NVA","A","2013",67.4570131495756,
"USA","VANONFINCORP","COMPEMPLOYEE","PC_NVA","A","2014",67.6798053753128,
"USA","VANONFINCORP","COMPEMPLOYEE","PC_NVA","A","2015",68.7901037829991,
"USA","VANONFINCORP","NETOPERATING","PC_NVA","A","1998",17.5501507220945,
"USA","VANONFINCORP","NETOPERATING","PC_NVA","A","1999",16.8826197105612,
"USA","VANONFINCORP","NETOPERATING","PC_NVA","A","2000",15.2691712455009,
"USA","VANONFINCORP","NETOPERATING","PC_NVA","A","2001",14.0727777149155,
"USA","VANONFINCORP","NETOPERATING","PC_NVA","A","2002",15.2869841829043,
"USA","VANONFINCORP","NETOPERATING","PC_NVA","A","2003",16.6369776322105,
"USA","VANONFINCORP","NETOPERATING","PC_NVA","A","2004",18.2686205093151,
"USA","VANONFINCORP","NETOPERATING","PC_NVA","A","2005",19.7601618490449,
"USA","VANONFINCORP","NETOPERATING","PC_NVA","A","2006",20.9671226013646,
"USA","VANONFINCORP","NETOPERATING","PC_NVA","A","2007",19.7402426958387,
"USA","VANONFINCORP","NETOPERATING","PC_NVA","A","2008",18.8804879361073,
"USA","VANONFINCORP","NETOPERATING","PC_NVA","A","2009",18.4921827028247,
"USA","VANONFINCORP","NETOPERATING","PC_NVA","A","2010",21.8180653007408,
"USA","VANONFINCORP","NETOPERATING","PC_NVA","A","2011",21.7708638829984,
"USA","VANONFINCORP","NETOPERATING","PC_NVA","A","2012",22.3863398304722,
"USA","VANONFINCORP","NETOPERATING","PC_NVA","A","2013",22.4742411301029,
"USA","VANONFINCORP","NETOPERATING","PC_NVA","A","2014",22.4929707282701,
"USA","VANONFINCORP","NETOPERATING","PC_NVA","A","2015",21.510423921259,
"EST","VANONFINCORP","COMPEMPLOYEE","PC_NVA","A","1995",73.000973439021,
"EST","VANONFINCORP","COMPEMPLOYEE","PC_NVA","A","1996",69.6437156134822,
"EST","VANONFINCORP","COMPEMPLOYEE","PC_NVA","A","1997",66.6215415855825,
"EST","VANONFINCORP","COMPEMPLOYEE","PC_NVA","A","1998",63.5232481990832,
"EST","VANONFINCORP","COMPEMPLOYEE","PC_NVA","A","1999",60.6434165700839,
"EST","VANONFINCORP","COMPEMPLOYEE","PC_NVA","A","2000",60.1908698559358,
"EST","VANONFINCORP","COMPEMPLOYEE","PC_NVA","A","2001",58.3149020322136,
"EST","VANONFINCORP","COMPEMPLOYEE","PC_NVA","A","2002",57.8366549801172,
"EST","VANONFINCORP","COMPEMPLOYEE","PC_NVA","A","2003",57.0384440682165,
"EST","VANONFINCORP","COMPEMPLOYEE","PC_NVA","A","2004",57.7279577995479,
"EST","VANONFINCORP","COMPEMPLOYEE","PC_NVA","A","2005",57.1412593669612,
"EST","VANONFINCORP","COMPEMPLOYEE","PC_NVA","A","2006",58.2618654450541,
"EST","VANONFINCORP","COMPEMPLOYEE","PC_NVA","A","2007",60.8450672795841,
"EST","VANONFINCORP","COMPEMPLOYEE","PC_NVA","A","2008",67.9036090055436,
"EST","VANONFINCORP","COMPEMPLOYEE","PC_NVA","A","2009",73.2059247916605,
"EST","VANONFINCORP","COMPEMPLOYEE","PC_NVA","A","2010",65.5149733553471,
"EST","VANONFINCORP","COMPEMPLOYEE","PC_NVA","A","2011",59.5800229569445,
"EST","VANONFINCORP","COMPEMPLOYEE","PC_NVA","A","2012",60.8088574181925,
"EST","VANONFINCORP","COMPEMPLOYEE","PC_NVA","A","2013",60.8351274220197,
"EST","VANONFINCORP","COMPEMPLOYEE","PC_NVA","A","2014",61.9493284254219,
"EST","VANONFINCORP","COMPEMPLOYEE","PC_NVA","A","2015",68.1837494935921,
"EST","VANONFINCORP","NETOPERATING","PC_NVA","A","1995",26.6305103601724,
"EST","VANONFINCORP","NETOPERATING","PC_NVA","A","1996",30.0624966615031,
"EST","VANONFINCORP","NETOPERATING","PC_NVA","A","1997",33.0696336407479,
"EST","VANONFINCORP","NETOPERATING","PC_NVA","A","1998",36.4076257003565,
"EST","VANONFINCORP","NETOPERATING","PC_NVA","A","1999",38.9456678256594,
"EST","VANONFINCORP","NETOPERATING","PC_NVA","A","2000",39.1161631511762,
"EST","VANONFINCORP","NETOPERATING","PC_NVA","A","2001",40.9981525331113,
"EST","VANONFINCORP","NETOPERATING","PC_NVA","A","2002",41.5656838984447,
"EST","VANONFINCORP","NETOPERATING","PC_NVA","A","2003",42.2864103728786,
"EST","VANONFINCORP","NETOPERATING","PC_NVA","A","2004",42.1081386586285,
"EST","VANONFINCORP","NETOPERATING","PC_NVA","A","2005",42.7868407177209,
"EST","VANONFINCORP","NETOPERATING","PC_NVA","A","2006",41.6622276673947,
"EST","VANONFINCORP","NETOPERATING","PC_NVA","A","2007",39.2531185147167,
"EST","VANONFINCORP","NETOPERATING","PC_NVA","A","2008",32.2683561488856,
"EST","VANONFINCORP","NETOPERATING","PC_NVA","A","2009",27.0149297682499,
"EST","VANONFINCORP","NETOPERATING","PC_NVA","A","2010",35.4823554678586,
"EST","VANONFINCORP","NETOPERATING","PC_NVA","A","2011",41.2842384821409,
"EST","VANONFINCORP","NETOPERATING","PC_NVA","A","2012",39.993505677295,
"EST","VANONFINCORP","NETOPERATING","PC_NVA","A","2013",39.8117458569068,
"EST","VANONFINCORP","NETOPERATING","PC_NVA","A","2014",38.27583506285,
"EST","VANONFINCORP","NETOPERATING","PC_NVA","A","2015",32.5533828048576,
"ISR","VANONFINCORP","COMPEMPLOYEE","PC_NVA","A","2000",65.713330609516,
"ISR","VANONFINCORP","COMPEMPLOYEE","PC_NVA","A","2001",69.3052509272162,
"ISR","VANONFINCORP","COMPEMPLOYEE","PC_NVA","A","2002",69.7856274396877,
"ISR","VANONFINCORP","COMPEMPLOYEE","PC_NVA","A","2003",67.2706681766704,
"ISR","VANONFINCORP","COMPEMPLOYEE","PC_NVA","A","2004",63.8418188733728,
"ISR","VANONFINCORP","COMPEMPLOYEE","PC_NVA","A","2005",64.4710393436897,
"ISR","VANONFINCORP","COMPEMPLOYEE","PC_NVA","A","2006",64.8299569132244,
"ISR","VANONFINCORP","COMPEMPLOYEE","PC_NVA","A","2007",65.1530531472048,
"ISR","VANONFINCORP","COMPEMPLOYEE","PC_NVA","A","2008",66.5114520407647,
"ISR","VANONFINCORP","COMPEMPLOYEE","PC_NVA","A","2009",62.8609809029003,
"ISR","VANONFINCORP","COMPEMPLOYEE","PC_NVA","A","2010",63.02602236342,
"ISR","VANONFINCORP","COMPEMPLOYEE","PC_NVA","A","2011",62.2189385425115,
"ISR","VANONFINCORP","COMPEMPLOYEE","PC_NVA","A","2012",61.019990094998,
"ISR","VANONFINCORP","COMPEMPLOYEE","PC_NVA","A","2013",58.9180468962764,
"ISR","VANONFINCORP","COMPEMPLOYEE","PC_NVA","A","2014",58.8634283047177,
"ISR","VANONFINCORP","COMPEMPLOYEE","PC_NVA","A","2015",57.4298673125214,
"ISR","VANONFINCORP","NETOPERATING","PC_NVA","A","2000",31.8207893292394,
"ISR","VANONFINCORP","NETOPERATING","PC_NVA","A","2001",28.2623064002122,
"ISR","VANONFINCORP","NETOPERATING","PC_NVA","A","2002",27.4627247712293,
"ISR","VANONFINCORP","NETOPERATING","PC_NVA","A","2003",29.8573885323602,
"ISR","VANONFINCORP","NETOPERATING","PC_NVA","A","2004",33.1203862544342,
"ISR","VANONFINCORP","NETOPERATING","PC_NVA","A","2005",32.3781958155762,
"ISR","VANONFINCORP","NETOPERATING","PC_NVA","A","2006",32.8875539425577,
"ISR","VANONFINCORP","NETOPERATING","PC_NVA","A","2007",32.07550684013,
"ISR","VANONFINCORP","NETOPERATING","PC_NVA","A","2008",30.5592192426439,
"ISR","VANONFINCORP","NETOPERATING","PC_NVA","A","2009",34.2136380440642,
"ISR","VANONFINCORP","NETOPERATING","PC_NVA","A","2010",33.9935016324719,
"ISR","VANONFINCORP","NETOPERATING","PC_NVA","A","2011",34.7920572387088,
"ISR","VANONFINCORP","NETOPERATING","PC_NVA","A","2012",36.1638377380577,
"ISR","VANONFINCORP","NETOPERATING","PC_NVA","A","2013",38.48870834624,
"ISR","VANONFINCORP","NETOPERATING","PC_NVA","A","2014",38.1389935557278,
"ISR","VANONFINCORP","NETOPERATING","PC_NVA","A","2015",39.5157575667523,
"RUS","VANONFINCORP","COMPEMPLOYEE","PC_NVA","A","2011",58.3020666025217,
"RUS","VANONFINCORP","COMPEMPLOYEE","PC_NVA","A","2012",59.4369313317444,
"RUS","VANONFINCORP","COMPEMPLOYEE","PC_NVA","A","2013",62.8017206221525,
"RUS","VANONFINCORP","COMPEMPLOYEE","PC_NVA","A","2014",65.5553568508511,
"RUS","VANONFINCORP","COMPEMPLOYEE","PC_NVA","A","2015",60.5881530806334,
"RUS","VANONFINCORP","NETOPERATING","PC_NVA","A","2011",40.6966734808565,
"RUS","VANONFINCORP","NETOPERATING","PC_NVA","A","2012",39.4664020866861,
"RUS","VANONFINCORP","NETOPERATING","PC_NVA","A","2013",35.8507670519395,
"RUS","VANONFINCORP","NETOPERATING","PC_NVA","A","2014",33.4358021162235,
"RUS","VANONFINCORP","NETOPERATING","PC_NVA","A","2015",38.3793741121555,
"SVN","VANONFINCORP","COMPEMPLOYEE","PC_NVA","A","1995",102.203923661703,
"SVN","VANONFINCORP","COMPEMPLOYEE","PC_NVA","A","1996",100.744957426217,
"SVN","VANONFINCORP","COMPEMPLOYEE","PC_NVA","A","1997",92.2921997943055,
"SVN","VANONFINCORP","COMPEMPLOYEE","PC_NVA","A","1998",90.5708133061101,
"SVN","VANONFINCORP","COMPEMPLOYEE","PC_NVA","A","1999",87.6394023439615,
"SVN","VANONFINCORP","COMPEMPLOYEE","PC_NVA","A","2000",91.9395998311482,
"SVN","VANONFINCORP","COMPEMPLOYEE","PC_NVA","A","2001",89.2390694648553,
"SVN","VANONFINCORP","COMPEMPLOYEE","PC_NVA","A","2002",87.0918565857145,
"SVN","VANONFINCORP","COMPEMPLOYEE","PC_NVA","A","2003",83.9044372615913,
"SVN","VANONFINCORP","COMPEMPLOYEE","PC_NVA","A","2004",83.7735470392288,
"SVN","VANONFINCORP","COMPEMPLOYEE","PC_NVA","A","2005",84.1865357944611,
"SVN","VANONFINCORP","COMPEMPLOYEE","PC_NVA","A","2006",82.3050573951507,
"SVN","VANONFINCORP","COMPEMPLOYEE","PC_NVA","A","2007",79.4943337952751,
"SVN","VANONFINCORP","COMPEMPLOYEE","PC_NVA","A","2008",81.1155156150306,
"SVN","VANONFINCORP","COMPEMPLOYEE","PC_NVA","A","2009",89.3128685685769,
"SVN","VANONFINCORP","COMPEMPLOYEE","PC_NVA","A","2010",90.7362653520482,
"SVN","VANONFINCORP","COMPEMPLOYEE","PC_NVA","A","2011",87.822896966151,
"SVN","VANONFINCORP","COMPEMPLOYEE","PC_NVA","A","2012",88.0615554660462,
"SVN","VANONFINCORP","COMPEMPLOYEE","PC_NVA","A","2013",86.3717279106062,
"SVN","VANONFINCORP","COMPEMPLOYEE","PC_NVA","A","2014",83.4392618465191,
"SVN","VANONFINCORP","COMPEMPLOYEE","PC_NVA","A","2015",83.1590842422834,
"SVN","VANONFINCORP","NETOPERATING","PC_NVA","A","1995",0.880657732338484,
"SVN","VANONFINCORP","NETOPERATING","PC_NVA","A","1996",0.88296297780837,
"SVN","VANONFINCORP","NETOPERATING","PC_NVA","A","1997",7.94698967399797,
"SVN","VANONFINCORP","NETOPERATING","PC_NVA","A","1998",9.25086861700797,
"SVN","VANONFINCORP","NETOPERATING","PC_NVA","A","1999",12.0862996633716,
"SVN","VANONFINCORP","NETOPERATING","PC_NVA","A","2000",6.75109312653532,
"SVN","VANONFINCORP","NETOPERATING","PC_NVA","A","2001",9.03382382315445,
"SVN","VANONFINCORP","NETOPERATING","PC_NVA","A","2002",11.3377145230248,
"SVN","VANONFINCORP","NETOPERATING","PC_NVA","A","2003",14.2609425641842,
"SVN","VANONFINCORP","NETOPERATING","PC_NVA","A","2004",14.1045007766383,
"SVN","VANONFINCORP","NETOPERATING","PC_NVA","A","2005",13.3923135565673,
"SVN","VANONFINCORP","NETOPERATING","PC_NVA","A","2006",16.0261635476872,
"SVN","VANONFINCORP","NETOPERATING","PC_NVA","A","2007",19.4827549896268,
"SVN","VANONFINCORP","NETOPERATING","PC_NVA","A","2008",18.7651859218708,
"SVN","VANONFINCORP","NETOPERATING","PC_NVA","A","2009",12.2552732882982,
"SVN","VANONFINCORP","NETOPERATING","PC_NVA","A","2010",10.8567395327013,
"SVN","VANONFINCORP","NETOPERATING","PC_NVA","A","2011",11.9116103666519,
"SVN","VANONFINCORP","NETOPERATING","PC_NVA","A","2012",11.294091561215,
"SVN","VANONFINCORP","NETOPERATING","PC_NVA","A","2013",13.212364882785,
"SVN","VANONFINCORP","NETOPERATING","PC_NVA","A","2014",15.7834050703041,
"SVN","VANONFINCORP","NETOPERATING","PC_NVA","A","2015",15.7640482164606,
"ZAF","VANONFINCORP","COMPEMPLOYEE","PC_NVA","A","2008",58.5916317982752,
"ZAF","VANONFINCORP","COMPEMPLOYEE","PC_NVA","A","2009",59.7925685904757,
"ZAF","VANONFINCORP","COMPEMPLOYEE","PC_NVA","A","2010",59.8201563397814,
"ZAF","VANONFINCORP","COMPEMPLOYEE","PC_NVA","A","2011",58.7332569718787,
"ZAF","VANONFINCORP","COMPEMPLOYEE","PC_NVA","A","2012",59.6204101450754,
"ZAF","VANONFINCORP","COMPEMPLOYEE","PC_NVA","A","2013",61.5650862444863,
"ZAF","VANONFINCORP","COMPEMPLOYEE","PC_NVA","A","2014",62.4849032453421,
"ZAF","VANONFINCORP","NETOPERATING","PC_NVA","A","2008",39.8144856545265,
"ZAF","VANONFINCORP","NETOPERATING","PC_NVA","A","2009",38.6490909425227,
"ZAF","VANONFINCORP","NETOPERATING","PC_NVA","A","2010",38.6691717667546,
"ZAF","VANONFINCORP","NETOPERATING","PC_NVA","A","2011",39.4526019108174,
"ZAF","VANONFINCORP","NETOPERATING","PC_NVA","A","2012",38.6785640283409,
"ZAF","VANONFINCORP","NETOPERATING","PC_NVA","A","2013",36.400764793694,
"ZAF","VANONFINCORP","NETOPERATING","PC_NVA","A","2014",35.0969768987533,
"EA","VANONFINCORP","COMPEMPLOYEE","PC_NVA","A","1999",71.9025031296333,
"EA","VANONFINCORP","COMPEMPLOYEE","PC_NVA","A","2000",72.0299613260485,
"EA","VANONFINCORP","COMPEMPLOYEE","PC_NVA","A","2001",70.9788484363714,
"EA","VANONFINCORP","COMPEMPLOYEE","PC_NVA","A","2002",71.1955428830614,
"EA","VANONFINCORP","COMPEMPLOYEE","PC_NVA","A","2003",71.4464042086193,
"EA","VANONFINCORP","COMPEMPLOYEE","PC_NVA","A","2004",70.5938313194348,
"EA","VANONFINCORP","COMPEMPLOYEE","PC_NVA","A","2005",70.3684691624618,
"EA","VANONFINCORP","COMPEMPLOYEE","PC_NVA","A","2006",69.8920823194808,
"EA","VANONFINCORP","COMPEMPLOYEE","PC_NVA","A","2007",68.7561805932778,
"EA","VANONFINCORP","COMPEMPLOYEE","PC_NVA","A","2008",70.351877254231,
"EA","VANONFINCORP","COMPEMPLOYEE","PC_NVA","A","2009",73.6280400666693,
"EA","VANONFINCORP","COMPEMPLOYEE","PC_NVA","A","2010",72.7863968615615,
"EA","VANONFINCORP","COMPEMPLOYEE","PC_NVA","A","2011",72.6370459055527,
"EA","VANONFINCORP","COMPEMPLOYEE","PC_NVA","A","2012",74.074188052083,
"EA","VANONFINCORP","COMPEMPLOYEE","PC_NVA","A","2013",73.7774147013179,
"EA","VANONFINCORP","COMPEMPLOYEE","PC_NVA","A","2014",73.3890946875812,
"EA","VANONFINCORP","COMPEMPLOYEE","PC_NVA","A","2015",72.772468665683,
"EA","VANONFINCORP","COMPEMPLOYEE","PC_NVA","A","2016",72.7921925765809,
"EA","VANONFINCORP","NETOPERATING","PC_NVA","A","1999",27.3998679551482,
"EA","VANONFINCORP","NETOPERATING","PC_NVA","A","2000",27.2339167183425,
"EA","VANONFINCORP","NETOPERATING","PC_NVA","A","2001",28.2536552436364,
"EA","VANONFINCORP","NETOPERATING","PC_NVA","A","2002",27.736357984001,
"EA","VANONFINCORP","NETOPERATING","PC_NVA","A","2003",27.4813403668239,
"EA","VANONFINCORP","NETOPERATING","PC_NVA","A","2004",28.2668375121131,
"EA","VANONFINCORP","NETOPERATING","PC_NVA","A","2005",28.3869330297521,
"EA","VANONFINCORP","NETOPERATING","PC_NVA","A","2006",29.091781160555,
"EA","VANONFINCORP","NETOPERATING","PC_NVA","A","2007",30.1773726981103,
"EA","VANONFINCORP","NETOPERATING","PC_NVA","A","2008",28.4502995888354,
"EA","VANONFINCORP","NETOPERATING","PC_NVA","A","2009",25.1800915628253,
"EA","VANONFINCORP","NETOPERATING","PC_NVA","A","2010",26.3080903187566,
"EA","VANONFINCORP","NETOPERATING","PC_NVA","A","2011",26.2719813980578,
"EA","VANONFINCORP","NETOPERATING","PC_NVA","A","2012",24.6108542800778,
"EA","VANONFINCORP","NETOPERATING","PC_NVA","A","2013",25.0098770698997,
"EA","VANONFINCORP","NETOPERATING","PC_NVA","A","2014",25.5048733099559,
"EA","VANONFINCORP","NETOPERATING","PC_NVA","A","2015",26.3201370344292,
"EA","VANONFINCORP","NETOPERATING","PC_NVA","A","2016",26.3879081045312,
"EU","VANONFINCORP","COMPEMPLOYEE","PC_NVA","A","1999",71.7220160273532,
"EU","VANONFINCORP","COMPEMPLOYEE","PC_NVA","A","2000",71.7375100241638,
"EU","VANONFINCORP","COMPEMPLOYEE","PC_NVA","A","2001",71.8557561775595,
"EU","VANONFINCORP","COMPEMPLOYEE","PC_NVA","A","2002",71.68942238111,
"EU","VANONFINCORP","COMPEMPLOYEE","PC_NVA","A","2003",71.5353532319567,
"EU","VANONFINCORP","COMPEMPLOYEE","PC_NVA","A","2004",70.7374442254654,
"EU","VANONFINCORP","COMPEMPLOYEE","PC_NVA","A","2005",70.3116159365768,
"EU","VANONFINCORP","COMPEMPLOYEE","PC_NVA","A","2006",69.7133690532611,
"EU","VANONFINCORP","COMPEMPLOYEE","PC_NVA","A","2007",69.1460614699577,
"EU","VANONFINCORP","COMPEMPLOYEE","PC_NVA","A","2008",70.4746668164783,
"EU","VANONFINCORP","COMPEMPLOYEE","PC_NVA","A","2009",73.4937648229503,
"EU","VANONFINCORP","COMPEMPLOYEE","PC_NVA","A","2010",72.212299959961,
"EU","VANONFINCORP","COMPEMPLOYEE","PC_NVA","A","2011",71.9919652700403,
"EU","VANONFINCORP","COMPEMPLOYEE","PC_NVA","A","2012",73.2005249218151,
"EU","VANONFINCORP","COMPEMPLOYEE","PC_NVA","A","2013",73.0580050762887,
"EU","VANONFINCORP","COMPEMPLOYEE","PC_NVA","A","2014",72.5715167532185,
"EU","VANONFINCORP","COMPEMPLOYEE","PC_NVA","A","2015",72.1569738182026,
"EU","VANONFINCORP","NETOPERATING","PC_NVA","A","1999",26.6971079376841,
"EU","VANONFINCORP","NETOPERATING","PC_NVA","A","2000",26.6286373333477,
"EU","VANONFINCORP","NETOPERATING","PC_NVA","A","2001",26.5267979638784,
"EU","VANONFINCORP","NETOPERATING","PC_NVA","A","2002",26.6105843026517,
"EU","VANONFINCORP","NETOPERATING","PC_NVA","A","2003",26.8146515819601,
"EU","VANONFINCORP","NETOPERATING","PC_NVA","A","2004",27.5699643513279,
"EU","VANONFINCORP","NETOPERATING","PC_NVA","A","2005",27.9847569636449,
"EU","VANONFINCORP","NETOPERATING","PC_NVA","A","2006",28.7668621661702,
"EU","VANONFINCORP","NETOPERATING","PC_NVA","A","2007",29.2972312461923,
"EU","VANONFINCORP","NETOPERATING","PC_NVA","A","2008",28.0625324491041,
"EU","VANONFINCORP","NETOPERATING","PC_NVA","A","2009",25.1403878823363,
"EU","VANONFINCORP","NETOPERATING","PC_NVA","A","2010",26.4939340780054,
"EU","VANONFINCORP","NETOPERATING","PC_NVA","A","2011",26.5357510488564,
"EU","VANONFINCORP","NETOPERATING","PC_NVA","A","2012",25.0785580041235,
"EU","VANONFINCORP","NETOPERATING","PC_NVA","A","2013",25.1811808933276,
"EU","VANONFINCORP","NETOPERATING","PC_NVA","A","2014",25.7391599894618,
"EU","VANONFINCORP","NETOPERATING","PC_NVA","A","2015",26.2121802150227,
"NZL","VANONFINCORP","COMPEMPLOYEE","PC_NVA","A","1998",50.395803681374,
"NZL","VANONFINCORP","COMPEMPLOYEE","PC_NVA","A","1999",47.9689659785081,
"NZL","VANONFINCORP","COMPEMPLOYEE","PC_NVA","A","2000",47.8502682786736,
"NZL","VANONFINCORP","COMPEMPLOYEE","PC_NVA","A","2001",47.6796397555484,
"NZL","VANONFINCORP","COMPEMPLOYEE","PC_NVA","A","2002",48.5726947080764,
"NZL","VANONFINCORP","COMPEMPLOYEE","PC_NVA","A","2003",48.8595824990218,
"NZL","VANONFINCORP","COMPEMPLOYEE","PC_NVA","A","2004",49.7049081277041,
"NZL","VANONFINCORP","COMPEMPLOYEE","PC_NVA","A","2005",51.3308455147104,
"NZL","VANONFINCORP","COMPEMPLOYEE","PC_NVA","A","2006",52.6553280111073,
"NZL","VANONFINCORP","COMPEMPLOYEE","PC_NVA","A","2007",51.898381294964,
"NZL","VANONFINCORP","COMPEMPLOYEE","PC_NVA","A","2008",55.1082199447661,
"NZL","VANONFINCORP","COMPEMPLOYEE","PC_NVA","A","2009",54.2588500604705,
"NZL","VANONFINCORP","COMPEMPLOYEE","PC_NVA","A","2010",52.9262086513995,
"NZL","VANONFINCORP","COMPEMPLOYEE","PC_NVA","A","2011",52.6742434167431,
"NZL","VANONFINCORP","COMPEMPLOYEE","PC_NVA","A","2012",53.8003329938736,
"NZL","VANONFINCORP","COMPEMPLOYEE","PC_NVA","A","2013",51.5558493845685,
"NZL","VANONFINCORP","COMPEMPLOYEE","PC_NVA","A","2014",52.6574232478902,"E"
"NZL","VANONFINCORP","NETOPERATING","PC_NVA","A","1998",43.073035774256,
"NZL","VANONFINCORP","NETOPERATING","PC_NVA","A","1999",45.7811269154739,
"NZL","VANONFINCORP","NETOPERATING","PC_NVA","A","2000",46.1523374567462,
"NZL","VANONFINCORP","NETOPERATING","PC_NVA","A","2001",46.5860405275008,
"NZL","VANONFINCORP","NETOPERATING","PC_NVA","A","2002",45.4201903073723,
"NZL","VANONFINCORP","NETOPERATING","PC_NVA","A","2003",45.210476650786,
"NZL","VANONFINCORP","NETOPERATING","PC_NVA","A","2004",44.5367543130887,
"NZL","VANONFINCORP","NETOPERATING","PC_NVA","A","2005",42.9231181576397,
"NZL","VANONFINCORP","NETOPERATING","PC_NVA","A","2006",42.197649625626,
"NZL","VANONFINCORP","NETOPERATING","PC_NVA","A","2007",43.3974820143885,
"NZL","VANONFINCORP","NETOPERATING","PC_NVA","A","2008",40.1904744428439,
"NZL","VANONFINCORP","NETOPERATING","PC_NVA","A","2009",40.5343226850715,
"NZL","VANONFINCORP","NETOPERATING","PC_NVA","A","2010",42.1723597296116,
"NZL","VANONFINCORP","NETOPERATING","PC_NVA","A","2011",42.3383663042054,
"NZL","VANONFINCORP","NETOPERATING","PC_NVA","A","2012",41.3413510499006,
"NZL","VANONFINCORP","NETOPERATING","PC_NVA","A","2013",43.6655499513449,
"NZL","VANONFINCORP","NETOPERATING","PC_NVA","A","2014",42.3090413233789,
"ISL","VANONFINCORP","COMPEMPLOYEE","PC_NVA","A","2000",69.1370220170762,
"ISL","VANONFINCORP","COMPEMPLOYEE","PC_NVA","A","2001",64.8714439259367,
"ISL","VANONFINCORP","COMPEMPLOYEE","PC_NVA","A","2002",65.5239331057475,
"ISL","VANONFINCORP","COMPEMPLOYEE","PC_NVA","A","2003",70.1225099812587,
"ISL","VANONFINCORP","COMPEMPLOYEE","PC_NVA","A","2004",70.3727986484838,
"ISL","VANONFINCORP","COMPEMPLOYEE","PC_NVA","A","2005",75.0442009343258,
"ISL","VANONFINCORP","COMPEMPLOYEE","PC_NVA","A","2006",80.8304889977762,
"ISL","VANONFINCORP","COMPEMPLOYEE","PC_NVA","A","2007",86.7180442268132,
"ISL","VANONFINCORP","COMPEMPLOYEE","PC_NVA","A","2008",64.5997370185561,
"ISL","VANONFINCORP","COMPEMPLOYEE","PC_NVA","A","2009",61.9913369195417,
"ISL","VANONFINCORP","COMPEMPLOYEE","PC_NVA","A","2010",58.659354418818,
"ISL","VANONFINCORP","COMPEMPLOYEE","PC_NVA","A","2011",63.099318451565,
"ISL","VANONFINCORP","COMPEMPLOYEE","PC_NVA","A","2012",69.3333515379521,
"ISL","VANONFINCORP","COMPEMPLOYEE","PC_NVA","A","2013",67.7837527402143,
"ISL","VANONFINCORP","COMPEMPLOYEE","PC_NVA","A","2014",67.5361047764621,
"ISL","VANONFINCORP","NETOPERATING","PC_NVA","A","2000",27.5372201034591,
"ISL","VANONFINCORP","NETOPERATING","PC_NVA","A","2001",32.1983919853558,
"ISL","VANONFINCORP","NETOPERATING","PC_NVA","A","2002",31.2427264563983,
"ISL","VANONFINCORP","NETOPERATING","PC_NVA","A","2003",26.3408109421069,
"ISL","VANONFINCORP","NETOPERATING","PC_NVA","A","2004",25.9076317346271,
"ISL","VANONFINCORP","NETOPERATING","PC_NVA","A","2005",20.8760063530016,
"ISL","VANONFINCORP","NETOPERATING","PC_NVA","A","2006",14.1424811489353,
"ISL","VANONFINCORP","NETOPERATING","PC_NVA","A","2007",8.03622311743786,
"ISL","VANONFINCORP","NETOPERATING","PC_NVA","A","2008",31.6899190149167,
"ISL","VANONFINCORP","NETOPERATING","PC_NVA","A","2009",34.6723088907451,
"ISL","VANONFINCORP","NETOPERATING","PC_NVA","A","2010",38.4228044708284,
"ISL","VANONFINCORP","NETOPERATING","PC_NVA","A","2011",34.606765711802,
"ISL","VANONFINCORP","NETOPERATING","PC_NVA","A","2012",28.3053642746207,
"ISL","VANONFINCORP","NETOPERATING","PC_NVA","A","2013",29.8147059651758,
"ISL","VANONFINCORP","NETOPERATING","PC_NVA","A","2014",30.1655391725713,
"LVA","VANONFINCORP","COMPEMPLOYEE","PC_NVA","A","1995",121.874361384722,
"LVA","VANONFINCORP","COMPEMPLOYEE","PC_NVA","A","1996",127.358172317763,
"LVA","VANONFINCORP","COMPEMPLOYEE","PC_NVA","A","1997",84.0916826875125,
"LVA","VANONFINCORP","COMPEMPLOYEE","PC_NVA","A","1998",79.7742706187574,
"LVA","VANONFINCORP","COMPEMPLOYEE","PC_NVA","A","1999",73.7603711111324,
"LVA","VANONFINCORP","COMPEMPLOYEE","PC_NVA","A","2000",65.7666289998165,
"LVA","VANONFINCORP","COMPEMPLOYEE","PC_NVA","A","2001",60.7352487696539,
"LVA","VANONFINCORP","COMPEMPLOYEE","PC_NVA","A","2002",55.6298379945367,
"LVA","VANONFINCORP","COMPEMPLOYEE","PC_NVA","A","2003",56.1606640534932,
"LVA","VANONFINCORP","COMPEMPLOYEE","PC_NVA","A","2004",55.9375950092922,
"LVA","VANONFINCORP","COMPEMPLOYEE","PC_NVA","A","2005",59.916123313555,
"LVA","VANONFINCORP","COMPEMPLOYEE","PC_NVA","A","2006",64.9980608340334,
"LVA","VANONFINCORP","COMPEMPLOYEE","PC_NVA","A","2007",68.9262875129756,
"LVA","VANONFINCORP","COMPEMPLOYEE","PC_NVA","A","2008",75.5989826743923,
"LVA","VANONFINCORP","COMPEMPLOYEE","PC_NVA","A","2009",71.2770615128569,
"LVA","VANONFINCORP","COMPEMPLOYEE","PC_NVA","A","2010",67.1785934219628,
"LVA","VANONFINCORP","COMPEMPLOYEE","PC_NVA","A","2011",60.3560096544402,
"LVA","VANONFINCORP","COMPEMPLOYEE","PC_NVA","A","2012",62.9433889276859,
"LVA","VANONFINCORP","COMPEMPLOYEE","PC_NVA","A","2013",64.7166294656592,
"LVA","VANONFINCORP","COMPEMPLOYEE","PC_NVA","A","2014",66.0744091248573,
"LVA","VANONFINCORP","COMPEMPLOYEE","PC_NVA","A","2015",68.1754390891293,
"LVA","VANONFINCORP","NETOPERATING","PC_NVA","A","1995",-25.0333874971142,
"LVA","VANONFINCORP","NETOPERATING","PC_NVA","A","1996",-30.0429215354139,
"LVA","VANONFINCORP","NETOPERATING","PC_NVA","A","1997",12.6149978336896,
"LVA","VANONFINCORP","NETOPERATING","PC_NVA","A","1998",16.8968715853429,
"LVA","VANONFINCORP","NETOPERATING","PC_NVA","A","1999",23.531217802106,
"LVA","VANONFINCORP","NETOPERATING","PC_NVA","A","2000",32.5479309239124,
"LVA","VANONFINCORP","NETOPERATING","PC_NVA","A","2001",36.8622862008136,
"LVA","VANONFINCORP","NETOPERATING","PC_NVA","A","2002",43.2974323395271,
"LVA","VANONFINCORP","NETOPERATING","PC_NVA","A","2003",42.648628083929,
"LVA","VANONFINCORP","NETOPERATING","PC_NVA","A","2004",42.8105581520004,
"LVA","VANONFINCORP","NETOPERATING","PC_NVA","A","2005",39.0307652998457,
"LVA","VANONFINCORP","NETOPERATING","PC_NVA","A","2006",33.924706019435,
"LVA","VANONFINCORP","NETOPERATING","PC_NVA","A","2007",30.9561370531167,
"LVA","VANONFINCORP","NETOPERATING","PC_NVA","A","2008",25.7453137257488,
"LVA","VANONFINCORP","NETOPERATING","PC_NVA","A","2009",29.4907980752236,
"LVA","VANONFINCORP","NETOPERATING","PC_NVA","A","2010",33.393325112347,
"LVA","VANONFINCORP","NETOPERATING","PC_NVA","A","2011",39.5994302212128,
"LVA","VANONFINCORP","NETOPERATING","PC_NVA","A","2012",37.7060357753293,
"LVA","VANONFINCORP","NETOPERATING","PC_NVA","A","2013",36.2372360292398,
"LVA","VANONFINCORP","NETOPERATING","PC_NVA","A","2014",32.9474825963867,
"LVA","VANONFINCORP","NETOPERATING","PC_NVA","A","2015",30.5080154004053,
