﻿"LOCATION","INDICATOR","SUBJECT","MEASURE","FREQUENCY","TIME","Value","Flag Codes"
"HUN","HHWEALTH","TOT","PC_NDI","A","1995",263.1783,
"HUN","HHWEALTH","TOT","PC_NDI","A","1996",289.6345,
"HUN","HHWEALTH","TOT","PC_NDI","A","1997",306.4461,
"HUN","HHWEALTH","TOT","PC_NDI","A","1998",305.092,
"HUN","HHWEALTH","TOT","PC_NDI","A","1999",324.5665,
"HUN","HHWEALTH","TOT","PC_NDI","A","2000",328.5773,
"HUN","HHWEALTH","TOT","PC_NDI","A","2001",319.6617,
"HUN","HHWEALTH","TOT","PC_NDI","A","2002",310.5332,
"HUN","HHWEALTH","TOT","PC_NDI","A","2003",297.4898,
"HUN","HHWEALTH","TOT","PC_NDI","A","2004",292.0594,
"HUN","HHWEALTH","TOT","PC_NDI","A","2005",294.8772,
"HUN","HHWEALTH","TOT","PC_NDI","A","2006",308.9611,
"HUN","HHWEALTH","TOT","PC_NDI","A","2007",320.9632,
"HUN","HHWEALTH","TOT","PC_NDI","A","2008",316.0769,
"HUN","HHWEALTH","TOT","PC_NDI","A","2009",340.0526,
"HUN","HHWEALTH","TOT","PC_NDI","A","2010",347.0392,
"HUN","HHWEALTH","TOT","PC_NDI","A","2011",334.7604,
"HUN","HHWEALTH","TOT","PC_NDI","A","2012",346.4506,
"HUN","HHWEALTH","TOT","PC_NDI","A","2013",351.5667,
"HUN","HHWEALTH","TOT","PC_NDI","A","2014",358.7562,
"SVK","HHWEALTH","TOT","PC_NDI","A","1995",353.5312,
"SVK","HHWEALTH","TOT","PC_NDI","A","1996",328.1951,
"SVK","HHWEALTH","TOT","PC_NDI","A","1997",315.017,
"SVK","HHWEALTH","TOT","PC_NDI","A","1998",312.0124,
"SVK","HHWEALTH","TOT","PC_NDI","A","1999",317.5917,
"SVK","HHWEALTH","TOT","PC_NDI","A","2000",312.6442,
"SVK","HHWEALTH","TOT","PC_NDI","A","2001",303.1499,
"SVK","HHWEALTH","TOT","PC_NDI","A","2002",284.5437,
"SVK","HHWEALTH","TOT","PC_NDI","A","2003",274.1884,
"SVK","HHWEALTH","TOT","PC_NDI","A","2004",256.5201,
"SVK","HHWEALTH","TOT","PC_NDI","A","2005",247.3099,
"SVK","HHWEALTH","TOT","PC_NDI","A","2006",244.5677,
"SVK","HHWEALTH","TOT","PC_NDI","A","2007",229.2159,
"SVK","HHWEALTH","TOT","PC_NDI","A","2008",222.859,
"SVK","HHWEALTH","TOT","PC_NDI","A","2009",227.8441,
"SVK","HHWEALTH","TOT","PC_NDI","A","2010",229.6472,
"SVK","HHWEALTH","TOT","PC_NDI","A","2011",229.0873,
"SVK","HHWEALTH","TOT","PC_NDI","A","2012",225.8402,
"SVK","HHWEALTH","TOT","PC_NDI","A","2013",226.7102,
"SVK","HHWEALTH","TOT","PC_NDI","A","2014",228.4767,
"SVK","HHWEALTH","TOT","PC_NDI","A","2015",226.3602,
"EST","HHWEALTH","TOT","PC_NDI","A","1995",344.5692,
"EST","HHWEALTH","TOT","PC_NDI","A","1996",431.0622,
"EST","HHWEALTH","TOT","PC_NDI","A","1997",448.6099,
"EST","HHWEALTH","TOT","PC_NDI","A","1998",388.0335,
"EST","HHWEALTH","TOT","PC_NDI","A","1999",416.9583,
"EST","HHWEALTH","TOT","PC_NDI","A","2000",360.241,
"EST","HHWEALTH","TOT","PC_NDI","A","2001",383.212,
"EST","HHWEALTH","TOT","PC_NDI","A","2002",364.5408,
"EST","HHWEALTH","TOT","PC_NDI","A","2003",354.4986,
"EST","HHWEALTH","TOT","PC_NDI","A","2004",369.1376,
"EST","HHWEALTH","TOT","PC_NDI","A","2005",350.0413,
"EST","HHWEALTH","TOT","PC_NDI","A","2006",344.1295,
"EST","HHWEALTH","TOT","PC_NDI","A","2007",323.4563,
"EST","HHWEALTH","TOT","PC_NDI","A","2008",277.6,
"EST","HHWEALTH","TOT","PC_NDI","A","2009",304.4282,
"EST","HHWEALTH","TOT","PC_NDI","A","2010",284.8528,
"EST","HHWEALTH","TOT","PC_NDI","A","2011",281.5164,
"EST","HHWEALTH","TOT","PC_NDI","A","2012",291.4063,
"EST","HHWEALTH","TOT","PC_NDI","A","2013",315.7357,
"EST","HHWEALTH","TOT","PC_NDI","A","2014",318.519,
"CZE","HHWEALTH","TOT","PC_NDI","A","1995",312.8046,
"CZE","HHWEALTH","TOT","PC_NDI","A","1996",306.3099,
"CZE","HHWEALTH","TOT","PC_NDI","A","1997",311.1752,
"CZE","HHWEALTH","TOT","PC_NDI","A","1998",323.0609,
"CZE","HHWEALTH","TOT","PC_NDI","A","1999",323.7869,
"CZE","HHWEALTH","TOT","PC_NDI","A","2000",318.3713,
"CZE","HHWEALTH","TOT","PC_NDI","A","2001",316.1626,
"CZE","HHWEALTH","TOT","PC_NDI","A","2002",314.3081,
"CZE","HHWEALTH","TOT","PC_NDI","A","2003",315.6694,
"CZE","HHWEALTH","TOT","PC_NDI","A","2004",305.1241,
"CZE","HHWEALTH","TOT","PC_NDI","A","2005",300.3062,
"CZE","HHWEALTH","TOT","PC_NDI","A","2006",293.9893,
"CZE","HHWEALTH","TOT","PC_NDI","A","2007",311.7035,
"CZE","HHWEALTH","TOT","PC_NDI","A","2008",313.176,
"CZE","HHWEALTH","TOT","PC_NDI","A","2009",303.0667,
"CZE","HHWEALTH","TOT","PC_NDI","A","2010",311.8106,
"CZE","HHWEALTH","TOT","PC_NDI","A","2011",319.2411,
"CZE","HHWEALTH","TOT","PC_NDI","A","2012",328.9276,
"CZE","HHWEALTH","TOT","PC_NDI","A","2013",335.6924,
"CZE","HHWEALTH","TOT","PC_NDI","A","2014",340.5128,
"CZE","HHWEALTH","TOT","PC_NDI","A","2015",346.4226,
"AUS","HHWEALTH","TOT","PC_NDI","A","1995",302.6892,
"AUS","HHWEALTH","TOT","PC_NDI","A","1996",303.6468,
"AUS","HHWEALTH","TOT","PC_NDI","A","1997",312.6256,
"AUS","HHWEALTH","TOT","PC_NDI","A","1998",320.1783,
"AUS","HHWEALTH","TOT","PC_NDI","A","1999",333.4397,
"AUS","HHWEALTH","TOT","PC_NDI","A","2000",327.7718,
"AUS","HHWEALTH","TOT","PC_NDI","A","2001",329.5485,
"AUS","HHWEALTH","TOT","PC_NDI","A","2002",315.5965,
"AUS","HHWEALTH","TOT","PC_NDI","A","2003",318.9221,
"AUS","HHWEALTH","TOT","PC_NDI","A","2004",349.6256,
"AUS","HHWEALTH","TOT","PC_NDI","A","2005",386.5877,
"AUS","HHWEALTH","TOT","PC_NDI","A","2006",393.1051,
"AUS","HHWEALTH","TOT","PC_NDI","A","2007",382.5938,
"AUS","HHWEALTH","TOT","PC_NDI","A","2008",297.8137,
"AUS","HHWEALTH","TOT","PC_NDI","A","2009",325.9939,
"AUS","HHWEALTH","TOT","PC_NDI","A","2010",317.5486,
"AUS","HHWEALTH","TOT","PC_NDI","A","2011",296.6273,
"AUS","HHWEALTH","TOT","PC_NDI","A","2012",342.2623,
"AUS","HHWEALTH","TOT","PC_NDI","A","2013",353.965,
"AUS","HHWEALTH","TOT","PC_NDI","A","2014",370.6371,
"AUS","HHWEALTH","TOT","PC_NDI","A","2015",382.3684,
"SVN","HHWEALTH","TOT","PC_NDI","A","2001",283.1361,
"SVN","HHWEALTH","TOT","PC_NDI","A","2002",285.8088,
"SVN","HHWEALTH","TOT","PC_NDI","A","2003",292.8166,
"SVN","HHWEALTH","TOT","PC_NDI","A","2004",306.3029,
"SVN","HHWEALTH","TOT","PC_NDI","A","2005",303.5092,
"SVN","HHWEALTH","TOT","PC_NDI","A","2006",309.1386,
"SVN","HHWEALTH","TOT","PC_NDI","A","2007",304.4178,
"SVN","HHWEALTH","TOT","PC_NDI","A","2008",275.0853,
"SVN","HHWEALTH","TOT","PC_NDI","A","2009",285.4077,
"SVN","HHWEALTH","TOT","PC_NDI","A","2010",289.4145,
"SVN","HHWEALTH","TOT","PC_NDI","A","2011",282.9305,
"SVN","HHWEALTH","TOT","PC_NDI","A","2012",294.7903,
"SVN","HHWEALTH","TOT","PC_NDI","A","2013",302.2022,
"SVN","HHWEALTH","TOT","PC_NDI","A","2014",304.511,
"SVN","HHWEALTH","TOT","PC_NDI","A","2015",303.8195,
"USA","HHWEALTH","TOT","PC_NDI","A","1995",465.3209,
"USA","HHWEALTH","TOT","PC_NDI","A","1996",470.7804,
"USA","HHWEALTH","TOT","PC_NDI","A","1997",499.644,
"USA","HHWEALTH","TOT","PC_NDI","A","1998",519.4166,
"USA","HHWEALTH","TOT","PC_NDI","A","1999",559.209,
"USA","HHWEALTH","TOT","PC_NDI","A","2000",510.8957,
"USA","HHWEALTH","TOT","PC_NDI","A","2001",482.5891,
"USA","HHWEALTH","TOT","PC_NDI","A","2002",442.8431,
"USA","HHWEALTH","TOT","PC_NDI","A","2003",475.3982,
"USA","HHWEALTH","TOT","PC_NDI","A","2004",508.973,
"USA","HHWEALTH","TOT","PC_NDI","A","2005",532.9406,
"USA","HHWEALTH","TOT","PC_NDI","A","2006",545.7748,
"USA","HHWEALTH","TOT","PC_NDI","A","2007",542.7866,
"USA","HHWEALTH","TOT","PC_NDI","A","2008",451.7201,
"USA","HHWEALTH","TOT","PC_NDI","A","2009",475.9119,
"USA","HHWEALTH","TOT","PC_NDI","A","2010",503.2664,
"USA","HHWEALTH","TOT","PC_NDI","A","2011",488.0802,
"USA","HHWEALTH","TOT","PC_NDI","A","2012",503.0369,
"USA","HHWEALTH","TOT","PC_NDI","A","2013",574.7949,
"USA","HHWEALTH","TOT","PC_NDI","A","2014",584.0616,
"USA","HHWEALTH","TOT","PC_NDI","A","2015",574.4974,
"NLD","HHWEALTH","TOT","PC_NDI","A","1995",484.7942,
"NLD","HHWEALTH","TOT","PC_NDI","A","1996",489.3535,
"NLD","HHWEALTH","TOT","PC_NDI","A","1997",486.1267,
"NLD","HHWEALTH","TOT","PC_NDI","A","1998",485.1733,
"NLD","HHWEALTH","TOT","PC_NDI","A","1999",501.235,
"NLD","HHWEALTH","TOT","PC_NDI","A","2000",503.7017,
"NLD","HHWEALTH","TOT","PC_NDI","A","2001",473.0633,
"NLD","HHWEALTH","TOT","PC_NDI","A","2002",477.2932,
"NLD","HHWEALTH","TOT","PC_NDI","A","2003",498.3777,
"NLD","HHWEALTH","TOT","PC_NDI","A","2004",503.3115,
"NLD","HHWEALTH","TOT","PC_NDI","A","2005",530.2823,
"NLD","HHWEALTH","TOT","PC_NDI","A","2006",522.9229,
"NLD","HHWEALTH","TOT","PC_NDI","A","2007",499.3705,
"NLD","HHWEALTH","TOT","PC_NDI","A","2008",532.6063,
"NLD","HHWEALTH","TOT","PC_NDI","A","2009",543.8752,
"NLD","HHWEALTH","TOT","PC_NDI","A","2010",578.0505,
"NLD","HHWEALTH","TOT","PC_NDI","A","2011",598.0553,
"NLD","HHWEALTH","TOT","PC_NDI","A","2012",622.679,
"NLD","HHWEALTH","TOT","PC_NDI","A","2013",606.4705,
"NLD","HHWEALTH","TOT","PC_NDI","A","2014",668.3002,
"NLD","HHWEALTH","TOT","PC_NDI","A","2015",675.2559,
"GBR","HHWEALTH","TOT","PC_NDI","A","1995",379.9033,
"GBR","HHWEALTH","TOT","PC_NDI","A","1996",381.2003,
"GBR","HHWEALTH","TOT","PC_NDI","A","1997",423.109,
"GBR","HHWEALTH","TOT","PC_NDI","A","1998",459.8173,
"GBR","HHWEALTH","TOT","PC_NDI","A","1999",482.0674,
"GBR","HHWEALTH","TOT","PC_NDI","A","2000",468.7098,
"GBR","HHWEALTH","TOT","PC_NDI","A","2001",427.7527,
"GBR","HHWEALTH","TOT","PC_NDI","A","2002",411.1332,
"GBR","HHWEALTH","TOT","PC_NDI","A","2003",418.2052,
"GBR","HHWEALTH","TOT","PC_NDI","A","2004",429.6368,
"GBR","HHWEALTH","TOT","PC_NDI","A","2005",458.2117,
"GBR","HHWEALTH","TOT","PC_NDI","A","2006",452.8448,
"GBR","HHWEALTH","TOT","PC_NDI","A","2007",449.6346,
"GBR","HHWEALTH","TOT","PC_NDI","A","2008",416.6789,
"GBR","HHWEALTH","TOT","PC_NDI","A","2009",427.3216,
"GBR","HHWEALTH","TOT","PC_NDI","A","2010",444.9956,
"GBR","HHWEALTH","TOT","PC_NDI","A","2011",476.4342,
"GBR","HHWEALTH","TOT","PC_NDI","A","2012",478.8918,
"GBR","HHWEALTH","TOT","PC_NDI","A","2013",486.5628,
"GBR","HHWEALTH","TOT","PC_NDI","A","2014",537.5921,
"GBR","HHWEALTH","TOT","PC_NDI","A","2015",504.3916,
"JPN","HHWEALTH","TOT","PC_NDI","A","1995",381.3144,
"JPN","HHWEALTH","TOT","PC_NDI","A","1996",394.7007,
"JPN","HHWEALTH","TOT","PC_NDI","A","1997",398.6903,
"JPN","HHWEALTH","TOT","PC_NDI","A","1998",406.436,
"JPN","HHWEALTH","TOT","PC_NDI","A","1999",433.2141,
"JPN","HHWEALTH","TOT","PC_NDI","A","2000",446.0773,
"JPN","HHWEALTH","TOT","PC_NDI","A","2001",462.2661,
"JPN","HHWEALTH","TOT","PC_NDI","A","2002",466.7745,
"JPN","HHWEALTH","TOT","PC_NDI","A","2003",487.9588,
"JPN","HHWEALTH","TOT","PC_NDI","A","2004",493.8124,
"JPN","HHWEALTH","TOT","PC_NDI","A","2005",525.3508,
"JPN","HHWEALTH","TOT","PC_NDI","A","2006",536.7894,
"JPN","HHWEALTH","TOT","PC_NDI","A","2007",501.6085,
"JPN","HHWEALTH","TOT","PC_NDI","A","2008",486.2122,
"JPN","HHWEALTH","TOT","PC_NDI","A","2009",507.1302,
"JPN","HHWEALTH","TOT","PC_NDI","A","2010",505.8815,
"JPN","HHWEALTH","TOT","PC_NDI","A","2011",515.5073,
"JPN","HHWEALTH","TOT","PC_NDI","A","2012",538.9401,
"JPN","HHWEALTH","TOT","PC_NDI","A","2013",560.0104,
"JPN","HHWEALTH","TOT","PC_NDI","A","2014",588.858,
"JPN","HHWEALTH","TOT","PC_NDI","A","2015",573.332,
"CAN","HHWEALTH","TOT","PC_NDI","A","1995",401.893,
"CAN","HHWEALTH","TOT","PC_NDI","A","1996",440.1588,
"CAN","HHWEALTH","TOT","PC_NDI","A","1997",455.0007,
"CAN","HHWEALTH","TOT","PC_NDI","A","1998",448.5348,
"CAN","HHWEALTH","TOT","PC_NDI","A","1999",457.2481,
"CAN","HHWEALTH","TOT","PC_NDI","A","2000",448.5675,
"CAN","HHWEALTH","TOT","PC_NDI","A","2001",418.3653,
"CAN","HHWEALTH","TOT","PC_NDI","A","2002",401.0356,
"CAN","HHWEALTH","TOT","PC_NDI","A","2003",421.0018,
"CAN","HHWEALTH","TOT","PC_NDI","A","2004",429.4723,
"CAN","HHWEALTH","TOT","PC_NDI","A","2005",462.3281,
"CAN","HHWEALTH","TOT","PC_NDI","A","2006",477.3945,
"CAN","HHWEALTH","TOT","PC_NDI","A","2007",475.5975,
"CAN","HHWEALTH","TOT","PC_NDI","A","2008",419.9945,
"CAN","HHWEALTH","TOT","PC_NDI","A","2009",448.3169,
"CAN","HHWEALTH","TOT","PC_NDI","A","2010",467.5794,
"CAN","HHWEALTH","TOT","PC_NDI","A","2011",466.9933,
"CAN","HHWEALTH","TOT","PC_NDI","A","2012",490.2187,
"CAN","HHWEALTH","TOT","PC_NDI","A","2013",505.573,
"CAN","HHWEALTH","TOT","PC_NDI","A","2014",540.6295,
"CAN","HHWEALTH","TOT","PC_NDI","A","2015",542.5961,
"CAN","HHWEALTH","TOT","PC_NDI","A","2016",559.4147,
"FRA","HHWEALTH","TOT","PC_NDI","A","1995",361.4573,
"FRA","HHWEALTH","TOT","PC_NDI","A","1996",374.8663,
"FRA","HHWEALTH","TOT","PC_NDI","A","1997",387.9949,
"FRA","HHWEALTH","TOT","PC_NDI","A","1998",397.0168,
"FRA","HHWEALTH","TOT","PC_NDI","A","1999",425.2827,
"FRA","HHWEALTH","TOT","PC_NDI","A","2000",418.7872,
"FRA","HHWEALTH","TOT","PC_NDI","A","2001",397.5078,
"FRA","HHWEALTH","TOT","PC_NDI","A","2002",389.6117,
"FRA","HHWEALTH","TOT","PC_NDI","A","2003",407.5849,
"FRA","HHWEALTH","TOT","PC_NDI","A","2004",417.3301,
"FRA","HHWEALTH","TOT","PC_NDI","A","2005",436.6888,
"FRA","HHWEALTH","TOT","PC_NDI","A","2006",459.5029,
"FRA","HHWEALTH","TOT","PC_NDI","A","2007",463.3322,
"FRA","HHWEALTH","TOT","PC_NDI","A","2008",435.026,
"FRA","HHWEALTH","TOT","PC_NDI","A","2009",454.4133,
"FRA","HHWEALTH","TOT","PC_NDI","A","2010",466.2335,
"FRA","HHWEALTH","TOT","PC_NDI","A","2011",468.8636,
"FRA","HHWEALTH","TOT","PC_NDI","A","2012",488.7521,
"FRA","HHWEALTH","TOT","PC_NDI","A","2013",503.1556,
"FRA","HHWEALTH","TOT","PC_NDI","A","2014",516.0685,
"FRA","HHWEALTH","TOT","PC_NDI","A","2015",525.1496,
"FIN","HHWEALTH","TOT","PC_NDI","A","1995",258.5145,
"FIN","HHWEALTH","TOT","PC_NDI","A","1996",273.8517,
"FIN","HHWEALTH","TOT","PC_NDI","A","1997",283.2797,
"FIN","HHWEALTH","TOT","PC_NDI","A","1998",308.0542,
"FIN","HHWEALTH","TOT","PC_NDI","A","1999",338.9322,
"FIN","HHWEALTH","TOT","PC_NDI","A","2000",354.9024,
"FIN","HHWEALTH","TOT","PC_NDI","A","2001",342.5702,
"FIN","HHWEALTH","TOT","PC_NDI","A","2002",316.0122,
"FIN","HHWEALTH","TOT","PC_NDI","A","2003",319.1482,
"FIN","HHWEALTH","TOT","PC_NDI","A","2004",318.8016,
"FIN","HHWEALTH","TOT","PC_NDI","A","2005",341.178,
"FIN","HHWEALTH","TOT","PC_NDI","A","2006",348.7632,
"FIN","HHWEALTH","TOT","PC_NDI","A","2007",345.8434,
"FIN","HHWEALTH","TOT","PC_NDI","A","2008",311.0416,
"FIN","HHWEALTH","TOT","PC_NDI","A","2009",319.5547,
"FIN","HHWEALTH","TOT","PC_NDI","A","2010",318.5092,
"FIN","HHWEALTH","TOT","PC_NDI","A","2011",299.6038,
"FIN","HHWEALTH","TOT","PC_NDI","A","2012",317.4305,
"FIN","HHWEALTH","TOT","PC_NDI","A","2013",333.0807,
"FIN","HHWEALTH","TOT","PC_NDI","A","2014",346.7066,
"FIN","HHWEALTH","TOT","PC_NDI","A","2015",351.0191,
"ITA","HHWEALTH","TOT","PC_NDI","A","1995",393.2238,
"ITA","HHWEALTH","TOT","PC_NDI","A","1996",401.3817,
"ITA","HHWEALTH","TOT","PC_NDI","A","1997",435.3348,
"ITA","HHWEALTH","TOT","PC_NDI","A","1998",475.7028,
"ITA","HHWEALTH","TOT","PC_NDI","A","1999",492.6068,
"ITA","HHWEALTH","TOT","PC_NDI","A","2000",503.7736,
"ITA","HHWEALTH","TOT","PC_NDI","A","2001",479.3472,
"ITA","HHWEALTH","TOT","PC_NDI","A","2002",477.4975,
"ITA","HHWEALTH","TOT","PC_NDI","A","2003",474.6249,
"ITA","HHWEALTH","TOT","PC_NDI","A","2004",485.9189,
"ITA","HHWEALTH","TOT","PC_NDI","A","2005",520.0608,
"ITA","HHWEALTH","TOT","PC_NDI","A","2006",533.7872,
"ITA","HHWEALTH","TOT","PC_NDI","A","2007",498.5317,
"ITA","HHWEALTH","TOT","PC_NDI","A","2008",480.6953,
"ITA","HHWEALTH","TOT","PC_NDI","A","2009",495.7211,
"ITA","HHWEALTH","TOT","PC_NDI","A","2010",495.0179,
"ITA","HHWEALTH","TOT","PC_NDI","A","2011",485.1213,
"ITA","HHWEALTH","TOT","PC_NDI","A","2012",525.4893,
"ITA","HHWEALTH","TOT","PC_NDI","A","2013",544.2514,
"ITA","HHWEALTH","TOT","PC_NDI","A","2014",550.6843,
"ITA","HHWEALTH","TOT","PC_NDI","A","2015",555.4836,
"POL","HHWEALTH","TOT","PC_NDI","A","2003",140.9776,
"POL","HHWEALTH","TOT","PC_NDI","A","2004",151.0366,
"POL","HHWEALTH","TOT","PC_NDI","A","2005",160.5324,
"POL","HHWEALTH","TOT","PC_NDI","A","2006",162.8555,
"POL","HHWEALTH","TOT","PC_NDI","A","2007",167.2027,
"POL","HHWEALTH","TOT","PC_NDI","A","2008",132.3913,
"POL","HHWEALTH","TOT","PC_NDI","A","2009",133.9998,
"POL","HHWEALTH","TOT","PC_NDI","A","2010",137.4607,
"POL","HHWEALTH","TOT","PC_NDI","A","2011",130.0326,
"POL","HHWEALTH","TOT","PC_NDI","A","2012",143.2892,
"POL","HHWEALTH","TOT","PC_NDI","A","2013",154.9324,
"POL","HHWEALTH","TOT","PC_NDI","A","2014",158.0334,
"BEL","HHWEALTH","TOT","PC_NDI","A","1995",523.6112,
"BEL","HHWEALTH","TOT","PC_NDI","A","1996",557.18,
"BEL","HHWEALTH","TOT","PC_NDI","A","1997",581.5219,
"BEL","HHWEALTH","TOT","PC_NDI","A","1998",586.5087,
"BEL","HHWEALTH","TOT","PC_NDI","A","1999",620.9771,
"BEL","HHWEALTH","TOT","PC_NDI","A","2000",597.785,
"BEL","HHWEALTH","TOT","PC_NDI","A","2001",584.4267,
"BEL","HHWEALTH","TOT","PC_NDI","A","2002",557.4778,
"BEL","HHWEALTH","TOT","PC_NDI","A","2003",575.2108,
"BEL","HHWEALTH","TOT","PC_NDI","A","2004",608.821,
"BEL","HHWEALTH","TOT","PC_NDI","A","2005",634.6821,
"BEL","HHWEALTH","TOT","PC_NDI","A","2006",631.9869,
"BEL","HHWEALTH","TOT","PC_NDI","A","2007",623.2023,
"BEL","HHWEALTH","TOT","PC_NDI","A","2008",571.6304,
"BEL","HHWEALTH","TOT","PC_NDI","A","2009",600.8543,
"BEL","HHWEALTH","TOT","PC_NDI","A","2010",619.8135,
"BEL","HHWEALTH","TOT","PC_NDI","A","2011",629.4369,
"BEL","HHWEALTH","TOT","PC_NDI","A","2012",649.4067,
"BEL","HHWEALTH","TOT","PC_NDI","A","2013",665.4608,
"BEL","HHWEALTH","TOT","PC_NDI","A","2014",689.4553,
"DEU","HHWEALTH","TOT","PC_NDI","A","1995",310.7102,
"DEU","HHWEALTH","TOT","PC_NDI","A","1996",319.0233,
"DEU","HHWEALTH","TOT","PC_NDI","A","1997",332.2773,
"DEU","HHWEALTH","TOT","PC_NDI","A","1998",343.5953,
"DEU","HHWEALTH","TOT","PC_NDI","A","1999",353.8083,
"DEU","HHWEALTH","TOT","PC_NDI","A","2000",356.0874,
"DEU","HHWEALTH","TOT","PC_NDI","A","2001",349.9673,
"DEU","HHWEALTH","TOT","PC_NDI","A","2002",346.2012,
"DEU","HHWEALTH","TOT","PC_NDI","A","2003",355.6339,
"DEU","HHWEALTH","TOT","PC_NDI","A","2004",365.6663,
"DEU","HHWEALTH","TOT","PC_NDI","A","2005",379.2853,
"DEU","HHWEALTH","TOT","PC_NDI","A","2006",378.8863,
"DEU","HHWEALTH","TOT","PC_NDI","A","2007",403.1111,
"DEU","HHWEALTH","TOT","PC_NDI","A","2008",390.4313,
"DEU","HHWEALTH","TOT","PC_NDI","A","2009",409.6929,
"DEU","HHWEALTH","TOT","PC_NDI","A","2010",415.8604,
"DEU","HHWEALTH","TOT","PC_NDI","A","2011",413.9554,
"DEU","HHWEALTH","TOT","PC_NDI","A","2012",425.7433,
"DEU","HHWEALTH","TOT","PC_NDI","A","2013",439.3589,
"DEU","HHWEALTH","TOT","PC_NDI","A","2014",449.8986,
"DEU","HHWEALTH","TOT","PC_NDI","A","2015",455.2523,
"SWE","HHWEALTH","TOT","PC_NDI","A","1995",212.245,
"SWE","HHWEALTH","TOT","PC_NDI","A","1996",250.7468,
"SWE","HHWEALTH","TOT","PC_NDI","A","1997",304.7919,
"SWE","HHWEALTH","TOT","PC_NDI","A","1998",330.1306,
"SWE","HHWEALTH","TOT","PC_NDI","A","1999",393.6892,
"SWE","HHWEALTH","TOT","PC_NDI","A","2000",378.6857,
"SWE","HHWEALTH","TOT","PC_NDI","A","2001",352.741,
"SWE","HHWEALTH","TOT","PC_NDI","A","2002",342.5343,
"SWE","HHWEALTH","TOT","PC_NDI","A","2003",379.3579,
"SWE","HHWEALTH","TOT","PC_NDI","A","2004",394.4703,
"SWE","HHWEALTH","TOT","PC_NDI","A","2005",451.772,
"SWE","HHWEALTH","TOT","PC_NDI","A","2006",482.9008,
"SWE","HHWEALTH","TOT","PC_NDI","A","2007",464.4897,
"SWE","HHWEALTH","TOT","PC_NDI","A","2008",417.5478,
"SWE","HHWEALTH","TOT","PC_NDI","A","2009",445.8097,
"SWE","HHWEALTH","TOT","PC_NDI","A","2010",475.8681,
"SWE","HHWEALTH","TOT","PC_NDI","A","2011",439.4571,
"SWE","HHWEALTH","TOT","PC_NDI","A","2012",446.045,
"SWE","HHWEALTH","TOT","PC_NDI","A","2013",476.9641,
"SWE","HHWEALTH","TOT","PC_NDI","A","2014",519.0659,
"SWE","HHWEALTH","TOT","PC_NDI","A","2015",544.7252,
"DNK","HHWEALTH","TOT","PC_NDI","A","1995",342.9895,
"DNK","HHWEALTH","TOT","PC_NDI","A","1996",363.4865,
"DNK","HHWEALTH","TOT","PC_NDI","A","1997",401.5664,
"DNK","HHWEALTH","TOT","PC_NDI","A","1998",402.2534,
"DNK","HHWEALTH","TOT","PC_NDI","A","1999",461.5732,
"DNK","HHWEALTH","TOT","PC_NDI","A","2000",456.2888,
"DNK","HHWEALTH","TOT","PC_NDI","A","2001",412.1712,
"DNK","HHWEALTH","TOT","PC_NDI","A","2002",383.7622,
"DNK","HHWEALTH","TOT","PC_NDI","A","2003",399.4536,
"DNK","HHWEALTH","TOT","PC_NDI","A","2004",415.1447,
"DNK","HHWEALTH","TOT","PC_NDI","A","2005",494.6431,
"DNK","HHWEALTH","TOT","PC_NDI","A","2006",526.9345,
"DNK","HHWEALTH","TOT","PC_NDI","A","2007",513.9355,
"DNK","HHWEALTH","TOT","PC_NDI","A","2008",428.417,
"DNK","HHWEALTH","TOT","PC_NDI","A","2009",422.8199,
"DNK","HHWEALTH","TOT","PC_NDI","A","2010",452.3412,
"DNK","HHWEALTH","TOT","PC_NDI","A","2011",447.9567,
"DNK","HHWEALTH","TOT","PC_NDI","A","2012",498.4937,
"DNK","HHWEALTH","TOT","PC_NDI","A","2013",509.4614,
"DNK","HHWEALTH","TOT","PC_NDI","A","2014",549.8043,
"DNK","HHWEALTH","TOT","PC_NDI","A","2015",573.7616,
"NOR","HHWEALTH","TOT","PC_NDI","A","2012",306.9347,
"NOR","HHWEALTH","TOT","PC_NDI","A","2013",310.727,
"NOR","HHWEALTH","TOT","PC_NDI","A","2014",318.4854,
"GRC","HHWEALTH","TOT","PC_NDI","A","1995",357.7452,
"GRC","HHWEALTH","TOT","PC_NDI","A","1996",364.4657,
"GRC","HHWEALTH","TOT","PC_NDI","A","1997",391.3591,
"GRC","HHWEALTH","TOT","PC_NDI","A","1998",416.2849,
"GRC","HHWEALTH","TOT","PC_NDI","A","1999",512.9922,
"GRC","HHWEALTH","TOT","PC_NDI","A","2000",463.0993,
"GRC","HHWEALTH","TOT","PC_NDI","A","2001",435.6248,
"GRC","HHWEALTH","TOT","PC_NDI","A","2002",395.395,
"GRC","HHWEALTH","TOT","PC_NDI","A","2003",373.9201,
"GRC","HHWEALTH","TOT","PC_NDI","A","2004",375.1726,
"GRC","HHWEALTH","TOT","PC_NDI","A","2005",390.1018,
"GRC","HHWEALTH","TOT","PC_NDI","A","2006",385.3203,
"GRC","HHWEALTH","TOT","PC_NDI","A","2007",376.6848,
"GRC","HHWEALTH","TOT","PC_NDI","A","2008",320.9542,
"GRC","HHWEALTH","TOT","PC_NDI","A","2009",320.3438,
"GRC","HHWEALTH","TOT","PC_NDI","A","2010",314.2745,
"GRC","HHWEALTH","TOT","PC_NDI","A","2011",319.5726,
"GRC","HHWEALTH","TOT","PC_NDI","A","2012",350.172,
"GRC","HHWEALTH","TOT","PC_NDI","A","2013",417.515,
"GRC","HHWEALTH","TOT","PC_NDI","A","2014",422.1193,
"KOR","HHWEALTH","TOT","PC_NDI","A","2008",281.4669,
"KOR","HHWEALTH","TOT","PC_NDI","A","2009",314.6047,
"KOR","HHWEALTH","TOT","PC_NDI","A","2010",328.6314,
"KOR","HHWEALTH","TOT","PC_NDI","A","2011",322.2511,
"KOR","HHWEALTH","TOT","PC_NDI","A","2012",332.476,
"KOR","HHWEALTH","TOT","PC_NDI","A","2013",334.4944,
"KOR","HHWEALTH","TOT","PC_NDI","A","2014",344.0376,
"KOR","HHWEALTH","TOT","PC_NDI","A","2015",350.1558,
"AUT","HHWEALTH","TOT","PC_NDI","A","1995",320.0269,
"AUT","HHWEALTH","TOT","PC_NDI","A","1996",333.7912,
"AUT","HHWEALTH","TOT","PC_NDI","A","1997",347.0086,
"AUT","HHWEALTH","TOT","PC_NDI","A","1998",352.9612,
"AUT","HHWEALTH","TOT","PC_NDI","A","1999",352.9433,
"AUT","HHWEALTH","TOT","PC_NDI","A","2000",357.8625,
"AUT","HHWEALTH","TOT","PC_NDI","A","2001",361.6407,
"AUT","HHWEALTH","TOT","PC_NDI","A","2002",363.4259,
"AUT","HHWEALTH","TOT","PC_NDI","A","2003",369.581,
"AUT","HHWEALTH","TOT","PC_NDI","A","2004",375.0919,
"AUT","HHWEALTH","TOT","PC_NDI","A","2005",372.3923,
"AUT","HHWEALTH","TOT","PC_NDI","A","2006",379.1772,
"AUT","HHWEALTH","TOT","PC_NDI","A","2007",383.6137,
"AUT","HHWEALTH","TOT","PC_NDI","A","2008",371.5013,
"AUT","HHWEALTH","TOT","PC_NDI","A","2009",397.5627,
"AUT","HHWEALTH","TOT","PC_NDI","A","2010",411.4724,
"AUT","HHWEALTH","TOT","PC_NDI","A","2011",408.0933,
"AUT","HHWEALTH","TOT","PC_NDI","A","2012",411.2661,
"AUT","HHWEALTH","TOT","PC_NDI","A","2013",430.3502,
"AUT","HHWEALTH","TOT","PC_NDI","A","2014",439.1443,
"AUT","HHWEALTH","TOT","PC_NDI","A","2015",441.1636,
"PRT","HHWEALTH","TOT","PC_NDI","A","2012",382.6978,
"PRT","HHWEALTH","TOT","PC_NDI","A","2013",387.6362,
"PRT","HHWEALTH","TOT","PC_NDI","A","2014",405.2825,
"LVA","HHWEALTH","TOT","PC_NDI","A","2004",262.7546,
"LVA","HHWEALTH","TOT","PC_NDI","A","2005",264.5816,
"LVA","HHWEALTH","TOT","PC_NDI","A","2006",331.5645,
"LVA","HHWEALTH","TOT","PC_NDI","A","2007",356.5435,
"LVA","HHWEALTH","TOT","PC_NDI","A","2008",301.8668,
"LVA","HHWEALTH","TOT","PC_NDI","A","2009",235.7819,
"LVA","HHWEALTH","TOT","PC_NDI","A","2010",267.0448,
"LVA","HHWEALTH","TOT","PC_NDI","A","2011",339.9892,
"LVA","HHWEALTH","TOT","PC_NDI","A","2012",373.4066,
"LVA","HHWEALTH","TOT","PC_NDI","A","2013",365.3195,
"LVA","HHWEALTH","TOT","PC_NDI","A","2014",417.6899,
"AUS","HHWEALTH","FINAN","USD","A","1995",19598.49,
"AUS","HHWEALTH","FINAN","USD","A","1996",21083.23,
"AUS","HHWEALTH","FINAN","USD","A","1997",22637.37,
"AUS","HHWEALTH","FINAN","USD","A","1998",23933.18,
"AUS","HHWEALTH","FINAN","USD","A","1999",26422.24,
"AUS","HHWEALTH","FINAN","USD","A","2000",25833.51,
"AUS","HHWEALTH","FINAN","USD","A","2001",27556.83,
"AUS","HHWEALTH","FINAN","USD","A","2002",23784.13,
"AUS","HHWEALTH","FINAN","USD","A","2003",24485.39,
"AUS","HHWEALTH","FINAN","USD","A","2004",31165.3,
"AUS","HHWEALTH","FINAN","USD","A","2005",38669.23,
"AUS","HHWEALTH","FINAN","USD","A","2006",43204.57,
"AUS","HHWEALTH","FINAN","USD","A","2007",44913.99,
"AUS","HHWEALTH","FINAN","USD","A","2008",28783.92,
"AUS","HHWEALTH","FINAN","USD","A","2009",36920.93,
"AUS","HHWEALTH","FINAN","USD","A","2010",36500.68,
"AUS","HHWEALTH","FINAN","USD","A","2011",33731.45,
"AUS","HHWEALTH","FINAN","USD","A","2012",45022.91,
"AUS","HHWEALTH","FINAN","USD","A","2013",53388.73,
"AUS","HHWEALTH","FINAN","USD","A","2014",57388.16,
"AUS","HHWEALTH","FINAN","USD","A","2015",60832.07,
"AUS","HHWEALTH","FINAN","USD","A","2016",65977.58,
"AUT","HHWEALTH","FINAN","USD","A","1995",23841.75,
"AUT","HHWEALTH","FINAN","USD","A","1996",25457.96,
"AUT","HHWEALTH","FINAN","USD","A","1997",26565.24,
"AUT","HHWEALTH","FINAN","USD","A","1998",28288.77,
"AUT","HHWEALTH","FINAN","USD","A","1999",29396.03,
"AUT","HHWEALTH","FINAN","USD","A","2000",31681.39,
"AUT","HHWEALTH","FINAN","USD","A","2001",31751.94,
"AUT","HHWEALTH","FINAN","USD","A","2002",32838.82,
"AUT","HHWEALTH","FINAN","USD","A","2003",35351.19,
"AUT","HHWEALTH","FINAN","USD","A","2004",38055.7,
"AUT","HHWEALTH","FINAN","USD","A","2005",40432.99,
"AUT","HHWEALTH","FINAN","USD","A","2006",44652.7,
"AUT","HHWEALTH","FINAN","USD","A","2007",46621.5,
"AUT","HHWEALTH","FINAN","USD","A","2008",44802.32,
"AUT","HHWEALTH","FINAN","USD","A","2009",50316.38,
"AUT","HHWEALTH","FINAN","USD","A","2010",52556.43,
"AUT","HHWEALTH","FINAN","USD","A","2011",53068.29,
"AUT","HHWEALTH","FINAN","USD","A","2012",56849.12,
"AUT","HHWEALTH","FINAN","USD","A","2013",61158.96,
"AUT","HHWEALTH","FINAN","USD","A","2014",63855,
"AUT","HHWEALTH","FINAN","USD","A","2015",64061.28,
"BEL","HHWEALTH","FINAN","USD","A","1995",48890.96,
"BEL","HHWEALTH","FINAN","USD","A","1996",52989.89,
"BEL","HHWEALTH","FINAN","USD","A","1997",57199.22,
"BEL","HHWEALTH","FINAN","USD","A","1998",59160.2,
"BEL","HHWEALTH","FINAN","USD","A","1999",65748.59,
"BEL","HHWEALTH","FINAN","USD","A","2000",67701.2,
"BEL","HHWEALTH","FINAN","USD","A","2001",69469.3,
"BEL","HHWEALTH","FINAN","USD","A","2002",65461,
"BEL","HHWEALTH","FINAN","USD","A","2003",68239.15,
"BEL","HHWEALTH","FINAN","USD","A","2004",72864.29,
"BEL","HHWEALTH","FINAN","USD","A","2005",78392.79,
"BEL","HHWEALTH","FINAN","USD","A","2006",82323.66,
"BEL","HHWEALTH","FINAN","USD","A","2007",82852.8,
"BEL","HHWEALTH","FINAN","USD","A","2008",75277.96,
"BEL","HHWEALTH","FINAN","USD","A","2009",83417.05,
"BEL","HHWEALTH","FINAN","USD","A","2010",87488.99,
"BEL","HHWEALTH","FINAN","USD","A","2011",90497.65,
"BEL","HHWEALTH","FINAN","USD","A","2012",95844.38,
"BEL","HHWEALTH","FINAN","USD","A","2013",101285.2,
"BEL","HHWEALTH","FINAN","USD","A","2014",107320.7,
"BEL","HHWEALTH","FINAN","USD","A","2015",111369.8,
"BEL","HHWEALTH","FINAN","USD","A","2016",115851.4,
"CAN","HHWEALTH","FINAN","USD","A","1995",36239.69,
"CAN","HHWEALTH","FINAN","USD","A","1996",41587.36,
"CAN","HHWEALTH","FINAN","USD","A","1997",45485.35,
"CAN","HHWEALTH","FINAN","USD","A","1998",47039.46,
"CAN","HHWEALTH","FINAN","USD","A","1999",50293.41,
"CAN","HHWEALTH","FINAN","USD","A","2000",50403.14,
"CAN","HHWEALTH","FINAN","USD","A","2001",47957.41,
"CAN","HHWEALTH","FINAN","USD","A","2002",45380.3,
"CAN","HHWEALTH","FINAN","USD","A","2003",48502.44,
"CAN","HHWEALTH","FINAN","USD","A","2004",50815.05,
"CAN","HHWEALTH","FINAN","USD","A","2005",57977.98,
"CAN","HHWEALTH","FINAN","USD","A","2006",63359.89,
"CAN","HHWEALTH","FINAN","USD","A","2007",64864.16,
"CAN","HHWEALTH","FINAN","USD","A","2008",54323.88,
"CAN","HHWEALTH","FINAN","USD","A","2009",62904.37,
"CAN","HHWEALTH","FINAN","USD","A","2010",68291.52,
"CAN","HHWEALTH","FINAN","USD","A","2011",68059.88,
"CAN","HHWEALTH","FINAN","USD","A","2012",74265.89,
"CAN","HHWEALTH","FINAN","USD","A","2013",82413.59,
"CAN","HHWEALTH","FINAN","USD","A","2014",90540.98,
"CAN","HHWEALTH","FINAN","USD","A","2015",91921.93,
"CAN","HHWEALTH","FINAN","USD","A","2016",97618.16,
"CZE","HHWEALTH","FINAN","USD","A","1995",9568.271,
"CZE","HHWEALTH","FINAN","USD","A","1996",10091.01,
"CZE","HHWEALTH","FINAN","USD","A","1997",10963.14,
"CZE","HHWEALTH","FINAN","USD","A","1998",11128.63,
"CZE","HHWEALTH","FINAN","USD","A","1999",11352.11,
"CZE","HHWEALTH","FINAN","USD","A","2000",11389.69,
"CZE","HHWEALTH","FINAN","USD","A","2001",12344.31,
"CZE","HHWEALTH","FINAN","USD","A","2002",12633.41,
"CZE","HHWEALTH","FINAN","USD","A","2003",13718.1,
"CZE","HHWEALTH","FINAN","USD","A","2004",13144.09,
"CZE","HHWEALTH","FINAN","USD","A","2005",13432.42,
"CZE","HHWEALTH","FINAN","USD","A","2006",14053,
"CZE","HHWEALTH","FINAN","USD","A","2007",15695.26,
"CZE","HHWEALTH","FINAN","USD","A","2008",16429.4,
"CZE","HHWEALTH","FINAN","USD","A","2009",16965.34,
"CZE","HHWEALTH","FINAN","USD","A","2010",18277.93,
"CZE","HHWEALTH","FINAN","USD","A","2011",18956.35,
"CZE","HHWEALTH","FINAN","USD","A","2012",21165.44,
"CZE","HHWEALTH","FINAN","USD","A","2013",22964.5,
"CZE","HHWEALTH","FINAN","USD","A","2014",25107.41,
"CZE","HHWEALTH","FINAN","USD","A","2015",26631.94,
"DNK","HHWEALTH","FINAN","USD","A","1995",15354.07,
"DNK","HHWEALTH","FINAN","USD","A","1996",17193.17,
"DNK","HHWEALTH","FINAN","USD","A","1997",20844.96,
"DNK","HHWEALTH","FINAN","USD","A","1998",21926.4,
"DNK","HHWEALTH","FINAN","USD","A","1999",26387.41,
"DNK","HHWEALTH","FINAN","USD","A","2000",27304.81,
"DNK","HHWEALTH","FINAN","USD","A","2001",23334.62,
"DNK","HHWEALTH","FINAN","USD","A","2002",21710.9,
"DNK","HHWEALTH","FINAN","USD","A","2003",24265.68,
"DNK","HHWEALTH","FINAN","USD","A","2004",28496.4,
"DNK","HHWEALTH","FINAN","USD","A","2005",40581.37,
"DNK","HHWEALTH","FINAN","USD","A","2006",46781.54,
"DNK","HHWEALTH","FINAN","USD","A","2007",43865.65,
"DNK","HHWEALTH","FINAN","USD","A","2008",30628.99,
"DNK","HHWEALTH","FINAN","USD","A","2009",39264.86,
"DNK","HHWEALTH","FINAN","USD","A","2010",48377.71,
"DNK","HHWEALTH","FINAN","USD","A","2011",49153.68,
"DNK","HHWEALTH","FINAN","USD","A","2012",58963.75,
"DNK","HHWEALTH","FINAN","USD","A","2013",63902.38,
"DNK","HHWEALTH","FINAN","USD","A","2014",73185.6,
"DNK","HHWEALTH","FINAN","USD","A","2015",81134.71,
"DNK","HHWEALTH","FINAN","USD","A","2016",83589.68,
"FIN","HHWEALTH","FINAN","USD","A","1995",6902.129,
"FIN","HHWEALTH","FINAN","USD","A","1996",8605.771,
"FIN","HHWEALTH","FINAN","USD","A","1997",10474.59,
"FIN","HHWEALTH","FINAN","USD","A","1998",13084.77,
"FIN","HHWEALTH","FINAN","USD","A","1999",17918.12,
"FIN","HHWEALTH","FINAN","USD","A","2000",19542.37,
"FIN","HHWEALTH","FINAN","USD","A","2001",18104.29,
"FIN","HHWEALTH","FINAN","USD","A","2002",16588.68,
"FIN","HHWEALTH","FINAN","USD","A","2003",18429.55,
"FIN","HHWEALTH","FINAN","USD","A","2004",19606.49,
"FIN","HHWEALTH","FINAN","USD","A","2005",21579.72,
"FIN","HHWEALTH","FINAN","USD","A","2006",23212.54,
"FIN","HHWEALTH","FINAN","USD","A","2007",22756.23,
"FIN","HHWEALTH","FINAN","USD","A","2008",16970.03,
"FIN","HHWEALTH","FINAN","USD","A","2009",21573.44,
"FIN","HHWEALTH","FINAN","USD","A","2010",24675.37,
"FIN","HHWEALTH","FINAN","USD","A","2011",20780.9,
"FIN","HHWEALTH","FINAN","USD","A","2012",22914.28,
"FIN","HHWEALTH","FINAN","USD","A","2013",27061.86,
"FIN","HHWEALTH","FINAN","USD","A","2014",29278.03,
"FIN","HHWEALTH","FINAN","USD","A","2015",30235.5,
"FIN","HHWEALTH","FINAN","USD","A","2016",31709.64,
"FRA","HHWEALTH","FINAN","USD","A","1995",21476.55,
"FRA","HHWEALTH","FINAN","USD","A","1996",23510.86,
"FRA","HHWEALTH","FINAN","USD","A","1997",25963.52,
"FRA","HHWEALTH","FINAN","USD","A","1998",28555.39,
"FRA","HHWEALTH","FINAN","USD","A","1999",33528.96,
"FRA","HHWEALTH","FINAN","USD","A","2000",35457.53,
"FRA","HHWEALTH","FINAN","USD","A","2001",34239.34,
"FRA","HHWEALTH","FINAN","USD","A","2002",33915.56,
"FRA","HHWEALTH","FINAN","USD","A","2003",35080.96,
"FRA","HHWEALTH","FINAN","USD","A","2004",36957.32,
"FRA","HHWEALTH","FINAN","USD","A","2005",40224.57,
"FRA","HHWEALTH","FINAN","USD","A","2006",45866.25,
"FRA","HHWEALTH","FINAN","USD","A","2007",47798.56,
"FRA","HHWEALTH","FINAN","USD","A","2008",42212.75,
"FRA","HHWEALTH","FINAN","USD","A","2009",46532.23,
"FRA","HHWEALTH","FINAN","USD","A","2010",49777.85,
"FRA","HHWEALTH","FINAN","USD","A","2011",50420.54,
"FRA","HHWEALTH","FINAN","USD","A","2012",53658.71,
"FRA","HHWEALTH","FINAN","USD","A","2013",57938.56,
"FRA","HHWEALTH","FINAN","USD","A","2014",60759.1,
"FRA","HHWEALTH","FINAN","USD","A","2015",63914.7,
"DEU","HHWEALTH","FINAN","USD","A","1995",17426.22,
"DEU","HHWEALTH","FINAN","USD","A","1996",18894.29,
"DEU","HHWEALTH","FINAN","USD","A","1997",20857.9,
"DEU","HHWEALTH","FINAN","USD","A","1998",22635.39,
"DEU","HHWEALTH","FINAN","USD","A","1999",25309.45,
"DEU","HHWEALTH","FINAN","USD","A","2000",25980.15,
"DEU","HHWEALTH","FINAN","USD","A","2001",27447.32,
"DEU","HHWEALTH","FINAN","USD","A","2002",26918.57,
"DEU","HHWEALTH","FINAN","USD","A","2003",30243.71,
"DEU","HHWEALTH","FINAN","USD","A","2004",33267.02,
"DEU","HHWEALTH","FINAN","USD","A","2005",36672.32,
"DEU","HHWEALTH","FINAN","USD","A","2006",37978.46,
"DEU","HHWEALTH","FINAN","USD","A","2007",42094.59,
"DEU","HHWEALTH","FINAN","USD","A","2008",40341.52,
"DEU","HHWEALTH","FINAN","USD","A","2009",43550.23,
"DEU","HHWEALTH","FINAN","USD","A","2010",46683.04,
"DEU","HHWEALTH","FINAN","USD","A","2011",47967.08,
"DEU","HHWEALTH","FINAN","USD","A","2012",51308.2,
"DEU","HHWEALTH","FINAN","USD","A","2013",54968.65,
"DEU","HHWEALTH","FINAN","USD","A","2014",58694.59,
"DEU","HHWEALTH","FINAN","USD","A","2015",61168.01,
"GRC","HHWEALTH","FINAN","USD","A","1995",15270.58,
"GRC","HHWEALTH","FINAN","USD","A","1996",15994.11,
"GRC","HHWEALTH","FINAN","USD","A","1997",18832.2,
"GRC","HHWEALTH","FINAN","USD","A","1998",23097.22,
"GRC","HHWEALTH","FINAN","USD","A","1999",34909.13,
"GRC","HHWEALTH","FINAN","USD","A","2000",28511.89,
"GRC","HHWEALTH","FINAN","USD","A","2001",26759.31,
"GRC","HHWEALTH","FINAN","USD","A","2002",22928.46,
"GRC","HHWEALTH","FINAN","USD","A","2003",22543.88,
"GRC","HHWEALTH","FINAN","USD","A","2004",24257.11,
"GRC","HHWEALTH","FINAN","USD","A","2005",26387.42,
"GRC","HHWEALTH","FINAN","USD","A","2006",28059.44,
"GRC","HHWEALTH","FINAN","USD","A","2007",27373.97,
"GRC","HHWEALTH","FINAN","USD","A","2008",18304.91,
"GRC","HHWEALTH","FINAN","USD","A","2009",19662.74,
"GRC","HHWEALTH","FINAN","USD","A","2010",13734.12,
"GRC","HHWEALTH","FINAN","USD","A","2011",10884.09,
"GRC","HHWEALTH","FINAN","USD","A","2012",11910.17,
"GRC","HHWEALTH","FINAN","USD","A","2013",18830,
"GRC","HHWEALTH","FINAN","USD","A","2014",20526.74,
"GRC","HHWEALTH","FINAN","USD","A","2015",20598.63,
"GRC","HHWEALTH","FINAN","USD","A","2016",21315.88,
"HUN","HHWEALTH","FINAN","USD","A","1995",4975.86,
"HUN","HHWEALTH","FINAN","USD","A","1996",5435.212,
"HUN","HHWEALTH","FINAN","USD","A","1997",5874.254,
"HUN","HHWEALTH","FINAN","USD","A","1998",6573.269,
"HUN","HHWEALTH","FINAN","USD","A","1999",7304.713,
"HUN","HHWEALTH","FINAN","USD","A","2000",8070.822,
"HUN","HHWEALTH","FINAN","USD","A","2001",8806.098,
"HUN","HHWEALTH","FINAN","USD","A","2002",9244.131,
"HUN","HHWEALTH","FINAN","USD","A","2003",9363.027,
"HUN","HHWEALTH","FINAN","USD","A","2004",9841.12,
"HUN","HHWEALTH","FINAN","USD","A","2005",10953.37,
"HUN","HHWEALTH","FINAN","USD","A","2006",12158.19,
"HUN","HHWEALTH","FINAN","USD","A","2007",12656.65,
"HUN","HHWEALTH","FINAN","USD","A","2008",11971.06,
"HUN","HHWEALTH","FINAN","USD","A","2009",13893.43,
"HUN","HHWEALTH","FINAN","USD","A","2010",14790.62,
"HUN","HHWEALTH","FINAN","USD","A","2011",16251.71,
"HUN","HHWEALTH","FINAN","USD","A","2012",18293.26,
"HUN","HHWEALTH","FINAN","USD","A","2013",20525.59,
"HUN","HHWEALTH","FINAN","USD","A","2014",22810.55,
"HUN","HHWEALTH","FINAN","USD","A","2015",25886.32,
"HUN","HHWEALTH","FINAN","USD","A","2016",28071.21,
"ISL","HHWEALTH","FINAN","USD","A","2003",27358.56,
"ISL","HHWEALTH","FINAN","USD","A","2014",60419.45,
"ISL","HHWEALTH","FINAN","USD","A","2015",71009.77,
"IRL","HHWEALTH","FINAN","USD","A","2001",32509.74,
"IRL","HHWEALTH","FINAN","USD","A","2002",29233.7,
"IRL","HHWEALTH","FINAN","USD","A","2003",30323.09,
"IRL","HHWEALTH","FINAN","USD","A","2004",31395.05,
"IRL","HHWEALTH","FINAN","USD","A","2005",30530.9,
"IRL","HHWEALTH","FINAN","USD","A","2006",31595.8,
"IRL","HHWEALTH","FINAN","USD","A","2007",24639.15,
"IRL","HHWEALTH","FINAN","USD","A","2008",16269.11,
"IRL","HHWEALTH","FINAN","USD","A","2009",22760.65,
"IRL","HHWEALTH","FINAN","USD","A","2010",29385.94,
"IRL","HHWEALTH","FINAN","USD","A","2011",30306.38,
"IRL","HHWEALTH","FINAN","USD","A","2012",35421.79,
"IRL","HHWEALTH","FINAN","USD","A","2013",38729.96,
"IRL","HHWEALTH","FINAN","USD","A","2014",47054.74,
"IRL","HHWEALTH","FINAN","USD","A","2015",54304.04,
"ITA","HHWEALTH","FINAN","USD","A","1995",34674.42,
"ITA","HHWEALTH","FINAN","USD","A","1996",37123.51,
"ITA","HHWEALTH","FINAN","USD","A","1997",42560.24,
"ITA","HHWEALTH","FINAN","USD","A","1998",48992.03,
"ITA","HHWEALTH","FINAN","USD","A","1999",52827.89,
"ITA","HHWEALTH","FINAN","USD","A","2000",56736.12,
"ITA","HHWEALTH","FINAN","USD","A","2001",54862.05,
"ITA","HHWEALTH","FINAN","USD","A","2002",55474.31,
"ITA","HHWEALTH","FINAN","USD","A","2003",55555.18,
"ITA","HHWEALTH","FINAN","USD","A","2004",57645.66,
"ITA","HHWEALTH","FINAN","USD","A","2005",63886.67,
"ITA","HHWEALTH","FINAN","USD","A","2006",71032.9,
"ITA","HHWEALTH","FINAN","USD","A","2007",65688.25,
"ITA","HHWEALTH","FINAN","USD","A","2008",62733.8,
"ITA","HHWEALTH","FINAN","USD","A","2009",62248.9,
"ITA","HHWEALTH","FINAN","USD","A","2010",59539.38,
"ITA","HHWEALTH","FINAN","USD","A","2011",58236.4,
"ITA","HHWEALTH","FINAN","USD","A","2012",63051.59,
"ITA","HHWEALTH","FINAN","USD","A","2013",67771.21,
"ITA","HHWEALTH","FINAN","USD","A","2014",69648.77,
"ITA","HHWEALTH","FINAN","USD","A","2015",72459.93,
"JPN","HHWEALTH","FINAN","USD","A","1995",40882.57,
"JPN","HHWEALTH","FINAN","USD","A","1996",43153.79,
"JPN","HHWEALTH","FINAN","USD","A","1997",45193.01,
"JPN","HHWEALTH","FINAN","USD","A","1998",47334.71,
"JPN","HHWEALTH","FINAN","USD","A","1999",51988.9,
"JPN","HHWEALTH","FINAN","USD","A","2000",55292.72,
"JPN","HHWEALTH","FINAN","USD","A","2001",57701.44,
"JPN","HHWEALTH","FINAN","USD","A","2002",60469.4,
"JPN","HHWEALTH","FINAN","USD","A","2003",64439.77,
"JPN","HHWEALTH","FINAN","USD","A","2004",68298.56,
"JPN","HHWEALTH","FINAN","USD","A","2005",76605.85,
"JPN","HHWEALTH","FINAN","USD","A","2006",81327.72,
"JPN","HHWEALTH","FINAN","USD","A","2007",77680.67,
"JPN","HHWEALTH","FINAN","USD","A","2008",76091.24,
"JPN","HHWEALTH","FINAN","USD","A","2009",81139.46,
"JPN","HHWEALTH","FINAN","USD","A","2010",84422.64,
"JPN","HHWEALTH","FINAN","USD","A","2011",89618.01,
"JPN","HHWEALTH","FINAN","USD","A","2012",98447.57,
"JPN","HHWEALTH","FINAN","USD","A","2013",105283.4,
"JPN","HHWEALTH","FINAN","USD","A","2014",110755.1,
"JPN","HHWEALTH","FINAN","USD","A","2015",108957.1,
"KOR","HHWEALTH","FINAN","USD","A","2008",21748.03,
"KOR","HHWEALTH","FINAN","USD","A","2009",26075.18,
"KOR","HHWEALTH","FINAN","USD","A","2010",29111.55,
"KOR","HHWEALTH","FINAN","USD","A","2011",28930.46,
"KOR","HHWEALTH","FINAN","USD","A","2012",31782.16,
"KOR","HHWEALTH","FINAN","USD","A","2013",33425.29,
"KOR","HHWEALTH","FINAN","USD","A","2014",36535.83,
"KOR","HHWEALTH","FINAN","USD","A","2015",39008.37,
"KOR","HHWEALTH","FINAN","USD","A","2016",40141.16,
"LUX","HHWEALTH","FINAN","USD","A","2002",37518.73,
"LUX","HHWEALTH","FINAN","USD","A","2003",39556.48,
"LUX","HHWEALTH","FINAN","USD","A","2004",45161.07,
"LUX","HHWEALTH","FINAN","USD","A","2005",46385.42,
"LUX","HHWEALTH","FINAN","USD","A","2006",53370.25,
"LUX","HHWEALTH","FINAN","USD","A","2007",57417.39,
"LUX","HHWEALTH","FINAN","USD","A","2008",61409.98,
"LUX","HHWEALTH","FINAN","USD","A","2009",70380.3,
"LUX","HHWEALTH","FINAN","USD","A","2010",71316.09,
"LUX","HHWEALTH","FINAN","USD","A","2011",63724.77,
"LUX","HHWEALTH","FINAN","USD","A","2012",64478.03,
"LUX","HHWEALTH","FINAN","USD","A","2013",70084.4,
"LUX","HHWEALTH","FINAN","USD","A","2014",78897.31,
"LUX","HHWEALTH","FINAN","USD","A","2015",83302.75,
"NLD","HHWEALTH","FINAN","USD","A","1995",37135.41,
"NLD","HHWEALTH","FINAN","USD","A","1996",38986.87,
"NLD","HHWEALTH","FINAN","USD","A","1997",41125.73,
"NLD","HHWEALTH","FINAN","USD","A","1998",42657.67,
"NLD","HHWEALTH","FINAN","USD","A","1999",46234.04,
"NLD","HHWEALTH","FINAN","USD","A","2000",48662.05,
"NLD","HHWEALTH","FINAN","USD","A","2001",47217.54,
"NLD","HHWEALTH","FINAN","USD","A","2002",47057.68,
"NLD","HHWEALTH","FINAN","USD","A","2003",47117.84,
"NLD","HHWEALTH","FINAN","USD","A","2004",47594.55,
"NLD","HHWEALTH","FINAN","USD","A","2005",50404.9,
"NLD","HHWEALTH","FINAN","USD","A","2006",51433.28,
"NLD","HHWEALTH","FINAN","USD","A","2007",48997.49,
"NLD","HHWEALTH","FINAN","USD","A","2008",56152.28,
"NLD","HHWEALTH","FINAN","USD","A","2009",55202.1,
"NLD","HHWEALTH","FINAN","USD","A","2010",60712.94,
"NLD","HHWEALTH","FINAN","USD","A","2011",70115.63,
"NLD","HHWEALTH","FINAN","USD","A","2012",77817.77,
"NLD","HHWEALTH","FINAN","USD","A","2013",78879.94,
"NLD","HHWEALTH","FINAN","USD","A","2014",96033.63,
"NLD","HHWEALTH","FINAN","USD","A","2015",99840.83,
"NLD","HHWEALTH","FINAN","USD","A","2016",109088.3,
"NOR","HHWEALTH","FINAN","USD","A","1995",6740.525,
"NOR","HHWEALTH","FINAN","USD","A","1996",7870.803,
"NOR","HHWEALTH","FINAN","USD","A","1997",9476.496,
"NOR","HHWEALTH","FINAN","USD","A","1998",9201.416,
"NOR","HHWEALTH","FINAN","USD","A","1999",11137.73,
"NOR","HHWEALTH","FINAN","USD","A","2000",11951.1,
"NOR","HHWEALTH","FINAN","USD","A","2001",11083.99,
"NOR","HHWEALTH","FINAN","USD","A","2002",10771.12,
"NOR","HHWEALTH","FINAN","USD","A","2003",11722.81,
"NOR","HHWEALTH","FINAN","USD","A","2004",13029.24,
"NOR","HHWEALTH","FINAN","USD","A","2005",15654.95,
"NOR","HHWEALTH","FINAN","USD","A","2006",17839.48,
"NOR","HHWEALTH","FINAN","USD","A","2007",18237.35,
"NOR","HHWEALTH","FINAN","USD","A","2008",15082.67,
"NOR","HHWEALTH","FINAN","USD","A","2009",17229.16,
"NOR","HHWEALTH","FINAN","USD","A","2010",17393.93,
"NOR","HHWEALTH","FINAN","USD","A","2011",16309.17,
"NOR","HHWEALTH","FINAN","USD","A","2012",17474.56,
"NOR","HHWEALTH","FINAN","USD","A","2013",19231.4,
"NOR","HHWEALTH","FINAN","USD","A","2014",20605.21,
"NOR","HHWEALTH","FINAN","USD","A","2015",21330.89,
"NOR","HHWEALTH","FINAN","USD","A","2016",21877.51,
"POL","HHWEALTH","FINAN","USD","A","2003",7000.444,
"POL","HHWEALTH","FINAN","USD","A","2004",7728.845,
"POL","HHWEALTH","FINAN","USD","A","2005",8575.236,
"POL","HHWEALTH","FINAN","USD","A","2006",9537.863,
"POL","HHWEALTH","FINAN","USD","A","2007",10581.78,
"POL","HHWEALTH","FINAN","USD","A","2008",7813.833,
"POL","HHWEALTH","FINAN","USD","A","2009",9087.269,
"POL","HHWEALTH","FINAN","USD","A","2010",9992.513,
"POL","HHWEALTH","FINAN","USD","A","2011",9803.339,
"POL","HHWEALTH","FINAN","USD","A","2012",12298.08,
"POL","HHWEALTH","FINAN","USD","A","2013",14062.52,
"POL","HHWEALTH","FINAN","USD","A","2014",14974.18,
"POL","HHWEALTH","FINAN","USD","A","2015",15827.63,
"POL","HHWEALTH","FINAN","USD","A","2016",17640.17,
"PRT","HHWEALTH","FINAN","USD","A","1995",14818,
"PRT","HHWEALTH","FINAN","USD","A","1996",15717.36,
"PRT","HHWEALTH","FINAN","USD","A","1997",17371.23,
"PRT","HHWEALTH","FINAN","USD","A","1998",17817.39,
"PRT","HHWEALTH","FINAN","USD","A","1999",19079.75,
"PRT","HHWEALTH","FINAN","USD","A","2000",19511.57,
"PRT","HHWEALTH","FINAN","USD","A","2001",18552.54,
"PRT","HHWEALTH","FINAN","USD","A","2002",18395.07,
"PRT","HHWEALTH","FINAN","USD","A","2003",20846,
"PRT","HHWEALTH","FINAN","USD","A","2004",22168.45,
"PRT","HHWEALTH","FINAN","USD","A","2005",22708.1,
"PRT","HHWEALTH","FINAN","USD","A","2006",24416.56,
"PRT","HHWEALTH","FINAN","USD","A","2007",25191.95,
"PRT","HHWEALTH","FINAN","USD","A","2008",24861.17,
"PRT","HHWEALTH","FINAN","USD","A","2009",25708.11,
"PRT","HHWEALTH","FINAN","USD","A","2010",26774.01,
"PRT","HHWEALTH","FINAN","USD","A","2011",27298.73,
"PRT","HHWEALTH","FINAN","USD","A","2012",28364.22,
"PRT","HHWEALTH","FINAN","USD","A","2013",31939.18,
"PRT","HHWEALTH","FINAN","USD","A","2014",33619.66,
"PRT","HHWEALTH","FINAN","USD","A","2015",34945.64,
"PRT","HHWEALTH","FINAN","USD","A","2016",35750.6,
"SVK","HHWEALTH","FINAN","USD","A","1995",5174.552,
"SVK","HHWEALTH","FINAN","USD","A","1996",5699.52,
"SVK","HHWEALTH","FINAN","USD","A","1997",5936.565,
"SVK","HHWEALTH","FINAN","USD","A","1998",6261.619,
"SVK","HHWEALTH","FINAN","USD","A","1999",6217.875,
"SVK","HHWEALTH","FINAN","USD","A","2000",6176.404,
"SVK","HHWEALTH","FINAN","USD","A","2001",6269.916,
"SVK","HHWEALTH","FINAN","USD","A","2002",5637.667,
"SVK","HHWEALTH","FINAN","USD","A","2003",5099.843,
"SVK","HHWEALTH","FINAN","USD","A","2004",4938.215,
"SVK","HHWEALTH","FINAN","USD","A","2005",5057.247,
"SVK","HHWEALTH","FINAN","USD","A","2006",6134.76,
"SVK","HHWEALTH","FINAN","USD","A","2007",6619.017,
"SVK","HHWEALTH","FINAN","USD","A","2008",7428.637,
"SVK","HHWEALTH","FINAN","USD","A","2009",8291.083,
"SVK","HHWEALTH","FINAN","USD","A","2010",9200.2,
"SVK","HHWEALTH","FINAN","USD","A","2011",9446.141,
"SVK","HHWEALTH","FINAN","USD","A","2012",9898.795,
"SVK","HHWEALTH","FINAN","USD","A","2013",10576.74,
"SVK","HHWEALTH","FINAN","USD","A","2014",11494.56,
"SVK","HHWEALTH","FINAN","USD","A","2015",12163.51,
"ESP","HHWEALTH","FINAN","USD","A","1995",15902.59,
"ESP","HHWEALTH","FINAN","USD","A","1996",17059.04,
"ESP","HHWEALTH","FINAN","USD","A","1997",19454.31,
"ESP","HHWEALTH","FINAN","USD","A","1998",22841.87,
"ESP","HHWEALTH","FINAN","USD","A","1999",23857.45,
"ESP","HHWEALTH","FINAN","USD","A","2000",22704.74,
"ESP","HHWEALTH","FINAN","USD","A","2001",22915.44,
"ESP","HHWEALTH","FINAN","USD","A","2002",21371.08,
"ESP","HHWEALTH","FINAN","USD","A","2003",23147.63,
"ESP","HHWEALTH","FINAN","USD","A","2004",24137.17,
"ESP","HHWEALTH","FINAN","USD","A","2005",25894.34,
"ESP","HHWEALTH","FINAN","USD","A","2006",30511.84,
"ESP","HHWEALTH","FINAN","USD","A","2007",28647.06,
"ESP","HHWEALTH","FINAN","USD","A","2008",21701.22,
"ESP","HHWEALTH","FINAN","USD","A","2009",23624.64,
"ESP","HHWEALTH","FINAN","USD","A","2010",23339.69,
"ESP","HHWEALTH","FINAN","USD","A","2011",25694.73,
"ESP","HHWEALTH","FINAN","USD","A","2012",27272.9,
"ESP","HHWEALTH","FINAN","USD","A","2013",34862.03,
"ESP","HHWEALTH","FINAN","USD","A","2014",38371.43,
"ESP","HHWEALTH","FINAN","USD","A","2015",41339.6,
"ESP","HHWEALTH","FINAN","USD","A","2016",43001.99,
"SWE","HHWEALTH","FINAN","USD","A","1995",13235.44,
"SWE","HHWEALTH","FINAN","USD","A","1996",17152.4,
"SWE","HHWEALTH","FINAN","USD","A","1997",21584.92,
"SWE","HHWEALTH","FINAN","USD","A","1998",24107.99,
"SWE","HHWEALTH","FINAN","USD","A","1999",33430.12,
"SWE","HHWEALTH","FINAN","USD","A","2000",32500.12,
"SWE","HHWEALTH","FINAN","USD","A","2001",30951.23,
"SWE","HHWEALTH","FINAN","USD","A","2002",30827.13,
"SWE","HHWEALTH","FINAN","USD","A","2003",36305.14,
"SWE","HHWEALTH","FINAN","USD","A","2004",38509.61,
"SWE","HHWEALTH","FINAN","USD","A","2005",47428.35,
"SWE","HHWEALTH","FINAN","USD","A","2006",56559.39,
"SWE","HHWEALTH","FINAN","USD","A","2007",57912.93,
"SWE","HHWEALTH","FINAN","USD","A","2008",51752.02,
"SWE","HHWEALTH","FINAN","USD","A","2009",58646.43,
"SWE","HHWEALTH","FINAN","USD","A","2010",65383.62,
"SWE","HHWEALTH","FINAN","USD","A","2011",63310.21,
"SWE","HHWEALTH","FINAN","USD","A","2012",69242.17,
"SWE","HHWEALTH","FINAN","USD","A","2013",78063.09,
"SWE","HHWEALTH","FINAN","USD","A","2014",88280.98,
"SWE","HHWEALTH","FINAN","USD","A","2015",95041.51,
"SWE","HHWEALTH","FINAN","USD","A","2016",100495.3,
"CHE","HHWEALTH","FINAN","USD","A","1999",83517.05,
"CHE","HHWEALTH","FINAN","USD","A","2000",86023.98,
"CHE","HHWEALTH","FINAN","USD","A","2001",83491.2,
"CHE","HHWEALTH","FINAN","USD","A","2002",80079.75,
"CHE","HHWEALTH","FINAN","USD","A","2003",83429.63,
"CHE","HHWEALTH","FINAN","USD","A","2004",86887.72,
"CHE","HHWEALTH","FINAN","USD","A","2005",94007.98,
"CHE","HHWEALTH","FINAN","USD","A","2006",106950.5,
"CHE","HHWEALTH","FINAN","USD","A","2007",115222.9,
"CHE","HHWEALTH","FINAN","USD","A","2008",103453.1,
"CHE","HHWEALTH","FINAN","USD","A","2009",111944.8,
"CHE","HHWEALTH","FINAN","USD","A","2010",111828.1,
"CHE","HHWEALTH","FINAN","USD","A","2011",117037.3,
"CHE","HHWEALTH","FINAN","USD","A","2012",125865.3,
"CHE","HHWEALTH","FINAN","USD","A","2013",136829.1,
"CHE","HHWEALTH","FINAN","USD","A","2014",144486.2,
"CHE","HHWEALTH","FINAN","USD","A","2015",147736.8,
"TUR","HHWEALTH","FINAN","USD","A","2010",4589.169,
"TUR","HHWEALTH","FINAN","USD","A","2011",4510.774,
"TUR","HHWEALTH","FINAN","USD","A","2012",4416.778,
"TUR","HHWEALTH","FINAN","USD","A","2013",4553.334,
"TUR","HHWEALTH","FINAN","USD","A","2014",5132.192,
"TUR","HHWEALTH","FINAN","USD","A","2015",5660.653,
"GBR","HHWEALTH","FINAN","USD","A","1995",38289.9,
"GBR","HHWEALTH","FINAN","USD","A","1996",41034.85,
"GBR","HHWEALTH","FINAN","USD","A","1997",49602.16,
"GBR","HHWEALTH","FINAN","USD","A","1998",55659.48,
"GBR","HHWEALTH","FINAN","USD","A","1999",60083.56,
"GBR","HHWEALTH","FINAN","USD","A","2000",63708.7,
"GBR","HHWEALTH","FINAN","USD","A","2001",59771.03,
"GBR","HHWEALTH","FINAN","USD","A","2002",56802.11,
"GBR","HHWEALTH","FINAN","USD","A","2003",57666.28,
"GBR","HHWEALTH","FINAN","USD","A","2004",60472.79,
"GBR","HHWEALTH","FINAN","USD","A","2005",64961.91,
"GBR","HHWEALTH","FINAN","USD","A","2006",66307.42,
"GBR","HHWEALTH","FINAN","USD","A","2007",65684.66,
"GBR","HHWEALTH","FINAN","USD","A","2008",60644.8,
"GBR","HHWEALTH","FINAN","USD","A","2009",65260.98,
"GBR","HHWEALTH","FINAN","USD","A","2010",72024.45,
"GBR","HHWEALTH","FINAN","USD","A","2011",78339.91,
"GBR","HHWEALTH","FINAN","USD","A","2012",82324.66,
"GBR","HHWEALTH","FINAN","USD","A","2013",85196.67,
"GBR","HHWEALTH","FINAN","USD","A","2014",100480.7,
"GBR","HHWEALTH","FINAN","USD","A","2015",96381.9,
"GBR","HHWEALTH","FINAN","USD","A","2016",103825.8,
"USA","HHWEALTH","FINAN","USD","A","1995",66446.84,
"USA","HHWEALTH","FINAN","USD","A","1996",70157.39,
"USA","HHWEALTH","FINAN","USD","A","1997",79247.72,
"USA","HHWEALTH","FINAN","USD","A","1998",88143.29,
"USA","HHWEALTH","FINAN","USD","A","1999",99944.13,
"USA","HHWEALTH","FINAN","USD","A","2000",94196.32,
"USA","HHWEALTH","FINAN","USD","A","2001",89488.09,
"USA","HHWEALTH","FINAN","USD","A","2002",81349.02,
"USA","HHWEALTH","FINAN","USD","A","2003",92435.17,
"USA","HHWEALTH","FINAN","USD","A","2004",104740.6,
"USA","HHWEALTH","FINAN","USD","A","2005",112195.7,
"USA","HHWEALTH","FINAN","USD","A","2006",122506.9,
"USA","HHWEALTH","FINAN","USD","A","2007",127353.6,
"USA","HHWEALTH","FINAN","USD","A","2008",104388.5,
"USA","HHWEALTH","FINAN","USD","A","2009",112430.4,
"USA","HHWEALTH","FINAN","USD","A","2010",125707.7,
"USA","HHWEALTH","FINAN","USD","A","2011",128013.4,
"USA","HHWEALTH","FINAN","USD","A","2012",140569.5,
"USA","HHWEALTH","FINAN","USD","A","2013",162763.1,
"USA","HHWEALTH","FINAN","USD","A","2014",173128.6,
"USA","HHWEALTH","FINAN","USD","A","2015",175655.1,
"USA","HHWEALTH","FINAN","USD","A","2016",185900.9,
"CHL","HHWEALTH","FINAN","USD","A","2003",14717.88,
"CHL","HHWEALTH","FINAN","USD","A","2004",15114.56,
"CHL","HHWEALTH","FINAN","USD","A","2005",15339.25,
"CHL","HHWEALTH","FINAN","USD","A","2006",17871.1,
"CHL","HHWEALTH","FINAN","USD","A","2007",18970.98,
"CHL","HHWEALTH","FINAN","USD","A","2008",16539.53,
"CHL","HHWEALTH","FINAN","USD","A","2009",18003.01,
"CHL","HHWEALTH","FINAN","USD","A","2010",20079.51,
"CHL","HHWEALTH","FINAN","USD","A","2011",21135.99,
"CHL","HHWEALTH","FINAN","USD","A","2012",23148.25,
"CHL","HHWEALTH","FINAN","USD","A","2013",25178.8,
"CHL","HHWEALTH","FINAN","USD","A","2014",28300.61,
"CHL","HHWEALTH","FINAN","USD","A","2015",29133.12,
"CHL","HHWEALTH","FINAN","USD","A","2016",29245.69,
"EST","HHWEALTH","FINAN","USD","A","1995",3340.906,
"EST","HHWEALTH","FINAN","USD","A","1996",3951.656,
"EST","HHWEALTH","FINAN","USD","A","1997",4095.027,
"EST","HHWEALTH","FINAN","USD","A","1998",3319.113,
"EST","HHWEALTH","FINAN","USD","A","1999",3968.018,
"EST","HHWEALTH","FINAN","USD","A","2000",4589.571,
"EST","HHWEALTH","FINAN","USD","A","2001",4476.879,
"EST","HHWEALTH","FINAN","USD","A","2002",5572.006,
"EST","HHWEALTH","FINAN","USD","A","2003",6580.297,
"EST","HHWEALTH","FINAN","USD","A","2004",8092.668,
"EST","HHWEALTH","FINAN","USD","A","2005",9294.819,
"EST","HHWEALTH","FINAN","USD","A","2006",10721.87,
"EST","HHWEALTH","FINAN","USD","A","2007",10490.97,
"EST","HHWEALTH","FINAN","USD","A","2008",9713.069,
"EST","HHWEALTH","FINAN","USD","A","2009",11224.59,
"EST","HHWEALTH","FINAN","USD","A","2010",9356.066,
"EST","HHWEALTH","FINAN","USD","A","2011",11000.56,
"EST","HHWEALTH","FINAN","USD","A","2012",14243.62,
"EST","HHWEALTH","FINAN","USD","A","2013",17264.21,
"EST","HHWEALTH","FINAN","USD","A","2014",20219.46,
"EST","HHWEALTH","FINAN","USD","A","2015",19122.06,
"ISR","HHWEALTH","FINAN","USD","A","2001",34155.69,
"ISR","HHWEALTH","FINAN","USD","A","2002",33538.48,
"ISR","HHWEALTH","FINAN","USD","A","2003",41607.55,
"ISR","HHWEALTH","FINAN","USD","A","2004",47089.64,
"ISR","HHWEALTH","FINAN","USD","A","2005",54476.63,
"ISR","HHWEALTH","FINAN","USD","A","2006",54808.6,
"ISR","HHWEALTH","FINAN","USD","A","2007",57201.91,
"ISR","HHWEALTH","FINAN","USD","A","2008",41392.42,
"ISR","HHWEALTH","FINAN","USD","A","2009",50211.8,
"ISR","HHWEALTH","FINAN","USD","A","2010",56329.19,
"ISR","HHWEALTH","FINAN","USD","A","2011",55416.45,
"ISR","HHWEALTH","FINAN","USD","A","2012",61074.54,
"ISR","HHWEALTH","FINAN","USD","A","2013",67073.3,
"ISR","HHWEALTH","FINAN","USD","A","2014",69943.52,
"ISR","HHWEALTH","FINAN","USD","A","2015",71184.55,
"LVA","HHWEALTH","FINAN","USD","A","2004",4703.757,
"LVA","HHWEALTH","FINAN","USD","A","2005",3869.014,
"LVA","HHWEALTH","FINAN","USD","A","2006",4197.731,
"LVA","HHWEALTH","FINAN","USD","A","2007",5077.334,
"LVA","HHWEALTH","FINAN","USD","A","2008",4108.676,
"LVA","HHWEALTH","FINAN","USD","A","2009",4122.539,
"LVA","HHWEALTH","FINAN","USD","A","2010",7263.497,
"LVA","HHWEALTH","FINAN","USD","A","2011",8429.013,
"LVA","HHWEALTH","FINAN","USD","A","2012",10846.06,
"LVA","HHWEALTH","FINAN","USD","A","2013",11345.69,
"LVA","HHWEALTH","FINAN","USD","A","2014",17167.29,
"LVA","HHWEALTH","FINAN","USD","A","2015",19542.89,
"SVN","HHWEALTH","FINAN","USD","A","2001",11346.83,
"SVN","HHWEALTH","FINAN","USD","A","2002",13292.39,
"SVN","HHWEALTH","FINAN","USD","A","2003",14422.13,
"SVN","HHWEALTH","FINAN","USD","A","2004",16664.63,
"SVN","HHWEALTH","FINAN","USD","A","2005",17521.81,
"SVN","HHWEALTH","FINAN","USD","A","2006",19503.23,
"SVN","HHWEALTH","FINAN","USD","A","2007",20405.68,
"SVN","HHWEALTH","FINAN","USD","A","2008",17782.25,
"SVN","HHWEALTH","FINAN","USD","A","2009",18435.32,
"SVN","HHWEALTH","FINAN","USD","A","2010",18946.37,
"SVN","HHWEALTH","FINAN","USD","A","2011",18330.71,
"SVN","HHWEALTH","FINAN","USD","A","2012",19032.34,
"SVN","HHWEALTH","FINAN","USD","A","2013",20107.36,
"SVN","HHWEALTH","FINAN","USD","A","2014",21792.31,
"SVN","HHWEALTH","FINAN","USD","A","2015",22429.97,
"SVN","HHWEALTH","FINAN","USD","A","2016",23436.42,
