﻿"LOCATION","INDICATOR","SUBJECT","MEASURE","FREQUENCY","TIME","Value","Flag Codes"
"AUS","PRIVPENSIONASSET","TOT","MLN_USD","A","2001",263407.725,
"AUS","PRIVPENSIONASSET","TOT","MLN_USD","A","2002",292622.88,
"AUS","PRIVPENSIONASSET","TOT","MLN_USD","A","2003",358915.039,
"AUS","PRIVPENSIONASSET","TOT","MLN_USD","A","2004",442936.375,
"AUS","PRIVPENSIONASSET","TOT","MLN_USD","A","2005",583888.268,
"AUS","PRIVPENSIONASSET","TOT","MLN_USD","A","2006",678162.183,
"AUS","PRIVPENSIONASSET","TOT","MLN_USD","A","2007",1014340.569,
"AUS","PRIVPENSIONASSET","TOT","MLN_USD","A","2008",1095339.382,
"AUS","PRIVPENSIONASSET","TOT","MLN_USD","A","2009",867428.773,
"AUS","PRIVPENSIONASSET","TOT","MLN_USD","A","2010",1017081.539,
"AUS","PRIVPENSIONASSET","TOT","MLN_USD","A","2011",1437783.991,
"AUS","PRIVPENSIONASSET","TOT","MLN_USD","A","2012",1426024.236,
"AUS","PRIVPENSIONASSET","TOT","MLN_USD","A","2013",1482945.643,
"AUS","PRIVPENSIONASSET","TOT","MLN_USD","A","2014",1681786.338,
"AUS","PRIVPENSIONASSET","TOT","MLN_USD","A","2015",1511771.313,
"AUT","PRIVPENSIONASSET","TOT","MLN_USD","A","2001",5584.798,
"AUT","PRIVPENSIONASSET","TOT","MLN_USD","A","2002",8749.304,
"AUT","PRIVPENSIONASSET","TOT","MLN_USD","A","2003",11795.157,
"AUT","PRIVPENSIONASSET","TOT","MLN_USD","A","2004",14124.977,
"AUT","PRIVPENSIONASSET","TOT","MLN_USD","A","2005",13833.162,
"AUT","PRIVPENSIONASSET","TOT","MLN_USD","A","2006",16783.012,
"AUT","PRIVPENSIONASSET","TOT","MLN_USD","A","2007",19358.643,
"AUT","PRIVPENSIONASSET","TOT","MLN_USD","A","2008",17460.124,
"AUT","PRIVPENSIONASSET","TOT","MLN_USD","A","2009",20836.057,
"AUT","PRIVPENSIONASSET","TOT","MLN_USD","A","2010",20914.865,
"AUT","PRIVPENSIONASSET","TOT","MLN_USD","A","2011",19745.146,
"AUT","PRIVPENSIONASSET","TOT","MLN_USD","A","2012",22257.271,
"AUT","PRIVPENSIONASSET","TOT","MLN_USD","A","2013",25993.714,
"AUT","PRIVPENSIONASSET","TOT","MLN_USD","A","2014",,"L"
"AUT","PRIVPENSIONASSET","TOT","MLN_USD","A","2015",,"L"
"BEL","PRIVPENSIONASSET","TOT","MLN_USD","A","2001",12571.952,
"BEL","PRIVPENSIONASSET","TOT","MLN_USD","A","2002",13828.892,
"BEL","PRIVPENSIONASSET","TOT","MLN_USD","A","2003",13585.013,
"BEL","PRIVPENSIONASSET","TOT","MLN_USD","A","2004",15737.453,
"BEL","PRIVPENSIONASSET","TOT","MLN_USD","A","2005",15708.461,
"BEL","PRIVPENSIONASSET","TOT","MLN_USD","A","2006",17601.402,
"BEL","PRIVPENSIONASSET","TOT","MLN_USD","A","2007",21774.733,
"BEL","PRIVPENSIONASSET","TOT","MLN_USD","A","2008",15874.544,
"BEL","PRIVPENSIONASSET","TOT","MLN_USD","A","2009",19878.839,
"BEL","PRIVPENSIONASSET","TOT","MLN_USD","A","2010",17782.775,
"BEL","PRIVPENSIONASSET","TOT","MLN_USD","A","2011",20224.837,
"BEL","PRIVPENSIONASSET","TOT","MLN_USD","A","2012",22752.982,
"BEL","PRIVPENSIONASSET","TOT","MLN_USD","A","2013",27212.909,
"BEL","PRIVPENSIONASSET","TOT","MLN_USD","A","2014",27560.876,
"BEL","PRIVPENSIONASSET","TOT","MLN_USD","A","2015",25956.077,
"CAN","PRIVPENSIONASSET","TOT","MLN_USD","A","2000",837374.192,
"CAN","PRIVPENSIONASSET","TOT","MLN_USD","A","2001",757865.114,
"CAN","PRIVPENSIONASSET","TOT","MLN_USD","A","2002",737387.339,
"CAN","PRIVPENSIONASSET","TOT","MLN_USD","A","2003",1000184.316,
"CAN","PRIVPENSIONASSET","TOT","MLN_USD","A","2004",1198439.249,
"CAN","PRIVPENSIONASSET","TOT","MLN_USD","A","2005",1396029.867,
"CAN","PRIVPENSIONASSET","TOT","MLN_USD","A","2006",1563861.306,
"CAN","PRIVPENSIONASSET","TOT","MLN_USD","A","2007",1993560.611,
"CAN","PRIVPENSIONASSET","TOT","MLN_USD","A","2008",1412955.863,
"CAN","PRIVPENSIONASSET","TOT","MLN_USD","A","2009",1744787.235,
"CAN","PRIVPENSIONASSET","TOT","MLN_USD","A","2010",2085173.292,
"CAN","PRIVPENSIONASSET","TOT","MLN_USD","A","2011",2177692.19,
"CAN","PRIVPENSIONASSET","TOT","MLN_USD","A","2012",2356471.212,
"CAN","PRIVPENSIONASSET","TOT","MLN_USD","A","2013",2427292.857,
"CAN","PRIVPENSIONASSET","TOT","MLN_USD","A","2014",2462195.017,
"CAN","PRIVPENSIONASSET","TOT","MLN_USD","A","2015",2248544.798,
"CZE","PRIVPENSIONASSET","TOT","MLN_USD","A","2001",1472.098,
"CZE","PRIVPENSIONASSET","TOT","MLN_USD","A","2002",2229.732,
"CZE","PRIVPENSIONASSET","TOT","MLN_USD","A","2003",3127.122,
"CZE","PRIVPENSIONASSET","TOT","MLN_USD","A","2004",4462.449,
"CZE","PRIVPENSIONASSET","TOT","MLN_USD","A","2005",5019.386,
"CZE","PRIVPENSIONASSET","TOT","MLN_USD","A","2006",6991.167,
"CZE","PRIVPENSIONASSET","TOT","MLN_USD","A","2007",9248.644,
"CZE","PRIVPENSIONASSET","TOT","MLN_USD","A","2008",9909.287,
"CZE","PRIVPENSIONASSET","TOT","MLN_USD","A","2009",11752.538,
"CZE","PRIVPENSIONASSET","TOT","MLN_USD","A","2010",12395.19,
"CZE","PRIVPENSIONASSET","TOT","MLN_USD","A","2011",12412.663,
"CZE","PRIVPENSIONASSET","TOT","MLN_USD","A","2012",14337.364,
"CZE","PRIVPENSIONASSET","TOT","MLN_USD","A","2013",14950.658,
"CZE","PRIVPENSIONASSET","TOT","MLN_USD","A","2014",14853.952,
"CZE","PRIVPENSIONASSET","TOT","MLN_USD","A","2015",15028.456,
"DNK","PRIVPENSIONASSET","TOT","MLN_USD","A","2001",152546.763,
"DNK","PRIVPENSIONASSET","TOT","MLN_USD","A","2002",211365.965,
"DNK","PRIVPENSIONASSET","TOT","MLN_USD","A","2003",276001.787,
"DNK","PRIVPENSIONASSET","TOT","MLN_USD","A","2004",337121.176,
"DNK","PRIVPENSIONASSET","TOT","MLN_USD","A","2005",339961.53,
"DNK","PRIVPENSIONASSET","TOT","MLN_USD","A","2006",404047.893,
"DNK","PRIVPENSIONASSET","TOT","MLN_USD","A","2007",469955.244,
"DNK","PRIVPENSIONASSET","TOT","MLN_USD","A","2008",501045.187,
"DNK","PRIVPENSIONASSET","TOT","MLN_USD","A","2009",528881.721,
"DNK","PRIVPENSIONASSET","TOT","MLN_USD","A","2010",553049.403,
"DNK","PRIVPENSIONASSET","TOT","MLN_USD","A","2011",581495.329,
"DNK","PRIVPENSIONASSET","TOT","MLN_USD","A","2012",636211.339,
"DNK","PRIVPENSIONASSET","TOT","MLN_USD","A","2013",661173.328,
"DNK","PRIVPENSIONASSET","TOT","MLN_USD","A","2014",655856.686,
"DNK","PRIVPENSIONASSET","TOT","MLN_USD","A","2015",598573.927,
"FIN","PRIVPENSIONASSET","TOT","MLN_USD","A","2001",69070.125,
"FIN","PRIVPENSIONASSET","TOT","MLN_USD","A","2002",84099.448,
"FIN","PRIVPENSIONASSET","TOT","MLN_USD","A","2003",112230.18,
"FIN","PRIVPENSIONASSET","TOT","MLN_USD","A","2004",143412.785,
"FIN","PRIVPENSIONASSET","TOT","MLN_USD","A","2005",142462.932,
"FIN","PRIVPENSIONASSET","TOT","MLN_USD","A","2006",171182.343,
"FIN","PRIVPENSIONASSET","TOT","MLN_USD","A","2007",209057.337,
"FIN","PRIVPENSIONASSET","TOT","MLN_USD","A","2008",183160.245,
"FIN","PRIVPENSIONASSET","TOT","MLN_USD","A","2009",214594.657,
"FIN","PRIVPENSIONASSET","TOT","MLN_USD","A","2010",219258.394,
"FIN","PRIVPENSIONASSET","TOT","MLN_USD","A","2011",128722.917,
"FIN","PRIVPENSIONASSET","TOT","MLN_USD","A","2012",141541.274,
"FIN","PRIVPENSIONASSET","TOT","MLN_USD","A","2013",159313.632,
"FIN","PRIVPENSIONASSET","TOT","MLN_USD","A","2014",148854.731,
"FIN","PRIVPENSIONASSET","TOT","MLN_USD","A","2015",132904.816,
"FRA","PRIVPENSIONASSET","TOT","MLN_USD","A","2001",50569.875,"E"
"FRA","PRIVPENSIONASSET","TOT","MLN_USD","A","2002",106149.414,"E"
"FRA","PRIVPENSIONASSET","TOT","MLN_USD","A","2003",137793.3,
"FRA","PRIVPENSIONASSET","TOT","MLN_USD","A","2004",135528.95,
"FRA","PRIVPENSIONASSET","TOT","MLN_USD","A","2005",117380.15,
"FRA","PRIVPENSIONASSET","TOT","MLN_USD","A","2006",162912.9,
"FRA","PRIVPENSIONASSET","TOT","MLN_USD","A","2007",192403.47,
"FRA","PRIVPENSIONASSET","TOT","MLN_USD","A","2008",189827.88,
"FRA","PRIVPENSIONASSET","TOT","MLN_USD","A","2009",222564.056,
"FRA","PRIVPENSIONASSET","TOT","MLN_USD","A","2010",225935.386,
"FRA","PRIVPENSIONASSET","TOT","MLN_USD","A","2011",224217.343,
"FRA","PRIVPENSIONASSET","TOT","MLN_USD","A","2012",241798.522,
"FRA","PRIVPENSIONASSET","TOT","MLN_USD","A","2013",271357.232,
"FRA","PRIVPENSIONASSET","TOT","MLN_USD","A","2014",226372.08,
"FRA","PRIVPENSIONASSET","TOT","MLN_USD","A","2015",212254.256,
"DEU","PRIVPENSIONASSET","TOT","MLN_USD","A","1995",67501.398,
"DEU","PRIVPENSIONASSET","TOT","MLN_USD","A","1996",67754.603,
"DEU","PRIVPENSIONASSET","TOT","MLN_USD","A","1997",73012.259,
"DEU","PRIVPENSIONASSET","TOT","MLN_USD","A","1998",78819.641,
"DEU","PRIVPENSIONASSET","TOT","MLN_USD","A","1999",83840.842,
"DEU","PRIVPENSIONASSET","TOT","MLN_USD","A","2000",73996.918,
"DEU","PRIVPENSIONASSET","TOT","MLN_USD","A","2001",67537.829,
"DEU","PRIVPENSIONASSET","TOT","MLN_USD","A","2002",77654.204,
"DEU","PRIVPENSIONASSET","TOT","MLN_USD","A","2003",99583.598,
"DEU","PRIVPENSIONASSET","TOT","MLN_USD","A","2004",116972.956,
"DEU","PRIVPENSIONASSET","TOT","MLN_USD","A","2005",112274.814,
"DEU","PRIVPENSIONASSET","TOT","MLN_USD","A","2006",132659.037,
"DEU","PRIVPENSIONASSET","TOT","MLN_USD","A","2007",170371.004,
"DEU","PRIVPENSIONASSET","TOT","MLN_USD","A","2008",165634.075,
"DEU","PRIVPENSIONASSET","TOT","MLN_USD","A","2009",187937.675,
"DEU","PRIVPENSIONASSET","TOT","MLN_USD","A","2010",187279.528,
"DEU","PRIVPENSIONASSET","TOT","MLN_USD","A","2011",192912.325,
"DEU","PRIVPENSIONASSET","TOT","MLN_USD","A","2012",221111.507,
"DEU","PRIVPENSIONASSET","TOT","MLN_USD","A","2013",236931.745,
"DEU","PRIVPENSIONASSET","TOT","MLN_USD","A","2014",236203.874,
"DEU","PRIVPENSIONASSET","TOT","MLN_USD","A","2015",218473.165,
"GRC","PRIVPENSIONASSET","TOT","MLN_USD","A","2001",,"L"
"GRC","PRIVPENSIONASSET","TOT","MLN_USD","A","2002",,"L"
"GRC","PRIVPENSIONASSET","TOT","MLN_USD","A","2003",,"L"
"GRC","PRIVPENSIONASSET","TOT","MLN_USD","A","2004",,"L"
"GRC","PRIVPENSIONASSET","TOT","MLN_USD","A","2005",,"L"
"GRC","PRIVPENSIONASSET","TOT","MLN_USD","A","2006",,"L"
"GRC","PRIVPENSIONASSET","TOT","MLN_USD","A","2007",36.217,
"GRC","PRIVPENSIONASSET","TOT","MLN_USD","A","2008",47.094,
"GRC","PRIVPENSIONASSET","TOT","MLN_USD","A","2009",65.449,
"GRC","PRIVPENSIONASSET","TOT","MLN_USD","A","2010",70.78,
"GRC","PRIVPENSIONASSET","TOT","MLN_USD","A","2011",94.629,
"GRC","PRIVPENSIONASSET","TOT","MLN_USD","A","2012",113.455,
"GRC","PRIVPENSIONASSET","TOT","MLN_USD","A","2013",1350.179,
"GRC","PRIVPENSIONASSET","TOT","MLN_USD","A","2014",1322.167,
"HUN","PRIVPENSIONASSET","TOT","MLN_USD","A","2001",2126.825,
"HUN","PRIVPENSIONASSET","TOT","MLN_USD","A","2002",3402.603,
"HUN","PRIVPENSIONASSET","TOT","MLN_USD","A","2003",4743.535,
"HUN","PRIVPENSIONASSET","TOT","MLN_USD","A","2004",7853.843,
"HUN","PRIVPENSIONASSET","TOT","MLN_USD","A","2005",8723.663,
"HUN","PRIVPENSIONASSET","TOT","MLN_USD","A","2006",12054.541,
"HUN","PRIVPENSIONASSET","TOT","MLN_USD","A","2007",16026.119,
"HUN","PRIVPENSIONASSET","TOT","MLN_USD","A","2008",13662.112,
"HUN","PRIVPENSIONASSET","TOT","MLN_USD","A","2009",18142.181,
"HUN","PRIVPENSIONASSET","TOT","MLN_USD","A","2010",19000.853,
"HUN","PRIVPENSIONASSET","TOT","MLN_USD","A","2011",4406.199,
"HUN","PRIVPENSIONASSET","TOT","MLN_USD","A","2012",5029.1,
"HUN","PRIVPENSIONASSET","TOT","MLN_USD","A","2013",5505.647,
"HUN","PRIVPENSIONASSET","TOT","MLN_USD","A","2014",5042.706,
"HUN","PRIVPENSIONASSET","TOT","MLN_USD","A","2015",4819.077,
"ISL","PRIVPENSIONASSET","TOT","MLN_USD","A","2001",6349.354,
"ISL","PRIVPENSIONASSET","TOT","MLN_USD","A","2002",8614.644,
"ISL","PRIVPENSIONASSET","TOT","MLN_USD","A","2003",11875.619,
"ISL","PRIVPENSIONASSET","TOT","MLN_USD","A","2004",16685.937,
"ISL","PRIVPENSIONASSET","TOT","MLN_USD","A","2005",19725.876,
"ISL","PRIVPENSIONASSET","TOT","MLN_USD","A","2006",21627.689,
"ISL","PRIVPENSIONASSET","TOT","MLN_USD","A","2007",28097.03,
"ISL","PRIVPENSIONASSET","TOT","MLN_USD","A","2008",14679.437,
"ISL","PRIVPENSIONASSET","TOT","MLN_USD","A","2009",15459.84,
"ISL","PRIVPENSIONASSET","TOT","MLN_USD","A","2010",18199.488,
"ISL","PRIVPENSIONASSET","TOT","MLN_USD","A","2011",18578.788,
"ISL","PRIVPENSIONASSET","TOT","MLN_USD","A","2012",19892.29,
"ISL","PRIVPENSIONASSET","TOT","MLN_USD","A","2013",24546.824,
"ISL","PRIVPENSIONASSET","TOT","MLN_USD","A","2014",24243.662,
"ISL","PRIVPENSIONASSET","TOT","MLN_USD","A","2015",26650.614,
"IRL","PRIVPENSIONASSET","TOT","MLN_USD","A","2001",45077.437,
"IRL","PRIVPENSIONASSET","TOT","MLN_USD","A","2002",46992.352,
"IRL","PRIVPENSIONASSET","TOT","MLN_USD","A","2003",70034.613,
"IRL","PRIVPENSIONASSET","TOT","MLN_USD","A","2004",84904.733,
"IRL","PRIVPENSIONASSET","TOT","MLN_USD","A","2005",91937.324,
"IRL","PRIVPENSIONASSET","TOT","MLN_USD","A","2006",115559.243,
"IRL","PRIVPENSIONASSET","TOT","MLN_USD","A","2007",127487.099,
"IRL","PRIVPENSIONASSET","TOT","MLN_USD","A","2008",88399.253,
"IRL","PRIVPENSIONASSET","TOT","MLN_USD","A","2009",104011.32,
"IRL","PRIVPENSIONASSET","TOT","MLN_USD","A","2010",100883.1,
"IRL","PRIVPENSIONASSET","TOT","MLN_USD","A","2011",93548.97,
"IRL","PRIVPENSIONASSET","TOT","MLN_USD","A","2012",106211.7,
"IRL","PRIVPENSIONASSET","TOT","MLN_USD","A","2013",126187.65,
"IRL","PRIVPENSIONASSET","TOT","MLN_USD","A","2014",136534.784,
"IRL","PRIVPENSIONASSET","TOT","MLN_USD","A","2015",122324.155,
"JPN","PRIVPENSIONASSET","TOT","MLN_USD","A","2001",535081.214,
"JPN","PRIVPENSIONASSET","TOT","MLN_USD","A","2002",586729.099,
"JPN","PRIVPENSIONASSET","TOT","MLN_USD","A","2003",516703.838,
"JPN","PRIVPENSIONASSET","TOT","MLN_USD","A","2004",387820.64,
"JPN","PRIVPENSIONASSET","TOT","MLN_USD","A","2005",281840.036,
"JPN","PRIVPENSIONASSET","TOT","MLN_USD","A","2006",,"L"
"JPN","PRIVPENSIONASSET","TOT","MLN_USD","A","2007",,"L"
"JPN","PRIVPENSIONASSET","TOT","MLN_USD","A","2008",,"L"
"JPN","PRIVPENSIONASSET","TOT","MLN_USD","A","2009",,"L"
"JPN","PRIVPENSIONASSET","TOT","MLN_USD","A","2010",,"L"
"JPN","PRIVPENSIONASSET","TOT","MLN_USD","A","2011",1068565.75,
"JPN","PRIVPENSIONASSET","TOT","MLN_USD","A","2012",965097.133,
"JPN","PRIVPENSIONASSET","TOT","MLN_USD","A","2013",867930.465,
"JPN","PRIVPENSIONASSET","TOT","MLN_USD","A","2014",869084.027,
"KOR","PRIVPENSIONASSET","TOT","MLN_USD","A","2001",,"L"
"KOR","PRIVPENSIONASSET","TOT","MLN_USD","A","2002",43175.335,
"KOR","PRIVPENSIONASSET","TOT","MLN_USD","A","2003",47760.876,
"KOR","PRIVPENSIONASSET","TOT","MLN_USD","A","2004",61378.176,
"KOR","PRIVPENSIONASSET","TOT","MLN_USD","A","2005",69478.351,
"KOR","PRIVPENSIONASSET","TOT","MLN_USD","A","2006",70651.201,
"KOR","PRIVPENSIONASSET","TOT","MLN_USD","A","2007",76221.454,
"KOR","PRIVPENSIONASSET","TOT","MLN_USD","A","2008",62332.924,
"KOR","PRIVPENSIONASSET","TOT","MLN_USD","A","2009",87651.688,
"KOR","PRIVPENSIONASSET","TOT","MLN_USD","A","2010",161459.47,
"KOR","PRIVPENSIONASSET","TOT","MLN_USD","A","2011",192245.833,
"KOR","PRIVPENSIONASSET","TOT","MLN_USD","A","2012",249408.179,
"KOR","PRIVPENSIONASSET","TOT","MLN_USD","A","2013",292752.922,
"KOR","PRIVPENSIONASSET","TOT","MLN_USD","A","2014",326908.774,
"KOR","PRIVPENSIONASSET","TOT","MLN_USD","A","2015",343315.465,
"LUX","PRIVPENSIONASSET","TOT","MLN_USD","A","2001",,"C"
"LUX","PRIVPENSIONASSET","TOT","MLN_USD","A","2002",,"C"
"LUX","PRIVPENSIONASSET","TOT","MLN_USD","A","2003",,"C"
"LUX","PRIVPENSIONASSET","TOT","MLN_USD","A","2004",127.104,
"LUX","PRIVPENSIONASSET","TOT","MLN_USD","A","2005",377.832,
"LUX","PRIVPENSIONASSET","TOT","MLN_USD","A","2006",466.58,
"LUX","PRIVPENSIONASSET","TOT","MLN_USD","A","2007",550.436,
"LUX","PRIVPENSIONASSET","TOT","MLN_USD","A","2008",542.095,
"LUX","PRIVPENSIONASSET","TOT","MLN_USD","A","2009",1215.189,
"LUX","PRIVPENSIONASSET","TOT","MLN_USD","A","2010",1067.266,
"LUX","PRIVPENSIONASSET","TOT","MLN_USD","A","2011",1075.902,
"LUX","PRIVPENSIONASSET","TOT","MLN_USD","A","2012",1189.597,
"LUX","PRIVPENSIONASSET","TOT","MLN_USD","A","2013",1322.695,
"LUX","PRIVPENSIONASSET","TOT","MLN_USD","A","2014",1801.372,
"LUX","PRIVPENSIONASSET","TOT","MLN_USD","A","2015",1571.792,
"MEX","PRIVPENSIONASSET","TOT","MLN_USD","A","2001",27187.641,
"MEX","PRIVPENSIONASSET","TOT","MLN_USD","A","2002",31515.918,
"MEX","PRIVPENSIONASSET","TOT","MLN_USD","A","2003",35736.558,
"MEX","PRIVPENSIONASSET","TOT","MLN_USD","A","2004",42779.002,
"MEX","PRIVPENSIONASSET","TOT","MLN_USD","A","2005",77924.905,
"MEX","PRIVPENSIONASSET","TOT","MLN_USD","A","2006",97911.129,
"MEX","PRIVPENSIONASSET","TOT","MLN_USD","A","2007",112399.085,
"MEX","PRIVPENSIONASSET","TOT","MLN_USD","A","2008",98124.73,
"MEX","PRIVPENSIONASSET","TOT","MLN_USD","A","2009",116944.426,
"MEX","PRIVPENSIONASSET","TOT","MLN_USD","A","2010",146062.148,
"MEX","PRIVPENSIONASSET","TOT","MLN_USD","A","2011",142650.391,
"MEX","PRIVPENSIONASSET","TOT","MLN_USD","A","2012",181574.006,
"MEX","PRIVPENSIONASSET","TOT","MLN_USD","A","2013",194770.38,
"MEX","PRIVPENSIONASSET","TOT","MLN_USD","A","2014",195520.678,
"MEX","PRIVPENSIONASSET","TOT","MLN_USD","A","2015",175939.065,
"NLD","PRIVPENSIONASSET","TOT","MLN_USD","A","1992",254518.84,
"NLD","PRIVPENSIONASSET","TOT","MLN_USD","A","1993",273156.054,
"NLD","PRIVPENSIONASSET","TOT","MLN_USD","A","1994",280228.328,
"NLD","PRIVPENSIONASSET","TOT","MLN_USD","A","1995",352253.153,
"NLD","PRIVPENSIONASSET","TOT","MLN_USD","A","1996",391442.468,
"NLD","PRIVPENSIONASSET","TOT","MLN_USD","A","1997",398976.714,
"NLD","PRIVPENSIONASSET","TOT","MLN_USD","A","1998",425306.591,
"NLD","PRIVPENSIONASSET","TOT","MLN_USD","A","1999",477553.63,
"NLD","PRIVPENSIONASSET","TOT","MLN_USD","A","2000",437109.285,
"NLD","PRIVPENSIONASSET","TOT","MLN_USD","A","2001",404910.181,
"NLD","PRIVPENSIONASSET","TOT","MLN_USD","A","2002",417138.253,
"NLD","PRIVPENSIONASSET","TOT","MLN_USD","A","2003",609552.849,
"NLD","PRIVPENSIONASSET","TOT","MLN_USD","A","2004",723379.982,
"NLD","PRIVPENSIONASSET","TOT","MLN_USD","A","2005",730883.135,
"NLD","PRIVPENSIONASSET","TOT","MLN_USD","A","2006",884865.96,
"NLD","PRIVPENSIONASSET","TOT","MLN_USD","A","2007",1137126.589,
"NLD","PRIVPENSIONASSET","TOT","MLN_USD","A","2008",932778.575,
"NLD","PRIVPENSIONASSET","TOT","MLN_USD","A","2009",979400.554,
"NLD","PRIVPENSIONASSET","TOT","MLN_USD","A","2010",1015665.663,
"NLD","PRIVPENSIONASSET","TOT","MLN_USD","A","2011",1055651.904,
"NLD","PRIVPENSIONASSET","TOT","MLN_USD","A","2012",1229054.085,
"NLD","PRIVPENSIONASSET","TOT","MLN_USD","A","2013",1335091.54,
"NLD","PRIVPENSIONASSET","TOT","MLN_USD","A","2014",1282009.469,
"NLD","PRIVPENSIONASSET","TOT","MLN_USD","A","2015",1266433.541,
"NZL","PRIVPENSIONASSET","TOT","MLN_USD","A","2001",7443.117,
"NZL","PRIVPENSIONASSET","TOT","MLN_USD","A","2002",7418.54,
"NZL","PRIVPENSIONASSET","TOT","MLN_USD","A","2003",8640.58,
"NZL","PRIVPENSIONASSET","TOT","MLN_USD","A","2004",11052.834,
"NZL","PRIVPENSIONASSET","TOT","MLN_USD","A","2005",12531.942,
"NZL","PRIVPENSIONASSET","TOT","MLN_USD","A","2006",12405.649,
"NZL","PRIVPENSIONASSET","TOT","MLN_USD","A","2007",14099.897,
"NZL","PRIVPENSIONASSET","TOT","MLN_USD","A","2008",15384.378,
"NZL","PRIVPENSIONASSET","TOT","MLN_USD","A","2009",12370.91,
"NZL","PRIVPENSIONASSET","TOT","MLN_USD","A","2010",19275.213,
"NZL","PRIVPENSIONASSET","TOT","MLN_USD","A","2011",23928.736,
"NZL","PRIVPENSIONASSET","TOT","MLN_USD","A","2012",28406.414,
"NZL","PRIVPENSIONASSET","TOT","MLN_USD","A","2013",33830.523,
"NZL","PRIVPENSIONASSET","TOT","MLN_USD","A","2014",39787.644,
"NOR","PRIVPENSIONASSET","TOT","MLN_USD","A","2001",9369.603,
"NOR","PRIVPENSIONASSET","TOT","MLN_USD","A","2002",12147.723,
"NOR","PRIVPENSIONASSET","TOT","MLN_USD","A","2003",15431.974,
"NOR","PRIVPENSIONASSET","TOT","MLN_USD","A","2004",18900.768,
"NOR","PRIVPENSIONASSET","TOT","MLN_USD","A","2005",19282.255,
"NOR","PRIVPENSIONASSET","TOT","MLN_USD","A","2006",23440.735,
"NOR","PRIVPENSIONASSET","TOT","MLN_USD","A","2007",29655.245,
"NOR","PRIVPENSIONASSET","TOT","MLN_USD","A","2008",21934.445,
"NOR","PRIVPENSIONASSET","TOT","MLN_USD","A","2009",30309.877,
"NOR","PRIVPENSIONASSET","TOT","MLN_USD","A","2010",33134.773,
"NOR","PRIVPENSIONASSET","TOT","MLN_USD","A","2011",33627.181,
"NOR","PRIVPENSIONASSET","TOT","MLN_USD","A","2012",39453.988,
"NOR","PRIVPENSIONASSET","TOT","MLN_USD","A","2013",40908.452,
"NOR","PRIVPENSIONASSET","TOT","MLN_USD","A","2014",37380.437,
"NOR","PRIVPENSIONASSET","TOT","MLN_USD","A","2015",,"L"
"POL","PRIVPENSIONASSET","TOT","MLN_USD","A","1999",548.022,
"POL","PRIVPENSIONASSET","TOT","MLN_USD","A","2000",2221.684,
"POL","PRIVPENSIONASSET","TOT","MLN_USD","A","2001",4754.086,
"POL","PRIVPENSIONASSET","TOT","MLN_USD","A","2002",8110.457,
"POL","PRIVPENSIONASSET","TOT","MLN_USD","A","2003",12027.973,
"POL","PRIVPENSIONASSET","TOT","MLN_USD","A","2004",20951.584,
"POL","PRIVPENSIONASSET","TOT","MLN_USD","A","2005",26436.129,
"POL","PRIVPENSIONASSET","TOT","MLN_USD","A","2006",40752.105,
"POL","PRIVPENSIONASSET","TOT","MLN_USD","A","2007",58453.388,
"POL","PRIVPENSIONASSET","TOT","MLN_USD","A","2008",47492.802,
"POL","PRIVPENSIONASSET","TOT","MLN_USD","A","2009",64136.547,
"POL","PRIVPENSIONASSET","TOT","MLN_USD","A","2010",75846.227,
"POL","PRIVPENSIONASSET","TOT","MLN_USD","A","2011",67589.74,
"POL","PRIVPENSIONASSET","TOT","MLN_USD","A","2012",89243.817,
"POL","PRIVPENSIONASSET","TOT","MLN_USD","A","2013",102911.37,
"POL","PRIVPENSIONASSET","TOT","MLN_USD","A","2014",47051.85,
"POL","PRIVPENSIONASSET","TOT","MLN_USD","A","2015",40470.125,
"PRT","PRIVPENSIONASSET","TOT","MLN_USD","A","1999",13621.92,
"PRT","PRIVPENSIONASSET","TOT","MLN_USD","A","2000",12676.576,
"PRT","PRIVPENSIONASSET","TOT","MLN_USD","A","2001",13066.401,
"PRT","PRIVPENSIONASSET","TOT","MLN_USD","A","2002",18097.213,
"PRT","PRIVPENSIONASSET","TOT","MLN_USD","A","2003",23000.894,
"PRT","PRIVPENSIONASSET","TOT","MLN_USD","A","2004",23725.615,
"PRT","PRIVPENSIONASSET","TOT","MLN_USD","A","2005",25589.15,
"PRT","PRIVPENSIONASSET","TOT","MLN_USD","A","2006",31683.167,
"PRT","PRIVPENSIONASSET","TOT","MLN_USD","A","2007",37157.651,
"PRT","PRIVPENSIONASSET","TOT","MLN_USD","A","2008",30453.074,
"PRT","PRIVPENSIONASSET","TOT","MLN_USD","A","2009",33686.308,
"PRT","PRIVPENSIONASSET","TOT","MLN_USD","A","2010",28261.63,
"PRT","PRIVPENSIONASSET","TOT","MLN_USD","A","2011",18546.33,
"PRT","PRIVPENSIONASSET","TOT","MLN_USD","A","2012",20433.454,
"PRT","PRIVPENSIONASSET","TOT","MLN_USD","A","2013",22267.698,
"PRT","PRIVPENSIONASSET","TOT","MLN_USD","A","2014",22468.508,
"PRT","PRIVPENSIONASSET","TOT","MLN_USD","A","2015",21287.779,
"SVK","PRIVPENSIONASSET","TOT","MLN_USD","A","2001",0.002,
"SVK","PRIVPENSIONASSET","TOT","MLN_USD","A","2002",0.005,
"SVK","PRIVPENSIONASSET","TOT","MLN_USD","A","2003",8.355,
"SVK","PRIVPENSIONASSET","TOT","MLN_USD","A","2004",0,"L"
"SVK","PRIVPENSIONASSET","TOT","MLN_USD","A","2005",282.92,
"SVK","PRIVPENSIONASSET","TOT","MLN_USD","A","2006",1742.623,
"SVK","PRIVPENSIONASSET","TOT","MLN_USD","A","2007",3365.74,
"SVK","PRIVPENSIONASSET","TOT","MLN_USD","A","2008",4417.184,
"SVK","PRIVPENSIONASSET","TOT","MLN_USD","A","2009",5713.028,
"SVK","PRIVPENSIONASSET","TOT","MLN_USD","A","2010",6523.355,
"SVK","PRIVPENSIONASSET","TOT","MLN_USD","A","2011",7502.609,
"SVK","PRIVPENSIONASSET","TOT","MLN_USD","A","2012",8993.797,
"SVK","PRIVPENSIONASSET","TOT","MLN_USD","A","2013",9926.223,
"SVK","PRIVPENSIONASSET","TOT","MLN_USD","A","2014",9644.606,
"SVK","PRIVPENSIONASSET","TOT","MLN_USD","A","2015",8749.853,
"ESP","PRIVPENSIONASSET","TOT","MLN_USD","A","2001",46077.713,
"ESP","PRIVPENSIONASSET","TOT","MLN_USD","A","2002",85241.063,
"ESP","PRIVPENSIONASSET","TOT","MLN_USD","A","2003",116531.074,
"ESP","PRIVPENSIONASSET","TOT","MLN_USD","A","2004",136722.694,
"ESP","PRIVPENSIONASSET","TOT","MLN_USD","A","2005",130359.445,
"ESP","PRIVPENSIONASSET","TOT","MLN_USD","A","2006",160132.713,
"ESP","PRIVPENSIONASSET","TOT","MLN_USD","A","2007",194787.242,
"ESP","PRIVPENSIONASSET","TOT","MLN_USD","A","2008",175804.693,
"ESP","PRIVPENSIONASSET","TOT","MLN_USD","A","2009",192368.792,
"ESP","PRIVPENSIONASSET","TOT","MLN_USD","A","2010",179583.142,
"ESP","PRIVPENSIONASSET","TOT","MLN_USD","A","2011",172641.99,
"ESP","PRIVPENSIONASSET","TOT","MLN_USD","A","2012",180436.962,
"ESP","PRIVPENSIONASSET","TOT","MLN_USD","A","2013",199630.2,
"ESP","PRIVPENSIONASSET","TOT","MLN_USD","A","2014",183600.209,
"ESP","PRIVPENSIONASSET","TOT","MLN_USD","A","2015",168045.887,
"SWE","PRIVPENSIONASSET","TOT","MLN_USD","A","1995",44489.354,
"SWE","PRIVPENSIONASSET","TOT","MLN_USD","A","1996",57014.492,
"SWE","PRIVPENSIONASSET","TOT","MLN_USD","A","1997",53024.986,
"SWE","PRIVPENSIONASSET","TOT","MLN_USD","A","1998",58537.764,
"SWE","PRIVPENSIONASSET","TOT","MLN_USD","A","1999",66935.557,
"SWE","PRIVPENSIONASSET","TOT","MLN_USD","A","2000",61647.93,
"SWE","PRIVPENSIONASSET","TOT","MLN_USD","A","2001",70559.831,
"SWE","PRIVPENSIONASSET","TOT","MLN_USD","A","2002",93882.946,
"SWE","PRIVPENSIONASSET","TOT","MLN_USD","A","2003",115642.352,
"SWE","PRIVPENSIONASSET","TOT","MLN_USD","A","2004",156697.76,
"SWE","PRIVPENSIONASSET","TOT","MLN_USD","A","2005",155130.428,
"SWE","PRIVPENSIONASSET","TOT","MLN_USD","A","2006",234208.088,
"SWE","PRIVPENSIONASSET","TOT","MLN_USD","A","2007",274642.79,
"SWE","PRIVPENSIONASSET","TOT","MLN_USD","A","2008",236822.011,
"SWE","PRIVPENSIONASSET","TOT","MLN_USD","A","2009",242121.97,
"SWE","PRIVPENSIONASSET","TOT","MLN_USD","A","2010",280018.779,
"SWE","PRIVPENSIONASSET","TOT","MLN_USD","A","2011",322190.136,
"SWE","PRIVPENSIONASSET","TOT","MLN_USD","A","2012",377350.45,
"SWE","PRIVPENSIONASSET","TOT","MLN_USD","A","2013",399517.42,
"SWE","PRIVPENSIONASSET","TOT","MLN_USD","A","2014",383673.965,
"SWE","PRIVPENSIONASSET","TOT","MLN_USD","A","2015",374145.579,
"CHE","PRIVPENSIONASSET","TOT","MLN_USD","A","1994",202970.494,
"CHE","PRIVPENSIONASSET","TOT","MLN_USD","A","1995",255469.304,
"CHE","PRIVPENSIONASSET","TOT","MLN_USD","A","1996",264133.128,
"CHE","PRIVPENSIONASSET","TOT","MLN_USD","A","1997",251728.104,
"CHE","PRIVPENSIONASSET","TOT","MLN_USD","A","1998",278354.174,
"CHE","PRIVPENSIONASSET","TOT","MLN_USD","A","1999",299454.328,
"CHE","PRIVPENSIONASSET","TOT","MLN_USD","A","2000",275649.429,
"CHE","PRIVPENSIONASSET","TOT","MLN_USD","A","2001",262861.548,
"CHE","PRIVPENSIONASSET","TOT","MLN_USD","A","2002",300344.314,
"CHE","PRIVPENSIONASSET","TOT","MLN_USD","A","2003",364039.59,
"CHE","PRIVPENSIONASSET","TOT","MLN_USD","A","2004",427751.54,
"CHE","PRIVPENSIONASSET","TOT","MLN_USD","A","2005",412865.267,
"CHE","PRIVPENSIONASSET","TOT","MLN_USD","A","2006",477970.357,
"CHE","PRIVPENSIONASSET","TOT","MLN_USD","A","2007",537946.429,
"CHE","PRIVPENSIONASSET","TOT","MLN_USD","A","2008",506274.083,
"CHE","PRIVPENSIONASSET","TOT","MLN_USD","A","2009",581203.057,
"CHE","PRIVPENSIONASSET","TOT","MLN_USD","A","2010",661168.272,
"CHE","PRIVPENSIONASSET","TOT","MLN_USD","A","2011",664570.849,
"CHE","PRIVPENSIONASSET","TOT","MLN_USD","A","2012",734000.979,
"CHE","PRIVPENSIONASSET","TOT","MLN_USD","A","2013",807893.16,
"CHE","PRIVPENSIONASSET","TOT","MLN_USD","A","2014",785906.324,
"CHE","PRIVPENSIONASSET","TOT","MLN_USD","A","2015",794357.594,
"TUR","PRIVPENSIONASSET","TOT","MLN_USD","A","2004",1638.837,
"TUR","PRIVPENSIONASSET","TOT","MLN_USD","A","2005",3233.032,
"TUR","PRIVPENSIONASSET","TOT","MLN_USD","A","2006",4024.131,
"TUR","PRIVPENSIONASSET","TOT","MLN_USD","A","2007",8793.676,
"TUR","PRIVPENSIONASSET","TOT","MLN_USD","A","2008",9309.041,
"TUR","PRIVPENSIONASSET","TOT","MLN_USD","A","2009",14542.994,
"TUR","PRIVPENSIONASSET","TOT","MLN_USD","A","2010",16768.516,
"TUR","PRIVPENSIONASSET","TOT","MLN_USD","A","2011",28284.44,
"TUR","PRIVPENSIONASSET","TOT","MLN_USD","A","2012",30199.729,
"TUR","PRIVPENSIONASSET","TOT","MLN_USD","A","2013",35543.012,
"TUR","PRIVPENSIONASSET","TOT","MLN_USD","A","2014",41119.007,
"TUR","PRIVPENSIONASSET","TOT","MLN_USD","A","2015",37196.459,
"GBR","PRIVPENSIONASSET","TOT","MLN_USD","A","2001",1047755.906,
"GBR","PRIVPENSIONASSET","TOT","MLN_USD","A","2002",1000034.863,
"GBR","PRIVPENSIONASSET","TOT","MLN_USD","A","2003",1284337.939,
"GBR","PRIVPENSIONASSET","TOT","MLN_USD","A","2004",1571945.215,
"GBR","PRIVPENSIONASSET","TOT","MLN_USD","A","2005",1713462.69,
"GBR","PRIVPENSIONASSET","TOT","MLN_USD","A","2006",2195132.602,
"GBR","PRIVPENSIONASSET","TOT","MLN_USD","A","2007",2266069.781,
"GBR","PRIVPENSIONASSET","TOT","MLN_USD","A","2008",1412246.666,
"GBR","PRIVPENSIONASSET","TOT","MLN_USD","A","2009",1820742.309,
"GBR","PRIVPENSIONASSET","TOT","MLN_USD","A","2010",2018040.651,
"GBR","PRIVPENSIONASSET","TOT","MLN_USD","A","2011",2232597.776,
"GBR","PRIVPENSIONASSET","TOT","MLN_USD","A","2012",2529994.776,
"GBR","PRIVPENSIONASSET","TOT","MLN_USD","A","2013",2810563.918,
"GBR","PRIVPENSIONASSET","TOT","MLN_USD","A","2014",2784629.523,
"GBR","PRIVPENSIONASSET","TOT","MLN_USD","A","2015",2741924.004,
"USA","PRIVPENSIONASSET","TOT","MLN_USD","A","1980",,"L"
"USA","PRIVPENSIONASSET","TOT","MLN_USD","A","1981",1098200,
"USA","PRIVPENSIONASSET","TOT","MLN_USD","A","1982",1351301,
"USA","PRIVPENSIONASSET","TOT","MLN_USD","A","1983",1633814,
"USA","PRIVPENSIONASSET","TOT","MLN_USD","A","1984",1853905,
"USA","PRIVPENSIONASSET","TOT","MLN_USD","A","1985",2312613,
"USA","PRIVPENSIONASSET","TOT","MLN_USD","A","1986",2633127,
"USA","PRIVPENSIONASSET","TOT","MLN_USD","A","1987",2880745,
"USA","PRIVPENSIONASSET","TOT","MLN_USD","A","1988",3167498,
"USA","PRIVPENSIONASSET","TOT","MLN_USD","A","1989",3677106,
"USA","PRIVPENSIONASSET","TOT","MLN_USD","A","1990",3905550,
"USA","PRIVPENSIONASSET","TOT","MLN_USD","A","1991",4556603,
"USA","PRIVPENSIONASSET","TOT","MLN_USD","A","1992",4957845,
"USA","PRIVPENSIONASSET","TOT","MLN_USD","A","1993",5539736,
"USA","PRIVPENSIONASSET","TOT","MLN_USD","A","1994",5873581,
"USA","PRIVPENSIONASSET","TOT","MLN_USD","A","1995",6907840,
"USA","PRIVPENSIONASSET","TOT","MLN_USD","A","1996",7814668,
"USA","PRIVPENSIONASSET","TOT","MLN_USD","A","1997",9024698,
"USA","PRIVPENSIONASSET","TOT","MLN_USD","A","1998",10348767,
"USA","PRIVPENSIONASSET","TOT","MLN_USD","A","1999",11826628,
"USA","PRIVPENSIONASSET","TOT","MLN_USD","A","2000",11675539,
"USA","PRIVPENSIONASSET","TOT","MLN_USD","A","2001",11215284,
"USA","PRIVPENSIONASSET","TOT","MLN_USD","A","2002",10456054,
"USA","PRIVPENSIONASSET","TOT","MLN_USD","A","2003",12427689,
"USA","PRIVPENSIONASSET","TOT","MLN_USD","A","2004",13641433,
"USA","PRIVPENSIONASSET","TOT","MLN_USD","A","2005",14603086,
"USA","PRIVPENSIONASSET","TOT","MLN_USD","A","2006",16396473,
"USA","PRIVPENSIONASSET","TOT","MLN_USD","A","2007",17616835,
"USA","PRIVPENSIONASSET","TOT","MLN_USD","A","2008",13849770,
"USA","PRIVPENSIONASSET","TOT","MLN_USD","A","2009",16055623,
"USA","PRIVPENSIONASSET","TOT","MLN_USD","A","2010",17832718,
"USA","PRIVPENSIONASSET","TOT","MLN_USD","A","2011",17975255,
"USA","PRIVPENSIONASSET","TOT","MLN_USD","A","2012",19661329,
"USA","PRIVPENSIONASSET","TOT","MLN_USD","A","2013",22699409,
"USA","PRIVPENSIONASSET","TOT","MLN_USD","A","2014",23796330,
"USA","PRIVPENSIONASSET","TOT","MLN_USD","A","2015",23860553,
"ALB","PRIVPENSIONASSET","TOT","MLN_USD","A","2007",0.544,
"ALB","PRIVPENSIONASSET","TOT","MLN_USD","A","2008",1.159,
"ALB","PRIVPENSIONASSET","TOT","MLN_USD","A","2009",2.183,
"ALB","PRIVPENSIONASSET","TOT","MLN_USD","A","2010",2.988,
"ALB","PRIVPENSIONASSET","TOT","MLN_USD","A","2011",1.441,
"ALB","PRIVPENSIONASSET","TOT","MLN_USD","A","2012",2.679,
"ALB","PRIVPENSIONASSET","TOT","MLN_USD","A","2013",4.281,
"ALB","PRIVPENSIONASSET","TOT","MLN_USD","A","2014",5.484,
"ALB","PRIVPENSIONASSET","TOT","MLN_USD","A","2015",7.396,
"ARG","PRIVPENSIONASSET","TOT","MLN_USD","A","2002",10737.651,
"ARG","PRIVPENSIONASSET","TOT","MLN_USD","A","2003",16111.222,
"ARG","PRIVPENSIONASSET","TOT","MLN_USD","A","2004",18064.725,
"ARG","PRIVPENSIONASSET","TOT","MLN_USD","A","2005",21725.705,
"BRA","PRIVPENSIONASSET","TOT","MLN_USD","A","2003",68718.848,
"BRA","PRIVPENSIONASSET","TOT","MLN_USD","A","2006",224786.996,
"BRA","PRIVPENSIONASSET","TOT","MLN_USD","A","2007",317187.98,
"BRA","PRIVPENSIONASSET","TOT","MLN_USD","A","2008",176571.183,
"BRA","PRIVPENSIONASSET","TOT","MLN_USD","A","2009",279061.239,
"BRA","PRIVPENSIONASSET","TOT","MLN_USD","A","2010",319784.713,
"BRA","PRIVPENSIONASSET","TOT","MLN_USD","A","2011",308273.121,
"BRA","PRIVPENSIONASSET","TOT","MLN_USD","A","2013",273965.418,
"BRA","PRIVPENSIONASSET","TOT","MLN_USD","A","2014",411790.399,
"BRA","PRIVPENSIONASSET","TOT","MLN_USD","A","2015",,"L"
"BGR","PRIVPENSIONASSET","TOT","MLN_USD","A","2001",84.216,
"BGR","PRIVPENSIONASSET","TOT","MLN_USD","A","2002",179.001,
"BGR","PRIVPENSIONASSET","TOT","MLN_USD","A","2003",331.112,
"BGR","PRIVPENSIONASSET","TOT","MLN_USD","A","2004",553.144,
"BGR","PRIVPENSIONASSET","TOT","MLN_USD","A","2005",674.009,
"BGR","PRIVPENSIONASSET","TOT","MLN_USD","A","2006",1025.103,
"BGR","PRIVPENSIONASSET","TOT","MLN_USD","A","2007",1748.633,
"BGR","PRIVPENSIONASSET","TOT","MLN_USD","A","2008",1660.268,
"BGR","PRIVPENSIONASSET","TOT","MLN_USD","A","2009",2326.296,
"BGR","PRIVPENSIONASSET","TOT","MLN_USD","A","2010",2713.525,
"BGR","PRIVPENSIONASSET","TOT","MLN_USD","A","2011",3041.777,
"BGR","PRIVPENSIONASSET","TOT","MLN_USD","A","2012",3848.227,
"BGR","PRIVPENSIONASSET","TOT","MLN_USD","A","2013",4806.956,
"BGR","PRIVPENSIONASSET","TOT","MLN_USD","A","2014",5088.964,
"BGR","PRIVPENSIONASSET","TOT","MLN_USD","A","2015",5247.651,
"CHL","PRIVPENSIONASSET","TOT","MLN_USD","A","2001",35384.581,
"CHL","PRIVPENSIONASSET","TOT","MLN_USD","A","2002",35825.852,
"CHL","PRIVPENSIONASSET","TOT","MLN_USD","A","2003",49224.169,
"CHL","PRIVPENSIONASSET","TOT","MLN_USD","A","2004",60534.599,
"CHL","PRIVPENSIONASSET","TOT","MLN_USD","A","2005",74507.84,
"CHL","PRIVPENSIONASSET","TOT","MLN_USD","A","2006",88293.462,
"CHL","PRIVPENSIONASSET","TOT","MLN_USD","A","2007",111276.576,
"CHL","PRIVPENSIONASSET","TOT","MLN_USD","A","2008",74312.759,
"CHL","PRIVPENSIONASSET","TOT","MLN_USD","A","2009",118052.153,
"CHL","PRIVPENSIONASSET","TOT","MLN_USD","A","2010",148437.026,
"CHL","PRIVPENSIONASSET","TOT","MLN_USD","A","2011",134962.258,
"CHL","PRIVPENSIONASSET","TOT","MLN_USD","A","2012",162020.98,
"CHL","PRIVPENSIONASSET","TOT","MLN_USD","A","2013",162987.982,
"CHL","PRIVPENSIONASSET","TOT","MLN_USD","A","2014",165431.55,
"CHL","PRIVPENSIONASSET","TOT","MLN_USD","A","2015",154711.201,
"COL","PRIVPENSIONASSET","TOT","MLN_USD","A","2001",4938.831,
"COL","PRIVPENSIONASSET","TOT","MLN_USD","A","2002",5471.95,
"COL","PRIVPENSIONASSET","TOT","MLN_USD","A","2003",7315.107,
"COL","PRIVPENSIONASSET","TOT","MLN_USD","A","2004",10964.513,
"COL","PRIVPENSIONASSET","TOT","MLN_USD","A","2005",17017.685,
"COL","PRIVPENSIONASSET","TOT","MLN_USD","A","2006",19474.151,
"COL","PRIVPENSIONASSET","TOT","MLN_USD","A","2007",32632.504,
"COL","PRIVPENSIONASSET","TOT","MLN_USD","A","2008",31402.628,
"COL","PRIVPENSIONASSET","TOT","MLN_USD","A","2009",32782.646,
"COL","PRIVPENSIONASSET","TOT","MLN_USD","A","2010",44179.309,
"COL","PRIVPENSIONASSET","TOT","MLN_USD","A","2011",54005.677,
"COL","PRIVPENSIONASSET","TOT","MLN_USD","A","2012",68221.389,
"COL","PRIVPENSIONASSET","TOT","MLN_USD","A","2013",66910.697,
"COL","PRIVPENSIONASSET","TOT","MLN_USD","A","2014",63741.598,
"COL","PRIVPENSIONASSET","TOT","MLN_USD","A","2015",51968.234,
"HRV","PRIVPENSIONASSET","TOT","MLN_USD","A","2002",326.695,
"HRV","PRIVPENSIONASSET","TOT","MLN_USD","A","2003",863.241,
"HRV","PRIVPENSIONASSET","TOT","MLN_USD","A","2004",1555.796,
"HRV","PRIVPENSIONASSET","TOT","MLN_USD","A","2005",1871.776,
"HRV","PRIVPENSIONASSET","TOT","MLN_USD","A","2014",11156.831,
"HRV","PRIVPENSIONASSET","TOT","MLN_USD","A","2015",11290.507,
"EST","PRIVPENSIONASSET","TOT","MLN_USD","A","2001",1.909,
"EST","PRIVPENSIONASSET","TOT","MLN_USD","A","2002",30.52,
"EST","PRIVPENSIONASSET","TOT","MLN_USD","A","2003",131.54,
"EST","PRIVPENSIONASSET","TOT","MLN_USD","A","2004",302.105,
"EST","PRIVPENSIONASSET","TOT","MLN_USD","A","2005",464.285,
"EST","PRIVPENSIONASSET","TOT","MLN_USD","A","2006",830.875,
"EST","PRIVPENSIONASSET","TOT","MLN_USD","A","2007",1330.63,
"EST","PRIVPENSIONASSET","TOT","MLN_USD","A","2008",1281.945,
"EST","PRIVPENSIONASSET","TOT","MLN_USD","A","2009",1686.527,
"EST","PRIVPENSIONASSET","TOT","MLN_USD","A","2010",1771.622,
"EST","PRIVPENSIONASSET","TOT","MLN_USD","A","2011",1805.773,
"EST","PRIVPENSIONASSET","TOT","MLN_USD","A","2012",2326.486,
"EST","PRIVPENSIONASSET","TOT","MLN_USD","A","2013",2843.47,
"EST","PRIVPENSIONASSET","TOT","MLN_USD","A","2014",3086.667,
"EST","PRIVPENSIONASSET","TOT","MLN_USD","A","2015",3225.927,
"HKG","PRIVPENSIONASSET","TOT","MLN_USD","A","2001",24486.169,
"HKG","PRIVPENSIONASSET","TOT","MLN_USD","A","2002",27690.116,
"HKG","PRIVPENSIONASSET","TOT","MLN_USD","A","2003",29312.029,
"HKG","PRIVPENSIONASSET","TOT","MLN_USD","A","2004",38423.675,
"HKG","PRIVPENSIONASSET","TOT","MLN_USD","A","2005",44323.02,
"HKG","PRIVPENSIONASSET","TOT","MLN_USD","A","2006",52820.539,
"HKG","PRIVPENSIONASSET","TOT","MLN_USD","A","2007",64567.467,
"HKG","PRIVPENSIONASSET","TOT","MLN_USD","A","2008",60531.135,
"HKG","PRIVPENSIONASSET","TOT","MLN_USD","A","2009",67536.204,
"HKG","PRIVPENSIONASSET","TOT","MLN_USD","A","2010",78246.238,
"HKG","PRIVPENSIONASSET","TOT","MLN_USD","A","2011",79645.058,
"HKG","PRIVPENSIONASSET","TOT","MLN_USD","A","2012",90496.337,
"HKG","PRIVPENSIONASSET","TOT","MLN_USD","A","2013",103045.026,
"HKG","PRIVPENSIONASSET","TOT","MLN_USD","A","2014",110226.21,
"HKG","PRIVPENSIONASSET","TOT","MLN_USD","A","2015",115248.025,
"IND","PRIVPENSIONASSET","TOT","MLN_USD","A","2003",1343.114,
"IND","PRIVPENSIONASSET","TOT","MLN_USD","A","2011",2848.222,
"IND","PRIVPENSIONASSET","TOT","MLN_USD","A","2012",5450.068,
"IDN","PRIVPENSIONASSET","TOT","MLN_USD","A","2002",4496.644,
"IDN","PRIVPENSIONASSET","TOT","MLN_USD","A","2003",5600.709,
"IDN","PRIVPENSIONASSET","TOT","MLN_USD","A","2004",5960.172,
"IDN","PRIVPENSIONASSET","TOT","MLN_USD","A","2005",6195.32,
"IDN","PRIVPENSIONASSET","TOT","MLN_USD","A","2006",8310.421,
"IDN","PRIVPENSIONASSET","TOT","MLN_USD","A","2007",9332.718,
"IDN","PRIVPENSIONASSET","TOT","MLN_USD","A","2011",15057.761,
"IDN","PRIVPENSIONASSET","TOT","MLN_USD","A","2015",14505.599,
"ISR","PRIVPENSIONASSET","TOT","MLN_USD","A","2000",27777.53,
"ISR","PRIVPENSIONASSET","TOT","MLN_USD","A","2001",27246.317,
"ISR","PRIVPENSIONASSET","TOT","MLN_USD","A","2002",28352.544,
"ISR","PRIVPENSIONASSET","TOT","MLN_USD","A","2003",31802.212,
"ISR","PRIVPENSIONASSET","TOT","MLN_USD","A","2004",34434.351,
"ISR","PRIVPENSIONASSET","TOT","MLN_USD","A","2005",41011.745,
"ISR","PRIVPENSIONASSET","TOT","MLN_USD","A","2006",47692.14,
"ISR","PRIVPENSIONASSET","TOT","MLN_USD","A","2007",58235.204,
"ISR","PRIVPENSIONASSET","TOT","MLN_USD","A","2008",80750.635,
"ISR","PRIVPENSIONASSET","TOT","MLN_USD","A","2009",94678.057,
"ISR","PRIVPENSIONASSET","TOT","MLN_USD","A","2010",112423.099,
"ISR","PRIVPENSIONASSET","TOT","MLN_USD","A","2011",112839.621,
"ISR","PRIVPENSIONASSET","TOT","MLN_USD","A","2012",130094.501,
"ISR","PRIVPENSIONASSET","TOT","MLN_USD","A","2013",153613.073,
"ISR","PRIVPENSIONASSET","TOT","MLN_USD","A","2014",154304.795,
"ISR","PRIVPENSIONASSET","TOT","MLN_USD","A","2015",165227.976,
"KAZ","PRIVPENSIONASSET","TOT","MLN_USD","A","2001",1155.748,
"KAZ","PRIVPENSIONASSET","TOT","MLN_USD","A","2002",1706.306,
"KAZ","PRIVPENSIONASSET","TOT","MLN_USD","A","2003",2341.92,
"KAZ","PRIVPENSIONASSET","TOT","MLN_USD","A","2004",3871.908,
"KAZ","PRIVPENSIONASSET","TOT","MLN_USD","A","2005",4708.026,
"LVA","PRIVPENSIONASSET","TOT","MLN_USD","A","2001",19.592,
"LVA","PRIVPENSIONASSET","TOT","MLN_USD","A","2002",43.771,
"LVA","PRIVPENSIONASSET","TOT","MLN_USD","A","2003",83.734,
"LVA","PRIVPENSIONASSET","TOT","MLN_USD","A","2004",141.128,
"LVA","PRIVPENSIONASSET","TOT","MLN_USD","A","2005",197.934,
"LVA","PRIVPENSIONASSET","TOT","MLN_USD","A","2006",324.805,
"LVA","PRIVPENSIONASSET","TOT","MLN_USD","A","2007",638.786,
"LVA","PRIVPENSIONASSET","TOT","MLN_USD","A","2008",1065.184,
"LVA","PRIVPENSIONASSET","TOT","MLN_USD","A","2009",1643.087,
"LVA","PRIVPENSIONASSET","TOT","MLN_USD","A","2010",1784.931,
"LVA","PRIVPENSIONASSET","TOT","MLN_USD","A","2011",1825.743,
"LVA","PRIVPENSIONASSET","TOT","MLN_USD","A","2012",2191.535,
"LVA","PRIVPENSIONASSET","TOT","MLN_USD","A","2013",2650.11,
"LVA","PRIVPENSIONASSET","TOT","MLN_USD","A","2014",2813.121,
"LVA","PRIVPENSIONASSET","TOT","MLN_USD","A","2015",2916.523,
"LIE","PRIVPENSIONASSET","TOT","MLN_USD","A","2007",1985.74,
"LIE","PRIVPENSIONASSET","TOT","MLN_USD","A","2008",2130.638,
"LIE","PRIVPENSIONASSET","TOT","MLN_USD","A","2009",2647.259,
"LIE","PRIVPENSIONASSET","TOT","MLN_USD","A","2010",3695.647,
"LIE","PRIVPENSIONASSET","TOT","MLN_USD","A","2011",3748.358,
"LIE","PRIVPENSIONASSET","TOT","MLN_USD","A","2012",3924.678,
"LIE","PRIVPENSIONASSET","TOT","MLN_USD","A","2013",4434.201,
"LIE","PRIVPENSIONASSET","TOT","MLN_USD","A","2014",4274.603,
"LIE","PRIVPENSIONASSET","TOT","MLN_USD","A","2015",4973.783,
"MKD","PRIVPENSIONASSET","TOT","MLN_USD","A","2007",75.025,
"MKD","PRIVPENSIONASSET","TOT","MLN_USD","A","2008",115.631,
"MKD","PRIVPENSIONASSET","TOT","MLN_USD","A","2009",205.119,
"MKD","PRIVPENSIONASSET","TOT","MLN_USD","A","2010",269.758,
"MKD","PRIVPENSIONASSET","TOT","MLN_USD","A","2011",339.566,
"MKD","PRIVPENSIONASSET","TOT","MLN_USD","A","2012",457.349,
"MKD","PRIVPENSIONASSET","TOT","MLN_USD","A","2013",608.074,
"MKD","PRIVPENSIONASSET","TOT","MLN_USD","A","2014",664.201,
"MKD","PRIVPENSIONASSET","TOT","MLN_USD","A","2015",723.775,
"MLT","PRIVPENSIONASSET","TOT","MLN_USD","A","2011",44.939,
"MLT","PRIVPENSIONASSET","TOT","MLN_USD","A","2012",758.906,
"MLT","PRIVPENSIONASSET","TOT","MLN_USD","A","2013",1691.891,
"MLT","PRIVPENSIONASSET","TOT","MLN_USD","A","2014",2599.169,
"MLT","PRIVPENSIONASSET","TOT","MLN_USD","A","2015",3424.792,
"NGA","PRIVPENSIONASSET","TOT","MLN_USD","A","2007",6910.289,
"NGA","PRIVPENSIONASSET","TOT","MLN_USD","A","2008",8290.354,
"NGA","PRIVPENSIONASSET","TOT","MLN_USD","A","2009",10141.796,
"NGA","PRIVPENSIONASSET","TOT","MLN_USD","A","2010",13418.075,
"NGA","PRIVPENSIONASSET","TOT","MLN_USD","A","2011",15434.93,
"NGA","PRIVPENSIONASSET","TOT","MLN_USD","A","2012",20041.671,
"NGA","PRIVPENSIONASSET","TOT","MLN_USD","A","2013",25801.332,
"NGA","PRIVPENSIONASSET","TOT","MLN_USD","A","2014",27178.395,
"NGA","PRIVPENSIONASSET","TOT","MLN_USD","A","2015",26912.589,
"PAK","PRIVPENSIONASSET","TOT","MLN_USD","A","2001",0,"L"
"PAK","PRIVPENSIONASSET","TOT","MLN_USD","A","2002",0,"L"
"PAK","PRIVPENSIONASSET","TOT","MLN_USD","A","2003",0,"L"
"PAK","PRIVPENSIONASSET","TOT","MLN_USD","A","2004",0,"L"
"PAK","PRIVPENSIONASSET","TOT","MLN_USD","A","2005",0,"L"
"PAK","PRIVPENSIONASSET","TOT","MLN_USD","A","2006",0,"L"
"PAK","PRIVPENSIONASSET","TOT","MLN_USD","A","2007",10.58,
"PAK","PRIVPENSIONASSET","TOT","MLN_USD","A","2008",9.297,
"PAK","PRIVPENSIONASSET","TOT","MLN_USD","A","2009",11.968,
"PAK","PRIVPENSIONASSET","TOT","MLN_USD","A","2010",16.043,
"PAK","PRIVPENSIONASSET","TOT","MLN_USD","A","2011",20.472,
"PAK","PRIVPENSIONASSET","TOT","MLN_USD","A","2012",33.272,
"PAK","PRIVPENSIONASSET","TOT","MLN_USD","A","2013",57.621,
"PAK","PRIVPENSIONASSET","TOT","MLN_USD","A","2014",101.522,
"PER","PRIVPENSIONASSET","TOT","MLN_USD","A","2001",3619.974,
"PER","PRIVPENSIONASSET","TOT","MLN_USD","A","2002",4526.604,
"PER","PRIVPENSIONASSET","TOT","MLN_USD","A","2003",6368.905,
"PER","PRIVPENSIONASSET","TOT","MLN_USD","A","2004",7943.034,
"PER","PRIVPENSIONASSET","TOT","MLN_USD","A","2005",9496.81,
"PER","PRIVPENSIONASSET","TOT","MLN_USD","A","2006",14410.946,
"PER","PRIVPENSIONASSET","TOT","MLN_USD","A","2007",20377.489,
"PER","PRIVPENSIONASSET","TOT","MLN_USD","A","2008",15888.15,
"PER","PRIVPENSIONASSET","TOT","MLN_USD","A","2009",23979.053,
"PER","PRIVPENSIONASSET","TOT","MLN_USD","A","2010",31082.642,
"PER","PRIVPENSIONASSET","TOT","MLN_USD","A","2011",30371.463,
"PER","PRIVPENSIONASSET","TOT","MLN_USD","A","2012",37981.595,
"PER","PRIVPENSIONASSET","TOT","MLN_USD","A","2013",36521.376,
"PER","PRIVPENSIONASSET","TOT","MLN_USD","A","2014",38359.631,
"PER","PRIVPENSIONASSET","TOT","MLN_USD","A","2015",36385.565,
"ROU","PRIVPENSIONASSET","TOT","MLN_USD","A","2007",5.724,
"ROU","PRIVPENSIONASSET","TOT","MLN_USD","A","2008",329.646,
"ROU","PRIVPENSIONASSET","TOT","MLN_USD","A","2009",842.213,
"ROU","PRIVPENSIONASSET","TOT","MLN_USD","A","2010",1455.113,
"ROU","PRIVPENSIONASSET","TOT","MLN_USD","A","2011",2053.474,
"ROU","PRIVPENSIONASSET","TOT","MLN_USD","A","2012",3050.551,
"ROU","PRIVPENSIONASSET","TOT","MLN_USD","A","2013",4512.531,
"ROU","PRIVPENSIONASSET","TOT","MLN_USD","A","2014",5471.385,
"ROU","PRIVPENSIONASSET","TOT","MLN_USD","A","2015",6254.15,
"RUS","PRIVPENSIONASSET","TOT","MLN_USD","A","2003",1679.617,
"RUS","PRIVPENSIONASSET","TOT","MLN_USD","A","2004",6333.306,
"RUS","PRIVPENSIONASSET","TOT","MLN_USD","A","2005",11964.78,
"RUS","PRIVPENSIONASSET","TOT","MLN_USD","A","2006",15476.417,
"RUS","PRIVPENSIONASSET","TOT","MLN_USD","A","2011",37060.603,
"RUS","PRIVPENSIONASSET","TOT","MLN_USD","A","2013",117179.338,
"RUS","PRIVPENSIONASSET","TOT","MLN_USD","A","2014",70850.149,
"RUS","PRIVPENSIONASSET","TOT","MLN_USD","A","2015",65767.006,
"SVN","PRIVPENSIONASSET","TOT","MLN_USD","A","2003",343.932,
"SVN","PRIVPENSIONASSET","TOT","MLN_USD","A","2004",669.187,
"SVN","PRIVPENSIONASSET","TOT","MLN_USD","A","2005",843.495,
"SVN","PRIVPENSIONASSET","TOT","MLN_USD","A","2006",1275.822,
"SVN","PRIVPENSIONASSET","TOT","MLN_USD","A","2007",1822.845,
"SVN","PRIVPENSIONASSET","TOT","MLN_USD","A","2008",2005.615,
"SVN","PRIVPENSIONASSET","TOT","MLN_USD","A","2009",2581.966,
"SVN","PRIVPENSIONASSET","TOT","MLN_USD","A","2010",2828.465,
"SVN","PRIVPENSIONASSET","TOT","MLN_USD","A","2011",2881.878,
"SVN","PRIVPENSIONASSET","TOT","MLN_USD","A","2012",2995.434,
"SVN","PRIVPENSIONASSET","TOT","MLN_USD","A","2013",3209.133,
"SVN","PRIVPENSIONASSET","TOT","MLN_USD","A","2014",3109.838,
"SVN","PRIVPENSIONASSET","TOT","MLN_USD","A","2015",2926.676,
"ZAF","PRIVPENSIONASSET","TOT","MLN_USD","A","2003",119562.801,
"ZAF","PRIVPENSIONASSET","TOT","MLN_USD","A","2004",163651.332,
"ZAF","PRIVPENSIONASSET","TOT","MLN_USD","A","2005",127255.81,
"ZAF","PRIVPENSIONASSET","TOT","MLN_USD","A","2006",145291.248,
"ZAF","PRIVPENSIONASSET","TOT","MLN_USD","A","2007",171354.332,
"ZAF","PRIVPENSIONASSET","TOT","MLN_USD","A","2008",126340.677,
"ZAF","PRIVPENSIONASSET","TOT","MLN_USD","A","2009",155894.309,
"ZAF","PRIVPENSIONASSET","TOT","MLN_USD","A","2010",197629.531,
"ZAF","PRIVPENSIONASSET","TOT","MLN_USD","A","2011",,"L"
"ZAF","PRIVPENSIONASSET","TOT","MLN_USD","A","2012",,"L"
"ZAF","PRIVPENSIONASSET","TOT","MLN_USD","A","2013",,"L"
"ZAF","PRIVPENSIONASSET","TOT","MLN_USD","A","2014",,"L"
"THA","PRIVPENSIONASSET","TOT","MLN_USD","A","2001",5040.887,
"THA","PRIVPENSIONASSET","TOT","MLN_USD","A","2002",5673.545,
"THA","PRIVPENSIONASSET","TOT","MLN_USD","A","2003",7257.495,
"THA","PRIVPENSIONASSET","TOT","MLN_USD","A","2004",7820.094,
"THA","PRIVPENSIONASSET","TOT","MLN_USD","A","2005",8430.338,
"THA","PRIVPENSIONASSET","TOT","MLN_USD","A","2006",10845.408,
"THA","PRIVPENSIONASSET","TOT","MLN_USD","A","2007",13099.943,
"THA","PRIVPENSIONASSET","TOT","MLN_USD","A","2008",13333.168,
"THA","PRIVPENSIONASSET","TOT","MLN_USD","A","2009",15505.874,
"THA","PRIVPENSIONASSET","TOT","MLN_USD","A","2010",19165.498,
"THA","PRIVPENSIONASSET","TOT","MLN_USD","A","2011",19532.451,
"THA","PRIVPENSIONASSET","TOT","MLN_USD","A","2012",22847.31,
"THA","PRIVPENSIONASSET","TOT","MLN_USD","A","2013",22965.477,
"THA","PRIVPENSIONASSET","TOT","MLN_USD","A","2014",25529.046,
"THA","PRIVPENSIONASSET","TOT","MLN_USD","A","2015",24667.072,
"URY","PRIVPENSIONASSET","TOT","MLN_USD","A","2002",697.985,
"URY","PRIVPENSIONASSET","TOT","MLN_USD","A","2003",1186.168,
"URY","PRIVPENSIONASSET","TOT","MLN_USD","A","2004",1827.651,
"URY","PRIVPENSIONASSET","TOT","MLN_USD","A","2005",2187.034,
"ZMB","PRIVPENSIONASSET","TOT","MLN_USD","A","2001",141.753,
"ZMB","PRIVPENSIONASSET","TOT","MLN_USD","A","2002",151.283,
"ZMB","PRIVPENSIONASSET","TOT","MLN_USD","A","2003",253.406,
"ZMB","PRIVPENSIONASSET","TOT","MLN_USD","A","2004",222.266,
"ZMB","PRIVPENSIONASSET","TOT","MLN_USD","A","2005",344.408,
"ZMB","PRIVPENSIONASSET","TOT","MLN_USD","A","2006",0,"L"
"ZMB","PRIVPENSIONASSET","TOT","MLN_USD","A","2014",876.101,
"ZMB","PRIVPENSIONASSET","TOT","MLN_USD","A","2015",580.928,
"SRB","PRIVPENSIONASSET","TOT","MLN_USD","A","2006",3.773,
"SRB","PRIVPENSIONASSET","TOT","MLN_USD","A","2007",56.895,
"SRB","PRIVPENSIONASSET","TOT","MLN_USD","A","2008",74.113,
"SRB","PRIVPENSIONASSET","TOT","MLN_USD","A","2009",108.235,
"SRB","PRIVPENSIONASSET","TOT","MLN_USD","A","2010",125.027,
"SRB","PRIVPENSIONASSET","TOT","MLN_USD","A","2011",154.493,
"SRB","PRIVPENSIONASSET","TOT","MLN_USD","A","2012",189.913,
"SRB","PRIVPENSIONASSET","TOT","MLN_USD","A","2013",237.544,
"SRB","PRIVPENSIONASSET","TOT","MLN_USD","A","2014",237.818,
"SRB","PRIVPENSIONASSET","TOT","MLN_USD","A","2015",260.268,
"EGY","PRIVPENSIONASSET","TOT","MLN_USD","A","2008",4103.788,
"UKR","PRIVPENSIONASSET","TOT","MLN_USD","A","2003",4.999,
"UKR","PRIVPENSIONASSET","TOT","MLN_USD","A","2008",79.506,
"UKR","PRIVPENSIONASSET","TOT","MLN_USD","A","2010",143.726,
"UKR","PRIVPENSIONASSET","TOT","MLN_USD","A","2011",173.584,
"ITA","PRIVPENSIONASSET","TOT","MLN_USD","A","2001",29399.356,
"ITA","PRIVPENSIONASSET","TOT","MLN_USD","A","2002",36731.399,
"ITA","PRIVPENSIONASSET","TOT","MLN_USD","A","2003",48178.674,
"ITA","PRIVPENSIONASSET","TOT","MLN_USD","A","2004",56532.837,
"ITA","PRIVPENSIONASSET","TOT","MLN_USD","A","2005",55899.781,
"ITA","PRIVPENSIONASSET","TOT","MLN_USD","A","2006",69507.376,
"ITA","PRIVPENSIONASSET","TOT","MLN_USD","A","2007",87511.042,
"ITA","PRIVPENSIONASSET","TOT","MLN_USD","A","2008",88421.897,
"ITA","PRIVPENSIONASSET","TOT","MLN_USD","A","2009",107690.138,
"ITA","PRIVPENSIONASSET","TOT","MLN_USD","A","2010",113501.78,
"ITA","PRIVPENSIONASSET","TOT","MLN_USD","A","2011",119887.039,
"ITA","PRIVPENSIONASSET","TOT","MLN_USD","A","2012",141035.477,
"ITA","PRIVPENSIONASSET","TOT","MLN_USD","A","2013",163358.56,
"ITA","PRIVPENSIONASSET","TOT","MLN_USD","A","2014",162888.585,
"ITA","PRIVPENSIONASSET","TOT","MLN_USD","A","2015",154990.598,
"ARM","PRIVPENSIONASSET","TOT","MLN_USD","A","2014",25.569,
"ARM","PRIVPENSIONASSET","TOT","MLN_USD","A","2015",65.199,
"LTU","PRIVPENSIONASSET","TOT","MLN_USD","A","2010",1515.472,
"LTU","PRIVPENSIONASSET","TOT","MLN_USD","A","2011",1563.883,
"LTU","PRIVPENSIONASSET","TOT","MLN_USD","A","2012",1886.619,
"LTU","PRIVPENSIONASSET","TOT","MLN_USD","A","2013",2221.217,
"LTU","PRIVPENSIONASSET","TOT","MLN_USD","A","2014",2329.612,
"LTU","PRIVPENSIONASSET","TOT","MLN_USD","A","2015",2375.968,
"BOL","PRIVPENSIONASSET","TOT","MLN_USD","A","2002",1095.124,
"BOL","PRIVPENSIONASSET","TOT","MLN_USD","A","2003",1460.585,
"BOL","PRIVPENSIONASSET","TOT","MLN_USD","A","2004",1692.552,
"BOL","PRIVPENSIONASSET","TOT","MLN_USD","A","2005",2067.197,
"BWA","PRIVPENSIONASSET","TOT","MLN_USD","A","2013",6730.725,
"CRI","PRIVPENSIONASSET","TOT","MLN_USD","A","2001",473.735,"L"
"CRI","PRIVPENSIONASSET","TOT","MLN_USD","A","2002",771.708,"L"
"CRI","PRIVPENSIONASSET","TOT","MLN_USD","A","2003",1032.601,
"CRI","PRIVPENSIONASSET","TOT","MLN_USD","A","2004",827.773,
"CRI","PRIVPENSIONASSET","TOT","MLN_USD","A","2005",1109.957,
"CRI","PRIVPENSIONASSET","TOT","MLN_USD","A","2006",1496.349,
"CRI","PRIVPENSIONASSET","TOT","MLN_USD","A","2007",1691.185,
"CRI","PRIVPENSIONASSET","TOT","MLN_USD","A","2008",2018.059,
"CRI","PRIVPENSIONASSET","TOT","MLN_USD","A","2009",2369.237,
"CRI","PRIVPENSIONASSET","TOT","MLN_USD","A","2010",2833.468,
"CRI","PRIVPENSIONASSET","TOT","MLN_USD","A","2011",3507.495,
"CRI","PRIVPENSIONASSET","TOT","MLN_USD","A","2012",4354.925,
"CRI","PRIVPENSIONASSET","TOT","MLN_USD","A","2013",5453.035,
"CRI","PRIVPENSIONASSET","TOT","MLN_USD","A","2014",5846.268,
"CRI","PRIVPENSIONASSET","TOT","MLN_USD","A","2015",9016.554,
"DOM","PRIVPENSIONASSET","TOT","MLN_USD","A","2014",6891.718,
"SLV","PRIVPENSIONASSET","TOT","MLN_USD","A","2002",1061,
"SLV","PRIVPENSIONASSET","TOT","MLN_USD","A","2003",1572,
"SLV","PRIVPENSIONASSET","TOT","MLN_USD","A","2004",2148,
"SLV","PRIVPENSIONASSET","TOT","MLN_USD","A","2005",2895.989,
"JAM","PRIVPENSIONASSET","TOT","MLN_USD","A","2001",0,"L"
"JAM","PRIVPENSIONASSET","TOT","MLN_USD","A","2002",0,"L"
"JAM","PRIVPENSIONASSET","TOT","MLN_USD","A","2003",0,"L"
"JAM","PRIVPENSIONASSET","TOT","MLN_USD","A","2004",1603.469,
"JAM","PRIVPENSIONASSET","TOT","MLN_USD","A","2005",0,"L"
"JAM","PRIVPENSIONASSET","TOT","MLN_USD","A","2006",1967.951,
"JAM","PRIVPENSIONASSET","TOT","MLN_USD","A","2007",2470.464,
"JAM","PRIVPENSIONASSET","TOT","MLN_USD","A","2008",2448.487,
"JAM","PRIVPENSIONASSET","TOT","MLN_USD","A","2009",2489.732,
"JAM","PRIVPENSIONASSET","TOT","MLN_USD","A","2010",3026.449,
"JAM","PRIVPENSIONASSET","TOT","MLN_USD","A","2011",3276.462,
"JAM","PRIVPENSIONASSET","TOT","MLN_USD","A","2012",3137.171,
"JAM","PRIVPENSIONASSET","TOT","MLN_USD","A","2013",2864.203,
"JAM","PRIVPENSIONASSET","TOT","MLN_USD","A","2014",2958.431,
"JAM","PRIVPENSIONASSET","TOT","MLN_USD","A","2015",3291.945,
"JOR","PRIVPENSIONASSET","TOT","MLN_USD","A","2001",0,"L"
"JOR","PRIVPENSIONASSET","TOT","MLN_USD","A","2002",0,"L"
"JOR","PRIVPENSIONASSET","TOT","MLN_USD","A","2003",0,"L"
"JOR","PRIVPENSIONASSET","TOT","MLN_USD","A","2004",0,"L"
"JOR","PRIVPENSIONASSET","TOT","MLN_USD","A","2005",0,"L"
"JOR","PRIVPENSIONASSET","TOT","MLN_USD","A","2006",0,"L"
"JOR","PRIVPENSIONASSET","TOT","MLN_USD","A","2007",,"L"
"KEN","PRIVPENSIONASSET","TOT","MLN_USD","A","2001",1092.621,
"KEN","PRIVPENSIONASSET","TOT","MLN_USD","A","2002",1391.76,
"KEN","PRIVPENSIONASSET","TOT","MLN_USD","A","2003",1751.706,
"KEN","PRIVPENSIONASSET","TOT","MLN_USD","A","2004",2013.785,
"KEN","PRIVPENSIONASSET","TOT","MLN_USD","A","2005",2589.382,
"KEN","PRIVPENSIONASSET","TOT","MLN_USD","A","2006",3506.319,
"KEN","PRIVPENSIONASSET","TOT","MLN_USD","A","2008",3503.794,
"KEN","PRIVPENSIONASSET","TOT","MLN_USD","A","2009",4139.603,
"KEN","PRIVPENSIONASSET","TOT","MLN_USD","A","2010",5346.336,
"KEN","PRIVPENSIONASSET","TOT","MLN_USD","A","2011",5419.047,
"KEN","PRIVPENSIONASSET","TOT","MLN_USD","A","2012",6380.173,
"KEN","PRIVPENSIONASSET","TOT","MLN_USD","A","2013",8071.86,
"KEN","PRIVPENSIONASSET","TOT","MLN_USD","A","2014",8344.192,
"LSO","PRIVPENSIONASSET","TOT","MLN_USD","A","2011",272.139,
"LSO","PRIVPENSIONASSET","TOT","MLN_USD","A","2012",307.841,
"MWI","PRIVPENSIONASSET","TOT","MLN_USD","A","2014",524.619,
"MWI","PRIVPENSIONASSET","TOT","MLN_USD","A","2015",675.088,
"MUS","PRIVPENSIONASSET","TOT","MLN_USD","A","2001",1862.14,
"MUS","PRIVPENSIONASSET","TOT","MLN_USD","A","2002",2073.601,
"MUS","PRIVPENSIONASSET","TOT","MLN_USD","A","2003",2657.043,
"MUS","PRIVPENSIONASSET","TOT","MLN_USD","A","2004",3130.174,
"MUS","PRIVPENSIONASSET","TOT","MLN_USD","A","2005",3258.781,
"MUS","PRIVPENSIONASSET","TOT","MLN_USD","A","2006",0,"L"
"MUS","PRIVPENSIONASSET","TOT","MLN_USD","A","2012",1163.088,
"MUS","PRIVPENSIONASSET","TOT","MLN_USD","A","2013",1352.708,
"MUS","PRIVPENSIONASSET","TOT","MLN_USD","A","2015",481.525,
"NAM","PRIVPENSIONASSET","TOT","MLN_USD","A","2010",9636.136,
"NAM","PRIVPENSIONASSET","TOT","MLN_USD","A","2011",8532.464,
"NAM","PRIVPENSIONASSET","TOT","MLN_USD","A","2012",10087.694,
"NAM","PRIVPENSIONASSET","TOT","MLN_USD","A","2013",9877.358,
"NAM","PRIVPENSIONASSET","TOT","MLN_USD","A","2014",10116.841,
"PAN","PRIVPENSIONASSET","TOT","MLN_USD","A","2003",464,
"PNG","PRIVPENSIONASSET","TOT","MLN_USD","A","2013",3548.92,
"TTO","PRIVPENSIONASSET","TOT","MLN_USD","A","2006",3353.09,
"TTO","PRIVPENSIONASSET","TOT","MLN_USD","A","2007",3690.123,
"TTO","PRIVPENSIONASSET","TOT","MLN_USD","A","2008",4102.519,
"TTO","PRIVPENSIONASSET","TOT","MLN_USD","A","2009",4991.102,
"TTO","PRIVPENSIONASSET","TOT","MLN_USD","A","2010",5374.257,
"TTO","PRIVPENSIONASSET","TOT","MLN_USD","A","2011",4611.969,
"TTO","PRIVPENSIONASSET","TOT","MLN_USD","A","2012",5062.108,
"GHA","PRIVPENSIONASSET","TOT","MLN_USD","A","2014",806.709,
"GHA","PRIVPENSIONASSET","TOT","MLN_USD","A","2015",1231.122,
"MYS","PRIVPENSIONASSET","TOT","MLN_USD","A","2015",277.26,
