﻿"LOCATION","INDICATOR","SUBJECT","MEASURE","FREQUENCY","TIME","Value","Flag Codes"
"AUS","INSURANCEEXP","TOT","PC_GDP","A","1983",1.963,
"AUS","INSURANCEEXP","TOT","PC_GDP","A","1984",3.874,
"AUS","INSURANCEEXP","TOT","PC_GDP","A","1985",3.767,
"AUS","INSURANCEEXP","TOT","PC_GDP","A","1986",1.823,
"AUS","INSURANCEEXP","TOT","PC_GDP","A","1987",5.256,
"AUS","INSURANCEEXP","TOT","PC_GDP","A","1988",5.505,
"AUS","INSURANCEEXP","TOT","PC_GDP","A","1989",5.641,
"AUS","INSURANCEEXP","TOT","PC_GDP","A","1990",6.432,
"AUS","INSURANCEEXP","TOT","PC_GDP","A","1991",6.095,
"AUS","INSURANCEEXP","TOT","PC_GDP","A","1992",5.65,
"AUS","INSURANCEEXP","TOT","PC_GDP","A","1993",8.269,
"AUS","INSURANCEEXP","TOT","PC_GDP","A","1994",3.242,
"AUS","INSURANCEEXP","TOT","PC_GDP","A","1995",3.148,
"AUS","INSURANCEEXP","TOT","PC_GDP","A","1996",7.1,
"AUS","INSURANCEEXP","TOT","PC_GDP","A","1997",8.381,
"AUS","INSURANCEEXP","TOT","PC_GDP","A","1998",8.633,
"AUS","INSURANCEEXP","TOT","PC_GDP","A","1999",8.761,
"AUS","INSURANCEEXP","TOT","PC_GDP","A","2000",7.953,
"AUS","INSURANCEEXP","TOT","PC_GDP","A","2001",7.531,
"AUS","INSURANCEEXP","TOT","PC_GDP","A","2002",7.094,
"AUS","INSURANCEEXP","TOT","PC_GDP","A","2003",6.286,
"AUS","INSURANCEEXP","TOT","PC_GDP","A","2004",6.243,
"AUS","INSURANCEEXP","TOT","PC_GDP","A","2005",5.835,
"AUS","INSURANCEEXP","TOT","PC_GDP","A","2006",5.632,
"AUS","INSURANCEEXP","TOT","PC_GDP","A","2007",6.134,
"AUS","INSURANCEEXP","TOT","PC_GDP","A","2008",5.609,
"AUS","INSURANCEEXP","TOT","PC_GDP","A","2009",5.179,
"AUS","INSURANCEEXP","TOT","PC_GDP","A","2010",4.974,
"AUS","INSURANCEEXP","TOT","PC_GDP","A","2011",4.947,
"AUS","INSURANCEEXP","TOT","PC_GDP","A","2012",4.835,
"AUS","INSURANCEEXP","TOT","PC_GDP","A","2013",5.103,
"AUS","INSURANCEEXP","TOT","PC_GDP","A","2014",6.008,
"AUS","INSURANCEEXP","TOT","PC_GDP","A","2015",5.701,
"AUT","INSURANCEEXP","TOT","PC_GDP","A","1987",4.585,
"AUT","INSURANCEEXP","TOT","PC_GDP","A","1988",4.884,
"AUT","INSURANCEEXP","TOT","PC_GDP","A","1989",4.84,
"AUT","INSURANCEEXP","TOT","PC_GDP","A","1990",4.771,
"AUT","INSURANCEEXP","TOT","PC_GDP","A","1991",4.721,
"AUT","INSURANCEEXP","TOT","PC_GDP","A","1992",4.808,
"AUT","INSURANCEEXP","TOT","PC_GDP","A","1993",5.299,
"AUT","INSURANCEEXP","TOT","PC_GDP","A","1994",5.197,
"AUT","INSURANCEEXP","TOT","PC_GDP","A","1995",5.351,
"AUT","INSURANCEEXP","TOT","PC_GDP","A","1996",6.004,
"AUT","INSURANCEEXP","TOT","PC_GDP","A","1997",5.304,
"AUT","INSURANCEEXP","TOT","PC_GDP","A","1998",5.29,
"AUT","INSURANCEEXP","TOT","PC_GDP","A","1999",5.442,
"AUT","INSURANCEEXP","TOT","PC_GDP","A","2000",5.447,
"AUT","INSURANCEEXP","TOT","PC_GDP","A","2001",5.613,
"AUT","INSURANCEEXP","TOT","PC_GDP","A","2002",5.515,
"AUT","INSURANCEEXP","TOT","PC_GDP","A","2003",5.654,
"AUT","INSURANCEEXP","TOT","PC_GDP","A","2004",5.582,
"AUT","INSURANCEEXP","TOT","PC_GDP","A","2005",5.486,
"AUT","INSURANCEEXP","TOT","PC_GDP","A","2006",5.354,
"AUT","INSURANCEEXP","TOT","PC_GDP","A","2007",5.098,
"AUT","INSURANCEEXP","TOT","PC_GDP","A","2008",5.52,
"AUT","INSURANCEEXP","TOT","PC_GDP","A","2009",5.713,
"AUT","INSURANCEEXP","TOT","PC_GDP","A","2010",5.652,
"AUT","INSURANCEEXP","TOT","PC_GDP","A","2011",5.358,
"AUT","INSURANCEEXP","TOT","PC_GDP","A","2012",5.153,
"AUT","INSURANCEEXP","TOT","PC_GDP","A","2013",5.15,
"AUT","INSURANCEEXP","TOT","PC_GDP","A","2014",5.171,
"AUT","INSURANCEEXP","TOT","PC_GDP","A","2015",5.096,
"BEL","INSURANCEEXP","TOT","PC_GDP","A","1983",4.095,
"BEL","INSURANCEEXP","TOT","PC_GDP","A","1984",4.062,
"BEL","INSURANCEEXP","TOT","PC_GDP","A","1985",4.046,
"BEL","INSURANCEEXP","TOT","PC_GDP","A","1986",4.225,
"BEL","INSURANCEEXP","TOT","PC_GDP","A","1987",4.463,
"BEL","INSURANCEEXP","TOT","PC_GDP","A","1988",4.463,
"BEL","INSURANCEEXP","TOT","PC_GDP","A","1989",4.452,
"BEL","INSURANCEEXP","TOT","PC_GDP","A","1990",4.485,
"BEL","INSURANCEEXP","TOT","PC_GDP","A","1991",4.609,
"BEL","INSURANCEEXP","TOT","PC_GDP","A","1992",4.765,
"BEL","INSURANCEEXP","TOT","PC_GDP","A","1993",4.951,
"BEL","INSURANCEEXP","TOT","PC_GDP","A","1994",4.965,
"BEL","INSURANCEEXP","TOT","PC_GDP","A","1995",5.132,
"BEL","INSURANCEEXP","TOT","PC_GDP","A","1996",5.441,
"BEL","INSURANCEEXP","TOT","PC_GDP","A","1997",5.609,
"BEL","INSURANCEEXP","TOT","PC_GDP","A","1998",6.357,
"BEL","INSURANCEEXP","TOT","PC_GDP","A","1999",6.916,
"BEL","INSURANCEEXP","TOT","PC_GDP","A","2000",7.538,
"BEL","INSURANCEEXP","TOT","PC_GDP","A","2001",7.589,
"BEL","INSURANCEEXP","TOT","PC_GDP","A","2002",7.968,
"BEL","INSURANCEEXP","TOT","PC_GDP","A","2003",8.941,
"BEL","INSURANCEEXP","TOT","PC_GDP","A","2004",9.347,
"BEL","INSURANCEEXP","TOT","PC_GDP","A","2005",10.734,
"BEL","INSURANCEEXP","TOT","PC_GDP","A","2006",8.878,
"BEL","INSURANCEEXP","TOT","PC_GDP","A","2007",9.006,
"BEL","INSURANCEEXP","TOT","PC_GDP","A","2008",8.099,
"BEL","INSURANCEEXP","TOT","PC_GDP","A","2009",8.019,
"BEL","INSURANCEEXP","TOT","PC_GDP","A","2010",7.868,
"BEL","INSURANCEEXP","TOT","PC_GDP","A","2011",7.507,
"BEL","INSURANCEEXP","TOT","PC_GDP","A","2012",8.197,
"BEL","INSURANCEEXP","TOT","PC_GDP","A","2013",6.962,
"BEL","INSURANCEEXP","TOT","PC_GDP","A","2014",6.954,
"BEL","INSURANCEEXP","TOT","PC_GDP","A","2015",6.111,
"CAN","INSURANCEEXP","TOT","PC_GDP","A","1984",4.805,
"CAN","INSURANCEEXP","TOT","PC_GDP","A","1985",5.156,
"CAN","INSURANCEEXP","TOT","PC_GDP","A","1986",5.58,
"CAN","INSURANCEEXP","TOT","PC_GDP","A","1987",5.697,
"CAN","INSURANCEEXP","TOT","PC_GDP","A","1988",4.784,
"CAN","INSURANCEEXP","TOT","PC_GDP","A","1989",4.774,
"CAN","INSURANCEEXP","TOT","PC_GDP","A","1990",4.706,
"CAN","INSURANCEEXP","TOT","PC_GDP","A","1991",5.178,
"CAN","INSURANCEEXP","TOT","PC_GDP","A","1992",4.839,
"CAN","INSURANCEEXP","TOT","PC_GDP","A","1993",4.35,
"CAN","INSURANCEEXP","TOT","PC_GDP","A","1994",4.451,
"CAN","INSURANCEEXP","TOT","PC_GDP","A","1995",4.53,
"CAN","INSURANCEEXP","TOT","PC_GDP","A","1996",4.307,
"CAN","INSURANCEEXP","TOT","PC_GDP","A","1997",4.109,
"CAN","INSURANCEEXP","TOT","PC_GDP","A","1998",3.964,
"CAN","INSURANCEEXP","TOT","PC_GDP","A","1999",6.432,
"CAN","INSURANCEEXP","TOT","PC_GDP","A","2000",6.656,
"CAN","INSURANCEEXP","TOT","PC_GDP","A","2001",6.763,
"CAN","INSURANCEEXP","TOT","PC_GDP","A","2002",7.051,
"CAN","INSURANCEEXP","TOT","PC_GDP","A","2003",7.353,
"CAN","INSURANCEEXP","TOT","PC_GDP","A","2004",7.491,
"CAN","INSURANCEEXP","TOT","PC_GDP","A","2005",7.416,
"CAN","INSURANCEEXP","TOT","PC_GDP","A","2006",7.445,
"CAN","INSURANCEEXP","TOT","PC_GDP","A","2007",7.653,
"CAN","INSURANCEEXP","TOT","PC_GDP","A","2008",6.593,
"CAN","INSURANCEEXP","TOT","PC_GDP","A","2009",5.021,
"CAN","INSURANCEEXP","TOT","PC_GDP","A","2010",4.906,
"CAN","INSURANCEEXP","TOT","PC_GDP","A","2011",4.824,
"CAN","INSURANCEEXP","TOT","PC_GDP","A","2012",4.87,
"CAN","INSURANCEEXP","TOT","PC_GDP","A","2013",4.841,
"CAN","INSURANCEEXP","TOT","PC_GDP","A","2014",4.296,
"CAN","INSURANCEEXP","TOT","PC_GDP","A","2015",4.44,
"CZE","INSURANCEEXP","TOT","PC_GDP","A","1993",2.119,
"CZE","INSURANCEEXP","TOT","PC_GDP","A","1994",2.362,
"CZE","INSURANCEEXP","TOT","PC_GDP","A","1995",2.267,
"CZE","INSURANCEEXP","TOT","PC_GDP","A","1996",2.469,
"CZE","INSURANCEEXP","TOT","PC_GDP","A","1997",2.659,
"CZE","INSURANCEEXP","TOT","PC_GDP","A","1998",2.803,
"CZE","INSURANCEEXP","TOT","PC_GDP","A","1999",3.065,
"CZE","INSURANCEEXP","TOT","PC_GDP","A","2000",2.973,
"CZE","INSURANCEEXP","TOT","PC_GDP","A","2001",3.135,
"CZE","INSURANCEEXP","TOT","PC_GDP","A","2002",3.373,
"CZE","INSURANCEEXP","TOT","PC_GDP","A","2003",3.756,
"CZE","INSURANCEEXP","TOT","PC_GDP","A","2004",3.658,
"CZE","INSURANCEEXP","TOT","PC_GDP","A","2005",3.573,
"CZE","INSURANCEEXP","TOT","PC_GDP","A","2006",3.466,
"CZE","INSURANCEEXP","TOT","PC_GDP","A","2007",3.45,
"CZE","INSURANCEEXP","TOT","PC_GDP","A","2008",3.462,
"CZE","INSURANCEEXP","TOT","PC_GDP","A","2009",3.643,
"CZE","INSURANCEEXP","TOT","PC_GDP","A","2010",3.89,
"CZE","INSURANCEEXP","TOT","PC_GDP","A","2011",3.79,
"CZE","INSURANCEEXP","TOT","PC_GDP","A","2012",3.729,
"CZE","INSURANCEEXP","TOT","PC_GDP","A","2013",3.77,
"CZE","INSURANCEEXP","TOT","PC_GDP","A","2014",3.646,
"CZE","INSURANCEEXP","TOT","PC_GDP","A","2015",3.36,
"DNK","INSURANCEEXP","TOT","PC_GDP","A","1983",3.216,
"DNK","INSURANCEEXP","TOT","PC_GDP","A","1984",3.635,
"DNK","INSURANCEEXP","TOT","PC_GDP","A","1985",4.274,
"DNK","INSURANCEEXP","TOT","PC_GDP","A","1986",4.03,
"DNK","INSURANCEEXP","TOT","PC_GDP","A","1987",4.097,
"DNK","INSURANCEEXP","TOT","PC_GDP","A","1988",4.449,
"DNK","INSURANCEEXP","TOT","PC_GDP","A","1989",4.287,
"DNK","INSURANCEEXP","TOT","PC_GDP","A","1990",4.354,
"DNK","INSURANCEEXP","TOT","PC_GDP","A","1991",4.358,
"DNK","INSURANCEEXP","TOT","PC_GDP","A","1992",4.571,
"DNK","INSURANCEEXP","TOT","PC_GDP","A","1993",5.104,
"DNK","INSURANCEEXP","TOT","PC_GDP","A","1994",5.478,
"DNK","INSURANCEEXP","TOT","PC_GDP","A","1995",5.619,
"DNK","INSURANCEEXP","TOT","PC_GDP","A","1996",6.099,
"DNK","INSURANCEEXP","TOT","PC_GDP","A","1997",6.332,
"DNK","INSURANCEEXP","TOT","PC_GDP","A","1998",6.849,
"DNK","INSURANCEEXP","TOT","PC_GDP","A","1999",6.36,
"DNK","INSURANCEEXP","TOT","PC_GDP","A","2000",6.157,
"DNK","INSURANCEEXP","TOT","PC_GDP","A","2001",6.636,
"DNK","INSURANCEEXP","TOT","PC_GDP","A","2002",7.552,
"DNK","INSURANCEEXP","TOT","PC_GDP","A","2003",6.775,
"DNK","INSURANCEEXP","TOT","PC_GDP","A","2004",6.818,
"DNK","INSURANCEEXP","TOT","PC_GDP","A","2005",7.86,
"DNK","INSURANCEEXP","TOT","PC_GDP","A","2006",8.214,
"DNK","INSURANCEEXP","TOT","PC_GDP","A","2007",8.851,
"DNK","INSURANCEEXP","TOT","PC_GDP","A","2008",9.183,
"DNK","INSURANCEEXP","TOT","PC_GDP","A","2011",9.883,
"DNK","INSURANCEEXP","TOT","PC_GDP","A","2012",9.999,
"DNK","INSURANCEEXP","TOT","PC_GDP","A","2013",10.05,
"DNK","INSURANCEEXP","TOT","PC_GDP","A","2014",10.638,
"DNK","INSURANCEEXP","TOT","PC_GDP","A","2015",10.76,
"FIN","INSURANCEEXP","TOT","PC_GDP","A","1983",4.51,
"FIN","INSURANCEEXP","TOT","PC_GDP","A","1984",4.42,
"FIN","INSURANCEEXP","TOT","PC_GDP","A","1985",4.708,
"FIN","INSURANCEEXP","TOT","PC_GDP","A","1986",5.005,
"FIN","INSURANCEEXP","TOT","PC_GDP","A","1987",5.323,
"FIN","INSURANCEEXP","TOT","PC_GDP","A","1988",5.504,
"FIN","INSURANCEEXP","TOT","PC_GDP","A","1989",5.686,
"FIN","INSURANCEEXP","TOT","PC_GDP","A","1990",6.431,
"FIN","INSURANCEEXP","TOT","PC_GDP","A","1991",6.888,
"FIN","INSURANCEEXP","TOT","PC_GDP","A","1992",6.406,
"FIN","INSURANCEEXP","TOT","PC_GDP","A","1993",2.752,
"FIN","INSURANCEEXP","TOT","PC_GDP","A","1994",2.891,
"FIN","INSURANCEEXP","TOT","PC_GDP","A","1995",3.225,
"FIN","INSURANCEEXP","TOT","PC_GDP","A","1996",3.93,
"FIN","INSURANCEEXP","TOT","PC_GDP","A","1997",3.607,
"FIN","INSURANCEEXP","TOT","PC_GDP","A","1998",3.867,
"FIN","INSURANCEEXP","TOT","PC_GDP","A","1999",4.392,
"FIN","INSURANCEEXP","TOT","PC_GDP","A","2000",4.817,
"FIN","INSURANCEEXP","TOT","PC_GDP","A","2001",4.033,
"FIN","INSURANCEEXP","TOT","PC_GDP","A","2002",3.984,
"FIN","INSURANCEEXP","TOT","PC_GDP","A","2003",3.641,
"FIN","INSURANCEEXP","TOT","PC_GDP","A","2004",3.592,
"FIN","INSURANCEEXP","TOT","PC_GDP","A","2005",3.755,
"FIN","INSURANCEEXP","TOT","PC_GDP","A","2006",3.527,
"FIN","INSURANCEEXP","TOT","PC_GDP","A","2007",3.17,
"FIN","INSURANCEEXP","TOT","PC_GDP","A","2008",3.133,
"FIN","INSURANCEEXP","TOT","PC_GDP","A","2009",3.692,
"FIN","INSURANCEEXP","TOT","PC_GDP","A","2010",4.618,
"FIN","INSURANCEEXP","TOT","PC_GDP","A","2011",3.628,
"FIN","INSURANCEEXP","TOT","PC_GDP","A","2012",3.575,
"FIN","INSURANCEEXP","TOT","PC_GDP","A","2013",4.764,
"FIN","INSURANCEEXP","TOT","PC_GDP","A","2014",5.106,
"FIN","INSURANCEEXP","TOT","PC_GDP","A","2015",5.07,
"FRA","INSURANCEEXP","TOT","PC_GDP","A","1983",3.831,
"FRA","INSURANCEEXP","TOT","PC_GDP","A","1984",4.012,
"FRA","INSURANCEEXP","TOT","PC_GDP","A","1985",4.224,
"FRA","INSURANCEEXP","TOT","PC_GDP","A","1986",4.48,
"FRA","INSURANCEEXP","TOT","PC_GDP","A","1987",4.835,
"FRA","INSURANCEEXP","TOT","PC_GDP","A","1988",5.308,
"FRA","INSURANCEEXP","TOT","PC_GDP","A","1989",5.719,
"FRA","INSURANCEEXP","TOT","PC_GDP","A","1990",5.686,
"FRA","INSURANCEEXP","TOT","PC_GDP","A","1991",6.011,
"FRA","INSURANCEEXP","TOT","PC_GDP","A","1992",6.435,
"FRA","INSURANCEEXP","TOT","PC_GDP","A","1993",7.392,
"FRA","INSURANCEEXP","TOT","PC_GDP","A","1994",8.065,
"FRA","INSURANCEEXP","TOT","PC_GDP","A","1995",8.381,
"FRA","INSURANCEEXP","TOT","PC_GDP","A","1996",8.876,
"FRA","INSURANCEEXP","TOT","PC_GDP","A","1997",9.195,
"FRA","INSURANCEEXP","TOT","PC_GDP","A","1998",7.787,
"FRA","INSURANCEEXP","TOT","PC_GDP","A","1999",8.302,
"FRA","INSURANCEEXP","TOT","PC_GDP","A","2000",8.791,
"FRA","INSURANCEEXP","TOT","PC_GDP","A","2001",8.226,
"FRA","INSURANCEEXP","TOT","PC_GDP","A","2002",8.209,
"FRA","INSURANCEEXP","TOT","PC_GDP","A","2003",8.614,
"FRA","INSURANCEEXP","TOT","PC_GDP","A","2004",9.187,
"FRA","INSURANCEEXP","TOT","PC_GDP","A","2005",9.855,
"FRA","INSURANCEEXP","TOT","PC_GDP","A","2006",12.095,
"FRA","INSURANCEEXP","TOT","PC_GDP","A","2007",11.032,
"FRA","INSURANCEEXP","TOT","PC_GDP","A","2008",9.109,
"FRA","INSURANCEEXP","TOT","PC_GDP","A","2009",10.249,
"FRA","INSURANCEEXP","TOT","PC_GDP","A","2010",10.221,
"FRA","INSURANCEEXP","TOT","PC_GDP","A","2011",9.21,
"FRA","INSURANCEEXP","TOT","PC_GDP","A","2012",8.616,
"FRA","INSURANCEEXP","TOT","PC_GDP","A","2013",8.827,
"FRA","INSURANCEEXP","TOT","PC_GDP","A","2014",9.257,
"FRA","INSURANCEEXP","TOT","PC_GDP","A","2015",9.442,
"DEU","INSURANCEEXP","TOT","PC_GDP","A","1983",2.976,
"DEU","INSURANCEEXP","TOT","PC_GDP","A","1984",3.026,
"DEU","INSURANCEEXP","TOT","PC_GDP","A","1985",3.084,
"DEU","INSURANCEEXP","TOT","PC_GDP","A","1986",3.035,
"DEU","INSURANCEEXP","TOT","PC_GDP","A","1987",5.254,
"DEU","INSURANCEEXP","TOT","PC_GDP","A","1988",5.384,
"DEU","INSURANCEEXP","TOT","PC_GDP","A","1989",5.347,
"DEU","INSURANCEEXP","TOT","PC_GDP","A","1990",5.184,
"DEU","INSURANCEEXP","TOT","PC_GDP","A","1991",5.494,
"DEU","INSURANCEEXP","TOT","PC_GDP","A","1992",5.577,
"DEU","INSURANCEEXP","TOT","PC_GDP","A","1993",5.976,
"DEU","INSURANCEEXP","TOT","PC_GDP","A","1994",6.151,
"DEU","INSURANCEEXP","TOT","PC_GDP","A","1995",6.263,
"DEU","INSURANCEEXP","TOT","PC_GDP","A","1996",6.386,
"DEU","INSURANCEEXP","TOT","PC_GDP","A","1997",6.424,
"DEU","INSURANCEEXP","TOT","PC_GDP","A","1998",6.365,
"DEU","INSURANCEEXP","TOT","PC_GDP","A","1999",6.577,
"DEU","INSURANCEEXP","TOT","PC_GDP","A","2000",6.444,
"DEU","INSURANCEEXP","TOT","PC_GDP","A","2001",6.339,
"DEU","INSURANCEEXP","TOT","PC_GDP","A","2002",6.628,
"DEU","INSURANCEEXP","TOT","PC_GDP","A","2003",6.913,
"DEU","INSURANCEEXP","TOT","PC_GDP","A","2004",6.946,
"DEU","INSURANCEEXP","TOT","PC_GDP","A","2005",7.075,
"DEU","INSURANCEEXP","TOT","PC_GDP","A","2006",6.726,
"DEU","INSURANCEEXP","TOT","PC_GDP","A","2007",6.467,
"DEU","INSURANCEEXP","TOT","PC_GDP","A","2008",6.387,
"DEU","INSURANCEEXP","TOT","PC_GDP","A","2012",6.567,
"DEU","INSURANCEEXP","TOT","PC_GDP","A","2013",6.699,
"DEU","INSURANCEEXP","TOT","PC_GDP","A","2014",6.546,
"DEU","INSURANCEEXP","TOT","PC_GDP","A","2015",6.318,
"GRC","INSURANCEEXP","TOT","PC_GDP","A","1992",1.399,
"GRC","INSURANCEEXP","TOT","PC_GDP","A","1993",1.532,
"GRC","INSURANCEEXP","TOT","PC_GDP","A","1994",1.556,
"GRC","INSURANCEEXP","TOT","PC_GDP","A","1995",1.568,
"GRC","INSURANCEEXP","TOT","PC_GDP","A","1996",1.678,
"GRC","INSURANCEEXP","TOT","PC_GDP","A","1997",1.695,
"GRC","INSURANCEEXP","TOT","PC_GDP","A","1998",1.784,
"GRC","INSURANCEEXP","TOT","PC_GDP","A","1999",2.09,
"GRC","INSURANCEEXP","TOT","PC_GDP","A","2000",1.801,
"GRC","INSURANCEEXP","TOT","PC_GDP","A","2001",1.727,
"GRC","INSURANCEEXP","TOT","PC_GDP","A","2002",1.765,
"GRC","INSURANCEEXP","TOT","PC_GDP","A","2003",1.816,
"GRC","INSURANCEEXP","TOT","PC_GDP","A","2004",1.864,
"GRC","INSURANCEEXP","TOT","PC_GDP","A","2005",1.932,
"GRC","INSURANCEEXP","TOT","PC_GDP","A","2006",2.163,
"GRC","INSURANCEEXP","TOT","PC_GDP","A","2007",2.201,
"GRC","INSURANCEEXP","TOT","PC_GDP","A","2008",2.154,
"GRC","INSURANCEEXP","TOT","PC_GDP","A","2010",2.294,
"GRC","INSURANCEEXP","TOT","PC_GDP","A","2011",2.352,
"GRC","INSURANCEEXP","TOT","PC_GDP","A","2012",2.306,
"GRC","INSURANCEEXP","TOT","PC_GDP","A","2013",2.205,
"GRC","INSURANCEEXP","TOT","PC_GDP","A","2014",2.118,
"GRC","INSURANCEEXP","TOT","PC_GDP","A","2015",2.008,
"HUN","INSURANCEEXP","TOT","PC_GDP","A","1991",2.353,
"HUN","INSURANCEEXP","TOT","PC_GDP","A","1992",1.944,
"HUN","INSURANCEEXP","TOT","PC_GDP","A","1993",2.044,
"HUN","INSURANCEEXP","TOT","PC_GDP","A","1994",2.106,
"HUN","INSURANCEEXP","TOT","PC_GDP","A","1995",2.095,
"HUN","INSURANCEEXP","TOT","PC_GDP","A","1996",2.208,
"HUN","INSURANCEEXP","TOT","PC_GDP","A","1997",2.305,
"HUN","INSURANCEEXP","TOT","PC_GDP","A","1998",2.425,
"HUN","INSURANCEEXP","TOT","PC_GDP","A","1999",2.503,
"HUN","INSURANCEEXP","TOT","PC_GDP","A","2000",2.827,
"HUN","INSURANCEEXP","TOT","PC_GDP","A","2001",2.734,
"HUN","INSURANCEEXP","TOT","PC_GDP","A","2002",2.855,
"HUN","INSURANCEEXP","TOT","PC_GDP","A","2003",2.933,
"HUN","INSURANCEEXP","TOT","PC_GDP","A","2004",2.85,
"HUN","INSURANCEEXP","TOT","PC_GDP","A","2005",3.058,
"HUN","INSURANCEEXP","TOT","PC_GDP","A","2006",3.376,
"HUN","INSURANCEEXP","TOT","PC_GDP","A","2007",3.63,
"HUN","INSURANCEEXP","TOT","PC_GDP","A","2008",3.257,
"HUN","INSURANCEEXP","TOT","PC_GDP","A","2009",3.128,
"HUN","INSURANCEEXP","TOT","PC_GDP","A","2010",3.098,
"HUN","INSURANCEEXP","TOT","PC_GDP","A","2011",2.877,
"HUN","INSURANCEEXP","TOT","PC_GDP","A","2012",2.628,
"HUN","INSURANCEEXP","TOT","PC_GDP","A","2013",2.629,
"HUN","INSURANCEEXP","TOT","PC_GDP","A","2014",2.568,
"HUN","INSURANCEEXP","TOT","PC_GDP","A","2015",2.453,
"ISL","INSURANCEEXP","TOT","PC_GDP","A","1983",2.456,
"ISL","INSURANCEEXP","TOT","PC_GDP","A","1984",2.472,
"ISL","INSURANCEEXP","TOT","PC_GDP","A","1985",2.465,
"ISL","INSURANCEEXP","TOT","PC_GDP","A","1986",2.34,
"ISL","INSURANCEEXP","TOT","PC_GDP","A","1987",2.353,
"ISL","INSURANCEEXP","TOT","PC_GDP","A","1988",2.85,
"ISL","INSURANCEEXP","TOT","PC_GDP","A","1989",2.882,
"ISL","INSURANCEEXP","TOT","PC_GDP","A","1990",2.935,
"ISL","INSURANCEEXP","TOT","PC_GDP","A","1991",3.197,
"ISL","INSURANCEEXP","TOT","PC_GDP","A","1992",3.3,
"ISL","INSURANCEEXP","TOT","PC_GDP","A","1993",3.159,
"ISL","INSURANCEEXP","TOT","PC_GDP","A","1994",3.119,
"ISL","INSURANCEEXP","TOT","PC_GDP","A","1995",2.991,
"ISL","INSURANCEEXP","TOT","PC_GDP","A","1996",2.847,
"ISL","INSURANCEEXP","TOT","PC_GDP","A","1997",2.614,
"ISL","INSURANCEEXP","TOT","PC_GDP","A","1998",2.507,
"ISL","INSURANCEEXP","TOT","PC_GDP","A","1999",2.637,
"ISL","INSURANCEEXP","TOT","PC_GDP","A","2000",2.658,
"ISL","INSURANCEEXP","TOT","PC_GDP","A","2001",2.861,
"ISL","INSURANCEEXP","TOT","PC_GDP","A","2002",2.919,
"ISL","INSURANCEEXP","TOT","PC_GDP","A","2003",3.181,
"ISL","INSURANCEEXP","TOT","PC_GDP","A","2004",2.831,
"ISL","INSURANCEEXP","TOT","PC_GDP","A","2006",2.741,
"ISL","INSURANCEEXP","TOT","PC_GDP","A","2007",2.705,
"ISL","INSURANCEEXP","TOT","PC_GDP","A","2008",2.615,
"ISL","INSURANCEEXP","TOT","PC_GDP","A","2009",2.136,
"ISL","INSURANCEEXP","TOT","PC_GDP","A","2010",2.859,
"ISL","INSURANCEEXP","TOT","PC_GDP","A","2011",2.777,
"ISL","INSURANCEEXP","TOT","PC_GDP","A","2012",2.778,
"ISL","INSURANCEEXP","TOT","PC_GDP","A","2013",2.659,
"ISL","INSURANCEEXP","TOT","PC_GDP","A","2014",2.542,
"ISL","INSURANCEEXP","TOT","PC_GDP","A","2015",2.468,
"IRL","INSURANCEEXP","TOT","PC_GDP","A","1983",7.593,
"IRL","INSURANCEEXP","TOT","PC_GDP","A","1984",9.102,
"IRL","INSURANCEEXP","TOT","PC_GDP","A","1985",8.412,
"IRL","INSURANCEEXP","TOT","PC_GDP","A","1986",8.415,
"IRL","INSURANCEEXP","TOT","PC_GDP","A","1987",9.642,
"IRL","INSURANCEEXP","TOT","PC_GDP","A","1988",8.666,
"IRL","INSURANCEEXP","TOT","PC_GDP","A","1989",9.061,
"IRL","INSURANCEEXP","TOT","PC_GDP","A","1990",8.422,
"IRL","INSURANCEEXP","TOT","PC_GDP","A","1991",8.612,
"IRL","INSURANCEEXP","TOT","PC_GDP","A","1992",7.864,
"IRL","INSURANCEEXP","TOT","PC_GDP","A","1993",8.581,
"IRL","INSURANCEEXP","TOT","PC_GDP","A","1994",8.819,
"IRL","INSURANCEEXP","TOT","PC_GDP","A","1995",8.102,
"IRL","INSURANCEEXP","TOT","PC_GDP","A","1996",8.831,
"IRL","INSURANCEEXP","TOT","PC_GDP","A","1997",9.465,
"IRL","INSURANCEEXP","TOT","PC_GDP","A","1998",11.542,
"IRL","INSURANCEEXP","TOT","PC_GDP","A","1999",14.059,
"IRL","INSURANCEEXP","TOT","PC_GDP","A","2000",20.102,
"IRL","INSURANCEEXP","TOT","PC_GDP","A","2001",13.466,
"IRL","INSURANCEEXP","TOT","PC_GDP","A","2003",14.833,
"IRL","INSURANCEEXP","TOT","PC_GDP","A","2004",16.834,
"IRL","INSURANCEEXP","TOT","PC_GDP","A","2005",18.05,
"IRL","INSURANCEEXP","TOT","PC_GDP","A","2006",19.522,
"IRL","INSURANCEEXP","TOT","PC_GDP","A","2007",23.058,
"IRL","INSURANCEEXP","TOT","PC_GDP","A","2008",18.961,
"IRL","INSURANCEEXP","TOT","PC_GDP","A","2009",19.611,
"IRL","INSURANCEEXP","TOT","PC_GDP","A","2010",20.324,
"IRL","INSURANCEEXP","TOT","PC_GDP","A","2011",18.131,
"IRL","INSURANCEEXP","TOT","PC_GDP","A","2012",19.888,
"IRL","INSURANCEEXP","TOT","PC_GDP","A","2013",18.666,
"IRL","INSURANCEEXP","TOT","PC_GDP","A","2014",20.537,
"IRL","INSURANCEEXP","TOT","PC_GDP","A","2015",20.1,
"ITA","INSURANCEEXP","TOT","PC_GDP","A","1983",1.843,
"ITA","INSURANCEEXP","TOT","PC_GDP","A","1984",1.926,
"ITA","INSURANCEEXP","TOT","PC_GDP","A","1985",2.006,
"ITA","INSURANCEEXP","TOT","PC_GDP","A","1986",2.131,
"ITA","INSURANCEEXP","TOT","PC_GDP","A","1987",2.294,
"ITA","INSURANCEEXP","TOT","PC_GDP","A","1988",2.335,
"ITA","INSURANCEEXP","TOT","PC_GDP","A","1989",2.42,
"ITA","INSURANCEEXP","TOT","PC_GDP","A","1990",2.517,
"ITA","INSURANCEEXP","TOT","PC_GDP","A","1991",2.681,
"ITA","INSURANCEEXP","TOT","PC_GDP","A","1992",2.907,
"ITA","INSURANCEEXP","TOT","PC_GDP","A","1993",3.128,
"ITA","INSURANCEEXP","TOT","PC_GDP","A","1994",3.261,
"ITA","INSURANCEEXP","TOT","PC_GDP","A","1995",3.37,
"ITA","INSURANCEEXP","TOT","PC_GDP","A","1996",3.43,
"ITA","INSURANCEEXP","TOT","PC_GDP","A","1997",3.954,
"ITA","INSURANCEEXP","TOT","PC_GDP","A","1998",4.699,
"ITA","INSURANCEEXP","TOT","PC_GDP","A","1999",5.552,
"ITA","INSURANCEEXP","TOT","PC_GDP","A","2000",5.551,
"ITA","INSURANCEEXP","TOT","PC_GDP","A","2001",5.955,
"ITA","INSURANCEEXP","TOT","PC_GDP","A","2002",6.61,
"ITA","INSURANCEEXP","TOT","PC_GDP","A","2003",7.066,
"ITA","INSURANCEEXP","TOT","PC_GDP","A","2004",7.11,
"ITA","INSURANCEEXP","TOT","PC_GDP","A","2005",7.586,
"ITA","INSURANCEEXP","TOT","PC_GDP","A","2006",7.204,
"ITA","INSURANCEEXP","TOT","PC_GDP","A","2007",6.437,
"ITA","INSURANCEEXP","TOT","PC_GDP","A","2008",5.845,
"ITA","INSURANCEEXP","TOT","PC_GDP","A","2009",7.473,
"ITA","INSURANCEEXP","TOT","PC_GDP","A","2010",7.82,
"ITA","INSURANCEEXP","TOT","PC_GDP","A","2011",6.716,
"ITA","INSURANCEEXP","TOT","PC_GDP","A","2012",6.5,
"ITA","INSURANCEEXP","TOT","PC_GDP","A","2013",7.384,
"ITA","INSURANCEEXP","TOT","PC_GDP","A","2014",8.871,
"ITA","INSURANCEEXP","TOT","PC_GDP","A","2015",8.967,
"JPN","INSURANCEEXP","TOT","PC_GDP","A","1983",5.476,
"JPN","INSURANCEEXP","TOT","PC_GDP","A","1984",5.784,
"JPN","INSURANCEEXP","TOT","PC_GDP","A","1985",6.266,
"JPN","INSURANCEEXP","TOT","PC_GDP","A","1986",7.055,
"JPN","INSURANCEEXP","TOT","PC_GDP","A","1987",7.713,
"JPN","INSURANCEEXP","TOT","PC_GDP","A","1988",9.322,
"JPN","INSURANCEEXP","TOT","PC_GDP","A","1989",9.197,
"JPN","INSURANCEEXP","TOT","PC_GDP","A","1990",8.3,
"JPN","INSURANCEEXP","TOT","PC_GDP","A","1991",8.085,
"JPN","INSURANCEEXP","TOT","PC_GDP","A","1992",8.181,
"JPN","INSURANCEEXP","TOT","PC_GDP","A","1993",8.422,
"JPN","INSURANCEEXP","TOT","PC_GDP","A","1994",8.351,
"JPN","INSURANCEEXP","TOT","PC_GDP","A","1995",8.351,
"JPN","INSURANCEEXP","TOT","PC_GDP","A","1996",8.001,
"JPN","INSURANCEEXP","TOT","PC_GDP","A","1997",7.988,
"JPN","INSURANCEEXP","TOT","PC_GDP","A","1998",7.682,
"JPN","INSURANCEEXP","TOT","PC_GDP","A","1999",7.42,
"JPN","INSURANCEEXP","TOT","PC_GDP","A","2000",7.128,
"JPN","INSURANCEEXP","TOT","PC_GDP","A","2001",6.991,
"JPN","INSURANCEEXP","TOT","PC_GDP","A","2002",6.974,
"JPN","INSURANCEEXP","TOT","PC_GDP","A","2003",7.04,
"JPN","INSURANCEEXP","TOT","PC_GDP","A","2004",6.9,
"JPN","INSURANCEEXP","TOT","PC_GDP","A","2005",7.198,
"JPN","INSURANCEEXP","TOT","PC_GDP","A","2006",7.084,
"JPN","INSURANCEEXP","TOT","PC_GDP","A","2007",7.587,
"JPN","INSURANCEEXP","TOT","PC_GDP","A","2008",8.351,
"JPN","INSURANCEEXP","TOT","PC_GDP","A","2009",8.87,
"JPN","INSURANCEEXP","TOT","PC_GDP","A","2010",8.689,
"JPN","INSURANCEEXP","TOT","PC_GDP","A","2011",9.199,
"JPN","INSURANCEEXP","TOT","PC_GDP","A","2012",7.037,
"JPN","INSURANCEEXP","TOT","PC_GDP","A","2013",6.716,
"JPN","INSURANCEEXP","TOT","PC_GDP","A","2014",7.223,
"JPN","INSURANCEEXP","TOT","PC_GDP","A","2015",7.252,
"KOR","INSURANCEEXP","TOT","PC_GDP","A","1994",10.225,
"KOR","INSURANCEEXP","TOT","PC_GDP","A","1995",11.037,
"KOR","INSURANCEEXP","TOT","PC_GDP","A","1996",11.169,
"KOR","INSURANCEEXP","TOT","PC_GDP","A","1997",11.683,
"KOR","INSURANCEEXP","TOT","PC_GDP","A","1998",13.777,
"KOR","INSURANCEEXP","TOT","PC_GDP","A","1999",11.609,
"KOR","INSURANCEEXP","TOT","PC_GDP","A","2000",10.746,
"KOR","INSURANCEEXP","TOT","PC_GDP","A","2001",9.601,
"KOR","INSURANCEEXP","TOT","PC_GDP","A","2002",9.146,
"KOR","INSURANCEEXP","TOT","PC_GDP","A","2003",8.788,
"KOR","INSURANCEEXP","TOT","PC_GDP","A","2004",8.722,
"KOR","INSURANCEEXP","TOT","PC_GDP","A","2005",9.395,
"KOR","INSURANCEEXP","TOT","PC_GDP","A","2006",9.942,
"KOR","INSURANCEEXP","TOT","PC_GDP","A","2007",10.231,
"KOR","INSURANCEEXP","TOT","PC_GDP","A","2008",10.058,
"KOR","INSURANCEEXP","TOT","PC_GDP","A","2009",10.197,
"KOR","INSURANCEEXP","TOT","PC_GDP","A","2010",10.369,
"KOR","INSURANCEEXP","TOT","PC_GDP","A","2011",10.847,
"KOR","INSURANCEEXP","TOT","PC_GDP","A","2012",12.687,
"KOR","INSURANCEEXP","TOT","PC_GDP","A","2013",12.289,
"KOR","INSURANCEEXP","TOT","PC_GDP","A","2014",12.594,
"KOR","INSURANCEEXP","TOT","PC_GDP","A","2015",12.653,
"LUX","INSURANCEEXP","TOT","PC_GDP","A","1983",2.378,
"LUX","INSURANCEEXP","TOT","PC_GDP","A","1984",2.461,
"LUX","INSURANCEEXP","TOT","PC_GDP","A","1985",2.596,
"LUX","INSURANCEEXP","TOT","PC_GDP","A","1986",2.936,
"LUX","INSURANCEEXP","TOT","PC_GDP","A","1987",2.82,
"LUX","INSURANCEEXP","TOT","PC_GDP","A","1988",2.99,
"LUX","INSURANCEEXP","TOT","PC_GDP","A","1989",3.045,
"LUX","INSURANCEEXP","TOT","PC_GDP","A","1990",3.501,
"LUX","INSURANCEEXP","TOT","PC_GDP","A","1991",3.669,
"LUX","INSURANCEEXP","TOT","PC_GDP","A","1992",3.65,
"LUX","INSURANCEEXP","TOT","PC_GDP","A","1993",3.336,
"LUX","INSURANCEEXP","TOT","PC_GDP","A","1994",8.975,
"LUX","INSURANCEEXP","TOT","PC_GDP","A","1995",20.097,
"LUX","INSURANCEEXP","TOT","PC_GDP","A","1996",17.613,
"LUX","INSURANCEEXP","TOT","PC_GDP","A","1997",25.917,
"LUX","INSURANCEEXP","TOT","PC_GDP","A","1998",28.413,
"LUX","INSURANCEEXP","TOT","PC_GDP","A","1999",27.544,
"LUX","INSURANCEEXP","TOT","PC_GDP","A","2000",27.216,
"LUX","INSURANCEEXP","TOT","PC_GDP","A","2001",25.929,
"LUX","INSURANCEEXP","TOT","PC_GDP","A","2002",24.643,
"LUX","INSURANCEEXP","TOT","PC_GDP","A","2003",25.696,
"LUX","INSURANCEEXP","TOT","PC_GDP","A","2004",29.013,
"LUX","INSURANCEEXP","TOT","PC_GDP","A","2005",34.1,
"LUX","INSURANCEEXP","TOT","PC_GDP","A","2006",34.954,
"LUX","INSURANCEEXP","TOT","PC_GDP","A","2007",30.441,
"LUX","INSURANCEEXP","TOT","PC_GDP","A","2008",28.788,
"LUX","INSURANCEEXP","TOT","PC_GDP","A","2009",45.729,
"LUX","INSURANCEEXP","TOT","PC_GDP","A","2010",52.049,
"LUX","INSURANCEEXP","TOT","PC_GDP","A","2011",32.011,
"LUX","INSURANCEEXP","TOT","PC_GDP","A","2012",44.37,
"LUX","INSURANCEEXP","TOT","PC_GDP","A","2013",39.588,
"LUX","INSURANCEEXP","TOT","PC_GDP","A","2014",44.023,
"LUX","INSURANCEEXP","TOT","PC_GDP","A","2015",36.52,
"MEX","INSURANCEEXP","TOT","PC_GDP","A","1992",1.352,
"MEX","INSURANCEEXP","TOT","PC_GDP","A","1993",1.432,
"MEX","INSURANCEEXP","TOT","PC_GDP","A","1994",1.445,
"MEX","INSURANCEEXP","TOT","PC_GDP","A","1995",1.296,
"MEX","INSURANCEEXP","TOT","PC_GDP","A","1996",1.222,
"MEX","INSURANCEEXP","TOT","PC_GDP","A","1997",1.254,
"MEX","INSURANCEEXP","TOT","PC_GDP","A","1998",1.502,
"MEX","INSURANCEEXP","TOT","PC_GDP","A","1999",1.709,
"MEX","INSURANCEEXP","TOT","PC_GDP","A","2000",1.692,
"MEX","INSURANCEEXP","TOT","PC_GDP","A","2001",1.622,
"MEX","INSURANCEEXP","TOT","PC_GDP","A","2002",1.783,
"MEX","INSURANCEEXP","TOT","PC_GDP","A","2003",1.531,
"MEX","INSURANCEEXP","TOT","PC_GDP","A","2004",1.588,
"MEX","INSURANCEEXP","TOT","PC_GDP","A","2005",1.468,
"MEX","INSURANCEEXP","TOT","PC_GDP","A","2006",1.555,
"MEX","INSURANCEEXP","TOT","PC_GDP","A","2007",1.67,
"MEX","INSURANCEEXP","TOT","PC_GDP","A","2008",1.683,
"MEX","INSURANCEEXP","TOT","PC_GDP","A","2009",1.929,
"MEX","INSURANCEEXP","TOT","PC_GDP","A","2010",1.832,
"MEX","INSURANCEEXP","TOT","PC_GDP","A","2011",1.901,
"MEX","INSURANCEEXP","TOT","PC_GDP","A","2012",1.956,
"MEX","INSURANCEEXP","TOT","PC_GDP","A","2013",2.123,
"MEX","INSURANCEEXP","TOT","PC_GDP","A","2014",2.075,
"MEX","INSURANCEEXP","TOT","PC_GDP","A","2015",2.149,
"NLD","INSURANCEEXP","TOT","PC_GDP","A","1990",3.502,
"NLD","INSURANCEEXP","TOT","PC_GDP","A","1991",3.139,
"NLD","INSURANCEEXP","TOT","PC_GDP","A","1992",3.525,
"NLD","INSURANCEEXP","TOT","PC_GDP","A","1993",3.8,
"NLD","INSURANCEEXP","TOT","PC_GDP","A","1994",4.039,
"NLD","INSURANCEEXP","TOT","PC_GDP","A","1995",8.421,
"NLD","INSURANCEEXP","TOT","PC_GDP","A","1996",8.653,
"NLD","INSURANCEEXP","TOT","PC_GDP","A","1997",8.787,
"NLD","INSURANCEEXP","TOT","PC_GDP","A","1998",9.227,
"NLD","INSURANCEEXP","TOT","PC_GDP","A","1999",9.291,
"NLD","INSURANCEEXP","TOT","PC_GDP","A","2000",8.915,
"NLD","INSURANCEEXP","TOT","PC_GDP","A","2001",9.119,
"NLD","INSURANCEEXP","TOT","PC_GDP","A","2002",8.793,
"NLD","INSURANCEEXP","TOT","PC_GDP","A","2003",9.025,
"NLD","INSURANCEEXP","TOT","PC_GDP","A","2004",9.198,
"NLD","INSURANCEEXP","TOT","PC_GDP","A","2005",8.833,
"NLD","INSURANCEEXP","TOT","PC_GDP","A","2006",7.873,
"NLD","INSURANCEEXP","TOT","PC_GDP","A","2007",7.69,
"NLD","INSURANCEEXP","TOT","PC_GDP","A","2008",7.541,
"NLD","INSURANCEEXP","TOT","PC_GDP","A","2009",7.275,
"NLD","INSURANCEEXP","TOT","PC_GDP","A","2010",5.821,
"NLD","INSURANCEEXP","TOT","PC_GDP","A","2011",6.505,
"NLD","INSURANCEEXP","TOT","PC_GDP","A","2012",6.101,
"NLD","INSURANCEEXP","TOT","PC_GDP","A","2013",5.828,
"NLD","INSURANCEEXP","TOT","PC_GDP","A","2014",5.439,
"NLD","INSURANCEEXP","TOT","PC_GDP","A","2015",4.885,
"NZL","INSURANCEEXP","TOT","PC_GDP","A","1988",2.028,
"NZL","INSURANCEEXP","TOT","PC_GDP","A","1989",4.188,
"NZL","INSURANCEEXP","TOT","PC_GDP","A","1990",4.014,
"NZL","INSURANCEEXP","TOT","PC_GDP","A","1991",3.648,
"NZL","INSURANCEEXP","TOT","PC_GDP","A","1992",1.542,
"NZL","INSURANCEEXP","TOT","PC_GDP","A","1993",1.442,
"NZL","INSURANCEEXP","TOT","PC_GDP","A","1994",1.411,
"NZL","INSURANCEEXP","TOT","PC_GDP","A","1995",1.075,
"NZL","INSURANCEEXP","TOT","PC_GDP","A","1996",2.424,
"NZL","INSURANCEEXP","TOT","PC_GDP","A","1997",2.464,
"NZL","INSURANCEEXP","TOT","PC_GDP","A","1998",2.398,
"NZL","INSURANCEEXP","TOT","PC_GDP","A","2000",2.455,
"NZL","INSURANCEEXP","TOT","PC_GDP","A","2001",2.304,
"NZL","INSURANCEEXP","TOT","PC_GDP","A","2003",2.071,
"NZL","INSURANCEEXP","TOT","PC_GDP","A","2004",2.525,
"NZL","INSURANCEEXP","TOT","PC_GDP","A","2005",2.629,
"NZL","INSURANCEEXP","TOT","PC_GDP","A","2006",2.561,
"NZL","INSURANCEEXP","TOT","PC_GDP","A","2007",2.367,
"NZL","INSURANCEEXP","TOT","PC_GDP","A","2008",2.309,
"NZL","INSURANCEEXP","TOT","PC_GDP","A","2009",2.378,
"NZL","INSURANCEEXP","TOT","PC_GDP","A","2010",2.264,
"NZL","INSURANCEEXP","TOT","PC_GDP","A","2012",2.565,
"NZL","INSURANCEEXP","TOT","PC_GDP","A","2013",2.678,
"NZL","INSURANCEEXP","TOT","PC_GDP","A","2014",2.661,
"NZL","INSURANCEEXP","TOT","PC_GDP","A","2015",2.581,
"NOR","INSURANCEEXP","TOT","PC_GDP","A","1983",3.77,
"NOR","INSURANCEEXP","TOT","PC_GDP","A","1984",3.691,
"NOR","INSURANCEEXP","TOT","PC_GDP","A","1985",4.106,
"NOR","INSURANCEEXP","TOT","PC_GDP","A","1986",4.724,
"NOR","INSURANCEEXP","TOT","PC_GDP","A","1987",4.644,
"NOR","INSURANCEEXP","TOT","PC_GDP","A","1988",4.816,
"NOR","INSURANCEEXP","TOT","PC_GDP","A","1989",4.623,
"NOR","INSURANCEEXP","TOT","PC_GDP","A","1990",4.51,
"NOR","INSURANCEEXP","TOT","PC_GDP","A","1991",4.705,
"NOR","INSURANCEEXP","TOT","PC_GDP","A","1992",2.923,
"NOR","INSURANCEEXP","TOT","PC_GDP","A","1993",4.854,
"NOR","INSURANCEEXP","TOT","PC_GDP","A","1994",2.205,
"NOR","INSURANCEEXP","TOT","PC_GDP","A","1995",2.015,
"NOR","INSURANCEEXP","TOT","PC_GDP","A","1996",4.364,
"NOR","INSURANCEEXP","TOT","PC_GDP","A","1997",4.592,
"NOR","INSURANCEEXP","TOT","PC_GDP","A","1998",4.787,
"NOR","INSURANCEEXP","TOT","PC_GDP","A","1999",4.565,
"NOR","INSURANCEEXP","TOT","PC_GDP","A","2000",4.356,
"NOR","INSURANCEEXP","TOT","PC_GDP","A","2001",4.743,
"NOR","INSURANCEEXP","TOT","PC_GDP","A","2002",5.231,
"NOR","INSURANCEEXP","TOT","PC_GDP","A","2003",5.527,
"NOR","INSURANCEEXP","TOT","PC_GDP","A","2004",5.707,
"NOR","INSURANCEEXP","TOT","PC_GDP","A","2005",5.548,
"NOR","INSURANCEEXP","TOT","PC_GDP","A","2006",4.695,
"NOR","INSURANCEEXP","TOT","PC_GDP","A","2007",4.928,
"NOR","INSURANCEEXP","TOT","PC_GDP","A","2008",5.229,
"NOR","INSURANCEEXP","TOT","PC_GDP","A","2009",5.496,
"NOR","INSURANCEEXP","TOT","PC_GDP","A","2010",4.8,
"NOR","INSURANCEEXP","TOT","PC_GDP","A","2011",4.776,
"NOR","INSURANCEEXP","TOT","PC_GDP","A","2012",5.052,
"NOR","INSURANCEEXP","TOT","PC_GDP","A","2013",4.885,
"NOR","INSURANCEEXP","TOT","PC_GDP","A","2014",5.287,
"NOR","INSURANCEEXP","TOT","PC_GDP","A","2015",5.317,
"POL","INSURANCEEXP","TOT","PC_GDP","A","1995",1.192,
"POL","INSURANCEEXP","TOT","PC_GDP","A","1996",1.93,
"POL","INSURANCEEXP","TOT","PC_GDP","A","1997",2.36,
"POL","INSURANCEEXP","TOT","PC_GDP","A","1998",2.568,
"POL","INSURANCEEXP","TOT","PC_GDP","A","1999",2.723,
"POL","INSURANCEEXP","TOT","PC_GDP","A","2000",2.754,
"POL","INSURANCEEXP","TOT","PC_GDP","A","2001",2.84,
"POL","INSURANCEEXP","TOT","PC_GDP","A","2002",2.765,
"POL","INSURANCEEXP","TOT","PC_GDP","A","2003",2.9,
"POL","INSURANCEEXP","TOT","PC_GDP","A","2004",2.932,
"POL","INSURANCEEXP","TOT","PC_GDP","A","2005",3.101,
"POL","INSURANCEEXP","TOT","PC_GDP","A","2006",3.482,
"POL","INSURANCEEXP","TOT","PC_GDP","A","2007",3.643,
"POL","INSURANCEEXP","TOT","PC_GDP","A","2008",4.604,
"POL","INSURANCEEXP","TOT","PC_GDP","A","2009",3.734,
"POL","INSURANCEEXP","TOT","PC_GDP","A","2010",3.709,
"POL","INSURANCEEXP","TOT","PC_GDP","A","2011",3.615,
"POL","INSURANCEEXP","TOT","PC_GDP","A","2012",3.806,
"POL","INSURANCEEXP","TOT","PC_GDP","A","2013",3.451,
"POL","INSURANCEEXP","TOT","PC_GDP","A","2014",3.162,
"POL","INSURANCEEXP","TOT","PC_GDP","A","2015",2.981,
"PRT","INSURANCEEXP","TOT","PC_GDP","A","1983",2.148,
"PRT","INSURANCEEXP","TOT","PC_GDP","A","1984",2.125,
"PRT","INSURANCEEXP","TOT","PC_GDP","A","1985",2.067,
"PRT","INSURANCEEXP","TOT","PC_GDP","A","1986",2.064,
"PRT","INSURANCEEXP","TOT","PC_GDP","A","1987",2.108,
"PRT","INSURANCEEXP","TOT","PC_GDP","A","1988",2.25,
"PRT","INSURANCEEXP","TOT","PC_GDP","A","1989",2.415,
"PRT","INSURANCEEXP","TOT","PC_GDP","A","1990",2.705,
"PRT","INSURANCEEXP","TOT","PC_GDP","A","1991",2.877,
"PRT","INSURANCEEXP","TOT","PC_GDP","A","1992",3.106,
"PRT","INSURANCEEXP","TOT","PC_GDP","A","1993",3.606,
"PRT","INSURANCEEXP","TOT","PC_GDP","A","1994",3.768,
"PRT","INSURANCEEXP","TOT","PC_GDP","A","1995",4.217,
"PRT","INSURANCEEXP","TOT","PC_GDP","A","1996",4.679,
"PRT","INSURANCEEXP","TOT","PC_GDP","A","1997",4.474,
"PRT","INSURANCEEXP","TOT","PC_GDP","A","1998",4.917,
"PRT","INSURANCEEXP","TOT","PC_GDP","A","1999",5.565,
"PRT","INSURANCEEXP","TOT","PC_GDP","A","2000",6.063,
"PRT","INSURANCEEXP","TOT","PC_GDP","A","2001",5.682,
"PRT","INSURANCEEXP","TOT","PC_GDP","A","2002",5.808,
"PRT","INSURANCEEXP","TOT","PC_GDP","A","2003",6.354,
"PRT","INSURANCEEXP","TOT","PC_GDP","A","2004",6.671,
"PRT","INSURANCEEXP","TOT","PC_GDP","A","2005",8.335,
"PRT","INSURANCEEXP","TOT","PC_GDP","A","2006",7.657,
"PRT","INSURANCEEXP","TOT","PC_GDP","A","2007",7.606,
"PRT","INSURANCEEXP","TOT","PC_GDP","A","2008",8.373,
"PRT","INSURANCEEXP","TOT","PC_GDP","A","2009",7.867,
"PRT","INSURANCEEXP","TOT","PC_GDP","A","2010",8.588,
"PRT","INSURANCEEXP","TOT","PC_GDP","A","2011",6.144,
"PRT","INSURANCEEXP","TOT","PC_GDP","A","2012",6.013,
"PRT","INSURANCEEXP","TOT","PC_GDP","A","2013",7.258,
"PRT","INSURANCEEXP","TOT","PC_GDP","A","2014",7.831,
"PRT","INSURANCEEXP","TOT","PC_GDP","A","2015",6.731,
"SVK","INSURANCEEXP","TOT","PC_GDP","A","1997",1.864,
"SVK","INSURANCEEXP","TOT","PC_GDP","A","1998",2.062,
"SVK","INSURANCEEXP","TOT","PC_GDP","A","1999",1.913,
"SVK","INSURANCEEXP","TOT","PC_GDP","A","2000",2.046,
"SVK","INSURANCEEXP","TOT","PC_GDP","A","2001",2.165,
"SVK","INSURANCEEXP","TOT","PC_GDP","A","2002",2.299,
"SVK","INSURANCEEXP","TOT","PC_GDP","A","2004",2.594,
"SVK","INSURANCEEXP","TOT","PC_GDP","A","2006",2.567,
"SVK","INSURANCEEXP","TOT","PC_GDP","A","2007",2.7,
"SVK","INSURANCEEXP","TOT","PC_GDP","A","2008",2.988,
"SVK","INSURANCEEXP","TOT","PC_GDP","A","2009",3.237,
"SVK","INSURANCEEXP","TOT","PC_GDP","A","2010",3.134,
"SVK","INSURANCEEXP","TOT","PC_GDP","A","2011",3.031,
"SVK","INSURANCEEXP","TOT","PC_GDP","A","2012",2.949,
"SVK","INSURANCEEXP","TOT","PC_GDP","A","2013",2.989,
"SVK","INSURANCEEXP","TOT","PC_GDP","A","2014",2.933,
"SVK","INSURANCEEXP","TOT","PC_GDP","A","2015",2.716,
"ESP","INSURANCEEXP","TOT","PC_GDP","A","1983",1.802,
"ESP","INSURANCEEXP","TOT","PC_GDP","A","1984",1.956,
"ESP","INSURANCEEXP","TOT","PC_GDP","A","1985",2.013,
"ESP","INSURANCEEXP","TOT","PC_GDP","A","1986",3.044,
"ESP","INSURANCEEXP","TOT","PC_GDP","A","1987",3.5,
"ESP","INSURANCEEXP","TOT","PC_GDP","A","1988",5.632,
"ESP","INSURANCEEXP","TOT","PC_GDP","A","1989",3.984,
"ESP","INSURANCEEXP","TOT","PC_GDP","A","1990",3.337,
"ESP","INSURANCEEXP","TOT","PC_GDP","A","1991",3.719,
"ESP","INSURANCEEXP","TOT","PC_GDP","A","1992",3.856,
"ESP","INSURANCEEXP","TOT","PC_GDP","A","1993",4.039,
"ESP","INSURANCEEXP","TOT","PC_GDP","A","1994",4.792,
"ESP","INSURANCEEXP","TOT","PC_GDP","A","1995",4.507,
"ESP","INSURANCEEXP","TOT","PC_GDP","A","1996",4.713,
"ESP","INSURANCEEXP","TOT","PC_GDP","A","1997",4.808,
"ESP","INSURANCEEXP","TOT","PC_GDP","A","1998",4.779,
"ESP","INSURANCEEXP","TOT","PC_GDP","A","1999",5.486,
"ESP","INSURANCEEXP","TOT","PC_GDP","A","2000",6.333,
"ESP","INSURANCEEXP","TOT","PC_GDP","A","2001",5.962,
"ESP","INSURANCEEXP","TOT","PC_GDP","A","2002",6.414,
"ESP","INSURANCEEXP","TOT","PC_GDP","A","2003",5.226,
"ESP","INSURANCEEXP","TOT","PC_GDP","A","2004",5.275,
"ESP","INSURANCEEXP","TOT","PC_GDP","A","2005",5.25,
"ESP","INSURANCEEXP","TOT","PC_GDP","A","2006",5.274,
"ESP","INSURANCEEXP","TOT","PC_GDP","A","2007",5.04,
"ESP","INSURANCEEXP","TOT","PC_GDP","A","2008",5.312,
"ESP","INSURANCEEXP","TOT","PC_GDP","A","2009",5.571,
"ESP","INSURANCEEXP","TOT","PC_GDP","A","2010",5.222,
"ESP","INSURANCEEXP","TOT","PC_GDP","A","2011",5.45,
"ESP","INSURANCEEXP","TOT","PC_GDP","A","2012",5.297,
"ESP","INSURANCEEXP","TOT","PC_GDP","A","2013",5.202,
"ESP","INSURANCEEXP","TOT","PC_GDP","A","2014",5.107,
"ESP","INSURANCEEXP","TOT","PC_GDP","A","2015",5.011,
"SWE","INSURANCEEXP","TOT","PC_GDP","A","1983",3.945,
"SWE","INSURANCEEXP","TOT","PC_GDP","A","1984",4.104,
"SWE","INSURANCEEXP","TOT","PC_GDP","A","1985",4.407,
"SWE","INSURANCEEXP","TOT","PC_GDP","A","1986",4.566,
"SWE","INSURANCEEXP","TOT","PC_GDP","A","1987",4.705,
"SWE","INSURANCEEXP","TOT","PC_GDP","A","1988",5.004,
"SWE","INSURANCEEXP","TOT","PC_GDP","A","1989",5.564,
"SWE","INSURANCEEXP","TOT","PC_GDP","A","1990",4.966,
"SWE","INSURANCEEXP","TOT","PC_GDP","A","1991",5.302,
"SWE","INSURANCEEXP","TOT","PC_GDP","A","1992",5.135,
"SWE","INSURANCEEXP","TOT","PC_GDP","A","1993",5.704,
"SWE","INSURANCEEXP","TOT","PC_GDP","A","1994",5.332,
"SWE","INSURANCEEXP","TOT","PC_GDP","A","1995",5.048,
"SWE","INSURANCEEXP","TOT","PC_GDP","A","1996",5.206,
"SWE","INSURANCEEXP","TOT","PC_GDP","A","1997",5.307,
"SWE","INSURANCEEXP","TOT","PC_GDP","A","1998",5.596,
"SWE","INSURANCEEXP","TOT","PC_GDP","A","1999",6.752,
"SWE","INSURANCEEXP","TOT","PC_GDP","A","2000",7.78,
"SWE","INSURANCEEXP","TOT","PC_GDP","A","2001",7.833,
"SWE","INSURANCEEXP","TOT","PC_GDP","A","2003",7.132,
"SWE","INSURANCEEXP","TOT","PC_GDP","A","2004",7.41,
"SWE","INSURANCEEXP","TOT","PC_GDP","A","2005",7.634,
"SWE","INSURANCEEXP","TOT","PC_GDP","A","2006",6.909,
"SWE","INSURANCEEXP","TOT","PC_GDP","A","2007",5.967,
"SWE","INSURANCEEXP","TOT","PC_GDP","A","2008",5.689,
"SWE","INSURANCEEXP","TOT","PC_GDP","A","2009",5.439,
"SWE","INSURANCEEXP","TOT","PC_GDP","A","2010",4.867,
"SWE","INSURANCEEXP","TOT","PC_GDP","A","2011",4.683,
"SWE","INSURANCEEXP","TOT","PC_GDP","A","2012",4.175,
"SWE","INSURANCEEXP","TOT","PC_GDP","A","2013",4.406,
"SWE","INSURANCEEXP","TOT","PC_GDP","A","2014",8.376,
"SWE","INSURANCEEXP","TOT","PC_GDP","A","2015",7.921,
"CHE","INSURANCEEXP","TOT","PC_GDP","A","1983",6.459,
"CHE","INSURANCEEXP","TOT","PC_GDP","A","1984",6.405,
"CHE","INSURANCEEXP","TOT","PC_GDP","A","1985",6.992,
"CHE","INSURANCEEXP","TOT","PC_GDP","A","1986",7.237,
"CHE","INSURANCEEXP","TOT","PC_GDP","A","1987",7.755,
"CHE","INSURANCEEXP","TOT","PC_GDP","A","1988",8.182,
"CHE","INSURANCEEXP","TOT","PC_GDP","A","1989",8.085,
"CHE","INSURANCEEXP","TOT","PC_GDP","A","1990",7.766,
"CHE","INSURANCEEXP","TOT","PC_GDP","A","1991",8.048,
"CHE","INSURANCEEXP","TOT","PC_GDP","A","1992",8.371,
"CHE","INSURANCEEXP","TOT","PC_GDP","A","1993",8.861,
"CHE","INSURANCEEXP","TOT","PC_GDP","A","1994",9.324,
"CHE","INSURANCEEXP","TOT","PC_GDP","A","1995",10.084,
"CHE","INSURANCEEXP","TOT","PC_GDP","A","1996",10.903,
"CHE","INSURANCEEXP","TOT","PC_GDP","A","1997",11.624,
"CHE","INSURANCEEXP","TOT","PC_GDP","A","1998",12.335,
"CHE","INSURANCEEXP","TOT","PC_GDP","A","1999",12.549,
"CHE","INSURANCEEXP","TOT","PC_GDP","A","2000",11.031,
"CHE","INSURANCEEXP","TOT","PC_GDP","A","2001",12.074,
"CHE","INSURANCEEXP","TOT","PC_GDP","A","2002",12.389,
"CHE","INSURANCEEXP","TOT","PC_GDP","A","2003",11.315,
"CHE","INSURANCEEXP","TOT","PC_GDP","A","2004",10.72,
"CHE","INSURANCEEXP","TOT","PC_GDP","A","2005",9.965,
"CHE","INSURANCEEXP","TOT","PC_GDP","A","2006",9.169,
"CHE","INSURANCEEXP","TOT","PC_GDP","A","2007",8.787,
"CHE","INSURANCEEXP","TOT","PC_GDP","A","2008",9.691,
"CHE","INSURANCEEXP","TOT","PC_GDP","A","2009",9.132,
"CHE","INSURANCEEXP","TOT","PC_GDP","A","2010",9.049,
"CHE","INSURANCEEXP","TOT","PC_GDP","A","2011",9.007,
"CHE","INSURANCEEXP","TOT","PC_GDP","A","2012",9.127,
"CHE","INSURANCEEXP","TOT","PC_GDP","A","2013",9.27,
"CHE","INSURANCEEXP","TOT","PC_GDP","A","2014",9.163,
"CHE","INSURANCEEXP","TOT","PC_GDP","A","2015",9.241,
"TUR","INSURANCEEXP","TOT","PC_GDP","A","1983",0.333,
"TUR","INSURANCEEXP","TOT","PC_GDP","A","1984",0.388,
"TUR","INSURANCEEXP","TOT","PC_GDP","A","1985",0.37,
"TUR","INSURANCEEXP","TOT","PC_GDP","A","1986",0.375,
"TUR","INSURANCEEXP","TOT","PC_GDP","A","1987",0.421,
"TUR","INSURANCEEXP","TOT","PC_GDP","A","1988",0.443,
"TUR","INSURANCEEXP","TOT","PC_GDP","A","1989",0.46,
"TUR","INSURANCEEXP","TOT","PC_GDP","A","1990",0.566,
"TUR","INSURANCEEXP","TOT","PC_GDP","A","1991",0.643,
"TUR","INSURANCEEXP","TOT","PC_GDP","A","1992",0.747,
"TUR","INSURANCEEXP","TOT","PC_GDP","A","1993",0.853,
"TUR","INSURANCEEXP","TOT","PC_GDP","A","1994",0.823,
"TUR","INSURANCEEXP","TOT","PC_GDP","A","1995",0.812,
"TUR","INSURANCEEXP","TOT","PC_GDP","A","1996",0.865,
"TUR","INSURANCEEXP","TOT","PC_GDP","A","1997",0.98,
"TUR","INSURANCEEXP","TOT","PC_GDP","A","1998",1.06,
"TUR","INSURANCEEXP","TOT","PC_GDP","A","1999",1.382,
"TUR","INSURANCEEXP","TOT","PC_GDP","A","2000",1.161,
"TUR","INSURANCEEXP","TOT","PC_GDP","A","2001",1.138,
"TUR","INSURANCEEXP","TOT","PC_GDP","A","2002",1.042,
"TUR","INSURANCEEXP","TOT","PC_GDP","A","2003",1.094,
"TUR","INSURANCEEXP","TOT","PC_GDP","A","2004",1.184,
"TUR","INSURANCEEXP","TOT","PC_GDP","A","2005",1.088,
"TUR","INSURANCEEXP","TOT","PC_GDP","A","2006",1.058,
"TUR","INSURANCEEXP","TOT","PC_GDP","A","2007",1.296,
"TUR","INSURANCEEXP","TOT","PC_GDP","A","2010",1.309,
"TUR","INSURANCEEXP","TOT","PC_GDP","A","2011",1.28,
"TUR","INSURANCEEXP","TOT","PC_GDP","A","2012",1.403,
"TUR","INSURANCEEXP","TOT","PC_GDP","A","2013",1.562,
"TUR","INSURANCEEXP","TOT","PC_GDP","A","2014",1.466,
"TUR","INSURANCEEXP","TOT","PC_GDP","A","2015",1.59,
"GBR","INSURANCEEXP","TOT","PC_GDP","A","1985",3.849,
"GBR","INSURANCEEXP","TOT","PC_GDP","A","1986",4.412,
"GBR","INSURANCEEXP","TOT","PC_GDP","A","1987",4.569,
"GBR","INSURANCEEXP","TOT","PC_GDP","A","1988",4.321,
"GBR","INSURANCEEXP","TOT","PC_GDP","A","1989",4.314,
"GBR","INSURANCEEXP","TOT","PC_GDP","A","1990",4.397,
"GBR","INSURANCEEXP","TOT","PC_GDP","A","1991",4.723,
"GBR","INSURANCEEXP","TOT","PC_GDP","A","1992",5.336,
"GBR","INSURANCEEXP","TOT","PC_GDP","A","1993",5.471,
"GBR","INSURANCEEXP","TOT","PC_GDP","A","1994",5.239,
"GBR","INSURANCEEXP","TOT","PC_GDP","A","1995",4.874,
"GBR","INSURANCEEXP","TOT","PC_GDP","A","1996",11.674,
"GBR","INSURANCEEXP","TOT","PC_GDP","A","1997",11.827,
"GBR","INSURANCEEXP","TOT","PC_GDP","A","1998",12.581,
"GBR","INSURANCEEXP","TOT","PC_GDP","A","1999",13.906,
"GBR","INSURANCEEXP","TOT","PC_GDP","A","2000",14.783,
"GBR","INSURANCEEXP","TOT","PC_GDP","A","2001",14.103,
"GBR","INSURANCEEXP","TOT","PC_GDP","A","2002",13.95,
"GBR","INSURANCEEXP","TOT","PC_GDP","A","2003",14.282,
"GBR","INSURANCEEXP","TOT","PC_GDP","A","2004",13.672,
"GBR","INSURANCEEXP","TOT","PC_GDP","A","2005",13.761,
"GBR","INSURANCEEXP","TOT","PC_GDP","A","2006",19.218,
"GBR","INSURANCEEXP","TOT","PC_GDP","A","2007",20.592,
"GBR","INSURANCEEXP","TOT","PC_GDP","A","2008",15.451,
"GBR","INSURANCEEXP","TOT","PC_GDP","A","2009",13.974,
"GBR","INSURANCEEXP","TOT","PC_GDP","A","2010",12.755,
"GBR","INSURANCEEXP","TOT","PC_GDP","A","2011",12.04,
"GBR","INSURANCEEXP","TOT","PC_GDP","A","2012",12.873,
"GBR","INSURANCEEXP","TOT","PC_GDP","A","2013",11.329,
"GBR","INSURANCEEXP","TOT","PC_GDP","A","2014",11.014,
"GBR","INSURANCEEXP","TOT","PC_GDP","A","2015",10.51,
"USA","INSURANCEEXP","TOT","PC_GDP","A","1983",6.498,
"USA","INSURANCEEXP","TOT","PC_GDP","A","1984",6.424,
"USA","INSURANCEEXP","TOT","PC_GDP","A","1985",7.169,
"USA","INSURANCEEXP","TOT","PC_GDP","A","1986",8.462,
"USA","INSURANCEEXP","TOT","PC_GDP","A","1987",4.275,
"USA","INSURANCEEXP","TOT","PC_GDP","A","1988",9.753,
"USA","INSURANCEEXP","TOT","PC_GDP","A","1989",9.488,
"USA","INSURANCEEXP","TOT","PC_GDP","A","1990",9.712,
"USA","INSURANCEEXP","TOT","PC_GDP","A","1991",9.637,
"USA","INSURANCEEXP","TOT","PC_GDP","A","1992",9.54,
"USA","INSURANCEEXP","TOT","PC_GDP","A","1993",9.748,
"USA","INSURANCEEXP","TOT","PC_GDP","A","1994",9.632,
"USA","INSURANCEEXP","TOT","PC_GDP","A","1995",9.472,
"USA","INSURANCEEXP","TOT","PC_GDP","A","1996",9.372,
"USA","INSURANCEEXP","TOT","PC_GDP","A","1997",10.061,
"USA","INSURANCEEXP","TOT","PC_GDP","A","1998",10.389,
"USA","INSURANCEEXP","TOT","PC_GDP","A","1999",10.516,
"USA","INSURANCEEXP","TOT","PC_GDP","A","2000",10.273,
"USA","INSURANCEEXP","TOT","PC_GDP","A","2001",10.021,
"USA","INSURANCEEXP","TOT","PC_GDP","A","2002",10.125,
"USA","INSURANCEEXP","TOT","PC_GDP","A","2003",10.463,
"USA","INSURANCEEXP","TOT","PC_GDP","A","2004",10.349,
"USA","INSURANCEEXP","TOT","PC_GDP","A","2005",10.196,
"USA","INSURANCEEXP","TOT","PC_GDP","A","2006",10.271,
"USA","INSURANCEEXP","TOT","PC_GDP","A","2007",10.804,
"USA","INSURANCEEXP","TOT","PC_GDP","A","2008",10.87,
"USA","INSURANCEEXP","TOT","PC_GDP","A","2009",11.129,
"USA","INSURANCEEXP","TOT","PC_GDP","A","2010",10.821,
"USA","INSURANCEEXP","TOT","PC_GDP","A","2011",11.042,
"USA","INSURANCEEXP","TOT","PC_GDP","A","2012",11.186,
"USA","INSURANCEEXP","TOT","PC_GDP","A","2013",10.795,
"USA","INSURANCEEXP","TOT","PC_GDP","A","2014",10.964,
"USA","INSURANCEEXP","TOT","PC_GDP","A","2015",11.275,
"ARG","INSURANCEEXP","TOT","PC_GDP","A","2012",2.147,
"ARG","INSURANCEEXP","TOT","PC_GDP","A","2013",2.367,
"ARG","INSURANCEEXP","TOT","PC_GDP","A","2014",2.461,
"ARG","INSURANCEEXP","TOT","PC_GDP","A","2015",2.825,
"BRA","INSURANCEEXP","TOT","PC_GDP","A","2011",2.401,
"BRA","INSURANCEEXP","TOT","PC_GDP","A","2012",2.693,
"BRA","INSURANCEEXP","TOT","PC_GDP","A","2013",2.734,
"BRA","INSURANCEEXP","TOT","PC_GDP","A","2014",2.89,
"BRA","INSURANCEEXP","TOT","PC_GDP","A","2015",3.128,
"CHL","INSURANCEEXP","TOT","PC_GDP","A","2006",3.065,
"CHL","INSURANCEEXP","TOT","PC_GDP","A","2009",3.62,
"CHL","INSURANCEEXP","TOT","PC_GDP","A","2010",3.809,
"CHL","INSURANCEEXP","TOT","PC_GDP","A","2011",3.855,
"CHL","INSURANCEEXP","TOT","PC_GDP","A","2012",4.24,
"CHL","INSURANCEEXP","TOT","PC_GDP","A","2013",4.228,
"CHL","INSURANCEEXP","TOT","PC_GDP","A","2014",4.217,
"CHL","INSURANCEEXP","TOT","PC_GDP","A","2015",4.715,
"COL","INSURANCEEXP","TOT","PC_GDP","A","2009",2.266,
"COL","INSURANCEEXP","TOT","PC_GDP","A","2010",2.25,
"COL","INSURANCEEXP","TOT","PC_GDP","A","2011",2.247,
"COL","INSURANCEEXP","TOT","PC_GDP","A","2012",2.447,
"COL","INSURANCEEXP","TOT","PC_GDP","A","2013",2.652,
"COL","INSURANCEEXP","TOT","PC_GDP","A","2014",2.517,
"COL","INSURANCEEXP","TOT","PC_GDP","A","2015",2.675,
"EST","INSURANCEEXP","TOT","PC_GDP","A","2006",0.743,
"EST","INSURANCEEXP","TOT","PC_GDP","A","2009",1.745,
"EST","INSURANCEEXP","TOT","PC_GDP","A","2010",2.899,
"EST","INSURANCEEXP","TOT","PC_GDP","A","2011",2.416,
"EST","INSURANCEEXP","TOT","PC_GDP","A","2012",2.667,
"EST","INSURANCEEXP","TOT","PC_GDP","A","2013",3.066,
"EST","INSURANCEEXP","TOT","PC_GDP","A","2014",3.163,
"EST","INSURANCEEXP","TOT","PC_GDP","A","2015",3.366,
"HKG","INSURANCEEXP","TOT","PC_GDP","A","2009",10.839,
"HKG","INSURANCEEXP","TOT","PC_GDP","A","2010",11.251,
"HKG","INSURANCEEXP","TOT","PC_GDP","A","2011",11.206,
"HKG","INSURANCEEXP","TOT","PC_GDP","A","2012",12.024,
"HKG","INSURANCEEXP","TOT","PC_GDP","A","2013",13.087,
"HKG","INSURANCEEXP","TOT","PC_GDP","A","2014",14.092,
"HKG","INSURANCEEXP","TOT","PC_GDP","A","2015",14.762,
"IDN","INSURANCEEXP","TOT","PC_GDP","A","2011",1.627,
"IDN","INSURANCEEXP","TOT","PC_GDP","A","2012",1.695,
"IDN","INSURANCEEXP","TOT","PC_GDP","A","2013",1.645,
"IDN","INSURANCEEXP","TOT","PC_GDP","A","2014",1.569,
"IDN","INSURANCEEXP","TOT","PC_GDP","A","2015",1.577,
"ISR","INSURANCEEXP","TOT","PC_GDP","A","2006",5.02,
"ISR","INSURANCEEXP","TOT","PC_GDP","A","2007",4.895,
"ISR","INSURANCEEXP","TOT","PC_GDP","A","2008",4.972,
"ISR","INSURANCEEXP","TOT","PC_GDP","A","2009",4.928,
"ISR","INSURANCEEXP","TOT","PC_GDP","A","2010",4.794,
"ISR","INSURANCEEXP","TOT","PC_GDP","A","2011",4.838,
"ISR","INSURANCEEXP","TOT","PC_GDP","A","2012",4.804,
"ISR","INSURANCEEXP","TOT","PC_GDP","A","2013",4.768,
"ISR","INSURANCEEXP","TOT","PC_GDP","A","2014",4.7,
"ISR","INSURANCEEXP","TOT","PC_GDP","A","2015",4.769,
"MYS","INSURANCEEXP","TOT","PC_GDP","A","2009",4.316,
"MYS","INSURANCEEXP","TOT","PC_GDP","A","2010",4.856,
"MYS","INSURANCEEXP","TOT","PC_GDP","A","2011",4.667,
"MYS","INSURANCEEXP","TOT","PC_GDP","A","2012",4.825,
"MYS","INSURANCEEXP","TOT","PC_GDP","A","2013",4.862,
"MYS","INSURANCEEXP","TOT","PC_GDP","A","2014",4.812,
"MYS","INSURANCEEXP","TOT","PC_GDP","A","2015",4.784,
"PRY","INSURANCEEXP","TOT","PC_GDP","A","2012",1.211,
"PRY","INSURANCEEXP","TOT","PC_GDP","A","2013",1.224,
"PRY","INSURANCEEXP","TOT","PC_GDP","A","2015",1.337,
"PER","INSURANCEEXP","TOT","PC_GDP","A","2011",1.535,
"PER","INSURANCEEXP","TOT","PC_GDP","A","2012",1.555,
"PER","INSURANCEEXP","TOT","PC_GDP","A","2013",1.661,
"PER","INSURANCEEXP","TOT","PC_GDP","A","2014",1.763,
"PER","INSURANCEEXP","TOT","PC_GDP","A","2015",1.919,
"RUS","INSURANCEEXP","TOT","PC_GDP","A","2006",1.212,
"RUS","INSURANCEEXP","TOT","PC_GDP","A","2007",1.371,
"RUS","INSURANCEEXP","TOT","PC_GDP","A","2008",1.261,
"RUS","INSURANCEEXP","TOT","PC_GDP","A","2009",1.244,
"RUS","INSURANCEEXP","TOT","PC_GDP","A","2011",1.12,
"RUS","INSURANCEEXP","TOT","PC_GDP","A","2014",1.268,
"RUS","INSURANCEEXP","TOT","PC_GDP","A","2015",1.274,
"SGP","INSURANCEEXP","TOT","PC_GDP","A","2000",6.258,
"SGP","INSURANCEEXP","TOT","PC_GDP","A","2001",10.295,
"SGP","INSURANCEEXP","TOT","PC_GDP","A","2004",7.422,
"SGP","INSURANCEEXP","TOT","PC_GDP","A","2009",4.3,
"SGP","INSURANCEEXP","TOT","PC_GDP","A","2010",6.419,
"SGP","INSURANCEEXP","TOT","PC_GDP","A","2011",6.385,
"SGP","INSURANCEEXP","TOT","PC_GDP","A","2012",6.831,
"SGP","INSURANCEEXP","TOT","PC_GDP","A","2013",7.228,
"SGP","INSURANCEEXP","TOT","PC_GDP","A","2014",8.016,
"SGP","INSURANCEEXP","TOT","PC_GDP","A","2015",8.32,
"SVN","INSURANCEEXP","TOT","PC_GDP","A","2007",5.388,
"SVN","INSURANCEEXP","TOT","PC_GDP","A","2008",5.317,
"SVN","INSURANCEEXP","TOT","PC_GDP","A","2009",5.29,
"SVN","INSURANCEEXP","TOT","PC_GDP","A","2010",5.283,
"SVN","INSURANCEEXP","TOT","PC_GDP","A","2011",5.207,
"SVN","INSURANCEEXP","TOT","PC_GDP","A","2012",5.342,
"SVN","INSURANCEEXP","TOT","PC_GDP","A","2013",5.221,
"SVN","INSURANCEEXP","TOT","PC_GDP","A","2014",4.981,
"SVN","INSURANCEEXP","TOT","PC_GDP","A","2015",4.881,
"URY","INSURANCEEXP","TOT","PC_GDP","A","2011",1.904,
"URY","INSURANCEEXP","TOT","PC_GDP","A","2012",2.066,
"URY","INSURANCEEXP","TOT","PC_GDP","A","2013",2.101,
"URY","INSURANCEEXP","TOT","PC_GDP","A","2014",2.267,
"URY","INSURANCEEXP","TOT","PC_GDP","A","2015",2.36,
"OECD","INSURANCEEXP","TOT","PC_GDP","A","1983",5.127,
"OECD","INSURANCEEXP","TOT","PC_GDP","A","1984",5.287,
"OECD","INSURANCEEXP","TOT","PC_GDP","A","1985",5.709,
"OECD","INSURANCEEXP","TOT","PC_GDP","A","1986",6.296,
"OECD","INSURANCEEXP","TOT","PC_GDP","A","1987",5.093,
"OECD","INSURANCEEXP","TOT","PC_GDP","A","1988",7.466,
"OECD","INSURANCEEXP","TOT","PC_GDP","A","1989",7.379,
"OECD","INSURANCEEXP","TOT","PC_GDP","A","1990",7.033,
"OECD","INSURANCEEXP","TOT","PC_GDP","A","1991",7.081,
"OECD","INSURANCEEXP","TOT","PC_GDP","A","1992",6.988,
"OECD","INSURANCEEXP","TOT","PC_GDP","A","1993",7.394,
"OECD","INSURANCEEXP","TOT","PC_GDP","A","1994",7.413,
"OECD","INSURANCEEXP","TOT","PC_GDP","A","1995",7.424,
"OECD","INSURANCEEXP","TOT","PC_GDP","A","1996",7.805,
"OECD","INSURANCEEXP","TOT","PC_GDP","A","1997",8.194,
"OECD","INSURANCEEXP","TOT","PC_GDP","A","1998",8.342,
"OECD","INSURANCEEXP","TOT","PC_GDP","A","1999",8.654,
"OECD","INSURANCEEXP","TOT","PC_GDP","A","2000",8.633,
"OECD","INSURANCEEXP","TOT","PC_GDP","A","2001",8.431,
"OECD","INSURANCEEXP","TOT","PC_GDP","A","2002",8.525,
"OECD","INSURANCEEXP","TOT","PC_GDP","A","2003",8.651,
"OECD","INSURANCEEXP","TOT","PC_GDP","A","2004",8.577,
"OECD","INSURANCEEXP","TOT","PC_GDP","A","2005",8.673,
"OECD","INSURANCEEXP","TOT","PC_GDP","A","2006",9.048,
"OECD","INSURANCEEXP","TOT","PC_GDP","A","2007",9.281,
"OECD","INSURANCEEXP","TOT","PC_GDP","A","2008",8.798,
"OECD","INSURANCEEXP","TOT","PC_GDP","A","2009",9.284,
"OECD","INSURANCEEXP","TOT","PC_GDP","A","2010",8.782,
"OECD","INSURANCEEXP","TOT","PC_GDP","A","2011",8.71,
"OECD","INSURANCEEXP","TOT","PC_GDP","A","2012",8.433,
"OECD","INSURANCEEXP","TOT","PC_GDP","A","2013",8.262,
"OECD","INSURANCEEXP","TOT","PC_GDP","A","2014",8.577,
"OECD","INSURANCEEXP","TOT","PC_GDP","A","2015",8.804,
"ZAF","INSURANCEEXP","TOT","PC_GDP","A","2010",13.393,
"ZAF","INSURANCEEXP","TOT","PC_GDP","A","2011",13.443,
"ZAF","INSURANCEEXP","TOT","PC_GDP","A","2013",14.484,
"ZAF","INSURANCEEXP","TOT","PC_GDP","A","2014",14.395,
"ZAF","INSURANCEEXP","TOT","PC_GDP","A","2015",14.708,
"IND","INSURANCEEXP","TOT","PC_GDP","A","2011",3.84,
"THA","INSURANCEEXP","TOT","PC_GDP","A","2010",3.9,
"THA","INSURANCEEXP","TOT","PC_GDP","A","2011",4.151,
"LVA","INSURANCEEXP","TOT","PC_GDP","A","2009",1.95,
"LVA","INSURANCEEXP","TOT","PC_GDP","A","2010",1.817,
"LVA","INSURANCEEXP","TOT","PC_GDP","A","2011",1.942,
"LVA","INSURANCEEXP","TOT","PC_GDP","A","2012",2.021,
"LVA","INSURANCEEXP","TOT","PC_GDP","A","2013",2.068,
"LVA","INSURANCEEXP","TOT","PC_GDP","A","2014",2.194,
"LVA","INSURANCEEXP","TOT","PC_GDP","A","2015",2.178,
"BOL","INSURANCEEXP","TOT","PC_GDP","A","2012",1.161,
"CRI","INSURANCEEXP","TOT","PC_GDP","A","2010",1.928,
"CRI","INSURANCEEXP","TOT","PC_GDP","A","2011",1.873,
"CRI","INSURANCEEXP","TOT","PC_GDP","A","2012",1.99,
"CRI","INSURANCEEXP","TOT","PC_GDP","A","2013",2.083,
"CRI","INSURANCEEXP","TOT","PC_GDP","A","2014",2.326,
"CRI","INSURANCEEXP","TOT","PC_GDP","A","2015",1.977,
"GTM","INSURANCEEXP","TOT","PC_GDP","A","2011",1.272,
"GTM","INSURANCEEXP","TOT","PC_GDP","A","2012",1.177,
"GTM","INSURANCEEXP","TOT","PC_GDP","A","2013",1.233,
"GTM","INSURANCEEXP","TOT","PC_GDP","A","2014",1.24,
"GTM","INSURANCEEXP","TOT","PC_GDP","A","2015",1.22,
"NIC","INSURANCEEXP","TOT","PC_GDP","A","2011",1.264,
"NIC","INSURANCEEXP","TOT","PC_GDP","A","2012",1.322,
"NIC","INSURANCEEXP","TOT","PC_GDP","A","2013",1.445,
"NIC","INSURANCEEXP","TOT","PC_GDP","A","2014",1.506,
"NIC","INSURANCEEXP","TOT","PC_GDP","A","2015",1.56,
"PAN","INSURANCEEXP","TOT","PC_GDP","A","2011",3.008,
"PAN","INSURANCEEXP","TOT","PC_GDP","A","2012",2.707,
"PAN","INSURANCEEXP","TOT","PC_GDP","A","2013",2.753,
"ECU","INSURANCEEXP","TOT","PC_GDP","A","2015",2.296,
"LTU","INSURANCEEXP","TOT","PC_GDP","A","2010",1.603,
"LTU","INSURANCEEXP","TOT","PC_GDP","A","2011",1.574,
"LTU","INSURANCEEXP","TOT","PC_GDP","A","2012",1.551,
"LTU","INSURANCEEXP","TOT","PC_GDP","A","2013",1.62,
"LTU","INSURANCEEXP","TOT","PC_GDP","A","2014",1.649,
"LTU","INSURANCEEXP","TOT","PC_GDP","A","2015",1.735,
"LKA","INSURANCEEXP","TOT","PC_GDP","A","2014",0.972,
"LKA","INSURANCEEXP","TOT","PC_GDP","A","2015",1.102,
"HND","INSURANCEEXP","TOT","PC_GDP","A","2012",1.91,
"HND","INSURANCEEXP","TOT","PC_GDP","A","2013",1.991,
"HND","INSURANCEEXP","TOT","PC_GDP","A","2014",1.943,
"HND","INSURANCEEXP","TOT","PC_GDP","A","2015",1.959,
