﻿"LOCATION","INDICATOR","SUBJECT","MEASURE","FREQUENCY","TIME","Value","Flag Codes"
"AUS","NATINSURANCESH","TOT","OECDIDX","A","1983",1.062,
"AUS","NATINSURANCESH","TOT","OECDIDX","A","1984",1.849,
"AUS","NATINSURANCESH","TOT","OECDIDX","A","1985",1.281,
"AUS","NATINSURANCESH","TOT","OECDIDX","A","1986",0.507,
"AUS","NATINSURANCESH","TOT","OECDIDX","A","1987",1.346,
"AUS","NATINSURANCESH","TOT","OECDIDX","A","1988",1.27,
"AUS","NATINSURANCESH","TOT","OECDIDX","A","1989",1.569,
"AUS","NATINSURANCESH","TOT","OECDIDX","A","1990",1.647,
"AUS","NATINSURANCESH","TOT","OECDIDX","A","1991",1.505,
"AUS","NATINSURANCESH","TOT","OECDIDX","A","1992",1.257,
"AUS","NATINSURANCESH","TOT","OECDIDX","A","1993",1.589,
"AUS","NATINSURANCESH","TOT","OECDIDX","A","1994",0.75,
"AUS","NATINSURANCESH","TOT","OECDIDX","A","1995",0.697,
"AUS","NATINSURANCESH","TOT","OECDIDX","A","1996",1.604,
"AUS","NATINSURANCESH","TOT","OECDIDX","A","1997",1.775,
"AUS","NATINSURANCESH","TOT","OECDIDX","A","1998",1.586,
"AUS","NATINSURANCESH","TOT","OECDIDX","A","1999",1.681,
"AUS","NATINSURANCESH","TOT","OECDIDX","A","2000",1.391,
"AUS","NATINSURANCESH","TOT","OECDIDX","A","2001",1.29,
"AUS","NATINSURANCESH","TOT","OECDIDX","A","2002",1.321,
"AUS","NATINSURANCESH","TOT","OECDIDX","A","2003",1.265,
"AUS","NATINSURANCESH","TOT","OECDIDX","A","2004",1.334,
"AUS","NATINSURANCESH","TOT","OECDIDX","A","2005",1.317,
"AUS","NATINSURANCESH","TOT","OECDIDX","A","2006",1.289,
"AUS","NATINSURANCESH","TOT","OECDIDX","A","2007",1.465,
"AUS","NATINSURANCESH","TOT","OECDIDX","A","2008",1.447,
"AUS","NATINSURANCESH","TOT","OECDIDX","A","2009",1.355,
"AUS","NATINSURANCESH","TOT","OECDIDX","A","2010",1.638,
"AUS","NATINSURANCESH","TOT","OECDIDX","A","2011",1.832,
"AUS","NATINSURANCESH","TOT","OECDIDX","A","2012",1.835,
"AUS","NATINSURANCESH","TOT","OECDIDX","A","2013",1.799,
"AUS","NATINSURANCESH","TOT","OECDIDX","A","2014",1.959,
"AUS","NATINSURANCESH","TOT","OECDIDX","A","2015",1.629,
"AUT","NATINSURANCESH","TOT","OECDIDX","A","1986",0.599,
"AUT","NATINSURANCESH","TOT","OECDIDX","A","1987",0.692,
"AUT","NATINSURANCESH","TOT","OECDIDX","A","1988",0.57,
"AUT","NATINSURANCESH","TOT","OECDIDX","A","1989",0.607,
"AUT","NATINSURANCESH","TOT","OECDIDX","A","1990",0.693,
"AUT","NATINSURANCESH","TOT","OECDIDX","A","1991",0.673,
"AUT","NATINSURANCESH","TOT","OECDIDX","A","1992",0.698,
"AUT","NATINSURANCESH","TOT","OECDIDX","A","1993",0.638,
"AUT","NATINSURANCESH","TOT","OECDIDX","A","1994",0.645,
"AUT","NATINSURANCESH","TOT","OECDIDX","A","1995",0.673,
"AUT","NATINSURANCESH","TOT","OECDIDX","A","1996",0.767,
"AUT","NATINSURANCESH","TOT","OECDIDX","A","1997",0.614,
"AUT","NATINSURANCESH","TOT","OECDIDX","A","1998",0.593,
"AUT","NATINSURANCESH","TOT","OECDIDX","A","1999",0.563,
"AUT","NATINSURANCESH","TOT","OECDIDX","A","2000",0.487,
"AUT","NATINSURANCESH","TOT","OECDIDX","A","2001",0.494,
"AUT","NATINSURANCESH","TOT","OECDIDX","A","2002",0.494,
"AUT","NATINSURANCESH","TOT","OECDIDX","A","2003",0.523,
"AUT","NATINSURANCESH","TOT","OECDIDX","A","2004",0.541,
"AUT","NATINSURANCESH","TOT","OECDIDX","A","2005",0.526,
"AUT","NATINSURANCESH","TOT","OECDIDX","A","2006",0.534,
"AUT","NATINSURANCESH","TOT","OECDIDX","A","2007",0.519,
"AUT","NATINSURANCESH","TOT","OECDIDX","A","2008",0.58,
"AUT","NATINSURANCESH","TOT","OECDIDX","A","2013",0.515,
"AUT","NATINSURANCESH","TOT","OECDIDX","A","2014",0.506,
"AUT","NATINSURANCESH","TOT","OECDIDX","A","2015",0.436,
"BEL","NATINSURANCESH","TOT","OECDIDX","A","1983",1.056,
"BEL","NATINSURANCESH","TOT","OECDIDX","A","1984",0.892,
"BEL","NATINSURANCESH","TOT","OECDIDX","A","1985",0.73,
"BEL","NATINSURANCESH","TOT","OECDIDX","A","1986",0.754,
"BEL","NATINSURANCESH","TOT","OECDIDX","A","1987",0.811,
"BEL","NATINSURANCESH","TOT","OECDIDX","A","1988",0.634,
"BEL","NATINSURANCESH","TOT","OECDIDX","A","1989",0.686,
"BEL","NATINSURANCESH","TOT","OECDIDX","A","1990",0.789,
"BEL","NATINSURANCESH","TOT","OECDIDX","A","1991",0.776,
"BEL","NATINSURANCESH","TOT","OECDIDX","A","1992",0.78,
"BEL","NATINSURANCESH","TOT","OECDIDX","A","1993",0.667,
"BEL","NATINSURANCESH","TOT","OECDIDX","A","1994",0.657,
"BEL","NATINSURANCESH","TOT","OECDIDX","A","1995",0.729,
"BEL","NATINSURANCESH","TOT","OECDIDX","A","1996",0.757,
"BEL","NATINSURANCESH","TOT","OECDIDX","A","1997",0.705,
"BEL","NATINSURANCESH","TOT","OECDIDX","A","1998",0.778,
"BEL","NATINSURANCESH","TOT","OECDIDX","A","1999",0.78,
"BEL","NATINSURANCESH","TOT","OECDIDX","A","2000",0.739,
"BEL","NATINSURANCESH","TOT","OECDIDX","A","2001",0.756,
"BEL","NATINSURANCESH","TOT","OECDIDX","A","2002",0.71,
"BEL","NATINSURANCESH","TOT","OECDIDX","A","2003",0.904,
"BEL","NATINSURANCESH","TOT","OECDIDX","A","2004",0.991,
"BEL","NATINSURANCESH","TOT","OECDIDX","A","2005",1.101,
"BEL","NATINSURANCESH","TOT","OECDIDX","A","2006",0.933,
"BEL","NATINSURANCESH","TOT","OECDIDX","A","2007",0.941,
"BEL","NATINSURANCESH","TOT","OECDIDX","A","2008",0.944,
"BEL","NATINSURANCESH","TOT","OECDIDX","A","2009",0.929,
"BEL","NATINSURANCESH","TOT","OECDIDX","A","2010",0.906,
"BEL","NATINSURANCESH","TOT","OECDIDX","A","2011",0.885,
"BEL","NATINSURANCESH","TOT","OECDIDX","A","2012",0.896,
"BEL","NATINSURANCESH","TOT","OECDIDX","A","2013",0.77,
"BEL","NATINSURANCESH","TOT","OECDIDX","A","2014",0.773,
"BEL","NATINSURANCESH","TOT","OECDIDX","A","2015",0.593,
"CAN","NATINSURANCESH","TOT","OECDIDX","A","1984",4.082,
"CAN","NATINSURANCESH","TOT","OECDIDX","A","1985",3.578,
"CAN","NATINSURANCESH","TOT","OECDIDX","A","1986",3.056,
"CAN","NATINSURANCESH","TOT","OECDIDX","A","1987",2.959,
"CAN","NATINSURANCESH","TOT","OECDIDX","A","1988",2.112,
"CAN","NATINSURANCESH","TOT","OECDIDX","A","1989",2.486,
"CAN","NATINSURANCESH","TOT","OECDIDX","A","1990",2.512,
"CAN","NATINSURANCESH","TOT","OECDIDX","A","1991",2.516,
"CAN","NATINSURANCESH","TOT","OECDIDX","A","1992",2.085,
"CAN","NATINSURANCESH","TOT","OECDIDX","A","1993",1.638,
"CAN","NATINSURANCESH","TOT","OECDIDX","A","1994",1.554,
"CAN","NATINSURANCESH","TOT","OECDIDX","A","1995",1.485,
"CAN","NATINSURANCESH","TOT","OECDIDX","A","1996",1.484,
"CAN","NATINSURANCESH","TOT","OECDIDX","A","1997",1.423,
"CAN","NATINSURANCESH","TOT","OECDIDX","A","1998",1.289,
"CAN","NATINSURANCESH","TOT","OECDIDX","A","1999",2.007,
"CAN","NATINSURANCESH","TOT","OECDIDX","A","2000",2.181,
"CAN","NATINSURANCESH","TOT","OECDIDX","A","2001",2.277,
"CAN","NATINSURANCESH","TOT","OECDIDX","A","2002",2.218,
"CAN","NATINSURANCESH","TOT","OECDIDX","A","2003",2.306,
"CAN","NATINSURANCESH","TOT","OECDIDX","A","2004",2.445,
"CAN","NATINSURANCESH","TOT","OECDIDX","A","2005",2.611,
"CAN","NATINSURANCESH","TOT","OECDIDX","A","2006",2.753,
"CAN","NATINSURANCESH","TOT","OECDIDX","A","2007",2.977,
"CAN","NATINSURANCESH","TOT","OECDIDX","A","2008",2.506,
"CAN","NATINSURANCESH","TOT","OECDIDX","A","2009",1.77,
"CAN","NATINSURANCESH","TOT","OECDIDX","A","2010",1.984,
"CAN","NATINSURANCESH","TOT","OECDIDX","A","2011",2.037,
"CAN","NATINSURANCESH","TOT","OECDIDX","A","2012",2.074,
"CAN","NATINSURANCESH","TOT","OECDIDX","A","2013",2.024,
"CAN","NATINSURANCESH","TOT","OECDIDX","A","2014",1.879,
"CAN","NATINSURANCESH","TOT","OECDIDX","A","2015",1.728,
"CZE","NATINSURANCESH","TOT","OECDIDX","A","1993",0.046,
"CZE","NATINSURANCESH","TOT","OECDIDX","A","1994",0.056,
"CZE","NATINSURANCESH","TOT","OECDIDX","A","1995",0.063,
"CZE","NATINSURANCESH","TOT","OECDIDX","A","1996",0.074,
"CZE","NATINSURANCESH","TOT","OECDIDX","A","1997",0.072,
"CZE","NATINSURANCESH","TOT","OECDIDX","A","1998",0.079,
"CZE","NATINSURANCESH","TOT","OECDIDX","A","1999",0.077,
"CZE","NATINSURANCESH","TOT","OECDIDX","A","2000",0.073,
"CZE","NATINSURANCESH","TOT","OECDIDX","A","2001",0.087,
"CZE","NATINSURANCESH","TOT","OECDIDX","A","2002",0.101,
"CZE","NATINSURANCESH","TOT","OECDIDX","A","2003",0.116,
"CZE","NATINSURANCESH","TOT","OECDIDX","A","2004",0.123,
"CZE","NATINSURANCESH","TOT","OECDIDX","A","2005",0.129,
"CZE","NATINSURANCESH","TOT","OECDIDX","A","2006",0.136,
"CZE","NATINSURANCESH","TOT","OECDIDX","A","2007",0.143,
"CZE","NATINSURANCESH","TOT","OECDIDX","A","2008",0.181,
"CZE","NATINSURANCESH","TOT","OECDIDX","A","2009",0.177,
"CZE","NATINSURANCESH","TOT","OECDIDX","A","2010",0.189,
"CZE","NATINSURANCESH","TOT","OECDIDX","A","2011",0.19,
"CZE","NATINSURANCESH","TOT","OECDIDX","A","2012",0.168,
"CZE","NATINSURANCESH","TOT","OECDIDX","A","2013",0.164,
"CZE","NATINSURANCESH","TOT","OECDIDX","A","2014",0.154,
"CZE","NATINSURANCESH","TOT","OECDIDX","A","2015",0.129,
"DNK","NATINSURANCESH","TOT","OECDIDX","A","1983",0.487,
"DNK","NATINSURANCESH","TOT","OECDIDX","A","1984",0.485,
"DNK","NATINSURANCESH","TOT","OECDIDX","A","1985",0.481,
"DNK","NATINSURANCESH","TOT","OECDIDX","A","1986",0.475,
"DNK","NATINSURANCESH","TOT","OECDIDX","A","1987",0.54,
"DNK","NATINSURANCESH","TOT","OECDIDX","A","1988",0.447,
"DNK","NATINSURANCESH","TOT","OECDIDX","A","1989",0.458,
"DNK","NATINSURANCESH","TOT","OECDIDX","A","1990",0.531,
"DNK","NATINSURANCESH","TOT","OECDIDX","A","1991",0.512,
"DNK","NATINSURANCESH","TOT","OECDIDX","A","1992",0.543,
"DNK","NATINSURANCESH","TOT","OECDIDX","A","1993",0.474,
"DNK","NATINSURANCESH","TOT","OECDIDX","A","1994",0.527,
"DNK","NATINSURANCESH","TOT","OECDIDX","A","1995",0.553,
"DNK","NATINSURANCESH","TOT","OECDIDX","A","1996",0.599,
"DNK","NATINSURANCESH","TOT","OECDIDX","A","1997",0.551,
"DNK","NATINSURANCESH","TOT","OECDIDX","A","1998",0.589,
"DNK","NATINSURANCESH","TOT","OECDIDX","A","1999",0.511,
"DNK","NATINSURANCESH","TOT","OECDIDX","A","2000",0.426,
"DNK","NATINSURANCESH","TOT","OECDIDX","A","2001",0.479,
"DNK","NATINSURANCESH","TOT","OECDIDX","A","2002",0.528,
"DNK","NATINSURANCESH","TOT","OECDIDX","A","2003",0.474,
"DNK","NATINSURANCESH","TOT","OECDIDX","A","2004",0.493,
"DNK","NATINSURANCESH","TOT","OECDIDX","A","2005",0.559,
"DNK","NATINSURANCESH","TOT","OECDIDX","A","2006",0.595,
"DNK","NATINSURANCESH","TOT","OECDIDX","A","2007",0.623,
"DNK","NATINSURANCESH","TOT","OECDIDX","A","2008",0.716,
"DNK","NATINSURANCESH","TOT","OECDIDX","A","2011",0.734,
"DNK","NATINSURANCESH","TOT","OECDIDX","A","2012",0.7,
"DNK","NATINSURANCESH","TOT","OECDIDX","A","2013",4.636,
"DNK","NATINSURANCESH","TOT","OECDIDX","A","2014",0.749,
"DNK","NATINSURANCESH","TOT","OECDIDX","A","2015",0.661,
"FIN","NATINSURANCESH","TOT","OECDIDX","A","1983",0.54,
"FIN","NATINSURANCESH","TOT","OECDIDX","A","1984",0.468,
"FIN","NATINSURANCESH","TOT","OECDIDX","A","1985",0.412,
"FIN","NATINSURANCESH","TOT","OECDIDX","A","1986",0.445,
"FIN","NATINSURANCESH","TOT","OECDIDX","A","1987",0.488,
"FIN","NATINSURANCESH","TOT","OECDIDX","A","1988",0.409,
"FIN","NATINSURANCESH","TOT","OECDIDX","A","1989",0.47,
"FIN","NATINSURANCESH","TOT","OECDIDX","A","1990",0.596,
"FIN","NATINSURANCESH","TOT","OECDIDX","A","1991",0.561,
"FIN","NATINSURANCESH","TOT","OECDIDX","A","1992",0.472,
"FIN","NATINSURANCESH","TOT","OECDIDX","A","1993",0.175,
"FIN","NATINSURANCESH","TOT","OECDIDX","A","1994",0.175,
"FIN","NATINSURANCESH","TOT","OECDIDX","A","1995",0.212,
"FIN","NATINSURANCESH","TOT","OECDIDX","A","1996",0.256,
"FIN","NATINSURANCESH","TOT","OECDIDX","A","1997",0.219,
"FIN","NATINSURANCESH","TOT","OECDIDX","A","1998",0.242,
"FIN","NATINSURANCESH","TOT","OECDIDX","A","1999",0.252,
"FIN","NATINSURANCESH","TOT","OECDIDX","A","2000",0.248,
"FIN","NATINSURANCESH","TOT","OECDIDX","A","2001",0.219,
"FIN","NATINSURANCESH","TOT","OECDIDX","A","2002",0.209,
"FIN","NATINSURANCESH","TOT","OECDIDX","A","2003",0.2,
"FIN","NATINSURANCESH","TOT","OECDIDX","A","2004",0.203,
"FIN","NATINSURANCESH","TOT","OECDIDX","A","2005",0.206,
"FIN","NATINSURANCESH","TOT","OECDIDX","A","2006",0.196,
"FIN","NATINSURANCESH","TOT","OECDIDX","A","2007",0.181,
"FIN","NATINSURANCESH","TOT","OECDIDX","A","2008",0.2,
"FIN","NATINSURANCESH","TOT","OECDIDX","A","2009",0.222,
"FIN","NATINSURANCESH","TOT","OECDIDX","A","2010",0.269,
"FIN","NATINSURANCESH","TOT","OECDIDX","A","2011",0.219,
"FIN","NATINSURANCESH","TOT","OECDIDX","A","2012",0.2,
"FIN","NATINSURANCESH","TOT","OECDIDX","A","2013",0.268,
"FIN","NATINSURANCESH","TOT","OECDIDX","A","2014",0.285,
"FIN","NATINSURANCESH","TOT","OECDIDX","A","2015",0.246,
"FRA","NATINSURANCESH","TOT","OECDIDX","A","1983",6.297,
"FRA","NATINSURANCESH","TOT","OECDIDX","A","1984",5.672,
"FRA","NATINSURANCESH","TOT","OECDIDX","A","1985",4.905,
"FRA","NATINSURANCESH","TOT","OECDIDX","A","1986",5.254,
"FRA","NATINSURANCESH","TOT","OECDIDX","A","1987",5.858,
"FRA","NATINSURANCESH","TOT","OECDIDX","A","1988",5.028,
"FRA","NATINSURANCESH","TOT","OECDIDX","A","1989",5.714,
"FRA","NATINSURANCESH","TOT","OECDIDX","A","1990",6.396,
"FRA","NATINSURANCESH","TOT","OECDIDX","A","1991",6.435,
"FRA","NATINSURANCESH","TOT","OECDIDX","A","1992",6.778,
"FRA","NATINSURANCESH","TOT","OECDIDX","A","1993",6.338,
"FRA","NATINSURANCESH","TOT","OECDIDX","A","1994",6.469,
"FRA","NATINSURANCESH","TOT","OECDIDX","A","1995",6.978,
"FRA","NATINSURANCESH","TOT","OECDIDX","A","1996",7.255,
"FRA","NATINSURANCESH","TOT","OECDIDX","A","1997",6.688,
"FRA","NATINSURANCESH","TOT","OECDIDX","A","1998",5.658,
"FRA","NATINSURANCESH","TOT","OECDIDX","A","1999",5.494,
"FRA","NATINSURANCESH","TOT","OECDIDX","A","2000",5.12,
"FRA","NATINSURANCESH","TOT","OECDIDX","A","2001",4.98,
"FRA","NATINSURANCESH","TOT","OECDIDX","A","2002",4.78,
"FRA","NATINSURANCESH","TOT","OECDIDX","A","2003",5.367,
"FRA","NATINSURANCESH","TOT","OECDIDX","A","2004",5.924,
"FRA","NATINSURANCESH","TOT","OECDIDX","A","2005",6.203,
"FRA","NATINSURANCESH","TOT","OECDIDX","A","2006",7.348,
"FRA","NATINSURANCESH","TOT","OECDIDX","A","2007",6.841,
"FRA","NATINSURANCESH","TOT","OECDIDX","A","2008",6.135,
"FRA","NATINSURANCESH","TOT","OECDIDX","A","2009",7.064,
"FRA","NATINSURANCESH","TOT","OECDIDX","A","2010",6.872,
"FRA","NATINSURANCESH","TOT","OECDIDX","A","2011",6.257,
"FRA","NATINSURANCESH","TOT","OECDIDX","A","2012",5.528,
"FRA","NATINSURANCESH","TOT","OECDIDX","A","2013",5.661,
"FRA","NATINSURANCESH","TOT","OECDIDX","A","2014",5.929,
"FRA","NATINSURANCESH","TOT","OECDIDX","A","2015",5.183,
"DEU","NATINSURANCESH","TOT","OECDIDX","A","1983",10.719,
"DEU","NATINSURANCESH","TOT","OECDIDX","A","1984",8.946,
"DEU","NATINSURANCESH","TOT","OECDIDX","A","1985",7.287,
"DEU","NATINSURANCESH","TOT","OECDIDX","A","1986",7.353,
"DEU","NATINSURANCESH","TOT","OECDIDX","A","1987",7.789,
"DEU","NATINSURANCESH","TOT","OECDIDX","A","1988",6.179,
"DEU","NATINSURANCESH","TOT","OECDIDX","A","1989",6.611,
"DEU","NATINSURANCESH","TOT","OECDIDX","A","1990",7.404,
"DEU","NATINSURANCESH","TOT","OECDIDX","A","1991",7.749,
"DEU","NATINSURANCESH","TOT","OECDIDX","A","1992",9.754,
"DEU","NATINSURANCESH","TOT","OECDIDX","A","1993",8.743,
"DEU","NATINSURANCESH","TOT","OECDIDX","A","1994",8.957,
"DEU","NATINSURANCESH","TOT","OECDIDX","A","1995",9.466,
"DEU","NATINSURANCESH","TOT","OECDIDX","A","1996",9.444,
"DEU","NATINSURANCESH","TOT","OECDIDX","A","1997",8.495,
"DEU","NATINSURANCESH","TOT","OECDIDX","A","1998",8.188,
"DEU","NATINSURANCESH","TOT","OECDIDX","A","1999",7.715,
"DEU","NATINSURANCESH","TOT","OECDIDX","A","2000",6.57,
"DEU","NATINSURANCESH","TOT","OECDIDX","A","2001",6.774,
"DEU","NATINSURANCESH","TOT","OECDIDX","A","2002",6.977,
"DEU","NATINSURANCESH","TOT","OECDIDX","A","2003",7.305,
"DEU","NATINSURANCESH","TOT","OECDIDX","A","2004",8.165,
"DEU","NATINSURANCESH","TOT","OECDIDX","A","2005",7.84,
"DEU","NATINSURANCESH","TOT","OECDIDX","A","2006",6.639,
"DEU","NATINSURANCESH","TOT","OECDIDX","A","2007",6.129,
"DEU","NATINSURANCESH","TOT","OECDIDX","A","2008",6.658,
"DEU","NATINSURANCESH","TOT","OECDIDX","A","2009",5.792,
"DEU","NATINSURANCESH","TOT","OECDIDX","A","2010",5.572,
"DEU","NATINSURANCESH","TOT","OECDIDX","A","2011",5.535,
"DEU","NATINSURANCESH","TOT","OECDIDX","A","2012",6.47,
"DEU","NATINSURANCESH","TOT","OECDIDX","A","2013",6.851,
"DEU","NATINSURANCESH","TOT","OECDIDX","A","2014",6.831,
"DEU","NATINSURANCESH","TOT","OECDIDX","A","2015",6.055,
"GRC","NATINSURANCESH","TOT","OECDIDX","A","1983",0.02,
"GRC","NATINSURANCESH","TOT","OECDIDX","A","1992",0.067,
"GRC","NATINSURANCESH","TOT","OECDIDX","A","1993",0.07,
"GRC","NATINSURANCESH","TOT","OECDIDX","A","1994",0.075,
"GRC","NATINSURANCESH","TOT","OECDIDX","A","1995",0.084,
"GRC","NATINSURANCESH","TOT","OECDIDX","A","1996",0.097,
"GRC","NATINSURANCESH","TOT","OECDIDX","A","1997",0.093,
"GRC","NATINSURANCESH","TOT","OECDIDX","A","1998",0.101,
"GRC","NATINSURANCESH","TOT","OECDIDX","A","1999",0.111,
"GRC","NATINSURANCESH","TOT","OECDIDX","A","2000",0.094,
"GRC","NATINSURANCESH","TOT","OECDIDX","A","2001",0.097,
"GRC","NATINSURANCESH","TOT","OECDIDX","A","2002",0.1,
"GRC","NATINSURANCESH","TOT","OECDIDX","A","2003",0.115,
"GRC","NATINSURANCESH","TOT","OECDIDX","A","2004",0.127,
"GRC","NATINSURANCESH","TOT","OECDIDX","A","2005",0.128,
"GRC","NATINSURANCESH","TOT","OECDIDX","A","2006",0.151,
"GRC","NATINSURANCESH","TOT","OECDIDX","A","2007",0.156,
"GRC","NATINSURANCESH","TOT","OECDIDX","A","2008",0.171,
"GRC","NATINSURANCESH","TOT","OECDIDX","A","2009",0.169,
"GRC","NATINSURANCESH","TOT","OECDIDX","A","2010",0.161,
"GRC","NATINSURANCESH","TOT","OECDIDX","A","2011",0.149,
"GRC","NATINSURANCESH","TOT","OECDIDX","A","2012",0.124,
"GRC","NATINSURANCESH","TOT","OECDIDX","A","2013",0.111,
"GRC","NATINSURANCESH","TOT","OECDIDX","A","2014",0.102,
"GRC","NATINSURANCESH","TOT","OECDIDX","A","2015",0.082,
"HUN","NATINSURANCESH","TOT","OECDIDX","A","1992",0.049,
"HUN","NATINSURANCESH","TOT","OECDIDX","A","1993",0.047,
"HUN","NATINSURANCESH","TOT","OECDIDX","A","1994",0.048,
"HUN","NATINSURANCESH","TOT","OECDIDX","A","1995",0.047,
"HUN","NATINSURANCESH","TOT","OECDIDX","A","1996",0.05,
"HUN","NATINSURANCESH","TOT","OECDIDX","A","1997",0.051,
"HUN","NATINSURANCESH","TOT","OECDIDX","A","1998",0.053,
"HUN","NATINSURANCESH","TOT","OECDIDX","A","1999",0.052,
"HUN","NATINSURANCESH","TOT","OECDIDX","A","2000",0.053,
"HUN","NATINSURANCESH","TOT","OECDIDX","A","2001",0.06,
"HUN","NATINSURANCESH","TOT","OECDIDX","A","2002",0.07,
"HUN","NATINSURANCESH","TOT","OECDIDX","A","2003",0.077,
"HUN","NATINSURANCESH","TOT","OECDIDX","A","2004",0.083,
"HUN","NATINSURANCESH","TOT","OECDIDX","A","2005",0.091,
"HUN","NATINSURANCESH","TOT","OECDIDX","A","2006",0.098,
"HUN","NATINSURANCESH","TOT","OECDIDX","A","2007",0.111,
"HUN","NATINSURANCESH","TOT","OECDIDX","A","2008",0.113,
"HUN","NATINSURANCESH","TOT","OECDIDX","A","2009",0.096,
"HUN","NATINSURANCESH","TOT","OECDIDX","A","2010",0.094,
"HUN","NATINSURANCESH","TOT","OECDIDX","A","2011",0.088,
"HUN","NATINSURANCESH","TOT","OECDIDX","A","2012",0.072,
"HUN","NATINSURANCESH","TOT","OECDIDX","A","2013",0.074,
"HUN","NATINSURANCESH","TOT","OECDIDX","A","2014",0.072,
"HUN","NATINSURANCESH","TOT","OECDIDX","A","2015",0.062,
"ISL","NATINSURANCESH","TOT","OECDIDX","A","1983",0.023,
"ISL","NATINSURANCESH","TOT","OECDIDX","A","1984",0.02,
"ISL","NATINSURANCESH","TOT","OECDIDX","A","1985",0.016,
"ISL","NATINSURANCESH","TOT","OECDIDX","A","1986",0.015,
"ISL","NATINSURANCESH","TOT","OECDIDX","A","1987",0.017,
"ISL","NATINSURANCESH","TOT","OECDIDX","A","1988",0.016,
"ISL","NATINSURANCESH","TOT","OECDIDX","A","1989",0.017,
"ISL","NATINSURANCESH","TOT","OECDIDX","A","1990",0.017,
"ISL","NATINSURANCESH","TOT","OECDIDX","A","1991",0.019,
"ISL","NATINSURANCESH","TOT","OECDIDX","A","1992",0.018,
"ISL","NATINSURANCESH","TOT","OECDIDX","A","1993",0.013,
"ISL","NATINSURANCESH","TOT","OECDIDX","A","1994",0.012,
"ISL","NATINSURANCESH","TOT","OECDIDX","A","1995",0.012,
"ISL","NATINSURANCESH","TOT","OECDIDX","A","1996",0.011,
"ISL","NATINSURANCESH","TOT","OECDIDX","A","1997",0.01,
"ISL","NATINSURANCESH","TOT","OECDIDX","A","1998",0.01,
"ISL","NATINSURANCESH","TOT","OECDIDX","A","1999",0.01,
"ISL","NATINSURANCESH","TOT","OECDIDX","A","2000",0.01,
"ISL","NATINSURANCESH","TOT","OECDIDX","A","2001",0.01,
"ISL","NATINSURANCESH","TOT","OECDIDX","A","2002",0.01,
"ISL","NATINSURANCESH","TOT","OECDIDX","A","2003",0.011,
"ISL","NATINSURANCESH","TOT","OECDIDX","A","2004",0.011,
"ISL","NATINSURANCESH","TOT","OECDIDX","A","2005",0.001,
"ISL","NATINSURANCESH","TOT","OECDIDX","A","2006",0.012,
"ISL","NATINSURANCESH","TOT","OECDIDX","A","2007",0.013,
"ISL","NATINSURANCESH","TOT","OECDIDX","A","2008",0.01,
"ISL","NATINSURANCESH","TOT","OECDIDX","A","2009",0.007,
"ISL","NATINSURANCESH","TOT","OECDIDX","A","2010",0.009,
"ISL","NATINSURANCESH","TOT","OECDIDX","A","2011",0.009,
"ISL","NATINSURANCESH","TOT","OECDIDX","A","2012",0.009,
"ISL","NATINSURANCESH","TOT","OECDIDX","A","2013",0.009,
"ISL","NATINSURANCESH","TOT","OECDIDX","A","2014",0.009,
"ISL","NATINSURANCESH","TOT","OECDIDX","A","2015",0.009,
"IRL","NATINSURANCESH","TOT","OECDIDX","A","1983",0.337,
"IRL","NATINSURANCESH","TOT","OECDIDX","A","1984",0.355,
"IRL","NATINSURANCESH","TOT","OECDIDX","A","1985",0.277,
"IRL","NATINSURANCESH","TOT","OECDIDX","A","1986",0.284,
"IRL","NATINSURANCESH","TOT","OECDIDX","A","1987",0.354,
"IRL","NATINSURANCESH","TOT","OECDIDX","A","1988",0.249,
"IRL","NATINSURANCESH","TOT","OECDIDX","A","1989",0.293,
"IRL","NATINSURANCESH","TOT","OECDIDX","A","1990",0.309,
"IRL","NATINSURANCESH","TOT","OECDIDX","A","1991",0.3,
"IRL","NATINSURANCESH","TOT","OECDIDX","A","1992",0.299,
"IRL","NATINSURANCESH","TOT","OECDIDX","A","1993",0.278,
"IRL","NATINSURANCESH","TOT","OECDIDX","A","1994",0.272,
"IRL","NATINSURANCESH","TOT","OECDIDX","A","1995",0.291,
"IRL","NATINSURANCESH","TOT","OECDIDX","A","1996",0.338,
"IRL","NATINSURANCESH","TOT","OECDIDX","A","1997",0.374,
"IRL","NATINSURANCESH","TOT","OECDIDX","A","1998",0.492,
"IRL","NATINSURANCESH","TOT","OECDIDX","A","1999",0.612,
"IRL","NATINSURANCESH","TOT","OECDIDX","A","2000",0.826,
"IRL","NATINSURANCESH","TOT","OECDIDX","A","2001",0.602,
"IRL","NATINSURANCESH","TOT","OECDIDX","A","2003",0.765,
"IRL","NATINSURANCESH","TOT","OECDIDX","A","2004",0.93,
"IRL","NATINSURANCESH","TOT","OECDIDX","A","2005",1.023,
"IRL","NATINSURANCESH","TOT","OECDIDX","A","2006",1.151,
"IRL","NATINSURANCESH","TOT","OECDIDX","A","2007",1.382,
"IRL","NATINSURANCESH","TOT","OECDIDX","A","2008",1.917,
"IRL","NATINSURANCESH","TOT","OECDIDX","A","2009",1.095,
"IRL","NATINSURANCESH","TOT","OECDIDX","A","2010",1.047,
"IRL","NATINSURANCESH","TOT","OECDIDX","A","2011",0.965,
"IRL","NATINSURANCESH","TOT","OECDIDX","A","2012",0.974,
"IRL","NATINSURANCESH","TOT","OECDIDX","A","2013",0.93,
"IRL","NATINSURANCESH","TOT","OECDIDX","A","2014",1.06,
"IRL","NATINSURANCESH","TOT","OECDIDX","A","2015",1.008,
"ITA","NATINSURANCESH","TOT","OECDIDX","A","1983",1.618,
"ITA","NATINSURANCESH","TOT","OECDIDX","A","1984",1.509,
"ITA","NATINSURANCESH","TOT","OECDIDX","A","1985",1.348,
"ITA","NATINSURANCESH","TOT","OECDIDX","A","1986",1.504,
"ITA","NATINSURANCESH","TOT","OECDIDX","A","1987",1.751,
"ITA","NATINSURANCESH","TOT","OECDIDX","A","1988",1.451,
"ITA","NATINSURANCESH","TOT","OECDIDX","A","1989",1.656,
"ITA","NATINSURANCESH","TOT","OECDIDX","A","1990",2.014,
"ITA","NATINSURANCESH","TOT","OECDIDX","A","1991",2.145,
"ITA","NATINSURANCESH","TOT","OECDIDX","A","1992",2.333,
"ITA","NATINSURANCESH","TOT","OECDIDX","A","1993",2.06,
"ITA","NATINSURANCESH","TOT","OECDIDX","A","1994",2.079,
"ITA","NATINSURANCESH","TOT","OECDIDX","A","1995",2.316,
"ITA","NATINSURANCESH","TOT","OECDIDX","A","1996",2.396,
"ITA","NATINSURANCESH","TOT","OECDIDX","A","1997",2.467,
"ITA","NATINSURANCESH","TOT","OECDIDX","A","1998",2.85,
"ITA","NATINSURANCESH","TOT","OECDIDX","A","1999",3.029,
"ITA","NATINSURANCESH","TOT","OECDIDX","A","2000",2.711,
"ITA","NATINSURANCESH","TOT","OECDIDX","A","2001",3.006,
"ITA","NATINSURANCESH","TOT","OECDIDX","A","2002",3.228,
"ITA","NATINSURANCESH","TOT","OECDIDX","A","2003",3.634,
"ITA","NATINSURANCESH","TOT","OECDIDX","A","2004",3.767,
"ITA","NATINSURANCESH","TOT","OECDIDX","A","2005",3.873,
"ITA","NATINSURANCESH","TOT","OECDIDX","A","2006",3.704,
"ITA","NATINSURANCESH","TOT","OECDIDX","A","2007",3.218,
"ITA","NATINSURANCESH","TOT","OECDIDX","A","2008",3.165,
"ITA","NATINSURANCESH","TOT","OECDIDX","A","2009",3.916,
"ITA","NATINSURANCESH","TOT","OECDIDX","A","2010",3.927,
"ITA","NATINSURANCESH","TOT","OECDIDX","A","2011",3.398,
"ITA","NATINSURANCESH","TOT","OECDIDX","A","2012",2.954,
"ITA","NATINSURANCESH","TOT","OECDIDX","A","2013",3.308,
"ITA","NATINSURANCESH","TOT","OECDIDX","A","2014",3.901,
"ITA","NATINSURANCESH","TOT","OECDIDX","A","2015",3.427,
"JPN","NATINSURANCESH","TOT","OECDIDX","A","1983",16.458,
"JPN","NATINSURANCESH","TOT","OECDIDX","A","1984",16.424,
"JPN","NATINSURANCESH","TOT","OECDIDX","A","1985",15.33,
"JPN","NATINSURANCESH","TOT","OECDIDX","A","1986",18.771,
"JPN","NATINSURANCESH","TOT","OECDIDX","A","1987",20.928,
"JPN","NATINSURANCESH","TOT","OECDIDX","A","1988",21.835,
"JPN","NATINSURANCESH","TOT","OECDIDX","A","1989",23.302,
"JPN","NATINSURANCESH","TOT","OECDIDX","A","1990",20.003,
"JPN","NATINSURANCESH","TOT","OECDIDX","A","1991",20.832,
"JPN","NATINSURANCESH","TOT","OECDIDX","A","1992",20.638,
"JPN","NATINSURANCESH","TOT","OECDIDX","A","1993",21.787,
"JPN","NATINSURANCESH","TOT","OECDIDX","A","1994",21.97,
"JPN","NATINSURANCESH","TOT","OECDIDX","A","1995",22.136,
"JPN","NATINSURANCESH","TOT","OECDIDX","A","1996",18.488,
"JPN","NATINSURANCESH","TOT","OECDIDX","A","1997",16.37,
"JPN","NATINSURANCESH","TOT","OECDIDX","A","1998",13.789,
"JPN","NATINSURANCESH","TOT","OECDIDX","A","1999",13.987,
"JPN","NATINSURANCESH","TOT","OECDIDX","A","2000",13.654,
"JPN","NATINSURANCESH","TOT","OECDIDX","A","2001",12.095,
"JPN","NATINSURANCESH","TOT","OECDIDX","A","2002",10.446,
"JPN","NATINSURANCESH","TOT","OECDIDX","A","2003",9.739,
"JPN","NATINSURANCESH","TOT","OECDIDX","A","2004",9.401,
"JPN","NATINSURANCESH","TOT","OECDIDX","A","2005",9.081,
"JPN","NATINSURANCESH","TOT","OECDIDX","A","2006",8.091,
"JPN","NATINSURANCESH","TOT","OECDIDX","A","2007",7.688,
"JPN","NATINSURANCESH","TOT","OECDIDX","A","2008",9.438,
"JPN","NATINSURANCESH","TOT","OECDIDX","A","2009",11.063,
"JPN","NATINSURANCESH","TOT","OECDIDX","A","2010",11.539,
"JPN","NATINSURANCESH","TOT","OECDIDX","A","2011",12.319,
"JPN","NATINSURANCESH","TOT","OECDIDX","A","2012",9.947,
"JPN","NATINSURANCESH","TOT","OECDIDX","A","2013",7.309,
"JPN","NATINSURANCESH","TOT","OECDIDX","A","2014",7.094,
"JPN","NATINSURANCESH","TOT","OECDIDX","A","2015",6.446,
"KOR","NATINSURANCESH","TOT","OECDIDX","A","1994",2.402,
"KOR","NATINSURANCESH","TOT","OECDIDX","A","1995",2.887,
"KOR","NATINSURANCESH","TOT","OECDIDX","A","1996",3.134,
"KOR","NATINSURANCESH","TOT","OECDIDX","A","1997",2.936,
"KOR","NATINSURANCESH","TOT","OECDIDX","A","1998",2.228,
"KOR","NATINSURANCESH","TOT","OECDIDX","A","1999",2.258,
"KOR","NATINSURANCESH","TOT","OECDIDX","A","2000",2.469,
"KOR","NATINSURANCESH","TOT","OECDIDX","A","2001",2.156,
"KOR","NATINSURANCESH","TOT","OECDIDX","A","2002",2.11,
"KOR","NATINSURANCESH","TOT","OECDIDX","A","2003",1.933,
"KOR","NATINSURANCESH","TOT","OECDIDX","A","2004",1.95,
"KOR","NATINSURANCESH","TOT","OECDIDX","A","2005",2.328,
"KOR","NATINSURANCESH","TOT","OECDIDX","A","2006",2.635,
"KOR","NATINSURANCESH","TOT","OECDIDX","A","2007",2.621,
"KOR","NATINSURANCESH","TOT","OECDIDX","A","2008",2.332,
"KOR","NATINSURANCESH","TOT","OECDIDX","A","2009",2.323,
"KOR","NATINSURANCESH","TOT","OECDIDX","A","2010",2.795,
"KOR","NATINSURANCESH","TOT","OECDIDX","A","2011",2.987,
"KOR","NATINSURANCESH","TOT","OECDIDX","A","2012",3.485,
"KOR","NATINSURANCESH","TOT","OECDIDX","A","2013",3.474,
"KOR","NATINSURANCESH","TOT","OECDIDX","A","2014",3.777,
"KOR","NATINSURANCESH","TOT","OECDIDX","A","2015",3.796,
"LUX","NATINSURANCESH","TOT","OECDIDX","A","1984",0.026,
"LUX","NATINSURANCESH","TOT","OECDIDX","A","1985",0.023,
"LUX","NATINSURANCESH","TOT","OECDIDX","A","1994",0.084,
"LUX","NATINSURANCESH","TOT","OECDIDX","A","1995",0.196,
"LUX","NATINSURANCESH","TOT","OECDIDX","A","1996",0.174,
"LUX","NATINSURANCESH","TOT","OECDIDX","A","1997",0.23,
"LUX","NATINSURANCESH","TOT","OECDIDX","A","1998",0.254,
"LUX","NATINSURANCESH","TOT","OECDIDX","A","1999",0.248,
"LUX","NATINSURANCESH","TOT","OECDIDX","A","2000",0.229,
"LUX","NATINSURANCESH","TOT","OECDIDX","A","2001",0.223,
"LUX","NATINSURANCESH","TOT","OECDIDX","A","2002",0.21,
"LUX","NATINSURANCESH","TOT","OECDIDX","A","2003",0.237,
"LUX","NATINSURANCESH","TOT","OECDIDX","A","2004",0.281,
"LUX","NATINSURANCESH","TOT","OECDIDX","A","2005",0.335,
"LUX","NATINSURANCESH","TOT","OECDIDX","A","2006",0.369,
"LUX","NATINSURANCESH","TOT","OECDIDX","A","2007",0.335,
"LUX","NATINSURANCESH","TOT","OECDIDX","A","2008",0.35,
"LUX","NATINSURANCESH","TOT","OECDIDX","A","2009",0.541,
"LUX","NATINSURANCESH","TOT","OECDIDX","A","2010",0.635,
"LUX","NATINSURANCESH","TOT","OECDIDX","A","2011",0.415,
"LUX","NATINSURANCESH","TOT","OECDIDX","A","2012",0.538,
"LUX","NATINSURANCESH","TOT","OECDIDX","A","2013",0.507,
"LUX","NATINSURANCESH","TOT","OECDIDX","A","2014",0.584,
"LUX","NATINSURANCESH","TOT","OECDIDX","A","2015",0.44,
"MEX","NATINSURANCESH","TOT","OECDIDX","A","1992",0.335,
"MEX","NATINSURANCESH","TOT","OECDIDX","A","1993",0.352,
"MEX","NATINSURANCESH","TOT","OECDIDX","A","1994",0.341,
"MEX","NATINSURANCESH","TOT","OECDIDX","A","1995",0.192,
"MEX","NATINSURANCESH","TOT","OECDIDX","A","1996",0.207,
"MEX","NATINSURANCESH","TOT","OECDIDX","A","1997",0.247,
"MEX","NATINSURANCESH","TOT","OECDIDX","A","1998",0.297,
"MEX","NATINSURANCESH","TOT","OECDIDX","A","1999",0.358,
"MEX","NATINSURANCESH","TOT","OECDIDX","A","2000",0.45,
"MEX","NATINSURANCESH","TOT","OECDIDX","A","2001",0.477,
"MEX","NATINSURANCESH","TOT","OECDIDX","A","2002",0.485,
"MEX","NATINSURANCESH","TOT","OECDIDX","A","2003",0.345,
"MEX","NATINSURANCESH","TOT","OECDIDX","A","2004",0.35,
"MEX","NATINSURANCESH","TOT","OECDIDX","A","2005",0.342,
"MEX","NATINSURANCESH","TOT","OECDIDX","A","2006",0.383,
"MEX","NATINSURANCESH","TOT","OECDIDX","A","2007",0.387,
"MEX","NATINSURANCESH","TOT","OECDIDX","A","2008",0.416,
"MEX","NATINSURANCESH","TOT","OECDIDX","A","2009",0.411,
"MEX","NATINSURANCESH","TOT","OECDIDX","A","2010",0.452,
"MEX","NATINSURANCESH","TOT","OECDIDX","A","2011",0.492,
"MEX","NATINSURANCESH","TOT","OECDIDX","A","2012",0.504,
"MEX","NATINSURANCESH","TOT","OECDIDX","A","2013",0.558,
"MEX","NATINSURANCESH","TOT","OECDIDX","A","2014",0.552,
"MEX","NATINSURANCESH","TOT","OECDIDX","A","2015",0.515,
"NLD","NATINSURANCESH","TOT","OECDIDX","A","1983",2.291,
"NLD","NATINSURANCESH","TOT","OECDIDX","A","1984",1.875,
"NLD","NATINSURANCESH","TOT","OECDIDX","A","1985",1.55,
"NLD","NATINSURANCESH","TOT","OECDIDX","A","1986",1.613,
"NLD","NATINSURANCESH","TOT","OECDIDX","A","1987",1.713,
"NLD","NATINSURANCESH","TOT","OECDIDX","A","1988",1.397,
"NLD","NATINSURANCESH","TOT","OECDIDX","A","1989",1.529,
"NLD","NATINSURANCESH","TOT","OECDIDX","A","1990",1.844,
"NLD","NATINSURANCESH","TOT","OECDIDX","A","1991",1.725,
"NLD","NATINSURANCESH","TOT","OECDIDX","A","1992",1.805,
"NLD","NATINSURANCESH","TOT","OECDIDX","A","1993",1.537,
"NLD","NATINSURANCESH","TOT","OECDIDX","A","1994",1.583,
"NLD","NATINSURANCESH","TOT","OECDIDX","A","1995",1.716,
"NLD","NATINSURANCESH","TOT","OECDIDX","A","1996",1.77,
"NLD","NATINSURANCESH","TOT","OECDIDX","A","1997",1.655,
"NLD","NATINSURANCESH","TOT","OECDIDX","A","1998",1.754,
"NLD","NATINSURANCESH","TOT","OECDIDX","A","1999",1.665,
"NLD","NATINSURANCESH","TOT","OECDIDX","A","2000",1.496,
"NLD","NATINSURANCESH","TOT","OECDIDX","A","2001",1.613,
"NLD","NATINSURANCESH","TOT","OECDIDX","A","2002",1.512,
"NLD","NATINSURANCESH","TOT","OECDIDX","A","2003",1.615,
"NLD","NATINSURANCESH","TOT","OECDIDX","A","2004",1.697,
"NLD","NATINSURANCESH","TOT","OECDIDX","A","2005",1.598,
"NLD","NATINSURANCESH","TOT","OECDIDX","A","2006",1.44,
"NLD","NATINSURANCESH","TOT","OECDIDX","A","2007",1.427,
"NLD","NATINSURANCESH","TOT","OECDIDX","A","2008",1.578,
"NLD","NATINSURANCESH","TOT","OECDIDX","A","2009",1.576,
"NLD","NATINSURANCESH","TOT","OECDIDX","A","2010",1.212,
"NLD","NATINSURANCESH","TOT","OECDIDX","A","2011",1.27,
"NLD","NATINSURANCESH","TOT","OECDIDX","A","2012",1.096,
"NLD","NATINSURANCESH","TOT","OECDIDX","A","2013",1.05,
"NLD","NATINSURANCESH","TOT","OECDIDX","A","2014",0.98,
"NLD","NATINSURANCESH","TOT","OECDIDX","A","2015",0.773,
"NZL","NATINSURANCESH","TOT","OECDIDX","A","1985",0.086,
"NZL","NATINSURANCESH","TOT","OECDIDX","A","1988",0.072,
"NZL","NATINSURANCESH","TOT","OECDIDX","A","1989",0.153,
"NZL","NATINSURANCESH","TOT","OECDIDX","A","1990",0.139,
"NZL","NATINSURANCESH","TOT","OECDIDX","A","1991",0.114,
"NZL","NATINSURANCESH","TOT","OECDIDX","A","1992",0.105,
"NZL","NATINSURANCESH","TOT","OECDIDX","A","1993",0.087,
"NZL","NATINSURANCESH","TOT","OECDIDX","A","1994",0.091,
"NZL","NATINSURANCESH","TOT","OECDIDX","A","1995",0.092,
"NZL","NATINSURANCESH","TOT","OECDIDX","A","1996",0.124,
"NZL","NATINSURANCESH","TOT","OECDIDX","A","1997",0.124,
"NZL","NATINSURANCESH","TOT","OECDIDX","A","1998",0.094,
"NZL","NATINSURANCESH","TOT","OECDIDX","A","1999",0.071,
"NZL","NATINSURANCESH","TOT","OECDIDX","A","2000",0.059,
"NZL","NATINSURANCESH","TOT","OECDIDX","A","2001",0.052,
"NZL","NATINSURANCESH","TOT","OECDIDX","A","2003",0.057,
"NZL","NATINSURANCESH","TOT","OECDIDX","A","2004",0.075,
"NZL","NATINSURANCESH","TOT","OECDIDX","A","2005",0.082,
"NZL","NATINSURANCESH","TOT","OECDIDX","A","2006",0.073,
"NZL","NATINSURANCESH","TOT","OECDIDX","A","2007",0.073,
"NZL","NATINSURANCESH","TOT","OECDIDX","A","2008",0.069,
"NZL","NATINSURANCESH","TOT","OECDIDX","A","2009",0.069,
"NZL","NATINSURANCESH","TOT","OECDIDX","A","2010",0.078,
"NZL","NATINSURANCESH","TOT","OECDIDX","A","2012",0.098,
"NZL","NATINSURANCESH","TOT","OECDIDX","A","2013",0.106,
"NZL","NATINSURANCESH","TOT","OECDIDX","A","2014",0.108,
"NZL","NATINSURANCESH","TOT","OECDIDX","A","2015",0.096,
"NOR","NATINSURANCESH","TOT","OECDIDX","A","1983",0.704,
"NOR","NATINSURANCESH","TOT","OECDIDX","A","1984",0.616,
"NOR","NATINSURANCESH","TOT","OECDIDX","A","1985",0.558,
"NOR","NATINSURANCESH","TOT","OECDIDX","A","1986",0.552,
"NOR","NATINSURANCESH","TOT","OECDIDX","A","1987",0.543,
"NOR","NATINSURANCESH","TOT","OECDIDX","A","1988",0.416,
"NOR","NATINSURANCESH","TOT","OECDIDX","A","1989",0.441,
"NOR","NATINSURANCESH","TOT","OECDIDX","A","1990",0.459,
"NOR","NATINSURANCESH","TOT","OECDIDX","A","1991",0.443,
"NOR","NATINSURANCESH","TOT","OECDIDX","A","1992",0.435,
"NOR","NATINSURANCESH","TOT","OECDIDX","A","1993",0.35,
"NOR","NATINSURANCESH","TOT","OECDIDX","A","1994",0.147,
"NOR","NATINSURANCESH","TOT","OECDIDX","A","1995",0.147,
"NOR","NATINSURANCESH","TOT","OECDIDX","A","1996",0.343,
"NOR","NATINSURANCESH","TOT","OECDIDX","A","1997",0.345,
"NOR","NATINSURANCESH","TOT","OECDIDX","A","1998",0.331,
"NOR","NATINSURANCESH","TOT","OECDIDX","A","1999",0.309,
"NOR","NATINSURANCESH","TOT","OECDIDX","A","2000",0.299,
"NOR","NATINSURANCESH","TOT","OECDIDX","A","2001",0.339,
"NOR","NATINSURANCESH","TOT","OECDIDX","A","2002",0.374,
"NOR","NATINSURANCESH","TOT","OECDIDX","A","2003",0.393,
"NOR","NATINSURANCESH","TOT","OECDIDX","A","2004",0.424,
"NOR","NATINSURANCESH","TOT","OECDIDX","A","2005",0.454,
"NOR","NATINSURANCESH","TOT","OECDIDX","A","2006",0.408,
"NOR","NATINSURANCESH","TOT","OECDIDX","A","2007",0.433,
"NOR","NATINSURANCESH","TOT","OECDIDX","A","2008",0.533,
"NOR","NATINSURANCESH","TOT","OECDIDX","A","2009",0.218,
"NOR","NATINSURANCESH","TOT","OECDIDX","A","2010",0.476,
"NOR","NATINSURANCESH","TOT","OECDIDX","A","2011",0.516,
"NOR","NATINSURANCESH","TOT","OECDIDX","A","2012",0.55,
"NOR","NATINSURANCESH","TOT","OECDIDX","A","2013",0.524,
"NOR","NATINSURANCESH","TOT","OECDIDX","A","2014",0.534,
"NOR","NATINSURANCESH","TOT","OECDIDX","A","2015",0.427,
"POL","NATINSURANCESH","TOT","OECDIDX","A","1993",0.1,
"POL","NATINSURANCESH","TOT","OECDIDX","A","1994",0.099,
"POL","NATINSURANCESH","TOT","OECDIDX","A","1995",0.114,
"POL","NATINSURANCESH","TOT","OECDIDX","A","1996",0.149,
"POL","NATINSURANCESH","TOT","OECDIDX","A","1997",0.179,
"POL","NATINSURANCESH","TOT","OECDIDX","A","1998",0.205,
"POL","NATINSURANCESH","TOT","OECDIDX","A","1999",0.198,
"POL","NATINSURANCESH","TOT","OECDIDX","A","2000",0.191,
"POL","NATINSURANCESH","TOT","OECDIDX","A","2001",0.223,
"POL","NATINSURANCESH","TOT","OECDIDX","A","2002",0.203,
"POL","NATINSURANCESH","TOT","OECDIDX","A","2003",0.199,
"POL","NATINSURANCESH","TOT","OECDIDX","A","2004",0.212,
"POL","NATINSURANCESH","TOT","OECDIDX","A","2005",0.253,
"POL","NATINSURANCESH","TOT","OECDIDX","A","2006",0.304,
"POL","NATINSURANCESH","TOT","OECDIDX","A","2007",0.346,
"POL","NATINSURANCESH","TOT","OECDIDX","A","2008",0.543,
"POL","NATINSURANCESH","TOT","OECDIDX","A","2009",0.387,
"POL","NATINSURANCESH","TOT","OECDIDX","A","2010",0.416,
"POL","NATINSURANCESH","TOT","OECDIDX","A","2011",0.418,
"POL","NATINSURANCESH","TOT","OECDIDX","A","2012",0.411,
"POL","NATINSURANCESH","TOT","OECDIDX","A","2013",0.376,
"POL","NATINSURANCESH","TOT","OECDIDX","A","2014",0.352,
"POL","NATINSURANCESH","TOT","OECDIDX","A","2015",0.3,
"PRT","NATINSURANCESH","TOT","OECDIDX","A","1983",0.071,
"PRT","NATINSURANCESH","TOT","OECDIDX","A","1984",0.067,
"PRT","NATINSURANCESH","TOT","OECDIDX","A","1985",0.063,
"PRT","NATINSURANCESH","TOT","OECDIDX","A","1986",0.075,
"PRT","NATINSURANCESH","TOT","OECDIDX","A","1987",0.088,
"PRT","NATINSURANCESH","TOT","OECDIDX","A","1988",0.082,
"PRT","NATINSURANCESH","TOT","OECDIDX","A","1989",0.104,
"PRT","NATINSURANCESH","TOT","OECDIDX","A","1990",0.145,
"PRT","NATINSURANCESH","TOT","OECDIDX","A","1991",0.161,
"PRT","NATINSURANCESH","TOT","OECDIDX","A","1992",0.184,
"PRT","NATINSURANCESH","TOT","OECDIDX","A","1993",0.182,
"PRT","NATINSURANCESH","TOT","OECDIDX","A","1994",0.193,
"PRT","NATINSURANCESH","TOT","OECDIDX","A","1995",0.234,
"PRT","NATINSURANCESH","TOT","OECDIDX","A","1996",0.268,
"PRT","NATINSURANCESH","TOT","OECDIDX","A","1997",0.24,
"PRT","NATINSURANCESH","TOT","OECDIDX","A","1998",0.277,
"PRT","NATINSURANCESH","TOT","OECDIDX","A","1999",0.295,
"PRT","NATINSURANCESH","TOT","OECDIDX","A","2001",0.292,
"PRT","NATINSURANCESH","TOT","OECDIDX","A","2002",0.292,
"PRT","NATINSURANCESH","TOT","OECDIDX","A","2003",0.332,
"PRT","NATINSURANCESH","TOT","OECDIDX","A","2004",0.36,
"PRT","NATINSURANCESH","TOT","OECDIDX","A","2005",0.442,
"PRT","NATINSURANCESH","TOT","OECDIDX","A","2006",0.407,
"PRT","NATINSURANCESH","TOT","OECDIDX","A","2007",0.409,
"PRT","NATINSURANCESH","TOT","OECDIDX","A","2008",0.496,
"PRT","NATINSURANCESH","TOT","OECDIDX","A","2009",0.463,
"PRT","NATINSURANCESH","TOT","OECDIDX","A","2010",0.487,
"PRT","NATINSURANCESH","TOT","OECDIDX","A","2011",0.339,
"PRT","NATINSURANCESH","TOT","OECDIDX","A","2012",0.29,
"PRT","NATINSURANCESH","TOT","OECDIDX","A","2013",0.349,
"PRT","NATINSURANCESH","TOT","OECDIDX","A","2014",0.376,
"PRT","NATINSURANCESH","TOT","OECDIDX","A","2015",0.288,
"SVK","NATINSURANCESH","TOT","OECDIDX","A","1983",0,"Z"
"SVK","NATINSURANCESH","TOT","OECDIDX","A","1997",0.024,
"SVK","NATINSURANCESH","TOT","OECDIDX","A","1998",0.028,
"SVK","NATINSURANCESH","TOT","OECDIDX","A","1999",0.024,
"SVK","NATINSURANCESH","TOT","OECDIDX","A","2000",0.024,
"SVK","NATINSURANCESH","TOT","OECDIDX","A","2001",0.027,
"SVK","NATINSURANCESH","TOT","OECDIDX","A","2002",0.029,
"SVK","NATINSURANCESH","TOT","OECDIDX","A","2003",0.036,
"SVK","NATINSURANCESH","TOT","OECDIDX","A","2004",0.042,
"SVK","NATINSURANCESH","TOT","OECDIDX","A","2005",0.019,
"SVK","NATINSURANCESH","TOT","OECDIDX","A","2006",0.045,
"SVK","NATINSURANCESH","TOT","OECDIDX","A","2007",0.051,
"SVK","NATINSURANCESH","TOT","OECDIDX","A","2008",0.066,
"SVK","NATINSURANCESH","TOT","OECDIDX","A","2009",0.068,
"SVK","NATINSURANCESH","TOT","OECDIDX","A","2010",0.065,
"SVK","NATINSURANCESH","TOT","OECDIDX","A","2011",0.065,
"SVK","NATINSURANCESH","TOT","OECDIDX","A","2012",0.059,
"SVK","NATINSURANCESH","TOT","OECDIDX","A","2013",0.061,
"SVK","NATINSURANCESH","TOT","OECDIDX","A","2014",0.06,
"SVK","NATINSURANCESH","TOT","OECDIDX","A","2015",0.05,
"ESP","NATINSURANCESH","TOT","OECDIDX","A","1983",0.566,
"ESP","NATINSURANCESH","TOT","OECDIDX","A","1984",0.547,
"ESP","NATINSURANCESH","TOT","OECDIDX","A","1985",0.5,
"ESP","NATINSURANCESH","TOT","OECDIDX","A","1986",0.822,
"ESP","NATINSURANCESH","TOT","OECDIDX","A","1987",1.038,
"ESP","NATINSURANCESH","TOT","OECDIDX","A","1988",1.356,
"ESP","NATINSURANCESH","TOT","OECDIDX","A","1989",1.095,
"ESP","NATINSURANCESH","TOT","OECDIDX","A","1990",1.092,
"ESP","NATINSURANCESH","TOT","OECDIDX","A","1991",1.216,
"ESP","NATINSURANCESH","TOT","OECDIDX","A","1992",1.282,
"ESP","NATINSURANCESH","TOT","OECDIDX","A","1993",1.132,
"ESP","NATINSURANCESH","TOT","OECDIDX","A","1994",1.326,
"ESP","NATINSURANCESH","TOT","OECDIDX","A","1995",1.353,
"ESP","NATINSURANCESH","TOT","OECDIDX","A","1996",1.441,
"ESP","NATINSURANCESH","TOT","OECDIDX","A","1997",1.354,
"ESP","NATINSURANCESH","TOT","OECDIDX","A","1998",1.368,
"ESP","NATINSURANCESH","TOT","OECDIDX","A","1999",1.503,
"ESP","NATINSURANCESH","TOT","OECDIDX","A","2000",1.555,
"ESP","NATINSURANCESH","TOT","OECDIDX","A","2001",1.578,
"ESP","NATINSURANCESH","TOT","OECDIDX","A","2002",1.698,
"ESP","NATINSURANCESH","TOT","OECDIDX","A","2003",1.528,
"ESP","NATINSURANCESH","TOT","OECDIDX","A","2004",1.655,
"ESP","NATINSURANCESH","TOT","OECDIDX","A","2005",1.686,
"ESP","NATINSURANCESH","TOT","OECDIDX","A","2006",1.815,
"ESP","NATINSURANCESH","TOT","OECDIDX","A","2007",1.714,
"ESP","NATINSURANCESH","TOT","OECDIDX","A","2008",2.015,
"ESP","NATINSURANCESH","TOT","OECDIDX","A","2009",1.999,
"ESP","NATINSURANCESH","TOT","OECDIDX","A","2010",1.766,
"ESP","NATINSURANCESH","TOT","OECDIDX","A","2011",1.87,
"ESP","NATINSURANCESH","TOT","OECDIDX","A","2012",1.558,
"ESP","NATINSURANCESH","TOT","OECDIDX","A","2013",1.584,
"ESP","NATINSURANCESH","TOT","OECDIDX","A","2014",1.545,
"ESP","NATINSURANCESH","TOT","OECDIDX","A","2015",1.354,
"SWE","NATINSURANCESH","TOT","OECDIDX","A","1991",0.566,
"SWE","NATINSURANCESH","TOT","OECDIDX","A","1992",0.503,
"SWE","NATINSURANCESH","TOT","OECDIDX","A","1993",0.336,
"SWE","NATINSURANCESH","TOT","OECDIDX","A","1994",0.381,
"SWE","NATINSURANCESH","TOT","OECDIDX","A","1995",0.39,
"SWE","NATINSURANCESH","TOT","OECDIDX","A","1996",0.44,
"SWE","NATINSURANCESH","TOT","OECDIDX","A","1997",0.696,
"SWE","NATINSURANCESH","TOT","OECDIDX","A","1998",0.693,
"SWE","NATINSURANCESH","TOT","OECDIDX","A","1999",0.492,
"SWE","NATINSURANCESH","TOT","OECDIDX","A","2000",0.789,
"SWE","NATINSURANCESH","TOT","OECDIDX","A","2001",0.827,
"SWE","NATINSURANCESH","TOT","OECDIDX","A","2003",0.79,
"SWE","NATINSURANCESH","TOT","OECDIDX","A","2004",0.854,
"SWE","NATINSURANCESH","TOT","OECDIDX","A","2005",0.831,
"SWE","NATINSURANCESH","TOT","OECDIDX","A","2006",0.776,
"SWE","NATINSURANCESH","TOT","OECDIDX","A","2007",0.679,
"SWE","NATINSURANCESH","TOT","OECDIDX","A","2008",0.693,
"SWE","NATINSURANCESH","TOT","OECDIDX","A","2009",0.598,
"SWE","NATINSURANCESH","TOT","OECDIDX","A","2010",0.593,
"SWE","NATINSURANCESH","TOT","OECDIDX","A","2011",0.608,
"SWE","NATINSURANCESH","TOT","OECDIDX","A","2012",0.527,
"SWE","NATINSURANCESH","TOT","OECDIDX","A","2013",0.559,
"SWE","NATINSURANCESH","TOT","OECDIDX","A","2014",1.007,
"SWE","NATINSURANCESH","TOT","OECDIDX","A","2015",0.832,
"CHE","NATINSURANCESH","TOT","OECDIDX","A","1983",2.786,
"CHE","NATINSURANCESH","TOT","OECDIDX","A","1984",2.215,
"CHE","NATINSURANCESH","TOT","OECDIDX","A","1985",1.92,
"CHE","NATINSURANCESH","TOT","OECDIDX","A","1986",2.021,
"CHE","NATINSURANCESH","TOT","OECDIDX","A","1987",2.246,
"CHE","NATINSURANCESH","TOT","OECDIDX","A","1988",1.823,
"CHE","NATINSURANCESH","TOT","OECDIDX","A","1989",1.909,
"CHE","NATINSURANCESH","TOT","OECDIDX","A","1990",2.115,
"CHE","NATINSURANCESH","TOT","OECDIDX","A","1991",2.106,
"CHE","NATINSURANCESH","TOT","OECDIDX","A","1992",2.132,
"CHE","NATINSURANCESH","TOT","OECDIDX","A","1993",1.971,
"CHE","NATINSURANCESH","TOT","OECDIDX","A","1994",2.052,
"CHE","NATINSURANCESH","TOT","OECDIDX","A","1995",2.243,
"CHE","NATINSURANCESH","TOT","OECDIDX","A","1996",1.913,
"CHE","NATINSURANCESH","TOT","OECDIDX","A","1997",1.652,
"CHE","NATINSURANCESH","TOT","OECDIDX","A","1998",1.674,
"CHE","NATINSURANCESH","TOT","OECDIDX","A","1999",1.519,
"CHE","NATINSURANCESH","TOT","OECDIDX","A","2000",1.354,
"CHE","NATINSURANCESH","TOT","OECDIDX","A","2001",1.572,
"CHE","NATINSURANCESH","TOT","OECDIDX","A","2002",1.606,
"CHE","NATINSURANCESH","TOT","OECDIDX","A","2003",1.321,
"CHE","NATINSURANCESH","TOT","OECDIDX","A","2004",1.264,
"CHE","NATINSURANCESH","TOT","OECDIDX","A","2005",1.145,
"CHE","NATINSURANCESH","TOT","OECDIDX","A","2006",1.053,
"CHE","NATINSURANCESH","TOT","OECDIDX","A","2007",0.995,
"CHE","NATINSURANCESH","TOT","OECDIDX","A","2008",1.257,
"CHE","NATINSURANCESH","TOT","OECDIDX","A","2009",1.342,
"CHE","NATINSURANCESH","TOT","OECDIDX","A","2010",1.426,
"CHE","NATINSURANCESH","TOT","OECDIDX","A","2011",1.549,
"CHE","NATINSURANCESH","TOT","OECDIDX","A","2012",1.5,
"CHE","NATINSURANCESH","TOT","OECDIDX","A","2013",1.525,
"CHE","NATINSURANCESH","TOT","OECDIDX","A","2014",1.504,
"CHE","NATINSURANCESH","TOT","OECDIDX","A","2015",1.454,
"TUR","NATINSURANCESH","TOT","OECDIDX","A","1983",0.059,
"TUR","NATINSURANCESH","TOT","OECDIDX","A","1984",0.058,
"TUR","NATINSURANCESH","TOT","OECDIDX","A","1985",0.049,
"TUR","NATINSURANCESH","TOT","OECDIDX","A","1986",0.039,
"TUR","NATINSURANCESH","TOT","OECDIDX","A","1987",0.042,
"TUR","NATINSURANCESH","TOT","OECDIDX","A","1988",0.034,
"TUR","NATINSURANCESH","TOT","OECDIDX","A","1989",0.045,
"TUR","NATINSURANCESH","TOT","OECDIDX","A","1990",0.069,
"TUR","NATINSURANCESH","TOT","OECDIDX","A","1991",0.073,
"TUR","NATINSURANCESH","TOT","OECDIDX","A","1992",0.079,
"TUR","NATINSURANCESH","TOT","OECDIDX","A","1993",0.091,
"TUR","NATINSURANCESH","TOT","OECDIDX","A","1994",0.059,
"TUR","NATINSURANCESH","TOT","OECDIDX","A","1995",0.069,
"TUR","NATINSURANCESH","TOT","OECDIDX","A","1996",0.078,
"TUR","NATINSURANCESH","TOT","OECDIDX","A","1997",0.09,
"TUR","NATINSURANCESH","TOT","OECDIDX","A","1998",0.098,
"TUR","NATINSURANCESH","TOT","OECDIDX","A","1999",0.112,
"TUR","NATINSURANCESH","TOT","OECDIDX","A","2000",0.126,
"TUR","NATINSURANCESH","TOT","OECDIDX","A","2001",0.093,
"TUR","NATINSURANCESH","TOT","OECDIDX","A","2002",0.09,
"TUR","NATINSURANCESH","TOT","OECDIDX","A","2003",0.105,
"TUR","NATINSURANCESH","TOT","OECDIDX","A","2004",0.134,
"TUR","NATINSURANCESH","TOT","OECDIDX","A","2005",0.139,
"TUR","NATINSURANCESH","TOT","OECDIDX","A","2006",0.149,
"TUR","NATINSURANCESH","TOT","OECDIDX","A","2007",0.184,
"TUR","NATINSURANCESH","TOT","OECDIDX","A","2008",0.199,
"TUR","NATINSURANCESH","TOT","OECDIDX","A","2009",0.198,
"TUR","NATINSURANCESH","TOT","OECDIDX","A","2010",0.231,
"TUR","NATINSURANCESH","TOT","OECDIDX","A","2011",0.222,
"TUR","NATINSURANCESH","TOT","OECDIDX","A","2012",0.244,
"TUR","NATINSURANCESH","TOT","OECDIDX","A","2013",0.271,
"TUR","NATINSURANCESH","TOT","OECDIDX","A","2014",0.249,
"TUR","NATINSURANCESH","TOT","OECDIDX","A","2015",0.243,
"GBR","NATINSURANCESH","TOT","OECDIDX","A","1985",7.347,
"GBR","NATINSURANCESH","TOT","OECDIDX","A","1986",7.578,
"GBR","NATINSURANCESH","TOT","OECDIDX","A","1987",4.321,
"GBR","NATINSURANCESH","TOT","OECDIDX","A","1988",3.455,
"GBR","NATINSURANCESH","TOT","OECDIDX","A","1989",3.812,
"GBR","NATINSURANCESH","TOT","OECDIDX","A","1990",4.225,
"GBR","NATINSURANCESH","TOT","OECDIDX","A","1991",4.443,
"GBR","NATINSURANCESH","TOT","OECDIDX","A","1992",4.67,
"GBR","NATINSURANCESH","TOT","OECDIDX","A","1993",8.099,
"GBR","NATINSURANCESH","TOT","OECDIDX","A","1994",7.462,
"GBR","NATINSURANCESH","TOT","OECDIDX","A","1995",6.925,
"GBR","NATINSURANCESH","TOT","OECDIDX","A","1996",7.297,
"GBR","NATINSURANCESH","TOT","OECDIDX","A","1997",7.896,
"GBR","NATINSURANCESH","TOT","OECDIDX","A","1998",8.769,
"GBR","NATINSURANCESH","TOT","OECDIDX","A","1999",9.16,
"GBR","NATINSURANCESH","TOT","OECDIDX","A","2000",10.222,
"GBR","NATINSURANCESH","TOT","OECDIDX","A","2001",9.411,
"GBR","NATINSURANCESH","TOT","OECDIDX","A","2002",9.202,
"GBR","NATINSURANCESH","TOT","OECDIDX","A","2003",9.229,
"GBR","NATINSURANCESH","TOT","OECDIDX","A","2004",9.438,
"GBR","NATINSURANCESH","TOT","OECDIDX","A","2005",9.492,
"GBR","NATINSURANCESH","TOT","OECDIDX","A","2006",13.216,
"GBR","NATINSURANCESH","TOT","OECDIDX","A","2007",14.101,
"GBR","NATINSURANCESH","TOT","OECDIDX","A","2008",10.022,
"GBR","NATINSURANCESH","TOT","OECDIDX","A","2009",8.041,
"GBR","NATINSURANCESH","TOT","OECDIDX","A","2010",7.523,
"GBR","NATINSURANCESH","TOT","OECDIDX","A","2011",7.355,
"GBR","NATINSURANCESH","TOT","OECDIDX","A","2012",7.876,
"GBR","NATINSURANCESH","TOT","OECDIDX","A","2013",6.99,
"GBR","NATINSURANCESH","TOT","OECDIDX","A","2014",7.383,
"GBR","NATINSURANCESH","TOT","OECDIDX","A","2015",6.96,
"USA","NATINSURANCESH","TOT","OECDIDX","A","1983",54.906,
"USA","NATINSURANCESH","TOT","OECDIDX","A","1984",53.893,
"USA","NATINSURANCESH","TOT","OECDIDX","A","1985",52.258,
"USA","NATINSURANCESH","TOT","OECDIDX","A","1986",48.283,
"USA","NATINSURANCESH","TOT","OECDIDX","A","1987",46.478,
"USA","NATINSURANCESH","TOT","OECDIDX","A","1988",51.163,
"USA","NATINSURANCESH","TOT","OECDIDX","A","1989",47.043,
"USA","NATINSURANCESH","TOT","OECDIDX","A","1990",46.998,
"USA","NATINSURANCESH","TOT","OECDIDX","A","1991",45.128,
"USA","NATINSURANCESH","TOT","OECDIDX","A","1992",42.698,
"USA","NATINSURANCESH","TOT","OECDIDX","A","1993",41.198,
"USA","NATINSURANCESH","TOT","OECDIDX","A","1994",39.534,
"USA","NATINSURANCESH","TOT","OECDIDX","A","1995",37.7,
"USA","NATINSURANCESH","TOT","OECDIDX","A","1996",39.043,
"USA","NATINSURANCESH","TOT","OECDIDX","A","1997",42.424,
"USA","NATINSURANCESH","TOT","OECDIDX","A","1998",45.635,
"USA","NATINSURANCESH","TOT","OECDIDX","A","1999",44.906,
"USA","NATINSURANCESH","TOT","OECDIDX","A","2000",46.154,
"USA","NATINSURANCESH","TOT","OECDIDX","A","2001",47.89,
"USA","NATINSURANCESH","TOT","OECDIDX","A","2002",50.995,
"USA","NATINSURANCESH","TOT","OECDIDX","A","2003",49.077,
"USA","NATINSURANCESH","TOT","OECDIDX","A","2004",46.726,
"USA","NATINSURANCESH","TOT","OECDIDX","A","2005",46.163,
"USA","NATINSURANCESH","TOT","OECDIDX","A","2006",42.979,
"USA","NATINSURANCESH","TOT","OECDIDX","A","2007",43.615,
"USA","NATINSURANCESH","TOT","OECDIDX","A","2008",44.946,
"USA","NATINSURANCESH","TOT","OECDIDX","A","2009",47.632,
"USA","NATINSURANCESH","TOT","OECDIDX","A","2010",47.097,
"USA","NATINSURANCESH","TOT","OECDIDX","A","2011",46.703,
"USA","NATINSURANCESH","TOT","OECDIDX","A","2012",48.721,
"USA","NATINSURANCESH","TOT","OECDIDX","A","2013",47.023,
"USA","NATINSURANCESH","TOT","OECDIDX","A","2014",49.089,
"USA","NATINSURANCESH","TOT","OECDIDX","A","2015",54.175,
"CHL","NATINSURANCESH","TOT","OECDIDX","A","2006",0.12,
"CHL","NATINSURANCESH","TOT","OECDIDX","A","2009",0.147,
"CHL","NATINSURANCESH","TOT","OECDIDX","A","2010",0.192,
"CHL","NATINSURANCESH","TOT","OECDIDX","A","2011",0.21,
"CHL","NATINSURANCESH","TOT","OECDIDX","A","2012",0.241,
"CHL","NATINSURANCESH","TOT","OECDIDX","A","2013",0.242,
"CHL","NATINSURANCESH","TOT","OECDIDX","A","2014",0.222,
"CHL","NATINSURANCESH","TOT","OECDIDX","A","2015",0.236,
"EST","NATINSURANCESH","TOT","OECDIDX","A","2006",0.003,
"EST","NATINSURANCESH","TOT","OECDIDX","A","2009",0.008,
"EST","NATINSURANCESH","TOT","OECDIDX","A","2010",0.013,
"EST","NATINSURANCESH","TOT","OECDIDX","A","2011",0.012,
"EST","NATINSURANCESH","TOT","OECDIDX","A","2012",0.013,
"EST","NATINSURANCESH","TOT","OECDIDX","A","2013",0.016,
"EST","NATINSURANCESH","TOT","OECDIDX","A","2014",0.017,
"EST","NATINSURANCESH","TOT","OECDIDX","A","2015",0.016,
"ISR","NATINSURANCESH","TOT","OECDIDX","A","2006",0.195,
"ISR","NATINSURANCESH","TOT","OECDIDX","A","2007",0.192,
"ISR","NATINSURANCESH","TOT","OECDIDX","A","2008",0.238,
"ISR","NATINSURANCESH","TOT","OECDIDX","A","2009",0.241,
"ISR","NATINSURANCESH","TOT","OECDIDX","A","2010",0.26,
"ISR","NATINSURANCESH","TOT","OECDIDX","A","2011",0.274,
"ISR","NATINSURANCESH","TOT","OECDIDX","A","2012",0.267,
"ISR","NATINSURANCESH","TOT","OECDIDX","A","2013",0.286,
"ISR","NATINSURANCESH","TOT","OECDIDX","A","2014",0.29,
"ISR","NATINSURANCESH","TOT","OECDIDX","A","2015",0.292,
"SVN","NATINSURANCESH","TOT","OECDIDX","A","2007",0.049,
"SVN","NATINSURANCESH","TOT","OECDIDX","A","2008",0.063,
"SVN","NATINSURANCESH","TOT","OECDIDX","A","2009",0.071,
"SVN","NATINSURANCESH","TOT","OECDIDX","A","2010",0.067,
"SVN","NATINSURANCESH","TOT","OECDIDX","A","2011",0.066,
"SVN","NATINSURANCESH","TOT","OECDIDX","A","2012",0.06,
"SVN","NATINSURANCESH","TOT","OECDIDX","A","2013",0.058,
"SVN","NATINSURANCESH","TOT","OECDIDX","A","2014",0.056,
"SVN","NATINSURANCESH","TOT","OECDIDX","A","2015",0.049,
"OECD","NATINSURANCESH","TOT","OECDIDX","A","1983",100,
"OECD","NATINSURANCESH","TOT","OECDIDX","A","1984",100,
"OECD","NATINSURANCESH","TOT","OECDIDX","A","1985",100,
"OECD","NATINSURANCESH","TOT","OECDIDX","A","1986",100,
"OECD","NATINSURANCESH","TOT","OECDIDX","A","1987",100,
"OECD","NATINSURANCESH","TOT","OECDIDX","A","1988",100,
"OECD","NATINSURANCESH","TOT","OECDIDX","A","1989",100,
"OECD","NATINSURANCESH","TOT","OECDIDX","A","1990",100,
"OECD","NATINSURANCESH","TOT","OECDIDX","A","1991",100,
"OECD","NATINSURANCESH","TOT","OECDIDX","A","1992",100,
"OECD","NATINSURANCESH","TOT","OECDIDX","A","1993",100,
"OECD","NATINSURANCESH","TOT","OECDIDX","A","1994",100,
"OECD","NATINSURANCESH","TOT","OECDIDX","A","1995",100,
"OECD","NATINSURANCESH","TOT","OECDIDX","A","1996",100,
"OECD","NATINSURANCESH","TOT","OECDIDX","A","1997",100,
"OECD","NATINSURANCESH","TOT","OECDIDX","A","1998",100,
"OECD","NATINSURANCESH","TOT","OECDIDX","A","1999",100,
"OECD","NATINSURANCESH","TOT","OECDIDX","A","2000",100,
"OECD","NATINSURANCESH","TOT","OECDIDX","A","2001",100,
"OECD","NATINSURANCESH","TOT","OECDIDX","A","2002",100,
"OECD","NATINSURANCESH","TOT","OECDIDX","A","2003",100,
"OECD","NATINSURANCESH","TOT","OECDIDX","A","2004",100,
"OECD","NATINSURANCESH","TOT","OECDIDX","A","2005",100,
"OECD","NATINSURANCESH","TOT","OECDIDX","A","2006",100,
"OECD","NATINSURANCESH","TOT","OECDIDX","A","2007",100,
"OECD","NATINSURANCESH","TOT","OECDIDX","A","2008",100,
"OECD","NATINSURANCESH","TOT","OECDIDX","A","2009",100,
"OECD","NATINSURANCESH","TOT","OECDIDX","A","2010",100,
"OECD","NATINSURANCESH","TOT","OECDIDX","A","2011",100,
"OECD","NATINSURANCESH","TOT","OECDIDX","A","2012",100,
"OECD","NATINSURANCESH","TOT","OECDIDX","A","2013",100,
"OECD","NATINSURANCESH","TOT","OECDIDX","A","2014",100,
"OECD","NATINSURANCESH","TOT","OECDIDX","A","2015",100,
"LVA","NATINSURANCESH","TOT","OECDIDX","A","2009",0.012,
"LVA","NATINSURANCESH","TOT","OECDIDX","A","2010",0.01,
"LVA","NATINSURANCESH","TOT","OECDIDX","A","2011",0.012,
"LVA","NATINSURANCESH","TOT","OECDIDX","A","2012",0.012,
"LVA","NATINSURANCESH","TOT","OECDIDX","A","2013",0.013,
"LVA","NATINSURANCESH","TOT","OECDIDX","A","2014",0.014,
"LVA","NATINSURANCESH","TOT","OECDIDX","A","2015",0.012,
