﻿"LOCATION","INDICATOR","SUBJECT","MEASURE","FREQUENCY","TIME","Value","Flag Codes"
"AUS","VAGEXP","TOT","PC","A","1995",88.03,
"AUS","VAGEXP","TOT","PC","A","1996",87.49,
"AUS","VAGEXP","TOT","PC","A","1997",86.69,
"AUS","VAGEXP","TOT","PC","A","1998",87.39,
"AUS","VAGEXP","TOT","PC","A","1999",85.62,
"AUS","VAGEXP","TOT","PC","A","2000",84.31,
"AUS","VAGEXP","TOT","PC","A","2001",85.86,
"AUS","VAGEXP","TOT","PC","A","2002",84.96,
"AUS","VAGEXP","TOT","PC","A","2003",87.54,
"AUS","VAGEXP","TOT","PC","A","2004",88.14,
"AUS","VAGEXP","TOT","PC","A","2005",88.03,
"AUS","VAGEXP","TOT","PC","A","2006",86.72,
"AUS","VAGEXP","TOT","PC","A","2007",86.55,
"AUS","VAGEXP","TOT","PC","A","2008",86.48,
"AUS","VAGEXP","TOT","PC","A","2009",87.22,
"AUS","VAGEXP","TOT","PC","A","2010",87.23,
"AUS","VAGEXP","TOT","PC","A","2011",86.09,
"AUS","VAGEXP","TOT","PC","A","2012",86.14,
"AUS","VAGEXP","TOT","PC","A","2013",86,
"AUS","VAGEXP","TOT","PC","A","2014",85.3,
"AUT","VAGEXP","TOT","PC","A","1995",78.63,
"AUT","VAGEXP","TOT","PC","A","1996",76.67,
"AUT","VAGEXP","TOT","PC","A","1997",76.03,
"AUT","VAGEXP","TOT","PC","A","1998",76.28,
"AUT","VAGEXP","TOT","PC","A","1999",76.42,
"AUT","VAGEXP","TOT","PC","A","2000",75.35,
"AUT","VAGEXP","TOT","PC","A","2001",73.56,
"AUT","VAGEXP","TOT","PC","A","2002",75.28,
"AUT","VAGEXP","TOT","PC","A","2003",75.03,
"AUT","VAGEXP","TOT","PC","A","2004",74.34,
"AUT","VAGEXP","TOT","PC","A","2005",73.7,
"AUT","VAGEXP","TOT","PC","A","2006",73,
"AUT","VAGEXP","TOT","PC","A","2007",73.07,
"AUT","VAGEXP","TOT","PC","A","2008",72.28,
"AUT","VAGEXP","TOT","PC","A","2009",75.58,
"AUT","VAGEXP","TOT","PC","A","2010",73.78,
"AUT","VAGEXP","TOT","PC","A","2011",72.38,
"AUT","VAGEXP","TOT","PC","A","2012",72.43,
"AUT","VAGEXP","TOT","PC","A","2013",72.42,
"AUT","VAGEXP","TOT","PC","A","2014",72.68,
"BEL","VAGEXP","TOT","PC","A","1995",69,
"BEL","VAGEXP","TOT","PC","A","1996",68.64,
"BEL","VAGEXP","TOT","PC","A","1997",67.98,
"BEL","VAGEXP","TOT","PC","A","1998",68.91,
"BEL","VAGEXP","TOT","PC","A","1999",68.79,
"BEL","VAGEXP","TOT","PC","A","2000",65.67,
"BEL","VAGEXP","TOT","PC","A","2001",66.77,
"BEL","VAGEXP","TOT","PC","A","2002",69.12,
"BEL","VAGEXP","TOT","PC","A","2003",70.24,
"BEL","VAGEXP","TOT","PC","A","2004",69.29,
"BEL","VAGEXP","TOT","PC","A","2005",68.84,
"BEL","VAGEXP","TOT","PC","A","2006",67.33,
"BEL","VAGEXP","TOT","PC","A","2007",67.08,
"BEL","VAGEXP","TOT","PC","A","2008",63.62,
"BEL","VAGEXP","TOT","PC","A","2009",69.61,
"BEL","VAGEXP","TOT","PC","A","2010",69.3,
"BEL","VAGEXP","TOT","PC","A","2011",65.63,
"BEL","VAGEXP","TOT","PC","A","2012",64.86,
"BEL","VAGEXP","TOT","PC","A","2013",64.96,
"BEL","VAGEXP","TOT","PC","A","2014",64.45,
"CAN","VAGEXP","TOT","PC","A","1995",75.79,
"CAN","VAGEXP","TOT","PC","A","1996",74.94,
"CAN","VAGEXP","TOT","PC","A","1997",73.06,
"CAN","VAGEXP","TOT","PC","A","1998",73.21,
"CAN","VAGEXP","TOT","PC","A","1999",73.18,
"CAN","VAGEXP","TOT","PC","A","2000",73.15,
"CAN","VAGEXP","TOT","PC","A","2001",74.44,
"CAN","VAGEXP","TOT","PC","A","2002",74.67,
"CAN","VAGEXP","TOT","PC","A","2003",76.63,
"CAN","VAGEXP","TOT","PC","A","2004",76.11,
"CAN","VAGEXP","TOT","PC","A","2005",76.57,
"CAN","VAGEXP","TOT","PC","A","2006",77.15,
"CAN","VAGEXP","TOT","PC","A","2007",77.64,
"CAN","VAGEXP","TOT","PC","A","2008",77.09,
"CAN","VAGEXP","TOT","PC","A","2009",77.62,
"CAN","VAGEXP","TOT","PC","A","2010",76.54,
"CAN","VAGEXP","TOT","PC","A","2011",76.44,
"CAN","VAGEXP","TOT","PC","A","2012",75.45,
"CAN","VAGEXP","TOT","PC","A","2013",76.14,
"CAN","VAGEXP","TOT","PC","A","2014",76.74,
"CZE","VAGEXP","TOT","PC","A","1995",69.64,
"CZE","VAGEXP","TOT","PC","A","1996",70.63,
"CZE","VAGEXP","TOT","PC","A","1997",68.11,
"CZE","VAGEXP","TOT","PC","A","1998",66.73,
"CZE","VAGEXP","TOT","PC","A","1999",66.38,
"CZE","VAGEXP","TOT","PC","A","2000",61.35,
"CZE","VAGEXP","TOT","PC","A","2001",60.33,
"CZE","VAGEXP","TOT","PC","A","2002",61.48,
"CZE","VAGEXP","TOT","PC","A","2003",60.17,
"CZE","VAGEXP","TOT","PC","A","2004",58.64,
"CZE","VAGEXP","TOT","PC","A","2005",57.59,
"CZE","VAGEXP","TOT","PC","A","2006",56.34,
"CZE","VAGEXP","TOT","PC","A","2007",56,
"CZE","VAGEXP","TOT","PC","A","2008",57.95,
"CZE","VAGEXP","TOT","PC","A","2009",60.06,
"CZE","VAGEXP","TOT","PC","A","2010",56.14,
"CZE","VAGEXP","TOT","PC","A","2011",54.91,
"CZE","VAGEXP","TOT","PC","A","2012",53.92,
"CZE","VAGEXP","TOT","PC","A","2013",54.23,
"CZE","VAGEXP","TOT","PC","A","2014",53.39,
"DNK","VAGEXP","TOT","PC","A","1995",76.82,
"DNK","VAGEXP","TOT","PC","A","1996",76.37,
"DNK","VAGEXP","TOT","PC","A","1997",76.44,
"DNK","VAGEXP","TOT","PC","A","1998",75.58,
"DNK","VAGEXP","TOT","PC","A","1999",75.63,
"DNK","VAGEXP","TOT","PC","A","2000",73.86,
"DNK","VAGEXP","TOT","PC","A","2001",72.94,
"DNK","VAGEXP","TOT","PC","A","2002",75.23,
"DNK","VAGEXP","TOT","PC","A","2003",74.97,
"DNK","VAGEXP","TOT","PC","A","2004",74.52,
"DNK","VAGEXP","TOT","PC","A","2005",72.31,
"DNK","VAGEXP","TOT","PC","A","2006",69.36,
"DNK","VAGEXP","TOT","PC","A","2007",68.5,
"DNK","VAGEXP","TOT","PC","A","2008",65.95,
"DNK","VAGEXP","TOT","PC","A","2009",69.32,
"DNK","VAGEXP","TOT","PC","A","2010",69.86,
"DNK","VAGEXP","TOT","PC","A","2011",67.17,
"DNK","VAGEXP","TOT","PC","A","2012",67.69,
"DNK","VAGEXP","TOT","PC","A","2013",68.78,
"DNK","VAGEXP","TOT","PC","A","2014",69.29,
"FIN","VAGEXP","TOT","PC","A","1995",75.98,
"FIN","VAGEXP","TOT","PC","A","1996",74.38,
"FIN","VAGEXP","TOT","PC","A","1997",74.04,
"FIN","VAGEXP","TOT","PC","A","1998",75.79,
"FIN","VAGEXP","TOT","PC","A","1999",76.12,
"FIN","VAGEXP","TOT","PC","A","2000",69.43,
"FIN","VAGEXP","TOT","PC","A","2001",72.17,
"FIN","VAGEXP","TOT","PC","A","2002",72.97,
"FIN","VAGEXP","TOT","PC","A","2003",72.67,
"FIN","VAGEXP","TOT","PC","A","2004",71.37,
"FIN","VAGEXP","TOT","PC","A","2005",68.3,
"FIN","VAGEXP","TOT","PC","A","2006",65.75,
"FIN","VAGEXP","TOT","PC","A","2007",67.49,
"FIN","VAGEXP","TOT","PC","A","2008",66.54,
"FIN","VAGEXP","TOT","PC","A","2009",69.55,
"FIN","VAGEXP","TOT","PC","A","2010",68.27,
"FIN","VAGEXP","TOT","PC","A","2011",65.4,
"FIN","VAGEXP","TOT","PC","A","2012",64.01,
"FIN","VAGEXP","TOT","PC","A","2013",64.38,
"FIN","VAGEXP","TOT","PC","A","2014",64.96,
"FRA","VAGEXP","TOT","PC","A","1995",82.84,
"FRA","VAGEXP","TOT","PC","A","1996",81.97,
"FRA","VAGEXP","TOT","PC","A","1997",81.04,
"FRA","VAGEXP","TOT","PC","A","1998",80.78,
"FRA","VAGEXP","TOT","PC","A","1999",80.21,
"FRA","VAGEXP","TOT","PC","A","2000",77.24,
"FRA","VAGEXP","TOT","PC","A","2001",77.49,
"FRA","VAGEXP","TOT","PC","A","2002",78.07,
"FRA","VAGEXP","TOT","PC","A","2003",78.79,
"FRA","VAGEXP","TOT","PC","A","2004",77.78,
"FRA","VAGEXP","TOT","PC","A","2005",76.61,
"FRA","VAGEXP","TOT","PC","A","2006",75.03,
"FRA","VAGEXP","TOT","PC","A","2007",74.71,
"FRA","VAGEXP","TOT","PC","A","2008",75.32,
"FRA","VAGEXP","TOT","PC","A","2009",78.46,
"FRA","VAGEXP","TOT","PC","A","2010",76.33,
"FRA","VAGEXP","TOT","PC","A","2011",74.99,
"FRA","VAGEXP","TOT","PC","A","2012",74.1,
"FRA","VAGEXP","TOT","PC","A","2013",74.19,
"FRA","VAGEXP","TOT","PC","A","2014",73.73,
"DEU","VAGEXP","TOT","PC","A","1995",85.18,
"DEU","VAGEXP","TOT","PC","A","1996",84.66,
"DEU","VAGEXP","TOT","PC","A","1997",83.63,
"DEU","VAGEXP","TOT","PC","A","1998",83.56,
"DEU","VAGEXP","TOT","PC","A","1999",82.6,
"DEU","VAGEXP","TOT","PC","A","2000",79.86,
"DEU","VAGEXP","TOT","PC","A","2001",80.13,
"DEU","VAGEXP","TOT","PC","A","2002",81.3,
"DEU","VAGEXP","TOT","PC","A","2003",81.03,
"DEU","VAGEXP","TOT","PC","A","2004",80.42,
"DEU","VAGEXP","TOT","PC","A","2005",78.71,
"DEU","VAGEXP","TOT","PC","A","2006",76.69,
"DEU","VAGEXP","TOT","PC","A","2007",75.82,
"DEU","VAGEXP","TOT","PC","A","2008",75.33,
"DEU","VAGEXP","TOT","PC","A","2009",78.22,
"DEU","VAGEXP","TOT","PC","A","2010",76.75,
"DEU","VAGEXP","TOT","PC","A","2011",74.38,
"DEU","VAGEXP","TOT","PC","A","2012",73.97,
"DEU","VAGEXP","TOT","PC","A","2013",74.22,
"DEU","VAGEXP","TOT","PC","A","2014",74.64,
"GRC","VAGEXP","TOT","PC","A","1995",83.75,
"GRC","VAGEXP","TOT","PC","A","1996",81.9,
"GRC","VAGEXP","TOT","PC","A","1997",81.68,
"GRC","VAGEXP","TOT","PC","A","1998",82.18,
"GRC","VAGEXP","TOT","PC","A","1999",81.18,
"GRC","VAGEXP","TOT","PC","A","2000",76.05,
"GRC","VAGEXP","TOT","PC","A","2001",75.48,
"GRC","VAGEXP","TOT","PC","A","2002",77.79,
"GRC","VAGEXP","TOT","PC","A","2003",80.49,
"GRC","VAGEXP","TOT","PC","A","2004",79.33,
"GRC","VAGEXP","TOT","PC","A","2005",78.75,
"GRC","VAGEXP","TOT","PC","A","2006",76.21,
"GRC","VAGEXP","TOT","PC","A","2007",75.81,
"GRC","VAGEXP","TOT","PC","A","2008",74.75,
"GRC","VAGEXP","TOT","PC","A","2009",79.3,
"GRC","VAGEXP","TOT","PC","A","2010",78.24,
"GRC","VAGEXP","TOT","PC","A","2011",75.07,
"GRC","VAGEXP","TOT","PC","A","2012",74.16,
"GRC","VAGEXP","TOT","PC","A","2013",73.6,
"GRC","VAGEXP","TOT","PC","A","2014",73.02,
"HUN","VAGEXP","TOT","PC","A","1995",69.98,
"HUN","VAGEXP","TOT","PC","A","1996",69.69,
"HUN","VAGEXP","TOT","PC","A","1997",64.23,
"HUN","VAGEXP","TOT","PC","A","1998",58.95,
"HUN","VAGEXP","TOT","PC","A","1999",55.38,
"HUN","VAGEXP","TOT","PC","A","2000",48.5,
"HUN","VAGEXP","TOT","PC","A","2001",50.83,
"HUN","VAGEXP","TOT","PC","A","2002",53.79,
"HUN","VAGEXP","TOT","PC","A","2003",52.8,
"HUN","VAGEXP","TOT","PC","A","2004",52.62,
"HUN","VAGEXP","TOT","PC","A","2005",52.09,
"HUN","VAGEXP","TOT","PC","A","2006",50.81,
"HUN","VAGEXP","TOT","PC","A","2007",51.77,
"HUN","VAGEXP","TOT","PC","A","2008",53.87,
"HUN","VAGEXP","TOT","PC","A","2009",55.27,
"HUN","VAGEXP","TOT","PC","A","2010",51.39,
"HUN","VAGEXP","TOT","PC","A","2011",51.52,
"HUN","VAGEXP","TOT","PC","A","2012",52.1,
"HUN","VAGEXP","TOT","PC","A","2013",52.55,
"HUN","VAGEXP","TOT","PC","A","2014",52.68,
"ISL","VAGEXP","TOT","PC","A","1995",81.16,
"ISL","VAGEXP","TOT","PC","A","1996",80.56,
"ISL","VAGEXP","TOT","PC","A","1997",79.98,
"ISL","VAGEXP","TOT","PC","A","1998",78.57,
"ISL","VAGEXP","TOT","PC","A","1999",78.72,
"ISL","VAGEXP","TOT","PC","A","2000",75.71,
"ISL","VAGEXP","TOT","PC","A","2001",76.84,
"ISL","VAGEXP","TOT","PC","A","2002",77.16,
"ISL","VAGEXP","TOT","PC","A","2003",75.86,
"ISL","VAGEXP","TOT","PC","A","2004",73.86,
"ISL","VAGEXP","TOT","PC","A","2005",70.96,
"ISL","VAGEXP","TOT","PC","A","2006",70.69,
"ISL","VAGEXP","TOT","PC","A","2007",71.35,
"ISL","VAGEXP","TOT","PC","A","2008",70.4,
"ISL","VAGEXP","TOT","PC","A","2009",69.59,
"ISL","VAGEXP","TOT","PC","A","2010",68.79,
"ISL","VAGEXP","TOT","PC","A","2011",66.77,
"ISL","VAGEXP","TOT","PC","A","2012",65,
"ISL","VAGEXP","TOT","PC","A","2013",65.84,
"ISL","VAGEXP","TOT","PC","A","2014",65.28,
"IRL","VAGEXP","TOT","PC","A","1995",61.63,
"IRL","VAGEXP","TOT","PC","A","1996",63.85,
"IRL","VAGEXP","TOT","PC","A","1997",63.26,
"IRL","VAGEXP","TOT","PC","A","1998",60.64,
"IRL","VAGEXP","TOT","PC","A","1999",59.38,
"IRL","VAGEXP","TOT","PC","A","2000",57.29,
"IRL","VAGEXP","TOT","PC","A","2001",56.91,
"IRL","VAGEXP","TOT","PC","A","2002",61.24,
"IRL","VAGEXP","TOT","PC","A","2003",61.15,
"IRL","VAGEXP","TOT","PC","A","2004",60.5,
"IRL","VAGEXP","TOT","PC","A","2005",58.22,
"IRL","VAGEXP","TOT","PC","A","2006",58.07,
"IRL","VAGEXP","TOT","PC","A","2007",57.6,
"IRL","VAGEXP","TOT","PC","A","2008",56.57,
"IRL","VAGEXP","TOT","PC","A","2009",58.1,
"IRL","VAGEXP","TOT","PC","A","2010",56.43,
"IRL","VAGEXP","TOT","PC","A","2011",56.49,
"IRL","VAGEXP","TOT","PC","A","2012",53.55,
"IRL","VAGEXP","TOT","PC","A","2013",53.96,
"IRL","VAGEXP","TOT","PC","A","2014",51.69,
"ITA","VAGEXP","TOT","PC","A","1995",82.81,
"ITA","VAGEXP","TOT","PC","A","1996",84.22,
"ITA","VAGEXP","TOT","PC","A","1997",83.59,
"ITA","VAGEXP","TOT","PC","A","1998",83.08,
"ITA","VAGEXP","TOT","PC","A","1999",82.89,
"ITA","VAGEXP","TOT","PC","A","2000",80.09,
"ITA","VAGEXP","TOT","PC","A","2001",80.39,
"ITA","VAGEXP","TOT","PC","A","2002",80.85,
"ITA","VAGEXP","TOT","PC","A","2003",80.82,
"ITA","VAGEXP","TOT","PC","A","2004",79.74,
"ITA","VAGEXP","TOT","PC","A","2005",77.99,
"ITA","VAGEXP","TOT","PC","A","2006",75.65,
"ITA","VAGEXP","TOT","PC","A","2007",74.92,
"ITA","VAGEXP","TOT","PC","A","2008",74.32,
"ITA","VAGEXP","TOT","PC","A","2009",78.88,
"ITA","VAGEXP","TOT","PC","A","2010",75.15,
"ITA","VAGEXP","TOT","PC","A","2011",73.59,
"ITA","VAGEXP","TOT","PC","A","2012",73.36,
"ITA","VAGEXP","TOT","PC","A","2013",74.23,
"ITA","VAGEXP","TOT","PC","A","2014",74.64,
"JPN","VAGEXP","TOT","PC","A","1995",94.38,
"JPN","VAGEXP","TOT","PC","A","1996",93.5,
"JPN","VAGEXP","TOT","PC","A","1997",92.98,
"JPN","VAGEXP","TOT","PC","A","1998",93.31,
"JPN","VAGEXP","TOT","PC","A","1999",93.48,
"JPN","VAGEXP","TOT","PC","A","2000",92.6,
"JPN","VAGEXP","TOT","PC","A","2001",92.19,
"JPN","VAGEXP","TOT","PC","A","2002",92.02,
"JPN","VAGEXP","TOT","PC","A","2003",91.76,
"JPN","VAGEXP","TOT","PC","A","2004",90.91,
"JPN","VAGEXP","TOT","PC","A","2005",88.91,
"JPN","VAGEXP","TOT","PC","A","2006",86.78,
"JPN","VAGEXP","TOT","PC","A","2007",85.46,
"JPN","VAGEXP","TOT","PC","A","2008",84.29,
"JPN","VAGEXP","TOT","PC","A","2009",88.82,
"JPN","VAGEXP","TOT","PC","A","2010",87.31,
"JPN","VAGEXP","TOT","PC","A","2011",85.3,
"JPN","VAGEXP","TOT","PC","A","2012",85.2,
"JPN","VAGEXP","TOT","PC","A","2013",83.08,
"JPN","VAGEXP","TOT","PC","A","2014",81.81,
"KOR","VAGEXP","TOT","PC","A","1995",77.69,
"KOR","VAGEXP","TOT","PC","A","1996",75.91,
"KOR","VAGEXP","TOT","PC","A","1997",72.64,
"KOR","VAGEXP","TOT","PC","A","1998",72.39,
"KOR","VAGEXP","TOT","PC","A","1999",72.79,
"KOR","VAGEXP","TOT","PC","A","2000",70.32,
"KOR","VAGEXP","TOT","PC","A","2001",71.43,
"KOR","VAGEXP","TOT","PC","A","2002",72.67,
"KOR","VAGEXP","TOT","PC","A","2003",69.31,
"KOR","VAGEXP","TOT","PC","A","2004",67.61,
"KOR","VAGEXP","TOT","PC","A","2005",67.03,
"KOR","VAGEXP","TOT","PC","A","2006",65.55,
"KOR","VAGEXP","TOT","PC","A","2007",64.6,
"KOR","VAGEXP","TOT","PC","A","2008",58.36,
"KOR","VAGEXP","TOT","PC","A","2009",62.55,
"KOR","VAGEXP","TOT","PC","A","2010",60.84,
"KOR","VAGEXP","TOT","PC","A","2011",58.37,
"KOR","VAGEXP","TOT","PC","A","2012",58.14,
"KOR","VAGEXP","TOT","PC","A","2013",60.57,
"KOR","VAGEXP","TOT","PC","A","2014",62.15,
"LUX","VAGEXP","TOT","PC","A","1995",58.97,
"LUX","VAGEXP","TOT","PC","A","1996",57.45,
"LUX","VAGEXP","TOT","PC","A","1997",53.69,
"LUX","VAGEXP","TOT","PC","A","1998",51.84,
"LUX","VAGEXP","TOT","PC","A","1999",50.9,
"LUX","VAGEXP","TOT","PC","A","2000",46.85,
"LUX","VAGEXP","TOT","PC","A","2001",46.55,
"LUX","VAGEXP","TOT","PC","A","2002",48.57,
"LUX","VAGEXP","TOT","PC","A","2003",50.29,
"LUX","VAGEXP","TOT","PC","A","2004",45.69,
"LUX","VAGEXP","TOT","PC","A","2005",45.31,
"LUX","VAGEXP","TOT","PC","A","2006",43.42,
"LUX","VAGEXP","TOT","PC","A","2007",42.28,
"LUX","VAGEXP","TOT","PC","A","2008",41.08,
"LUX","VAGEXP","TOT","PC","A","2009",44.74,
"LUX","VAGEXP","TOT","PC","A","2010",42.55,
"LUX","VAGEXP","TOT","PC","A","2011",40.98,
"LUX","VAGEXP","TOT","PC","A","2012",41.36,
"LUX","VAGEXP","TOT","PC","A","2013",40.55,
"LUX","VAGEXP","TOT","PC","A","2014",39.77,
"MEX","VAGEXP","TOT","PC","A","1995",72.72,
"MEX","VAGEXP","TOT","PC","A","1996",71.1,
"MEX","VAGEXP","TOT","PC","A","1997",70,
"MEX","VAGEXP","TOT","PC","A","1998",67.07,
"MEX","VAGEXP","TOT","PC","A","1999",66.39,
"MEX","VAGEXP","TOT","PC","A","2000",65.66,
"MEX","VAGEXP","TOT","PC","A","2001",66.15,
"MEX","VAGEXP","TOT","PC","A","2002",66.71,
"MEX","VAGEXP","TOT","PC","A","2003",66.58,
"MEX","VAGEXP","TOT","PC","A","2004",65.63,
"MEX","VAGEXP","TOT","PC","A","2005",67,
"MEX","VAGEXP","TOT","PC","A","2006",66.55,
"MEX","VAGEXP","TOT","PC","A","2007",66.25,
"MEX","VAGEXP","TOT","PC","A","2008",67.3,
"MEX","VAGEXP","TOT","PC","A","2009",66.49,
"MEX","VAGEXP","TOT","PC","A","2010",65.56,
"MEX","VAGEXP","TOT","PC","A","2011",68.31,
"MEX","VAGEXP","TOT","PC","A","2012",66.99,
"MEX","VAGEXP","TOT","PC","A","2013",66.92,
"MEX","VAGEXP","TOT","PC","A","2014",66.5,
"NLD","VAGEXP","TOT","PC","A","1995",73.26,
"NLD","VAGEXP","TOT","PC","A","1996",72.84,
"NLD","VAGEXP","TOT","PC","A","1997",71.99,
"NLD","VAGEXP","TOT","PC","A","1998",72.82,
"NLD","VAGEXP","TOT","PC","A","1999",72.3,
"NLD","VAGEXP","TOT","PC","A","2000",69.82,
"NLD","VAGEXP","TOT","PC","A","2001",72.54,
"NLD","VAGEXP","TOT","PC","A","2002",73.35,
"NLD","VAGEXP","TOT","PC","A","2003",73.72,
"NLD","VAGEXP","TOT","PC","A","2004",72.73,
"NLD","VAGEXP","TOT","PC","A","2005",72.11,
"NLD","VAGEXP","TOT","PC","A","2006",70.56,
"NLD","VAGEXP","TOT","PC","A","2007",70.57,
"NLD","VAGEXP","TOT","PC","A","2008",70.57,
"NLD","VAGEXP","TOT","PC","A","2009",73.21,
"NLD","VAGEXP","TOT","PC","A","2010",70.4,
"NLD","VAGEXP","TOT","PC","A","2011",68.45,
"NLD","VAGEXP","TOT","PC","A","2012",68.1,
"NLD","VAGEXP","TOT","PC","A","2013",68.52,
"NLD","VAGEXP","TOT","PC","A","2014",67.55,
"NZL","VAGEXP","TOT","PC","A","1995",83.17,
"NZL","VAGEXP","TOT","PC","A","1996",83.19,
"NZL","VAGEXP","TOT","PC","A","1997",82.26,
"NZL","VAGEXP","TOT","PC","A","1998",82.52,
"NZL","VAGEXP","TOT","PC","A","1999",81.12,
"NZL","VAGEXP","TOT","PC","A","2000",77.78,
"NZL","VAGEXP","TOT","PC","A","2001",79.9,
"NZL","VAGEXP","TOT","PC","A","2002",79.93,
"NZL","VAGEXP","TOT","PC","A","2003",82.36,
"NZL","VAGEXP","TOT","PC","A","2004",81.79,
"NZL","VAGEXP","TOT","PC","A","2005",84.27,
"NZL","VAGEXP","TOT","PC","A","2006",83.33,
"NZL","VAGEXP","TOT","PC","A","2007",84.29,
"NZL","VAGEXP","TOT","PC","A","2008",81.26,
"NZL","VAGEXP","TOT","PC","A","2009",84.66,
"NZL","VAGEXP","TOT","PC","A","2010",83.75,
"NZL","VAGEXP","TOT","PC","A","2011",83.18,
"NZL","VAGEXP","TOT","PC","A","2012",83.54,
"NZL","VAGEXP","TOT","PC","A","2013",84.35,
"NZL","VAGEXP","TOT","PC","A","2014",84.15,
"NOR","VAGEXP","TOT","PC","A","1995",80.07,
"NOR","VAGEXP","TOT","PC","A","1996",81.05,
"NOR","VAGEXP","TOT","PC","A","1997",80.53,
"NOR","VAGEXP","TOT","PC","A","1998",78.27,
"NOR","VAGEXP","TOT","PC","A","1999",80.01,
"NOR","VAGEXP","TOT","PC","A","2000",83.84,
"NOR","VAGEXP","TOT","PC","A","2001",82.54,
"NOR","VAGEXP","TOT","PC","A","2002",83.02,
"NOR","VAGEXP","TOT","PC","A","2003",83.08,
"NOR","VAGEXP","TOT","PC","A","2004",83.25,
"NOR","VAGEXP","TOT","PC","A","2005",84.04,
"NOR","VAGEXP","TOT","PC","A","2006",84.13,
"NOR","VAGEXP","TOT","PC","A","2007",82.08,
"NOR","VAGEXP","TOT","PC","A","2008",83.69,
"NOR","VAGEXP","TOT","PC","A","2009",82.44,
"NOR","VAGEXP","TOT","PC","A","2010",82.27,
"NOR","VAGEXP","TOT","PC","A","2011",82.78,
"NOR","VAGEXP","TOT","PC","A","2012",83.12,
"NOR","VAGEXP","TOT","PC","A","2013",82.49,
"NOR","VAGEXP","TOT","PC","A","2014",81.25,
"POL","VAGEXP","TOT","PC","A","1995",83.94,
"POL","VAGEXP","TOT","PC","A","1996",82.74,
"POL","VAGEXP","TOT","PC","A","1997",81.22,
"POL","VAGEXP","TOT","PC","A","1998",79.09,
"POL","VAGEXP","TOT","PC","A","1999",78.22,
"POL","VAGEXP","TOT","PC","A","2000",76.18,
"POL","VAGEXP","TOT","PC","A","2001",76.77,
"POL","VAGEXP","TOT","PC","A","2002",75.91,
"POL","VAGEXP","TOT","PC","A","2003",73.27,
"POL","VAGEXP","TOT","PC","A","2004",71.58,
"POL","VAGEXP","TOT","PC","A","2005",71.78,
"POL","VAGEXP","TOT","PC","A","2006",69.1,
"POL","VAGEXP","TOT","PC","A","2007",68.81,
"POL","VAGEXP","TOT","PC","A","2008",69.02,
"POL","VAGEXP","TOT","PC","A","2009",72.99,
"POL","VAGEXP","TOT","PC","A","2010",68.8,
"POL","VAGEXP","TOT","PC","A","2011",67.71,
"POL","VAGEXP","TOT","PC","A","2012",67.01,
"POL","VAGEXP","TOT","PC","A","2013",67.44,
"POL","VAGEXP","TOT","PC","A","2014",67.02,
"PRT","VAGEXP","TOT","PC","A","1995",72.73,
"PRT","VAGEXP","TOT","PC","A","1996",72.86,
"PRT","VAGEXP","TOT","PC","A","1997",72.1,
"PRT","VAGEXP","TOT","PC","A","1998",71.94,
"PRT","VAGEXP","TOT","PC","A","1999",72.1,
"PRT","VAGEXP","TOT","PC","A","2000",70.01,
"PRT","VAGEXP","TOT","PC","A","2001",70.42,
"PRT","VAGEXP","TOT","PC","A","2002",70.77,
"PRT","VAGEXP","TOT","PC","A","2003",70.86,
"PRT","VAGEXP","TOT","PC","A","2004",69.64,
"PRT","VAGEXP","TOT","PC","A","2005",68.33,
"PRT","VAGEXP","TOT","PC","A","2006",66.27,
"PRT","VAGEXP","TOT","PC","A","2007",67.44,
"PRT","VAGEXP","TOT","PC","A","2008",66.53,
"PRT","VAGEXP","TOT","PC","A","2009",71.65,
"PRT","VAGEXP","TOT","PC","A","2010",68.63,
"PRT","VAGEXP","TOT","PC","A","2011",67.42,
"PRT","VAGEXP","TOT","PC","A","2012",67.31,
"PRT","VAGEXP","TOT","PC","A","2013",67.31,
"PRT","VAGEXP","TOT","PC","A","2014",67.6,
"SVK","VAGEXP","TOT","PC","A","1995",68.21,
"SVK","VAGEXP","TOT","PC","A","1996",63.29,
"SVK","VAGEXP","TOT","PC","A","1997",61.85,
"SVK","VAGEXP","TOT","PC","A","1998",59.73,
"SVK","VAGEXP","TOT","PC","A","1999",60.35,
"SVK","VAGEXP","TOT","PC","A","2000",55.9,
"SVK","VAGEXP","TOT","PC","A","2001",52.87,
"SVK","VAGEXP","TOT","PC","A","2002",54.06,
"SVK","VAGEXP","TOT","PC","A","2003",51.69,
"SVK","VAGEXP","TOT","PC","A","2004",53.13,
"SVK","VAGEXP","TOT","PC","A","2005",52.94,
"SVK","VAGEXP","TOT","PC","A","2006",50.6,
"SVK","VAGEXP","TOT","PC","A","2007",51.82,
"SVK","VAGEXP","TOT","PC","A","2008",53.82,
"SVK","VAGEXP","TOT","PC","A","2009",56.64,
"SVK","VAGEXP","TOT","PC","A","2010",54.27,
"SVK","VAGEXP","TOT","PC","A","2011",53.27,
"SVK","VAGEXP","TOT","PC","A","2012",51.83,
"SVK","VAGEXP","TOT","PC","A","2013",50.76,
"SVK","VAGEXP","TOT","PC","A","2014",51.8,
"ESP","VAGEXP","TOT","PC","A","1995",80.88,
"ESP","VAGEXP","TOT","PC","A","1996",80.48,
"ESP","VAGEXP","TOT","PC","A","1997",79.07,
"ESP","VAGEXP","TOT","PC","A","1998",78.35,
"ESP","VAGEXP","TOT","PC","A","1999",77.12,
"ESP","VAGEXP","TOT","PC","A","2000",74.26,
"ESP","VAGEXP","TOT","PC","A","2001",75.17,
"ESP","VAGEXP","TOT","PC","A","2002",75.98,
"ESP","VAGEXP","TOT","PC","A","2003",75.96,
"ESP","VAGEXP","TOT","PC","A","2004",74.65,
"ESP","VAGEXP","TOT","PC","A","2005",73.78,
"ESP","VAGEXP","TOT","PC","A","2006",71.7,
"ESP","VAGEXP","TOT","PC","A","2007",71.24,
"ESP","VAGEXP","TOT","PC","A","2008",72.56,
"ESP","VAGEXP","TOT","PC","A","2009",77.86,
"ESP","VAGEXP","TOT","PC","A","2010",75.25,
"ESP","VAGEXP","TOT","PC","A","2011",73.21,
"ESP","VAGEXP","TOT","PC","A","2012",73.2,
"ESP","VAGEXP","TOT","PC","A","2013",73.67,
"ESP","VAGEXP","TOT","PC","A","2014",73.02,
"SWE","VAGEXP","TOT","PC","A","1995",73.77,
"SWE","VAGEXP","TOT","PC","A","1996",74.47,
"SWE","VAGEXP","TOT","PC","A","1997",73.05,
"SWE","VAGEXP","TOT","PC","A","1998",72.57,
"SWE","VAGEXP","TOT","PC","A","1999",72.28,
"SWE","VAGEXP","TOT","PC","A","2000",70.93,
"SWE","VAGEXP","TOT","PC","A","2001",70.19,
"SWE","VAGEXP","TOT","PC","A","2002",71.59,
"SWE","VAGEXP","TOT","PC","A","2003",72.46,
"SWE","VAGEXP","TOT","PC","A","2004",72.09,
"SWE","VAGEXP","TOT","PC","A","2005",70.98,
"SWE","VAGEXP","TOT","PC","A","2006",69.65,
"SWE","VAGEXP","TOT","PC","A","2007",69.74,
"SWE","VAGEXP","TOT","PC","A","2008",68.09,
"SWE","VAGEXP","TOT","PC","A","2009",71.47,
"SWE","VAGEXP","TOT","PC","A","2010",71.22,
"SWE","VAGEXP","TOT","PC","A","2011",70.94,
"SWE","VAGEXP","TOT","PC","A","2012",69.4,
"SWE","VAGEXP","TOT","PC","A","2013",71.27,
"SWE","VAGEXP","TOT","PC","A","2014",69.85,
"CHE","VAGEXP","TOT","PC","A","1995",82.46,
"CHE","VAGEXP","TOT","PC","A","1996",82.36,
"CHE","VAGEXP","TOT","PC","A","1997",80.77,
"CHE","VAGEXP","TOT","PC","A","1998",80.36,
"CHE","VAGEXP","TOT","PC","A","1999",80.48,
"CHE","VAGEXP","TOT","PC","A","2000",78.83,
"CHE","VAGEXP","TOT","PC","A","2001",78.73,
"CHE","VAGEXP","TOT","PC","A","2002",79.74,
"CHE","VAGEXP","TOT","PC","A","2003",75.87,
"CHE","VAGEXP","TOT","PC","A","2004",75.2,
"CHE","VAGEXP","TOT","PC","A","2005",74.26,
"CHE","VAGEXP","TOT","PC","A","2006",73.51,
"CHE","VAGEXP","TOT","PC","A","2007",76.43,
"CHE","VAGEXP","TOT","PC","A","2008",77.27,
"CHE","VAGEXP","TOT","PC","A","2009",78.74,
"CHE","VAGEXP","TOT","PC","A","2010",78.07,
"CHE","VAGEXP","TOT","PC","A","2011",78.3,
"CHE","VAGEXP","TOT","PC","A","2012",77.6,
"CHE","VAGEXP","TOT","PC","A","2013",76.8,
"CHE","VAGEXP","TOT","PC","A","2014",78.71,
"TUR","VAGEXP","TOT","PC","A","1995",91.1,
"TUR","VAGEXP","TOT","PC","A","1996",90.84,
"TUR","VAGEXP","TOT","PC","A","1997",90.52,
"TUR","VAGEXP","TOT","PC","A","1998",90.43,
"TUR","VAGEXP","TOT","PC","A","1999",89.61,
"TUR","VAGEXP","TOT","PC","A","2000",87.05,
"TUR","VAGEXP","TOT","PC","A","2001",84.89,
"TUR","VAGEXP","TOT","PC","A","2002",81.67,
"TUR","VAGEXP","TOT","PC","A","2003",80.41,
"TUR","VAGEXP","TOT","PC","A","2004",78.87,
"TUR","VAGEXP","TOT","PC","A","2005",79.12,
"TUR","VAGEXP","TOT","PC","A","2006",76.74,
"TUR","VAGEXP","TOT","PC","A","2007",75.87,
"TUR","VAGEXP","TOT","PC","A","2008",75.1,
"TUR","VAGEXP","TOT","PC","A","2009",78.46,
"TUR","VAGEXP","TOT","PC","A","2010",77.4,
"TUR","VAGEXP","TOT","PC","A","2011",74.32,
"TUR","VAGEXP","TOT","PC","A","2012",75.94,
"TUR","VAGEXP","TOT","PC","A","2013",77.75,
"TUR","VAGEXP","TOT","PC","A","2014",78.2,
"GBR","VAGEXP","TOT","PC","A","1995",81.81,
"GBR","VAGEXP","TOT","PC","A","1996",81.54,
"GBR","VAGEXP","TOT","PC","A","1997",82.3,
"GBR","VAGEXP","TOT","PC","A","1998",83.51,
"GBR","VAGEXP","TOT","PC","A","1999",83.35,
"GBR","VAGEXP","TOT","PC","A","2000",82.04,
"GBR","VAGEXP","TOT","PC","A","2001",82.39,
"GBR","VAGEXP","TOT","PC","A","2002",83.14,
"GBR","VAGEXP","TOT","PC","A","2003",83.4,
"GBR","VAGEXP","TOT","PC","A","2004",83.09,
"GBR","VAGEXP","TOT","PC","A","2005",82.98,
"GBR","VAGEXP","TOT","PC","A","2006",82.46,
"GBR","VAGEXP","TOT","PC","A","2007",82.04,
"GBR","VAGEXP","TOT","PC","A","2008",80.66,
"GBR","VAGEXP","TOT","PC","A","2009",81.25,
"GBR","VAGEXP","TOT","PC","A","2010",79,
"GBR","VAGEXP","TOT","PC","A","2011",77.07,
"GBR","VAGEXP","TOT","PC","A","2012",76.05,
"GBR","VAGEXP","TOT","PC","A","2013",76.79,
"GBR","VAGEXP","TOT","PC","A","2014",78.13,
"USA","VAGEXP","TOT","PC","A","1995",88.57,
"USA","VAGEXP","TOT","PC","A","1996",88.7,
"USA","VAGEXP","TOT","PC","A","1997",88.68,
"USA","VAGEXP","TOT","PC","A","1998",89.01,
"USA","VAGEXP","TOT","PC","A","1999",88.51,
"USA","VAGEXP","TOT","PC","A","2000",87.48,
"USA","VAGEXP","TOT","PC","A","2001",88.64,
"USA","VAGEXP","TOT","PC","A","2002",88.92,
"USA","VAGEXP","TOT","PC","A","2003",88.43,
"USA","VAGEXP","TOT","PC","A","2004",87.66,
"USA","VAGEXP","TOT","PC","A","2005",86.99,
"USA","VAGEXP","TOT","PC","A","2006",86.24,
"USA","VAGEXP","TOT","PC","A","2007",85.98,
"USA","VAGEXP","TOT","PC","A","2008",84.46,
"USA","VAGEXP","TOT","PC","A","2009",88.46,
"USA","VAGEXP","TOT","PC","A","2010",86.62,
"USA","VAGEXP","TOT","PC","A","2011",85.03,
"USA","VAGEXP","TOT","PC","A","2012",84.48,
"USA","VAGEXP","TOT","PC","A","2013",84.73,
"USA","VAGEXP","TOT","PC","A","2014",84.72,
"ARG","VAGEXP","TOT","PC","A","1995",94.27,
"ARG","VAGEXP","TOT","PC","A","1996",93.99,
"ARG","VAGEXP","TOT","PC","A","1997",92.83,
"ARG","VAGEXP","TOT","PC","A","1998",92.65,
"ARG","VAGEXP","TOT","PC","A","1999",93.46,
"ARG","VAGEXP","TOT","PC","A","2000",93.72,
"ARG","VAGEXP","TOT","PC","A","2001",91.59,
"ARG","VAGEXP","TOT","PC","A","2002",91.75,
"ARG","VAGEXP","TOT","PC","A","2003",90.5,
"ARG","VAGEXP","TOT","PC","A","2004",87.68,
"ARG","VAGEXP","TOT","PC","A","2005",86.73,
"ARG","VAGEXP","TOT","PC","A","2006",86.41,
"ARG","VAGEXP","TOT","PC","A","2007",86.24,
"ARG","VAGEXP","TOT","PC","A","2008",85.16,
"ARG","VAGEXP","TOT","PC","A","2009",88.05,
"ARG","VAGEXP","TOT","PC","A","2010",87,
"ARG","VAGEXP","TOT","PC","A","2011",85.93,
"ARG","VAGEXP","TOT","PC","A","2012",86.85,
"ARG","VAGEXP","TOT","PC","A","2013",86.92,
"ARG","VAGEXP","TOT","PC","A","2014",87.54,
"BRA","VAGEXP","TOT","PC","A","1995",92.19,
"BRA","VAGEXP","TOT","PC","A","1996",92.2,
"BRA","VAGEXP","TOT","PC","A","1997",91.04,
"BRA","VAGEXP","TOT","PC","A","1998",91.05,
"BRA","VAGEXP","TOT","PC","A","1999",88.71,
"BRA","VAGEXP","TOT","PC","A","2000",88.62,
"BRA","VAGEXP","TOT","PC","A","2001",86.45,
"BRA","VAGEXP","TOT","PC","A","2002",87.06,
"BRA","VAGEXP","TOT","PC","A","2003",87.43,
"BRA","VAGEXP","TOT","PC","A","2004",87.29,
"BRA","VAGEXP","TOT","PC","A","2005",88.3,
"BRA","VAGEXP","TOT","PC","A","2006",88.37,
"BRA","VAGEXP","TOT","PC","A","2007",88.25,
"BRA","VAGEXP","TOT","PC","A","2008",87.5,
"BRA","VAGEXP","TOT","PC","A","2009",89.86,
"BRA","VAGEXP","TOT","PC","A","2010",89.47,
"BRA","VAGEXP","TOT","PC","A","2011",89.28,
"BRA","VAGEXP","TOT","PC","A","2012",88.27,
"BRA","VAGEXP","TOT","PC","A","2013",87.58,
"BRA","VAGEXP","TOT","PC","A","2014",87.58,
"BRN","VAGEXP","TOT","PC","A","1995",92.72,
"BRN","VAGEXP","TOT","PC","A","1996",92.89,
"BRN","VAGEXP","TOT","PC","A","1997",92.43,
"BRN","VAGEXP","TOT","PC","A","1998",92.85,
"BRN","VAGEXP","TOT","PC","A","1999",94.39,
"BRN","VAGEXP","TOT","PC","A","2000",94.63,
"BRN","VAGEXP","TOT","PC","A","2001",94.05,
"BRN","VAGEXP","TOT","PC","A","2002",94.08,
"BRN","VAGEXP","TOT","PC","A","2003",95.63,
"BRN","VAGEXP","TOT","PC","A","2004",96.7,
"BRN","VAGEXP","TOT","PC","A","2005",95.35,
"BRN","VAGEXP","TOT","PC","A","2006",96.49,
"BRN","VAGEXP","TOT","PC","A","2007",97.69,
"BRN","VAGEXP","TOT","PC","A","2008",96.23,
"BRN","VAGEXP","TOT","PC","A","2009",94.74,
"BRN","VAGEXP","TOT","PC","A","2010",95.48,
"BRN","VAGEXP","TOT","PC","A","2011",95.73,
"BGR","VAGEXP","TOT","PC","A","1995",70.01,
"BGR","VAGEXP","TOT","PC","A","1996",63.32,
"BGR","VAGEXP","TOT","PC","A","1997",62.04,
"BGR","VAGEXP","TOT","PC","A","1998",63.52,
"BGR","VAGEXP","TOT","PC","A","1999",66.25,
"BGR","VAGEXP","TOT","PC","A","2000",65.98,
"BGR","VAGEXP","TOT","PC","A","2001",64.38,
"BGR","VAGEXP","TOT","PC","A","2002",68.04,
"BGR","VAGEXP","TOT","PC","A","2003",65.04,
"BGR","VAGEXP","TOT","PC","A","2004",62.16,
"BGR","VAGEXP","TOT","PC","A","2005",68.02,
"BGR","VAGEXP","TOT","PC","A","2006",55.76,
"BGR","VAGEXP","TOT","PC","A","2007",54.34,
"BGR","VAGEXP","TOT","PC","A","2008",52.86,
"BGR","VAGEXP","TOT","PC","A","2009",63.44,
"BGR","VAGEXP","TOT","PC","A","2010",64.04,
"BGR","VAGEXP","TOT","PC","A","2011",60.18,
"BGR","VAGEXP","TOT","PC","A","2012",58.83,
"BGR","VAGEXP","TOT","PC","A","2013",58.35,
"BGR","VAGEXP","TOT","PC","A","2014",58.3,
"KHM","VAGEXP","TOT","PC","A","1995",87.27,
"KHM","VAGEXP","TOT","PC","A","1996",83.73,
"KHM","VAGEXP","TOT","PC","A","1997",77.6,
"KHM","VAGEXP","TOT","PC","A","1998",71.3,
"KHM","VAGEXP","TOT","PC","A","1999",65.67,
"KHM","VAGEXP","TOT","PC","A","2000",63.01,
"KHM","VAGEXP","TOT","PC","A","2001",62.04,
"KHM","VAGEXP","TOT","PC","A","2002",61,
"KHM","VAGEXP","TOT","PC","A","2003",58.59,
"KHM","VAGEXP","TOT","PC","A","2004",58.64,
"KHM","VAGEXP","TOT","PC","A","2005",57.79,
"KHM","VAGEXP","TOT","PC","A","2006",57.08,
"KHM","VAGEXP","TOT","PC","A","2007",58.91,
"KHM","VAGEXP","TOT","PC","A","2008",58.02,
"KHM","VAGEXP","TOT","PC","A","2009",64.98,
"KHM","VAGEXP","TOT","PC","A","2010",62.64,
"KHM","VAGEXP","TOT","PC","A","2011",63.19,
"KHM","VAGEXP","TOT","PC","A","2012",62.91,
"KHM","VAGEXP","TOT","PC","A","2013",62.54,
"KHM","VAGEXP","TOT","PC","A","2014",61.65,
"CHL","VAGEXP","TOT","PC","A","1995",85.89,
"CHL","VAGEXP","TOT","PC","A","1996",84.42,
"CHL","VAGEXP","TOT","PC","A","1997",84.87,
"CHL","VAGEXP","TOT","PC","A","1998",83.98,
"CHL","VAGEXP","TOT","PC","A","1999",81.93,
"CHL","VAGEXP","TOT","PC","A","2000",78.34,
"CHL","VAGEXP","TOT","PC","A","2001",79.29,
"CHL","VAGEXP","TOT","PC","A","2002",77.52,
"CHL","VAGEXP","TOT","PC","A","2003",79.46,
"CHL","VAGEXP","TOT","PC","A","2004",80.9,
"CHL","VAGEXP","TOT","PC","A","2005",81.14,
"CHL","VAGEXP","TOT","PC","A","2006",82.44,
"CHL","VAGEXP","TOT","PC","A","2007",83.3,
"CHL","VAGEXP","TOT","PC","A","2008",75.27,
"CHL","VAGEXP","TOT","PC","A","2009",81.15,
"CHL","VAGEXP","TOT","PC","A","2010",82.2,
"CHL","VAGEXP","TOT","PC","A","2011",79.79,
"CHL","VAGEXP","TOT","PC","A","2012",79.84,
"CHL","VAGEXP","TOT","PC","A","2013",80.38,
"CHL","VAGEXP","TOT","PC","A","2014",81.05,
"CHN","VAGEXP","TOT","PC","A","1995",69.02,
"CHN","VAGEXP","TOT","PC","A","1996",68.91,
"CHN","VAGEXP","TOT","PC","A","1997",68.62,
"CHN","VAGEXP","TOT","PC","A","1998",67.61,
"CHN","VAGEXP","TOT","PC","A","1999",65.49,
"CHN","VAGEXP","TOT","PC","A","2000",64.07,
"CHN","VAGEXP","TOT","PC","A","2001",64.13,
"CHN","VAGEXP","TOT","PC","A","2002",63.29,
"CHN","VAGEXP","TOT","PC","A","2003",61.3,
"CHN","VAGEXP","TOT","PC","A","2004",61.84,
"CHN","VAGEXP","TOT","PC","A","2005",62.63,
"CHN","VAGEXP","TOT","PC","A","2006",63.82,
"CHN","VAGEXP","TOT","PC","A","2007",65.83,
"CHN","VAGEXP","TOT","PC","A","2008",68.33,
"CHN","VAGEXP","TOT","PC","A","2009",69.25,
"CHN","VAGEXP","TOT","PC","A","2010",68.06,
"CHN","VAGEXP","TOT","PC","A","2011",67.89,
"CHN","VAGEXP","TOT","PC","A","2012",68.85,
"CHN","VAGEXP","TOT","PC","A","2013",69.15,
"CHN","VAGEXP","TOT","PC","A","2014",70.65,
"EST","VAGEXP","TOT","PC","A","1995",63.3,
"EST","VAGEXP","TOT","PC","A","1996",65.47,
"EST","VAGEXP","TOT","PC","A","1997",60,
"EST","VAGEXP","TOT","PC","A","1998",58.11,
"EST","VAGEXP","TOT","PC","A","1999",60.35,
"EST","VAGEXP","TOT","PC","A","2000",55.46,
"EST","VAGEXP","TOT","PC","A","2001",56.05,
"EST","VAGEXP","TOT","PC","A","2002",58.3,
"EST","VAGEXP","TOT","PC","A","2003",60.37,
"EST","VAGEXP","TOT","PC","A","2004",58.86,
"EST","VAGEXP","TOT","PC","A","2005",57.33,
"EST","VAGEXP","TOT","PC","A","2006",59.49,
"EST","VAGEXP","TOT","PC","A","2007",66.52,
"EST","VAGEXP","TOT","PC","A","2008",67.11,
"EST","VAGEXP","TOT","PC","A","2009",71.7,
"EST","VAGEXP","TOT","PC","A","2010",67.12,
"EST","VAGEXP","TOT","PC","A","2011",64.88,
"EST","VAGEXP","TOT","PC","A","2012",66.47,
"EST","VAGEXP","TOT","PC","A","2013",67.25,
"EST","VAGEXP","TOT","PC","A","2014",67.97,
"HKG","VAGEXP","TOT","PC","A","1995",78.44,
"HKG","VAGEXP","TOT","PC","A","1996",80.57,
"HKG","VAGEXP","TOT","PC","A","1997",81.17,
"HKG","VAGEXP","TOT","PC","A","1998",83.87,
"HKG","VAGEXP","TOT","PC","A","1999",85.77,
"HKG","VAGEXP","TOT","PC","A","2000",84.45,
"HKG","VAGEXP","TOT","PC","A","2001",84.64,
"HKG","VAGEXP","TOT","PC","A","2002",85.43,
"HKG","VAGEXP","TOT","PC","A","2003",84.98,
"HKG","VAGEXP","TOT","PC","A","2004",83.26,
"HKG","VAGEXP","TOT","PC","A","2005",82.47,
"HKG","VAGEXP","TOT","PC","A","2006",82.32,
"HKG","VAGEXP","TOT","PC","A","2007",81.09,
"HKG","VAGEXP","TOT","PC","A","2008",78.06,
"HKG","VAGEXP","TOT","PC","A","2009",80.85,
"HKG","VAGEXP","TOT","PC","A","2010",79.94,
"HKG","VAGEXP","TOT","PC","A","2011",79.59,
"HKG","VAGEXP","TOT","PC","A","2012",78.77,
"HKG","VAGEXP","TOT","PC","A","2013",78.78,
"HKG","VAGEXP","TOT","PC","A","2014",79.57,
"IND","VAGEXP","TOT","PC","A","1995",90.67,
"IND","VAGEXP","TOT","PC","A","1996",90.39,
"IND","VAGEXP","TOT","PC","A","1997",90.29,
"IND","VAGEXP","TOT","PC","A","1998",90.32,
"IND","VAGEXP","TOT","PC","A","1999",89.53,
"IND","VAGEXP","TOT","PC","A","2000",88.73,
"IND","VAGEXP","TOT","PC","A","2001",87.51,
"IND","VAGEXP","TOT","PC","A","2002",87.32,
"IND","VAGEXP","TOT","PC","A","2003",86.67,
"IND","VAGEXP","TOT","PC","A","2004",84.25,
"IND","VAGEXP","TOT","PC","A","2005",82.55,
"IND","VAGEXP","TOT","PC","A","2006",80.5,
"IND","VAGEXP","TOT","PC","A","2007",80.92,
"IND","VAGEXP","TOT","PC","A","2008",77.47,
"IND","VAGEXP","TOT","PC","A","2009",79.09,
"IND","VAGEXP","TOT","PC","A","2010",77.75,
"IND","VAGEXP","TOT","PC","A","2011",75.97,
"IND","VAGEXP","TOT","PC","A","2012",76.61,
"IND","VAGEXP","TOT","PC","A","2013",77.7,
"IND","VAGEXP","TOT","PC","A","2014",79.02,
"IDN","VAGEXP","TOT","PC","A","1995",88.03,
"IDN","VAGEXP","TOT","PC","A","1996",88.56,
"IDN","VAGEXP","TOT","PC","A","1997",87.56,
"IDN","VAGEXP","TOT","PC","A","1998",82.38,
"IDN","VAGEXP","TOT","PC","A","1999",85.68,
"IDN","VAGEXP","TOT","PC","A","2000",83.02,
"IDN","VAGEXP","TOT","PC","A","2001",82.75,
"IDN","VAGEXP","TOT","PC","A","2002",85.37,
"IDN","VAGEXP","TOT","PC","A","2003",85.78,
"IDN","VAGEXP","TOT","PC","A","2004",83.86,
"IDN","VAGEXP","TOT","PC","A","2005",83.85,
"IDN","VAGEXP","TOT","PC","A","2006",85.35,
"IDN","VAGEXP","TOT","PC","A","2007",85.9,
"IDN","VAGEXP","TOT","PC","A","2008",85.39,
"IDN","VAGEXP","TOT","PC","A","2009",88.92,
"IDN","VAGEXP","TOT","PC","A","2010",88.92,
"IDN","VAGEXP","TOT","PC","A","2011",88.02,
"IDN","VAGEXP","TOT","PC","A","2012",88.44,
"IDN","VAGEXP","TOT","PC","A","2013",88.42,
"IDN","VAGEXP","TOT","PC","A","2014",88,
"ISR","VAGEXP","TOT","PC","A","1995",77.7,
"ISR","VAGEXP","TOT","PC","A","1996",78.23,
"ISR","VAGEXP","TOT","PC","A","1997",78.34,
"ISR","VAGEXP","TOT","PC","A","1998",79.9,
"ISR","VAGEXP","TOT","PC","A","1999",79.1,
"ISR","VAGEXP","TOT","PC","A","2000",79.29,
"ISR","VAGEXP","TOT","PC","A","2001",78.33,
"ISR","VAGEXP","TOT","PC","A","2002",77.24,
"ISR","VAGEXP","TOT","PC","A","2003",75.4,
"ISR","VAGEXP","TOT","PC","A","2004",74.64,
"ISR","VAGEXP","TOT","PC","A","2005",74.19,
"ISR","VAGEXP","TOT","PC","A","2006",73.2,
"ISR","VAGEXP","TOT","PC","A","2007",72.57,
"ISR","VAGEXP","TOT","PC","A","2008",73.26,
"ISR","VAGEXP","TOT","PC","A","2009",78.26,
"ISR","VAGEXP","TOT","PC","A","2010",76.61,
"ISR","VAGEXP","TOT","PC","A","2011",74.97,
"ISR","VAGEXP","TOT","PC","A","2012",75.11,
"ISR","VAGEXP","TOT","PC","A","2013",76.82,
"ISR","VAGEXP","TOT","PC","A","2014",77.64,
"LVA","VAGEXP","TOT","PC","A","1995",77.32,
"LVA","VAGEXP","TOT","PC","A","1996",72.92,
"LVA","VAGEXP","TOT","PC","A","1997",74.33,
"LVA","VAGEXP","TOT","PC","A","1998",72.99,
"LVA","VAGEXP","TOT","PC","A","1999",74.08,
"LVA","VAGEXP","TOT","PC","A","2000",73.17,
"LVA","VAGEXP","TOT","PC","A","2001",75.28,
"LVA","VAGEXP","TOT","PC","A","2002",76.36,
"LVA","VAGEXP","TOT","PC","A","2003",75.58,
"LVA","VAGEXP","TOT","PC","A","2004",75.58,
"LVA","VAGEXP","TOT","PC","A","2005",73.4,
"LVA","VAGEXP","TOT","PC","A","2006",71.12,
"LVA","VAGEXP","TOT","PC","A","2007",71.95,
"LVA","VAGEXP","TOT","PC","A","2008",72.71,
"LVA","VAGEXP","TOT","PC","A","2009",77.69,
"LVA","VAGEXP","TOT","PC","A","2010",73.71,
"LVA","VAGEXP","TOT","PC","A","2011",71.39,
"LTU","VAGEXP","TOT","PC","A","1995",75.43,
"LTU","VAGEXP","TOT","PC","A","1996",75.52,
"LTU","VAGEXP","TOT","PC","A","1997",75.16,
"LTU","VAGEXP","TOT","PC","A","1998",77.1,
"LTU","VAGEXP","TOT","PC","A","1999",77.64,
"LTU","VAGEXP","TOT","PC","A","2000",77.92,
"LTU","VAGEXP","TOT","PC","A","2001",79,
"LTU","VAGEXP","TOT","PC","A","2002",80.78,
"LTU","VAGEXP","TOT","PC","A","2003",82.1,
"LTU","VAGEXP","TOT","PC","A","2004",81.46,
"LTU","VAGEXP","TOT","PC","A","2005",81.83,
"LTU","VAGEXP","TOT","PC","A","2006",79.75,
"LTU","VAGEXP","TOT","PC","A","2007",80.76,
"LTU","VAGEXP","TOT","PC","A","2008",75.56,
"LTU","VAGEXP","TOT","PC","A","2009",78.67,
"LTU","VAGEXP","TOT","PC","A","2010",76.77,
"LTU","VAGEXP","TOT","PC","A","2011",76.29,
"LTU","VAGEXP","TOT","PC","A","2012",75.6,
"LTU","VAGEXP","TOT","PC","A","2013",74.18,
"LTU","VAGEXP","TOT","PC","A","2014",74.33,
"MYS","VAGEXP","TOT","PC","A","1995",69.58,
"MYS","VAGEXP","TOT","PC","A","1996",67.99,
"MYS","VAGEXP","TOT","PC","A","1997",66.62,
"MYS","VAGEXP","TOT","PC","A","1998",62.25,
"MYS","VAGEXP","TOT","PC","A","1999",58.23,
"MYS","VAGEXP","TOT","PC","A","2000",52.33,
"MYS","VAGEXP","TOT","PC","A","2001",52.98,
"MYS","VAGEXP","TOT","PC","A","2002",55.15,
"MYS","VAGEXP","TOT","PC","A","2003",54.36,
"MYS","VAGEXP","TOT","PC","A","2004",53.81,
"MYS","VAGEXP","TOT","PC","A","2005",54.11,
"MYS","VAGEXP","TOT","PC","A","2006",53.79,
"MYS","VAGEXP","TOT","PC","A","2007",55.85,
"MYS","VAGEXP","TOT","PC","A","2008",58.85,
"MYS","VAGEXP","TOT","PC","A","2009",60.04,
"MYS","VAGEXP","TOT","PC","A","2010",58.33,
"MYS","VAGEXP","TOT","PC","A","2011",59.42,
"MYS","VAGEXP","TOT","PC","A","2012",59.77,
"MYS","VAGEXP","TOT","PC","A","2013",60.09,
"MYS","VAGEXP","TOT","PC","A","2014",60.91,
"MLT","VAGEXP","TOT","PC","A","1995",50.01,
"MLT","VAGEXP","TOT","PC","A","1996",51.87,
"MLT","VAGEXP","TOT","PC","A","1997",54.27,
"MLT","VAGEXP","TOT","PC","A","1998",52.54,
"MLT","VAGEXP","TOT","PC","A","1999",51.45,
"MLT","VAGEXP","TOT","PC","A","2000",46.59,
"MLT","VAGEXP","TOT","PC","A","2001",54.22,
"MLT","VAGEXP","TOT","PC","A","2002",56.87,
"MLT","VAGEXP","TOT","PC","A","2003",54.85,
"MLT","VAGEXP","TOT","PC","A","2004",54.53,
"MLT","VAGEXP","TOT","PC","A","2005",54.69,
"MLT","VAGEXP","TOT","PC","A","2006",53.8,
"MLT","VAGEXP","TOT","PC","A","2007",54.58,
"MLT","VAGEXP","TOT","PC","A","2008",54.15,
"MLT","VAGEXP","TOT","PC","A","2009",58.04,
"MLT","VAGEXP","TOT","PC","A","2010",60.66,
"MLT","VAGEXP","TOT","PC","A","2011",63.03,
"PHL","VAGEXP","TOT","PC","A","1995",70.19,
"PHL","VAGEXP","TOT","PC","A","1996",68.2,
"PHL","VAGEXP","TOT","PC","A","1997",63.82,
"PHL","VAGEXP","TOT","PC","A","1998",65.47,
"PHL","VAGEXP","TOT","PC","A","1999",69.6,
"PHL","VAGEXP","TOT","PC","A","2000",66.99,
"PHL","VAGEXP","TOT","PC","A","2001",61.93,
"PHL","VAGEXP","TOT","PC","A","2002",61.78,
"PHL","VAGEXP","TOT","PC","A","2003",60.07,
"PHL","VAGEXP","TOT","PC","A","2004",59.53,
"PHL","VAGEXP","TOT","PC","A","2005",62.09,
"PHL","VAGEXP","TOT","PC","A","2006",60.34,
"PHL","VAGEXP","TOT","PC","A","2007",64.02,
"PHL","VAGEXP","TOT","PC","A","2008",68.31,
"PHL","VAGEXP","TOT","PC","A","2009",73.12,
"PHL","VAGEXP","TOT","PC","A","2010",72.41,
"PHL","VAGEXP","TOT","PC","A","2011",76.47,
"PHL","VAGEXP","TOT","PC","A","2012",75.84,
"PHL","VAGEXP","TOT","PC","A","2013",77.04,
"PHL","VAGEXP","TOT","PC","A","2014",76.34,
"ROU","VAGEXP","TOT","PC","A","1995",78.83,
"ROU","VAGEXP","TOT","PC","A","1996",76.74,
"ROU","VAGEXP","TOT","PC","A","1997",76.09,
"ROU","VAGEXP","TOT","PC","A","1998",78.97,
"ROU","VAGEXP","TOT","PC","A","1999",79.47,
"ROU","VAGEXP","TOT","PC","A","2000",77.06,
"ROU","VAGEXP","TOT","PC","A","2001",75.99,
"ROU","VAGEXP","TOT","PC","A","2002",77.88,
"ROU","VAGEXP","TOT","PC","A","2003",76.82,
"ROU","VAGEXP","TOT","PC","A","2004",73.61,
"ROU","VAGEXP","TOT","PC","A","2005",72.09,
"ROU","VAGEXP","TOT","PC","A","2006",71.8,
"ROU","VAGEXP","TOT","PC","A","2007",74.15,
"ROU","VAGEXP","TOT","PC","A","2008",73.08,
"ROU","VAGEXP","TOT","PC","A","2009",77.19,
"ROU","VAGEXP","TOT","PC","A","2010",78.06,
"ROU","VAGEXP","TOT","PC","A","2011",75.6,
"ROU","VAGEXP","TOT","PC","A","2012",73.97,
"ROU","VAGEXP","TOT","PC","A","2013",75.19,
"ROU","VAGEXP","TOT","PC","A","2014",74.94,
"RUS","VAGEXP","TOT","PC","A","1995",87.13,
"RUS","VAGEXP","TOT","PC","A","1996",87.41,
"RUS","VAGEXP","TOT","PC","A","1997",87.08,
"RUS","VAGEXP","TOT","PC","A","1998",84.13,
"RUS","VAGEXP","TOT","PC","A","1999",83.42,
"RUS","VAGEXP","TOT","PC","A","2000",81.85,
"RUS","VAGEXP","TOT","PC","A","2001",82.88,
"RUS","VAGEXP","TOT","PC","A","2002",83.76,
"RUS","VAGEXP","TOT","PC","A","2003",83.43,
"RUS","VAGEXP","TOT","PC","A","2004",85.99,
"RUS","VAGEXP","TOT","PC","A","2005",86.97,
"RUS","VAGEXP","TOT","PC","A","2006",86.69,
"RUS","VAGEXP","TOT","PC","A","2007",86.99,
"RUS","VAGEXP","TOT","PC","A","2008",86.17,
"RUS","VAGEXP","TOT","PC","A","2009",87.36,
"RUS","VAGEXP","TOT","PC","A","2010",86.97,
"RUS","VAGEXP","TOT","PC","A","2011",86.35,
"RUS","VAGEXP","TOT","PC","A","2012",86.46,
"RUS","VAGEXP","TOT","PC","A","2013",86,
"RUS","VAGEXP","TOT","PC","A","2014",86.34,
"SAU","VAGEXP","TOT","PC","A","1995",95.8,
"SAU","VAGEXP","TOT","PC","A","1996",96.28,
"SAU","VAGEXP","TOT","PC","A","1997",95.66,
"SAU","VAGEXP","TOT","PC","A","1998",95.55,
"SAU","VAGEXP","TOT","PC","A","1999",96.4,
"SAU","VAGEXP","TOT","PC","A","2000",96.41,
"SAU","VAGEXP","TOT","PC","A","2001",96.34,
"SAU","VAGEXP","TOT","PC","A","2002",96.18,
"SAU","VAGEXP","TOT","PC","A","2003",96.33,
"SAU","VAGEXP","TOT","PC","A","2004",96.4,
"SAU","VAGEXP","TOT","PC","A","2005",96.26,
"SAU","VAGEXP","TOT","PC","A","2006",95.3,
"SAU","VAGEXP","TOT","PC","A","2007",95.49,
"SAU","VAGEXP","TOT","PC","A","2008",95.48,
"SAU","VAGEXP","TOT","PC","A","2009",95.39,
"SAU","VAGEXP","TOT","PC","A","2010",96.1,
"SAU","VAGEXP","TOT","PC","A","2011",96.69,
"SAU","VAGEXP","TOT","PC","A","2012",97.22,
"SAU","VAGEXP","TOT","PC","A","2013",96.81,
"SAU","VAGEXP","TOT","PC","A","2014",96.44,
"SGP","VAGEXP","TOT","PC","A","1995",57.94,
"SGP","VAGEXP","TOT","PC","A","1996",58.3,
"SGP","VAGEXP","TOT","PC","A","1997",59.76,
"SGP","VAGEXP","TOT","PC","A","1998",60.32,
"SGP","VAGEXP","TOT","PC","A","1999",58.14,
"SGP","VAGEXP","TOT","PC","A","2000",54.71,
"SGP","VAGEXP","TOT","PC","A","2001",61.14,
"SGP","VAGEXP","TOT","PC","A","2002",63.17,
"SGP","VAGEXP","TOT","PC","A","2003",64.56,
"SGP","VAGEXP","TOT","PC","A","2004",61.86,
"SGP","VAGEXP","TOT","PC","A","2005",60.24,
"SGP","VAGEXP","TOT","PC","A","2006",60.33,
"SGP","VAGEXP","TOT","PC","A","2007",60.26,
"SGP","VAGEXP","TOT","PC","A","2008",62.61,
"SGP","VAGEXP","TOT","PC","A","2009",58.24,
"SGP","VAGEXP","TOT","PC","A","2010",58.76,
"SGP","VAGEXP","TOT","PC","A","2011",58.27,
"SGP","VAGEXP","TOT","PC","A","2012",58.3,
"SGP","VAGEXP","TOT","PC","A","2013",58.72,
"SGP","VAGEXP","TOT","PC","A","2014",59.48,
"SVN","VAGEXP","TOT","PC","A","1995",67.71,
"SVN","VAGEXP","TOT","PC","A","1996",68.33,
"SVN","VAGEXP","TOT","PC","A","1997",67.14,
"SVN","VAGEXP","TOT","PC","A","1998",66,
"SVN","VAGEXP","TOT","PC","A","1999",66.74,
"SVN","VAGEXP","TOT","PC","A","2000",63.51,
"SVN","VAGEXP","TOT","PC","A","2001",63.06,
"SVN","VAGEXP","TOT","PC","A","2002",63.8,
"SVN","VAGEXP","TOT","PC","A","2003",64.65,
"SVN","VAGEXP","TOT","PC","A","2004",61.86,
"SVN","VAGEXP","TOT","PC","A","2005",62.18,
"SVN","VAGEXP","TOT","PC","A","2006",60.05,
"SVN","VAGEXP","TOT","PC","A","2007",60.43,
"SVN","VAGEXP","TOT","PC","A","2008",63.91,
"SVN","VAGEXP","TOT","PC","A","2009",69,
"SVN","VAGEXP","TOT","PC","A","2010",65.21,
"SVN","VAGEXP","TOT","PC","A","2011",63.89,
"SVN","VAGEXP","TOT","PC","A","2012",64.6,
"SVN","VAGEXP","TOT","PC","A","2013",65.39,
"SVN","VAGEXP","TOT","PC","A","2014",66.02,
"ZAF","VAGEXP","TOT","PC","A","1995",86.88,
"ZAF","VAGEXP","TOT","PC","A","1996",85.92,
"ZAF","VAGEXP","TOT","PC","A","1997",85.83,
"ZAF","VAGEXP","TOT","PC","A","1998",85.57,
"ZAF","VAGEXP","TOT","PC","A","1999",84.35,
"ZAF","VAGEXP","TOT","PC","A","2000",82.27,
"ZAF","VAGEXP","TOT","PC","A","2001",81.43,
"ZAF","VAGEXP","TOT","PC","A","2002",79.7,
"ZAF","VAGEXP","TOT","PC","A","2003",82.16,
"ZAF","VAGEXP","TOT","PC","A","2004",81.1,
"ZAF","VAGEXP","TOT","PC","A","2005",80.56,
"ZAF","VAGEXP","TOT","PC","A","2006",78.44,
"ZAF","VAGEXP","TOT","PC","A","2007",78.35,
"ZAF","VAGEXP","TOT","PC","A","2008",76.26,
"ZAF","VAGEXP","TOT","PC","A","2009",81.22,
"ZAF","VAGEXP","TOT","PC","A","2010",82.06,
"ZAF","VAGEXP","TOT","PC","A","2011",80.49,
"ZAF","VAGEXP","TOT","PC","A","2012",80.16,
"ZAF","VAGEXP","TOT","PC","A","2013",79.08,
"ZAF","VAGEXP","TOT","PC","A","2014",79.32,
"TWN","VAGEXP","TOT","PC","A","1995",69.35,
"TWN","VAGEXP","TOT","PC","A","1996",70.87,
"TWN","VAGEXP","TOT","PC","A","1997",69.46,
"TWN","VAGEXP","TOT","PC","A","1998",69.61,
"TWN","VAGEXP","TOT","PC","A","1999",70.39,
"TWN","VAGEXP","TOT","PC","A","2000",67.79,
"TWN","VAGEXP","TOT","PC","A","2001",70.16,
"TWN","VAGEXP","TOT","PC","A","2002",70.24,
"TWN","VAGEXP","TOT","PC","A","2003",68.31,
"TWN","VAGEXP","TOT","PC","A","2004",65.12,
"TWN","VAGEXP","TOT","PC","A","2005",62.6,
"TWN","VAGEXP","TOT","PC","A","2006",60.01,
"TWN","VAGEXP","TOT","PC","A","2007",58.9,
"TWN","VAGEXP","TOT","PC","A","2008",55.92,
"TWN","VAGEXP","TOT","PC","A","2009",62.25,
"TWN","VAGEXP","TOT","PC","A","2010",58.35,
"TWN","VAGEXP","TOT","PC","A","2011",56.49,
"TWN","VAGEXP","TOT","PC","A","2012",55.41,
"TWN","VAGEXP","TOT","PC","A","2013",56.28,
"TWN","VAGEXP","TOT","PC","A","2014",56.9,
"THA","VAGEXP","TOT","PC","A","1995",75.79,
"THA","VAGEXP","TOT","PC","A","1996",76.81,
"THA","VAGEXP","TOT","PC","A","1997",75.69,
"THA","VAGEXP","TOT","PC","A","1998",77.44,
"THA","VAGEXP","TOT","PC","A","1999",73.43,
"THA","VAGEXP","TOT","PC","A","2000",68.12,
"THA","VAGEXP","TOT","PC","A","2001",67.75,
"THA","VAGEXP","TOT","PC","A","2002",68.79,
"THA","VAGEXP","TOT","PC","A","2003",68.63,
"THA","VAGEXP","TOT","PC","A","2004",66.36,
"THA","VAGEXP","TOT","PC","A","2005",63.2,
"THA","VAGEXP","TOT","PC","A","2006",64.26,
"THA","VAGEXP","TOT","PC","A","2007",64.37,
"THA","VAGEXP","TOT","PC","A","2008",60.86,
"THA","VAGEXP","TOT","PC","A","2009",65.47,
"THA","VAGEXP","TOT","PC","A","2010",63.48,
"THA","VAGEXP","TOT","PC","A","2011",61.05,
"THA","VAGEXP","TOT","PC","A","2012",61.38,
"THA","VAGEXP","TOT","PC","A","2013",62.51,
"THA","VAGEXP","TOT","PC","A","2014",62.68,
"VNM","VAGEXP","TOT","PC","A","1995",78.38,
"VNM","VAGEXP","TOT","PC","A","1996",74.52,
"VNM","VAGEXP","TOT","PC","A","1997",75.13,
"VNM","VAGEXP","TOT","PC","A","1998",75.29,
"VNM","VAGEXP","TOT","PC","A","1999",73.99,
"VNM","VAGEXP","TOT","PC","A","2000",72.76,
"VNM","VAGEXP","TOT","PC","A","2001",73.09,
"VNM","VAGEXP","TOT","PC","A","2002",72.38,
"VNM","VAGEXP","TOT","PC","A","2003",70.49,
"VNM","VAGEXP","TOT","PC","A","2004",71,
"VNM","VAGEXP","TOT","PC","A","2005",69.03,
"VNM","VAGEXP","TOT","PC","A","2006",67.46,
"VNM","VAGEXP","TOT","PC","A","2007",64.69,
"VNM","VAGEXP","TOT","PC","A","2008",64.41,
"VNM","VAGEXP","TOT","PC","A","2009",67.06,
"VNM","VAGEXP","TOT","PC","A","2010",65.21,
"VNM","VAGEXP","TOT","PC","A","2011",63.67,
"VNM","VAGEXP","TOT","PC","A","2012",65.26,
"VNM","VAGEXP","TOT","PC","A","2013",63.97,
"VNM","VAGEXP","TOT","PC","A","2014",63.69,
"COL","VAGEXP","TOT","PC","A","1995",91.54,
"COL","VAGEXP","TOT","PC","A","1996",91.65,
"COL","VAGEXP","TOT","PC","A","1997",91.06,
"COL","VAGEXP","TOT","PC","A","1998",90.89,
"COL","VAGEXP","TOT","PC","A","1999",92.23,
"COL","VAGEXP","TOT","PC","A","2000",90.77,
"COL","VAGEXP","TOT","PC","A","2001",88.72,
"COL","VAGEXP","TOT","PC","A","2002",89.81,
"COL","VAGEXP","TOT","PC","A","2003",88.88,
"COL","VAGEXP","TOT","PC","A","2004",89.13,
"COL","VAGEXP","TOT","PC","A","2005",87.91,
"COL","VAGEXP","TOT","PC","A","2006",88.74,
"COL","VAGEXP","TOT","PC","A","2007",88.63,
"COL","VAGEXP","TOT","PC","A","2008",89.23,
"COL","VAGEXP","TOT","PC","A","2009",91.09,
"COL","VAGEXP","TOT","PC","A","2010",92.07,
"COL","VAGEXP","TOT","PC","A","2011",92.35,
"COL","VAGEXP","TOT","PC","A","2012",92.01,
"COL","VAGEXP","TOT","PC","A","2013",92.15,
"COL","VAGEXP","TOT","PC","A","2014",91.1,
"HRV","VAGEXP","TOT","PC","A","1995",79.22,
"HRV","VAGEXP","TOT","PC","A","1996",80.34,
"HRV","VAGEXP","TOT","PC","A","1997",80.22,
"HRV","VAGEXP","TOT","PC","A","1998",82.65,
"HRV","VAGEXP","TOT","PC","A","1999",81.27,
"HRV","VAGEXP","TOT","PC","A","2000",79.53,
"HRV","VAGEXP","TOT","PC","A","2001",78.86,
"HRV","VAGEXP","TOT","PC","A","2002",80.55,
"HRV","VAGEXP","TOT","PC","A","2003",79.45,
"HRV","VAGEXP","TOT","PC","A","2004",80.39,
"HRV","VAGEXP","TOT","PC","A","2005",79.21,
"HRV","VAGEXP","TOT","PC","A","2006",78.17,
"HRV","VAGEXP","TOT","PC","A","2007",78.15,
"HRV","VAGEXP","TOT","PC","A","2008",78.53,
"HRV","VAGEXP","TOT","PC","A","2009",81.54,
"HRV","VAGEXP","TOT","PC","A","2010",80.32,
"HRV","VAGEXP","TOT","PC","A","2011",79.85,
"HRV","VAGEXP","TOT","PC","A","2012",80.41,
"HRV","VAGEXP","TOT","PC","A","2013",81.21,
"HRV","VAGEXP","TOT","PC","A","2014",80.88,
"CYP","VAGEXP","TOT","PC","A","1995",79.1,
"CYP","VAGEXP","TOT","PC","A","1996",76.85,
"CYP","VAGEXP","TOT","PC","A","1997",76.77,
"CYP","VAGEXP","TOT","PC","A","1998",79.09,
"CYP","VAGEXP","TOT","PC","A","1999",79.76,
"CYP","VAGEXP","TOT","PC","A","2000",77.87,
"CYP","VAGEXP","TOT","PC","A","2001",77.24,
"CYP","VAGEXP","TOT","PC","A","2002",77.29,
"CYP","VAGEXP","TOT","PC","A","2003",77.38,
"CYP","VAGEXP","TOT","PC","A","2004",77.31,
"CYP","VAGEXP","TOT","PC","A","2005",78.02,
"CYP","VAGEXP","TOT","PC","A","2006",77.69,
"CYP","VAGEXP","TOT","PC","A","2007",76.44,
"CYP","VAGEXP","TOT","PC","A","2008",75.24,
"CYP","VAGEXP","TOT","PC","A","2009",78.4,
"CYP","VAGEXP","TOT","PC","A","2010",78.46,
"CYP","VAGEXP","TOT","PC","A","2011",78.56,
"EU28","VAGEXP","TOT","PC","A","1995",80.83,
"EU28","VAGEXP","TOT","PC","A","1996",80.5,
"EU28","VAGEXP","TOT","PC","A","1997",79.79,
"EU28","VAGEXP","TOT","PC","A","1998",79.7,
"EU28","VAGEXP","TOT","PC","A","1999",79.1,
"EU28","VAGEXP","TOT","PC","A","2000",76.42,
"EU28","VAGEXP","TOT","PC","A","2001",76.47,
"EU28","VAGEXP","TOT","PC","A","2002",77.69,
"EU28","VAGEXP","TOT","PC","A","2003",77.63,
"EU28","VAGEXP","TOT","PC","A","2004",76.79,
"EU28","VAGEXP","TOT","PC","A","2005",75.48,
"EU28","VAGEXP","TOT","PC","A","2006",73.64,
"EU28","VAGEXP","TOT","PC","A","2007",73.27,
"EU28","VAGEXP","TOT","PC","A","2008",72.33,
"EU28","VAGEXP","TOT","PC","A","2009",75.34,
"EU28","VAGEXP","TOT","PC","A","2010",73.4,
"EU28","VAGEXP","TOT","PC","A","2011",71.62,
"OECD","VAGEXP","TOT","PC","A","1995",85.11,
"OECD","VAGEXP","TOT","PC","A","1996",84.4,
"OECD","VAGEXP","TOT","PC","A","1997",83.74,
"OECD","VAGEXP","TOT","PC","A","1998",83.72,
"OECD","VAGEXP","TOT","PC","A","1999",83.43,
"OECD","VAGEXP","TOT","PC","A","2000",81.97,
"OECD","VAGEXP","TOT","PC","A","2001",81.75,
"OECD","VAGEXP","TOT","PC","A","2002",82.17,
"OECD","VAGEXP","TOT","PC","A","2003",81.43,
"OECD","VAGEXP","TOT","PC","A","2004",80.4,
"OECD","VAGEXP","TOT","PC","A","2005",79.31,
"OECD","VAGEXP","TOT","PC","A","2006",77.65,
"OECD","VAGEXP","TOT","PC","A","2007",77.08,
"OECD","VAGEXP","TOT","PC","A","2008",75.57,
"OECD","VAGEXP","TOT","PC","A","2009",78.89,
"OECD","VAGEXP","TOT","PC","A","2010",77.56,
"OECD","VAGEXP","TOT","PC","A","2011",75.74,
"EA18","VAGEXP","TOT","PC","A","1995",80.73,
"EA18","VAGEXP","TOT","PC","A","1996",80.45,
"EA18","VAGEXP","TOT","PC","A","1997",79.41,
"EA18","VAGEXP","TOT","PC","A","1998",79.12,
"EA18","VAGEXP","TOT","PC","A","1999",78.38,
"EA18","VAGEXP","TOT","PC","A","2000",75.45,
"EA18","VAGEXP","TOT","PC","A","2001",75.76,
"EA18","VAGEXP","TOT","PC","A","2002",76.92,
"EA18","VAGEXP","TOT","PC","A","2003",77.03,
"EA18","VAGEXP","TOT","PC","A","2004",76.1,
"EA18","VAGEXP","TOT","PC","A","2005",74.71,
"EA18","VAGEXP","TOT","PC","A","2006",72.85,
"EA18","VAGEXP","TOT","PC","A","2007",72.36,
"EA18","VAGEXP","TOT","PC","A","2008",71.78,
"EA18","VAGEXP","TOT","PC","A","2009",75.1,
"EA18","VAGEXP","TOT","PC","A","2010",73.05,
"EA18","VAGEXP","TOT","PC","A","2011",71.29,
"CRI","VAGEXP","TOT","PC","A","1995",77.99,
"CRI","VAGEXP","TOT","PC","A","1996",76.45,
"CRI","VAGEXP","TOT","PC","A","1997",76.1,
"CRI","VAGEXP","TOT","PC","A","1998",72.09,
"CRI","VAGEXP","TOT","PC","A","1999",74.34,
"CRI","VAGEXP","TOT","PC","A","2000",73.52,
"CRI","VAGEXP","TOT","PC","A","2001",73.86,
"CRI","VAGEXP","TOT","PC","A","2002",71.2,
"CRI","VAGEXP","TOT","PC","A","2003",70.16,
"CRI","VAGEXP","TOT","PC","A","2004",71.6,
"CRI","VAGEXP","TOT","PC","A","2005",71.45,
"CRI","VAGEXP","TOT","PC","A","2006",70.59,
"CRI","VAGEXP","TOT","PC","A","2007",70,
"CRI","VAGEXP","TOT","PC","A","2008",68.82,
"CRI","VAGEXP","TOT","PC","A","2009",71.94,
"CRI","VAGEXP","TOT","PC","A","2010",72.67,
"CRI","VAGEXP","TOT","PC","A","2011",72.23,
"CRI","VAGEXP","TOT","PC","A","2012",74,
"CRI","VAGEXP","TOT","PC","A","2013",73.31,
"CRI","VAGEXP","TOT","PC","A","2014",73.47,
"TUN","VAGEXP","TOT","PC","A","1995",75.31,
"TUN","VAGEXP","TOT","PC","A","1996",76.74,
"TUN","VAGEXP","TOT","PC","A","1997",75.68,
"TUN","VAGEXP","TOT","PC","A","1998",74.92,
"TUN","VAGEXP","TOT","PC","A","1999",76.57,
"TUN","VAGEXP","TOT","PC","A","2000",75.61,
"TUN","VAGEXP","TOT","PC","A","2001",73.48,
"TUN","VAGEXP","TOT","PC","A","2002",73.66,
"TUN","VAGEXP","TOT","PC","A","2003",72.74,
"TUN","VAGEXP","TOT","PC","A","2004",72.3,
"TUN","VAGEXP","TOT","PC","A","2005",71.86,
"TUN","VAGEXP","TOT","PC","A","2006",70.61,
"TUN","VAGEXP","TOT","PC","A","2007",69.53,
"TUN","VAGEXP","TOT","PC","A","2008",66.53,
"TUN","VAGEXP","TOT","PC","A","2009",70.81,
"TUN","VAGEXP","TOT","PC","A","2010",69.63,
"TUN","VAGEXP","TOT","PC","A","2011",67.62,
"TUN","VAGEXP","TOT","PC","A","2012",66.14,
"TUN","VAGEXP","TOT","PC","A","2013",66.26,
"TUN","VAGEXP","TOT","PC","A","2014",65.92,
"MAR","VAGEXP","TOT","PC","A","1995",81.14,
"MAR","VAGEXP","TOT","PC","A","1996",83.71,
"MAR","VAGEXP","TOT","PC","A","1997",82.07,
"MAR","VAGEXP","TOT","PC","A","1998",79.3,
"MAR","VAGEXP","TOT","PC","A","1999",77.97,
"MAR","VAGEXP","TOT","PC","A","2000",75.23,
"MAR","VAGEXP","TOT","PC","A","2001",75.93,
"MAR","VAGEXP","TOT","PC","A","2002",76.67,
"MAR","VAGEXP","TOT","PC","A","2003",78.74,
"MAR","VAGEXP","TOT","PC","A","2004",78.26,
"MAR","VAGEXP","TOT","PC","A","2005",75.6,
"MAR","VAGEXP","TOT","PC","A","2006",75.78,
"MAR","VAGEXP","TOT","PC","A","2007",75.71,
"MAR","VAGEXP","TOT","PC","A","2008",75.21,
"MAR","VAGEXP","TOT","PC","A","2009",78.18,
"MAR","VAGEXP","TOT","PC","A","2010",76.39,
"MAR","VAGEXP","TOT","PC","A","2011",74.4,
"MAR","VAGEXP","TOT","PC","A","2012",72.71,
"MAR","VAGEXP","TOT","PC","A","2013",74.45,
"MAR","VAGEXP","TOT","PC","A","2014",75.01,
"PER","VAGEXP","TOT","PC","A","1995",90.15,
"PER","VAGEXP","TOT","PC","A","1996",90.2,
"PER","VAGEXP","TOT","PC","A","1997",89.9,
"PER","VAGEXP","TOT","PC","A","1998",89.83,
"PER","VAGEXP","TOT","PC","A","1999",90.37,
"PER","VAGEXP","TOT","PC","A","2000",89.29,
"PER","VAGEXP","TOT","PC","A","2001",89.27,
"PER","VAGEXP","TOT","PC","A","2002",89.19,
"PER","VAGEXP","TOT","PC","A","2003",88.69,
"PER","VAGEXP","TOT","PC","A","2004",88.82,
"PER","VAGEXP","TOT","PC","A","2005",87.69,
"PER","VAGEXP","TOT","PC","A","2006",88.19,
"PER","VAGEXP","TOT","PC","A","2007",87.38,
"PER","VAGEXP","TOT","PC","A","2008",86.24,
"PER","VAGEXP","TOT","PC","A","2009",88.2,
"PER","VAGEXP","TOT","PC","A","2010",88.15,
"PER","VAGEXP","TOT","PC","A","2011",88.21,
"PER","VAGEXP","TOT","PC","A","2012",87.76,
"PER","VAGEXP","TOT","PC","A","2013",88,
"PER","VAGEXP","TOT","PC","A","2014",87.43,
