﻿"LOCATION","INDICATOR","SUBJECT","MEASURE","FREQUENCY","TIME","Value","Flag Codes"
"AUT","EXPBSNS","0_9","USD","A","2008",24964.5,"E"
"AUT","EXPBSNS","0_9","USD","A","2009",18138.1,"E"
"AUT","EXPBSNS","0_9","USD","A","2010",22422.5,"E"
"AUT","EXPBSNS","0_9","USD","A","2011",24911.7,
"AUT","EXPBSNS","0_9","USD","A","2012",24969.4,
"AUT","EXPBSNS","0_9","USD","A","2013",26179.4,
"AUT","EXPBSNS","0_9","USD","A","2014",27788.8,
"AUT","EXPBSNS","0_9","USD","A","2015",22724.8,
"AUT","EXPBSNS","50_249","USD","A","2008",37216.1,"E"
"AUT","EXPBSNS","50_249","USD","A","2009",27815.2,"E"
"AUT","EXPBSNS","50_249","USD","A","2010",32951.2,"E"
"AUT","EXPBSNS","50_249","USD","A","2011",39072.7,
"AUT","EXPBSNS","50_249","USD","A","2012",38093.9,
"AUT","EXPBSNS","50_249","USD","A","2013",40032.3,
"AUT","EXPBSNS","50_249","USD","A","2014",39265.6,
"AUT","EXPBSNS","50_249","USD","A","2015",33122,
"AUT","EXPBSNS","250MORE","USD","A","2008",88956.2,"E"
"AUT","EXPBSNS","250MORE","USD","A","2009",69406.6,"E"
"AUT","EXPBSNS","250MORE","USD","A","2010",77323.5,"E"
"AUT","EXPBSNS","250MORE","USD","A","2011",88902.6,
"AUT","EXPBSNS","250MORE","USD","A","2012",81343.2,
"AUT","EXPBSNS","250MORE","USD","A","2013",84426.4,
"AUT","EXPBSNS","250MORE","USD","A","2014",86250.2,
"AUT","EXPBSNS","250MORE","USD","A","2015",75468.4,
"AUT","EXPBSNS","10_49","USD","A","2008",20312.9,"E"
"AUT","EXPBSNS","10_49","USD","A","2009",13882.3,"E"
"AUT","EXPBSNS","10_49","USD","A","2010",15159.4,"E"
"AUT","EXPBSNS","10_49","USD","A","2011",19382.9,
"AUT","EXPBSNS","10_49","USD","A","2012",17311.1,
"AUT","EXPBSNS","10_49","USD","A","2013",18473.7,
"AUT","EXPBSNS","10_49","USD","A","2014",18977.9,
"AUT","EXPBSNS","10_49","USD","A","2015",16830.9,
"AUT","EXPBSNS","ALLSIZE","USD","A","2008",181289,"E"
"AUT","EXPBSNS","ALLSIZE","USD","A","2009",136989,"E"
"AUT","EXPBSNS","ALLSIZE","USD","A","2010",152560,"E"
"AUT","EXPBSNS","ALLSIZE","USD","A","2011",177428,
"AUT","EXPBSNS","ALLSIZE","USD","A","2012",166611,
"AUT","EXPBSNS","ALLSIZE","USD","A","2013",175156,
"AUT","EXPBSNS","ALLSIZE","USD","A","2014",178248,
"AUT","EXPBSNS","ALLSIZE","USD","A","2015",152841,
"BEL","EXPBSNS","0_9","USD","A","2008",21927.2,"E"
"BEL","EXPBSNS","0_9","USD","A","2009",17321.9,"E"
"BEL","EXPBSNS","0_9","USD","A","2010",18848.5,"E"
"BEL","EXPBSNS","0_9","USD","A","2011",20625.6,
"BEL","EXPBSNS","0_9","USD","A","2012",19676.4,
"BEL","EXPBSNS","0_9","USD","A","2013",20463,
"BEL","EXPBSNS","0_9","USD","A","2014",20842.7,
"BEL","EXPBSNS","50_249","USD","A","2008",70837.7,"E"
"BEL","EXPBSNS","50_249","USD","A","2009",55852.4,"E"
"BEL","EXPBSNS","50_249","USD","A","2010",67464.5,"E"
"BEL","EXPBSNS","50_249","USD","A","2011",76045,
"BEL","EXPBSNS","50_249","USD","A","2012",73638.1,
"BEL","EXPBSNS","50_249","USD","A","2013",75341.5,
"BEL","EXPBSNS","50_249","USD","A","2014",77869,
"BEL","EXPBSNS","250MORE","USD","A","2008",151252,"E"
"BEL","EXPBSNS","250MORE","USD","A","2009",111235,"E"
"BEL","EXPBSNS","250MORE","USD","A","2010",123815,"E"
"BEL","EXPBSNS","250MORE","USD","A","2011",144982,
"BEL","EXPBSNS","250MORE","USD","A","2012",138431,
"BEL","EXPBSNS","250MORE","USD","A","2013",144627,
"BEL","EXPBSNS","250MORE","USD","A","2014",142415,
"BEL","EXPBSNS","10_49","USD","A","2008",44265.3,"E"
"BEL","EXPBSNS","10_49","USD","A","2009",36689.5,"E"
"BEL","EXPBSNS","10_49","USD","A","2010",38121.2,"E"
"BEL","EXPBSNS","10_49","USD","A","2011",43031.8,
"BEL","EXPBSNS","10_49","USD","A","2012",41836.6,
"BEL","EXPBSNS","10_49","USD","A","2013",44579.7,
"BEL","EXPBSNS","10_49","USD","A","2014",45128.5,
"BEL","EXPBSNS","ALLSIZE","USD","A","2008",470309,"E"
"BEL","EXPBSNS","ALLSIZE","USD","A","2009",370999,"E"
"BEL","EXPBSNS","ALLSIZE","USD","A","2010",407701,"E"
"BEL","EXPBSNS","ALLSIZE","USD","A","2011",475673,
"BEL","EXPBSNS","ALLSIZE","USD","A","2012",437379,
"BEL","EXPBSNS","ALLSIZE","USD","A","2013",459632,
"BEL","EXPBSNS","ALLSIZE","USD","A","2014",462342,
"CAN","EXPBSNS","0_9","USD","A","2008",91335.809,
"CAN","EXPBSNS","0_9","USD","A","2009",19905,
"CAN","EXPBSNS","0_9","USD","A","2010",26578.7,
"CAN","EXPBSNS","0_9","USD","A","2011",38018.7,
"CAN","EXPBSNS","0_9","USD","A","2012",26721.6,
"CAN","EXPBSNS","0_9","USD","A","2013",27136.1,
"CAN","EXPBSNS","0_9","USD","A","2014",31373.5,
"CAN","EXPBSNS","50_249","USD","A","2008",36900.76,
"CAN","EXPBSNS","50_249","USD","A","2009",33999.7,
"CAN","EXPBSNS","50_249","USD","A","2010",52839.2,
"CAN","EXPBSNS","50_249","USD","A","2011",66114.5,
"CAN","EXPBSNS","50_249","USD","A","2012",68848.9,
"CAN","EXPBSNS","50_249","USD","A","2013",67548.4,
"CAN","EXPBSNS","50_249","USD","A","2014",66126.5,
"CAN","EXPBSNS","250MORE","USD","A","2008",228038.098,
"CAN","EXPBSNS","250MORE","USD","A","2009",147705,
"CAN","EXPBSNS","250MORE","USD","A","2010",241492,
"CAN","EXPBSNS","250MORE","USD","A","2011",265349,
"CAN","EXPBSNS","250MORE","USD","A","2012",275436,
"CAN","EXPBSNS","250MORE","USD","A","2013",282758,
"CAN","EXPBSNS","250MORE","USD","A","2014",293754,
"CAN","EXPBSNS","10_49","USD","A","2008",28369.199,
"CAN","EXPBSNS","10_49","USD","A","2009",19334.2,
"CAN","EXPBSNS","10_49","USD","A","2010",28539,
"CAN","EXPBSNS","10_49","USD","A","2011",35180,
"CAN","EXPBSNS","10_49","USD","A","2012",36952.6,
"CAN","EXPBSNS","10_49","USD","A","2013",33855.9,
"CAN","EXPBSNS","10_49","USD","A","2014",33602.6,
"CAN","EXPBSNS","ALLSIZE","USD","A","2008",384643.867,
"CAN","EXPBSNS","ALLSIZE","USD","A","2009",257649,
"CAN","EXPBSNS","ALLSIZE","USD","A","2010",349449,
"CAN","EXPBSNS","ALLSIZE","USD","A","2011",404663,
"CAN","EXPBSNS","ALLSIZE","USD","A","2012",407959,
"CAN","EXPBSNS","ALLSIZE","USD","A","2013",411298,
"CAN","EXPBSNS","ALLSIZE","USD","A","2014",424857,
"CZE","EXPBSNS","0_9","USD","A","2008",5435.31,"E"
"CZE","EXPBSNS","0_9","USD","A","2009",4126.65,"E"
"CZE","EXPBSNS","0_9","USD","A","2010",4208.68,"E"
"CZE","EXPBSNS","0_9","USD","A","2011",4466.2,
"CZE","EXPBSNS","0_9","USD","A","2012",4497.67,
"CZE","EXPBSNS","0_9","USD","A","2013",5944.24,
"CZE","EXPBSNS","0_9","USD","A","2014",5778.72,
"CZE","EXPBSNS","50_249","USD","A","2008",23547.6,"E"
"CZE","EXPBSNS","50_249","USD","A","2009",17844,"E"
"CZE","EXPBSNS","50_249","USD","A","2010",19438.9,"E"
"CZE","EXPBSNS","50_249","USD","A","2011",23474.6,
"CZE","EXPBSNS","50_249","USD","A","2012",22631.3,
"CZE","EXPBSNS","50_249","USD","A","2013",24825,
"CZE","EXPBSNS","50_249","USD","A","2014",25467.3,
"CZE","EXPBSNS","250MORE","USD","A","2008",75683.5,"E"
"CZE","EXPBSNS","250MORE","USD","A","2009",54052.8,"E"
"CZE","EXPBSNS","250MORE","USD","A","2010",62693.8,"E"
"CZE","EXPBSNS","250MORE","USD","A","2011",74920.1,
"CZE","EXPBSNS","250MORE","USD","A","2012",70185.1,
"CZE","EXPBSNS","250MORE","USD","A","2013",71494.1,
"CZE","EXPBSNS","250MORE","USD","A","2014",76987,
"CZE","EXPBSNS","10_49","USD","A","2008",9688.9,"E"
"CZE","EXPBSNS","10_49","USD","A","2009",7227.29,"E"
"CZE","EXPBSNS","10_49","USD","A","2010",7909.29,"E"
"CZE","EXPBSNS","10_49","USD","A","2011",9356.44,
"CZE","EXPBSNS","10_49","USD","A","2012",9200,
"CZE","EXPBSNS","10_49","USD","A","2013",10561.2,
"CZE","EXPBSNS","10_49","USD","A","2014",10789.6,
"CZE","EXPBSNS","ALLSIZE","USD","A","2008",146677,"E"
"CZE","EXPBSNS","ALLSIZE","USD","A","2009",115055,"E"
"CZE","EXPBSNS","ALLSIZE","USD","A","2010",135184,"E"
"CZE","EXPBSNS","ALLSIZE","USD","A","2011",160174,
"CZE","EXPBSNS","ALLSIZE","USD","A","2012",203812,
"CZE","EXPBSNS","ALLSIZE","USD","A","2013",210257,
"CZE","EXPBSNS","ALLSIZE","USD","A","2014",229448,
"DNK","EXPBSNS","0_9","USD","A","2008",20506.9,"E"
"DNK","EXPBSNS","0_9","USD","A","2009",15866.1,"E"
"DNK","EXPBSNS","0_9","USD","A","2010",16292.9,"E"
"DNK","EXPBSNS","0_9","USD","A","2011",19552.4,
"DNK","EXPBSNS","0_9","USD","A","2012",5982.52,
"DNK","EXPBSNS","0_9","USD","A","2013",7058.91,
"DNK","EXPBSNS","0_9","USD","A","2014",6736.09,
"DNK","EXPBSNS","0_9","USD","A","2015",5687.3,
"DNK","EXPBSNS","50_249","USD","A","2008",17398.5,"E"
"DNK","EXPBSNS","50_249","USD","A","2009",13688.8,"E"
"DNK","EXPBSNS","50_249","USD","A","2010",14604.4,"E"
"DNK","EXPBSNS","50_249","USD","A","2011",16594.2,
"DNK","EXPBSNS","50_249","USD","A","2012",21975.5,
"DNK","EXPBSNS","50_249","USD","A","2013",22599.4,
"DNK","EXPBSNS","50_249","USD","A","2014",23931.6,
"DNK","EXPBSNS","50_249","USD","A","2015",21727.6,
"DNK","EXPBSNS","250MORE","USD","A","2008",59818.5,"E"
"DNK","EXPBSNS","250MORE","USD","A","2009",48695.7,"E"
"DNK","EXPBSNS","250MORE","USD","A","2010",49684.2,"E"
"DNK","EXPBSNS","250MORE","USD","A","2011",57246.5,
"DNK","EXPBSNS","250MORE","USD","A","2012",48298.6,
"DNK","EXPBSNS","250MORE","USD","A","2013",50737.3,
"DNK","EXPBSNS","250MORE","USD","A","2014",50895.7,
"DNK","EXPBSNS","250MORE","USD","A","2015",42362.2,
"DNK","EXPBSNS","10_49","USD","A","2008",11649.3,"E"
"DNK","EXPBSNS","10_49","USD","A","2009",10117.2,"E"
"DNK","EXPBSNS","10_49","USD","A","2010",11671.9,"E"
"DNK","EXPBSNS","10_49","USD","A","2011",12298.1,
"DNK","EXPBSNS","10_49","USD","A","2012",13924.4,
"DNK","EXPBSNS","10_49","USD","A","2013",14157.8,
"DNK","EXPBSNS","10_49","USD","A","2014",13702.1,
"DNK","EXPBSNS","10_49","USD","A","2015",12765.5,
"DNK","EXPBSNS","ALLSIZE","USD","A","2008",116924,"E"
"DNK","EXPBSNS","ALLSIZE","USD","A","2009",93915.1,"E"
"DNK","EXPBSNS","ALLSIZE","USD","A","2010",97384.5,"E"
"DNK","EXPBSNS","ALLSIZE","USD","A","2011",111857,
"DNK","EXPBSNS","ALLSIZE","USD","A","2012",105466,
"DNK","EXPBSNS","ALLSIZE","USD","A","2013",111081,
"DNK","EXPBSNS","ALLSIZE","USD","A","2014",111654,
"DNK","EXPBSNS","ALLSIZE","USD","A","2015",95518.3,
"FIN","EXPBSNS","0_9","USD","A","2008",7294.21,"E"
"FIN","EXPBSNS","0_9","USD","A","2009",4579.07,"E"
"FIN","EXPBSNS","0_9","USD","A","2010",2380.06,"E"
"FIN","EXPBSNS","0_9","USD","A","2011",2317.62,
"FIN","EXPBSNS","0_9","USD","A","2012",2193.3,
"FIN","EXPBSNS","0_9","USD","A","2013",2373.99,
"FIN","EXPBSNS","50_249","USD","A","2008",13114.6,"E"
"FIN","EXPBSNS","50_249","USD","A","2009",8581.5,"E"
"FIN","EXPBSNS","50_249","USD","A","2010",11369.8,"E"
"FIN","EXPBSNS","50_249","USD","A","2011",11601.9,
"FIN","EXPBSNS","50_249","USD","A","2012",13067.4,
"FIN","EXPBSNS","50_249","USD","A","2013",14313.5,
"FIN","EXPBSNS","250MORE","USD","A","2008",69239,"E"
"FIN","EXPBSNS","250MORE","USD","A","2009",44356.9,"E"
"FIN","EXPBSNS","250MORE","USD","A","2010",47051.1,"E"
"FIN","EXPBSNS","250MORE","USD","A","2011",53658.5,
"FIN","EXPBSNS","250MORE","USD","A","2012",47028.6,
"FIN","EXPBSNS","250MORE","USD","A","2013",48111.4,
"FIN","EXPBSNS","10_49","USD","A","2008",5242.87,"E"
"FIN","EXPBSNS","10_49","USD","A","2009",3569.78,"E"
"FIN","EXPBSNS","10_49","USD","A","2010",4591.85,"E"
"FIN","EXPBSNS","10_49","USD","A","2011",6145.15,
"FIN","EXPBSNS","10_49","USD","A","2012",5257.08,
"FIN","EXPBSNS","10_49","USD","A","2013",5317.19,
"FIN","EXPBSNS","ALLSIZE","USD","A","2008",96455.4,"E"
"FIN","EXPBSNS","ALLSIZE","USD","A","2009",62854.4,"E"
"FIN","EXPBSNS","ALLSIZE","USD","A","2010",69517.8,"E"
"FIN","EXPBSNS","ALLSIZE","USD","A","2011",79142.4,
"FIN","EXPBSNS","ALLSIZE","USD","A","2012",69981.4,
"FIN","EXPBSNS","ALLSIZE","USD","A","2013",72869.4,
"FRA","EXPBSNS","0_9","USD","A","2008",91315.5,"E"
"FRA","EXPBSNS","0_9","USD","A","2009",71450.8,"E"
"FRA","EXPBSNS","0_9","USD","A","2010",75035.6,"E"
"FRA","EXPBSNS","0_9","USD","A","2011",83942.1,
"FRA","EXPBSNS","0_9","USD","A","2012",100780,
"FRA","EXPBSNS","0_9","USD","A","2013",111514,
"FRA","EXPBSNS","0_9","USD","A","2014",112569,
"FRA","EXPBSNS","0_9","USD","A","2015",16518,
"FRA","EXPBSNS","50_249","USD","A","2008",90070.5,"E"
"FRA","EXPBSNS","50_249","USD","A","2009",67394.8,"E"
"FRA","EXPBSNS","50_249","USD","A","2010",72996.7,"E"
"FRA","EXPBSNS","50_249","USD","A","2011",81975.6,
"FRA","EXPBSNS","50_249","USD","A","2012",82920.2,
"FRA","EXPBSNS","50_249","USD","A","2013",83351,
"FRA","EXPBSNS","50_249","USD","A","2014",82995.7,
"FRA","EXPBSNS","50_249","USD","A","2015",44612.3,
"FRA","EXPBSNS","250MORE","USD","A","2008",347344,"E"
"FRA","EXPBSNS","250MORE","USD","A","2009",268896,"E"
"FRA","EXPBSNS","250MORE","USD","A","2010",290664,"E"
"FRA","EXPBSNS","250MORE","USD","A","2011",335683,
"FRA","EXPBSNS","250MORE","USD","A","2012",310653,
"FRA","EXPBSNS","250MORE","USD","A","2013",304690,
"FRA","EXPBSNS","250MORE","USD","A","2014",309560,
"FRA","EXPBSNS","250MORE","USD","A","2015",345439,
"FRA","EXPBSNS","10_49","USD","A","2008",68817.8,"E"
"FRA","EXPBSNS","10_49","USD","A","2009",58377.4,"E"
"FRA","EXPBSNS","10_49","USD","A","2010",49484.1,"E"
"FRA","EXPBSNS","10_49","USD","A","2011",57572.8,
"FRA","EXPBSNS","10_49","USD","A","2012",53364.2,
"FRA","EXPBSNS","10_49","USD","A","2013",56481.6,
"FRA","EXPBSNS","10_49","USD","A","2014",55269.3,
"FRA","EXPBSNS","10_49","USD","A","2015",24535.7,
"FRA","EXPBSNS","ALLSIZE","USD","A","2008",606848,"E"
"FRA","EXPBSNS","ALLSIZE","USD","A","2009",475277,"E"
"FRA","EXPBSNS","ALLSIZE","USD","A","2010",515485,"E"
"FRA","EXPBSNS","ALLSIZE","USD","A","2011",587616,
"FRA","EXPBSNS","ALLSIZE","USD","A","2012",561165,
"FRA","EXPBSNS","ALLSIZE","USD","A","2013",572642,
"FRA","EXPBSNS","ALLSIZE","USD","A","2014",581959,
"FRA","EXPBSNS","ALLSIZE","USD","A","2015",507298,
"DEU","EXPBSNS","0_9","USD","A","2009",66210.2,"E"
"DEU","EXPBSNS","0_9","USD","A","2010",79778.7,"E"
"DEU","EXPBSNS","0_9","USD","A","2011",99455.6,
"DEU","EXPBSNS","0_9","USD","A","2012",53848.3,
"DEU","EXPBSNS","0_9","USD","A","2013",52869.4,
"DEU","EXPBSNS","0_9","USD","A","2014",44634.2,
"DEU","EXPBSNS","0_9","USD","A","2015",37972.5,
"DEU","EXPBSNS","50_249","USD","A","2009",135070,"E"
"DEU","EXPBSNS","50_249","USD","A","2010",167952,"E"
"DEU","EXPBSNS","50_249","USD","A","2011",210950,
"DEU","EXPBSNS","50_249","USD","A","2012",165102,
"DEU","EXPBSNS","50_249","USD","A","2013",171059,
"DEU","EXPBSNS","50_249","USD","A","2014",169530,
"DEU","EXPBSNS","50_249","USD","A","2015",148502,
"DEU","EXPBSNS","250MORE","USD","A","2009",520886,"E"
"DEU","EXPBSNS","250MORE","USD","A","2010",640232,"E"
"DEU","EXPBSNS","250MORE","USD","A","2011",757664,
"DEU","EXPBSNS","250MORE","USD","A","2012",908959,
"DEU","EXPBSNS","250MORE","USD","A","2013",919734,
"DEU","EXPBSNS","250MORE","USD","A","2014",999261,
"DEU","EXPBSNS","250MORE","USD","A","2015",891655,
"DEU","EXPBSNS","10_49","USD","A","2009",93998.7,"E"
"DEU","EXPBSNS","10_49","USD","A","2010",121707,"E"
"DEU","EXPBSNS","10_49","USD","A","2011",124143,
"DEU","EXPBSNS","10_49","USD","A","2012",84557.3,
"DEU","EXPBSNS","10_49","USD","A","2013",84090.6,
"DEU","EXPBSNS","10_49","USD","A","2014",79675.3,
"DEU","EXPBSNS","10_49","USD","A","2015",69180.7,
"DEU","EXPBSNS","ALLSIZE","USD","A","2008",1446170,"E"
"DEU","EXPBSNS","ALLSIZE","USD","A","2009",1120040,"E"
"DEU","EXPBSNS","ALLSIZE","USD","A","2010",1258920,"E"
"DEU","EXPBSNS","ALLSIZE","USD","A","2011",1473980,
"DEU","EXPBSNS","ALLSIZE","USD","A","2012",1405100,
"DEU","EXPBSNS","ALLSIZE","USD","A","2013",1451830,
"DEU","EXPBSNS","ALLSIZE","USD","A","2014",1494610,
"DEU","EXPBSNS","ALLSIZE","USD","A","2015",1326760,
"GRC","EXPBSNS","0_9","USD","A","2010",2867.88,"E"
"GRC","EXPBSNS","0_9","USD","A","2011",3085.8,
"GRC","EXPBSNS","0_9","USD","A","2012",3229.1,
"GRC","EXPBSNS","0_9","USD","A","2013",3807.93,
"GRC","EXPBSNS","0_9","USD","A","2014",3605.61,
"GRC","EXPBSNS","0_9","USD","A","2015",3792.46,
"GRC","EXPBSNS","50_249","USD","A","2010",5343.99,"E"
"GRC","EXPBSNS","50_249","USD","A","2011",7225.09,
"GRC","EXPBSNS","50_249","USD","A","2012",6464.66,
"GRC","EXPBSNS","50_249","USD","A","2013",6983.33,
"GRC","EXPBSNS","50_249","USD","A","2014",7413.14,
"GRC","EXPBSNS","50_249","USD","A","2015",6079.6,
"GRC","EXPBSNS","250MORE","USD","A","2010",8276.12,"E"
"GRC","EXPBSNS","250MORE","USD","A","2011",16255.2,
"GRC","EXPBSNS","250MORE","USD","A","2012",18584.2,
"GRC","EXPBSNS","250MORE","USD","A","2013",20023,
"GRC","EXPBSNS","250MORE","USD","A","2014",19362.4,
"GRC","EXPBSNS","250MORE","USD","A","2015",14024.8,
"GRC","EXPBSNS","10_49","USD","A","2010",4460.57,"E"
"GRC","EXPBSNS","10_49","USD","A","2011",4992.63,
"GRC","EXPBSNS","10_49","USD","A","2012",4459.2,
"GRC","EXPBSNS","10_49","USD","A","2013",4342.56,
"GRC","EXPBSNS","10_49","USD","A","2014",4613.54,
"GRC","EXPBSNS","10_49","USD","A","2015",4080.55,
"GRC","EXPBSNS","ALLSIZE","USD","A","2010",21730.5,"E"
"GRC","EXPBSNS","ALLSIZE","USD","A","2011",33821.6,
"GRC","EXPBSNS","ALLSIZE","USD","A","2012",35792.6,
"GRC","EXPBSNS","ALLSIZE","USD","A","2013",36624.1,
"GRC","EXPBSNS","ALLSIZE","USD","A","2014",36029.6,
"GRC","EXPBSNS","ALLSIZE","USD","A","2015",28653.3,
"HUN","EXPBSNS","0_9","USD","A","2008",5813.11,"E"
"HUN","EXPBSNS","0_9","USD","A","2009",4537.19,"E"
"HUN","EXPBSNS","0_9","USD","A","2010",4927.98,"E"
"HUN","EXPBSNS","0_9","USD","A","2011",5858.61,
"HUN","EXPBSNS","0_9","USD","A","2012",5288.43,
"HUN","EXPBSNS","0_9","USD","A","2013",27175.7,
"HUN","EXPBSNS","0_9","USD","A","2015",25828.1,
"HUN","EXPBSNS","50_249","USD","A","2008",15223.8,"E"
"HUN","EXPBSNS","50_249","USD","A","2009",11606.7,"E"
"HUN","EXPBSNS","50_249","USD","A","2010",12342.2,"E"
"HUN","EXPBSNS","50_249","USD","A","2011",14887.7,
"HUN","EXPBSNS","50_249","USD","A","2012",14871.6,
"HUN","EXPBSNS","50_249","USD","A","2013",16098.1,
"HUN","EXPBSNS","50_249","USD","A","2015",14173.6,
"HUN","EXPBSNS","250MORE","USD","A","2008",64533.5,"E"
"HUN","EXPBSNS","250MORE","USD","A","2009",46839.8,"E"
"HUN","EXPBSNS","250MORE","USD","A","2010",53367.3,"E"
"HUN","EXPBSNS","250MORE","USD","A","2011",60125.6,
"HUN","EXPBSNS","250MORE","USD","A","2012",54348.3,
"HUN","EXPBSNS","250MORE","USD","A","2013",55919.4,
"HUN","EXPBSNS","250MORE","USD","A","2015",51430.6,
"HUN","EXPBSNS","10_49","USD","A","2008",6081.07,"E"
"HUN","EXPBSNS","10_49","USD","A","2009",5304.86,"E"
"HUN","EXPBSNS","10_49","USD","A","2010",5938.43,"E"
"HUN","EXPBSNS","10_49","USD","A","2011",7214.12,
"HUN","EXPBSNS","10_49","USD","A","2012",6916.26,
"HUN","EXPBSNS","10_49","USD","A","2013",6175.31,
"HUN","EXPBSNS","10_49","USD","A","2015",5380.82,
"HUN","EXPBSNS","ALLSIZE","USD","A","2008",108634,"E"
"HUN","EXPBSNS","ALLSIZE","USD","A","2009",83000.7,"E"
"HUN","EXPBSNS","ALLSIZE","USD","A","2010",95477,"E"
"HUN","EXPBSNS","ALLSIZE","USD","A","2011",112371,
"HUN","EXPBSNS","ALLSIZE","USD","A","2012",103561,
"HUN","EXPBSNS","ALLSIZE","USD","A","2013",107503,
"HUN","EXPBSNS","ALLSIZE","USD","A","2015",98515.2,
"IRL","EXPBSNS","0_9","USD","A","2010",8643.57,
"IRL","EXPBSNS","0_9","USD","A","2011",29879.2,
"IRL","EXPBSNS","0_9","USD","A","2012",31841.9,
"IRL","EXPBSNS","0_9","USD","A","2013",26911.2,
"IRL","EXPBSNS","50_249","USD","A","2010",54032.3,
"IRL","EXPBSNS","50_249","USD","A","2011",30390.3,
"IRL","EXPBSNS","50_249","USD","A","2012",28579.6,
"IRL","EXPBSNS","50_249","USD","A","2013",21308.2,
"IRL","EXPBSNS","250MORE","USD","A","2010",26081.1,
"IRL","EXPBSNS","250MORE","USD","A","2011",50984.7,
"IRL","EXPBSNS","250MORE","USD","A","2012",45409.5,
"IRL","EXPBSNS","250MORE","USD","A","2013",54395.7,
"IRL","EXPBSNS","10_49","USD","A","2010",6376.59,
"IRL","EXPBSNS","10_49","USD","A","2011",5339.68,
"IRL","EXPBSNS","10_49","USD","A","2012",6226.85,
"IRL","EXPBSNS","10_49","USD","A","2013",9231.71,
"IRL","EXPBSNS","ALLSIZE","USD","A","2010",117077,
"IRL","EXPBSNS","ALLSIZE","USD","A","2011",126407,
"IRL","EXPBSNS","ALLSIZE","USD","A","2012",117333,
"IRL","EXPBSNS","ALLSIZE","USD","A","2013",115050,
"ITA","EXPBSNS","0_9","USD","A","2008",49207.4,"E"
"ITA","EXPBSNS","0_9","USD","A","2009",27611.2,"E"
"ITA","EXPBSNS","0_9","USD","A","2010",30392.9,"E"
"ITA","EXPBSNS","0_9","USD","A","2011",34676.4,
"ITA","EXPBSNS","0_9","USD","A","2012",28571.3,
"ITA","EXPBSNS","0_9","USD","A","2013",29912.2,
"ITA","EXPBSNS","0_9","USD","A","2014",31391,
"ITA","EXPBSNS","0_9","USD","A","2015",26304.6,
"ITA","EXPBSNS","50_249","USD","A","2008",148930,"E"
"ITA","EXPBSNS","50_249","USD","A","2009",113463,"E"
"ITA","EXPBSNS","50_249","USD","A","2010",120840,"E"
"ITA","EXPBSNS","50_249","USD","A","2011",143576,
"ITA","EXPBSNS","50_249","USD","A","2012",135456,
"ITA","EXPBSNS","50_249","USD","A","2013",142694,
"ITA","EXPBSNS","50_249","USD","A","2014",151199,
"ITA","EXPBSNS","50_249","USD","A","2015",128152,
"ITA","EXPBSNS","250MORE","USD","A","2008",232059,"E"
"ITA","EXPBSNS","250MORE","USD","A","2009",176952,"E"
"ITA","EXPBSNS","250MORE","USD","A","2010",194796,"E"
"ITA","EXPBSNS","250MORE","USD","A","2011",229199,
"ITA","EXPBSNS","250MORE","USD","A","2012",219309,
"ITA","EXPBSNS","250MORE","USD","A","2013",226934,
"ITA","EXPBSNS","250MORE","USD","A","2014",228585,
"ITA","EXPBSNS","250MORE","USD","A","2015",200620,
"ITA","EXPBSNS","10_49","USD","A","2008",93230.3,"E"
"ITA","EXPBSNS","10_49","USD","A","2009",70889.7,"E"
"ITA","EXPBSNS","10_49","USD","A","2010",79514.7,"E"
"ITA","EXPBSNS","10_49","USD","A","2011",91956.4,
"ITA","EXPBSNS","10_49","USD","A","2012",90968.7,
"ITA","EXPBSNS","10_49","USD","A","2013",92577.1,
"ITA","EXPBSNS","10_49","USD","A","2014",91733.6,
"ITA","EXPBSNS","10_49","USD","A","2015",78553.4,
"ITA","EXPBSNS","ALLSIZE","USD","A","2008",542748,"E"
"ITA","EXPBSNS","ALLSIZE","USD","A","2009",406909,"E"
"ITA","EXPBSNS","ALLSIZE","USD","A","2010",447220,"E"
"ITA","EXPBSNS","ALLSIZE","USD","A","2011",522770,
"ITA","EXPBSNS","ALLSIZE","USD","A","2012",500840,
"ITA","EXPBSNS","ALLSIZE","USD","A","2013",518271,
"ITA","EXPBSNS","ALLSIZE","USD","A","2014",529903,
"ITA","EXPBSNS","ALLSIZE","USD","A","2015",457440,
"LUX","EXPBSNS","0_9","USD","A","2008",1344.53,
"LUX","EXPBSNS","0_9","USD","A","2009",1193.51,"E"
"LUX","EXPBSNS","0_9","USD","A","2010",1114.89,"E"
"LUX","EXPBSNS","0_9","USD","A","2011",1217.66,
"LUX","EXPBSNS","0_9","USD","A","2012",997.618,
"LUX","EXPBSNS","0_9","USD","A","2013",885.58,
"LUX","EXPBSNS","0_9","USD","A","2014",1068.24,
"LUX","EXPBSNS","50_249","USD","A","2008",2854.18,
"LUX","EXPBSNS","50_249","USD","A","2009",1908.81,"E"
"LUX","EXPBSNS","50_249","USD","A","2010",2559.29,"E"
"LUX","EXPBSNS","50_249","USD","A","2011",2723.68,
"LUX","EXPBSNS","50_249","USD","A","2012",,"C"
"LUX","EXPBSNS","50_249","USD","A","2013",3203.23,
"LUX","EXPBSNS","50_249","USD","A","2014",3451.61,
"LUX","EXPBSNS","250MORE","USD","A","2008",9009.16,
"LUX","EXPBSNS","250MORE","USD","A","2009",6300.13,"E"
"LUX","EXPBSNS","250MORE","USD","A","2010",6817.78,"E"
"LUX","EXPBSNS","250MORE","USD","A","2011",6551.66,
"LUX","EXPBSNS","250MORE","USD","A","2012",,"C"
"LUX","EXPBSNS","250MORE","USD","A","2013",4542.45,
"LUX","EXPBSNS","250MORE","USD","A","2014",4785.05,
"LUX","EXPBSNS","10_49","USD","A","2008",1878.82,
"LUX","EXPBSNS","10_49","USD","A","2009",1631.21,"E"
"LUX","EXPBSNS","10_49","USD","A","2010",1570.21,"E"
"LUX","EXPBSNS","10_49","USD","A","2011",1964.97,
"LUX","EXPBSNS","10_49","USD","A","2012",1343.91,
"LUX","EXPBSNS","10_49","USD","A","2013",,"C"
"LUX","EXPBSNS","10_49","USD","A","2014",,"C"
"LUX","EXPBSNS","ALLSIZE","USD","A","2008",25567.1,
"LUX","EXPBSNS","ALLSIZE","USD","A","2009",20612,"E"
"LUX","EXPBSNS","ALLSIZE","USD","A","2010",19958.5,"E"
"LUX","EXPBSNS","ALLSIZE","USD","A","2011",22375,
"LUX","EXPBSNS","ALLSIZE","USD","A","2012",19635.8,
"LUX","EXPBSNS","ALLSIZE","USD","A","2013",18339.3,
"LUX","EXPBSNS","ALLSIZE","USD","A","2014",,"C"
"NLD","EXPBSNS","0_9","USD","A","2009",53928.9,"E"
"NLD","EXPBSNS","0_9","USD","A","2010",76334.8,"E"
"NLD","EXPBSNS","0_9","USD","A","2011",73815.4,
"NLD","EXPBSNS","0_9","USD","A","2012",52752.4,
"NLD","EXPBSNS","0_9","USD","A","2013",57802.4,
"NLD","EXPBSNS","0_9","USD","A","2014",55538.8,
"NLD","EXPBSNS","50_249","USD","A","2009",116323,"E"
"NLD","EXPBSNS","50_249","USD","A","2010",127372,"E"
"NLD","EXPBSNS","50_249","USD","A","2011",144467,
"NLD","EXPBSNS","50_249","USD","A","2012",135523,
"NLD","EXPBSNS","50_249","USD","A","2013",159531,
"NLD","EXPBSNS","50_249","USD","A","2014",147564,
"NLD","EXPBSNS","250MORE","USD","A","2009",132729,"E"
"NLD","EXPBSNS","250MORE","USD","A","2010",135765,"E"
"NLD","EXPBSNS","250MORE","USD","A","2011",163920,
"NLD","EXPBSNS","250MORE","USD","A","2012",141261,
"NLD","EXPBSNS","250MORE","USD","A","2013",163319,
"NLD","EXPBSNS","250MORE","USD","A","2014",169123,
"NLD","EXPBSNS","10_49","USD","A","2009",61391.3,"E"
"NLD","EXPBSNS","10_49","USD","A","2010",67017.1,"E"
"NLD","EXPBSNS","10_49","USD","A","2011",76145.6,
"NLD","EXPBSNS","10_49","USD","A","2012",67826.3,
"NLD","EXPBSNS","10_49","USD","A","2013",71118.8,
"NLD","EXPBSNS","10_49","USD","A","2014",80395.6,
"NLD","EXPBSNS","ALLSIZE","USD","A","2009",497868,"E"
"NLD","EXPBSNS","ALLSIZE","USD","A","2010",574216,"E"
"NLD","EXPBSNS","ALLSIZE","USD","A","2011",677127,
"NLD","EXPBSNS","ALLSIZE","USD","A","2012",653891,
"NLD","EXPBSNS","ALLSIZE","USD","A","2013",668464,
"NLD","EXPBSNS","ALLSIZE","USD","A","2014",672765,
"NZL","EXPBSNS","ALLSIZE","USD","A","2008",29068.609,
"NZL","EXPBSNS","ALLSIZE","USD","A","2009",24275.775,
"NZL","EXPBSNS","ALLSIZE","USD","A","2010",30276.63,
"NZL","EXPBSNS","ALLSIZE","USD","A","2011",36252.006,
"POL","EXPBSNS","0_9","USD","A","2008",8307.41,"E"
"POL","EXPBSNS","0_9","USD","A","2009",6441.21,"E"
"POL","EXPBSNS","0_9","USD","A","2010",7607.92,"E"
"POL","EXPBSNS","0_9","USD","A","2011",8060.96,
"POL","EXPBSNS","0_9","USD","A","2012",8802.15,
"POL","EXPBSNS","0_9","USD","A","2013",2337.89,
"POL","EXPBSNS","0_9","USD","A","2014",11061,
"POL","EXPBSNS","50_249","USD","A","2008",30327.9,"E"
"POL","EXPBSNS","50_249","USD","A","2009",22662.8,"E"
"POL","EXPBSNS","50_249","USD","A","2010",25773.7,"E"
"POL","EXPBSNS","50_249","USD","A","2011",31894.1,
"POL","EXPBSNS","50_249","USD","A","2012",31788.9,
"POL","EXPBSNS","50_249","USD","A","2013",8358.48,
"POL","EXPBSNS","50_249","USD","A","2014",35831.2,
"POL","EXPBSNS","250MORE","USD","A","2008",102894,"E"
"POL","EXPBSNS","250MORE","USD","A","2009",79232.3,"E"
"POL","EXPBSNS","250MORE","USD","A","2010",91164.9,"E"
"POL","EXPBSNS","250MORE","USD","A","2011",110440,
"POL","EXPBSNS","250MORE","USD","A","2012",104082,
"POL","EXPBSNS","250MORE","USD","A","2013",27103.5,
"POL","EXPBSNS","250MORE","USD","A","2014",118800,
"POL","EXPBSNS","10_49","USD","A","2008",12041,"E"
"POL","EXPBSNS","10_49","USD","A","2009",10185.9,"E"
"POL","EXPBSNS","10_49","USD","A","2010",12527.1,"E"
"POL","EXPBSNS","10_49","USD","A","2011",13976.6,
"POL","EXPBSNS","10_49","USD","A","2012",14935.1,
"POL","EXPBSNS","10_49","USD","A","2013",4061.35,
"POL","EXPBSNS","10_49","USD","A","2014",17487,
"POL","EXPBSNS","ALLSIZE","USD","A","2008",170319,"E"
"POL","EXPBSNS","ALLSIZE","USD","A","2009",136491,"E"
"POL","EXPBSNS","ALLSIZE","USD","A","2010",159749,"E"
"POL","EXPBSNS","ALLSIZE","USD","A","2011",188841,
"POL","EXPBSNS","ALLSIZE","USD","A","2012",185326,
"POL","EXPBSNS","ALLSIZE","USD","A","2013",71139.2,
"POL","EXPBSNS","ALLSIZE","USD","A","2014",220175,
"PRT","EXPBSNS","0_9","USD","A","2008",4402.62,"E"
"PRT","EXPBSNS","0_9","USD","A","2009",4134.9,"E"
"PRT","EXPBSNS","0_9","USD","A","2010",3751,"E"
"PRT","EXPBSNS","0_9","USD","A","2011",4909.66,
"PRT","EXPBSNS","0_9","USD","A","2012",5482.16,
"PRT","EXPBSNS","0_9","USD","A","2013",6524.06,
"PRT","EXPBSNS","0_9","USD","A","2014",6276.13,
"PRT","EXPBSNS","0_9","USD","A","2015",5087.36,
"PRT","EXPBSNS","50_249","USD","A","2008",14952,"E"
"PRT","EXPBSNS","50_249","USD","A","2009",11761.4,"E"
"PRT","EXPBSNS","50_249","USD","A","2010",12439.5,"E"
"PRT","EXPBSNS","50_249","USD","A","2011",15009.3,
"PRT","EXPBSNS","50_249","USD","A","2012",14561.5,
"PRT","EXPBSNS","50_249","USD","A","2013",15703.3,
"PRT","EXPBSNS","50_249","USD","A","2014",16493.3,
"PRT","EXPBSNS","50_249","USD","A","2015",14165.1,
"PRT","EXPBSNS","250MORE","USD","A","2008",25982.3,"E"
"PRT","EXPBSNS","250MORE","USD","A","2009",18398.6,"E"
"PRT","EXPBSNS","250MORE","USD","A","2010",21040.2,"E"
"PRT","EXPBSNS","250MORE","USD","A","2011",25485.4,
"PRT","EXPBSNS","250MORE","USD","A","2012",23589.8,
"PRT","EXPBSNS","250MORE","USD","A","2013",26182.1,
"PRT","EXPBSNS","250MORE","USD","A","2014",25419.5,
"PRT","EXPBSNS","250MORE","USD","A","2015",22468.2,
"PRT","EXPBSNS","10_49","USD","A","2008",7296.62,"E"
"PRT","EXPBSNS","10_49","USD","A","2009",6425.61,"E"
"PRT","EXPBSNS","10_49","USD","A","2010",6053.43,"E"
"PRT","EXPBSNS","10_49","USD","A","2011",9250.25,
"PRT","EXPBSNS","10_49","USD","A","2012",9967.35,
"PRT","EXPBSNS","10_49","USD","A","2013",10087.6,
"PRT","EXPBSNS","10_49","USD","A","2014",10627.7,
"PRT","EXPBSNS","10_49","USD","A","2015",8914.2,
"PRT","EXPBSNS","ALLSIZE","USD","A","2008",57288.1,"E"
"PRT","EXPBSNS","ALLSIZE","USD","A","2009",44210.6,"E"
"PRT","EXPBSNS","ALLSIZE","USD","A","2010",48735.7,"E"
"PRT","EXPBSNS","ALLSIZE","USD","A","2011",59616.6,
"PRT","EXPBSNS","ALLSIZE","USD","A","2012",58089.7,
"PRT","EXPBSNS","ALLSIZE","USD","A","2013",62823,
"PRT","EXPBSNS","ALLSIZE","USD","A","2014",63839.3,
"PRT","EXPBSNS","ALLSIZE","USD","A","2015",55260.1,
"SVK","EXPBSNS","0_9","USD","A","2008",4672.13,"E"
"SVK","EXPBSNS","0_9","USD","A","2009",3797.83,"E"
"SVK","EXPBSNS","0_9","USD","A","2010",4705.27,
"SVK","EXPBSNS","0_9","USD","A","2011",6035.94,
"SVK","EXPBSNS","0_9","USD","A","2012",6707.1,
"SVK","EXPBSNS","0_9","USD","A","2013",6936.81,
"SVK","EXPBSNS","0_9","USD","A","2014",6388.36,
"SVK","EXPBSNS","0_9","USD","A","2015",5377.64,
"SVK","EXPBSNS","50_249","USD","A","2008",7577.46,"E"
"SVK","EXPBSNS","50_249","USD","A","2009",5744.34,"E"
"SVK","EXPBSNS","50_249","USD","A","2010",13555.8,
"SVK","EXPBSNS","50_249","USD","A","2011",9667.73,
"SVK","EXPBSNS","50_249","USD","A","2012",8571.01,
"SVK","EXPBSNS","50_249","USD","A","2013",21359.4,
"SVK","EXPBSNS","50_249","USD","A","2014",9760.9,
"SVK","EXPBSNS","50_249","USD","A","2015",8856.19,
"SVK","EXPBSNS","250MORE","USD","A","2008",41053.4,"E"
"SVK","EXPBSNS","250MORE","USD","A","2009",29194.9,"E"
"SVK","EXPBSNS","250MORE","USD","A","2010",30752.3,
"SVK","EXPBSNS","250MORE","USD","A","2011",49260.6,
"SVK","EXPBSNS","250MORE","USD","A","2012",51383.7,
"SVK","EXPBSNS","250MORE","USD","A","2013",42667.3,
"SVK","EXPBSNS","250MORE","USD","A","2014",54866.9,
"SVK","EXPBSNS","250MORE","USD","A","2015",47154.3,
"SVK","EXPBSNS","10_49","USD","A","2008",10923.9,"E"
"SVK","EXPBSNS","10_49","USD","A","2009",9438.53,"E"
"SVK","EXPBSNS","10_49","USD","A","2010",3382.54,
"SVK","EXPBSNS","10_49","USD","A","2011",5261.9,
"SVK","EXPBSNS","10_49","USD","A","2012",4429.84,
"SVK","EXPBSNS","10_49","USD","A","2013",4843.46,
"SVK","EXPBSNS","10_49","USD","A","2014",4488.29,
"SVK","EXPBSNS","10_49","USD","A","2015",4105.25,
"SVK","EXPBSNS","ALLSIZE","USD","A","2008",70928.3,"E"
"SVK","EXPBSNS","ALLSIZE","USD","A","2009",55995.9,"E"
"SVK","EXPBSNS","ALLSIZE","USD","A","2010",64576.7,
"SVK","EXPBSNS","ALLSIZE","USD","A","2011",79830.4,
"SVK","EXPBSNS","ALLSIZE","USD","A","2012",80611.5,
"SVK","EXPBSNS","ALLSIZE","USD","A","2013",78537.5,
"SVK","EXPBSNS","ALLSIZE","USD","A","2014",86460.4,
"SVK","EXPBSNS","ALLSIZE","USD","A","2015",75274.3,
"ESP","EXPBSNS","0_9","USD","A","2008",26955,"E"
"ESP","EXPBSNS","0_9","USD","A","2009",24838.6,"E"
"ESP","EXPBSNS","0_9","USD","A","2010",29932.6,"E"
"ESP","EXPBSNS","0_9","USD","A","2011",31811.1,
"ESP","EXPBSNS","0_9","USD","A","2012",29042.7,
"ESP","EXPBSNS","0_9","USD","A","2013",29710.9,
"ESP","EXPBSNS","0_9","USD","A","2014",34710.5,
"ESP","EXPBSNS","50_249","USD","A","2008",61155.2,"E"
"ESP","EXPBSNS","50_249","USD","A","2009",50324.4,"E"
"ESP","EXPBSNS","50_249","USD","A","2010",52717.7,"E"
"ESP","EXPBSNS","50_249","USD","A","2011",65570.5,
"ESP","EXPBSNS","50_249","USD","A","2012",60231.8,
"ESP","EXPBSNS","50_249","USD","A","2013",64947.5,
"ESP","EXPBSNS","50_249","USD","A","2014",69586.5,
"ESP","EXPBSNS","250MORE","USD","A","2008",136958,"E"
"ESP","EXPBSNS","250MORE","USD","A","2009",105007,"E"
"ESP","EXPBSNS","250MORE","USD","A","2010",114696,"E"
"ESP","EXPBSNS","250MORE","USD","A","2011",138374,
"ESP","EXPBSNS","250MORE","USD","A","2012",137368,
"ESP","EXPBSNS","250MORE","USD","A","2013",148270,
"ESP","EXPBSNS","250MORE","USD","A","2014",147435,
"ESP","EXPBSNS","10_49","USD","A","2008",36729,"E"
"ESP","EXPBSNS","10_49","USD","A","2009",29722.9,"E"
"ESP","EXPBSNS","10_49","USD","A","2010",33808.1,"E"
"ESP","EXPBSNS","10_49","USD","A","2011",40929.3,
"ESP","EXPBSNS","10_49","USD","A","2012",39988.5,
"ESP","EXPBSNS","10_49","USD","A","2013",41627.4,
"ESP","EXPBSNS","10_49","USD","A","2014",44219.1,
"ESP","EXPBSNS","ALLSIZE","USD","A","2008",278316,"E"
"ESP","EXPBSNS","ALLSIZE","USD","A","2009",223014,"E"
"ESP","EXPBSNS","ALLSIZE","USD","A","2010",250498,"E"
"ESP","EXPBSNS","ALLSIZE","USD","A","2011",299601,
"ESP","EXPBSNS","ALLSIZE","USD","A","2012",294700,
"ESP","EXPBSNS","ALLSIZE","USD","A","2013",313873,
"ESP","EXPBSNS","ALLSIZE","USD","A","2014",323702,
"SWE","EXPBSNS","0_9","USD","A","2008",11329,"E"
"SWE","EXPBSNS","0_9","USD","A","2009",9093.96,"E"
"SWE","EXPBSNS","0_9","USD","A","2010",19916,"E"
"SWE","EXPBSNS","0_9","USD","A","2011",19851,
"SWE","EXPBSNS","0_9","USD","A","2012",18468.8,
"SWE","EXPBSNS","0_9","USD","A","2013",18233.8,
"SWE","EXPBSNS","0_9","USD","A","2014",19433.8,
"SWE","EXPBSNS","0_9","USD","A","2015",16928,
"SWE","EXPBSNS","50_249","USD","A","2008",27138.2,"E"
"SWE","EXPBSNS","50_249","USD","A","2009",21784.6,"E"
"SWE","EXPBSNS","50_249","USD","A","2010",25500.8,"E"
"SWE","EXPBSNS","50_249","USD","A","2011",30302.9,
"SWE","EXPBSNS","50_249","USD","A","2012",27710.1,
"SWE","EXPBSNS","50_249","USD","A","2013",25882.4,
"SWE","EXPBSNS","50_249","USD","A","2014",26449.7,
"SWE","EXPBSNS","50_249","USD","A","2015",23181.7,
"SWE","EXPBSNS","250MORE","USD","A","2008",115848,"E"
"SWE","EXPBSNS","250MORE","USD","A","2009",77998.9,"E"
"SWE","EXPBSNS","250MORE","USD","A","2010",96656.2,"E"
"SWE","EXPBSNS","250MORE","USD","A","2011",116537,
"SWE","EXPBSNS","250MORE","USD","A","2012",106880,
"SWE","EXPBSNS","250MORE","USD","A","2013",102691,
"SWE","EXPBSNS","250MORE","USD","A","2014",98332.5,
"SWE","EXPBSNS","250MORE","USD","A","2015",82396.7,
"SWE","EXPBSNS","10_49","USD","A","2008",15628.2,"E"
"SWE","EXPBSNS","10_49","USD","A","2009",10813,"E"
"SWE","EXPBSNS","10_49","USD","A","2010",12704.2,"E"
"SWE","EXPBSNS","10_49","USD","A","2011",15391.1,
"SWE","EXPBSNS","10_49","USD","A","2012",14668.8,
"SWE","EXPBSNS","10_49","USD","A","2013",14571.5,
"SWE","EXPBSNS","10_49","USD","A","2014",14910.8,
"SWE","EXPBSNS","10_49","USD","A","2015",12450.2,
"SWE","EXPBSNS","ALLSIZE","USD","A","2008",183321,"E"
"SWE","EXPBSNS","ALLSIZE","USD","A","2009",131070,"E"
"SWE","EXPBSNS","ALLSIZE","USD","A","2010",158524,"E"
"SWE","EXPBSNS","ALLSIZE","USD","A","2011",186963,
"SWE","EXPBSNS","ALLSIZE","USD","A","2012",172662,
"SWE","EXPBSNS","ALLSIZE","USD","A","2013",167449,
"SWE","EXPBSNS","ALLSIZE","USD","A","2014",164552,
"SWE","EXPBSNS","ALLSIZE","USD","A","2015",140028,
"TUR","EXPBSNS","0_9","USD","A","2008",17560.46658,
"TUR","EXPBSNS","0_9","USD","A","2009",17562.232,
"TUR","EXPBSNS","0_9","USD","A","2010",12416.752,
"TUR","EXPBSNS","0_9","USD","A","2011",20435.29584,
"TUR","EXPBSNS","0_9","USD","A","2012",31375.9,
"TUR","EXPBSNS","50_249","USD","A","2008",23161.0264,
"TUR","EXPBSNS","50_249","USD","A","2009",17620.003,
"TUR","EXPBSNS","50_249","USD","A","2010",35546.724,
"TUR","EXPBSNS","50_249","USD","A","2011",25164.09195,
"TUR","EXPBSNS","50_249","USD","A","2012",26960.1,
"TUR","EXPBSNS","250MORE","USD","A","2008",56554.74245,
"TUR","EXPBSNS","250MORE","USD","A","2009",40335.159,
"TUR","EXPBSNS","250MORE","USD","A","2010",106920.614,
"TUR","EXPBSNS","250MORE","USD","A","2011",54195.01939,
"TUR","EXPBSNS","250MORE","USD","A","2012",56696.3,
"TUR","EXPBSNS","10_49","USD","A","2008",34312.04843,
"TUR","EXPBSNS","10_49","USD","A","2009",25493.243,
"TUR","EXPBSNS","10_49","USD","A","2010",29867.685,
"TUR","EXPBSNS","10_49","USD","A","2011",34662.53276,
"TUR","EXPBSNS","10_49","USD","A","2012",36941.7,
"TUR","EXPBSNS","ALLSIZE","USD","A","2008",131694.6055,
"TUR","EXPBSNS","ALLSIZE","USD","A","2009",101393.855,
"TUR","EXPBSNS","ALLSIZE","USD","A","2010",184976.562,
"TUR","EXPBSNS","ALLSIZE","USD","A","2011",134682.4693,
"TUR","EXPBSNS","ALLSIZE","USD","A","2012",152255,
"GBR","EXPBSNS","0_9","USD","A","2008",113830,"E"
"GBR","EXPBSNS","0_9","USD","A","2009",87434.7,"E"
"GBR","EXPBSNS","0_9","USD","A","2010",62518.9,"E"
"GBR","EXPBSNS","0_9","USD","A","2011",69286.4,
"GBR","EXPBSNS","0_9","USD","A","2012",63808.2,
"GBR","EXPBSNS","0_9","USD","A","2013",67451.3,
"GBR","EXPBSNS","0_9","USD","A","2014",69990.6,
"GBR","EXPBSNS","50_249","USD","A","2008",66747.5,"E"
"GBR","EXPBSNS","50_249","USD","A","2009",64902.8,"E"
"GBR","EXPBSNS","50_249","USD","A","2010",55604,"E"
"GBR","EXPBSNS","50_249","USD","A","2011",63963.4,
"GBR","EXPBSNS","50_249","USD","A","2012",65301.3,
"GBR","EXPBSNS","50_249","USD","A","2013",68904.1,
"GBR","EXPBSNS","50_249","USD","A","2014",68569.2,
"GBR","EXPBSNS","250MORE","USD","A","2008",194282,"E"
"GBR","EXPBSNS","250MORE","USD","A","2009",140189,"E"
"GBR","EXPBSNS","250MORE","USD","A","2010",220742,"E"
"GBR","EXPBSNS","250MORE","USD","A","2011",286152,
"GBR","EXPBSNS","250MORE","USD","A","2012",258978,
"GBR","EXPBSNS","250MORE","USD","A","2013",320586,
"GBR","EXPBSNS","250MORE","USD","A","2014",283357,
"GBR","EXPBSNS","10_49","USD","A","2008",49132.3,"E"
"GBR","EXPBSNS","10_49","USD","A","2009",36014.7,"E"
"GBR","EXPBSNS","10_49","USD","A","2010",33637.6,"E"
"GBR","EXPBSNS","10_49","USD","A","2011",41545.1,
"GBR","EXPBSNS","10_49","USD","A","2012",39154.5,
"GBR","EXPBSNS","10_49","USD","A","2013",40354,
"GBR","EXPBSNS","10_49","USD","A","2014",40865.2,
"GBR","EXPBSNS","ALLSIZE","USD","A","2008",460535,"E"
"GBR","EXPBSNS","ALLSIZE","USD","A","2009",352919,"E"
"GBR","EXPBSNS","ALLSIZE","USD","A","2010",405521,"E"
"GBR","EXPBSNS","ALLSIZE","USD","A","2011",525903,
"GBR","EXPBSNS","ALLSIZE","USD","A","2012",472575,
"GBR","EXPBSNS","ALLSIZE","USD","A","2013",540611,
"GBR","EXPBSNS","ALLSIZE","USD","A","2014",504860,
"USA","EXPBSNS","0_9","USD","A","2008",150142,
"USA","EXPBSNS","0_9","USD","A","2009",127616,
"USA","EXPBSNS","0_9","USD","A","2010",160089,
"USA","EXPBSNS","0_9","USD","A","2011",187996,
"USA","EXPBSNS","0_9","USD","A","2012",181491,
"USA","EXPBSNS","0_9","USD","A","2013",183545,
"USA","EXPBSNS","0_9","USD","A","2014",189987,
"USA","EXPBSNS","50_249","USD","A","2008",97486.4,
"USA","EXPBSNS","50_249","USD","A","2009",83758.4,
"USA","EXPBSNS","50_249","USD","A","2010",102867,
"USA","EXPBSNS","50_249","USD","A","2011",120455,
"USA","EXPBSNS","50_249","USD","A","2012",130333,
"USA","EXPBSNS","50_249","USD","A","2013",130548,
"USA","EXPBSNS","50_249","USD","A","2014",142764,
"USA","EXPBSNS","250MORE","USD","A","2008",829820,
"USA","EXPBSNS","250MORE","USD","A","2009",665882,
"USA","EXPBSNS","250MORE","USD","A","2010",800381,
"USA","EXPBSNS","250MORE","USD","A","2011",929537,
"USA","EXPBSNS","250MORE","USD","A","2012",987012,
"USA","EXPBSNS","250MORE","USD","A","2013",1002320,
"USA","EXPBSNS","250MORE","USD","A","2014",1028500,
"USA","EXPBSNS","10_49","USD","A","2008",73454.8,
"USA","EXPBSNS","10_49","USD","A","2009",61537.2,
"USA","EXPBSNS","10_49","USD","A","2010",74297.4,
"USA","EXPBSNS","10_49","USD","A","2011",81954.1,
"USA","EXPBSNS","10_49","USD","A","2012",80847.7,
"USA","EXPBSNS","10_49","USD","A","2013",84536.9,
"USA","EXPBSNS","10_49","USD","A","2014",80663.7,
"USA","EXPBSNS","ALLSIZE","USD","A","2008",1150900,
"USA","EXPBSNS","ALLSIZE","USD","A","2009",938794,
"USA","EXPBSNS","ALLSIZE","USD","A","2010",1137630,
"USA","EXPBSNS","ALLSIZE","USD","A","2011",1319940,
"USA","EXPBSNS","ALLSIZE","USD","A","2012",1379680,
"USA","EXPBSNS","ALLSIZE","USD","A","2013",1400950,
"USA","EXPBSNS","ALLSIZE","USD","A","2014",1441910,
"BGR","EXPBSNS","0_9","USD","A","2008",1350.49,"E"
"BGR","EXPBSNS","0_9","USD","A","2009",1532.99,"E"
"BGR","EXPBSNS","0_9","USD","A","2010",2074.04,"E"
"BGR","EXPBSNS","0_9","USD","A","2011",2618.1,
"BGR","EXPBSNS","0_9","USD","A","2012",2726.91,
"BGR","EXPBSNS","0_9","USD","A","2013",2910.25,
"BGR","EXPBSNS","0_9","USD","A","2014",3024.3,
"BGR","EXPBSNS","0_9","USD","A","2015",2680.97,
"BGR","EXPBSNS","50_249","USD","A","2008",4547.72,"E"
"BGR","EXPBSNS","50_249","USD","A","2009",3517.42,"E"
"BGR","EXPBSNS","50_249","USD","A","2010",4329.49,"E"
"BGR","EXPBSNS","50_249","USD","A","2011",5182.91,
"BGR","EXPBSNS","50_249","USD","A","2012",4938.74,
"BGR","EXPBSNS","50_249","USD","A","2013",5725.19,
"BGR","EXPBSNS","50_249","USD","A","2014",5940.39,
"BGR","EXPBSNS","50_249","USD","A","2015",5041.34,
"BGR","EXPBSNS","250MORE","USD","A","2008",12799.7,"E"
"BGR","EXPBSNS","250MORE","USD","A","2009",8621.14,"E"
"BGR","EXPBSNS","250MORE","USD","A","2010",11106.7,"E"
"BGR","EXPBSNS","250MORE","USD","A","2011",15240.8,
"BGR","EXPBSNS","250MORE","USD","A","2012",14452.1,
"BGR","EXPBSNS","250MORE","USD","A","2013",,"C"
"BGR","EXPBSNS","250MORE","USD","A","2014",15024,
"BGR","EXPBSNS","250MORE","USD","A","2015",12754.4,
"BGR","EXPBSNS","10_49","USD","A","2008",2862.14,"E"
"BGR","EXPBSNS","10_49","USD","A","2009",2159.71,"E"
"BGR","EXPBSNS","10_49","USD","A","2010",2690.41,"E"
"BGR","EXPBSNS","10_49","USD","A","2011",4089.54,
"BGR","EXPBSNS","10_49","USD","A","2012",3849.84,
"BGR","EXPBSNS","10_49","USD","A","2013",4423,
"BGR","EXPBSNS","10_49","USD","A","2014",3943.22,
"BGR","EXPBSNS","10_49","USD","A","2015",3482.91,
"BGR","EXPBSNS","ALLSIZE","USD","A","2008",22362.2,"E"
"BGR","EXPBSNS","ALLSIZE","USD","A","2009",16318.4,"E"
"BGR","EXPBSNS","ALLSIZE","USD","A","2010",20629.8,"E"
"BGR","EXPBSNS","ALLSIZE","USD","A","2011",28208.4,
"BGR","EXPBSNS","ALLSIZE","USD","A","2012",26685.9,
"BGR","EXPBSNS","ALLSIZE","USD","A","2013",29579.2,
"BGR","EXPBSNS","ALLSIZE","USD","A","2014",29285,
"BGR","EXPBSNS","ALLSIZE","USD","A","2015",25382.7,
"CYP","EXPBSNS","0_9","USD","A","2009",202.261,"E"
"CYP","EXPBSNS","0_9","USD","A","2010",216.942,"E"
"CYP","EXPBSNS","0_9","USD","A","2011",357.947,
"CYP","EXPBSNS","0_9","USD","A","2012",348.481,
"CYP","EXPBSNS","0_9","USD","A","2013",347.383,
"CYP","EXPBSNS","0_9","USD","A","2014",321.133,
"CYP","EXPBSNS","50_249","USD","A","2009",349.734,"E"
"CYP","EXPBSNS","50_249","USD","A","2010",382.825,"E"
"CYP","EXPBSNS","50_249","USD","A","2011",385.24,
"CYP","EXPBSNS","50_249","USD","A","2012",325.227,
"CYP","EXPBSNS","50_249","USD","A","2013",372.285,
"CYP","EXPBSNS","50_249","USD","A","2014",362.261,
"CYP","EXPBSNS","250MORE","USD","A","2009",159.49,"E"
"CYP","EXPBSNS","250MORE","USD","A","2010",217.307,"E"
"CYP","EXPBSNS","250MORE","USD","A","2011",266.125,
"CYP","EXPBSNS","250MORE","USD","A","2012",266.109,
"CYP","EXPBSNS","250MORE","USD","A","2013",480.096,
"CYP","EXPBSNS","250MORE","USD","A","2014",306.064,
"CYP","EXPBSNS","10_49","USD","A","2009",335.54,"E"
"CYP","EXPBSNS","10_49","USD","A","2010",377.502,"E"
"CYP","EXPBSNS","10_49","USD","A","2011",523.371,
"CYP","EXPBSNS","10_49","USD","A","2012",541.434,
"CYP","EXPBSNS","10_49","USD","A","2013",513.779,
"CYP","EXPBSNS","10_49","USD","A","2014",544.288,
"CYP","EXPBSNS","ALLSIZE","USD","A","2009",1257.35,"E"
"CYP","EXPBSNS","ALLSIZE","USD","A","2010",1402.16,"E"
"CYP","EXPBSNS","ALLSIZE","USD","A","2011",1818,
"CYP","EXPBSNS","ALLSIZE","USD","A","2012",1739.69,
"CYP","EXPBSNS","ALLSIZE","USD","A","2013",2019.27,
"CYP","EXPBSNS","ALLSIZE","USD","A","2014",1811.49,
"EST","EXPBSNS","0_9","USD","A","2008",1583.37,"E"
"EST","EXPBSNS","0_9","USD","A","2009",1137,"E"
"EST","EXPBSNS","0_9","USD","A","2010",1617.05,"E"
"EST","EXPBSNS","0_9","USD","A","2011",2146.93,
"EST","EXPBSNS","0_9","USD","A","2012",2401.84,
"EST","EXPBSNS","0_9","USD","A","2013",3514.91,
"EST","EXPBSNS","0_9","USD","A","2014",3092.48,
"EST","EXPBSNS","50_249","USD","A","2008",4375.93,"E"
"EST","EXPBSNS","50_249","USD","A","2009",3441.7,"E"
"EST","EXPBSNS","50_249","USD","A","2010",4405.97,"E"
"EST","EXPBSNS","50_249","USD","A","2011",6115.02,
"EST","EXPBSNS","50_249","USD","A","2012",5239.41,
"EST","EXPBSNS","50_249","USD","A","2013",5157.23,
"EST","EXPBSNS","50_249","USD","A","2014",5221.72,
"EST","EXPBSNS","250MORE","USD","A","2008",1867.99,"E"
"EST","EXPBSNS","250MORE","USD","A","2009",1472.77,"E"
"EST","EXPBSNS","250MORE","USD","A","2010",2672.98,"E"
"EST","EXPBSNS","250MORE","USD","A","2011",4087.63,
"EST","EXPBSNS","250MORE","USD","A","2012",4068.57,
"EST","EXPBSNS","250MORE","USD","A","2013",4294.36,
"EST","EXPBSNS","250MORE","USD","A","2014",4394.13,
"EST","EXPBSNS","10_49","USD","A","2008",2546.26,"E"
"EST","EXPBSNS","10_49","USD","A","2009",1741.28,"E"
"EST","EXPBSNS","10_49","USD","A","2010",1899.19,"E"
"EST","EXPBSNS","10_49","USD","A","2011",2678.86,
"EST","EXPBSNS","10_49","USD","A","2012",2564.67,
"EST","EXPBSNS","10_49","USD","A","2013",2598.19,
"EST","EXPBSNS","10_49","USD","A","2014",2709.34,
"EST","EXPBSNS","ALLSIZE","USD","A","2008",12457.8,"E"
"EST","EXPBSNS","ALLSIZE","USD","A","2009",9051.36,"E"
"EST","EXPBSNS","ALLSIZE","USD","A","2010",11593.1,"E"
"EST","EXPBSNS","ALLSIZE","USD","A","2011",16723.3,
"EST","EXPBSNS","ALLSIZE","USD","A","2012",16086.4,
"EST","EXPBSNS","ALLSIZE","USD","A","2013",16329.7,
"EST","EXPBSNS","ALLSIZE","USD","A","2014",16052.5,
"LVA","EXPBSNS","0_9","USD","A","2008",1007.6,"E"
"LVA","EXPBSNS","0_9","USD","A","2009",919.883,"E"
"LVA","EXPBSNS","0_9","USD","A","2010",1260.94,"E"
"LVA","EXPBSNS","0_9","USD","A","2011",1874.89,
"LVA","EXPBSNS","0_9","USD","A","2012",2084.33,
"LVA","EXPBSNS","0_9","USD","A","2013",2509.47,
"LVA","EXPBSNS","0_9","USD","A","2014",2599.57,
"LVA","EXPBSNS","0_9","USD","A","2015",2006.6,
"LVA","EXPBSNS","50_249","USD","A","2008",3301.5,"E"
"LVA","EXPBSNS","50_249","USD","A","2009",2628.37,"E"
"LVA","EXPBSNS","50_249","USD","A","2010",3007.57,"E"
"LVA","EXPBSNS","50_249","USD","A","2011",4279.59,
"LVA","EXPBSNS","50_249","USD","A","2012",4762.22,
"LVA","EXPBSNS","50_249","USD","A","2013",5232.45,
"LVA","EXPBSNS","50_249","USD","A","2014",5118.94,
"LVA","EXPBSNS","50_249","USD","A","2015",4189.28,
"LVA","EXPBSNS","250MORE","USD","A","2008",2527.5,"E"
"LVA","EXPBSNS","250MORE","USD","A","2009",1663.26,"E"
"LVA","EXPBSNS","250MORE","USD","A","2010",1879.17,"E"
"LVA","EXPBSNS","250MORE","USD","A","2011",2320.94,
"LVA","EXPBSNS","250MORE","USD","A","2012",2660.68,
"LVA","EXPBSNS","250MORE","USD","A","2013",2433.43,
"LVA","EXPBSNS","250MORE","USD","A","2014",2357.76,
"LVA","EXPBSNS","250MORE","USD","A","2015",2127.16,
"LVA","EXPBSNS","10_49","USD","A","2008",2137.34,"E"
"LVA","EXPBSNS","10_49","USD","A","2009",1683.83,"E"
"LVA","EXPBSNS","10_49","USD","A","2010",2321.3,"E"
"LVA","EXPBSNS","10_49","USD","A","2011",3027.14,
"LVA","EXPBSNS","10_49","USD","A","2012",2902.68,
"LVA","EXPBSNS","10_49","USD","A","2013",2758.95,
"LVA","EXPBSNS","10_49","USD","A","2014",3068.21,
"LVA","EXPBSNS","10_49","USD","A","2015",2625.44,
"LVA","EXPBSNS","ALLSIZE","USD","A","2008",10146.5,"E"
"LVA","EXPBSNS","ALLSIZE","USD","A","2009",7702.9,"E"
"LVA","EXPBSNS","ALLSIZE","USD","A","2010",9532.18,"E"
"LVA","EXPBSNS","ALLSIZE","USD","A","2011",13129.9,
"LVA","EXPBSNS","ALLSIZE","USD","A","2012",14111.3,
"LVA","EXPBSNS","ALLSIZE","USD","A","2013",14466.5,
"LVA","EXPBSNS","ALLSIZE","USD","A","2014",14556.7,
"LVA","EXPBSNS","ALLSIZE","USD","A","2015",12136.3,
"LTU","EXPBSNS","0_9","USD","A","2008",1510.45,"E"
"LTU","EXPBSNS","0_9","USD","A","2009",1251.57,"E"
"LTU","EXPBSNS","0_9","USD","A","2010",1611.68,"E"
"LTU","EXPBSNS","0_9","USD","A","2011",2383.18,
"LTU","EXPBSNS","0_9","USD","A","2012",2652.6,
"LTU","EXPBSNS","0_9","USD","A","2013",3251.36,
"LTU","EXPBSNS","0_9","USD","A","2014",3308.13,
"LTU","EXPBSNS","0_9","USD","A","2015",2883.01,
"LTU","EXPBSNS","50_249","USD","A","2008",5827.21,"E"
"LTU","EXPBSNS","50_249","USD","A","2009",0,"C"
"LTU","EXPBSNS","50_249","USD","A","2010",5106.86,"E"
"LTU","EXPBSNS","50_249","USD","A","2011",6163.92,
"LTU","EXPBSNS","50_249","USD","A","2012",6460.76,
"LTU","EXPBSNS","50_249","USD","A","2013",6858.03,
"LTU","EXPBSNS","50_249","USD","A","2014",6555.07,
"LTU","EXPBSNS","50_249","USD","A","2015",5639.72,
"LTU","EXPBSNS","250MORE","USD","A","2008",0,"C"
"LTU","EXPBSNS","250MORE","USD","A","2009",6689.07,"E"
"LTU","EXPBSNS","250MORE","USD","A","2010",8428.07,"E"
"LTU","EXPBSNS","250MORE","USD","A","2011",11369.7,
"LTU","EXPBSNS","250MORE","USD","A","2012",11355.8,
"LTU","EXPBSNS","250MORE","USD","A","2013",11933.2,
"LTU","EXPBSNS","250MORE","USD","A","2014",10457.4,
"LTU","EXPBSNS","250MORE","USD","A","2015",8175.5,
"LTU","EXPBSNS","10_49","USD","A","2008",3059.21,"E"
"LTU","EXPBSNS","10_49","USD","A","2009",2176.2,"E"
"LTU","EXPBSNS","10_49","USD","A","2010",2735.69,"E"
"LTU","EXPBSNS","10_49","USD","A","2011",3693.86,
"LTU","EXPBSNS","10_49","USD","A","2012",3892.18,
"LTU","EXPBSNS","10_49","USD","A","2013",4011.07,
"LTU","EXPBSNS","10_49","USD","A","2014",4171.1,
"LTU","EXPBSNS","10_49","USD","A","2015",3390.33,
"LTU","EXPBSNS","ALLSIZE","USD","A","2008",23646.2,"E"
"LTU","EXPBSNS","ALLSIZE","USD","A","2009",16454.2,"E"
"LTU","EXPBSNS","ALLSIZE","USD","A","2010",20748.2,"E"
"LTU","EXPBSNS","ALLSIZE","USD","A","2011",28050,
"LTU","EXPBSNS","ALLSIZE","USD","A","2012",29611.2,
"LTU","EXPBSNS","ALLSIZE","USD","A","2013",32597.7,
"LTU","EXPBSNS","ALLSIZE","USD","A","2014",32364,
"LTU","EXPBSNS","ALLSIZE","USD","A","2015",25411.9,
"MLT","EXPBSNS","0_9","USD","A","2009",319.326,"E"
"MLT","EXPBSNS","0_9","USD","A","2010",627.785,"E"
"MLT","EXPBSNS","0_9","USD","A","2011",833.633,
"MLT","EXPBSNS","0_9","USD","A","2012",832.657,
"MLT","EXPBSNS","0_9","USD","A","2013",768.037,
"MLT","EXPBSNS","0_9","USD","A","2014",652.646,
"MLT","EXPBSNS","50_249","USD","A","2009",249.722,"E"
"MLT","EXPBSNS","50_249","USD","A","2010",283.766,"E"
"MLT","EXPBSNS","50_249","USD","A","2011",311.528,
"MLT","EXPBSNS","50_249","USD","A","2012",505.175,
"MLT","EXPBSNS","50_249","USD","A","2013",353.358,
"MLT","EXPBSNS","50_249","USD","A","2014",462.094,
"MLT","EXPBSNS","250MORE","USD","A","2009",1478.41,"E"
"MLT","EXPBSNS","250MORE","USD","A","2010",1783.02,"E"
"MLT","EXPBSNS","250MORE","USD","A","2011",2057.04,
"MLT","EXPBSNS","250MORE","USD","A","2012",2021.44,
"MLT","EXPBSNS","250MORE","USD","A","2013",1942.6,
"MLT","EXPBSNS","250MORE","USD","A","2014",1522.73,
"MLT","EXPBSNS","10_49","USD","A","2009",175.333,"E"
"MLT","EXPBSNS","10_49","USD","A","2010",941.654,"E"
"MLT","EXPBSNS","10_49","USD","A","2011",1161.86,
"MLT","EXPBSNS","10_49","USD","A","2012",886.389,
"MLT","EXPBSNS","10_49","USD","A","2013",573.586,
"MLT","EXPBSNS","10_49","USD","A","2014",292.955,
"MLT","EXPBSNS","ALLSIZE","USD","A","2009",2286.88,"E"
"MLT","EXPBSNS","ALLSIZE","USD","A","2010",3643.51,"E"
"MLT","EXPBSNS","ALLSIZE","USD","A","2011",4410.61,
"MLT","EXPBSNS","ALLSIZE","USD","A","2012",4268.17,
"MLT","EXPBSNS","ALLSIZE","USD","A","2013",3649.44,
"MLT","EXPBSNS","ALLSIZE","USD","A","2014",2942.07,
"ROU","EXPBSNS","0_9","USD","A","2008",6912.06,"E"
"ROU","EXPBSNS","0_9","USD","A","2009",6014.33,"E"
"ROU","EXPBSNS","0_9","USD","A","2010",3146.24,"E"
"ROU","EXPBSNS","0_9","USD","A","2011",7043.87,
"ROU","EXPBSNS","0_9","USD","A","2012",4186.23,
"ROU","EXPBSNS","0_9","USD","A","2013",2993.02,
"ROU","EXPBSNS","0_9","USD","A","2014",9917.08,
"ROU","EXPBSNS","50_249","USD","A","2008",9377.46,"E"
"ROU","EXPBSNS","50_249","USD","A","2009",7729.15,"E"
"ROU","EXPBSNS","50_249","USD","A","2010",9446.18,"E"
"ROU","EXPBSNS","50_249","USD","A","2011",12867.5,
"ROU","EXPBSNS","50_249","USD","A","2012",11152.3,
"ROU","EXPBSNS","50_249","USD","A","2013",12868.4,
"ROU","EXPBSNS","50_249","USD","A","2014",12007,
"ROU","EXPBSNS","250MORE","USD","A","2008",29043.3,"E"
"ROU","EXPBSNS","250MORE","USD","A","2009",22911.6,"E"
"ROU","EXPBSNS","250MORE","USD","A","2010",31794.7,"E"
"ROU","EXPBSNS","250MORE","USD","A","2011",36593.8,
"ROU","EXPBSNS","250MORE","USD","A","2012",32123.3,
"ROU","EXPBSNS","250MORE","USD","A","2013",37551.7,
"ROU","EXPBSNS","250MORE","USD","A","2014",40921.9,
"ROU","EXPBSNS","10_49","USD","A","2008",3860.78,"E"
"ROU","EXPBSNS","10_49","USD","A","2009",3445.15,"E"
"ROU","EXPBSNS","10_49","USD","A","2010",4022.07,"E"
"ROU","EXPBSNS","10_49","USD","A","2011",4838.6,
"ROU","EXPBSNS","10_49","USD","A","2012",4561.59,
"ROU","EXPBSNS","10_49","USD","A","2013",5512.46,
"ROU","EXPBSNS","10_49","USD","A","2014",5698.18,
"ROU","EXPBSNS","ALLSIZE","USD","A","2008",49498.8,"E"
"ROU","EXPBSNS","ALLSIZE","USD","A","2009",40563.8,"E"
"ROU","EXPBSNS","ALLSIZE","USD","A","2010",49510.1,"E"
"ROU","EXPBSNS","ALLSIZE","USD","A","2011",63004.7,
"ROU","EXPBSNS","ALLSIZE","USD","A","2012",57821.2,
"ROU","EXPBSNS","ALLSIZE","USD","A","2013",65855.1,
"ROU","EXPBSNS","ALLSIZE","USD","A","2014",69722.4,
"SVN","EXPBSNS","0_9","USD","A","2008",2721.14,"E"
"SVN","EXPBSNS","0_9","USD","A","2009",2361.11,"E"
"SVN","EXPBSNS","0_9","USD","A","2010",2258.26,"E"
"SVN","EXPBSNS","0_9","USD","A","2011",2726.49,
"SVN","EXPBSNS","0_9","USD","A","2012",2723.48,
"SVN","EXPBSNS","0_9","USD","A","2013",3096.95,
"SVN","EXPBSNS","0_9","USD","A","2014",,"C"
"SVN","EXPBSNS","50_249","USD","A","2008",5981.1,"E"
"SVN","EXPBSNS","50_249","USD","A","2009",4886.17,"E"
"SVN","EXPBSNS","50_249","USD","A","2010",5499.78,"E"
"SVN","EXPBSNS","50_249","USD","A","2011",6220.29,
"SVN","EXPBSNS","50_249","USD","A","2012",5557.17,
"SVN","EXPBSNS","50_249","USD","A","2013",5971.59,
"SVN","EXPBSNS","50_249","USD","A","2014",6582.66,
"SVN","EXPBSNS","250MORE","USD","A","2008",15343.5,"E"
"SVN","EXPBSNS","250MORE","USD","A","2009",11330.3,"E"
"SVN","EXPBSNS","250MORE","USD","A","2010",12283.3,"E"
"SVN","EXPBSNS","250MORE","USD","A","2011",14071.5,
"SVN","EXPBSNS","250MORE","USD","A","2012",13186,
"SVN","EXPBSNS","250MORE","USD","A","2013",13202.9,
"SVN","EXPBSNS","250MORE","USD","A","2014",13652.2,
"SVN","EXPBSNS","10_49","USD","A","2008",3162.15,"E"
"SVN","EXPBSNS","10_49","USD","A","2009",2276.3,"E"
"SVN","EXPBSNS","10_49","USD","A","2010",2721.61,"E"
"SVN","EXPBSNS","10_49","USD","A","2011",3525.8,
"SVN","EXPBSNS","10_49","USD","A","2012",3184,
"SVN","EXPBSNS","10_49","USD","A","2013",3625.29,
"SVN","EXPBSNS","10_49","USD","A","2014",3674.5,
"SVN","EXPBSNS","ALLSIZE","USD","A","2008",34127.9,"E"
"SVN","EXPBSNS","ALLSIZE","USD","A","2009",26177.1,"E"
"SVN","EXPBSNS","ALLSIZE","USD","A","2010",29200.1,"E"
"SVN","EXPBSNS","ALLSIZE","USD","A","2011",34755.6,
"SVN","EXPBSNS","ALLSIZE","USD","A","2012",32162.7,
"SVN","EXPBSNS","ALLSIZE","USD","A","2013",34019,
"SVN","EXPBSNS","ALLSIZE","USD","A","2014",35969.1,
"HRV","EXPBSNS","0_9","USD","A","2012",653.228,
"HRV","EXPBSNS","0_9","USD","A","2013",1360.82,
"HRV","EXPBSNS","0_9","USD","A","2014",1806.86,
"HRV","EXPBSNS","0_9","USD","A","2015",1724.02,
"HRV","EXPBSNS","50_249","USD","A","2012",2919.37,
"HRV","EXPBSNS","50_249","USD","A","2013",3163.52,
"HRV","EXPBSNS","50_249","USD","A","2014",3165.09,
"HRV","EXPBSNS","50_249","USD","A","2015",2836.64,
"HRV","EXPBSNS","250MORE","USD","A","2012",7286.48,
"HRV","EXPBSNS","250MORE","USD","A","2013",6476.65,
"HRV","EXPBSNS","250MORE","USD","A","2014",6188.45,
"HRV","EXPBSNS","250MORE","USD","A","2015",5320.23,
"HRV","EXPBSNS","10_49","USD","A","2012",1474.99,
"HRV","EXPBSNS","10_49","USD","A","2013",1562.29,
"HRV","EXPBSNS","10_49","USD","A","2014",1645.35,
"HRV","EXPBSNS","10_49","USD","A","2015",1587.27,
"HRV","EXPBSNS","ALLSIZE","USD","A","2012",12363.6,
"HRV","EXPBSNS","ALLSIZE","USD","A","2013",12721.7,
"HRV","EXPBSNS","ALLSIZE","USD","A","2014",13858.4,
"HRV","EXPBSNS","ALLSIZE","USD","A","2015",12937.2,
"CRI","EXPBSNS","0_9","USD","A","2013",571.784,
"CRI","EXPBSNS","50_249","USD","A","2013",2102.24,
"CRI","EXPBSNS","250MORE","USD","A","2013",7887.1,
"CRI","EXPBSNS","10_49","USD","A","2013",627.28,
"CRI","EXPBSNS","ALLSIZE","USD","A","2013",11602.9,
"KOR","EXPBSNS","0_9","USD","A","2012",31264.9,
"KOR","EXPBSNS","0_9","USD","A","2013",27337.3,
"KOR","EXPBSNS","0_9","USD","A","2014",27818.9,
"KOR","EXPBSNS","0_9","USD","A","2015",25330.1,
"KOR","EXPBSNS","50_249","USD","A","2012",52248.4,
"KOR","EXPBSNS","50_249","USD","A","2013",52866.2,
"KOR","EXPBSNS","50_249","USD","A","2014",58888.9,
"KOR","EXPBSNS","50_249","USD","A","2015",53469.3,
"KOR","EXPBSNS","250MORE","USD","A","2012",431913,
"KOR","EXPBSNS","250MORE","USD","A","2013",447003,
"KOR","EXPBSNS","250MORE","USD","A","2014",452549,
"KOR","EXPBSNS","250MORE","USD","A","2015",417795,
"KOR","EXPBSNS","10_49","USD","A","2012",31005.5,
"KOR","EXPBSNS","10_49","USD","A","2013",31127.3,
"KOR","EXPBSNS","10_49","USD","A","2014",32254,
"KOR","EXPBSNS","10_49","USD","A","2015",28984.9,
"KOR","EXPBSNS","ALLSIZE","USD","A","2012",546432,
"KOR","EXPBSNS","ALLSIZE","USD","A","2013",558334,
"KOR","EXPBSNS","ALLSIZE","USD","A","2014",571510,
"KOR","EXPBSNS","ALLSIZE","USD","A","2015",525580,
"NOR","EXPBSNS","0_9","USD","A","2008",10013,
"NOR","EXPBSNS","0_9","USD","A","2009",9254.96,
"NOR","EXPBSNS","0_9","USD","A","2010",11592.8,
"NOR","EXPBSNS","50_249","USD","A","2008",19872,
"NOR","EXPBSNS","50_249","USD","A","2009",13041,
"NOR","EXPBSNS","50_249","USD","A","2010",13651.6,
"NOR","EXPBSNS","250MORE","USD","A","2008",80378.9,
"NOR","EXPBSNS","250MORE","USD","A","2009",53909.5,
"NOR","EXPBSNS","250MORE","USD","A","2010",61178.4,
"NOR","EXPBSNS","10_49","USD","A","2008",7219.55,
"NOR","EXPBSNS","10_49","USD","A","2009",6488.52,
"NOR","EXPBSNS","10_49","USD","A","2010",7010.03,
"NOR","EXPBSNS","ALLSIZE","USD","A","2008",170560,
"NOR","EXPBSNS","ALLSIZE","USD","A","2009",130897,
"NOR","EXPBSNS","ALLSIZE","USD","A","2010",135420,
