﻿"LOCATION","INDICATOR","SUBJECT","MEASURE","FREQUENCY","TIME","Value","Flag Codes"
"AUS","GVCPARTICIP","TOT","PC_GEXP","A","1995",11.97,
"AUS","GVCPARTICIP","TOT","PC_GEXP","A","1996",12.51,
"AUS","GVCPARTICIP","TOT","PC_GEXP","A","1997",13.31,
"AUS","GVCPARTICIP","TOT","PC_GEXP","A","1998",12.61,
"AUS","GVCPARTICIP","TOT","PC_GEXP","A","1999",14.38,
"AUS","GVCPARTICIP","TOT","PC_GEXP","A","2000",15.69,
"AUS","GVCPARTICIP","TOT","PC_GEXP","A","2001",14.14,
"AUS","GVCPARTICIP","TOT","PC_GEXP","A","2002",15.04,
"AUS","GVCPARTICIP","TOT","PC_GEXP","A","2003",12.46,
"AUS","GVCPARTICIP","TOT","PC_GEXP","A","2004",11.86,
"AUS","GVCPARTICIP","TOT","PC_GEXP","A","2005",11.97,
"AUS","GVCPARTICIP","TOT","PC_GEXP","A","2006",13.28,
"AUS","GVCPARTICIP","TOT","PC_GEXP","A","2007",13.45,
"AUS","GVCPARTICIP","TOT","PC_GEXP","A","2008",13.52,
"AUS","GVCPARTICIP","TOT","PC_GEXP","A","2009",12.78,
"AUS","GVCPARTICIP","TOT","PC_GEXP","A","2010",12.77,
"AUS","GVCPARTICIP","TOT","PC_GEXP","A","2011",13.91,
"AUS","GVCPARTICIP","TOT","PC_GEXP","A","2012",13.86,
"AUS","GVCPARTICIP","TOT","PC_GEXP","A","2013",14,
"AUS","GVCPARTICIP","TOT","PC_GEXP","A","2014",14.69,
"AUT","GVCPARTICIP","TOT","PC_GEXP","A","1995",21.37,
"AUT","GVCPARTICIP","TOT","PC_GEXP","A","1996",23.33,
"AUT","GVCPARTICIP","TOT","PC_GEXP","A","1997",23.97,
"AUT","GVCPARTICIP","TOT","PC_GEXP","A","1998",23.72,
"AUT","GVCPARTICIP","TOT","PC_GEXP","A","1999",23.58,
"AUT","GVCPARTICIP","TOT","PC_GEXP","A","2000",24.65,
"AUT","GVCPARTICIP","TOT","PC_GEXP","A","2001",26.44,
"AUT","GVCPARTICIP","TOT","PC_GEXP","A","2002",24.72,
"AUT","GVCPARTICIP","TOT","PC_GEXP","A","2003",24.97,
"AUT","GVCPARTICIP","TOT","PC_GEXP","A","2004",25.66,
"AUT","GVCPARTICIP","TOT","PC_GEXP","A","2005",26.3,
"AUT","GVCPARTICIP","TOT","PC_GEXP","A","2006",27,
"AUT","GVCPARTICIP","TOT","PC_GEXP","A","2007",26.93,
"AUT","GVCPARTICIP","TOT","PC_GEXP","A","2008",27.72,
"AUT","GVCPARTICIP","TOT","PC_GEXP","A","2009",24.42,
"AUT","GVCPARTICIP","TOT","PC_GEXP","A","2010",26.22,
"AUT","GVCPARTICIP","TOT","PC_GEXP","A","2011",27.62,
"AUT","GVCPARTICIP","TOT","PC_GEXP","A","2012",27.56,
"AUT","GVCPARTICIP","TOT","PC_GEXP","A","2013",27.57,
"AUT","GVCPARTICIP","TOT","PC_GEXP","A","2014",27.32,
"BEL","GVCPARTICIP","TOT","PC_GEXP","A","1995",31,
"BEL","GVCPARTICIP","TOT","PC_GEXP","A","1996",31.36,
"BEL","GVCPARTICIP","TOT","PC_GEXP","A","1997",32.02,
"BEL","GVCPARTICIP","TOT","PC_GEXP","A","1998",31.09,
"BEL","GVCPARTICIP","TOT","PC_GEXP","A","1999",31.21,
"BEL","GVCPARTICIP","TOT","PC_GEXP","A","2000",34.33,
"BEL","GVCPARTICIP","TOT","PC_GEXP","A","2001",33.23,
"BEL","GVCPARTICIP","TOT","PC_GEXP","A","2002",30.88,
"BEL","GVCPARTICIP","TOT","PC_GEXP","A","2003",29.76,
"BEL","GVCPARTICIP","TOT","PC_GEXP","A","2004",30.71,
"BEL","GVCPARTICIP","TOT","PC_GEXP","A","2005",31.16,
"BEL","GVCPARTICIP","TOT","PC_GEXP","A","2006",32.67,
"BEL","GVCPARTICIP","TOT","PC_GEXP","A","2007",32.92,
"BEL","GVCPARTICIP","TOT","PC_GEXP","A","2008",36.38,
"BEL","GVCPARTICIP","TOT","PC_GEXP","A","2009",30.39,
"BEL","GVCPARTICIP","TOT","PC_GEXP","A","2010",30.7,
"BEL","GVCPARTICIP","TOT","PC_GEXP","A","2011",34.37,
"BEL","GVCPARTICIP","TOT","PC_GEXP","A","2012",35.14,
"BEL","GVCPARTICIP","TOT","PC_GEXP","A","2013",35.04,
"BEL","GVCPARTICIP","TOT","PC_GEXP","A","2014",35.55,
"CAN","GVCPARTICIP","TOT","PC_GEXP","A","1995",24.21,
"CAN","GVCPARTICIP","TOT","PC_GEXP","A","1996",25.06,
"CAN","GVCPARTICIP","TOT","PC_GEXP","A","1997",26.94,
"CAN","GVCPARTICIP","TOT","PC_GEXP","A","1998",26.79,
"CAN","GVCPARTICIP","TOT","PC_GEXP","A","1999",26.82,
"CAN","GVCPARTICIP","TOT","PC_GEXP","A","2000",26.85,
"CAN","GVCPARTICIP","TOT","PC_GEXP","A","2001",25.56,
"CAN","GVCPARTICIP","TOT","PC_GEXP","A","2002",25.33,
"CAN","GVCPARTICIP","TOT","PC_GEXP","A","2003",23.37,
"CAN","GVCPARTICIP","TOT","PC_GEXP","A","2004",23.89,
"CAN","GVCPARTICIP","TOT","PC_GEXP","A","2005",23.43,
"CAN","GVCPARTICIP","TOT","PC_GEXP","A","2006",22.85,
"CAN","GVCPARTICIP","TOT","PC_GEXP","A","2007",22.36,
"CAN","GVCPARTICIP","TOT","PC_GEXP","A","2008",22.91,
"CAN","GVCPARTICIP","TOT","PC_GEXP","A","2009",22.38,
"CAN","GVCPARTICIP","TOT","PC_GEXP","A","2010",23.46,
"CAN","GVCPARTICIP","TOT","PC_GEXP","A","2011",23.56,
"CAN","GVCPARTICIP","TOT","PC_GEXP","A","2012",24.55,
"CAN","GVCPARTICIP","TOT","PC_GEXP","A","2013",23.86,
"CAN","GVCPARTICIP","TOT","PC_GEXP","A","2014",23.26,
"CZE","GVCPARTICIP","TOT","PC_GEXP","A","1995",30.36,
"CZE","GVCPARTICIP","TOT","PC_GEXP","A","1996",29.37,
"CZE","GVCPARTICIP","TOT","PC_GEXP","A","1997",31.89,
"CZE","GVCPARTICIP","TOT","PC_GEXP","A","1998",33.27,
"CZE","GVCPARTICIP","TOT","PC_GEXP","A","1999",33.62,
"CZE","GVCPARTICIP","TOT","PC_GEXP","A","2000",38.65,
"CZE","GVCPARTICIP","TOT","PC_GEXP","A","2001",39.67,
"CZE","GVCPARTICIP","TOT","PC_GEXP","A","2002",38.52,
"CZE","GVCPARTICIP","TOT","PC_GEXP","A","2003",39.83,
"CZE","GVCPARTICIP","TOT","PC_GEXP","A","2004",41.36,
"CZE","GVCPARTICIP","TOT","PC_GEXP","A","2005",42.41,
"CZE","GVCPARTICIP","TOT","PC_GEXP","A","2006",43.66,
"CZE","GVCPARTICIP","TOT","PC_GEXP","A","2007",44,
"CZE","GVCPARTICIP","TOT","PC_GEXP","A","2008",42.05,
"CZE","GVCPARTICIP","TOT","PC_GEXP","A","2009",39.94,
"CZE","GVCPARTICIP","TOT","PC_GEXP","A","2010",43.86,
"CZE","GVCPARTICIP","TOT","PC_GEXP","A","2011",45.09,
"CZE","GVCPARTICIP","TOT","PC_GEXP","A","2012",46.07,
"CZE","GVCPARTICIP","TOT","PC_GEXP","A","2013",45.76,
"CZE","GVCPARTICIP","TOT","PC_GEXP","A","2014",46.61,
"DNK","GVCPARTICIP","TOT","PC_GEXP","A","1995",23.18,
"DNK","GVCPARTICIP","TOT","PC_GEXP","A","1996",23.63,
"DNK","GVCPARTICIP","TOT","PC_GEXP","A","1997",23.56,
"DNK","GVCPARTICIP","TOT","PC_GEXP","A","1998",24.42,
"DNK","GVCPARTICIP","TOT","PC_GEXP","A","1999",24.37,
"DNK","GVCPARTICIP","TOT","PC_GEXP","A","2000",26.14,
"DNK","GVCPARTICIP","TOT","PC_GEXP","A","2001",27.06,
"DNK","GVCPARTICIP","TOT","PC_GEXP","A","2002",24.77,
"DNK","GVCPARTICIP","TOT","PC_GEXP","A","2003",25.03,
"DNK","GVCPARTICIP","TOT","PC_GEXP","A","2004",25.48,
"DNK","GVCPARTICIP","TOT","PC_GEXP","A","2005",27.69,
"DNK","GVCPARTICIP","TOT","PC_GEXP","A","2006",30.64,
"DNK","GVCPARTICIP","TOT","PC_GEXP","A","2007",31.5,
"DNK","GVCPARTICIP","TOT","PC_GEXP","A","2008",34.05,
"DNK","GVCPARTICIP","TOT","PC_GEXP","A","2009",30.68,
"DNK","GVCPARTICIP","TOT","PC_GEXP","A","2010",30.14,
"DNK","GVCPARTICIP","TOT","PC_GEXP","A","2011",32.83,
"DNK","GVCPARTICIP","TOT","PC_GEXP","A","2012",32.3,
"DNK","GVCPARTICIP","TOT","PC_GEXP","A","2013",31.21,
"DNK","GVCPARTICIP","TOT","PC_GEXP","A","2014",30.7,
"FIN","GVCPARTICIP","TOT","PC_GEXP","A","1995",24.02,
"FIN","GVCPARTICIP","TOT","PC_GEXP","A","1996",25.62,
"FIN","GVCPARTICIP","TOT","PC_GEXP","A","1997",25.96,
"FIN","GVCPARTICIP","TOT","PC_GEXP","A","1998",24.21,
"FIN","GVCPARTICIP","TOT","PC_GEXP","A","1999",23.88,
"FIN","GVCPARTICIP","TOT","PC_GEXP","A","2000",30.57,
"FIN","GVCPARTICIP","TOT","PC_GEXP","A","2001",27.83,
"FIN","GVCPARTICIP","TOT","PC_GEXP","A","2002",27.03,
"FIN","GVCPARTICIP","TOT","PC_GEXP","A","2003",27.33,
"FIN","GVCPARTICIP","TOT","PC_GEXP","A","2004",28.63,
"FIN","GVCPARTICIP","TOT","PC_GEXP","A","2005",31.7,
"FIN","GVCPARTICIP","TOT","PC_GEXP","A","2006",34.25,
"FIN","GVCPARTICIP","TOT","PC_GEXP","A","2007",32.51,
"FIN","GVCPARTICIP","TOT","PC_GEXP","A","2008",33.46,
"FIN","GVCPARTICIP","TOT","PC_GEXP","A","2009",30.45,
"FIN","GVCPARTICIP","TOT","PC_GEXP","A","2010",31.73,
"FIN","GVCPARTICIP","TOT","PC_GEXP","A","2011",34.6,
"FIN","GVCPARTICIP","TOT","PC_GEXP","A","2012",35.99,
"FIN","GVCPARTICIP","TOT","PC_GEXP","A","2013",35.61,
"FIN","GVCPARTICIP","TOT","PC_GEXP","A","2014",35.03,
"FRA","GVCPARTICIP","TOT","PC_GEXP","A","1995",17.16,
"FRA","GVCPARTICIP","TOT","PC_GEXP","A","1996",18.03,
"FRA","GVCPARTICIP","TOT","PC_GEXP","A","1997",18.96,
"FRA","GVCPARTICIP","TOT","PC_GEXP","A","1998",19.22,
"FRA","GVCPARTICIP","TOT","PC_GEXP","A","1999",19.79,
"FRA","GVCPARTICIP","TOT","PC_GEXP","A","2000",22.76,
"FRA","GVCPARTICIP","TOT","PC_GEXP","A","2001",22.51,
"FRA","GVCPARTICIP","TOT","PC_GEXP","A","2002",21.93,
"FRA","GVCPARTICIP","TOT","PC_GEXP","A","2003",21.21,
"FRA","GVCPARTICIP","TOT","PC_GEXP","A","2004",22.22,
"FRA","GVCPARTICIP","TOT","PC_GEXP","A","2005",23.39,
"FRA","GVCPARTICIP","TOT","PC_GEXP","A","2006",24.97,
"FRA","GVCPARTICIP","TOT","PC_GEXP","A","2007",25.29,
"FRA","GVCPARTICIP","TOT","PC_GEXP","A","2008",24.68,
"FRA","GVCPARTICIP","TOT","PC_GEXP","A","2009",21.54,
"FRA","GVCPARTICIP","TOT","PC_GEXP","A","2010",23.67,
"FRA","GVCPARTICIP","TOT","PC_GEXP","A","2011",25.01,
"FRA","GVCPARTICIP","TOT","PC_GEXP","A","2012",25.9,
"FRA","GVCPARTICIP","TOT","PC_GEXP","A","2013",25.81,
"FRA","GVCPARTICIP","TOT","PC_GEXP","A","2014",26.27,
"DEU","GVCPARTICIP","TOT","PC_GEXP","A","1995",14.82,
"DEU","GVCPARTICIP","TOT","PC_GEXP","A","1996",15.34,
"DEU","GVCPARTICIP","TOT","PC_GEXP","A","1997",16.37,
"DEU","GVCPARTICIP","TOT","PC_GEXP","A","1998",16.44,
"DEU","GVCPARTICIP","TOT","PC_GEXP","A","1999",17.4,
"DEU","GVCPARTICIP","TOT","PC_GEXP","A","2000",20.14,
"DEU","GVCPARTICIP","TOT","PC_GEXP","A","2001",19.87,
"DEU","GVCPARTICIP","TOT","PC_GEXP","A","2002",18.7,
"DEU","GVCPARTICIP","TOT","PC_GEXP","A","2003",18.97,
"DEU","GVCPARTICIP","TOT","PC_GEXP","A","2004",19.58,
"DEU","GVCPARTICIP","TOT","PC_GEXP","A","2005",21.29,
"DEU","GVCPARTICIP","TOT","PC_GEXP","A","2006",23.31,
"DEU","GVCPARTICIP","TOT","PC_GEXP","A","2007",24.18,
"DEU","GVCPARTICIP","TOT","PC_GEXP","A","2008",24.67,
"DEU","GVCPARTICIP","TOT","PC_GEXP","A","2009",21.78,
"DEU","GVCPARTICIP","TOT","PC_GEXP","A","2010",23.25,
"DEU","GVCPARTICIP","TOT","PC_GEXP","A","2011",25.62,
"DEU","GVCPARTICIP","TOT","PC_GEXP","A","2012",26.03,
"DEU","GVCPARTICIP","TOT","PC_GEXP","A","2013",25.78,
"DEU","GVCPARTICIP","TOT","PC_GEXP","A","2014",25.35,
"GRC","GVCPARTICIP","TOT","PC_GEXP","A","1995",16.25,
"GRC","GVCPARTICIP","TOT","PC_GEXP","A","1996",18.1,
"GRC","GVCPARTICIP","TOT","PC_GEXP","A","1997",18.32,
"GRC","GVCPARTICIP","TOT","PC_GEXP","A","1998",17.82,
"GRC","GVCPARTICIP","TOT","PC_GEXP","A","1999",18.82,
"GRC","GVCPARTICIP","TOT","PC_GEXP","A","2000",23.95,
"GRC","GVCPARTICIP","TOT","PC_GEXP","A","2001",24.52,
"GRC","GVCPARTICIP","TOT","PC_GEXP","A","2002",22.21,
"GRC","GVCPARTICIP","TOT","PC_GEXP","A","2003",19.51,
"GRC","GVCPARTICIP","TOT","PC_GEXP","A","2004",20.67,
"GRC","GVCPARTICIP","TOT","PC_GEXP","A","2005",21.25,
"GRC","GVCPARTICIP","TOT","PC_GEXP","A","2006",23.79,
"GRC","GVCPARTICIP","TOT","PC_GEXP","A","2007",24.19,
"GRC","GVCPARTICIP","TOT","PC_GEXP","A","2008",25.25,
"GRC","GVCPARTICIP","TOT","PC_GEXP","A","2009",20.7,
"GRC","GVCPARTICIP","TOT","PC_GEXP","A","2010",21.76,
"GRC","GVCPARTICIP","TOT","PC_GEXP","A","2011",24.93,
"GRC","GVCPARTICIP","TOT","PC_GEXP","A","2012",25.82,
"GRC","GVCPARTICIP","TOT","PC_GEXP","A","2013",26.39,
"GRC","GVCPARTICIP","TOT","PC_GEXP","A","2014",26.97,
"HUN","GVCPARTICIP","TOT","PC_GEXP","A","1995",30.02,
"HUN","GVCPARTICIP","TOT","PC_GEXP","A","1996",30.31,
"HUN","GVCPARTICIP","TOT","PC_GEXP","A","1997",35.77,
"HUN","GVCPARTICIP","TOT","PC_GEXP","A","1998",41.05,
"HUN","GVCPARTICIP","TOT","PC_GEXP","A","1999",44.62,
"HUN","GVCPARTICIP","TOT","PC_GEXP","A","2000",51.5,
"HUN","GVCPARTICIP","TOT","PC_GEXP","A","2001",49.17,
"HUN","GVCPARTICIP","TOT","PC_GEXP","A","2002",46.21,
"HUN","GVCPARTICIP","TOT","PC_GEXP","A","2003",47.2,
"HUN","GVCPARTICIP","TOT","PC_GEXP","A","2004",47.38,
"HUN","GVCPARTICIP","TOT","PC_GEXP","A","2005",47.91,
"HUN","GVCPARTICIP","TOT","PC_GEXP","A","2006",49.19,
"HUN","GVCPARTICIP","TOT","PC_GEXP","A","2007",48.23,
"HUN","GVCPARTICIP","TOT","PC_GEXP","A","2008",46.13,
"HUN","GVCPARTICIP","TOT","PC_GEXP","A","2009",44.73,
"HUN","GVCPARTICIP","TOT","PC_GEXP","A","2010",48.61,
"HUN","GVCPARTICIP","TOT","PC_GEXP","A","2011",48.48,
"HUN","GVCPARTICIP","TOT","PC_GEXP","A","2012",47.89,
"HUN","GVCPARTICIP","TOT","PC_GEXP","A","2013",47.44,
"HUN","GVCPARTICIP","TOT","PC_GEXP","A","2014",47.31,
"ISL","GVCPARTICIP","TOT","PC_GEXP","A","1995",18.84,
"ISL","GVCPARTICIP","TOT","PC_GEXP","A","1996",19.44,
"ISL","GVCPARTICIP","TOT","PC_GEXP","A","1997",20.02,
"ISL","GVCPARTICIP","TOT","PC_GEXP","A","1998",21.43,
"ISL","GVCPARTICIP","TOT","PC_GEXP","A","1999",21.28,
"ISL","GVCPARTICIP","TOT","PC_GEXP","A","2000",24.29,
"ISL","GVCPARTICIP","TOT","PC_GEXP","A","2001",23.16,
"ISL","GVCPARTICIP","TOT","PC_GEXP","A","2002",22.84,
"ISL","GVCPARTICIP","TOT","PC_GEXP","A","2003",24.14,
"ISL","GVCPARTICIP","TOT","PC_GEXP","A","2004",26.14,
"ISL","GVCPARTICIP","TOT","PC_GEXP","A","2005",29.04,
"ISL","GVCPARTICIP","TOT","PC_GEXP","A","2006",29.31,
"ISL","GVCPARTICIP","TOT","PC_GEXP","A","2007",28.65,
"ISL","GVCPARTICIP","TOT","PC_GEXP","A","2008",29.6,
"ISL","GVCPARTICIP","TOT","PC_GEXP","A","2009",30.41,
"ISL","GVCPARTICIP","TOT","PC_GEXP","A","2010",31.21,
"ISL","GVCPARTICIP","TOT","PC_GEXP","A","2011",33.23,
"ISL","GVCPARTICIP","TOT","PC_GEXP","A","2012",34.89,
"ISL","GVCPARTICIP","TOT","PC_GEXP","A","2013",34.04,
"ISL","GVCPARTICIP","TOT","PC_GEXP","A","2014",34.61,
"IRL","GVCPARTICIP","TOT","PC_GEXP","A","1995",38.37,
"IRL","GVCPARTICIP","TOT","PC_GEXP","A","1996",36.15,
"IRL","GVCPARTICIP","TOT","PC_GEXP","A","1997",36.74,
"IRL","GVCPARTICIP","TOT","PC_GEXP","A","1998",39.36,
"IRL","GVCPARTICIP","TOT","PC_GEXP","A","1999",40.62,
"IRL","GVCPARTICIP","TOT","PC_GEXP","A","2000",42.71,
"IRL","GVCPARTICIP","TOT","PC_GEXP","A","2001",43.09,
"IRL","GVCPARTICIP","TOT","PC_GEXP","A","2002",38.76,
"IRL","GVCPARTICIP","TOT","PC_GEXP","A","2003",38.85,
"IRL","GVCPARTICIP","TOT","PC_GEXP","A","2004",39.5,
"IRL","GVCPARTICIP","TOT","PC_GEXP","A","2005",41.78,
"IRL","GVCPARTICIP","TOT","PC_GEXP","A","2006",41.93,
"IRL","GVCPARTICIP","TOT","PC_GEXP","A","2007",42.4,
"IRL","GVCPARTICIP","TOT","PC_GEXP","A","2008",43.43,
"IRL","GVCPARTICIP","TOT","PC_GEXP","A","2009",41.9,
"IRL","GVCPARTICIP","TOT","PC_GEXP","A","2010",43.57,
"IRL","GVCPARTICIP","TOT","PC_GEXP","A","2011",43.51,
"IRL","GVCPARTICIP","TOT","PC_GEXP","A","2012",46.44,
"IRL","GVCPARTICIP","TOT","PC_GEXP","A","2013",46.04,
"IRL","GVCPARTICIP","TOT","PC_GEXP","A","2014",48.31,
"ITA","GVCPARTICIP","TOT","PC_GEXP","A","1995",17.19,
"ITA","GVCPARTICIP","TOT","PC_GEXP","A","1996",15.78,
"ITA","GVCPARTICIP","TOT","PC_GEXP","A","1997",16.41,
"ITA","GVCPARTICIP","TOT","PC_GEXP","A","1998",16.92,
"ITA","GVCPARTICIP","TOT","PC_GEXP","A","1999",17.11,
"ITA","GVCPARTICIP","TOT","PC_GEXP","A","2000",19.91,
"ITA","GVCPARTICIP","TOT","PC_GEXP","A","2001",19.61,
"ITA","GVCPARTICIP","TOT","PC_GEXP","A","2002",19.15,
"ITA","GVCPARTICIP","TOT","PC_GEXP","A","2003",19.18,
"ITA","GVCPARTICIP","TOT","PC_GEXP","A","2004",20.26,
"ITA","GVCPARTICIP","TOT","PC_GEXP","A","2005",22.01,
"ITA","GVCPARTICIP","TOT","PC_GEXP","A","2006",24.35,
"ITA","GVCPARTICIP","TOT","PC_GEXP","A","2007",25.08,
"ITA","GVCPARTICIP","TOT","PC_GEXP","A","2008",25.68,
"ITA","GVCPARTICIP","TOT","PC_GEXP","A","2009",21.12,
"ITA","GVCPARTICIP","TOT","PC_GEXP","A","2010",24.85,
"ITA","GVCPARTICIP","TOT","PC_GEXP","A","2011",26.41,
"ITA","GVCPARTICIP","TOT","PC_GEXP","A","2012",26.64,
"ITA","GVCPARTICIP","TOT","PC_GEXP","A","2013",25.77,
"ITA","GVCPARTICIP","TOT","PC_GEXP","A","2014",25.36,
"JPN","GVCPARTICIP","TOT","PC_GEXP","A","1995",5.62,
"JPN","GVCPARTICIP","TOT","PC_GEXP","A","1996",6.5,
"JPN","GVCPARTICIP","TOT","PC_GEXP","A","1997",7.02,
"JPN","GVCPARTICIP","TOT","PC_GEXP","A","1998",6.69,
"JPN","GVCPARTICIP","TOT","PC_GEXP","A","1999",6.52,
"JPN","GVCPARTICIP","TOT","PC_GEXP","A","2000",7.4,
"JPN","GVCPARTICIP","TOT","PC_GEXP","A","2001",7.81,
"JPN","GVCPARTICIP","TOT","PC_GEXP","A","2002",7.98,
"JPN","GVCPARTICIP","TOT","PC_GEXP","A","2003",8.24,
"JPN","GVCPARTICIP","TOT","PC_GEXP","A","2004",9.09,
"JPN","GVCPARTICIP","TOT","PC_GEXP","A","2005",11.09,
"JPN","GVCPARTICIP","TOT","PC_GEXP","A","2006",13.22,
"JPN","GVCPARTICIP","TOT","PC_GEXP","A","2007",14.54,
"JPN","GVCPARTICIP","TOT","PC_GEXP","A","2008",15.71,
"JPN","GVCPARTICIP","TOT","PC_GEXP","A","2009",11.18,
"JPN","GVCPARTICIP","TOT","PC_GEXP","A","2010",12.69,
"JPN","GVCPARTICIP","TOT","PC_GEXP","A","2011",14.7,
"JPN","GVCPARTICIP","TOT","PC_GEXP","A","2012",14.8,
"JPN","GVCPARTICIP","TOT","PC_GEXP","A","2013",16.92,
"JPN","GVCPARTICIP","TOT","PC_GEXP","A","2014",18.19,
"KOR","GVCPARTICIP","TOT","PC_GEXP","A","1995",22.31,
"KOR","GVCPARTICIP","TOT","PC_GEXP","A","1996",24.09,
"KOR","GVCPARTICIP","TOT","PC_GEXP","A","1997",27.36,
"KOR","GVCPARTICIP","TOT","PC_GEXP","A","1998",27.61,
"KOR","GVCPARTICIP","TOT","PC_GEXP","A","1999",27.21,
"KOR","GVCPARTICIP","TOT","PC_GEXP","A","2000",29.68,
"KOR","GVCPARTICIP","TOT","PC_GEXP","A","2001",28.57,
"KOR","GVCPARTICIP","TOT","PC_GEXP","A","2002",27.33,
"KOR","GVCPARTICIP","TOT","PC_GEXP","A","2003",30.69,
"KOR","GVCPARTICIP","TOT","PC_GEXP","A","2004",32.39,
"KOR","GVCPARTICIP","TOT","PC_GEXP","A","2005",32.97,
"KOR","GVCPARTICIP","TOT","PC_GEXP","A","2006",34.45,
"KOR","GVCPARTICIP","TOT","PC_GEXP","A","2007",35.4,
"KOR","GVCPARTICIP","TOT","PC_GEXP","A","2008",41.64,
"KOR","GVCPARTICIP","TOT","PC_GEXP","A","2009",37.45,
"KOR","GVCPARTICIP","TOT","PC_GEXP","A","2010",39.16,
"KOR","GVCPARTICIP","TOT","PC_GEXP","A","2011",41.63,
"KOR","GVCPARTICIP","TOT","PC_GEXP","A","2012",41.86,
"KOR","GVCPARTICIP","TOT","PC_GEXP","A","2013",39.43,
"KOR","GVCPARTICIP","TOT","PC_GEXP","A","2014",37.84,
"LUX","GVCPARTICIP","TOT","PC_GEXP","A","1995",41.03,
"LUX","GVCPARTICIP","TOT","PC_GEXP","A","1996",42.55,
"LUX","GVCPARTICIP","TOT","PC_GEXP","A","1997",46.31,
"LUX","GVCPARTICIP","TOT","PC_GEXP","A","1998",48.16,
"LUX","GVCPARTICIP","TOT","PC_GEXP","A","1999",49.1,
"LUX","GVCPARTICIP","TOT","PC_GEXP","A","2000",53.15,
"LUX","GVCPARTICIP","TOT","PC_GEXP","A","2001",53.45,
"LUX","GVCPARTICIP","TOT","PC_GEXP","A","2002",51.43,
"LUX","GVCPARTICIP","TOT","PC_GEXP","A","2003",49.71,
"LUX","GVCPARTICIP","TOT","PC_GEXP","A","2004",54.31,
"LUX","GVCPARTICIP","TOT","PC_GEXP","A","2005",54.69,
"LUX","GVCPARTICIP","TOT","PC_GEXP","A","2006",56.58,
"LUX","GVCPARTICIP","TOT","PC_GEXP","A","2007",57.72,
"LUX","GVCPARTICIP","TOT","PC_GEXP","A","2008",58.92,
"LUX","GVCPARTICIP","TOT","PC_GEXP","A","2009",55.26,
"LUX","GVCPARTICIP","TOT","PC_GEXP","A","2010",57.45,
"LUX","GVCPARTICIP","TOT","PC_GEXP","A","2011",59.02,
"LUX","GVCPARTICIP","TOT","PC_GEXP","A","2012",58.62,
"LUX","GVCPARTICIP","TOT","PC_GEXP","A","2013",59.43,
"LUX","GVCPARTICIP","TOT","PC_GEXP","A","2014",60.22,
"MEX","GVCPARTICIP","TOT","PC_GEXP","A","1995",27.28,
"MEX","GVCPARTICIP","TOT","PC_GEXP","A","1996",28.9,
"MEX","GVCPARTICIP","TOT","PC_GEXP","A","1997",30,
"MEX","GVCPARTICIP","TOT","PC_GEXP","A","1998",32.93,
"MEX","GVCPARTICIP","TOT","PC_GEXP","A","1999",33.61,
"MEX","GVCPARTICIP","TOT","PC_GEXP","A","2000",34.34,
"MEX","GVCPARTICIP","TOT","PC_GEXP","A","2001",33.85,
"MEX","GVCPARTICIP","TOT","PC_GEXP","A","2002",33.29,
"MEX","GVCPARTICIP","TOT","PC_GEXP","A","2003",33.42,
"MEX","GVCPARTICIP","TOT","PC_GEXP","A","2004",34.37,
"MEX","GVCPARTICIP","TOT","PC_GEXP","A","2005",33,
"MEX","GVCPARTICIP","TOT","PC_GEXP","A","2006",33.45,
"MEX","GVCPARTICIP","TOT","PC_GEXP","A","2007",33.75,
"MEX","GVCPARTICIP","TOT","PC_GEXP","A","2008",32.7,
"MEX","GVCPARTICIP","TOT","PC_GEXP","A","2009",33.51,
"MEX","GVCPARTICIP","TOT","PC_GEXP","A","2010",34.44,
"MEX","GVCPARTICIP","TOT","PC_GEXP","A","2011",31.69,
"MEX","GVCPARTICIP","TOT","PC_GEXP","A","2012",33,
"MEX","GVCPARTICIP","TOT","PC_GEXP","A","2013",33.08,
"MEX","GVCPARTICIP","TOT","PC_GEXP","A","2014",33.5,
"NLD","GVCPARTICIP","TOT","PC_GEXP","A","1995",26.74,
"NLD","GVCPARTICIP","TOT","PC_GEXP","A","1996",27.16,
"NLD","GVCPARTICIP","TOT","PC_GEXP","A","1997",28.01,
"NLD","GVCPARTICIP","TOT","PC_GEXP","A","1998",27.18,
"NLD","GVCPARTICIP","TOT","PC_GEXP","A","1999",27.7,
"NLD","GVCPARTICIP","TOT","PC_GEXP","A","2000",30.18,
"NLD","GVCPARTICIP","TOT","PC_GEXP","A","2001",27.46,
"NLD","GVCPARTICIP","TOT","PC_GEXP","A","2002",26.65,
"NLD","GVCPARTICIP","TOT","PC_GEXP","A","2003",26.28,
"NLD","GVCPARTICIP","TOT","PC_GEXP","A","2004",27.27,
"NLD","GVCPARTICIP","TOT","PC_GEXP","A","2005",27.89,
"NLD","GVCPARTICIP","TOT","PC_GEXP","A","2006",29.44,
"NLD","GVCPARTICIP","TOT","PC_GEXP","A","2007",29.43,
"NLD","GVCPARTICIP","TOT","PC_GEXP","A","2008",29.43,
"NLD","GVCPARTICIP","TOT","PC_GEXP","A","2009",26.79,
"NLD","GVCPARTICIP","TOT","PC_GEXP","A","2010",29.6,
"NLD","GVCPARTICIP","TOT","PC_GEXP","A","2011",31.55,
"NLD","GVCPARTICIP","TOT","PC_GEXP","A","2012",31.9,
"NLD","GVCPARTICIP","TOT","PC_GEXP","A","2013",31.48,
"NLD","GVCPARTICIP","TOT","PC_GEXP","A","2014",32.45,
"NZL","GVCPARTICIP","TOT","PC_GEXP","A","1995",16.83,
"NZL","GVCPARTICIP","TOT","PC_GEXP","A","1996",16.81,
"NZL","GVCPARTICIP","TOT","PC_GEXP","A","1997",17.74,
"NZL","GVCPARTICIP","TOT","PC_GEXP","A","1998",17.48,
"NZL","GVCPARTICIP","TOT","PC_GEXP","A","1999",18.88,
"NZL","GVCPARTICIP","TOT","PC_GEXP","A","2000",22.22,
"NZL","GVCPARTICIP","TOT","PC_GEXP","A","2001",20.1,
"NZL","GVCPARTICIP","TOT","PC_GEXP","A","2002",20.07,
"NZL","GVCPARTICIP","TOT","PC_GEXP","A","2003",17.64,
"NZL","GVCPARTICIP","TOT","PC_GEXP","A","2004",18.21,
"NZL","GVCPARTICIP","TOT","PC_GEXP","A","2005",15.73,
"NZL","GVCPARTICIP","TOT","PC_GEXP","A","2006",16.67,
"NZL","GVCPARTICIP","TOT","PC_GEXP","A","2007",15.71,
"NZL","GVCPARTICIP","TOT","PC_GEXP","A","2008",18.74,
"NZL","GVCPARTICIP","TOT","PC_GEXP","A","2009",15.34,
"NZL","GVCPARTICIP","TOT","PC_GEXP","A","2010",16.25,
"NZL","GVCPARTICIP","TOT","PC_GEXP","A","2011",16.82,
"NZL","GVCPARTICIP","TOT","PC_GEXP","A","2012",16.45,
"NZL","GVCPARTICIP","TOT","PC_GEXP","A","2013",15.64,
"NZL","GVCPARTICIP","TOT","PC_GEXP","A","2014",15.84,
"NOR","GVCPARTICIP","TOT","PC_GEXP","A","1995",19.93,
"NOR","GVCPARTICIP","TOT","PC_GEXP","A","1996",18.95,
"NOR","GVCPARTICIP","TOT","PC_GEXP","A","1997",19.47,
"NOR","GVCPARTICIP","TOT","PC_GEXP","A","1998",21.73,
"NOR","GVCPARTICIP","TOT","PC_GEXP","A","1999",19.99,
"NOR","GVCPARTICIP","TOT","PC_GEXP","A","2000",16.16,
"NOR","GVCPARTICIP","TOT","PC_GEXP","A","2001",17.46,
"NOR","GVCPARTICIP","TOT","PC_GEXP","A","2002",16.98,
"NOR","GVCPARTICIP","TOT","PC_GEXP","A","2003",16.92,
"NOR","GVCPARTICIP","TOT","PC_GEXP","A","2004",16.75,
"NOR","GVCPARTICIP","TOT","PC_GEXP","A","2005",15.96,
"NOR","GVCPARTICIP","TOT","PC_GEXP","A","2006",15.87,
"NOR","GVCPARTICIP","TOT","PC_GEXP","A","2007",17.92,
"NOR","GVCPARTICIP","TOT","PC_GEXP","A","2008",16.31,
"NOR","GVCPARTICIP","TOT","PC_GEXP","A","2009",17.56,
"NOR","GVCPARTICIP","TOT","PC_GEXP","A","2010",17.73,
"NOR","GVCPARTICIP","TOT","PC_GEXP","A","2011",17.22,
"NOR","GVCPARTICIP","TOT","PC_GEXP","A","2012",16.88,
"NOR","GVCPARTICIP","TOT","PC_GEXP","A","2013",17.5,
"NOR","GVCPARTICIP","TOT","PC_GEXP","A","2014",18.74,
"POL","GVCPARTICIP","TOT","PC_GEXP","A","1995",16.06,
"POL","GVCPARTICIP","TOT","PC_GEXP","A","1996",17.26,
"POL","GVCPARTICIP","TOT","PC_GEXP","A","1997",18.78,
"POL","GVCPARTICIP","TOT","PC_GEXP","A","1998",20.91,
"POL","GVCPARTICIP","TOT","PC_GEXP","A","1999",21.78,
"POL","GVCPARTICIP","TOT","PC_GEXP","A","2000",23.82,
"POL","GVCPARTICIP","TOT","PC_GEXP","A","2001",23.23,
"POL","GVCPARTICIP","TOT","PC_GEXP","A","2002",24.09,
"POL","GVCPARTICIP","TOT","PC_GEXP","A","2003",26.73,
"POL","GVCPARTICIP","TOT","PC_GEXP","A","2004",28.42,
"POL","GVCPARTICIP","TOT","PC_GEXP","A","2005",28.22,
"POL","GVCPARTICIP","TOT","PC_GEXP","A","2006",30.9,
"POL","GVCPARTICIP","TOT","PC_GEXP","A","2007",31.19,
"POL","GVCPARTICIP","TOT","PC_GEXP","A","2008",30.98,
"POL","GVCPARTICIP","TOT","PC_GEXP","A","2009",27.01,
"POL","GVCPARTICIP","TOT","PC_GEXP","A","2010",31.2,
"POL","GVCPARTICIP","TOT","PC_GEXP","A","2011",32.29,
"POL","GVCPARTICIP","TOT","PC_GEXP","A","2012",32.99,
"POL","GVCPARTICIP","TOT","PC_GEXP","A","2013",32.56,
"POL","GVCPARTICIP","TOT","PC_GEXP","A","2014",32.98,
"PRT","GVCPARTICIP","TOT","PC_GEXP","A","1995",27.27,
"PRT","GVCPARTICIP","TOT","PC_GEXP","A","1996",27.14,
"PRT","GVCPARTICIP","TOT","PC_GEXP","A","1997",27.9,
"PRT","GVCPARTICIP","TOT","PC_GEXP","A","1998",28.06,
"PRT","GVCPARTICIP","TOT","PC_GEXP","A","1999",27.9,
"PRT","GVCPARTICIP","TOT","PC_GEXP","A","2000",29.99,
"PRT","GVCPARTICIP","TOT","PC_GEXP","A","2001",29.58,
"PRT","GVCPARTICIP","TOT","PC_GEXP","A","2002",29.23,
"PRT","GVCPARTICIP","TOT","PC_GEXP","A","2003",29.14,
"PRT","GVCPARTICIP","TOT","PC_GEXP","A","2004",30.36,
"PRT","GVCPARTICIP","TOT","PC_GEXP","A","2005",31.67,
"PRT","GVCPARTICIP","TOT","PC_GEXP","A","2006",33.73,
"PRT","GVCPARTICIP","TOT","PC_GEXP","A","2007",32.56,
"PRT","GVCPARTICIP","TOT","PC_GEXP","A","2008",33.47,
"PRT","GVCPARTICIP","TOT","PC_GEXP","A","2009",28.35,
"PRT","GVCPARTICIP","TOT","PC_GEXP","A","2010",31.37,
"PRT","GVCPARTICIP","TOT","PC_GEXP","A","2011",32.58,
"PRT","GVCPARTICIP","TOT","PC_GEXP","A","2012",32.68,
"PRT","GVCPARTICIP","TOT","PC_GEXP","A","2013",32.68,
"PRT","GVCPARTICIP","TOT","PC_GEXP","A","2014",32.39,
"SVK","GVCPARTICIP","TOT","PC_GEXP","A","1995",31.79,
"SVK","GVCPARTICIP","TOT","PC_GEXP","A","1996",36.71,
"SVK","GVCPARTICIP","TOT","PC_GEXP","A","1997",38.15,
"SVK","GVCPARTICIP","TOT","PC_GEXP","A","1998",40.27,
"SVK","GVCPARTICIP","TOT","PC_GEXP","A","1999",39.65,
"SVK","GVCPARTICIP","TOT","PC_GEXP","A","2000",44.1,
"SVK","GVCPARTICIP","TOT","PC_GEXP","A","2001",47.13,
"SVK","GVCPARTICIP","TOT","PC_GEXP","A","2002",45.94,
"SVK","GVCPARTICIP","TOT","PC_GEXP","A","2003",48.31,
"SVK","GVCPARTICIP","TOT","PC_GEXP","A","2004",46.87,
"SVK","GVCPARTICIP","TOT","PC_GEXP","A","2005",47.06,
"SVK","GVCPARTICIP","TOT","PC_GEXP","A","2006",49.4,
"SVK","GVCPARTICIP","TOT","PC_GEXP","A","2007",48.18,
"SVK","GVCPARTICIP","TOT","PC_GEXP","A","2008",46.18,
"SVK","GVCPARTICIP","TOT","PC_GEXP","A","2009",43.36,
"SVK","GVCPARTICIP","TOT","PC_GEXP","A","2010",45.73,
"SVK","GVCPARTICIP","TOT","PC_GEXP","A","2011",46.73,
"SVK","GVCPARTICIP","TOT","PC_GEXP","A","2012",48.16,
"SVK","GVCPARTICIP","TOT","PC_GEXP","A","2013",49.22,
"SVK","GVCPARTICIP","TOT","PC_GEXP","A","2014",48.19,
"ESP","GVCPARTICIP","TOT","PC_GEXP","A","1995",19.12,
"ESP","GVCPARTICIP","TOT","PC_GEXP","A","1996",19.52,
"ESP","GVCPARTICIP","TOT","PC_GEXP","A","1997",20.93,
"ESP","GVCPARTICIP","TOT","PC_GEXP","A","1998",21.65,
"ESP","GVCPARTICIP","TOT","PC_GEXP","A","1999",22.88,
"ESP","GVCPARTICIP","TOT","PC_GEXP","A","2000",25.74,
"ESP","GVCPARTICIP","TOT","PC_GEXP","A","2001",24.83,
"ESP","GVCPARTICIP","TOT","PC_GEXP","A","2002",24.02,
"ESP","GVCPARTICIP","TOT","PC_GEXP","A","2003",24.04,
"ESP","GVCPARTICIP","TOT","PC_GEXP","A","2004",25.35,
"ESP","GVCPARTICIP","TOT","PC_GEXP","A","2005",26.22,
"ESP","GVCPARTICIP","TOT","PC_GEXP","A","2006",28.3,
"ESP","GVCPARTICIP","TOT","PC_GEXP","A","2007",28.76,
"ESP","GVCPARTICIP","TOT","PC_GEXP","A","2008",27.44,
"ESP","GVCPARTICIP","TOT","PC_GEXP","A","2009",22.14,
"ESP","GVCPARTICIP","TOT","PC_GEXP","A","2010",24.75,
"ESP","GVCPARTICIP","TOT","PC_GEXP","A","2011",26.79,
"ESP","GVCPARTICIP","TOT","PC_GEXP","A","2012",26.8,
"ESP","GVCPARTICIP","TOT","PC_GEXP","A","2013",26.33,
"ESP","GVCPARTICIP","TOT","PC_GEXP","A","2014",26.97,
"SWE","GVCPARTICIP","TOT","PC_GEXP","A","1995",26.23,
"SWE","GVCPARTICIP","TOT","PC_GEXP","A","1996",25.53,
"SWE","GVCPARTICIP","TOT","PC_GEXP","A","1997",26.95,
"SWE","GVCPARTICIP","TOT","PC_GEXP","A","1998",27.43,
"SWE","GVCPARTICIP","TOT","PC_GEXP","A","1999",27.72,
"SWE","GVCPARTICIP","TOT","PC_GEXP","A","2000",29.07,
"SWE","GVCPARTICIP","TOT","PC_GEXP","A","2001",29.81,
"SWE","GVCPARTICIP","TOT","PC_GEXP","A","2002",28.41,
"SWE","GVCPARTICIP","TOT","PC_GEXP","A","2003",27.54,
"SWE","GVCPARTICIP","TOT","PC_GEXP","A","2004",27.91,
"SWE","GVCPARTICIP","TOT","PC_GEXP","A","2005",29.02,
"SWE","GVCPARTICIP","TOT","PC_GEXP","A","2006",30.35,
"SWE","GVCPARTICIP","TOT","PC_GEXP","A","2007",30.26,
"SWE","GVCPARTICIP","TOT","PC_GEXP","A","2008",31.91,
"SWE","GVCPARTICIP","TOT","PC_GEXP","A","2009",28.53,
"SWE","GVCPARTICIP","TOT","PC_GEXP","A","2010",28.78,
"SWE","GVCPARTICIP","TOT","PC_GEXP","A","2011",29.06,
"SWE","GVCPARTICIP","TOT","PC_GEXP","A","2012",30.59,
"SWE","GVCPARTICIP","TOT","PC_GEXP","A","2013",28.72,
"SWE","GVCPARTICIP","TOT","PC_GEXP","A","2014",30.15,
"CHE","GVCPARTICIP","TOT","PC_GEXP","A","1995",17.54,
"CHE","GVCPARTICIP","TOT","PC_GEXP","A","1996",17.64,
"CHE","GVCPARTICIP","TOT","PC_GEXP","A","1997",19.23,
"CHE","GVCPARTICIP","TOT","PC_GEXP","A","1998",19.64,
"CHE","GVCPARTICIP","TOT","PC_GEXP","A","1999",19.52,
"CHE","GVCPARTICIP","TOT","PC_GEXP","A","2000",21.17,
"CHE","GVCPARTICIP","TOT","PC_GEXP","A","2001",21.27,
"CHE","GVCPARTICIP","TOT","PC_GEXP","A","2002",20.26,
"CHE","GVCPARTICIP","TOT","PC_GEXP","A","2003",24.13,
"CHE","GVCPARTICIP","TOT","PC_GEXP","A","2004",24.8,
"CHE","GVCPARTICIP","TOT","PC_GEXP","A","2005",25.74,
"CHE","GVCPARTICIP","TOT","PC_GEXP","A","2006",26.49,
"CHE","GVCPARTICIP","TOT","PC_GEXP","A","2007",23.57,
"CHE","GVCPARTICIP","TOT","PC_GEXP","A","2008",22.73,
"CHE","GVCPARTICIP","TOT","PC_GEXP","A","2009",21.26,
"CHE","GVCPARTICIP","TOT","PC_GEXP","A","2010",21.93,
"CHE","GVCPARTICIP","TOT","PC_GEXP","A","2011",21.7,
"CHE","GVCPARTICIP","TOT","PC_GEXP","A","2012",22.4,
"CHE","GVCPARTICIP","TOT","PC_GEXP","A","2013",23.19,
"CHE","GVCPARTICIP","TOT","PC_GEXP","A","2014",21.28,
"TUR","GVCPARTICIP","TOT","PC_GEXP","A","1995",8.9,
"TUR","GVCPARTICIP","TOT","PC_GEXP","A","1996",9.16,
"TUR","GVCPARTICIP","TOT","PC_GEXP","A","1997",9.48,
"TUR","GVCPARTICIP","TOT","PC_GEXP","A","1998",9.57,
"TUR","GVCPARTICIP","TOT","PC_GEXP","A","1999",10.39,
"TUR","GVCPARTICIP","TOT","PC_GEXP","A","2000",12.95,
"TUR","GVCPARTICIP","TOT","PC_GEXP","A","2001",15.11,
"TUR","GVCPARTICIP","TOT","PC_GEXP","A","2002",18.33,
"TUR","GVCPARTICIP","TOT","PC_GEXP","A","2003",19.59,
"TUR","GVCPARTICIP","TOT","PC_GEXP","A","2004",21.13,
"TUR","GVCPARTICIP","TOT","PC_GEXP","A","2005",20.88,
"TUR","GVCPARTICIP","TOT","PC_GEXP","A","2006",23.26,
"TUR","GVCPARTICIP","TOT","PC_GEXP","A","2007",24.13,
"TUR","GVCPARTICIP","TOT","PC_GEXP","A","2008",24.9,
"TUR","GVCPARTICIP","TOT","PC_GEXP","A","2009",21.54,
"TUR","GVCPARTICIP","TOT","PC_GEXP","A","2010",22.6,
"TUR","GVCPARTICIP","TOT","PC_GEXP","A","2011",25.68,
"TUR","GVCPARTICIP","TOT","PC_GEXP","A","2012",24.06,
"TUR","GVCPARTICIP","TOT","PC_GEXP","A","2013",22.25,
"TUR","GVCPARTICIP","TOT","PC_GEXP","A","2014",21.79,
"GBR","GVCPARTICIP","TOT","PC_GEXP","A","1995",18.19,
"GBR","GVCPARTICIP","TOT","PC_GEXP","A","1996",18.46,
"GBR","GVCPARTICIP","TOT","PC_GEXP","A","1997",17.7,
"GBR","GVCPARTICIP","TOT","PC_GEXP","A","1998",16.49,
"GBR","GVCPARTICIP","TOT","PC_GEXP","A","1999",16.65,
"GBR","GVCPARTICIP","TOT","PC_GEXP","A","2000",17.96,
"GBR","GVCPARTICIP","TOT","PC_GEXP","A","2001",17.61,
"GBR","GVCPARTICIP","TOT","PC_GEXP","A","2002",16.86,
"GBR","GVCPARTICIP","TOT","PC_GEXP","A","2003",16.6,
"GBR","GVCPARTICIP","TOT","PC_GEXP","A","2004",16.91,
"GBR","GVCPARTICIP","TOT","PC_GEXP","A","2005",17.02,
"GBR","GVCPARTICIP","TOT","PC_GEXP","A","2006",17.54,
"GBR","GVCPARTICIP","TOT","PC_GEXP","A","2007",17.96,
"GBR","GVCPARTICIP","TOT","PC_GEXP","A","2008",19.34,
"GBR","GVCPARTICIP","TOT","PC_GEXP","A","2009",18.75,
"GBR","GVCPARTICIP","TOT","PC_GEXP","A","2010",21,
"GBR","GVCPARTICIP","TOT","PC_GEXP","A","2011",22.93,
"GBR","GVCPARTICIP","TOT","PC_GEXP","A","2012",23.95,
"GBR","GVCPARTICIP","TOT","PC_GEXP","A","2013",23.21,
"GBR","GVCPARTICIP","TOT","PC_GEXP","A","2014",21.87,
"USA","GVCPARTICIP","TOT","PC_GEXP","A","1995",11.43,
"USA","GVCPARTICIP","TOT","PC_GEXP","A","1996",11.3,
"USA","GVCPARTICIP","TOT","PC_GEXP","A","1997",11.32,
"USA","GVCPARTICIP","TOT","PC_GEXP","A","1998",10.99,
"USA","GVCPARTICIP","TOT","PC_GEXP","A","1999",11.49,
"USA","GVCPARTICIP","TOT","PC_GEXP","A","2000",12.52,
"USA","GVCPARTICIP","TOT","PC_GEXP","A","2001",11.36,
"USA","GVCPARTICIP","TOT","PC_GEXP","A","2002",11.08,
"USA","GVCPARTICIP","TOT","PC_GEXP","A","2003",11.57,
"USA","GVCPARTICIP","TOT","PC_GEXP","A","2004",12.34,
"USA","GVCPARTICIP","TOT","PC_GEXP","A","2005",13.01,
"USA","GVCPARTICIP","TOT","PC_GEXP","A","2006",13.76,
"USA","GVCPARTICIP","TOT","PC_GEXP","A","2007",14.02,
"USA","GVCPARTICIP","TOT","PC_GEXP","A","2008",15.54,
"USA","GVCPARTICIP","TOT","PC_GEXP","A","2009",11.54,
"USA","GVCPARTICIP","TOT","PC_GEXP","A","2010",13.38,
"USA","GVCPARTICIP","TOT","PC_GEXP","A","2011",14.97,
"USA","GVCPARTICIP","TOT","PC_GEXP","A","2012",15.52,
"USA","GVCPARTICIP","TOT","PC_GEXP","A","2013",15.27,
"USA","GVCPARTICIP","TOT","PC_GEXP","A","2014",15.28,
"ARG","GVCPARTICIP","TOT","PC_GEXP","A","1995",5.73,
"ARG","GVCPARTICIP","TOT","PC_GEXP","A","1996",6.01,
"ARG","GVCPARTICIP","TOT","PC_GEXP","A","1997",7.17,
"ARG","GVCPARTICIP","TOT","PC_GEXP","A","1998",7.35,
"ARG","GVCPARTICIP","TOT","PC_GEXP","A","1999",6.54,
"ARG","GVCPARTICIP","TOT","PC_GEXP","A","2000",6.28,
"ARG","GVCPARTICIP","TOT","PC_GEXP","A","2001",8.41,
"ARG","GVCPARTICIP","TOT","PC_GEXP","A","2002",8.25,
"ARG","GVCPARTICIP","TOT","PC_GEXP","A","2003",9.5,
"ARG","GVCPARTICIP","TOT","PC_GEXP","A","2004",12.32,
"ARG","GVCPARTICIP","TOT","PC_GEXP","A","2005",13.27,
"ARG","GVCPARTICIP","TOT","PC_GEXP","A","2006",13.59,
"ARG","GVCPARTICIP","TOT","PC_GEXP","A","2007",13.76,
"ARG","GVCPARTICIP","TOT","PC_GEXP","A","2008",14.84,
"ARG","GVCPARTICIP","TOT","PC_GEXP","A","2009",11.95,
"ARG","GVCPARTICIP","TOT","PC_GEXP","A","2010",13,
"ARG","GVCPARTICIP","TOT","PC_GEXP","A","2011",14.07,
"ARG","GVCPARTICIP","TOT","PC_GEXP","A","2012",13.14,
"ARG","GVCPARTICIP","TOT","PC_GEXP","A","2013",13.07,
"ARG","GVCPARTICIP","TOT","PC_GEXP","A","2014",12.45,
"BRA","GVCPARTICIP","TOT","PC_GEXP","A","1995",7.81,
"BRA","GVCPARTICIP","TOT","PC_GEXP","A","1996",7.8,
"BRA","GVCPARTICIP","TOT","PC_GEXP","A","1997",8.96,
"BRA","GVCPARTICIP","TOT","PC_GEXP","A","1998",8.95,
"BRA","GVCPARTICIP","TOT","PC_GEXP","A","1999",11.29,
"BRA","GVCPARTICIP","TOT","PC_GEXP","A","2000",11.38,
"BRA","GVCPARTICIP","TOT","PC_GEXP","A","2001",13.55,
"BRA","GVCPARTICIP","TOT","PC_GEXP","A","2002",12.94,
"BRA","GVCPARTICIP","TOT","PC_GEXP","A","2003",12.57,
"BRA","GVCPARTICIP","TOT","PC_GEXP","A","2004",12.71,
"BRA","GVCPARTICIP","TOT","PC_GEXP","A","2005",11.7,
"BRA","GVCPARTICIP","TOT","PC_GEXP","A","2006",11.63,
"BRA","GVCPARTICIP","TOT","PC_GEXP","A","2007",11.75,
"BRA","GVCPARTICIP","TOT","PC_GEXP","A","2008",12.5,
"BRA","GVCPARTICIP","TOT","PC_GEXP","A","2009",10.14,
"BRA","GVCPARTICIP","TOT","PC_GEXP","A","2010",10.53,
"BRA","GVCPARTICIP","TOT","PC_GEXP","A","2011",10.72,
"BRA","GVCPARTICIP","TOT","PC_GEXP","A","2012",11.73,
"BRA","GVCPARTICIP","TOT","PC_GEXP","A","2013",12.42,
"BRA","GVCPARTICIP","TOT","PC_GEXP","A","2014",12.42,
"BRN","GVCPARTICIP","TOT","PC_GEXP","A","1995",7.28,
"BRN","GVCPARTICIP","TOT","PC_GEXP","A","1996",7.11,
"BRN","GVCPARTICIP","TOT","PC_GEXP","A","1997",7.57,
"BRN","GVCPARTICIP","TOT","PC_GEXP","A","1998",7.15,
"BRN","GVCPARTICIP","TOT","PC_GEXP","A","1999",5.61,
"BRN","GVCPARTICIP","TOT","PC_GEXP","A","2000",5.37,
"BRN","GVCPARTICIP","TOT","PC_GEXP","A","2001",5.95,
"BRN","GVCPARTICIP","TOT","PC_GEXP","A","2002",5.92,
"BRN","GVCPARTICIP","TOT","PC_GEXP","A","2003",4.37,
"BRN","GVCPARTICIP","TOT","PC_GEXP","A","2004",3.3,
"BRN","GVCPARTICIP","TOT","PC_GEXP","A","2005",4.65,
"BRN","GVCPARTICIP","TOT","PC_GEXP","A","2006",3.51,
"BRN","GVCPARTICIP","TOT","PC_GEXP","A","2007",2.31,
"BRN","GVCPARTICIP","TOT","PC_GEXP","A","2008",3.77,
"BRN","GVCPARTICIP","TOT","PC_GEXP","A","2009",5.26,
"BRN","GVCPARTICIP","TOT","PC_GEXP","A","2010",4.52,
"BRN","GVCPARTICIP","TOT","PC_GEXP","A","2011",4.27,
"BGR","GVCPARTICIP","TOT","PC_GEXP","A","1995",29.99,
"BGR","GVCPARTICIP","TOT","PC_GEXP","A","1996",36.68,
"BGR","GVCPARTICIP","TOT","PC_GEXP","A","1997",37.96,
"BGR","GVCPARTICIP","TOT","PC_GEXP","A","1998",36.48,
"BGR","GVCPARTICIP","TOT","PC_GEXP","A","1999",33.75,
"BGR","GVCPARTICIP","TOT","PC_GEXP","A","2000",34.02,
"BGR","GVCPARTICIP","TOT","PC_GEXP","A","2001",35.62,
"BGR","GVCPARTICIP","TOT","PC_GEXP","A","2002",31.96,
"BGR","GVCPARTICIP","TOT","PC_GEXP","A","2003",34.96,
"BGR","GVCPARTICIP","TOT","PC_GEXP","A","2004",37.84,
"BGR","GVCPARTICIP","TOT","PC_GEXP","A","2005",31.98,
"BGR","GVCPARTICIP","TOT","PC_GEXP","A","2006",44.24,
"BGR","GVCPARTICIP","TOT","PC_GEXP","A","2007",45.66,
"BGR","GVCPARTICIP","TOT","PC_GEXP","A","2008",47.14,
"BGR","GVCPARTICIP","TOT","PC_GEXP","A","2009",36.56,
"BGR","GVCPARTICIP","TOT","PC_GEXP","A","2010",35.96,
"BGR","GVCPARTICIP","TOT","PC_GEXP","A","2011",39.82,
"BGR","GVCPARTICIP","TOT","PC_GEXP","A","2012",41.14,
"BGR","GVCPARTICIP","TOT","PC_GEXP","A","2013",41.62,
"BGR","GVCPARTICIP","TOT","PC_GEXP","A","2014",41.67,
"KHM","GVCPARTICIP","TOT","PC_GEXP","A","1995",12.73,
"KHM","GVCPARTICIP","TOT","PC_GEXP","A","1996",16.27,
"KHM","GVCPARTICIP","TOT","PC_GEXP","A","1997",22.4,
"KHM","GVCPARTICIP","TOT","PC_GEXP","A","1998",28.7,
"KHM","GVCPARTICIP","TOT","PC_GEXP","A","1999",34.33,
"KHM","GVCPARTICIP","TOT","PC_GEXP","A","2000",36.99,
"KHM","GVCPARTICIP","TOT","PC_GEXP","A","2001",37.96,
"KHM","GVCPARTICIP","TOT","PC_GEXP","A","2002",39,
"KHM","GVCPARTICIP","TOT","PC_GEXP","A","2003",41.41,
"KHM","GVCPARTICIP","TOT","PC_GEXP","A","2004",41.36,
"KHM","GVCPARTICIP","TOT","PC_GEXP","A","2005",42.21,
"KHM","GVCPARTICIP","TOT","PC_GEXP","A","2006",42.92,
"KHM","GVCPARTICIP","TOT","PC_GEXP","A","2007",41.09,
"KHM","GVCPARTICIP","TOT","PC_GEXP","A","2008",41.98,
"KHM","GVCPARTICIP","TOT","PC_GEXP","A","2009",35.02,
"KHM","GVCPARTICIP","TOT","PC_GEXP","A","2010",37.36,
"KHM","GVCPARTICIP","TOT","PC_GEXP","A","2011",36.81,
"KHM","GVCPARTICIP","TOT","PC_GEXP","A","2012",37.02,
"KHM","GVCPARTICIP","TOT","PC_GEXP","A","2013",37.4,
"KHM","GVCPARTICIP","TOT","PC_GEXP","A","2014",38.3,
"CHL","GVCPARTICIP","TOT","PC_GEXP","A","1995",14.11,
"CHL","GVCPARTICIP","TOT","PC_GEXP","A","1996",15.58,
"CHL","GVCPARTICIP","TOT","PC_GEXP","A","1997",15.13,
"CHL","GVCPARTICIP","TOT","PC_GEXP","A","1998",16.02,
"CHL","GVCPARTICIP","TOT","PC_GEXP","A","1999",18.07,
"CHL","GVCPARTICIP","TOT","PC_GEXP","A","2000",21.66,
"CHL","GVCPARTICIP","TOT","PC_GEXP","A","2001",20.71,
"CHL","GVCPARTICIP","TOT","PC_GEXP","A","2002",22.48,
"CHL","GVCPARTICIP","TOT","PC_GEXP","A","2003",20.54,
"CHL","GVCPARTICIP","TOT","PC_GEXP","A","2004",19.1,
"CHL","GVCPARTICIP","TOT","PC_GEXP","A","2005",18.86,
"CHL","GVCPARTICIP","TOT","PC_GEXP","A","2006",17.56,
"CHL","GVCPARTICIP","TOT","PC_GEXP","A","2007",16.7,
"CHL","GVCPARTICIP","TOT","PC_GEXP","A","2008",24.73,
"CHL","GVCPARTICIP","TOT","PC_GEXP","A","2009",18.85,
"CHL","GVCPARTICIP","TOT","PC_GEXP","A","2010",17.8,
"CHL","GVCPARTICIP","TOT","PC_GEXP","A","2011",20.21,
"CHL","GVCPARTICIP","TOT","PC_GEXP","A","2012",20.15,
"CHL","GVCPARTICIP","TOT","PC_GEXP","A","2013",19.61,
"CHL","GVCPARTICIP","TOT","PC_GEXP","A","2014",18.94,
"CHN","GVCPARTICIP","TOT","PC_GEXP","A","1995",30.98,
"CHN","GVCPARTICIP","TOT","PC_GEXP","A","1996",31.09,
"CHN","GVCPARTICIP","TOT","PC_GEXP","A","1997",31.38,
"CHN","GVCPARTICIP","TOT","PC_GEXP","A","1998",32.39,
"CHN","GVCPARTICIP","TOT","PC_GEXP","A","1999",34.51,
"CHN","GVCPARTICIP","TOT","PC_GEXP","A","2000",35.93,
"CHN","GVCPARTICIP","TOT","PC_GEXP","A","2001",35.87,
"CHN","GVCPARTICIP","TOT","PC_GEXP","A","2002",36.71,
"CHN","GVCPARTICIP","TOT","PC_GEXP","A","2003",38.7,
"CHN","GVCPARTICIP","TOT","PC_GEXP","A","2004",38.16,
"CHN","GVCPARTICIP","TOT","PC_GEXP","A","2005",37.37,
"CHN","GVCPARTICIP","TOT","PC_GEXP","A","2006",36.18,
"CHN","GVCPARTICIP","TOT","PC_GEXP","A","2007",34.17,
"CHN","GVCPARTICIP","TOT","PC_GEXP","A","2008",31.67,
"CHN","GVCPARTICIP","TOT","PC_GEXP","A","2009",30.75,
"CHN","GVCPARTICIP","TOT","PC_GEXP","A","2010",31.94,
"CHN","GVCPARTICIP","TOT","PC_GEXP","A","2011",32.11,
"CHN","GVCPARTICIP","TOT","PC_GEXP","A","2012",31.15,
"CHN","GVCPARTICIP","TOT","PC_GEXP","A","2013",30.85,
"CHN","GVCPARTICIP","TOT","PC_GEXP","A","2014",29.35,
"CYP","GVCPARTICIP","TOT","PC_GEXP","A","1995",20.9,
"CYP","GVCPARTICIP","TOT","PC_GEXP","A","1996",23.15,
"CYP","GVCPARTICIP","TOT","PC_GEXP","A","1997",23.23,
"CYP","GVCPARTICIP","TOT","PC_GEXP","A","1998",20.91,
"CYP","GVCPARTICIP","TOT","PC_GEXP","A","1999",20.24,
"CYP","GVCPARTICIP","TOT","PC_GEXP","A","2000",22.13,
"CYP","GVCPARTICIP","TOT","PC_GEXP","A","2001",22.76,
"CYP","GVCPARTICIP","TOT","PC_GEXP","A","2002",22.71,
"CYP","GVCPARTICIP","TOT","PC_GEXP","A","2003",22.62,
"CYP","GVCPARTICIP","TOT","PC_GEXP","A","2004",22.69,
"CYP","GVCPARTICIP","TOT","PC_GEXP","A","2005",21.98,
"CYP","GVCPARTICIP","TOT","PC_GEXP","A","2006",22.31,
"CYP","GVCPARTICIP","TOT","PC_GEXP","A","2007",23.56,
"CYP","GVCPARTICIP","TOT","PC_GEXP","A","2008",24.76,
"CYP","GVCPARTICIP","TOT","PC_GEXP","A","2009",21.6,
"CYP","GVCPARTICIP","TOT","PC_GEXP","A","2010",21.54,
"CYP","GVCPARTICIP","TOT","PC_GEXP","A","2011",21.44,
"EST","GVCPARTICIP","TOT","PC_GEXP","A","1995",36.7,
"EST","GVCPARTICIP","TOT","PC_GEXP","A","1996",34.53,
"EST","GVCPARTICIP","TOT","PC_GEXP","A","1997",40,
"EST","GVCPARTICIP","TOT","PC_GEXP","A","1998",41.89,
"EST","GVCPARTICIP","TOT","PC_GEXP","A","1999",39.65,
"EST","GVCPARTICIP","TOT","PC_GEXP","A","2000",44.54,
"EST","GVCPARTICIP","TOT","PC_GEXP","A","2001",43.95,
"EST","GVCPARTICIP","TOT","PC_GEXP","A","2002",41.7,
"EST","GVCPARTICIP","TOT","PC_GEXP","A","2003",39.63,
"EST","GVCPARTICIP","TOT","PC_GEXP","A","2004",41.14,
"EST","GVCPARTICIP","TOT","PC_GEXP","A","2005",42.67,
"EST","GVCPARTICIP","TOT","PC_GEXP","A","2006",40.51,
"EST","GVCPARTICIP","TOT","PC_GEXP","A","2007",33.48,
"EST","GVCPARTICIP","TOT","PC_GEXP","A","2008",32.89,
"EST","GVCPARTICIP","TOT","PC_GEXP","A","2009",28.3,
"EST","GVCPARTICIP","TOT","PC_GEXP","A","2010",32.88,
"EST","GVCPARTICIP","TOT","PC_GEXP","A","2011",35.12,
"EST","GVCPARTICIP","TOT","PC_GEXP","A","2012",33.45,
"EST","GVCPARTICIP","TOT","PC_GEXP","A","2013",32.68,
"EST","GVCPARTICIP","TOT","PC_GEXP","A","2014",31.96,
"HKG","GVCPARTICIP","TOT","PC_GEXP","A","1995",21.56,
"HKG","GVCPARTICIP","TOT","PC_GEXP","A","1996",19.43,
"HKG","GVCPARTICIP","TOT","PC_GEXP","A","1997",18.83,
"HKG","GVCPARTICIP","TOT","PC_GEXP","A","1998",16.13,
"HKG","GVCPARTICIP","TOT","PC_GEXP","A","1999",14.23,
"HKG","GVCPARTICIP","TOT","PC_GEXP","A","2000",15.55,
"HKG","GVCPARTICIP","TOT","PC_GEXP","A","2001",15.36,
"HKG","GVCPARTICIP","TOT","PC_GEXP","A","2002",14.57,
"HKG","GVCPARTICIP","TOT","PC_GEXP","A","2003",15.02,
"HKG","GVCPARTICIP","TOT","PC_GEXP","A","2004",16.74,
"HKG","GVCPARTICIP","TOT","PC_GEXP","A","2005",17.53,
"HKG","GVCPARTICIP","TOT","PC_GEXP","A","2006",17.68,
"HKG","GVCPARTICIP","TOT","PC_GEXP","A","2007",18.91,
"HKG","GVCPARTICIP","TOT","PC_GEXP","A","2008",21.94,
"HKG","GVCPARTICIP","TOT","PC_GEXP","A","2009",19.15,
"HKG","GVCPARTICIP","TOT","PC_GEXP","A","2010",20.06,
"HKG","GVCPARTICIP","TOT","PC_GEXP","A","2011",20.41,
"HKG","GVCPARTICIP","TOT","PC_GEXP","A","2012",21.22,
"HKG","GVCPARTICIP","TOT","PC_GEXP","A","2013",21.21,
"HKG","GVCPARTICIP","TOT","PC_GEXP","A","2014",20.42,
"IND","GVCPARTICIP","TOT","PC_GEXP","A","1995",9.33,
"IND","GVCPARTICIP","TOT","PC_GEXP","A","1996",9.61,
"IND","GVCPARTICIP","TOT","PC_GEXP","A","1997",9.71,
"IND","GVCPARTICIP","TOT","PC_GEXP","A","1998",9.68,
"IND","GVCPARTICIP","TOT","PC_GEXP","A","1999",10.47,
"IND","GVCPARTICIP","TOT","PC_GEXP","A","2000",11.27,
"IND","GVCPARTICIP","TOT","PC_GEXP","A","2001",12.49,
"IND","GVCPARTICIP","TOT","PC_GEXP","A","2002",12.68,
"IND","GVCPARTICIP","TOT","PC_GEXP","A","2003",13.33,
"IND","GVCPARTICIP","TOT","PC_GEXP","A","2004",15.75,
"IND","GVCPARTICIP","TOT","PC_GEXP","A","2005",17.45,
"IND","GVCPARTICIP","TOT","PC_GEXP","A","2006",19.5,
"IND","GVCPARTICIP","TOT","PC_GEXP","A","2007",19.08,
"IND","GVCPARTICIP","TOT","PC_GEXP","A","2008",22.53,
"IND","GVCPARTICIP","TOT","PC_GEXP","A","2009",20.91,
"IND","GVCPARTICIP","TOT","PC_GEXP","A","2010",22.25,
"IND","GVCPARTICIP","TOT","PC_GEXP","A","2011",24.03,
"IND","GVCPARTICIP","TOT","PC_GEXP","A","2012",23.39,
"IND","GVCPARTICIP","TOT","PC_GEXP","A","2013",22.3,
"IND","GVCPARTICIP","TOT","PC_GEXP","A","2014",20.98,
"IDN","GVCPARTICIP","TOT","PC_GEXP","A","1995",11.97,
"IDN","GVCPARTICIP","TOT","PC_GEXP","A","1996",11.44,
"IDN","GVCPARTICIP","TOT","PC_GEXP","A","1997",12.44,
"IDN","GVCPARTICIP","TOT","PC_GEXP","A","1998",17.62,
"IDN","GVCPARTICIP","TOT","PC_GEXP","A","1999",14.32,
"IDN","GVCPARTICIP","TOT","PC_GEXP","A","2000",16.98,
"IDN","GVCPARTICIP","TOT","PC_GEXP","A","2001",17.25,
"IDN","GVCPARTICIP","TOT","PC_GEXP","A","2002",14.63,
"IDN","GVCPARTICIP","TOT","PC_GEXP","A","2003",14.22,
"IDN","GVCPARTICIP","TOT","PC_GEXP","A","2004",16.14,
"IDN","GVCPARTICIP","TOT","PC_GEXP","A","2005",16.15,
"IDN","GVCPARTICIP","TOT","PC_GEXP","A","2006",14.65,
"IDN","GVCPARTICIP","TOT","PC_GEXP","A","2007",14.1,
"IDN","GVCPARTICIP","TOT","PC_GEXP","A","2008",14.61,
"IDN","GVCPARTICIP","TOT","PC_GEXP","A","2009",11.08,
"IDN","GVCPARTICIP","TOT","PC_GEXP","A","2010",11.08,
"IDN","GVCPARTICIP","TOT","PC_GEXP","A","2011",11.98,
"IDN","GVCPARTICIP","TOT","PC_GEXP","A","2012",11.55,
"IDN","GVCPARTICIP","TOT","PC_GEXP","A","2013",11.57,
"IDN","GVCPARTICIP","TOT","PC_GEXP","A","2014",12,
"ISR","GVCPARTICIP","TOT","PC_GEXP","A","1995",22.3,
"ISR","GVCPARTICIP","TOT","PC_GEXP","A","1996",21.77,
"ISR","GVCPARTICIP","TOT","PC_GEXP","A","1997",21.66,
"ISR","GVCPARTICIP","TOT","PC_GEXP","A","1998",20.1,
"ISR","GVCPARTICIP","TOT","PC_GEXP","A","1999",20.9,
"ISR","GVCPARTICIP","TOT","PC_GEXP","A","2000",20.71,
"ISR","GVCPARTICIP","TOT","PC_GEXP","A","2001",21.67,
"ISR","GVCPARTICIP","TOT","PC_GEXP","A","2002",22.76,
"ISR","GVCPARTICIP","TOT","PC_GEXP","A","2003",24.6,
"ISR","GVCPARTICIP","TOT","PC_GEXP","A","2004",25.36,
"ISR","GVCPARTICIP","TOT","PC_GEXP","A","2005",25.81,
"ISR","GVCPARTICIP","TOT","PC_GEXP","A","2006",26.8,
"ISR","GVCPARTICIP","TOT","PC_GEXP","A","2007",27.43,
"ISR","GVCPARTICIP","TOT","PC_GEXP","A","2008",26.74,
"ISR","GVCPARTICIP","TOT","PC_GEXP","A","2009",21.74,
"ISR","GVCPARTICIP","TOT","PC_GEXP","A","2010",23.39,
"ISR","GVCPARTICIP","TOT","PC_GEXP","A","2011",25.03,
"ISR","GVCPARTICIP","TOT","PC_GEXP","A","2012",24.88,
"ISR","GVCPARTICIP","TOT","PC_GEXP","A","2013",23.17,
"ISR","GVCPARTICIP","TOT","PC_GEXP","A","2014",22.35,
"LVA","GVCPARTICIP","TOT","PC_GEXP","A","1995",22.68,
"LVA","GVCPARTICIP","TOT","PC_GEXP","A","1996",27.08,
"LVA","GVCPARTICIP","TOT","PC_GEXP","A","1997",25.67,
"LVA","GVCPARTICIP","TOT","PC_GEXP","A","1998",27.01,
"LVA","GVCPARTICIP","TOT","PC_GEXP","A","1999",25.92,
"LVA","GVCPARTICIP","TOT","PC_GEXP","A","2000",26.83,
"LVA","GVCPARTICIP","TOT","PC_GEXP","A","2001",24.72,
"LVA","GVCPARTICIP","TOT","PC_GEXP","A","2002",23.64,
"LVA","GVCPARTICIP","TOT","PC_GEXP","A","2003",24.42,
"LVA","GVCPARTICIP","TOT","PC_GEXP","A","2004",24.42,
"LVA","GVCPARTICIP","TOT","PC_GEXP","A","2005",26.6,
"LVA","GVCPARTICIP","TOT","PC_GEXP","A","2006",28.88,
"LVA","GVCPARTICIP","TOT","PC_GEXP","A","2007",28.05,
"LVA","GVCPARTICIP","TOT","PC_GEXP","A","2008",27.29,
"LVA","GVCPARTICIP","TOT","PC_GEXP","A","2009",22.31,
"LVA","GVCPARTICIP","TOT","PC_GEXP","A","2010",26.29,
"LVA","GVCPARTICIP","TOT","PC_GEXP","A","2011",28.61,
"LTU","GVCPARTICIP","TOT","PC_GEXP","A","1995",24.57,
"LTU","GVCPARTICIP","TOT","PC_GEXP","A","1996",24.48,
"LTU","GVCPARTICIP","TOT","PC_GEXP","A","1997",24.84,
"LTU","GVCPARTICIP","TOT","PC_GEXP","A","1998",22.9,
"LTU","GVCPARTICIP","TOT","PC_GEXP","A","1999",22.36,
"LTU","GVCPARTICIP","TOT","PC_GEXP","A","2000",22.08,
"LTU","GVCPARTICIP","TOT","PC_GEXP","A","2001",21,
"LTU","GVCPARTICIP","TOT","PC_GEXP","A","2002",19.22,
"LTU","GVCPARTICIP","TOT","PC_GEXP","A","2003",17.9,
"LTU","GVCPARTICIP","TOT","PC_GEXP","A","2004",18.54,
"LTU","GVCPARTICIP","TOT","PC_GEXP","A","2005",18.17,
"LTU","GVCPARTICIP","TOT","PC_GEXP","A","2006",20.25,
"LTU","GVCPARTICIP","TOT","PC_GEXP","A","2007",19.24,
"LTU","GVCPARTICIP","TOT","PC_GEXP","A","2008",24.44,
"LTU","GVCPARTICIP","TOT","PC_GEXP","A","2009",21.33,
"LTU","GVCPARTICIP","TOT","PC_GEXP","A","2010",23.23,
"LTU","GVCPARTICIP","TOT","PC_GEXP","A","2011",23.71,
"LTU","GVCPARTICIP","TOT","PC_GEXP","A","2012",24.37,
"LTU","GVCPARTICIP","TOT","PC_GEXP","A","2013",25.78,
"LTU","GVCPARTICIP","TOT","PC_GEXP","A","2014",25.64,
"MYS","GVCPARTICIP","TOT","PC_GEXP","A","1995",30.42,
"MYS","GVCPARTICIP","TOT","PC_GEXP","A","1996",32.01,
"MYS","GVCPARTICIP","TOT","PC_GEXP","A","1997",33.38,
"MYS","GVCPARTICIP","TOT","PC_GEXP","A","1998",37.75,
"MYS","GVCPARTICIP","TOT","PC_GEXP","A","1999",41.77,
"MYS","GVCPARTICIP","TOT","PC_GEXP","A","2000",47.67,
"MYS","GVCPARTICIP","TOT","PC_GEXP","A","2001",47.02,
"MYS","GVCPARTICIP","TOT","PC_GEXP","A","2002",44.85,
"MYS","GVCPARTICIP","TOT","PC_GEXP","A","2003",45.64,
"MYS","GVCPARTICIP","TOT","PC_GEXP","A","2004",46.19,
"MYS","GVCPARTICIP","TOT","PC_GEXP","A","2005",45.89,
"MYS","GVCPARTICIP","TOT","PC_GEXP","A","2006",46.21,
"MYS","GVCPARTICIP","TOT","PC_GEXP","A","2007",44.15,
"MYS","GVCPARTICIP","TOT","PC_GEXP","A","2008",41.15,
"MYS","GVCPARTICIP","TOT","PC_GEXP","A","2009",39.96,
"MYS","GVCPARTICIP","TOT","PC_GEXP","A","2010",41.67,
"MYS","GVCPARTICIP","TOT","PC_GEXP","A","2011",40.58,
"MYS","GVCPARTICIP","TOT","PC_GEXP","A","2012",40.22,
"MYS","GVCPARTICIP","TOT","PC_GEXP","A","2013",39.9,
"MYS","GVCPARTICIP","TOT","PC_GEXP","A","2014",39.09,
"MLT","GVCPARTICIP","TOT","PC_GEXP","A","1995",49.99,
"MLT","GVCPARTICIP","TOT","PC_GEXP","A","1996",48.13,
"MLT","GVCPARTICIP","TOT","PC_GEXP","A","1997",45.73,
"MLT","GVCPARTICIP","TOT","PC_GEXP","A","1998",47.46,
"MLT","GVCPARTICIP","TOT","PC_GEXP","A","1999",48.55,
"MLT","GVCPARTICIP","TOT","PC_GEXP","A","2000",53.41,
"MLT","GVCPARTICIP","TOT","PC_GEXP","A","2001",45.78,
"MLT","GVCPARTICIP","TOT","PC_GEXP","A","2002",43.13,
"MLT","GVCPARTICIP","TOT","PC_GEXP","A","2003",45.15,
"MLT","GVCPARTICIP","TOT","PC_GEXP","A","2004",45.47,
"MLT","GVCPARTICIP","TOT","PC_GEXP","A","2005",45.31,
"MLT","GVCPARTICIP","TOT","PC_GEXP","A","2006",46.2,
"MLT","GVCPARTICIP","TOT","PC_GEXP","A","2007",45.42,
"MLT","GVCPARTICIP","TOT","PC_GEXP","A","2008",45.85,
"MLT","GVCPARTICIP","TOT","PC_GEXP","A","2009",41.96,
"MLT","GVCPARTICIP","TOT","PC_GEXP","A","2010",39.34,
"MLT","GVCPARTICIP","TOT","PC_GEXP","A","2011",36.97,
"PHL","GVCPARTICIP","TOT","PC_GEXP","A","1995",29.81,
"PHL","GVCPARTICIP","TOT","PC_GEXP","A","1996",31.8,
"PHL","GVCPARTICIP","TOT","PC_GEXP","A","1997",36.18,
"PHL","GVCPARTICIP","TOT","PC_GEXP","A","1998",34.53,
"PHL","GVCPARTICIP","TOT","PC_GEXP","A","1999",30.4,
"PHL","GVCPARTICIP","TOT","PC_GEXP","A","2000",33.01,
"PHL","GVCPARTICIP","TOT","PC_GEXP","A","2001",38.07,
"PHL","GVCPARTICIP","TOT","PC_GEXP","A","2002",38.22,
"PHL","GVCPARTICIP","TOT","PC_GEXP","A","2003",39.93,
"PHL","GVCPARTICIP","TOT","PC_GEXP","A","2004",40.47,
"PHL","GVCPARTICIP","TOT","PC_GEXP","A","2005",37.91,
"PHL","GVCPARTICIP","TOT","PC_GEXP","A","2006",39.66,
"PHL","GVCPARTICIP","TOT","PC_GEXP","A","2007",35.98,
"PHL","GVCPARTICIP","TOT","PC_GEXP","A","2008",31.69,
"PHL","GVCPARTICIP","TOT","PC_GEXP","A","2009",26.88,
"PHL","GVCPARTICIP","TOT","PC_GEXP","A","2010",27.59,
"PHL","GVCPARTICIP","TOT","PC_GEXP","A","2011",23.53,
"PHL","GVCPARTICIP","TOT","PC_GEXP","A","2012",24.15,
"PHL","GVCPARTICIP","TOT","PC_GEXP","A","2013",22.95,
"PHL","GVCPARTICIP","TOT","PC_GEXP","A","2014",23.66,
"ROU","GVCPARTICIP","TOT","PC_GEXP","A","1995",21.17,
"ROU","GVCPARTICIP","TOT","PC_GEXP","A","1996",23.26,
"ROU","GVCPARTICIP","TOT","PC_GEXP","A","1997",23.91,
"ROU","GVCPARTICIP","TOT","PC_GEXP","A","1998",21.03,
"ROU","GVCPARTICIP","TOT","PC_GEXP","A","1999",20.53,
"ROU","GVCPARTICIP","TOT","PC_GEXP","A","2000",22.94,
"ROU","GVCPARTICIP","TOT","PC_GEXP","A","2001",24.01,
"ROU","GVCPARTICIP","TOT","PC_GEXP","A","2002",22.12,
"ROU","GVCPARTICIP","TOT","PC_GEXP","A","2003",23.18,
"ROU","GVCPARTICIP","TOT","PC_GEXP","A","2004",26.39,
"ROU","GVCPARTICIP","TOT","PC_GEXP","A","2005",27.91,
"ROU","GVCPARTICIP","TOT","PC_GEXP","A","2006",28.2,
"ROU","GVCPARTICIP","TOT","PC_GEXP","A","2007",25.85,
"ROU","GVCPARTICIP","TOT","PC_GEXP","A","2008",26.92,
"ROU","GVCPARTICIP","TOT","PC_GEXP","A","2009",22.81,
"ROU","GVCPARTICIP","TOT","PC_GEXP","A","2010",21.94,
"ROU","GVCPARTICIP","TOT","PC_GEXP","A","2011",24.4,
"ROU","GVCPARTICIP","TOT","PC_GEXP","A","2012",26.02,
"ROU","GVCPARTICIP","TOT","PC_GEXP","A","2013",24.8,
"ROU","GVCPARTICIP","TOT","PC_GEXP","A","2014",25.05,
"RUS","GVCPARTICIP","TOT","PC_GEXP","A","1995",12.87,
"RUS","GVCPARTICIP","TOT","PC_GEXP","A","1996",12.59,
"RUS","GVCPARTICIP","TOT","PC_GEXP","A","1997",12.92,
"RUS","GVCPARTICIP","TOT","PC_GEXP","A","1998",15.87,
"RUS","GVCPARTICIP","TOT","PC_GEXP","A","1999",16.58,
"RUS","GVCPARTICIP","TOT","PC_GEXP","A","2000",18.15,
"RUS","GVCPARTICIP","TOT","PC_GEXP","A","2001",17.12,
"RUS","GVCPARTICIP","TOT","PC_GEXP","A","2002",16.24,
"RUS","GVCPARTICIP","TOT","PC_GEXP","A","2003",16.57,
"RUS","GVCPARTICIP","TOT","PC_GEXP","A","2004",14.01,
"RUS","GVCPARTICIP","TOT","PC_GEXP","A","2005",13.03,
"RUS","GVCPARTICIP","TOT","PC_GEXP","A","2006",13.31,
"RUS","GVCPARTICIP","TOT","PC_GEXP","A","2007",13.01,
"RUS","GVCPARTICIP","TOT","PC_GEXP","A","2008",13.83,
"RUS","GVCPARTICIP","TOT","PC_GEXP","A","2009",12.64,
"RUS","GVCPARTICIP","TOT","PC_GEXP","A","2010",13.03,
"RUS","GVCPARTICIP","TOT","PC_GEXP","A","2011",13.65,
"RUS","GVCPARTICIP","TOT","PC_GEXP","A","2012",13.54,
"RUS","GVCPARTICIP","TOT","PC_GEXP","A","2013",14,
"RUS","GVCPARTICIP","TOT","PC_GEXP","A","2014",13.65,
"SAU","GVCPARTICIP","TOT","PC_GEXP","A","1995",4.2,
"SAU","GVCPARTICIP","TOT","PC_GEXP","A","1996",3.72,
"SAU","GVCPARTICIP","TOT","PC_GEXP","A","1997",4.34,
"SAU","GVCPARTICIP","TOT","PC_GEXP","A","1998",4.45,
"SAU","GVCPARTICIP","TOT","PC_GEXP","A","1999",3.6,
"SAU","GVCPARTICIP","TOT","PC_GEXP","A","2000",3.59,
"SAU","GVCPARTICIP","TOT","PC_GEXP","A","2001",3.66,
"SAU","GVCPARTICIP","TOT","PC_GEXP","A","2002",3.82,
"SAU","GVCPARTICIP","TOT","PC_GEXP","A","2003",3.67,
"SAU","GVCPARTICIP","TOT","PC_GEXP","A","2004",3.6,
"SAU","GVCPARTICIP","TOT","PC_GEXP","A","2005",3.74,
"SAU","GVCPARTICIP","TOT","PC_GEXP","A","2006",4.7,
"SAU","GVCPARTICIP","TOT","PC_GEXP","A","2007",4.51,
"SAU","GVCPARTICIP","TOT","PC_GEXP","A","2008",4.52,
"SAU","GVCPARTICIP","TOT","PC_GEXP","A","2009",4.61,
"SAU","GVCPARTICIP","TOT","PC_GEXP","A","2010",3.9,
"SAU","GVCPARTICIP","TOT","PC_GEXP","A","2011",3.31,
"SAU","GVCPARTICIP","TOT","PC_GEXP","A","2012",2.78,
"SAU","GVCPARTICIP","TOT","PC_GEXP","A","2013",3.19,
"SAU","GVCPARTICIP","TOT","PC_GEXP","A","2014",3.55,
"SGP","GVCPARTICIP","TOT","PC_GEXP","A","1995",42.06,
"SGP","GVCPARTICIP","TOT","PC_GEXP","A","1996",41.7,
"SGP","GVCPARTICIP","TOT","PC_GEXP","A","1997",40.24,
"SGP","GVCPARTICIP","TOT","PC_GEXP","A","1998",39.68,
"SGP","GVCPARTICIP","TOT","PC_GEXP","A","1999",41.86,
"SGP","GVCPARTICIP","TOT","PC_GEXP","A","2000",45.29,
"SGP","GVCPARTICIP","TOT","PC_GEXP","A","2001",38.86,
"SGP","GVCPARTICIP","TOT","PC_GEXP","A","2002",36.83,
"SGP","GVCPARTICIP","TOT","PC_GEXP","A","2003",35.44,
"SGP","GVCPARTICIP","TOT","PC_GEXP","A","2004",38.14,
"SGP","GVCPARTICIP","TOT","PC_GEXP","A","2005",39.76,
"SGP","GVCPARTICIP","TOT","PC_GEXP","A","2006",39.67,
"SGP","GVCPARTICIP","TOT","PC_GEXP","A","2007",39.74,
"SGP","GVCPARTICIP","TOT","PC_GEXP","A","2008",37.39,
"SGP","GVCPARTICIP","TOT","PC_GEXP","A","2009",41.76,
"SGP","GVCPARTICIP","TOT","PC_GEXP","A","2010",41.24,
"SGP","GVCPARTICIP","TOT","PC_GEXP","A","2011",41.73,
"SGP","GVCPARTICIP","TOT","PC_GEXP","A","2012",41.7,
"SGP","GVCPARTICIP","TOT","PC_GEXP","A","2013",41.27,
"SGP","GVCPARTICIP","TOT","PC_GEXP","A","2014",40.52,
"SVN","GVCPARTICIP","TOT","PC_GEXP","A","1995",32.29,
"SVN","GVCPARTICIP","TOT","PC_GEXP","A","1996",31.67,
"SVN","GVCPARTICIP","TOT","PC_GEXP","A","1997",32.86,
"SVN","GVCPARTICIP","TOT","PC_GEXP","A","1998",34,
"SVN","GVCPARTICIP","TOT","PC_GEXP","A","1999",33.26,
"SVN","GVCPARTICIP","TOT","PC_GEXP","A","2000",36.49,
"SVN","GVCPARTICIP","TOT","PC_GEXP","A","2001",36.94,
"SVN","GVCPARTICIP","TOT","PC_GEXP","A","2002",36.2,
"SVN","GVCPARTICIP","TOT","PC_GEXP","A","2003",35.35,
"SVN","GVCPARTICIP","TOT","PC_GEXP","A","2004",38.14,
"SVN","GVCPARTICIP","TOT","PC_GEXP","A","2005",37.82,
"SVN","GVCPARTICIP","TOT","PC_GEXP","A","2006",39.95,
"SVN","GVCPARTICIP","TOT","PC_GEXP","A","2007",39.57,
"SVN","GVCPARTICIP","TOT","PC_GEXP","A","2008",36.09,
"SVN","GVCPARTICIP","TOT","PC_GEXP","A","2009",31,
"SVN","GVCPARTICIP","TOT","PC_GEXP","A","2010",34.79,
"SVN","GVCPARTICIP","TOT","PC_GEXP","A","2011",36.11,
"SVN","GVCPARTICIP","TOT","PC_GEXP","A","2012",35.36,
"SVN","GVCPARTICIP","TOT","PC_GEXP","A","2013",34.57,
"SVN","GVCPARTICIP","TOT","PC_GEXP","A","2014",33.95,
"ZAF","GVCPARTICIP","TOT","PC_GEXP","A","1995",13.12,
"ZAF","GVCPARTICIP","TOT","PC_GEXP","A","1996",14.08,
"ZAF","GVCPARTICIP","TOT","PC_GEXP","A","1997",14.17,
"ZAF","GVCPARTICIP","TOT","PC_GEXP","A","1998",14.43,
"ZAF","GVCPARTICIP","TOT","PC_GEXP","A","1999",15.65,
"ZAF","GVCPARTICIP","TOT","PC_GEXP","A","2000",17.73,
"ZAF","GVCPARTICIP","TOT","PC_GEXP","A","2001",18.57,
"ZAF","GVCPARTICIP","TOT","PC_GEXP","A","2002",20.3,
"ZAF","GVCPARTICIP","TOT","PC_GEXP","A","2003",17.84,
"ZAF","GVCPARTICIP","TOT","PC_GEXP","A","2004",18.9,
"ZAF","GVCPARTICIP","TOT","PC_GEXP","A","2005",19.44,
"ZAF","GVCPARTICIP","TOT","PC_GEXP","A","2006",21.56,
"ZAF","GVCPARTICIP","TOT","PC_GEXP","A","2007",21.65,
"ZAF","GVCPARTICIP","TOT","PC_GEXP","A","2008",23.74,
"ZAF","GVCPARTICIP","TOT","PC_GEXP","A","2009",18.78,
"ZAF","GVCPARTICIP","TOT","PC_GEXP","A","2010",17.94,
"ZAF","GVCPARTICIP","TOT","PC_GEXP","A","2011",19.51,
"ZAF","GVCPARTICIP","TOT","PC_GEXP","A","2012",19.83,
"ZAF","GVCPARTICIP","TOT","PC_GEXP","A","2013",20.92,
"ZAF","GVCPARTICIP","TOT","PC_GEXP","A","2014",20.67,
"TWN","GVCPARTICIP","TOT","PC_GEXP","A","1995",30.65,
"TWN","GVCPARTICIP","TOT","PC_GEXP","A","1996",29.13,
"TWN","GVCPARTICIP","TOT","PC_GEXP","A","1997",30.54,
"TWN","GVCPARTICIP","TOT","PC_GEXP","A","1998",30.39,
"TWN","GVCPARTICIP","TOT","PC_GEXP","A","1999",29.61,
"TWN","GVCPARTICIP","TOT","PC_GEXP","A","2000",32.21,
"TWN","GVCPARTICIP","TOT","PC_GEXP","A","2001",29.84,
"TWN","GVCPARTICIP","TOT","PC_GEXP","A","2002",29.76,
"TWN","GVCPARTICIP","TOT","PC_GEXP","A","2003",31.69,
"TWN","GVCPARTICIP","TOT","PC_GEXP","A","2004",34.88,
"TWN","GVCPARTICIP","TOT","PC_GEXP","A","2005",37.4,
"TWN","GVCPARTICIP","TOT","PC_GEXP","A","2006",39.99,
"TWN","GVCPARTICIP","TOT","PC_GEXP","A","2007",41.1,
"TWN","GVCPARTICIP","TOT","PC_GEXP","A","2008",44.08,
"TWN","GVCPARTICIP","TOT","PC_GEXP","A","2009",37.75,
"TWN","GVCPARTICIP","TOT","PC_GEXP","A","2010",41.65,
"TWN","GVCPARTICIP","TOT","PC_GEXP","A","2011",43.51,
"TWN","GVCPARTICIP","TOT","PC_GEXP","A","2012",44.59,
"TWN","GVCPARTICIP","TOT","PC_GEXP","A","2013",43.71,
"TWN","GVCPARTICIP","TOT","PC_GEXP","A","2014",43.1,
"THA","GVCPARTICIP","TOT","PC_GEXP","A","1995",24.21,
"THA","GVCPARTICIP","TOT","PC_GEXP","A","1996",23.19,
"THA","GVCPARTICIP","TOT","PC_GEXP","A","1997",24.31,
"THA","GVCPARTICIP","TOT","PC_GEXP","A","1998",22.56,
"THA","GVCPARTICIP","TOT","PC_GEXP","A","1999",26.57,
"THA","GVCPARTICIP","TOT","PC_GEXP","A","2000",31.88,
"THA","GVCPARTICIP","TOT","PC_GEXP","A","2001",32.25,
"THA","GVCPARTICIP","TOT","PC_GEXP","A","2002",31.21,
"THA","GVCPARTICIP","TOT","PC_GEXP","A","2003",31.37,
"THA","GVCPARTICIP","TOT","PC_GEXP","A","2004",33.64,
"THA","GVCPARTICIP","TOT","PC_GEXP","A","2005",36.8,
"THA","GVCPARTICIP","TOT","PC_GEXP","A","2006",35.74,
"THA","GVCPARTICIP","TOT","PC_GEXP","A","2007",35.63,
"THA","GVCPARTICIP","TOT","PC_GEXP","A","2008",39.14,
"THA","GVCPARTICIP","TOT","PC_GEXP","A","2009",34.53,
"THA","GVCPARTICIP","TOT","PC_GEXP","A","2010",36.52,
"THA","GVCPARTICIP","TOT","PC_GEXP","A","2011",38.95,
"THA","GVCPARTICIP","TOT","PC_GEXP","A","2012",38.62,
"THA","GVCPARTICIP","TOT","PC_GEXP","A","2013",37.49,
"THA","GVCPARTICIP","TOT","PC_GEXP","A","2014",37.31,
"VNM","GVCPARTICIP","TOT","PC_GEXP","A","1995",21.62,
"VNM","GVCPARTICIP","TOT","PC_GEXP","A","1996",25.48,
"VNM","GVCPARTICIP","TOT","PC_GEXP","A","1997",24.87,
"VNM","GVCPARTICIP","TOT","PC_GEXP","A","1998",24.71,
"VNM","GVCPARTICIP","TOT","PC_GEXP","A","1999",26.01,
"VNM","GVCPARTICIP","TOT","PC_GEXP","A","2000",27.24,
"VNM","GVCPARTICIP","TOT","PC_GEXP","A","2001",26.91,
"VNM","GVCPARTICIP","TOT","PC_GEXP","A","2002",27.62,
"VNM","GVCPARTICIP","TOT","PC_GEXP","A","2003",29.51,
"VNM","GVCPARTICIP","TOT","PC_GEXP","A","2004",29,
"VNM","GVCPARTICIP","TOT","PC_GEXP","A","2005",30.97,
"VNM","GVCPARTICIP","TOT","PC_GEXP","A","2006",32.54,
"VNM","GVCPARTICIP","TOT","PC_GEXP","A","2007",35.31,
"VNM","GVCPARTICIP","TOT","PC_GEXP","A","2008",35.59,
"VNM","GVCPARTICIP","TOT","PC_GEXP","A","2009",32.94,
"VNM","GVCPARTICIP","TOT","PC_GEXP","A","2010",34.79,
"VNM","GVCPARTICIP","TOT","PC_GEXP","A","2011",36.33,
"VNM","GVCPARTICIP","TOT","PC_GEXP","A","2012",34.73,
"VNM","GVCPARTICIP","TOT","PC_GEXP","A","2013",36.02,
"VNM","GVCPARTICIP","TOT","PC_GEXP","A","2014",36.3,
"COL","GVCPARTICIP","TOT","PC_GEXP","A","1995",8.46,
"COL","GVCPARTICIP","TOT","PC_GEXP","A","1996",8.35,
"COL","GVCPARTICIP","TOT","PC_GEXP","A","1997",8.94,
"COL","GVCPARTICIP","TOT","PC_GEXP","A","1998",9.11,
"COL","GVCPARTICIP","TOT","PC_GEXP","A","1999",7.77,
"COL","GVCPARTICIP","TOT","PC_GEXP","A","2000",9.23,
"COL","GVCPARTICIP","TOT","PC_GEXP","A","2001",11.28,
"COL","GVCPARTICIP","TOT","PC_GEXP","A","2002",10.19,
"COL","GVCPARTICIP","TOT","PC_GEXP","A","2003",11.12,
"COL","GVCPARTICIP","TOT","PC_GEXP","A","2004",10.87,
"COL","GVCPARTICIP","TOT","PC_GEXP","A","2005",12.09,
"COL","GVCPARTICIP","TOT","PC_GEXP","A","2006",11.26,
"COL","GVCPARTICIP","TOT","PC_GEXP","A","2007",11.37,
"COL","GVCPARTICIP","TOT","PC_GEXP","A","2008",10.77,
"COL","GVCPARTICIP","TOT","PC_GEXP","A","2009",8.91,
"COL","GVCPARTICIP","TOT","PC_GEXP","A","2010",7.93,
"COL","GVCPARTICIP","TOT","PC_GEXP","A","2011",7.65,
"COL","GVCPARTICIP","TOT","PC_GEXP","A","2012",7.99,
"COL","GVCPARTICIP","TOT","PC_GEXP","A","2013",7.84,
"COL","GVCPARTICIP","TOT","PC_GEXP","A","2014",8.89,
"CRI","GVCPARTICIP","TOT","PC_GEXP","A","1995",22.01,
"CRI","GVCPARTICIP","TOT","PC_GEXP","A","1996",23.55,
"CRI","GVCPARTICIP","TOT","PC_GEXP","A","1997",23.9,
"CRI","GVCPARTICIP","TOT","PC_GEXP","A","1998",27.91,
"CRI","GVCPARTICIP","TOT","PC_GEXP","A","1999",25.66,
"CRI","GVCPARTICIP","TOT","PC_GEXP","A","2000",26.48,
"CRI","GVCPARTICIP","TOT","PC_GEXP","A","2001",26.14,
"CRI","GVCPARTICIP","TOT","PC_GEXP","A","2002",28.8,
"CRI","GVCPARTICIP","TOT","PC_GEXP","A","2003",29.84,
"CRI","GVCPARTICIP","TOT","PC_GEXP","A","2004",28.4,
"CRI","GVCPARTICIP","TOT","PC_GEXP","A","2005",28.55,
"CRI","GVCPARTICIP","TOT","PC_GEXP","A","2006",29.41,
"CRI","GVCPARTICIP","TOT","PC_GEXP","A","2007",30,
"CRI","GVCPARTICIP","TOT","PC_GEXP","A","2008",31.18,
"CRI","GVCPARTICIP","TOT","PC_GEXP","A","2009",28.06,
"CRI","GVCPARTICIP","TOT","PC_GEXP","A","2010",27.33,
"CRI","GVCPARTICIP","TOT","PC_GEXP","A","2011",27.77,
"CRI","GVCPARTICIP","TOT","PC_GEXP","A","2012",25.96,
"CRI","GVCPARTICIP","TOT","PC_GEXP","A","2013",26.66,
"CRI","GVCPARTICIP","TOT","PC_GEXP","A","2014",26.49,
"HRV","GVCPARTICIP","TOT","PC_GEXP","A","1995",20.78,
"HRV","GVCPARTICIP","TOT","PC_GEXP","A","1996",19.66,
"HRV","GVCPARTICIP","TOT","PC_GEXP","A","1997",19.78,
"HRV","GVCPARTICIP","TOT","PC_GEXP","A","1998",17.35,
"HRV","GVCPARTICIP","TOT","PC_GEXP","A","1999",18.73,
"HRV","GVCPARTICIP","TOT","PC_GEXP","A","2000",20.47,
"HRV","GVCPARTICIP","TOT","PC_GEXP","A","2001",21.14,
"HRV","GVCPARTICIP","TOT","PC_GEXP","A","2002",19.45,
"HRV","GVCPARTICIP","TOT","PC_GEXP","A","2003",20.55,
"HRV","GVCPARTICIP","TOT","PC_GEXP","A","2004",19.61,
"HRV","GVCPARTICIP","TOT","PC_GEXP","A","2005",20.79,
"HRV","GVCPARTICIP","TOT","PC_GEXP","A","2006",21.83,
"HRV","GVCPARTICIP","TOT","PC_GEXP","A","2007",21.85,
"HRV","GVCPARTICIP","TOT","PC_GEXP","A","2008",21.47,
"HRV","GVCPARTICIP","TOT","PC_GEXP","A","2009",18.46,
"HRV","GVCPARTICIP","TOT","PC_GEXP","A","2010",19.68,
"HRV","GVCPARTICIP","TOT","PC_GEXP","A","2011",20.15,
"HRV","GVCPARTICIP","TOT","PC_GEXP","A","2012",19.55,
"HRV","GVCPARTICIP","TOT","PC_GEXP","A","2013",18.76,
"HRV","GVCPARTICIP","TOT","PC_GEXP","A","2014",19.08,
"TUN","GVCPARTICIP","TOT","PC_GEXP","A","1995",24.69,
"TUN","GVCPARTICIP","TOT","PC_GEXP","A","1996",23.26,
"TUN","GVCPARTICIP","TOT","PC_GEXP","A","1997",24.32,
"TUN","GVCPARTICIP","TOT","PC_GEXP","A","1998",25.08,
"TUN","GVCPARTICIP","TOT","PC_GEXP","A","1999",23.43,
"TUN","GVCPARTICIP","TOT","PC_GEXP","A","2000",24.39,
"TUN","GVCPARTICIP","TOT","PC_GEXP","A","2001",26.52,
"TUN","GVCPARTICIP","TOT","PC_GEXP","A","2002",26.34,
"TUN","GVCPARTICIP","TOT","PC_GEXP","A","2003",27.26,
"TUN","GVCPARTICIP","TOT","PC_GEXP","A","2004",27.7,
"TUN","GVCPARTICIP","TOT","PC_GEXP","A","2005",28.14,
"TUN","GVCPARTICIP","TOT","PC_GEXP","A","2006",29.39,
"TUN","GVCPARTICIP","TOT","PC_GEXP","A","2007",30.47,
"TUN","GVCPARTICIP","TOT","PC_GEXP","A","2008",33.47,
"TUN","GVCPARTICIP","TOT","PC_GEXP","A","2009",29.19,
"TUN","GVCPARTICIP","TOT","PC_GEXP","A","2010",30.37,
"TUN","GVCPARTICIP","TOT","PC_GEXP","A","2011",32.38,
"TUN","GVCPARTICIP","TOT","PC_GEXP","A","2012",33.82,
"TUN","GVCPARTICIP","TOT","PC_GEXP","A","2013",33.7,
"TUN","GVCPARTICIP","TOT","PC_GEXP","A","2014",34.05,
"EU28","GVCPARTICIP","TOT","PC_GEXP","A","1995",19.17,
"EU28","GVCPARTICIP","TOT","PC_GEXP","A","1996",19.5,
"EU28","GVCPARTICIP","TOT","PC_GEXP","A","1997",20.21,
"EU28","GVCPARTICIP","TOT","PC_GEXP","A","1998",20.3,
"EU28","GVCPARTICIP","TOT","PC_GEXP","A","1999",20.9,
"EU28","GVCPARTICIP","TOT","PC_GEXP","A","2000",23.58,
"EU28","GVCPARTICIP","TOT","PC_GEXP","A","2001",23.53,
"EU28","GVCPARTICIP","TOT","PC_GEXP","A","2002",22.31,
"EU28","GVCPARTICIP","TOT","PC_GEXP","A","2003",22.37,
"EU28","GVCPARTICIP","TOT","PC_GEXP","A","2004",23.21,
"EU28","GVCPARTICIP","TOT","PC_GEXP","A","2005",24.52,
"EU28","GVCPARTICIP","TOT","PC_GEXP","A","2006",26.36,
"EU28","GVCPARTICIP","TOT","PC_GEXP","A","2007",26.73,
"EU28","GVCPARTICIP","TOT","PC_GEXP","A","2008",27.67,
"EU28","GVCPARTICIP","TOT","PC_GEXP","A","2009",24.66,
"EU28","GVCPARTICIP","TOT","PC_GEXP","A","2010",26.6,
"EU28","GVCPARTICIP","TOT","PC_GEXP","A","2011",28.38,
"OECD","GVCPARTICIP","TOT","PC_GEXP","A","1995",14.89,
"OECD","GVCPARTICIP","TOT","PC_GEXP","A","1996",15.6,
"OECD","GVCPARTICIP","TOT","PC_GEXP","A","1997",16.26,
"OECD","GVCPARTICIP","TOT","PC_GEXP","A","1998",16.28,
"OECD","GVCPARTICIP","TOT","PC_GEXP","A","1999",16.57,
"OECD","GVCPARTICIP","TOT","PC_GEXP","A","2000",18.03,
"OECD","GVCPARTICIP","TOT","PC_GEXP","A","2001",18.25,
"OECD","GVCPARTICIP","TOT","PC_GEXP","A","2002",17.83,
"OECD","GVCPARTICIP","TOT","PC_GEXP","A","2003",18.57,
"OECD","GVCPARTICIP","TOT","PC_GEXP","A","2004",19.6,
"OECD","GVCPARTICIP","TOT","PC_GEXP","A","2005",20.69,
"OECD","GVCPARTICIP","TOT","PC_GEXP","A","2006",22.35,
"OECD","GVCPARTICIP","TOT","PC_GEXP","A","2007",22.92,
"OECD","GVCPARTICIP","TOT","PC_GEXP","A","2008",24.43,
"OECD","GVCPARTICIP","TOT","PC_GEXP","A","2009",21.11,
"OECD","GVCPARTICIP","TOT","PC_GEXP","A","2010",22.44,
"OECD","GVCPARTICIP","TOT","PC_GEXP","A","2011",24.26,
"EA18","GVCPARTICIP","TOT","PC_GEXP","A","1995",19.27,
"EA18","GVCPARTICIP","TOT","PC_GEXP","A","1996",19.55,
"EA18","GVCPARTICIP","TOT","PC_GEXP","A","1997",20.59,
"EA18","GVCPARTICIP","TOT","PC_GEXP","A","1998",20.88,
"EA18","GVCPARTICIP","TOT","PC_GEXP","A","1999",21.62,
"EA18","GVCPARTICIP","TOT","PC_GEXP","A","2000",24.55,
"EA18","GVCPARTICIP","TOT","PC_GEXP","A","2001",24.24,
"EA18","GVCPARTICIP","TOT","PC_GEXP","A","2002",23.08,
"EA18","GVCPARTICIP","TOT","PC_GEXP","A","2003",22.97,
"EA18","GVCPARTICIP","TOT","PC_GEXP","A","2004",23.9,
"EA18","GVCPARTICIP","TOT","PC_GEXP","A","2005",25.29,
"EA18","GVCPARTICIP","TOT","PC_GEXP","A","2006",27.15,
"EA18","GVCPARTICIP","TOT","PC_GEXP","A","2007",27.64,
"EA18","GVCPARTICIP","TOT","PC_GEXP","A","2008",28.22,
"EA18","GVCPARTICIP","TOT","PC_GEXP","A","2009",24.9,
"EA18","GVCPARTICIP","TOT","PC_GEXP","A","2010",26.95,
"EA18","GVCPARTICIP","TOT","PC_GEXP","A","2011",28.71,
"MAR","GVCPARTICIP","TOT","PC_GEXP","A","1995",18.86,
"MAR","GVCPARTICIP","TOT","PC_GEXP","A","1996",16.29,
"MAR","GVCPARTICIP","TOT","PC_GEXP","A","1997",17.93,
"MAR","GVCPARTICIP","TOT","PC_GEXP","A","1998",20.7,
"MAR","GVCPARTICIP","TOT","PC_GEXP","A","1999",22.03,
"MAR","GVCPARTICIP","TOT","PC_GEXP","A","2000",24.77,
"MAR","GVCPARTICIP","TOT","PC_GEXP","A","2001",24.07,
"MAR","GVCPARTICIP","TOT","PC_GEXP","A","2002",23.33,
"MAR","GVCPARTICIP","TOT","PC_GEXP","A","2003",21.26,
"MAR","GVCPARTICIP","TOT","PC_GEXP","A","2004",21.74,
"MAR","GVCPARTICIP","TOT","PC_GEXP","A","2005",24.4,
"MAR","GVCPARTICIP","TOT","PC_GEXP","A","2006",24.22,
"MAR","GVCPARTICIP","TOT","PC_GEXP","A","2007",24.29,
"MAR","GVCPARTICIP","TOT","PC_GEXP","A","2008",24.79,
"MAR","GVCPARTICIP","TOT","PC_GEXP","A","2009",21.82,
"MAR","GVCPARTICIP","TOT","PC_GEXP","A","2010",23.61,
"MAR","GVCPARTICIP","TOT","PC_GEXP","A","2011",25.6,
"MAR","GVCPARTICIP","TOT","PC_GEXP","A","2012",27.28,
"MAR","GVCPARTICIP","TOT","PC_GEXP","A","2013",25.53,
"MAR","GVCPARTICIP","TOT","PC_GEXP","A","2014",24.97,
"PER","GVCPARTICIP","TOT","PC_GEXP","A","1995",9.85,
"PER","GVCPARTICIP","TOT","PC_GEXP","A","1996",9.8,
"PER","GVCPARTICIP","TOT","PC_GEXP","A","1997",10.1,
"PER","GVCPARTICIP","TOT","PC_GEXP","A","1998",10.17,
"PER","GVCPARTICIP","TOT","PC_GEXP","A","1999",9.63,
"PER","GVCPARTICIP","TOT","PC_GEXP","A","2000",10.71,
"PER","GVCPARTICIP","TOT","PC_GEXP","A","2001",10.73,
"PER","GVCPARTICIP","TOT","PC_GEXP","A","2002",10.81,
"PER","GVCPARTICIP","TOT","PC_GEXP","A","2003",11.31,
"PER","GVCPARTICIP","TOT","PC_GEXP","A","2004",11.18,
"PER","GVCPARTICIP","TOT","PC_GEXP","A","2005",12.31,
"PER","GVCPARTICIP","TOT","PC_GEXP","A","2006",11.81,
"PER","GVCPARTICIP","TOT","PC_GEXP","A","2007",12.62,
"PER","GVCPARTICIP","TOT","PC_GEXP","A","2008",13.76,
"PER","GVCPARTICIP","TOT","PC_GEXP","A","2009",11.8,
"PER","GVCPARTICIP","TOT","PC_GEXP","A","2010",11.85,
"PER","GVCPARTICIP","TOT","PC_GEXP","A","2011",11.79,
"PER","GVCPARTICIP","TOT","PC_GEXP","A","2012",12.24,
"PER","GVCPARTICIP","TOT","PC_GEXP","A","2013",11.99,
"PER","GVCPARTICIP","TOT","PC_GEXP","A","2014",12.56,
