﻿"LOCATION","INDICATOR","SUBJECT","MEASURE","FREQUENCY","TIME","Value","Flag Codes"
"AUT","IMPBSNS","0_9","USD","A","2008",34496.7,"E"
"AUT","IMPBSNS","0_9","USD","A","2009",27563.9,"E"
"AUT","IMPBSNS","0_9","USD","A","2010",31793.1,"E"
"AUT","IMPBSNS","0_9","USD","A","2011",35726.7,
"AUT","IMPBSNS","0_9","USD","A","2012",34925.8,
"AUT","IMPBSNS","0_9","USD","A","2013",35855.9,
"AUT","IMPBSNS","0_9","USD","A","2014",36276,
"AUT","IMPBSNS","0_9","USD","A","2015",31037.8,
"AUT","IMPBSNS","50_249","USD","A","2008",42043.2,"E"
"AUT","IMPBSNS","50_249","USD","A","2009",33386.4,"E"
"AUT","IMPBSNS","50_249","USD","A","2010",38417.7,"E"
"AUT","IMPBSNS","50_249","USD","A","2011",46411.1,
"AUT","IMPBSNS","50_249","USD","A","2012",45272.3,
"AUT","IMPBSNS","50_249","USD","A","2013",44961.8,
"AUT","IMPBSNS","50_249","USD","A","2014",42894.6,
"AUT","IMPBSNS","50_249","USD","A","2015",36511.2,
"AUT","IMPBSNS","250MORE","USD","A","2008",69349.8,"E"
"AUT","IMPBSNS","250MORE","USD","A","2009",51366.2,"E"
"AUT","IMPBSNS","250MORE","USD","A","2010",59630.4,"E"
"AUT","IMPBSNS","250MORE","USD","A","2011",74122.8,
"AUT","IMPBSNS","250MORE","USD","A","2012",65273.7,
"AUT","IMPBSNS","250MORE","USD","A","2013",67668.7,
"AUT","IMPBSNS","250MORE","USD","A","2014",67658.1,
"AUT","IMPBSNS","250MORE","USD","A","2015",57927.5,
"AUT","IMPBSNS","10_49","USD","A","2008",29713.6,"E"
"AUT","IMPBSNS","10_49","USD","A","2009",24115.7,"E"
"AUT","IMPBSNS","10_49","USD","A","2010",27039.4,"E"
"AUT","IMPBSNS","10_49","USD","A","2011",32073.5,
"AUT","IMPBSNS","10_49","USD","A","2012",29324.6,
"AUT","IMPBSNS","10_49","USD","A","2013",30167.1,
"AUT","IMPBSNS","10_49","USD","A","2014",30292.1,
"AUT","IMPBSNS","10_49","USD","A","2015",26094.1,
"AUT","IMPBSNS","ALLSIZE","USD","A","2008",184293,"E"
"AUT","IMPBSNS","ALLSIZE","USD","A","2009",143063,"E"
"AUT","IMPBSNS","ALLSIZE","USD","A","2010",159009,"E"
"AUT","IMPBSNS","ALLSIZE","USD","A","2011",191417,
"AUT","IMPBSNS","ALLSIZE","USD","A","2012",178513,
"AUT","IMPBSNS","ALLSIZE","USD","A","2013",183278,
"AUT","IMPBSNS","ALLSIZE","USD","A","2014",182006,
"AUT","IMPBSNS","ALLSIZE","USD","A","2015",156106,
"BEL","IMPBSNS","0_9","USD","A","2008",27099.1,"E"
"BEL","IMPBSNS","0_9","USD","A","2009",24251.7,"E"
"BEL","IMPBSNS","0_9","USD","A","2010",23105.4,"E"
"BEL","IMPBSNS","0_9","USD","A","2011",27813.4,
"BEL","IMPBSNS","0_9","USD","A","2012",24251.7,
"BEL","IMPBSNS","0_9","USD","A","2013",25444.5,
"BEL","IMPBSNS","0_9","USD","A","2014",26146.9,
"BEL","IMPBSNS","50_249","USD","A","2008",67265.9,"E"
"BEL","IMPBSNS","50_249","USD","A","2009",50617.4,"E"
"BEL","IMPBSNS","50_249","USD","A","2010",61645.7,"E"
"BEL","IMPBSNS","50_249","USD","A","2011",77682.5,
"BEL","IMPBSNS","50_249","USD","A","2012",69627,
"BEL","IMPBSNS","50_249","USD","A","2013",73785,
"BEL","IMPBSNS","50_249","USD","A","2014",77226.7,
"BEL","IMPBSNS","250MORE","USD","A","2008",152495,"E"
"BEL","IMPBSNS","250MORE","USD","A","2009",103778,"E"
"BEL","IMPBSNS","250MORE","USD","A","2010",117930,"E"
"BEL","IMPBSNS","250MORE","USD","A","2011",145473,
"BEL","IMPBSNS","250MORE","USD","A","2012",138266,
"BEL","IMPBSNS","250MORE","USD","A","2013",141707,
"BEL","IMPBSNS","250MORE","USD","A","2014",138843,
"BEL","IMPBSNS","10_49","USD","A","2008",51726.5,"E"
"BEL","IMPBSNS","10_49","USD","A","2009",44078.5,"E"
"BEL","IMPBSNS","10_49","USD","A","2010",44779.9,"E"
"BEL","IMPBSNS","10_49","USD","A","2011",52769.3,
"BEL","IMPBSNS","10_49","USD","A","2012",47037,
"BEL","IMPBSNS","10_49","USD","A","2013",46648.3,
"BEL","IMPBSNS","10_49","USD","A","2014",46607.7,
"BEL","IMPBSNS","ALLSIZE","USD","A","2008",465262,"E"
"BEL","IMPBSNS","ALLSIZE","USD","A","2009",354793,"E"
"BEL","IMPBSNS","ALLSIZE","USD","A","2010",391205,"E"
"BEL","IMPBSNS","ALLSIZE","USD","A","2011",472591,
"BEL","IMPBSNS","ALLSIZE","USD","A","2012",437336,
"BEL","IMPBSNS","ALLSIZE","USD","A","2013",450286,
"BEL","IMPBSNS","ALLSIZE","USD","A","2014",452637,
"CAN","IMPBSNS","0_9","USD","A","2008",24832.335,
"CAN","IMPBSNS","0_9","USD","A","2009",33013.1,
"CAN","IMPBSNS","0_9","USD","A","2010",45075.2,
"CAN","IMPBSNS","0_9","USD","A","2011",52184.37636,
"CAN","IMPBSNS","0_9","USD","A","2012",55393.4,
"CAN","IMPBSNS","50_249","USD","A","2008",63043.333,
"CAN","IMPBSNS","50_249","USD","A","2009",51481,
"CAN","IMPBSNS","50_249","USD","A","2010",57631,
"CAN","IMPBSNS","50_249","USD","A","2011",64308.35059,
"CAN","IMPBSNS","50_249","USD","A","2012",63891.4,
"CAN","IMPBSNS","250MORE","USD","A","2008",231237.991,
"CAN","IMPBSNS","250MORE","USD","A","2009",155674,
"CAN","IMPBSNS","250MORE","USD","A","2010",178539,
"CAN","IMPBSNS","250MORE","USD","A","2011",191263.9682,
"CAN","IMPBSNS","250MORE","USD","A","2012",200388,
"CAN","IMPBSNS","10_49","USD","A","2008",37482.841,
"CAN","IMPBSNS","10_49","USD","A","2009",29827,
"CAN","IMPBSNS","10_49","USD","A","2010",36079.6,
"CAN","IMPBSNS","10_49","USD","A","2011",41391.6992,
"CAN","IMPBSNS","10_49","USD","A","2012",40973.5,
"CAN","IMPBSNS","ALLSIZE","USD","A","2008",356596.5,
"CAN","IMPBSNS","ALLSIZE","USD","A","2009",277962,
"CAN","IMPBSNS","ALLSIZE","USD","A","2010",346170,
"CAN","IMPBSNS","ALLSIZE","USD","A","2011",397880.1867,
"CAN","IMPBSNS","ALLSIZE","USD","A","2012",405940,
"CZE","IMPBSNS","0_9","USD","A","2008",8514.25,"E"
"CZE","IMPBSNS","0_9","USD","A","2009",6431.09,"E"
"CZE","IMPBSNS","0_9","USD","A","2010",6750.21,"E"
"CZE","IMPBSNS","0_9","USD","A","2011",6282.26,
"CZE","IMPBSNS","0_9","USD","A","2012",6102.05,
"CZE","IMPBSNS","0_9","USD","A","2013",7525.28,
"CZE","IMPBSNS","0_9","USD","A","2014",7531.47,
"CZE","IMPBSNS","50_249","USD","A","2008",33497.3,"E"
"CZE","IMPBSNS","50_249","USD","A","2009",21902,"E"
"CZE","IMPBSNS","50_249","USD","A","2010",24729.6,"E"
"CZE","IMPBSNS","50_249","USD","A","2011",29209.9,
"CZE","IMPBSNS","50_249","USD","A","2012",27011.5,
"CZE","IMPBSNS","50_249","USD","A","2013",28089.3,
"CZE","IMPBSNS","50_249","USD","A","2014",28673.4,
"CZE","IMPBSNS","250MORE","USD","A","2008",60781.1,"E"
"CZE","IMPBSNS","250MORE","USD","A","2009",43292,"E"
"CZE","IMPBSNS","250MORE","USD","A","2010",51892.4,"E"
"CZE","IMPBSNS","250MORE","USD","A","2011",60959.1,
"CZE","IMPBSNS","250MORE","USD","A","2012",53621.9,
"CZE","IMPBSNS","250MORE","USD","A","2013",52394.5,
"CZE","IMPBSNS","250MORE","USD","A","2014",57912.9,
"CZE","IMPBSNS","10_49","USD","A","2008",18550.2,"E"
"CZE","IMPBSNS","10_49","USD","A","2009",13147.7,"E"
"CZE","IMPBSNS","10_49","USD","A","2010",14451.7,"E"
"CZE","IMPBSNS","10_49","USD","A","2011",15819.3,
"CZE","IMPBSNS","10_49","USD","A","2012",14699.8,
"CZE","IMPBSNS","10_49","USD","A","2013",19869.7,
"CZE","IMPBSNS","10_49","USD","A","2014",18267.3,
"CZE","IMPBSNS","ALLSIZE","USD","A","2008",142034,"E"
"CZE","IMPBSNS","ALLSIZE","USD","A","2009",108042,"E"
"CZE","IMPBSNS","ALLSIZE","USD","A","2010",130650,"E"
"CZE","IMPBSNS","ALLSIZE","USD","A","2011",147575,
"CZE","IMPBSNS","ALLSIZE","USD","A","2012",177101,
"CZE","IMPBSNS","ALLSIZE","USD","A","2013",179887,
"CZE","IMPBSNS","ALLSIZE","USD","A","2014",196534,
"DNK","IMPBSNS","0_9","USD","A","2008",18546.9,"E"
"DNK","IMPBSNS","0_9","USD","A","2009",16962,"E"
"DNK","IMPBSNS","0_9","USD","A","2010",17684.3,"E"
"DNK","IMPBSNS","0_9","USD","A","2011",17976.3,
"DNK","IMPBSNS","0_9","USD","A","2012",8964.12,
"DNK","IMPBSNS","0_9","USD","A","2013",9235.44,
"DNK","IMPBSNS","0_9","USD","A","2014",9356.16,
"DNK","IMPBSNS","0_9","USD","A","2015",8404.17,
"DNK","IMPBSNS","50_249","USD","A","2008",22418.6,"E"
"DNK","IMPBSNS","50_249","USD","A","2009",14264.6,"E"
"DNK","IMPBSNS","50_249","USD","A","2010",15411.3,"E"
"DNK","IMPBSNS","50_249","USD","A","2011",18159.1,
"DNK","IMPBSNS","50_249","USD","A","2012",20183.8,
"DNK","IMPBSNS","50_249","USD","A","2013",20198.1,
"DNK","IMPBSNS","50_249","USD","A","2014",21701,
"DNK","IMPBSNS","50_249","USD","A","2015",19943,
"DNK","IMPBSNS","250MORE","USD","A","2008",38760.2,"E"
"DNK","IMPBSNS","250MORE","USD","A","2009",30051.9,"E"
"DNK","IMPBSNS","250MORE","USD","A","2010",29611.9,"E"
"DNK","IMPBSNS","250MORE","USD","A","2011",35227.2,
"DNK","IMPBSNS","250MORE","USD","A","2012",29432.7,
"DNK","IMPBSNS","250MORE","USD","A","2013",33119.5,
"DNK","IMPBSNS","250MORE","USD","A","2014",32470.3,
"DNK","IMPBSNS","250MORE","USD","A","2015",27320.2,
"DNK","IMPBSNS","10_49","USD","A","2008",18260,"E"
"DNK","IMPBSNS","10_49","USD","A","2009",14498.3,"E"
"DNK","IMPBSNS","10_49","USD","A","2010",15677.7,"E"
"DNK","IMPBSNS","10_49","USD","A","2011",18028.4,
"DNK","IMPBSNS","10_49","USD","A","2012",20211.2,
"DNK","IMPBSNS","10_49","USD","A","2013",20169.3,
"DNK","IMPBSNS","10_49","USD","A","2014",20501.5,
"DNK","IMPBSNS","10_49","USD","A","2015",18978.1,
"DNK","IMPBSNS","ALLSIZE","USD","A","2008",109362,"E"
"DNK","IMPBSNS","ALLSIZE","USD","A","2009",82650.6,"E"
"DNK","IMPBSNS","ALLSIZE","USD","A","2010",84874.8,"E"
"DNK","IMPBSNS","ALLSIZE","USD","A","2011",95660.7,
"DNK","IMPBSNS","ALLSIZE","USD","A","2012",91924.3,
"DNK","IMPBSNS","ALLSIZE","USD","A","2013",96984.2,
"DNK","IMPBSNS","ALLSIZE","USD","A","2014",100035,
"DNK","IMPBSNS","ALLSIZE","USD","A","2015",85784.8,
"FIN","IMPBSNS","0_9","USD","A","2008",14110.4,"E"
"FIN","IMPBSNS","0_9","USD","A","2009",10134.6,"E"
"FIN","IMPBSNS","0_9","USD","A","2010",7534.78,"E"
"FIN","IMPBSNS","0_9","USD","A","2011",7569.48,
"FIN","IMPBSNS","0_9","USD","A","2012",7127.98,
"FIN","IMPBSNS","0_9","USD","A","2013",7669.94,
"FIN","IMPBSNS","50_249","USD","A","2008",17221.4,"E"
"FIN","IMPBSNS","50_249","USD","A","2009",11140.1,"E"
"FIN","IMPBSNS","50_249","USD","A","2010",13575.7,"E"
"FIN","IMPBSNS","50_249","USD","A","2011",15509.1,
"FIN","IMPBSNS","50_249","USD","A","2012",15676.7,
"FIN","IMPBSNS","50_249","USD","A","2013",17219,
"FIN","IMPBSNS","250MORE","USD","A","2008",44680.7,"E"
"FIN","IMPBSNS","250MORE","USD","A","2009",27487.4,"E"
"FIN","IMPBSNS","250MORE","USD","A","2010",32913.3,"E"
"FIN","IMPBSNS","250MORE","USD","A","2011",43304.6,
"FIN","IMPBSNS","250MORE","USD","A","2012",37430.2,
"FIN","IMPBSNS","250MORE","USD","A","2013",38148.4,
"FIN","IMPBSNS","10_49","USD","A","2008",13040.7,"E"
"FIN","IMPBSNS","10_49","USD","A","2009",9226.34,"E"
"FIN","IMPBSNS","10_49","USD","A","2010",11091.7,"E"
"FIN","IMPBSNS","10_49","USD","A","2011",13391.6,
"FIN","IMPBSNS","10_49","USD","A","2012",11452.8,
"FIN","IMPBSNS","10_49","USD","A","2013",11368.2,
"FIN","IMPBSNS","ALLSIZE","USD","A","2008",91781.4,"E"
"FIN","IMPBSNS","ALLSIZE","USD","A","2009",60889.5,"E"
"FIN","IMPBSNS","ALLSIZE","USD","A","2010",68803.1,"E"
"FIN","IMPBSNS","ALLSIZE","USD","A","2011",84264.4,
"FIN","IMPBSNS","ALLSIZE","USD","A","2012",74246.8,
"FIN","IMPBSNS","ALLSIZE","USD","A","2013",75634.3,
"FRA","IMPBSNS","0_9","USD","A","2008",112702,"E"
"FRA","IMPBSNS","0_9","USD","A","2009",94677.9,"E"
"FRA","IMPBSNS","0_9","USD","A","2010",85679.5,"E"
"FRA","IMPBSNS","0_9","USD","A","2011",100523,
"FRA","IMPBSNS","0_9","USD","A","2012",118133,
"FRA","IMPBSNS","0_9","USD","A","2013",141883,
"FRA","IMPBSNS","0_9","USD","A","2014",130494,
"FRA","IMPBSNS","0_9","USD","A","2015",30658.6,
"FRA","IMPBSNS","50_249","USD","A","2008",110124,"E"
"FRA","IMPBSNS","50_249","USD","A","2009",83842.6,"E"
"FRA","IMPBSNS","50_249","USD","A","2010",92638.2,"E"
"FRA","IMPBSNS","50_249","USD","A","2011",104313,
"FRA","IMPBSNS","50_249","USD","A","2012",99461.7,
"FRA","IMPBSNS","50_249","USD","A","2013",106103,
"FRA","IMPBSNS","50_249","USD","A","2014",108729,
"FRA","IMPBSNS","50_249","USD","A","2015",62569,
"FRA","IMPBSNS","250MORE","USD","A","2008",375379,"E"
"FRA","IMPBSNS","250MORE","USD","A","2009",278435,"E"
"FRA","IMPBSNS","250MORE","USD","A","2010",307414,"E"
"FRA","IMPBSNS","250MORE","USD","A","2011",367342,
"FRA","IMPBSNS","250MORE","USD","A","2012",336364,
"FRA","IMPBSNS","250MORE","USD","A","2013",307360,
"FRA","IMPBSNS","250MORE","USD","A","2014",332956,
"FRA","IMPBSNS","250MORE","USD","A","2015",350261,
"FRA","IMPBSNS","10_49","USD","A","2008",103425,"E"
"FRA","IMPBSNS","10_49","USD","A","2009",92236.3,"E"
"FRA","IMPBSNS","10_49","USD","A","2010",82061.1,"E"
"FRA","IMPBSNS","10_49","USD","A","2011",94992.5,
"FRA","IMPBSNS","10_49","USD","A","2012",86440.6,
"FRA","IMPBSNS","10_49","USD","A","2013",86458.6,
"FRA","IMPBSNS","10_49","USD","A","2014",87671.3,
"FRA","IMPBSNS","10_49","USD","A","2015",48325.1,
"FRA","IMPBSNS","ALLSIZE","USD","A","2008",714333,"E"
"FRA","IMPBSNS","ALLSIZE","USD","A","2009",558107,"E"
"FRA","IMPBSNS","ALLSIZE","USD","A","2010",606260,"E"
"FRA","IMPBSNS","ALLSIZE","USD","A","2011",704244,
"FRA","IMPBSNS","ALLSIZE","USD","A","2012",662698,
"FRA","IMPBSNS","ALLSIZE","USD","A","2013",669109,
"FRA","IMPBSNS","ALLSIZE","USD","A","2014",680787,
"FRA","IMPBSNS","ALLSIZE","USD","A","2015",574884,
"DEU","IMPBSNS","0_9","USD","A","2009",71525.2,"E"
"DEU","IMPBSNS","0_9","USD","A","2010",80211.9,"E"
"DEU","IMPBSNS","0_9","USD","A","2011",103574,
"DEU","IMPBSNS","0_9","USD","A","2012",64385.7,
"DEU","IMPBSNS","0_9","USD","A","2013",65020.4,
"DEU","IMPBSNS","0_9","USD","A","2014",57862.5,
"DEU","IMPBSNS","0_9","USD","A","2015",51243.3,
"DEU","IMPBSNS","50_249","USD","A","2009",131057,"E"
"DEU","IMPBSNS","50_249","USD","A","2010",154511,"E"
"DEU","IMPBSNS","50_249","USD","A","2011",207895,
"DEU","IMPBSNS","50_249","USD","A","2012",166618,
"DEU","IMPBSNS","50_249","USD","A","2013",173424,
"DEU","IMPBSNS","50_249","USD","A","2014",162809,
"DEU","IMPBSNS","50_249","USD","A","2015",145863,
"DEU","IMPBSNS","250MORE","USD","A","2009",339912,"E"
"DEU","IMPBSNS","250MORE","USD","A","2010",409958,"E"
"DEU","IMPBSNS","250MORE","USD","A","2011",475659,
"DEU","IMPBSNS","250MORE","USD","A","2012",585154,
"DEU","IMPBSNS","250MORE","USD","A","2013",596503,
"DEU","IMPBSNS","250MORE","USD","A","2014",671616,
"DEU","IMPBSNS","250MORE","USD","A","2015",579279,
"DEU","IMPBSNS","10_49","USD","A","2009",108700,"E"
"DEU","IMPBSNS","10_49","USD","A","2010",149299,"E"
"DEU","IMPBSNS","10_49","USD","A","2011",157962,
"DEU","IMPBSNS","10_49","USD","A","2012",101060,
"DEU","IMPBSNS","10_49","USD","A","2013",100082,
"DEU","IMPBSNS","10_49","USD","A","2014",104401,
"DEU","IMPBSNS","10_49","USD","A","2015",91709.4,
"DEU","IMPBSNS","ALLSIZE","USD","A","2008",1185070,"E"
"DEU","IMPBSNS","ALLSIZE","USD","A","2009",926347,"E"
"DEU","IMPBSNS","ALLSIZE","USD","A","2010",1054810,"E"
"DEU","IMPBSNS","ALLSIZE","USD","A","2011",1254870,
"DEU","IMPBSNS","ALLSIZE","USD","A","2012",1163230,
"DEU","IMPBSNS","ALLSIZE","USD","A","2013",1191550,
"DEU","IMPBSNS","ALLSIZE","USD","A","2014",1207040,
"DEU","IMPBSNS","ALLSIZE","USD","A","2015",1051390,
"GRC","IMPBSNS","0_9","USD","A","2010",7124.13,"E"
"GRC","IMPBSNS","0_9","USD","A","2011",7823.15,
"GRC","IMPBSNS","0_9","USD","A","2012",7154.85,
"GRC","IMPBSNS","0_9","USD","A","2013",7062.3,
"GRC","IMPBSNS","0_9","USD","A","2014",7725.11,
"GRC","IMPBSNS","0_9","USD","A","2015",6842.61,
"GRC","IMPBSNS","50_249","USD","A","2010",14831.4,"E"
"GRC","IMPBSNS","50_249","USD","A","2011",14449.9,
"GRC","IMPBSNS","50_249","USD","A","2012",11996.2,
"GRC","IMPBSNS","50_249","USD","A","2013",11815.8,
"GRC","IMPBSNS","50_249","USD","A","2014",12487.4,
"GRC","IMPBSNS","50_249","USD","A","2015",10975.2,
"GRC","IMPBSNS","250MORE","USD","A","2010",26987.2,"E"
"GRC","IMPBSNS","250MORE","USD","A","2011",31389.9,
"GRC","IMPBSNS","250MORE","USD","A","2012",30737.5,
"GRC","IMPBSNS","250MORE","USD","A","2013",31468.5,
"GRC","IMPBSNS","250MORE","USD","A","2014",31080.7,
"GRC","IMPBSNS","250MORE","USD","A","2015",20676.6,
"GRC","IMPBSNS","10_49","USD","A","2010",11507.4,"E"
"GRC","IMPBSNS","10_49","USD","A","2011",10354.9,
"GRC","IMPBSNS","10_49","USD","A","2012",7778.06,
"GRC","IMPBSNS","10_49","USD","A","2013",8277.03,
"GRC","IMPBSNS","10_49","USD","A","2014",9803.91,
"GRC","IMPBSNS","10_49","USD","A","2015",7916.93,
"GRC","IMPBSNS","ALLSIZE","USD","A","2010",63885,"E"
"GRC","IMPBSNS","ALLSIZE","USD","A","2011",67455.6,
"GRC","IMPBSNS","ALLSIZE","USD","A","2012",63358.8,
"GRC","IMPBSNS","ALLSIZE","USD","A","2013",62244.7,
"GRC","IMPBSNS","ALLSIZE","USD","A","2014",64201.8,
"GRC","IMPBSNS","ALLSIZE","USD","A","2015",48394.7,
"HUN","IMPBSNS","0_9","USD","A","2008",12377,"E"
"HUN","IMPBSNS","0_9","USD","A","2009",8912.64,"E"
"HUN","IMPBSNS","0_9","USD","A","2010",9343.92,"E"
"HUN","IMPBSNS","0_9","USD","A","2011",10098.9,
"HUN","IMPBSNS","0_9","USD","A","2012",8847.42,
"HUN","IMPBSNS","0_9","USD","A","2013",21858,
"HUN","IMPBSNS","0_9","USD","A","2015",19362.9,
"HUN","IMPBSNS","50_249","USD","A","2008",19480.1,"E"
"HUN","IMPBSNS","50_249","USD","A","2009",12644.2,"E"
"HUN","IMPBSNS","50_249","USD","A","2010",13047.8,"E"
"HUN","IMPBSNS","50_249","USD","A","2011",15343.5,
"HUN","IMPBSNS","50_249","USD","A","2012",13910.8,
"HUN","IMPBSNS","50_249","USD","A","2013",15324,
"HUN","IMPBSNS","50_249","USD","A","2015",15360.7,
"HUN","IMPBSNS","250MORE","USD","A","2008",54257.6,"E"
"HUN","IMPBSNS","250MORE","USD","A","2009",40012.2,"E"
"HUN","IMPBSNS","250MORE","USD","A","2010",47249.5,"E"
"HUN","IMPBSNS","250MORE","USD","A","2011",53337,
"HUN","IMPBSNS","250MORE","USD","A","2012",48515.7,
"HUN","IMPBSNS","250MORE","USD","A","2013",49813.4,
"HUN","IMPBSNS","250MORE","USD","A","2015",46031.9,
"HUN","IMPBSNS","10_49","USD","A","2008",11175.5,"E"
"HUN","IMPBSNS","10_49","USD","A","2009",7770.94,"E"
"HUN","IMPBSNS","10_49","USD","A","2010",8557.7,"E"
"HUN","IMPBSNS","10_49","USD","A","2011",10941.7,
"HUN","IMPBSNS","10_49","USD","A","2012",10791.1,
"HUN","IMPBSNS","10_49","USD","A","2013",10693.2,
"HUN","IMPBSNS","10_49","USD","A","2015",9391.59,
"HUN","IMPBSNS","ALLSIZE","USD","A","2008",109004,"E"
"HUN","IMPBSNS","ALLSIZE","USD","A","2009",77742.1,"E"
"HUN","IMPBSNS","ALLSIZE","USD","A","2010",88185.4,"E"
"HUN","IMPBSNS","ALLSIZE","USD","A","2011",102514,
"HUN","IMPBSNS","ALLSIZE","USD","A","2012",95177.8,
"HUN","IMPBSNS","ALLSIZE","USD","A","2013",100106,
"HUN","IMPBSNS","ALLSIZE","USD","A","2015",91969.1,
"IRL","IMPBSNS","0_9","USD","A","2010",10588,
"IRL","IMPBSNS","0_9","USD","A","2011",12000.1,
"IRL","IMPBSNS","0_9","USD","A","2012",12666.4,
"IRL","IMPBSNS","0_9","USD","A","2013",13502,
"IRL","IMPBSNS","50_249","USD","A","2010",21388.3,
"IRL","IMPBSNS","50_249","USD","A","2011",15179.4,
"IRL","IMPBSNS","50_249","USD","A","2012",12475,
"IRL","IMPBSNS","50_249","USD","A","2013",13729,
"IRL","IMPBSNS","250MORE","USD","A","2010",12851.9,
"IRL","IMPBSNS","250MORE","USD","A","2011",23559.2,
"IRL","IMPBSNS","250MORE","USD","A","2012",21954,
"IRL","IMPBSNS","250MORE","USD","A","2013",23182.5,
"IRL","IMPBSNS","10_49","USD","A","2010",11549,
"IRL","IMPBSNS","10_49","USD","A","2011",13258.7,
"IRL","IMPBSNS","10_49","USD","A","2012",12646.1,
"IRL","IMPBSNS","10_49","USD","A","2013",13152.6,
"IRL","IMPBSNS","ALLSIZE","USD","A","2010",58732.2,
"IRL","IMPBSNS","ALLSIZE","USD","A","2011",65678.4,
"IRL","IMPBSNS","ALLSIZE","USD","A","2012",61858.8,
"IRL","IMPBSNS","ALLSIZE","USD","A","2013",65053.7,
"ITA","IMPBSNS","0_9","USD","A","2008",65906.7,"E"
"ITA","IMPBSNS","0_9","USD","A","2009",31909,"E"
"ITA","IMPBSNS","0_9","USD","A","2010",36986.4,"E"
"ITA","IMPBSNS","0_9","USD","A","2011",41258.4,
"ITA","IMPBSNS","0_9","USD","A","2012",31009.7,
"ITA","IMPBSNS","0_9","USD","A","2013",32347.6,
"ITA","IMPBSNS","0_9","USD","A","2014",34593.6,
"ITA","IMPBSNS","0_9","USD","A","2015",29405.2,
"ITA","IMPBSNS","50_249","USD","A","2008",131443,"E"
"ITA","IMPBSNS","50_249","USD","A","2009",94979,"E"
"ITA","IMPBSNS","50_249","USD","A","2010",104645,"E"
"ITA","IMPBSNS","50_249","USD","A","2011",118834,
"ITA","IMPBSNS","50_249","USD","A","2012",99171.7,
"ITA","IMPBSNS","50_249","USD","A","2013",100741,
"ITA","IMPBSNS","50_249","USD","A","2014",114187,
"ITA","IMPBSNS","50_249","USD","A","2015",93914.4,
"ITA","IMPBSNS","250MORE","USD","A","2008",259090,"E"
"ITA","IMPBSNS","250MORE","USD","A","2009",198676,"E"
"ITA","IMPBSNS","250MORE","USD","A","2010",191268,"E"
"ITA","IMPBSNS","250MORE","USD","A","2011",226661,
"ITA","IMPBSNS","250MORE","USD","A","2012",199410,
"ITA","IMPBSNS","250MORE","USD","A","2013",198067,
"ITA","IMPBSNS","250MORE","USD","A","2014",176971,
"ITA","IMPBSNS","250MORE","USD","A","2015",157763,
"ITA","IMPBSNS","10_49","USD","A","2008",89154.3,"E"
"ITA","IMPBSNS","10_49","USD","A","2009",69910,"E"
"ITA","IMPBSNS","10_49","USD","A","2010",83429.7,"E"
"ITA","IMPBSNS","10_49","USD","A","2011",92548.7,
"ITA","IMPBSNS","10_49","USD","A","2012",78374.4,
"ITA","IMPBSNS","10_49","USD","A","2013",77990.2,
"ITA","IMPBSNS","10_49","USD","A","2014",78798,
"ITA","IMPBSNS","10_49","USD","A","2015",69465.9,
"ITA","IMPBSNS","ALLSIZE","USD","A","2008",561919,"E"
"ITA","IMPBSNS","ALLSIZE","USD","A","2009",415105,"E"
"ITA","IMPBSNS","ALLSIZE","USD","A","2010",487049,"E"
"ITA","IMPBSNS","ALLSIZE","USD","A","2011",528939,
"ITA","IMPBSNS","ALLSIZE","USD","A","2012",457451,
"ITA","IMPBSNS","ALLSIZE","USD","A","2013",479462,
"ITA","IMPBSNS","ALLSIZE","USD","A","2014",474210,
"ITA","IMPBSNS","ALLSIZE","USD","A","2015",411065,
"LUX","IMPBSNS","0_9","USD","A","2008",3183.55,
"LUX","IMPBSNS","0_9","USD","A","2009",2853.05,"E"
"LUX","IMPBSNS","0_9","USD","A","2010",2331.6,"E"
"LUX","IMPBSNS","0_9","USD","A","2011",2892.58,
"LUX","IMPBSNS","0_9","USD","A","2012",2101.81,
"LUX","IMPBSNS","0_9","USD","A","2013",2210.92,
"LUX","IMPBSNS","0_9","USD","A","2014",2465.97,
"LUX","IMPBSNS","50_249","USD","A","2008",4819.61,
"LUX","IMPBSNS","50_249","USD","A","2009",4236.8,"E"
"LUX","IMPBSNS","50_249","USD","A","2010",5026.3,"E"
"LUX","IMPBSNS","50_249","USD","A","2011",4985.38,
"LUX","IMPBSNS","50_249","USD","A","2012",,"C"
"LUX","IMPBSNS","50_249","USD","A","2013",6321.37,
"LUX","IMPBSNS","50_249","USD","A","2014",5977.73,
"LUX","IMPBSNS","250MORE","USD","A","2008",8693.74,
"LUX","IMPBSNS","250MORE","USD","A","2009",5664.73,"E"
"LUX","IMPBSNS","250MORE","USD","A","2010",7633.36,"E"
"LUX","IMPBSNS","250MORE","USD","A","2011",9884.58,
"LUX","IMPBSNS","250MORE","USD","A","2012",,"C"
"LUX","IMPBSNS","250MORE","USD","A","2013",,"C"
"LUX","IMPBSNS","250MORE","USD","A","2014",7369.11,
"LUX","IMPBSNS","10_49","USD","A","2008",6289.72,
"LUX","IMPBSNS","10_49","USD","A","2009",4088.81,"E"
"LUX","IMPBSNS","10_49","USD","A","2010",3995.24,"E"
"LUX","IMPBSNS","10_49","USD","A","2011",5783.13,
"LUX","IMPBSNS","10_49","USD","A","2012",,"C"
"LUX","IMPBSNS","10_49","USD","A","2013",4487.31,
"LUX","IMPBSNS","10_49","USD","A","2014",5143.4,
"LUX","IMPBSNS","ALLSIZE","USD","A","2008",32105.2,
"LUX","IMPBSNS","ALLSIZE","USD","A","2009",25011.5,"E"
"LUX","IMPBSNS","ALLSIZE","USD","A","2010",25070.2,"E"
"LUX","IMPBSNS","ALLSIZE","USD","A","2011",30654.9,
"LUX","IMPBSNS","ALLSIZE","USD","A","2012",27785.4,
"LUX","IMPBSNS","ALLSIZE","USD","A","2013",26645.4,
"LUX","IMPBSNS","ALLSIZE","USD","A","2014",26701.4,
"NLD","IMPBSNS","0_9","USD","A","2009",56383.5,"E"
"NLD","IMPBSNS","0_9","USD","A","2010",72857.9,"E"
"NLD","IMPBSNS","0_9","USD","A","2011",73551.4,
"NLD","IMPBSNS","0_9","USD","A","2012",54806.7,
"NLD","IMPBSNS","0_9","USD","A","2013",62608.1,
"NLD","IMPBSNS","0_9","USD","A","2014",60120,
"NLD","IMPBSNS","50_249","USD","A","2009",97273.1,"E"
"NLD","IMPBSNS","50_249","USD","A","2010",116717,"E"
"NLD","IMPBSNS","50_249","USD","A","2011",126427,
"NLD","IMPBSNS","50_249","USD","A","2012",119896,
"NLD","IMPBSNS","50_249","USD","A","2013",134427,
"NLD","IMPBSNS","50_249","USD","A","2014",123866,
"NLD","IMPBSNS","250MORE","USD","A","2009",137987,"E"
"NLD","IMPBSNS","250MORE","USD","A","2010",156783,"E"
"NLD","IMPBSNS","250MORE","USD","A","2011",184901,
"NLD","IMPBSNS","250MORE","USD","A","2012",138472,
"NLD","IMPBSNS","250MORE","USD","A","2013",164901,
"NLD","IMPBSNS","250MORE","USD","A","2014",169194,
"NLD","IMPBSNS","10_49","USD","A","2009",61146.9,"E"
"NLD","IMPBSNS","10_49","USD","A","2010",66761.3,"E"
"NLD","IMPBSNS","10_49","USD","A","2011",78812,
"NLD","IMPBSNS","10_49","USD","A","2012",62819.7,
"NLD","IMPBSNS","10_49","USD","A","2013",77586,
"NLD","IMPBSNS","10_49","USD","A","2014",85919.5,
"NLD","IMPBSNS","ALLSIZE","USD","A","2009",443157,"E"
"NLD","IMPBSNS","ALLSIZE","USD","A","2010",516396,"E"
"NLD","IMPBSNS","ALLSIZE","USD","A","2011",611674,
"NLD","IMPBSNS","ALLSIZE","USD","A","2012",590352,
"NLD","IMPBSNS","ALLSIZE","USD","A","2013",594841,
"NLD","IMPBSNS","ALLSIZE","USD","A","2014",589657,
"NZL","IMPBSNS","ALLSIZE","USD","A","2008",33146.203,
"NZL","IMPBSNS","ALLSIZE","USD","A","2009",23885.042,
"NZL","IMPBSNS","ALLSIZE","USD","A","2010",29071.444,
"NZL","IMPBSNS","ALLSIZE","USD","A","2011",35344.906,
"POL","IMPBSNS","0_9","USD","A","2008",17481.9,"E"
"POL","IMPBSNS","0_9","USD","A","2009",11325,"E"
"POL","IMPBSNS","0_9","USD","A","2010",13085.5,"E"
"POL","IMPBSNS","0_9","USD","A","2011",14116.4,
"POL","IMPBSNS","0_9","USD","A","2012",13578.9,
"POL","IMPBSNS","0_9","USD","A","2013",3158.99,
"POL","IMPBSNS","0_9","USD","A","2014",15616.3,
"POL","IMPBSNS","50_249","USD","A","2008",42509.2,"E"
"POL","IMPBSNS","50_249","USD","A","2009",28757.6,"E"
"POL","IMPBSNS","50_249","USD","A","2010",60849.9,"E"
"POL","IMPBSNS","50_249","USD","A","2011",40894.9,
"POL","IMPBSNS","50_249","USD","A","2012",36599.9,
"POL","IMPBSNS","50_249","USD","A","2013",8879.24,
"POL","IMPBSNS","50_249","USD","A","2014",38825.5,
"POL","IMPBSNS","250MORE","USD","A","2008",100302,"E"
"POL","IMPBSNS","250MORE","USD","A","2009",72537.4,"E"
"POL","IMPBSNS","250MORE","USD","A","2010",62380.2,"E"
"POL","IMPBSNS","250MORE","USD","A","2011",107231,
"POL","IMPBSNS","250MORE","USD","A","2012",101553,
"POL","IMPBSNS","250MORE","USD","A","2013",25437.5,
"POL","IMPBSNS","250MORE","USD","A","2014",113138,
"POL","IMPBSNS","10_49","USD","A","2008",28112.1,"E"
"POL","IMPBSNS","10_49","USD","A","2009",20095,"E"
"POL","IMPBSNS","10_49","USD","A","2010",23074.1,"E"
"POL","IMPBSNS","10_49","USD","A","2011",26018.4,
"POL","IMPBSNS","10_49","USD","A","2012",24677.9,
"POL","IMPBSNS","10_49","USD","A","2013",6343.98,
"POL","IMPBSNS","10_49","USD","A","2014",28286.2,
"POL","IMPBSNS","ALLSIZE","USD","A","2008",208823,"E"
"POL","IMPBSNS","ALLSIZE","USD","A","2009",149436,"E"
"POL","IMPBSNS","ALLSIZE","USD","A","2010",178067,"E"
"POL","IMPBSNS","ALLSIZE","USD","A","2011",210684,
"POL","IMPBSNS","ALLSIZE","USD","A","2012",199057,
"POL","IMPBSNS","ALLSIZE","USD","A","2013",67477.5,
"POL","IMPBSNS","ALLSIZE","USD","A","2014",223698,
"PRT","IMPBSNS","0_9","USD","A","2008",9780.55,"E"
"PRT","IMPBSNS","0_9","USD","A","2009",8012.29,"E"
"PRT","IMPBSNS","0_9","USD","A","2010",7569.75,"E"
"PRT","IMPBSNS","0_9","USD","A","2011",7627.47,
"PRT","IMPBSNS","0_9","USD","A","2012",7851.95,
"PRT","IMPBSNS","0_9","USD","A","2013",10419.7,
"PRT","IMPBSNS","0_9","USD","A","2014",10428.5,
"PRT","IMPBSNS","0_9","USD","A","2015",9031.78,
"PRT","IMPBSNS","50_249","USD","A","2008",25990.6,"E"
"PRT","IMPBSNS","50_249","USD","A","2009",20214.6,"E"
"PRT","IMPBSNS","50_249","USD","A","2010",19420.2,"E"
"PRT","IMPBSNS","50_249","USD","A","2011",21582.2,
"PRT","IMPBSNS","50_249","USD","A","2012",18093.9,
"PRT","IMPBSNS","50_249","USD","A","2013",18719.2,
"PRT","IMPBSNS","50_249","USD","A","2014",20085.5,
"PRT","IMPBSNS","50_249","USD","A","2015",17997.8,
"PRT","IMPBSNS","250MORE","USD","A","2008",33076,"E"
"PRT","IMPBSNS","250MORE","USD","A","2009",22854.4,"E"
"PRT","IMPBSNS","250MORE","USD","A","2010",24677.1,"E"
"PRT","IMPBSNS","250MORE","USD","A","2011",29566.2,
"PRT","IMPBSNS","250MORE","USD","A","2012",27630.4,
"PRT","IMPBSNS","250MORE","USD","A","2013",28452,
"PRT","IMPBSNS","250MORE","USD","A","2014",28416,
"PRT","IMPBSNS","250MORE","USD","A","2015",22636.9,
"PRT","IMPBSNS","10_49","USD","A","2008",18371.5,"E"
"PRT","IMPBSNS","10_49","USD","A","2009",14935.3,"E"
"PRT","IMPBSNS","10_49","USD","A","2010",15219.9,"E"
"PRT","IMPBSNS","10_49","USD","A","2011",16678,
"PRT","IMPBSNS","10_49","USD","A","2012",13708.6,
"PRT","IMPBSNS","10_49","USD","A","2013",13043.4,
"PRT","IMPBSNS","10_49","USD","A","2014",14126.8,
"PRT","IMPBSNS","10_49","USD","A","2015",12204.9,
"PRT","IMPBSNS","ALLSIZE","USD","A","2008",94416.4,"E"
"PRT","IMPBSNS","ALLSIZE","USD","A","2009",71662.7,"E"
"PRT","IMPBSNS","ALLSIZE","USD","A","2010",75635.3,"E"
"PRT","IMPBSNS","ALLSIZE","USD","A","2011",82447.2,
"PRT","IMPBSNS","ALLSIZE","USD","A","2012",72429.4,
"PRT","IMPBSNS","ALLSIZE","USD","A","2013",75718.7,
"PRT","IMPBSNS","ALLSIZE","USD","A","2014",78424.2,
"PRT","IMPBSNS","ALLSIZE","USD","A","2015",66952.6,
"SVK","IMPBSNS","0_9","USD","A","2008",8809.93,"E"
"SVK","IMPBSNS","0_9","USD","A","2009",7125.4,"E"
"SVK","IMPBSNS","0_9","USD","A","2010",8214.43,
"SVK","IMPBSNS","0_9","USD","A","2011",9931.75,
"SVK","IMPBSNS","0_9","USD","A","2012",10006.9,
"SVK","IMPBSNS","0_9","USD","A","2013",10208.3,
"SVK","IMPBSNS","0_9","USD","A","2014",9507.11,
"SVK","IMPBSNS","0_9","USD","A","2015",7966.44,
"SVK","IMPBSNS","50_249","USD","A","2008",10089.7,"E"
"SVK","IMPBSNS","50_249","USD","A","2009",7257.99,"E"
"SVK","IMPBSNS","50_249","USD","A","2010",10742.1,
"SVK","IMPBSNS","50_249","USD","A","2011",11315.9,
"SVK","IMPBSNS","50_249","USD","A","2012",10224.5,
"SVK","IMPBSNS","50_249","USD","A","2013",17239.9,
"SVK","IMPBSNS","50_249","USD","A","2014",11703.3,
"SVK","IMPBSNS","50_249","USD","A","2015",11307.2,
"SVK","IMPBSNS","250MORE","USD","A","2008",38216.4,"E"
"SVK","IMPBSNS","250MORE","USD","A","2009",26677.9,"E"
"SVK","IMPBSNS","250MORE","USD","A","2010",29783.4,
"SVK","IMPBSNS","250MORE","USD","A","2011",40351.3,
"SVK","IMPBSNS","250MORE","USD","A","2012",40790.1,
"SVK","IMPBSNS","250MORE","USD","A","2013",37252.8,
"SVK","IMPBSNS","250MORE","USD","A","2014",42693.6,
"SVK","IMPBSNS","250MORE","USD","A","2015",37873,
"SVK","IMPBSNS","10_49","USD","A","2008",10958.2,"E"
"SVK","IMPBSNS","10_49","USD","A","2009",8180.09,"E"
"SVK","IMPBSNS","10_49","USD","A","2010",5871.02,
"SVK","IMPBSNS","10_49","USD","A","2011",8541.9,
"SVK","IMPBSNS","10_49","USD","A","2012",6811.78,
"SVK","IMPBSNS","10_49","USD","A","2013",7780.27,
"SVK","IMPBSNS","10_49","USD","A","2014",7854.66,
"SVK","IMPBSNS","10_49","USD","A","2015",7593.9,
"SVK","IMPBSNS","ALLSIZE","USD","A","2008",73835.3,"E"
"SVK","IMPBSNS","ALLSIZE","USD","A","2009",55649.6,"E"
"SVK","IMPBSNS","ALLSIZE","USD","A","2010",64978,
"SVK","IMPBSNS","ALLSIZE","USD","A","2011",79842.3,
"SVK","IMPBSNS","ALLSIZE","USD","A","2012",77398.3,
"SVK","IMPBSNS","ALLSIZE","USD","A","2013",75414.3,
"SVK","IMPBSNS","ALLSIZE","USD","A","2014",81953.2,
"SVK","IMPBSNS","ALLSIZE","USD","A","2015",73412.2,
"ESP","IMPBSNS","0_9","USD","A","2008",44990.1,"E"
"ESP","IMPBSNS","0_9","USD","A","2009",36065.3,"E"
"ESP","IMPBSNS","0_9","USD","A","2010",45676.4,"E"
"ESP","IMPBSNS","0_9","USD","A","2011",42753.8,
"ESP","IMPBSNS","0_9","USD","A","2012",35984.8,
"ESP","IMPBSNS","0_9","USD","A","2013",36782.6,
"ESP","IMPBSNS","0_9","USD","A","2014",46131.4,
"ESP","IMPBSNS","50_249","USD","A","2008",80400.4,"E"
"ESP","IMPBSNS","50_249","USD","A","2009",56633.8,"E"
"ESP","IMPBSNS","50_249","USD","A","2010",62631.9,"E"
"ESP","IMPBSNS","50_249","USD","A","2011",70752,
"ESP","IMPBSNS","50_249","USD","A","2012",61502,
"ESP","IMPBSNS","50_249","USD","A","2013",55150.9,
"ESP","IMPBSNS","50_249","USD","A","2014",61659.6,
"ESP","IMPBSNS","250MORE","USD","A","2008",201010,"E"
"ESP","IMPBSNS","250MORE","USD","A","2009",132986,"E"
"ESP","IMPBSNS","250MORE","USD","A","2010",147869,"E"
"ESP","IMPBSNS","250MORE","USD","A","2011",179092,
"ESP","IMPBSNS","250MORE","USD","A","2012",166542,
"ESP","IMPBSNS","250MORE","USD","A","2013",176502,
"ESP","IMPBSNS","250MORE","USD","A","2014",177258,
"ESP","IMPBSNS","10_49","USD","A","2008",61630.1,"E"
"ESP","IMPBSNS","10_49","USD","A","2009",38377.4,"E"
"ESP","IMPBSNS","10_49","USD","A","2010",41921.8,"E"
"ESP","IMPBSNS","10_49","USD","A","2011",46507.1,
"ESP","IMPBSNS","10_49","USD","A","2012",40486.5,
"ESP","IMPBSNS","10_49","USD","A","2013",41256.5,
"ESP","IMPBSNS","10_49","USD","A","2014",46531.3,
"ESP","IMPBSNS","ALLSIZE","USD","A","2008",416807,"E"
"ESP","IMPBSNS","ALLSIZE","USD","A","2009",287491,"E"
"ESP","IMPBSNS","ALLSIZE","USD","A","2010",323907,"E"
"ESP","IMPBSNS","ALLSIZE","USD","A","2011",366292,
"ESP","IMPBSNS","ALLSIZE","USD","A","2012",337865,
"ESP","IMPBSNS","ALLSIZE","USD","A","2013",336175,
"ESP","IMPBSNS","ALLSIZE","USD","A","2014",359755,
"SWE","IMPBSNS","0_9","USD","A","2008",25559.6,"E"
"SWE","IMPBSNS","0_9","USD","A","2009",17258.4,"E"
"SWE","IMPBSNS","0_9","USD","A","2010",36155.3,"E"
"SWE","IMPBSNS","0_9","USD","A","2011",34178.4,
"SWE","IMPBSNS","0_9","USD","A","2012",30760.4,
"SWE","IMPBSNS","0_9","USD","A","2013",30534.7,
"SWE","IMPBSNS","0_9","USD","A","2014",31463.2,
"SWE","IMPBSNS","0_9","USD","A","2015",27752,
"SWE","IMPBSNS","50_249","USD","A","2008",29659.3,"E"
"SWE","IMPBSNS","50_249","USD","A","2009",23605.3,"E"
"SWE","IMPBSNS","50_249","USD","A","2010",28768.9,"E"
"SWE","IMPBSNS","50_249","USD","A","2011",32381.9,
"SWE","IMPBSNS","50_249","USD","A","2012",27771.1,
"SWE","IMPBSNS","50_249","USD","A","2013",26149.1,
"SWE","IMPBSNS","50_249","USD","A","2014",26836,
"SWE","IMPBSNS","50_249","USD","A","2015",24019.6,
"SWE","IMPBSNS","250MORE","USD","A","2008",66589.9,"E"
"SWE","IMPBSNS","250MORE","USD","A","2009",43936,"E"
"SWE","IMPBSNS","250MORE","USD","A","2010",54541.2,"E"
"SWE","IMPBSNS","250MORE","USD","A","2011",75054.4,
"SWE","IMPBSNS","250MORE","USD","A","2012",73600.1,
"SWE","IMPBSNS","250MORE","USD","A","2013",69967.5,
"SWE","IMPBSNS","250MORE","USD","A","2014",67843.5,
"SWE","IMPBSNS","250MORE","USD","A","2015",56358.7,
"SWE","IMPBSNS","10_49","USD","A","2008",25425.7,"E"
"SWE","IMPBSNS","10_49","USD","A","2009",17695.5,"E"
"SWE","IMPBSNS","10_49","USD","A","2010",21718,"E"
"SWE","IMPBSNS","10_49","USD","A","2011",25237.9,
"SWE","IMPBSNS","10_49","USD","A","2012",23277.7,
"SWE","IMPBSNS","10_49","USD","A","2013",23442.3,
"SWE","IMPBSNS","10_49","USD","A","2014",24249.1,
"SWE","IMPBSNS","10_49","USD","A","2015",21354.1,
"SWE","IMPBSNS","ALLSIZE","USD","A","2008",168509,"E"
"SWE","IMPBSNS","ALLSIZE","USD","A","2009",120079,"E"
"SWE","IMPBSNS","ALLSIZE","USD","A","2010",148952,"E"
"SWE","IMPBSNS","ALLSIZE","USD","A","2011",177036,
"SWE","IMPBSNS","ALLSIZE","USD","A","2012",163961,
"SWE","IMPBSNS","ALLSIZE","USD","A","2013",160576,
"SWE","IMPBSNS","ALLSIZE","USD","A","2014",162215,
"SWE","IMPBSNS","ALLSIZE","USD","A","2015",138434,
"TUR","IMPBSNS","0_9","USD","A","2008",13042.8727,
"TUR","IMPBSNS","0_9","USD","A","2009",11838.955,
"TUR","IMPBSNS","0_9","USD","A","2010",18551.658,
"TUR","IMPBSNS","0_9","USD","A","2011",15559.88408,
"TUR","IMPBSNS","0_9","USD","A","2012",14738.8,
"TUR","IMPBSNS","50_249","USD","A","2008",34825.90301,
"TUR","IMPBSNS","50_249","USD","A","2009",23089.311,
"TUR","IMPBSNS","50_249","USD","A","2010",21752.065,
"TUR","IMPBSNS","50_249","USD","A","2011",43615.8138,
"TUR","IMPBSNS","50_249","USD","A","2012",42410.8,
"TUR","IMPBSNS","250MORE","USD","A","2008",123113.524,
"TUR","IMPBSNS","250MORE","USD","A","2009",83229.73,
"TUR","IMPBSNS","250MORE","USD","A","2010",44864.668,
"TUR","IMPBSNS","250MORE","USD","A","2011",144196.1101,
"TUR","IMPBSNS","250MORE","USD","A","2012",145016,
"TUR","IMPBSNS","10_49","USD","A","2008",30175.3353,
"TUR","IMPBSNS","10_49","USD","A","2009",20895.705,
"TUR","IMPBSNS","10_49","USD","A","2010",27865.592,
"TUR","IMPBSNS","10_49","USD","A","2011",36819.586,
"TUR","IMPBSNS","10_49","USD","A","2012",33850.4,
"TUR","IMPBSNS","ALLSIZE","USD","A","2008",201244.2854,
"TUR","IMPBSNS","ALLSIZE","USD","A","2009",139233.829,
"TUR","IMPBSNS","ALLSIZE","USD","A","2010",113391.3,
"TUR","IMPBSNS","ALLSIZE","USD","A","2011",240305.8428,
"TUR","IMPBSNS","ALLSIZE","USD","A","2012",236297,
"GBR","IMPBSNS","0_9","USD","A","2008",141535,"E"
"GBR","IMPBSNS","0_9","USD","A","2009",115211,"E"
"GBR","IMPBSNS","0_9","USD","A","2010",95568.4,"E"
"GBR","IMPBSNS","0_9","USD","A","2011",99622.3,
"GBR","IMPBSNS","0_9","USD","A","2012",96824.8,
"GBR","IMPBSNS","0_9","USD","A","2013",103579,
"GBR","IMPBSNS","0_9","USD","A","2014",115797,
"GBR","IMPBSNS","50_249","USD","A","2008",99081.4,"E"
"GBR","IMPBSNS","50_249","USD","A","2009",80917.1,"E"
"GBR","IMPBSNS","50_249","USD","A","2010",89891.8,"E"
"GBR","IMPBSNS","50_249","USD","A","2011",92465.8,
"GBR","IMPBSNS","50_249","USD","A","2012",102963,
"GBR","IMPBSNS","50_249","USD","A","2013",95917.3,
"GBR","IMPBSNS","50_249","USD","A","2014",101255,
"GBR","IMPBSNS","250MORE","USD","A","2008",256301,"E"
"GBR","IMPBSNS","250MORE","USD","A","2009",189199,"E"
"GBR","IMPBSNS","250MORE","USD","A","2010",275521,"E"
"GBR","IMPBSNS","250MORE","USD","A","2011",370242,
"GBR","IMPBSNS","250MORE","USD","A","2012",378126,
"GBR","IMPBSNS","250MORE","USD","A","2013",347171,
"GBR","IMPBSNS","250MORE","USD","A","2014",352119,
"GBR","IMPBSNS","10_49","USD","A","2008",94697.7,"E"
"GBR","IMPBSNS","10_49","USD","A","2009",68893.8,"E"
"GBR","IMPBSNS","10_49","USD","A","2010",61297.9,"E"
"GBR","IMPBSNS","10_49","USD","A","2011",74384.8,
"GBR","IMPBSNS","10_49","USD","A","2012",68296.9,
"GBR","IMPBSNS","10_49","USD","A","2013",69531.6,
"GBR","IMPBSNS","10_49","USD","A","2014",76526.8,
"GBR","IMPBSNS","ALLSIZE","USD","A","2008",633778,"E"
"GBR","IMPBSNS","ALLSIZE","USD","A","2009",482949,"E"
"GBR","IMPBSNS","ALLSIZE","USD","A","2010",557750,"E"
"GBR","IMPBSNS","ALLSIZE","USD","A","2011",689119,
"GBR","IMPBSNS","ALLSIZE","USD","A","2012",685041,
"GBR","IMPBSNS","ALLSIZE","USD","A","2013",651053,
"GBR","IMPBSNS","ALLSIZE","USD","A","2014",685528,
"USA","IMPBSNS","0_9","USD","A","2009",162414,
"USA","IMPBSNS","0_9","USD","A","2010",194556,
"USA","IMPBSNS","0_9","USD","A","2011",210938,
"USA","IMPBSNS","0_9","USD","A","2012",212423,
"USA","IMPBSNS","0_9","USD","A","2013",213013,
"USA","IMPBSNS","0_9","USD","A","2014",226126,
"USA","IMPBSNS","50_249","USD","A","2009",120251,
"USA","IMPBSNS","50_249","USD","A","2010",154155,
"USA","IMPBSNS","50_249","USD","A","2011",185112,
"USA","IMPBSNS","50_249","USD","A","2012",186897,
"USA","IMPBSNS","50_249","USD","A","2013",178102,
"USA","IMPBSNS","50_249","USD","A","2014",181838,
"USA","IMPBSNS","250MORE","USD","A","2009",977504,
"USA","IMPBSNS","250MORE","USD","A","2010",1217990,
"USA","IMPBSNS","250MORE","USD","A","2011",1424360,
"USA","IMPBSNS","250MORE","USD","A","2012",1473290,
"USA","IMPBSNS","250MORE","USD","A","2013",1462540,
"USA","IMPBSNS","250MORE","USD","A","2014",1510570,
"USA","IMPBSNS","10_49","USD","A","2009",90237.8,
"USA","IMPBSNS","10_49","USD","A","2010",112817,
"USA","IMPBSNS","10_49","USD","A","2011",124895,
"USA","IMPBSNS","10_49","USD","A","2012",135149,
"USA","IMPBSNS","10_49","USD","A","2013",132493,
"USA","IMPBSNS","10_49","USD","A","2014",139179,
"USA","IMPBSNS","ALLSIZE","USD","A","2009",1350410,
"USA","IMPBSNS","ALLSIZE","USD","A","2010",1679520,
"USA","IMPBSNS","ALLSIZE","USD","A","2011",1945310,
"USA","IMPBSNS","ALLSIZE","USD","A","2012",2007760,
"USA","IMPBSNS","ALLSIZE","USD","A","2013",1986140,
"USA","IMPBSNS","ALLSIZE","USD","A","2014",2057710,
"BGR","IMPBSNS","0_9","USD","A","2008",4289.19,"E"
"BGR","IMPBSNS","0_9","USD","A","2009",3283.31,"E"
"BGR","IMPBSNS","0_9","USD","A","2010",6878.49,"E"
"BGR","IMPBSNS","0_9","USD","A","2011",4213.48,
"BGR","IMPBSNS","0_9","USD","A","2012",4095.39,
"BGR","IMPBSNS","0_9","USD","A","2013",3966.34,
"BGR","IMPBSNS","0_9","USD","A","2014",4235.38,
"BGR","IMPBSNS","0_9","USD","A","2015",3607.37,
"BGR","IMPBSNS","50_249","USD","A","2008",8207.54,"E"
"BGR","IMPBSNS","50_249","USD","A","2009",5258.01,"E"
"BGR","IMPBSNS","50_249","USD","A","2010",5532.27,"E"
"BGR","IMPBSNS","50_249","USD","A","2011",6869.41,
"BGR","IMPBSNS","50_249","USD","A","2012",6890.81,
"BGR","IMPBSNS","50_249","USD","A","2013",8733.15,
"BGR","IMPBSNS","50_249","USD","A","2014",8920.24,
"BGR","IMPBSNS","50_249","USD","A","2015",7904.45,
"BGR","IMPBSNS","250MORE","USD","A","2008",14702.2,"E"
"BGR","IMPBSNS","250MORE","USD","A","2009",9407.29,"E"
"BGR","IMPBSNS","250MORE","USD","A","2010",7721.12,"E"
"BGR","IMPBSNS","250MORE","USD","A","2011",10024.6,
"BGR","IMPBSNS","250MORE","USD","A","2012",14058.7,
"BGR","IMPBSNS","250MORE","USD","A","2013",,"C"
"BGR","IMPBSNS","250MORE","USD","A","2014",13734.7,
"BGR","IMPBSNS","250MORE","USD","A","2015",10794.9,
"BGR","IMPBSNS","10_49","USD","A","2008",7909.69,"E"
"BGR","IMPBSNS","10_49","USD","A","2009",4758.2,"E"
"BGR","IMPBSNS","10_49","USD","A","2010",4774.02,"E"
"BGR","IMPBSNS","10_49","USD","A","2011",6316.47,
"BGR","IMPBSNS","10_49","USD","A","2012",6225.54,
"BGR","IMPBSNS","10_49","USD","A","2013",5393.51,
"BGR","IMPBSNS","10_49","USD","A","2014",6165.89,
"BGR","IMPBSNS","10_49","USD","A","2015",5535.19,
"BGR","IMPBSNS","ALLSIZE","USD","A","2008",36908.2,"E"
"BGR","IMPBSNS","ALLSIZE","USD","A","2009",23538.6,"E"
"BGR","IMPBSNS","ALLSIZE","USD","A","2010",25513.2,"E"
"BGR","IMPBSNS","ALLSIZE","USD","A","2011",32581.9,
"BGR","IMPBSNS","ALLSIZE","USD","A","2012",32710.4,
"BGR","IMPBSNS","ALLSIZE","USD","A","2013",34302.9,
"BGR","IMPBSNS","ALLSIZE","USD","A","2014",34698.2,
"BGR","IMPBSNS","ALLSIZE","USD","A","2015",29231.8,
"CYP","IMPBSNS","0_9","USD","A","2009",1638.02,"E"
"CYP","IMPBSNS","0_9","USD","A","2010",1518.73,"E"
"CYP","IMPBSNS","0_9","USD","A","2011",1575.89,
"CYP","IMPBSNS","0_9","USD","A","2012",1229.26,
"CYP","IMPBSNS","0_9","USD","A","2013",1145.9,
"CYP","IMPBSNS","0_9","USD","A","2014",1236.89,
"CYP","IMPBSNS","50_249","USD","A","2009",2025.22,"E"
"CYP","IMPBSNS","50_249","USD","A","2010",2383.31,"E"
"CYP","IMPBSNS","50_249","USD","A","2011",2458.55,
"CYP","IMPBSNS","50_249","USD","A","2012",2116.13,
"CYP","IMPBSNS","50_249","USD","A","2013",1715.88,
"CYP","IMPBSNS","50_249","USD","A","2014",1744.86,
"CYP","IMPBSNS","250MORE","USD","A","2009",1426.03,"E"
"CYP","IMPBSNS","250MORE","USD","A","2010",1645.48,"E"
"CYP","IMPBSNS","250MORE","USD","A","2011",1751.93,
"CYP","IMPBSNS","250MORE","USD","A","2012",1401.45,
"CYP","IMPBSNS","250MORE","USD","A","2013",1263.38,
"CYP","IMPBSNS","250MORE","USD","A","2014",1181.41,
"CYP","IMPBSNS","10_49","USD","A","2009",2270.8,"E"
"CYP","IMPBSNS","10_49","USD","A","2010",2200.55,"E"
"CYP","IMPBSNS","10_49","USD","A","2011",2303.07,
"CYP","IMPBSNS","10_49","USD","A","2012",2034.35,
"CYP","IMPBSNS","10_49","USD","A","2013",1845.51,
"CYP","IMPBSNS","10_49","USD","A","2014",1979.86,
"CYP","IMPBSNS","ALLSIZE","USD","A","2009",7835.41,"E"
"CYP","IMPBSNS","ALLSIZE","USD","A","2010",8568.99,"E"
"CYP","IMPBSNS","ALLSIZE","USD","A","2011",8677.52,
"CYP","IMPBSNS","ALLSIZE","USD","A","2012",7295.63,
"CYP","IMPBSNS","ALLSIZE","USD","A","2013",6313.81,
"CYP","IMPBSNS","ALLSIZE","USD","A","2014",6761.17,
"EST","IMPBSNS","0_9","USD","A","2008",3443.43,"E"
"EST","IMPBSNS","0_9","USD","A","2009",1808.36,"E"
"EST","IMPBSNS","0_9","USD","A","2010",2347.12,"E"
"EST","IMPBSNS","0_9","USD","A","2011",3525.78,
"EST","IMPBSNS","0_9","USD","A","2012",3888.96,
"EST","IMPBSNS","0_9","USD","A","2013",5454.85,
"EST","IMPBSNS","0_9","USD","A","2014",4713.03,
"EST","IMPBSNS","50_249","USD","A","2008",5679.61,"E"
"EST","IMPBSNS","50_249","USD","A","2009",3707.05,"E"
"EST","IMPBSNS","50_249","USD","A","2010",4215.28,"E"
"EST","IMPBSNS","50_249","USD","A","2011",5560.45,
"EST","IMPBSNS","50_249","USD","A","2012",5164.55,
"EST","IMPBSNS","50_249","USD","A","2013",5312.44,
"EST","IMPBSNS","50_249","USD","A","2014",5203.84,
"EST","IMPBSNS","250MORE","USD","A","2008",1493.83,"E"
"EST","IMPBSNS","250MORE","USD","A","2009",1228.69,"E"
"EST","IMPBSNS","250MORE","USD","A","2010",2372.5,"E"
"EST","IMPBSNS","250MORE","USD","A","2011",3407.68,
"EST","IMPBSNS","250MORE","USD","A","2012",3464.21,
"EST","IMPBSNS","250MORE","USD","A","2013",3407.73,
"EST","IMPBSNS","250MORE","USD","A","2014",3935.55,
"EST","IMPBSNS","10_49","USD","A","2008",3671.49,"E"
"EST","IMPBSNS","10_49","USD","A","2009",2294.49,"E"
"EST","IMPBSNS","10_49","USD","A","2010",2413.84,"E"
"EST","IMPBSNS","10_49","USD","A","2011",3371.45,
"EST","IMPBSNS","10_49","USD","A","2012",3548.28,
"EST","IMPBSNS","10_49","USD","A","2013",3611.59,
"EST","IMPBSNS","10_49","USD","A","2014",3855.71,
"EST","IMPBSNS","ALLSIZE","USD","A","2008",16026.5,"E"
"EST","IMPBSNS","ALLSIZE","USD","A","2009",10143.1,"E"
"EST","IMPBSNS","ALLSIZE","USD","A","2010",12265.9,"E"
"EST","IMPBSNS","ALLSIZE","USD","A","2011",17707.9,
"EST","IMPBSNS","ALLSIZE","USD","A","2012",17830.4,
"EST","IMPBSNS","ALLSIZE","USD","A","2013",18437.5,
"EST","IMPBSNS","ALLSIZE","USD","A","2014",18302.1,
"LVA","IMPBSNS","0_9","USD","A","2008",2085.4,"E"
"LVA","IMPBSNS","0_9","USD","A","2009",1523.52,"E"
"LVA","IMPBSNS","0_9","USD","A","2010",1929,"E"
"LVA","IMPBSNS","0_9","USD","A","2011",4165.72,
"LVA","IMPBSNS","0_9","USD","A","2012",4414.69,
"LVA","IMPBSNS","0_9","USD","A","2013",4752.33,
"LVA","IMPBSNS","0_9","USD","A","2014",4410.85,
"LVA","IMPBSNS","0_9","USD","A","2015",3227.54,
"LVA","IMPBSNS","50_249","USD","A","2008",4839.12,"E"
"LVA","IMPBSNS","50_249","USD","A","2009",2683.65,"E"
"LVA","IMPBSNS","50_249","USD","A","2010",3067.9,"E"
"LVA","IMPBSNS","50_249","USD","A","2011",4411.3,
"LVA","IMPBSNS","50_249","USD","A","2012",4422.02,
"LVA","IMPBSNS","50_249","USD","A","2013",4910.44,
"LVA","IMPBSNS","50_249","USD","A","2014",5092.69,
"LVA","IMPBSNS","50_249","USD","A","2015",4127.34,
"LVA","IMPBSNS","250MORE","USD","A","2008",3425.15,"E"
"LVA","IMPBSNS","250MORE","USD","A","2009",2190.82,"E"
"LVA","IMPBSNS","250MORE","USD","A","2010",2566.18,"E"
"LVA","IMPBSNS","250MORE","USD","A","2011",3082.22,
"LVA","IMPBSNS","250MORE","USD","A","2012",3135.81,
"LVA","IMPBSNS","250MORE","USD","A","2013",2780.74,
"LVA","IMPBSNS","250MORE","USD","A","2014",3117.91,
"LVA","IMPBSNS","250MORE","USD","A","2015",2536.32,
"LVA","IMPBSNS","10_49","USD","A","2008",4945.08,"E"
"LVA","IMPBSNS","10_49","USD","A","2009",2578.49,"E"
"LVA","IMPBSNS","10_49","USD","A","2010",3181.4,"E"
"LVA","IMPBSNS","10_49","USD","A","2011",3836.3,
"LVA","IMPBSNS","10_49","USD","A","2012",3963.83,
"LVA","IMPBSNS","10_49","USD","A","2013",3749.61,
"LVA","IMPBSNS","10_49","USD","A","2014",4069.94,
"LVA","IMPBSNS","10_49","USD","A","2015",3572.07,
"LVA","IMPBSNS","ALLSIZE","USD","A","2008",16143.7,"E"
"LVA","IMPBSNS","ALLSIZE","USD","A","2009",9811.53,"E"
"LVA","IMPBSNS","ALLSIZE","USD","A","2010",11691,"E"
"LVA","IMPBSNS","ALLSIZE","USD","A","2011",16289.8,
"LVA","IMPBSNS","ALLSIZE","USD","A","2012",17228.3,
"LVA","IMPBSNS","ALLSIZE","USD","A","2013",17864.1,
"LVA","IMPBSNS","ALLSIZE","USD","A","2014",17649.8,
"LVA","IMPBSNS","ALLSIZE","USD","A","2015",14487.3,
"LTU","IMPBSNS","0_9","USD","A","2008",2668.53,"E"
"LTU","IMPBSNS","0_9","USD","A","2009",1752.39,"E"
"LTU","IMPBSNS","0_9","USD","A","2010",2258.8,"E"
"LTU","IMPBSNS","0_9","USD","A","2011",3504.93,
"LTU","IMPBSNS","0_9","USD","A","2012",3614.67,
"LTU","IMPBSNS","0_9","USD","A","2013",4300.56,
"LTU","IMPBSNS","0_9","USD","A","2014",4240.81,
"LTU","IMPBSNS","0_9","USD","A","2015",3704.79,
"LTU","IMPBSNS","50_249","USD","A","2008",7429.49,"E"
"LTU","IMPBSNS","50_249","USD","A","2009",4366.31,"E"
"LTU","IMPBSNS","50_249","USD","A","2010",5231.04,"E"
"LTU","IMPBSNS","50_249","USD","A","2011",6682.02,
"LTU","IMPBSNS","50_249","USD","A","2012",6599.66,
"LTU","IMPBSNS","50_249","USD","A","2013",6896.69,
"LTU","IMPBSNS","50_249","USD","A","2014",6617.1,
"LTU","IMPBSNS","50_249","USD","A","2015",6272.38,
"LTU","IMPBSNS","250MORE","USD","A","2008",13359.9,"E"
"LTU","IMPBSNS","250MORE","USD","A","2009",0,"C"
"LTU","IMPBSNS","250MORE","USD","A","2010",10095.5,"E"
"LTU","IMPBSNS","250MORE","USD","A","2011",13502.7,
"LTU","IMPBSNS","250MORE","USD","A","2012",13152.7,
"LTU","IMPBSNS","250MORE","USD","A","2013",13690.3,
"LTU","IMPBSNS","250MORE","USD","A","2014",11613.7,
"LTU","IMPBSNS","250MORE","USD","A","2015",8254.36,
"LTU","IMPBSNS","10_49","USD","A","2008",6200.22,"E"
"LTU","IMPBSNS","10_49","USD","A","2009",3258.51,"E"
"LTU","IMPBSNS","10_49","USD","A","2010",4201.47,"E"
"LTU","IMPBSNS","10_49","USD","A","2011",5738.67,
"LTU","IMPBSNS","10_49","USD","A","2012",5919.52,
"LTU","IMPBSNS","10_49","USD","A","2013",5935.67,
"LTU","IMPBSNS","10_49","USD","A","2014",5992.4,
"LTU","IMPBSNS","10_49","USD","A","2015",5217.11,
"LTU","IMPBSNS","ALLSIZE","USD","A","2008",31098.7,"E"
"LTU","IMPBSNS","ALLSIZE","USD","A","2009",18303.9,"E"
"LTU","IMPBSNS","ALLSIZE","USD","A","2010",23402.8,"E"
"LTU","IMPBSNS","ALLSIZE","USD","A","2011",31773.2,
"LTU","IMPBSNS","ALLSIZE","USD","A","2012",31964.5,
"LTU","IMPBSNS","ALLSIZE","USD","A","2013",34806.4,
"LTU","IMPBSNS","ALLSIZE","USD","A","2014",34394.1,
"LTU","IMPBSNS","ALLSIZE","USD","A","2015",28180.7,
"MLT","IMPBSNS","0_9","USD","A","2009",1254.74,"E"
"MLT","IMPBSNS","0_9","USD","A","2010",1625.1,"E"
"MLT","IMPBSNS","0_9","USD","A","2011",2391.32,
"MLT","IMPBSNS","0_9","USD","A","2012",3144.09,
"MLT","IMPBSNS","0_9","USD","A","2013",2693.53,
"MLT","IMPBSNS","0_9","USD","A","2014",3511.87,
"MLT","IMPBSNS","50_249","USD","A","2009",578.174,"E"
"MLT","IMPBSNS","50_249","USD","A","2010",743.666,"E"
"MLT","IMPBSNS","50_249","USD","A","2011",680.084,
"MLT","IMPBSNS","50_249","USD","A","2012",612.706,
"MLT","IMPBSNS","50_249","USD","A","2013",702.308,
"MLT","IMPBSNS","50_249","USD","A","2014",1067.69,
"MLT","IMPBSNS","250MORE","USD","A","2009",1486.34,"E"
"MLT","IMPBSNS","250MORE","USD","A","2010",1859.58,"E"
"MLT","IMPBSNS","250MORE","USD","A","2011",2217.66,
"MLT","IMPBSNS","250MORE","USD","A","2012",1653.48,
"MLT","IMPBSNS","250MORE","USD","A","2013",1604.18,
"MLT","IMPBSNS","250MORE","USD","A","2014",1117.2,
"MLT","IMPBSNS","10_49","USD","A","2009",828.368,"E"
"MLT","IMPBSNS","10_49","USD","A","2010",815.547,"E"
"MLT","IMPBSNS","10_49","USD","A","2011",945.954,
"MLT","IMPBSNS","10_49","USD","A","2012",1164.39,
"MLT","IMPBSNS","10_49","USD","A","2013",1141.81,
"MLT","IMPBSNS","10_49","USD","A","2014",1168.59,
"MLT","IMPBSNS","ALLSIZE","USD","A","2009",4297.77,"E"
"MLT","IMPBSNS","ALLSIZE","USD","A","2010",5119.32,"E"
"MLT","IMPBSNS","ALLSIZE","USD","A","2011",6349.86,
"MLT","IMPBSNS","ALLSIZE","USD","A","2012",6625.73,
"MLT","IMPBSNS","ALLSIZE","USD","A","2013",6167.71,
"MLT","IMPBSNS","ALLSIZE","USD","A","2014",6901.85,
"ROU","IMPBSNS","0_9","USD","A","2008",12323.4,"E"
"ROU","IMPBSNS","0_9","USD","A","2009",8776.44,"E"
"ROU","IMPBSNS","0_9","USD","A","2010",6458.24,"E"
"ROU","IMPBSNS","0_9","USD","A","2011",10878.5,
"ROU","IMPBSNS","0_9","USD","A","2012",6822.54,
"ROU","IMPBSNS","0_9","USD","A","2013",6717.96,
"ROU","IMPBSNS","0_9","USD","A","2014",13296.1,
"ROU","IMPBSNS","50_249","USD","A","2008",21858.5,"E"
"ROU","IMPBSNS","50_249","USD","A","2009",12792.8,"E"
"ROU","IMPBSNS","50_249","USD","A","2010",14154.3,"E"
"ROU","IMPBSNS","50_249","USD","A","2011",17827,
"ROU","IMPBSNS","50_249","USD","A","2012",15871.4,
"ROU","IMPBSNS","50_249","USD","A","2013",16064.9,
"ROU","IMPBSNS","50_249","USD","A","2014",17145.5,
"ROU","IMPBSNS","250MORE","USD","A","2008",36207.5,"E"
"ROU","IMPBSNS","250MORE","USD","A","2009",24120.9,"E"
"ROU","IMPBSNS","250MORE","USD","A","2010",32019.6,"E"
"ROU","IMPBSNS","250MORE","USD","A","2011",35091.4,
"ROU","IMPBSNS","250MORE","USD","A","2012",31704.9,
"ROU","IMPBSNS","250MORE","USD","A","2013",34110.8,
"ROU","IMPBSNS","250MORE","USD","A","2014",36517.3,
"ROU","IMPBSNS","10_49","USD","A","2008",13455.5,"E"
"ROU","IMPBSNS","10_49","USD","A","2009",8187.39,"E"
"ROU","IMPBSNS","10_49","USD","A","2010",8665.14,"E"
"ROU","IMPBSNS","10_49","USD","A","2011",10492.9,
"ROU","IMPBSNS","10_49","USD","A","2012",9667.56,
"ROU","IMPBSNS","10_49","USD","A","2013",9453.98,
"ROU","IMPBSNS","10_49","USD","A","2014",10472.6,
"ROU","IMPBSNS","ALLSIZE","USD","A","2008",84008.9,"E"
"ROU","IMPBSNS","ALLSIZE","USD","A","2009",54319.1,"E"
"ROU","IMPBSNS","ALLSIZE","USD","A","2010",62125.6,"E"
"ROU","IMPBSNS","ALLSIZE","USD","A","2011",76444.9,
"ROU","IMPBSNS","ALLSIZE","USD","A","2012",70200.3,
"ROU","IMPBSNS","ALLSIZE","USD","A","2013",73439.5,
"ROU","IMPBSNS","ALLSIZE","USD","A","2014",77769.4,
"SVN","IMPBSNS","0_9","USD","A","2008",4916.83,"E"
"SVN","IMPBSNS","0_9","USD","A","2009",3867.84,"E"
"SVN","IMPBSNS","0_9","USD","A","2010",3920.57,"E"
"SVN","IMPBSNS","0_9","USD","A","2011",4444.11,
"SVN","IMPBSNS","0_9","USD","A","2012",4153.88,
"SVN","IMPBSNS","0_9","USD","A","2013",,"C"
"SVN","IMPBSNS","0_9","USD","A","2014",4585.84,
"SVN","IMPBSNS","50_249","USD","A","2008",8427.31,"E"
"SVN","IMPBSNS","50_249","USD","A","2009",5878.19,"E"
"SVN","IMPBSNS","50_249","USD","A","2010",6614.93,"E"
"SVN","IMPBSNS","50_249","USD","A","2011",7754.55,
"SVN","IMPBSNS","50_249","USD","A","2012",6808.64,
"SVN","IMPBSNS","50_249","USD","A","2013",6962.88,
"SVN","IMPBSNS","50_249","USD","A","2014",7251.58,
"SVN","IMPBSNS","250MORE","USD","A","2008",12252.9,"E"
"SVN","IMPBSNS","250MORE","USD","A","2009",8407.74,
"SVN","IMPBSNS","250MORE","USD","A","2010",9591.28,"E"
"SVN","IMPBSNS","250MORE","USD","A","2011",10591.9,
"SVN","IMPBSNS","250MORE","USD","A","2012",9918.86,
"SVN","IMPBSNS","250MORE","USD","A","2013",9651.11,
"SVN","IMPBSNS","250MORE","USD","A","2014",9894.99,
"SVN","IMPBSNS","10_49","USD","A","2008",6810.09,"E"
"SVN","IMPBSNS","10_49","USD","A","2009",4680.55,"E"
"SVN","IMPBSNS","10_49","USD","A","2010",5078.72,"E"
"SVN","IMPBSNS","10_49","USD","A","2011",6098.9,
"SVN","IMPBSNS","10_49","USD","A","2012",5301.29,
"SVN","IMPBSNS","10_49","USD","A","2013",5707.92,
"SVN","IMPBSNS","10_49","USD","A","2014",5488.14,
"SVN","IMPBSNS","ALLSIZE","USD","A","2008",37034.3,"E"
"SVN","IMPBSNS","ALLSIZE","USD","A","2009",26507.1,"E"
"SVN","IMPBSNS","ALLSIZE","USD","A","2010",30093.5,"E"
"SVN","IMPBSNS","ALLSIZE","USD","A","2011",35527.3,
"SVN","IMPBSNS","ALLSIZE","USD","A","2012",32034.8,
"SVN","IMPBSNS","ALLSIZE","USD","A","2013",33373.4,
"SVN","IMPBSNS","ALLSIZE","USD","A","2014",33944.6,
"HRV","IMPBSNS","0_9","USD","A","2012",2307.07,
"HRV","IMPBSNS","0_9","USD","A","2013",3059.46,
"HRV","IMPBSNS","0_9","USD","A","2014",3374.51,
"HRV","IMPBSNS","0_9","USD","A","2015",3295.33,
"HRV","IMPBSNS","50_249","USD","A","2012",4759.69,
"HRV","IMPBSNS","50_249","USD","A","2013",5046.52,
"HRV","IMPBSNS","50_249","USD","A","2014",5029.24,
"HRV","IMPBSNS","50_249","USD","A","2015",4371,
"HRV","IMPBSNS","250MORE","USD","A","2012",9287.92,
"HRV","IMPBSNS","250MORE","USD","A","2013",8899.35,
"HRV","IMPBSNS","250MORE","USD","A","2014",8715.3,
"HRV","IMPBSNS","250MORE","USD","A","2015",7142.77,
"HRV","IMPBSNS","10_49","USD","A","2012",4380.9,
"HRV","IMPBSNS","10_49","USD","A","2013",4775.45,
"HRV","IMPBSNS","10_49","USD","A","2014",4587.43,
"HRV","IMPBSNS","10_49","USD","A","2015",4106.74,
"HRV","IMPBSNS","ALLSIZE","USD","A","2012",20822,
"HRV","IMPBSNS","ALLSIZE","USD","A","2013",21920.1,
"HRV","IMPBSNS","ALLSIZE","USD","A","2014",22791.2,
"HRV","IMPBSNS","ALLSIZE","USD","A","2015",20590.6,
"CRI","IMPBSNS","0_9","USD","A","2013",896.162,
"CRI","IMPBSNS","50_249","USD","A","2013",3631.91,
"CRI","IMPBSNS","250MORE","USD","A","2013",10650.7,
"CRI","IMPBSNS","10_49","USD","A","2013",2145.65,
"CRI","IMPBSNS","ALLSIZE","USD","A","2013",18525.5,
"KOR","IMPBSNS","0_9","USD","A","2012",31880.4,
"KOR","IMPBSNS","0_9","USD","A","2013",29819.3,
"KOR","IMPBSNS","0_9","USD","A","2014",32839.5,
"KOR","IMPBSNS","0_9","USD","A","2015",32617,
"KOR","IMPBSNS","50_249","USD","A","2012",58820.8,
"KOR","IMPBSNS","50_249","USD","A","2013",62606.1,
"KOR","IMPBSNS","50_249","USD","A","2014",69090.6,
"KOR","IMPBSNS","50_249","USD","A","2015",65921.6,
"KOR","IMPBSNS","250MORE","USD","A","2012",356029,
"KOR","IMPBSNS","250MORE","USD","A","2013",343287,
"KOR","IMPBSNS","250MORE","USD","A","2014",340858,
"KOR","IMPBSNS","250MORE","USD","A","2015",270743,
"KOR","IMPBSNS","10_49","USD","A","2012",38251.9,
"KOR","IMPBSNS","10_49","USD","A","2013",41895.1,
"KOR","IMPBSNS","10_49","USD","A","2014",44212.5,
"KOR","IMPBSNS","10_49","USD","A","2015",42304.4,
"KOR","IMPBSNS","ALLSIZE","USD","A","2012",484982,
"KOR","IMPBSNS","ALLSIZE","USD","A","2013",477608,
"KOR","IMPBSNS","ALLSIZE","USD","A","2014",487001,
"KOR","IMPBSNS","ALLSIZE","USD","A","2015",411586,
"NOR","IMPBSNS","0_9","USD","A","2008",14676.3,
"NOR","IMPBSNS","0_9","USD","A","2009",10439.3,
"NOR","IMPBSNS","0_9","USD","A","2010",11363.9,
"NOR","IMPBSNS","50_249","USD","A","2008",19816.7,
"NOR","IMPBSNS","50_249","USD","A","2009",15059.3,
"NOR","IMPBSNS","50_249","USD","A","2010",16553.6,
"NOR","IMPBSNS","250MORE","USD","A","2008",30319.9,
"NOR","IMPBSNS","250MORE","USD","A","2009",23226.2,
"NOR","IMPBSNS","250MORE","USD","A","2010",25992,
"NOR","IMPBSNS","10_49","USD","A","2008",17762.6,
"NOR","IMPBSNS","10_49","USD","A","2009",14128.3,
"NOR","IMPBSNS","10_49","USD","A","2010",16458.2,
"NOR","IMPBSNS","ALLSIZE","USD","A","2008",90273.1,
"NOR","IMPBSNS","ALLSIZE","USD","A","2009",68771.3,
"NOR","IMPBSNS","ALLSIZE","USD","A","2010",77369,
