﻿"LOCATION","INDICATOR","SUBJECT","MEASURE","FREQUENCY","TIME","Value","Flag Codes"
"AUS","TERMTRADE","TOT","RT","A","1970",56.5516030491123,
"AUS","TERMTRADE","TOT","RT","A","1971",52.9921079604602,
"AUS","TERMTRADE","TOT","RT","A","1972",63.0726305958714,
"AUS","TERMTRADE","TOT","RT","A","1973",67.7954878947126,
"AUS","TERMTRADE","TOT","RT","A","1974",61.6865038423902,
"AUS","TERMTRADE","TOT","RT","A","1975",58.8565118407385,
"AUS","TERMTRADE","TOT","RT","A","1976",56.9792448228937,
"AUS","TERMTRADE","TOT","RT","A","1977",51.8290083676428,
"AUS","TERMTRADE","TOT","RT","A","1978",52.1820813774668,
"AUS","TERMTRADE","TOT","RT","A","1979",54.0957925260343,
"AUS","TERMTRADE","TOT","RT","A","1980",53.6460653796073,
"AUS","TERMTRADE","TOT","RT","A","1981",52.8134105708231,
"AUS","TERMTRADE","TOT","RT","A","1982",52.0247274985451,
"AUS","TERMTRADE","TOT","RT","A","1983",53.2846088940289,
"AUS","TERMTRADE","TOT","RT","A","1984",52.4583112989366,
"AUS","TERMTRADE","TOT","RT","A","1985",47.4820089469573,
"AUS","TERMTRADE","TOT","RT","A","1986",44.89075288382,
"AUS","TERMTRADE","TOT","RT","A","1987",48.7744651896588,
"AUS","TERMTRADE","TOT","RT","A","1988",56.0010595736356,
"AUS","TERMTRADE","TOT","RT","A","1989",56.1881735491636,
"AUS","TERMTRADE","TOT","RT","A","1990",53.2277691744218,
"AUS","TERMTRADE","TOT","RT","A","1991",51.5826668167821,
"AUS","TERMTRADE","TOT","RT","A","1992",49.4471075674171,
"AUS","TERMTRADE","TOT","RT","A","1993",48.0577120107631,
"AUS","TERMTRADE","TOT","RT","A","1994",49.6315068360169,
"AUS","TERMTRADE","TOT","RT","A","1995",51.2135909481129,
"AUS","TERMTRADE","TOT","RT","A","1996",52.7385746897089,
"AUS","TERMTRADE","TOT","RT","A","1997",52.4500328299009,
"AUS","TERMTRADE","TOT","RT","A","1998",49.8844963085786,
"AUS","TERMTRADE","TOT","RT","A","1999",51.881490515068,
"AUS","TERMTRADE","TOT","RT","A","2000",52.7726154093608,
"AUS","TERMTRADE","TOT","RT","A","2001",53.5626658866992,
"AUS","TERMTRADE","TOT","RT","A","2002",54.3450493099041,
"AUS","TERMTRADE","TOT","RT","A","2003",58.3689126226836,
"AUS","TERMTRADE","TOT","RT","A","2004",63.9605387472567,
"AUS","TERMTRADE","TOT","RT","A","2005",70.8790813977266,
"AUS","TERMTRADE","TOT","RT","A","2006",76.0034738959397,
"AUS","TERMTRADE","TOT","RT","A","2007",80.2535244810649,
"AUS","TERMTRADE","TOT","RT","A","2008",86.3760806959996,
"AUS","TERMTRADE","TOT","RT","A","2009",82.8983488866706,
"AUS","TERMTRADE","TOT","RT","A","2010",100,
"AUS","TERMTRADE","TOT","RT","A","2011",100.433598530048,
"AUS","TERMTRADE","TOT","RT","A","2012",90.724591698719,
"AUS","TERMTRADE","TOT","RT","A","2013",87.3715464777644,
"AUS","TERMTRADE","TOT","RT","A","2014",78.1767121258988,
"AUS","TERMTRADE","TOT","RT","A","2015",70.1738342944294,
"AUT","TERMTRADE","TOT","RT","A","1970",115.724718296821,"E"
"AUT","TERMTRADE","TOT","RT","A","1971",114.604919732089,"E"
"AUT","TERMTRADE","TOT","RT","A","1972",116.149304541812,"E"
"AUT","TERMTRADE","TOT","RT","A","1973",119.874806196042,"E"
"AUT","TERMTRADE","TOT","RT","A","1974",113.205562054926,"E"
"AUT","TERMTRADE","TOT","RT","A","1975",114.01937085758,"E"
"AUT","TERMTRADE","TOT","RT","A","1976",112.842420346954,"E"
"AUT","TERMTRADE","TOT","RT","A","1977",112.018180627508,"E"
"AUT","TERMTRADE","TOT","RT","A","1978",112.379321514601,"E"
"AUT","TERMTRADE","TOT","RT","A","1979",111.185542656365,"E"
"AUT","TERMTRADE","TOT","RT","A","1980",107.413959805642,"E"
"AUT","TERMTRADE","TOT","RT","A","1981",105.201045345613,"E"
"AUT","TERMTRADE","TOT","RT","A","1982",106.702634318881,"E"
"AUT","TERMTRADE","TOT","RT","A","1983",106.324444799675,"E"
"AUT","TERMTRADE","TOT","RT","A","1984",106.398611110084,"E"
"AUT","TERMTRADE","TOT","RT","A","1985",105.710690004586,"E"
"AUT","TERMTRADE","TOT","RT","A","1986",106.941575029737,"E"
"AUT","TERMTRADE","TOT","RT","A","1987",107.279580744986,"E"
"AUT","TERMTRADE","TOT","RT","A","1988",107.232952524351,"E"
"AUT","TERMTRADE","TOT","RT","A","1989",106.670722853433,"E"
"AUT","TERMTRADE","TOT","RT","A","1990",107.346909854635,"E"
"AUT","TERMTRADE","TOT","RT","A","1991",107.215814013991,"E"
"AUT","TERMTRADE","TOT","RT","A","1992",106.528699762892,"E"
"AUT","TERMTRADE","TOT","RT","A","1993",106.095687333191,"E"
"AUT","TERMTRADE","TOT","RT","A","1994",106.417828278915,"E"
"AUT","TERMTRADE","TOT","RT","A","1995",106.795321960934,
"AUT","TERMTRADE","TOT","RT","A","1996",105.221956514818,
"AUT","TERMTRADE","TOT","RT","A","1997",104.087144007201,
"AUT","TERMTRADE","TOT","RT","A","1998",103.695803562575,
"AUT","TERMTRADE","TOT","RT","A","1999",103.170767265016,
"AUT","TERMTRADE","TOT","RT","A","2000",102.125343367983,
"AUT","TERMTRADE","TOT","RT","A","2001",102.341449656973,
"AUT","TERMTRADE","TOT","RT","A","2002",103.067567008942,
"AUT","TERMTRADE","TOT","RT","A","2003",103.895819756429,
"AUT","TERMTRADE","TOT","RT","A","2004",103.355080971908,
"AUT","TERMTRADE","TOT","RT","A","2005",102.537296318466,
"AUT","TERMTRADE","TOT","RT","A","2006",101.425667609153,
"AUT","TERMTRADE","TOT","RT","A","2007",101.007758341688,
"AUT","TERMTRADE","TOT","RT","A","2008",99.6444342276398,
"AUT","TERMTRADE","TOT","RT","A","2009",101.795168908623,
"AUT","TERMTRADE","TOT","RT","A","2010",100,
"AUT","TERMTRADE","TOT","RT","A","2011",98.3007483819687,
"AUT","TERMTRADE","TOT","RT","A","2012",97.8914479708632,
"AUT","TERMTRADE","TOT","RT","A","2013",98.034327694284,
"AUT","TERMTRADE","TOT","RT","A","2014",98.525109059583,
"AUT","TERMTRADE","TOT","RT","A","2015",99.7720133903285,
"AUT","TERMTRADE","TOT","RT","A","2016",100.493813997913,
"BEL","TERMTRADE","TOT","RT","A","1970",106.426459392599,"E"
"BEL","TERMTRADE","TOT","RT","A","1971",105.104526814333,"E"
"BEL","TERMTRADE","TOT","RT","A","1972",106.455536349694,"E"
"BEL","TERMTRADE","TOT","RT","A","1973",107.235599751228,"E"
"BEL","TERMTRADE","TOT","RT","A","1974",104.675701715487,"E"
"BEL","TERMTRADE","TOT","RT","A","1975",103.44914809217,"E"
"BEL","TERMTRADE","TOT","RT","A","1976",102.937314966036,"E"
"BEL","TERMTRADE","TOT","RT","A","1977",103.507090034813,"E"
"BEL","TERMTRADE","TOT","RT","A","1978",103.558126988128,"E"
"BEL","TERMTRADE","TOT","RT","A","1979",103.684701740793,"E"
"BEL","TERMTRADE","TOT","RT","A","1980",99.7566422263207,
"BEL","TERMTRADE","TOT","RT","A","1981",96.2156132360249,
"BEL","TERMTRADE","TOT","RT","A","1982",95.726395201567,
"BEL","TERMTRADE","TOT","RT","A","1983",95.4777217270943,
"BEL","TERMTRADE","TOT","RT","A","1984",95.6635864983026,
"BEL","TERMTRADE","TOT","RT","A","1985",96.4451220476853,
"BEL","TERMTRADE","TOT","RT","A","1986",100.489302250367,
"BEL","TERMTRADE","TOT","RT","A","1987",101.505326941081,
"BEL","TERMTRADE","TOT","RT","A","1988",103.062177338662,
"BEL","TERMTRADE","TOT","RT","A","1989",103.911088548878,
"BEL","TERMTRADE","TOT","RT","A","1990",103.560670348821,
"BEL","TERMTRADE","TOT","RT","A","1991",103.627733032981,
"BEL","TERMTRADE","TOT","RT","A","1992",105.416215840546,
"BEL","TERMTRADE","TOT","RT","A","1993",107.040461841692,
"BEL","TERMTRADE","TOT","RT","A","1994",106.552284698412,
"BEL","TERMTRADE","TOT","RT","A","1995",106.448513946609,
"BEL","TERMTRADE","TOT","RT","A","1996",105.611339404006,
"BEL","TERMTRADE","TOT","RT","A","1997",105.210103017455,
"BEL","TERMTRADE","TOT","RT","A","1998",105.772956342919,
"BEL","TERMTRADE","TOT","RT","A","1999",104.823988809708,
"BEL","TERMTRADE","TOT","RT","A","2000",103.00847629709,
"BEL","TERMTRADE","TOT","RT","A","2001",103.071002926391,
"BEL","TERMTRADE","TOT","RT","A","2002",103.741451954515,
"BEL","TERMTRADE","TOT","RT","A","2003",103.3849378753,
"BEL","TERMTRADE","TOT","RT","A","2004",102.458920698975,
"BEL","TERMTRADE","TOT","RT","A","2005",101.746663178635,
"BEL","TERMTRADE","TOT","RT","A","2006",101.028431858871,
"BEL","TERMTRADE","TOT","RT","A","2007",101.181741685441,
"BEL","TERMTRADE","TOT","RT","A","2008",98.5392118405358,
"BEL","TERMTRADE","TOT","RT","A","2009",101.597437009755,
"BEL","TERMTRADE","TOT","RT","A","2010",100,
"BEL","TERMTRADE","TOT","RT","A","2011",98.8181891860894,
"BEL","TERMTRADE","TOT","RT","A","2012",98.5713961140908,
"BEL","TERMTRADE","TOT","RT","A","2013",98.6986621280538,
"BEL","TERMTRADE","TOT","RT","A","2014",99.1352185128707,
"BEL","TERMTRADE","TOT","RT","A","2015",100.106848198824,
"BEL","TERMTRADE","TOT","RT","A","2016",100.989080522552,
"CAN","TERMTRADE","TOT","RT","A","1970",82.6074452152978,"E"
"CAN","TERMTRADE","TOT","RT","A","1971",80.7129091774561,"E"
"CAN","TERMTRADE","TOT","RT","A","1972",81.909522168914,"E"
"CAN","TERMTRADE","TOT","RT","A","1973",86.9649342000658,"E"
"CAN","TERMTRADE","TOT","RT","A","1974",94.7255820672696,"E"
"CAN","TERMTRADE","TOT","RT","A","1975",92.3529201986825,"E"
"CAN","TERMTRADE","TOT","RT","A","1976",95.1786386091507,"E"
"CAN","TERMTRADE","TOT","RT","A","1977",91.3637236969582,"E"
"CAN","TERMTRADE","TOT","RT","A","1978",87.5671585145705,"E"
"CAN","TERMTRADE","TOT","RT","A","1979",90.9134991218111,"E"
"CAN","TERMTRADE","TOT","RT","A","1980",91.4121606535813,"E"
"CAN","TERMTRADE","TOT","RT","A","1981",88.4164680652318,
"CAN","TERMTRADE","TOT","RT","A","1982",86.4689126861632,
"CAN","TERMTRADE","TOT","RT","A","1983",87.6292695554999,
"CAN","TERMTRADE","TOT","RT","A","1984",86.2687338125016,
"CAN","TERMTRADE","TOT","RT","A","1985",85.5203498803019,
"CAN","TERMTRADE","TOT","RT","A","1986",82.8939684294773,
"CAN","TERMTRADE","TOT","RT","A","1987",85.5961112189233,
"CAN","TERMTRADE","TOT","RT","A","1988",87.6633581766424,
"CAN","TERMTRADE","TOT","RT","A","1989",89.4530621700074,
"CAN","TERMTRADE","TOT","RT","A","1990",87.6584970448978,
"CAN","TERMTRADE","TOT","RT","A","1991",86.0387978523208,
"CAN","TERMTRADE","TOT","RT","A","1992",84.8750065407152,
"CAN","TERMTRADE","TOT","RT","A","1993",83.5008888813462,
"CAN","TERMTRADE","TOT","RT","A","1994",83.0322212552346,
"CAN","TERMTRADE","TOT","RT","A","1995",85.2008184564394,
"CAN","TERMTRADE","TOT","RT","A","1996",86.7446516889418,
"CAN","TERMTRADE","TOT","RT","A","1997",86.003363381887,
"CAN","TERMTRADE","TOT","RT","A","1998",82.5819838851758,
"CAN","TERMTRADE","TOT","RT","A","1999",83.758229282244,
"CAN","TERMTRADE","TOT","RT","A","2000",87.337009143259,
"CAN","TERMTRADE","TOT","RT","A","2001",86.3808196850783,
"CAN","TERMTRADE","TOT","RT","A","2002",84.3401899013001,
"CAN","TERMTRADE","TOT","RT","A","2003",88.9814858691181,
"CAN","TERMTRADE","TOT","RT","A","2004",92.9500418381804,
"CAN","TERMTRADE","TOT","RT","A","2005",96.2275052469966,
"CAN","TERMTRADE","TOT","RT","A","2006",97.2371248233525,
"CAN","TERMTRADE","TOT","RT","A","2007",100.164991403287,
"CAN","TERMTRADE","TOT","RT","A","2008",104.539316779399,
"CAN","TERMTRADE","TOT","RT","A","2009",94.9818487433096,
"CAN","TERMTRADE","TOT","RT","A","2010",100,
"CAN","TERMTRADE","TOT","RT","A","2011",103.367147376927,
"CAN","TERMTRADE","TOT","RT","A","2012",101.7829830124,
"CAN","TERMTRADE","TOT","RT","A","2013",101.775292095742,
"CAN","TERMTRADE","TOT","RT","A","2014",100.421094033813,
"CAN","TERMTRADE","TOT","RT","A","2015",93.5300755558664,
"CAN","TERMTRADE","TOT","RT","A","2016",91.6633262729663,
"CZE","TERMTRADE","TOT","RT","A","1990",101.768311680377,"E"
"CZE","TERMTRADE","TOT","RT","A","1991",79.0414821882891,"E"
"CZE","TERMTRADE","TOT","RT","A","1992",82.4653809369901,"E"
"CZE","TERMTRADE","TOT","RT","A","1993",87.923251474364,"E"
"CZE","TERMTRADE","TOT","RT","A","1994",91.8227977353282,"E"
"CZE","TERMTRADE","TOT","RT","A","1995",91.1558840893898,
"CZE","TERMTRADE","TOT","RT","A","1996",94.9365034099663,
"CZE","TERMTRADE","TOT","RT","A","1997",95.4240686674449,
"CZE","TERMTRADE","TOT","RT","A","1998",100.569365792117,
"CZE","TERMTRADE","TOT","RT","A","1999",99.8660495341147,
"CZE","TERMTRADE","TOT","RT","A","2000",96.8662182967752,
"CZE","TERMTRADE","TOT","RT","A","2001",99.6780132635062,
"CZE","TERMTRADE","TOT","RT","A","2002",103.27100663524,
"CZE","TERMTRADE","TOT","RT","A","2003",103.341579958072,
"CZE","TERMTRADE","TOT","RT","A","2004",104.502429410598,
"CZE","TERMTRADE","TOT","RT","A","2005",102.196594245278,
"CZE","TERMTRADE","TOT","RT","A","2006",100.125784310231,
"CZE","TERMTRADE","TOT","RT","A","2007",101.231135462818,
"CZE","TERMTRADE","TOT","RT","A","2008",99.9823832005193,
"CZE","TERMTRADE","TOT","RT","A","2009",102.018907369749,
"CZE","TERMTRADE","TOT","RT","A","2010",100,
"CZE","TERMTRADE","TOT","RT","A","2011",98.4527668985793,
"CZE","TERMTRADE","TOT","RT","A","2012",97.8927202204779,
"CZE","TERMTRADE","TOT","RT","A","2013",99.0342229893722,
"CZE","TERMTRADE","TOT","RT","A","2014",100.544722979379,
"CZE","TERMTRADE","TOT","RT","A","2015",100.932692634038,
"CZE","TERMTRADE","TOT","RT","A","2016",102.003141842327,
"DNK","TERMTRADE","TOT","RT","A","1970",91.8795956970352,
"DNK","TERMTRADE","TOT","RT","A","1971",90.0159461995645,
"DNK","TERMTRADE","TOT","RT","A","1972",91.6164707507986,
"DNK","TERMTRADE","TOT","RT","A","1973",94.7256427391511,
"DNK","TERMTRADE","TOT","RT","A","1974",86.3895729337085,
"DNK","TERMTRADE","TOT","RT","A","1975",88.8315895226472,
"DNK","TERMTRADE","TOT","RT","A","1976",89.2514988596412,
"DNK","TERMTRADE","TOT","RT","A","1977",89.578631700992,
"DNK","TERMTRADE","TOT","RT","A","1978",92.9134201991924,
"DNK","TERMTRADE","TOT","RT","A","1979",89.3212337443381,
"DNK","TERMTRADE","TOT","RT","A","1980",85.2210819699198,
"DNK","TERMTRADE","TOT","RT","A","1981",83.2007745664738,
"DNK","TERMTRADE","TOT","RT","A","1982",82.0116052521089,
"DNK","TERMTRADE","TOT","RT","A","1983",83.0354274020157,
"DNK","TERMTRADE","TOT","RT","A","1984",83.334751050376,
"DNK","TERMTRADE","TOT","RT","A","1985",84.1940858985118,
"DNK","TERMTRADE","TOT","RT","A","1986",87.6682107365097,
"DNK","TERMTRADE","TOT","RT","A","1987",88.892350631918,
"DNK","TERMTRADE","TOT","RT","A","1988",88.5415935800003,
"DNK","TERMTRADE","TOT","RT","A","1989",89.5406099911803,
"DNK","TERMTRADE","TOT","RT","A","1990",90.6615066094027,
"DNK","TERMTRADE","TOT","RT","A","1991",90.1640533027899,
"DNK","TERMTRADE","TOT","RT","A","1992",92.2191898515628,
"DNK","TERMTRADE","TOT","RT","A","1993",91.9540483122038,
"DNK","TERMTRADE","TOT","RT","A","1994",91.0723246972259,
"DNK","TERMTRADE","TOT","RT","A","1995",91.2099625439193,
"DNK","TERMTRADE","TOT","RT","A","1996",92.4371653780355,
"DNK","TERMTRADE","TOT","RT","A","1997",92.535617106459,
"DNK","TERMTRADE","TOT","RT","A","1998",92.2176074818257,
"DNK","TERMTRADE","TOT","RT","A","1999",91.9859308923127,
"DNK","TERMTRADE","TOT","RT","A","2000",92.5691891023068,
"DNK","TERMTRADE","TOT","RT","A","2001",92.4848429675436,
"DNK","TERMTRADE","TOT","RT","A","2002",93.51808255242,
"DNK","TERMTRADE","TOT","RT","A","2003",94.2487920536452,
"DNK","TERMTRADE","TOT","RT","A","2004",95.0531528597327,
"DNK","TERMTRADE","TOT","RT","A","2005",96.8106444430969,
"DNK","TERMTRADE","TOT","RT","A","2006",96.1526247985376,
"DNK","TERMTRADE","TOT","RT","A","2007",95.6393128818621,
"DNK","TERMTRADE","TOT","RT","A","2008",97.3701511331254,
"DNK","TERMTRADE","TOT","RT","A","2009",97.626589677741,
"DNK","TERMTRADE","TOT","RT","A","2010",100,
"DNK","TERMTRADE","TOT","RT","A","2011",98.1086773765996,
"DNK","TERMTRADE","TOT","RT","A","2012",98.6440974202731,
"DNK","TERMTRADE","TOT","RT","A","2013",99.6628755334016,
"DNK","TERMTRADE","TOT","RT","A","2014",100.439690585705,
"DNK","TERMTRADE","TOT","RT","A","2015",100.610857459615,
"DNK","TERMTRADE","TOT","RT","A","2016",100.612629032149,
"FIN","TERMTRADE","TOT","RT","A","1970",123.970683430914,"E"
"FIN","TERMTRADE","TOT","RT","A","1971",121.594583150993,"E"
"FIN","TERMTRADE","TOT","RT","A","1972",120.473619026115,"E"
"FIN","TERMTRADE","TOT","RT","A","1973",122.549556059534,"E"
"FIN","TERMTRADE","TOT","RT","A","1974",119.596433815095,"E"
"FIN","TERMTRADE","TOT","RT","A","1975",127.391909133374,"E"
"FIN","TERMTRADE","TOT","RT","A","1976",128.014734628736,"E"
"FIN","TERMTRADE","TOT","RT","A","1977",124.503417862322,"E"
"FIN","TERMTRADE","TOT","RT","A","1978",118.723636842261,"E"
"FIN","TERMTRADE","TOT","RT","A","1979",118.17100714023,"E"
"FIN","TERMTRADE","TOT","RT","A","1980",109.840162925158,
"FIN","TERMTRADE","TOT","RT","A","1981",106.565627679709,
"FIN","TERMTRADE","TOT","RT","A","1982",108.176669605241,
"FIN","TERMTRADE","TOT","RT","A","1983",107.26467114825,
"FIN","TERMTRADE","TOT","RT","A","1984",110.542344627704,
"FIN","TERMTRADE","TOT","RT","A","1985",110.070570516764,
"FIN","TERMTRADE","TOT","RT","A","1986",114.286933615803,
"FIN","TERMTRADE","TOT","RT","A","1987",116.602162653037,
"FIN","TERMTRADE","TOT","RT","A","1988",120.536799147575,
"FIN","TERMTRADE","TOT","RT","A","1989",121.425363157304,
"FIN","TERMTRADE","TOT","RT","A","1990",120.345976312459,
"FIN","TERMTRADE","TOT","RT","A","1991",116.000274962398,
"FIN","TERMTRADE","TOT","RT","A","1992",114.344384055258,
"FIN","TERMTRADE","TOT","RT","A","1993",112.535603430418,
"FIN","TERMTRADE","TOT","RT","A","1994",114.658719900009,
"FIN","TERMTRADE","TOT","RT","A","1995",120.212935109614,
"FIN","TERMTRADE","TOT","RT","A","1996",119.167353589721,
"FIN","TERMTRADE","TOT","RT","A","1997",117.456545798144,
"FIN","TERMTRADE","TOT","RT","A","1998",119.568952347287,
"FIN","TERMTRADE","TOT","RT","A","1999",116.003088915922,
"FIN","TERMTRADE","TOT","RT","A","2000",111.767037679956,
"FIN","TERMTRADE","TOT","RT","A","2001",113.656725791802,
"FIN","TERMTRADE","TOT","RT","A","2002",113.833249077171,
"FIN","TERMTRADE","TOT","RT","A","2003",112.269780823019,
"FIN","TERMTRADE","TOT","RT","A","2004",109.864395894691,
"FIN","TERMTRADE","TOT","RT","A","2005",106.191693367959,
"FIN","TERMTRADE","TOT","RT","A","2006",102.860013460608,
"FIN","TERMTRADE","TOT","RT","A","2007",102.785976117527,
"FIN","TERMTRADE","TOT","RT","A","2008",100.833905132998,
"FIN","TERMTRADE","TOT","RT","A","2009",102.095878077727,
"FIN","TERMTRADE","TOT","RT","A","2010",100,
"FIN","TERMTRADE","TOT","RT","A","2011",98.4291568124264,
"FIN","TERMTRADE","TOT","RT","A","2012",97.3971883151383,
"FIN","TERMTRADE","TOT","RT","A","2013",98.0626376256692,
"FIN","TERMTRADE","TOT","RT","A","2014",99.294652042972,
"FIN","TERMTRADE","TOT","RT","A","2015",102.700348850453,
"FIN","TERMTRADE","TOT","RT","A","2016",103.741204012972,
"FRA","TERMTRADE","TOT","RT","A","1970",111.646150160773,
"FRA","TERMTRADE","TOT","RT","A","1971",111.983551945321,
"FRA","TERMTRADE","TOT","RT","A","1972",114.434844567253,
"FRA","TERMTRADE","TOT","RT","A","1973",115.788896166421,
"FRA","TERMTRADE","TOT","RT","A","1974",100.156833584764,
"FRA","TERMTRADE","TOT","RT","A","1975",104.712868898896,
"FRA","TERMTRADE","TOT","RT","A","1976",103.53076183733,
"FRA","TERMTRADE","TOT","RT","A","1977",101.514459145674,
"FRA","TERMTRADE","TOT","RT","A","1978",105.798092172295,
"FRA","TERMTRADE","TOT","RT","A","1979",104.275958306024,
"FRA","TERMTRADE","TOT","RT","A","1980",97.4632932730289,
"FRA","TERMTRADE","TOT","RT","A","1981",92.177131141413,
"FRA","TERMTRADE","TOT","RT","A","1982",92.4103536924882,
"FRA","TERMTRADE","TOT","RT","A","1983",94.573135308588,
"FRA","TERMTRADE","TOT","RT","A","1984",93.1784011485772,
"FRA","TERMTRADE","TOT","RT","A","1985",93.5816356845315,
"FRA","TERMTRADE","TOT","RT","A","1986",101.79673208597,
"FRA","TERMTRADE","TOT","RT","A","1987",101.55957793977,
"FRA","TERMTRADE","TOT","RT","A","1988",103.877556811866,
"FRA","TERMTRADE","TOT","RT","A","1989",102.323629273616,
"FRA","TERMTRADE","TOT","RT","A","1990",102.649397195343,
"FRA","TERMTRADE","TOT","RT","A","1991",101.715398299683,
"FRA","TERMTRADE","TOT","RT","A","1992",102.376373741043,
"FRA","TERMTRADE","TOT","RT","A","1993",103.913303212153,
"FRA","TERMTRADE","TOT","RT","A","1994",103.286373291694,
"FRA","TERMTRADE","TOT","RT","A","1995",102.296310812145,
"FRA","TERMTRADE","TOT","RT","A","1996",101.275746491222,
"FRA","TERMTRADE","TOT","RT","A","1997",101.241269735216,
"FRA","TERMTRADE","TOT","RT","A","1998",102.624771345597,
"FRA","TERMTRADE","TOT","RT","A","1999",102.891361248283,
"FRA","TERMTRADE","TOT","RT","A","2000",100.135860103701,
"FRA","TERMTRADE","TOT","RT","A","2001",100.403474399393,
"FRA","TERMTRADE","TOT","RT","A","2002",102.120747421931,
"FRA","TERMTRADE","TOT","RT","A","2003",102.079439882196,
"FRA","TERMTRADE","TOT","RT","A","2004",101.161123124673,
"FRA","TERMTRADE","TOT","RT","A","2005",99.8080935054184,
"FRA","TERMTRADE","TOT","RT","A","2006",98.305018502262,
"FRA","TERMTRADE","TOT","RT","A","2007",99.4661931916831,
"FRA","TERMTRADE","TOT","RT","A","2008",98.8366457120015,
"FRA","TERMTRADE","TOT","RT","A","2009",101.375869681097,
"FRA","TERMTRADE","TOT","RT","A","2010",100,
"FRA","TERMTRADE","TOT","RT","A","2011",97.6361983226042,
"FRA","TERMTRADE","TOT","RT","A","2012",97.3213538086556,
"FRA","TERMTRADE","TOT","RT","A","2013",98.4183908027999,
"FRA","TERMTRADE","TOT","RT","A","2014",99.6140295038021,
"FRA","TERMTRADE","TOT","RT","A","2015",102.708229432057,"E"
"FRA","TERMTRADE","TOT","RT","A","2016",103.536957727284,"E"
"DEU","TERMTRADE","TOT","RT","A","1970",98.2223857274605,"E"
"DEU","TERMTRADE","TOT","RT","A","1971",100.983412707129,"E"
"DEU","TERMTRADE","TOT","RT","A","1972",101.865135304531,"E"
"DEU","TERMTRADE","TOT","RT","A","1973",99.5792133340334,"E"
"DEU","TERMTRADE","TOT","RT","A","1974",92.8188993391207,"E"
"DEU","TERMTRADE","TOT","RT","A","1975",95.0828428564126,"E"
"DEU","TERMTRADE","TOT","RT","A","1976",93.491151208153,"E"
"DEU","TERMTRADE","TOT","RT","A","1977",93.517950693308,"E"
"DEU","TERMTRADE","TOT","RT","A","1978",96.9232712283195,"E"
"DEU","TERMTRADE","TOT","RT","A","1979",93.4300573561753,"E"
"DEU","TERMTRADE","TOT","RT","A","1980",87.8817202970722,"E"
"DEU","TERMTRADE","TOT","RT","A","1981",83.0870966863838,"E"
"DEU","TERMTRADE","TOT","RT","A","1982",84.255916948436,"E"
"DEU","TERMTRADE","TOT","RT","A","1983",85.4033653653344,"E"
"DEU","TERMTRADE","TOT","RT","A","1984",83.9832800958039,"E"
"DEU","TERMTRADE","TOT","RT","A","1985",84.2667685122496,"E"
"DEU","TERMTRADE","TOT","RT","A","1986",94.2212962069959,"E"
"DEU","TERMTRADE","TOT","RT","A","1987",97.978843345683,"E"
"DEU","TERMTRADE","TOT","RT","A","1988",97.729140336986,"E"
"DEU","TERMTRADE","TOT","RT","A","1989",95.1812390731578,"E"
"DEU","TERMTRADE","TOT","RT","A","1990",96.4975065110778,"E"
"DEU","TERMTRADE","TOT","RT","A","1991",95.238331452508,
"DEU","TERMTRADE","TOT","RT","A","1992",98.417107511616,
"DEU","TERMTRADE","TOT","RT","A","1993",100.370365822337,
"DEU","TERMTRADE","TOT","RT","A","1994",101.345954944102,
"DEU","TERMTRADE","TOT","RT","A","1995",103.068503410689,
"DEU","TERMTRADE","TOT","RT","A","1996",102.806122915036,
"DEU","TERMTRADE","TOT","RT","A","1997",101.021644849911,
"DEU","TERMTRADE","TOT","RT","A","1998",102.975045324975,
"DEU","TERMTRADE","TOT","RT","A","1999",103.793244588015,
"DEU","TERMTRADE","TOT","RT","A","2000",99.3076095915359,
"DEU","TERMTRADE","TOT","RT","A","2001",99.4166358184108,
"DEU","TERMTRADE","TOT","RT","A","2002",101.424868490507,
"DEU","TERMTRADE","TOT","RT","A","2003",102.628826124854,
"DEU","TERMTRADE","TOT","RT","A","2004",102.838583853469,
"DEU","TERMTRADE","TOT","RT","A","2005",101.026719268069,
"DEU","TERMTRADE","TOT","RT","A","2006",99.367008081685,
"DEU","TERMTRADE","TOT","RT","A","2007",99.5406320159683,
"DEU","TERMTRADE","TOT","RT","A","2008",97.8624930081832,
"DEU","TERMTRADE","TOT","RT","A","2009",102.381157615102,
"DEU","TERMTRADE","TOT","RT","A","2010",100,
"DEU","TERMTRADE","TOT","RT","A","2011",97.2894269585321,
"DEU","TERMTRADE","TOT","RT","A","2012",97.1010063293492,
"DEU","TERMTRADE","TOT","RT","A","2013",98.1673043038406,
"DEU","TERMTRADE","TOT","RT","A","2014",99.4828349503455,
"DEU","TERMTRADE","TOT","RT","A","2015",102.028417769145,
"DEU","TERMTRADE","TOT","RT","A","2016",103.578875958998,
"GRC","TERMTRADE","TOT","RT","A","1970",99.6809610364959,"E"
"GRC","TERMTRADE","TOT","RT","A","1971",94.3716265305985,"E"
"GRC","TERMTRADE","TOT","RT","A","1972",91.6601820892149,"E"
"GRC","TERMTRADE","TOT","RT","A","1973",97.2060786228868,"E"
"GRC","TERMTRADE","TOT","RT","A","1974",95.3620198477228,"E"
"GRC","TERMTRADE","TOT","RT","A","1975",87.5895496926182,"E"
"GRC","TERMTRADE","TOT","RT","A","1976",84.8195317197848,"E"
"GRC","TERMTRADE","TOT","RT","A","1977",88.0521782954069,"E"
"GRC","TERMTRADE","TOT","RT","A","1978",85.1531381873279,"E"
"GRC","TERMTRADE","TOT","RT","A","1979",83.6506696358922,"E"
"GRC","TERMTRADE","TOT","RT","A","1980",84.5117962197224,"E"
"GRC","TERMTRADE","TOT","RT","A","1981",90.1194708667604,"E"
"GRC","TERMTRADE","TOT","RT","A","1982",88.3373806553076,"E"
"GRC","TERMTRADE","TOT","RT","A","1983",91.9269376411002,"E"
"GRC","TERMTRADE","TOT","RT","A","1984",84.7641615244671,"E"
"GRC","TERMTRADE","TOT","RT","A","1985",82.936817663854,"E"
"GRC","TERMTRADE","TOT","RT","A","1986",86.1483546196367,"E"
"GRC","TERMTRADE","TOT","RT","A","1987",87.7607656712675,"E"
"GRC","TERMTRADE","TOT","RT","A","1988",89.9631909900635,"E"
"GRC","TERMTRADE","TOT","RT","A","1989",89.3802667000651,"E"
"GRC","TERMTRADE","TOT","RT","A","1990",91.1172189724902,"E"
"GRC","TERMTRADE","TOT","RT","A","1991",92.4781187981256,"E"
"GRC","TERMTRADE","TOT","RT","A","1992",90.6945719146316,"E"
"GRC","TERMTRADE","TOT","RT","A","1993",92.1814109894061,"E"
"GRC","TERMTRADE","TOT","RT","A","1994",94.7990659693639,"E"
"GRC","TERMTRADE","TOT","RT","A","1995",95.8702848739622,
"GRC","TERMTRADE","TOT","RT","A","1996",98.0134533279537,
"GRC","TERMTRADE","TOT","RT","A","1997",98.7014518195338,
"GRC","TERMTRADE","TOT","RT","A","1998",99.4986776321751,
"GRC","TERMTRADE","TOT","RT","A","1999",99.8910409051808,
"GRC","TERMTRADE","TOT","RT","A","2000",98.0862502583813,
"GRC","TERMTRADE","TOT","RT","A","2001",98.898613111948,
"GRC","TERMTRADE","TOT","RT","A","2002",100.32216022642,
"GRC","TERMTRADE","TOT","RT","A","2003",102.067212878521,
"GRC","TERMTRADE","TOT","RT","A","2004",101.952774048072,
"GRC","TERMTRADE","TOT","RT","A","2005",101.024978951618,
"GRC","TERMTRADE","TOT","RT","A","2006",100.970252378017,
"GRC","TERMTRADE","TOT","RT","A","2007",101.468459104654,
"GRC","TERMTRADE","TOT","RT","A","2008",100.307272628339,
"GRC","TERMTRADE","TOT","RT","A","2009",99.6301179168309,
"GRC","TERMTRADE","TOT","RT","A","2010",100,
"GRC","TERMTRADE","TOT","RT","A","2011",99.4663786482152,"E"
"GRC","TERMTRADE","TOT","RT","A","2012",97.8879107712121,"E"
"GRC","TERMTRADE","TOT","RT","A","2013",99.5060709558202,"E"
"GRC","TERMTRADE","TOT","RT","A","2014",100.969152900063,"E"
"GRC","TERMTRADE","TOT","RT","A","2015",105.808457157912,"E"
"GRC","TERMTRADE","TOT","RT","A","2016",104.679306221138,"E"
"HUN","TERMTRADE","TOT","RT","A","1991",93.2189026937755,"E"
"HUN","TERMTRADE","TOT","RT","A","1992",93.4338714577068,"E"
"HUN","TERMTRADE","TOT","RT","A","1993",96.2100194706066,"E"
"HUN","TERMTRADE","TOT","RT","A","1994",98.6148684121185,"E"
"HUN","TERMTRADE","TOT","RT","A","1995",101.682551185325,
"HUN","TERMTRADE","TOT","RT","A","1996",100.863518342772,
"HUN","TERMTRADE","TOT","RT","A","1997",102.825724406422,
"HUN","TERMTRADE","TOT","RT","A","1998",103.873582535824,
"HUN","TERMTRADE","TOT","RT","A","1999",103.267749247089,
"HUN","TERMTRADE","TOT","RT","A","2000",101.178190412576,
"HUN","TERMTRADE","TOT","RT","A","2001",101.809284979431,
"HUN","TERMTRADE","TOT","RT","A","2002",103.06837124751,
"HUN","TERMTRADE","TOT","RT","A","2003",102.711332580837,
"HUN","TERMTRADE","TOT","RT","A","2004",102.552866140829,
"HUN","TERMTRADE","TOT","RT","A","2005",100.79167882501,
"HUN","TERMTRADE","TOT","RT","A","2006",99.4472913091875,
"HUN","TERMTRADE","TOT","RT","A","2007",99.8670461906082,
"HUN","TERMTRADE","TOT","RT","A","2008",98.6311112333194,
"HUN","TERMTRADE","TOT","RT","A","2009",99.9155903609417,
"HUN","TERMTRADE","TOT","RT","A","2010",100,
"HUN","TERMTRADE","TOT","RT","A","2011",98.5983588901383,
"HUN","TERMTRADE","TOT","RT","A","2012",97.6394412242242,
"HUN","TERMTRADE","TOT","RT","A","2013",98.3812413316772,
"HUN","TERMTRADE","TOT","RT","A","2014",99.0502994109888,
"HUN","TERMTRADE","TOT","RT","A","2015",99.7641741206587,
"HUN","TERMTRADE","TOT","RT","A","2016",101.18892912006,
"ISL","TERMTRADE","TOT","RT","A","1970",112.861544469705,"E"
"ISL","TERMTRADE","TOT","RT","A","1971",125.752947887553,"E"
"ISL","TERMTRADE","TOT","RT","A","1972",123.063845845337,"E"
"ISL","TERMTRADE","TOT","RT","A","1973",135.482061049849,"E"
"ISL","TERMTRADE","TOT","RT","A","1974",126.508528106633,"E"
"ISL","TERMTRADE","TOT","RT","A","1975",112.524674874556,"E"
"ISL","TERMTRADE","TOT","RT","A","1976",121.285429592932,"E"
"ISL","TERMTRADE","TOT","RT","A","1977",129.760971540586,"E"
"ISL","TERMTRADE","TOT","RT","A","1978",130.09130193016,"E"
"ISL","TERMTRADE","TOT","RT","A","1979",118.894138381105,"E"
"ISL","TERMTRADE","TOT","RT","A","1980",115.601737581804,"E"
"ISL","TERMTRADE","TOT","RT","A","1981",115.116389962836,"E"
"ISL","TERMTRADE","TOT","RT","A","1982",114.287614835298,"E"
"ISL","TERMTRADE","TOT","RT","A","1983",112.748185704127,"E"
"ISL","TERMTRADE","TOT","RT","A","1984",113.495062241975,"E"
"ISL","TERMTRADE","TOT","RT","A","1985",112.430771611558,"E"
"ISL","TERMTRADE","TOT","RT","A","1986",118.502210025848,"E"
"ISL","TERMTRADE","TOT","RT","A","1987",123.575779047412,"E"
"ISL","TERMTRADE","TOT","RT","A","1988",122.57574855809,"E"
"ISL","TERMTRADE","TOT","RT","A","1989",117.774976018007,"E"
"ISL","TERMTRADE","TOT","RT","A","1990",115.45712268629,"E"
"ISL","TERMTRADE","TOT","RT","A","1991",119.430061471141,"E"
"ISL","TERMTRADE","TOT","RT","A","1992",118.772620178458,"E"
"ISL","TERMTRADE","TOT","RT","A","1993",114.456807636226,"E"
"ISL","TERMTRADE","TOT","RT","A","1994",114.779514171605,"E"
"ISL","TERMTRADE","TOT","RT","A","1995",115.97390154347,"E"
"ISL","TERMTRADE","TOT","RT","A","1996",112.279775666925,"E"
"ISL","TERMTRADE","TOT","RT","A","1997",114.556066042738,
"ISL","TERMTRADE","TOT","RT","A","1998",120.432672044716,
"ISL","TERMTRADE","TOT","RT","A","1999",119.608462245835,
"ISL","TERMTRADE","TOT","RT","A","2000",116.470839888413,
"ISL","TERMTRADE","TOT","RT","A","2001",116.582286295098,
"ISL","TERMTRADE","TOT","RT","A","2002",117.265670906734,
"ISL","TERMTRADE","TOT","RT","A","2003",112.40755068552,
"ISL","TERMTRADE","TOT","RT","A","2004",110.734645317302,
"ISL","TERMTRADE","TOT","RT","A","2005",111.784643531185,
"ISL","TERMTRADE","TOT","RT","A","2006",115.236255922576,
"ISL","TERMTRADE","TOT","RT","A","2007",111.11427055136,
"ISL","TERMTRADE","TOT","RT","A","2008",103.736649038907,
"ISL","TERMTRADE","TOT","RT","A","2009",95.6818423791903,
"ISL","TERMTRADE","TOT","RT","A","2010",100,
"ISL","TERMTRADE","TOT","RT","A","2011",97.3263642323004,
"ISL","TERMTRADE","TOT","RT","A","2012",94.3350879689608,
"ISL","TERMTRADE","TOT","RT","A","2013",92.5243327588486,
"ISL","TERMTRADE","TOT","RT","A","2014",95.5390761720484,
"ISL","TERMTRADE","TOT","RT","A","2015",101.958803577055,
"ISL","TERMTRADE","TOT","RT","A","2016",104.414078903407,
"IRL","TERMTRADE","TOT","RT","A","1995",104.752195773378,
"IRL","TERMTRADE","TOT","RT","A","1996",104.821239185635,
"IRL","TERMTRADE","TOT","RT","A","1997",105.148471993094,
"IRL","TERMTRADE","TOT","RT","A","1998",106.12371166973,
"IRL","TERMTRADE","TOT","RT","A","1999",105.899916210109,
"IRL","TERMTRADE","TOT","RT","A","2000",105.780328436212,
"IRL","TERMTRADE","TOT","RT","A","2001",107.123785148315,
"IRL","TERMTRADE","TOT","RT","A","2002",109.387837712795,
"IRL","TERMTRADE","TOT","RT","A","2003",108.249985061038,
"IRL","TERMTRADE","TOT","RT","A","2004",102.435752105796,
"IRL","TERMTRADE","TOT","RT","A","2005",104.18372431014,
"IRL","TERMTRADE","TOT","RT","A","2006",103.195439949173,
"IRL","TERMTRADE","TOT","RT","A","2007",103.684861669646,
"IRL","TERMTRADE","TOT","RT","A","2008",104.769886541309,
"IRL","TERMTRADE","TOT","RT","A","2009",103.270749726115,
"IRL","TERMTRADE","TOT","RT","A","2010",100,
"IRL","TERMTRADE","TOT","RT","A","2011",101.987151022197,
"IRL","TERMTRADE","TOT","RT","A","2012",100.371585904026,
"IRL","TERMTRADE","TOT","RT","A","2013",100.21505453096,
"IRL","TERMTRADE","TOT","RT","A","2014",98.2386960305194,
"IRL","TERMTRADE","TOT","RT","A","2015",102.622083798507,
"IRL","TERMTRADE","TOT","RT","A","2016",102.371356540633,
"ITA","TERMTRADE","TOT","RT","A","1970",117.577564568739,"E"
"ITA","TERMTRADE","TOT","RT","A","1971",116.724089606881,"E"
"ITA","TERMTRADE","TOT","RT","A","1972",118.347152833478,"E"
"ITA","TERMTRADE","TOT","RT","A","1973",104.381019767069,"E"
"ITA","TERMTRADE","TOT","RT","A","1974",93.0983645430508,"E"
"ITA","TERMTRADE","TOT","RT","A","1975",94.8592898973916,"E"
"ITA","TERMTRADE","TOT","RT","A","1976",90.8931108821203,"E"
"ITA","TERMTRADE","TOT","RT","A","1977",92.1080637633654,"E"
"ITA","TERMTRADE","TOT","RT","A","1978",93.1013782351622,"E"
"ITA","TERMTRADE","TOT","RT","A","1979",91.7479569306463,"E"
"ITA","TERMTRADE","TOT","RT","A","1980",89.1987211417735,"E"
"ITA","TERMTRADE","TOT","RT","A","1981",85.7588347782091,"E"
"ITA","TERMTRADE","TOT","RT","A","1982",89.305754850077,"E"
"ITA","TERMTRADE","TOT","RT","A","1983",90.527915093378,"E"
"ITA","TERMTRADE","TOT","RT","A","1984",90.7680107887947,"E"
"ITA","TERMTRADE","TOT","RT","A","1985",91.4534971320555,"E"
"ITA","TERMTRADE","TOT","RT","A","1986",103.452307175827,"E"
"ITA","TERMTRADE","TOT","RT","A","1987",106.311610165092,"E"
"ITA","TERMTRADE","TOT","RT","A","1988",104.946476440137,"E"
"ITA","TERMTRADE","TOT","RT","A","1989",104.590224975708,"E"
"ITA","TERMTRADE","TOT","RT","A","1990",109.430058429657,"E"
"ITA","TERMTRADE","TOT","RT","A","1991",113.781235517968,"E"
"ITA","TERMTRADE","TOT","RT","A","1992",112.59554710497,"E"
"ITA","TERMTRADE","TOT","RT","A","1993",107.544517498437,"E"
"ITA","TERMTRADE","TOT","RT","A","1994",106.161886437205,"E"
"ITA","TERMTRADE","TOT","RT","A","1995",103.071729369548,
"ITA","TERMTRADE","TOT","RT","A","1996",105.912573953363,
"ITA","TERMTRADE","TOT","RT","A","1997",105.944992134078,
"ITA","TERMTRADE","TOT","RT","A","1998",108.681696349154,
"ITA","TERMTRADE","TOT","RT","A","1999",108.346084566285,
"ITA","TERMTRADE","TOT","RT","A","2000",101.920181772346,
"ITA","TERMTRADE","TOT","RT","A","2001",103.080832856112,
"ITA","TERMTRADE","TOT","RT","A","2002",104.802713308987,
"ITA","TERMTRADE","TOT","RT","A","2003",106.516953059514,
"ITA","TERMTRADE","TOT","RT","A","2004",105.537105279517,
"ITA","TERMTRADE","TOT","RT","A","2005",102.182111359681,
"ITA","TERMTRADE","TOT","RT","A","2006",99.0745768095898,
"ITA","TERMTRADE","TOT","RT","A","2007",100.149482308152,
"ITA","TERMTRADE","TOT","RT","A","2008",98.007901953862,
"ITA","TERMTRADE","TOT","RT","A","2009",104.195046743428,
"ITA","TERMTRADE","TOT","RT","A","2010",100,
"ITA","TERMTRADE","TOT","RT","A","2011",97.3796165767804,
"ITA","TERMTRADE","TOT","RT","A","2012",95.9043537620663,
"ITA","TERMTRADE","TOT","RT","A","2013",97.3955173983342,
"ITA","TERMTRADE","TOT","RT","A","2014",99.9599776518146,
"ITA","TERMTRADE","TOT","RT","A","2015",102.279486245075,
"ITA","TERMTRADE","TOT","RT","A","2016",104.887339599536,
"JPN","TERMTRADE","TOT","RT","A","1970",202.802211406975,"E"
"JPN","TERMTRADE","TOT","RT","A","1971",214.914188558155,"E"
"JPN","TERMTRADE","TOT","RT","A","1972",223.917022753767,"E"
"JPN","TERMTRADE","TOT","RT","A","1973",207.363063280311,"E"
"JPN","TERMTRADE","TOT","RT","A","1974",165.88705985396,"E"
"JPN","TERMTRADE","TOT","RT","A","1975",158.99536774,"E"
"JPN","TERMTRADE","TOT","RT","A","1976",154.092512753752,"E"
"JPN","TERMTRADE","TOT","RT","A","1977",154.374830855152,"E"
"JPN","TERMTRADE","TOT","RT","A","1978",171.604924578399,"E"
"JPN","TERMTRADE","TOT","RT","A","1979",145.362270400263,"E"
"JPN","TERMTRADE","TOT","RT","A","1980",115.984900975569,"E"
"JPN","TERMTRADE","TOT","RT","A","1981",117.568825343717,"E"
"JPN","TERMTRADE","TOT","RT","A","1982",114.702175414471,"E"
"JPN","TERMTRADE","TOT","RT","A","1983",114.810565271377,"E"
"JPN","TERMTRADE","TOT","RT","A","1984",117.363255533762,"E"
"JPN","TERMTRADE","TOT","RT","A","1985",117.074358702021,"E"
"JPN","TERMTRADE","TOT","RT","A","1986",149.637571542182,"E"
"JPN","TERMTRADE","TOT","RT","A","1987",150.141186575199,"E"
"JPN","TERMTRADE","TOT","RT","A","1988",151.609804031893,"E"
"JPN","TERMTRADE","TOT","RT","A","1989",149.496331150499,"E"
"JPN","TERMTRADE","TOT","RT","A","1990",141.403303426102,"E"
"JPN","TERMTRADE","TOT","RT","A","1991",144.081872044314,"E"
"JPN","TERMTRADE","TOT","RT","A","1992",146.714545284465,"E"
"JPN","TERMTRADE","TOT","RT","A","1993",148.92295867703,"E"
"JPN","TERMTRADE","TOT","RT","A","1994",150.949312321538,
"JPN","TERMTRADE","TOT","RT","A","1995",150.137069735305,
"JPN","TERMTRADE","TOT","RT","A","1996",143.187425949947,
"JPN","TERMTRADE","TOT","RT","A","1997",137.215147241329,
"JPN","TERMTRADE","TOT","RT","A","1998",142.712585186019,
"JPN","TERMTRADE","TOT","RT","A","1999",142.209946201724,
"JPN","TERMTRADE","TOT","RT","A","2000",134.375668222538,
"JPN","TERMTRADE","TOT","RT","A","2001",134.630461062156,
"JPN","TERMTRADE","TOT","RT","A","2002",134.113712685371,
"JPN","TERMTRADE","TOT","RT","A","2003",130.038715822815,
"JPN","TERMTRADE","TOT","RT","A","2004",124.520895429414,
"JPN","TERMTRADE","TOT","RT","A","2005",116.628507892123,
"JPN","TERMTRADE","TOT","RT","A","2006",108.435834485417,
"JPN","TERMTRADE","TOT","RT","A","2007",104.147732233217,
"JPN","TERMTRADE","TOT","RT","A","2008",94.5277315460103,
"JPN","TERMTRADE","TOT","RT","A","2009",106.112897125026,
"JPN","TERMTRADE","TOT","RT","A","2010",100,
"JPN","TERMTRADE","TOT","RT","A","2011",92.4010786971195,
"JPN","TERMTRADE","TOT","RT","A","2012",91.3219353357215,
"JPN","TERMTRADE","TOT","RT","A","2013",90.393656587977,
"JPN","TERMTRADE","TOT","RT","A","2014",89.9423274000433,
"JPN","TERMTRADE","TOT","RT","A","2015",97.9005104934853,
"KOR","TERMTRADE","TOT","RT","A","1970",161.477173604019,
"KOR","TERMTRADE","TOT","RT","A","1971",158.943577961038,
"KOR","TERMTRADE","TOT","RT","A","1972",156.524641440865,
"KOR","TERMTRADE","TOT","RT","A","1973",155.464718787829,
"KOR","TERMTRADE","TOT","RT","A","1974",137.514490031147,
"KOR","TERMTRADE","TOT","RT","A","1975",127.83900047232,
"KOR","TERMTRADE","TOT","RT","A","1976",142.522196950665,
"KOR","TERMTRADE","TOT","RT","A","1977",148.08948280063,
"KOR","TERMTRADE","TOT","RT","A","1978",151.259008747095,
"KOR","TERMTRADE","TOT","RT","A","1979",149.406652724598,
"KOR","TERMTRADE","TOT","RT","A","1980",133.024528690555,
"KOR","TERMTRADE","TOT","RT","A","1981",128.300968679592,
"KOR","TERMTRADE","TOT","RT","A","1982",132.005465346463,
"KOR","TERMTRADE","TOT","RT","A","1983",135.252944629872,
"KOR","TERMTRADE","TOT","RT","A","1984",137.053244741588,
"KOR","TERMTRADE","TOT","RT","A","1985",136.100147098813,
"KOR","TERMTRADE","TOT","RT","A","1986",146.332944751101,
"KOR","TERMTRADE","TOT","RT","A","1987",150.966837273517,
"KOR","TERMTRADE","TOT","RT","A","1988",154.970581547005,
"KOR","TERMTRADE","TOT","RT","A","1989",160.91268780722,
"KOR","TERMTRADE","TOT","RT","A","1990",157.449678693482,
"KOR","TERMTRADE","TOT","RT","A","1991",158.307293387811,
"KOR","TERMTRADE","TOT","RT","A","1992",158.137640786716,
"KOR","TERMTRADE","TOT","RT","A","1993",160.134363709551,
"KOR","TERMTRADE","TOT","RT","A","1994",161.391028938592,
"KOR","TERMTRADE","TOT","RT","A","1995",157.595024338605,
"KOR","TERMTRADE","TOT","RT","A","1996",151.05427085958,
"KOR","TERMTRADE","TOT","RT","A","1997",142.079966544366,
"KOR","TERMTRADE","TOT","RT","A","1998",132.014184140369,
"KOR","TERMTRADE","TOT","RT","A","1999",128.693505128414,
"KOR","TERMTRADE","TOT","RT","A","2000",118.066945268459,
"KOR","TERMTRADE","TOT","RT","A","2001",115.004416046556,
"KOR","TERMTRADE","TOT","RT","A","2002",117.160619471694,
"KOR","TERMTRADE","TOT","RT","A","2003",115.348828374625,
"KOR","TERMTRADE","TOT","RT","A","2004",112.002507420088,
"KOR","TERMTRADE","TOT","RT","A","2005",107.934571629836,
"KOR","TERMTRADE","TOT","RT","A","2006",103.204770722829,
"KOR","TERMTRADE","TOT","RT","A","2007",103.088781283306,
"KOR","TERMTRADE","TOT","RT","A","2008",96.0987930656849,
"KOR","TERMTRADE","TOT","RT","A","2009",99.7504520278932,
"KOR","TERMTRADE","TOT","RT","A","2010",100,
"KOR","TERMTRADE","TOT","RT","A","2011",95.4746840486038,
"KOR","TERMTRADE","TOT","RT","A","2012",95.2677830576469,
"KOR","TERMTRADE","TOT","RT","A","2013",97.3236414819588,
"KOR","TERMTRADE","TOT","RT","A","2014",98.0912065822247,
"KOR","TERMTRADE","TOT","RT","A","2015",106.056379626887,
"LUX","TERMTRADE","TOT","RT","A","1970",112.535273240191,"E"
"LUX","TERMTRADE","TOT","RT","A","1971",104.0977910467,"E"
"LUX","TERMTRADE","TOT","RT","A","1972",104.954485282591,"E"
"LUX","TERMTRADE","TOT","RT","A","1973",110.727960500669,"E"
"LUX","TERMTRADE","TOT","RT","A","1974",114.390709057192,"E"
"LUX","TERMTRADE","TOT","RT","A","1975",102.747575685584,"E"
"LUX","TERMTRADE","TOT","RT","A","1976",105.095462987476,"E"
"LUX","TERMTRADE","TOT","RT","A","1977",98.4107254776797,"E"
"LUX","TERMTRADE","TOT","RT","A","1978",99.3184186239587,"E"
"LUX","TERMTRADE","TOT","RT","A","1979",99.1733581587218,"E"
"LUX","TERMTRADE","TOT","RT","A","1980",99.071598037284,"E"
"LUX","TERMTRADE","TOT","RT","A","1981",98.6398906161675,"E"
"LUX","TERMTRADE","TOT","RT","A","1982",100.094005017437,"E"
"LUX","TERMTRADE","TOT","RT","A","1983",98.2283352202257,"E"
"LUX","TERMTRADE","TOT","RT","A","1984",96.2247131064562,"E"
"LUX","TERMTRADE","TOT","RT","A","1985",97.1503816174501,"E"
"LUX","TERMTRADE","TOT","RT","A","1986",96.5066573097121,"E"
"LUX","TERMTRADE","TOT","RT","A","1987",95.6099085396499,"E"
"LUX","TERMTRADE","TOT","RT","A","1988",96.6828632867016,"E"
"LUX","TERMTRADE","TOT","RT","A","1989",97.0963886750547,"E"
"LUX","TERMTRADE","TOT","RT","A","1990",95.742820874301,"E"
"LUX","TERMTRADE","TOT","RT","A","1991",94.5606256224531,"E"
"LUX","TERMTRADE","TOT","RT","A","1992",93.6704135858659,"E"
"LUX","TERMTRADE","TOT","RT","A","1993",95.9510186228119,"E"
"LUX","TERMTRADE","TOT","RT","A","1994",96.9255187576738,"E"
"LUX","TERMTRADE","TOT","RT","A","1995",97.0657128517036,
"LUX","TERMTRADE","TOT","RT","A","1996",99.5736120849309,
"LUX","TERMTRADE","TOT","RT","A","1997",96.2566651437992,
"LUX","TERMTRADE","TOT","RT","A","1998",94.1263855877794,
"LUX","TERMTRADE","TOT","RT","A","1999",96.6392989406668,
"LUX","TERMTRADE","TOT","RT","A","2000",94.8454739018272,
"LUX","TERMTRADE","TOT","RT","A","2001",94.5324915957634,
"LUX","TERMTRADE","TOT","RT","A","2002",95.0503173341621,
"LUX","TERMTRADE","TOT","RT","A","2003",96.0701178704844,
"LUX","TERMTRADE","TOT","RT","A","2004",95.8721177951135,
"LUX","TERMTRADE","TOT","RT","A","2005",95.5877515036395,
"LUX","TERMTRADE","TOT","RT","A","2006",97.5959431361228,
"LUX","TERMTRADE","TOT","RT","A","2007",96.4722490938812,
"LUX","TERMTRADE","TOT","RT","A","2008",97.757815583561,
"LUX","TERMTRADE","TOT","RT","A","2009",99.328809917221,
"LUX","TERMTRADE","TOT","RT","A","2010",100,
"LUX","TERMTRADE","TOT","RT","A","2011",100.53709736474,
"LUX","TERMTRADE","TOT","RT","A","2012",100.491925501858,
"LUX","TERMTRADE","TOT","RT","A","2013",100.064073152098,
"LUX","TERMTRADE","TOT","RT","A","2014",100.073000395449,
"LUX","TERMTRADE","TOT","RT","A","2015",99.5790347744701,
"LUX","TERMTRADE","TOT","RT","A","2016",99.5063456552002,
"MEX","TERMTRADE","TOT","RT","A","1970",96.5711906951719,"E"
"MEX","TERMTRADE","TOT","RT","A","1971",96.7409785950906,"E"
"MEX","TERMTRADE","TOT","RT","A","1972",95.4008626420665,"E"
"MEX","TERMTRADE","TOT","RT","A","1973",95.3462871746583,"E"
"MEX","TERMTRADE","TOT","RT","A","1974",102.427377790909,"E"
"MEX","TERMTRADE","TOT","RT","A","1975",101.754577796245,"E"
"MEX","TERMTRADE","TOT","RT","A","1976",105.793947063927,"E"
"MEX","TERMTRADE","TOT","RT","A","1977",97.2216313096867,"E"
"MEX","TERMTRADE","TOT","RT","A","1978",99.7526583249328,"E"
"MEX","TERMTRADE","TOT","RT","A","1979",109.471313477459,"E"
"MEX","TERMTRADE","TOT","RT","A","1980",140.770756891728,"E"
"MEX","TERMTRADE","TOT","RT","A","1981",144.842778087736,"E"
"MEX","TERMTRADE","TOT","RT","A","1982",136.514587608761,"E"
"MEX","TERMTRADE","TOT","RT","A","1983",108.002593143983,"E"
"MEX","TERMTRADE","TOT","RT","A","1984",108.586387342215,"E"
"MEX","TERMTRADE","TOT","RT","A","1985",103.405167194338,"E"
"MEX","TERMTRADE","TOT","RT","A","1986",78.3063459124976,"E"
"MEX","TERMTRADE","TOT","RT","A","1987",84.8603221788405,"E"
"MEX","TERMTRADE","TOT","RT","A","1988",82.9105760915222,"E"
"MEX","TERMTRADE","TOT","RT","A","1989",85.8171080348299,"E"
"MEX","TERMTRADE","TOT","RT","A","1990",92.428042939459,"E"
"MEX","TERMTRADE","TOT","RT","A","1991",91.1425781892337,"E"
"MEX","TERMTRADE","TOT","RT","A","1992",91.9277906097571,"E"
"MEX","TERMTRADE","TOT","RT","A","1993",91.6465382550164,"E"
"MEX","TERMTRADE","TOT","RT","A","1994",92.186707009593,"E"
"MEX","TERMTRADE","TOT","RT","A","1995",84.838183672785,"E"
"MEX","TERMTRADE","TOT","RT","A","1996",85.9698279906235,"E"
"MEX","TERMTRADE","TOT","RT","A","1997",88.8841408525878,"E"
"MEX","TERMTRADE","TOT","RT","A","1998",86.6992860726091,"E"
"MEX","TERMTRADE","TOT","RT","A","1999",89.405803253602,"E"
"MEX","TERMTRADE","TOT","RT","A","2000",92.3663384221248,"E"
"MEX","TERMTRADE","TOT","RT","A","2001",92.8599376880178,"E"
"MEX","TERMTRADE","TOT","RT","A","2002",93.9789068129379,"E"
"MEX","TERMTRADE","TOT","RT","A","2003",92.8984412353015,
"MEX","TERMTRADE","TOT","RT","A","2004",92.5941922900957,
"MEX","TERMTRADE","TOT","RT","A","2005",95.4890017995226,
"MEX","TERMTRADE","TOT","RT","A","2006",98.5545351036843,
"MEX","TERMTRADE","TOT","RT","A","2007",99.6099913309225,
"MEX","TERMTRADE","TOT","RT","A","2008",103.034490689397,
"MEX","TERMTRADE","TOT","RT","A","2009",98.7657226935478,
"MEX","TERMTRADE","TOT","RT","A","2010",100,
"MEX","TERMTRADE","TOT","RT","A","2011",99.8818627390631,
"MEX","TERMTRADE","TOT","RT","A","2012",100.073925700175,
"MEX","TERMTRADE","TOT","RT","A","2013",100.922546152316,
"MEX","TERMTRADE","TOT","RT","A","2014",99.4442078521783,"E"
"MEX","TERMTRADE","TOT","RT","A","2015",95.8709396250203,"E"
"NLD","TERMTRADE","TOT","RT","A","1970",103.556596238771,"E"
"NLD","TERMTRADE","TOT","RT","A","1971",102.952751337889,"E"
"NLD","TERMTRADE","TOT","RT","A","1972",105.027082491856,"E"
"NLD","TERMTRADE","TOT","RT","A","1973",105.028774606403,"E"
"NLD","TERMTRADE","TOT","RT","A","1974",99.6892958405654,"E"
"NLD","TERMTRADE","TOT","RT","A","1975",100.07512318478,"E"
"NLD","TERMTRADE","TOT","RT","A","1976",100.26704760389,"E"
"NLD","TERMTRADE","TOT","RT","A","1977",100.559016222165,"E"
"NLD","TERMTRADE","TOT","RT","A","1978",100.969636243807,"E"
"NLD","TERMTRADE","TOT","RT","A","1979",98.4946505903168,"E"
"NLD","TERMTRADE","TOT","RT","A","1980",96.5425303854555,"E"
"NLD","TERMTRADE","TOT","RT","A","1981",98.3641492365283,"E"
"NLD","TERMTRADE","TOT","RT","A","1982",99.0999374189322,"E"
"NLD","TERMTRADE","TOT","RT","A","1983",98.6697915109993,"E"
"NLD","TERMTRADE","TOT","RT","A","1984",99.604496606924,"E"
"NLD","TERMTRADE","TOT","RT","A","1985",98.3462043056953,"E"
"NLD","TERMTRADE","TOT","RT","A","1986",98.926980286406,"E"
"NLD","TERMTRADE","TOT","RT","A","1987",96.3596293329689,"E"
"NLD","TERMTRADE","TOT","RT","A","1988",96.2674072147473,"E"
"NLD","TERMTRADE","TOT","RT","A","1989",96.1403649199176,"E"
"NLD","TERMTRADE","TOT","RT","A","1990",96.1647714213339,"E"
"NLD","TERMTRADE","TOT","RT","A","1991",96.4016650147734,"E"
"NLD","TERMTRADE","TOT","RT","A","1992",95.9284947516217,"E"
"NLD","TERMTRADE","TOT","RT","A","1993",95.8268175368118,"E"
"NLD","TERMTRADE","TOT","RT","A","1994",96.116057912981,"E"
"NLD","TERMTRADE","TOT","RT","A","1995",96.5816817614027,
"NLD","TERMTRADE","TOT","RT","A","1996",96.5131775511887,
"NLD","TERMTRADE","TOT","RT","A","1997",97.638675967171,
"NLD","TERMTRADE","TOT","RT","A","1998",98.7125707229403,
"NLD","TERMTRADE","TOT","RT","A","1999",98.3315084275027,
"NLD","TERMTRADE","TOT","RT","A","2000",98.2054869265156,
"NLD","TERMTRADE","TOT","RT","A","2001",99.4134007840394,
"NLD","TERMTRADE","TOT","RT","A","2002",100.12064300047,
"NLD","TERMTRADE","TOT","RT","A","2003",100.429065394138,
"NLD","TERMTRADE","TOT","RT","A","2004",100.048904396185,
"NLD","TERMTRADE","TOT","RT","A","2005",100.427928569453,
"NLD","TERMTRADE","TOT","RT","A","2006",100.637772391344,
"NLD","TERMTRADE","TOT","RT","A","2007",100.507278216297,
"NLD","TERMTRADE","TOT","RT","A","2008",100.272685245742,
"NLD","TERMTRADE","TOT","RT","A","2009",101.096579812525,
"NLD","TERMTRADE","TOT","RT","A","2010",100,
"NLD","TERMTRADE","TOT","RT","A","2011",98.4740473894645,
"NLD","TERMTRADE","TOT","RT","A","2012",98.1894626091546,
"NLD","TERMTRADE","TOT","RT","A","2013",98.557530624539,
"NLD","TERMTRADE","TOT","RT","A","2014",98.4292132906202,
"NLD","TERMTRADE","TOT","RT","A","2015",99.6497047221613,
"NLD","TERMTRADE","TOT","RT","A","2016",100.246778448695,"E"
"NZL","TERMTRADE","TOT","RT","A","1970",76.7866833397015,"E"
"NZL","TERMTRADE","TOT","RT","A","1971",82.6263520977587,"E"
"NZL","TERMTRADE","TOT","RT","A","1972",97.5146705289997,"E"
"NZL","TERMTRADE","TOT","RT","A","1973",106.286132227761,"E"
"NZL","TERMTRADE","TOT","RT","A","1974",77.021680154844,"E"
"NZL","TERMTRADE","TOT","RT","A","1975",65.7802627902218,"E"
"NZL","TERMTRADE","TOT","RT","A","1976",69.1373584580663,"E"
"NZL","TERMTRADE","TOT","RT","A","1977",72.3252569232693,"E"
"NZL","TERMTRADE","TOT","RT","A","1978",78.3754129764381,"E"
"NZL","TERMTRADE","TOT","RT","A","1979",77.8976938692388,"E"
"NZL","TERMTRADE","TOT","RT","A","1980",71.4209119798537,"E"
"NZL","TERMTRADE","TOT","RT","A","1981",72.5329428660526,"E"
"NZL","TERMTRADE","TOT","RT","A","1982",72.534340649447,"E"
"NZL","TERMTRADE","TOT","RT","A","1983",72.1130098495936,"E"
"NZL","TERMTRADE","TOT","RT","A","1984",70.8406770875162,"E"
"NZL","TERMTRADE","TOT","RT","A","1985",71.2870377296525,"E"
"NZL","TERMTRADE","TOT","RT","A","1986",76.0441848457249,"E"
"NZL","TERMTRADE","TOT","RT","A","1987",82.6289457073211,
"NZL","TERMTRADE","TOT","RT","A","1988",87.4021382306254,
"NZL","TERMTRADE","TOT","RT","A","1989",90.0241525282804,
"NZL","TERMTRADE","TOT","RT","A","1990",83.9992361284683,
"NZL","TERMTRADE","TOT","RT","A","1991",81.8636748928545,
"NZL","TERMTRADE","TOT","RT","A","1992",81.7064031162405,
"NZL","TERMTRADE","TOT","RT","A","1993",83.3852933610638,
"NZL","TERMTRADE","TOT","RT","A","1994",84.9272118775828,
"NZL","TERMTRADE","TOT","RT","A","1995",84.6342064590401,
"NZL","TERMTRADE","TOT","RT","A","1996",85.5160970660684,
"NZL","TERMTRADE","TOT","RT","A","1997",84.9916176716471,
"NZL","TERMTRADE","TOT","RT","A","1998",82.3060840150929,
"NZL","TERMTRADE","TOT","RT","A","1999",82.3892575321532,
"NZL","TERMTRADE","TOT","RT","A","2000",82.4458149662246,
"NZL","TERMTRADE","TOT","RT","A","2001",85.0203266290333,
"NZL","TERMTRADE","TOT","RT","A","2002",83.9423229157974,
"NZL","TERMTRADE","TOT","RT","A","2003",89.2330985029965,
"NZL","TERMTRADE","TOT","RT","A","2004",93.1640112349319,
"NZL","TERMTRADE","TOT","RT","A","2005",92.456524626049,
"NZL","TERMTRADE","TOT","RT","A","2006",91.1584622575086,
"NZL","TERMTRADE","TOT","RT","A","2007",98.9996275363848,
"NZL","TERMTRADE","TOT","RT","A","2008",97.0611258754046,
"NZL","TERMTRADE","TOT","RT","A","2009",92.720678237161,
"NZL","TERMTRADE","TOT","RT","A","2010",100,
"NZL","TERMTRADE","TOT","RT","A","2011",101.461904992465,
"NZL","TERMTRADE","TOT","RT","A","2012",97.0318977703781,
"NZL","TERMTRADE","TOT","RT","A","2013",108.300640003035,
"NZL","TERMTRADE","TOT","RT","A","2014",108.245802519848,"E"
"NZL","TERMTRADE","TOT","RT","A","2015",104.764630740429,"E"
"NOR","TERMTRADE","TOT","RT","A","1970",87.3979436278589,
"NOR","TERMTRADE","TOT","RT","A","1971",87.0871277919945,
"NOR","TERMTRADE","TOT","RT","A","1972",83.4039962082294,
"NOR","TERMTRADE","TOT","RT","A","1973",86.3402986892866,
"NOR","TERMTRADE","TOT","RT","A","1974",84.6238002628587,
"NOR","TERMTRADE","TOT","RT","A","1975",78.1454810794297,
"NOR","TERMTRADE","TOT","RT","A","1976",74.0662461462767,
"NOR","TERMTRADE","TOT","RT","A","1977",71.8396644460699,
"NOR","TERMTRADE","TOT","RT","A","1978",70.3073439184811,
"NOR","TERMTRADE","TOT","RT","A","1979",72.928667002441,
"NOR","TERMTRADE","TOT","RT","A","1980",78.3716537376917,
"NOR","TERMTRADE","TOT","RT","A","1981",80.7776406854714,
"NOR","TERMTRADE","TOT","RT","A","1982",80.4749539578166,
"NOR","TERMTRADE","TOT","RT","A","1983",78.791255388872,
"NOR","TERMTRADE","TOT","RT","A","1984",79.0344537871894,
"NOR","TERMTRADE","TOT","RT","A","1985",76.8475899712787,
"NOR","TERMTRADE","TOT","RT","A","1986",63.1547060288014,
"NOR","TERMTRADE","TOT","RT","A","1987",60.1731789555052,
"NOR","TERMTRADE","TOT","RT","A","1988",58.0654476306614,
"NOR","TERMTRADE","TOT","RT","A","1989",60.0275913860835,
"NOR","TERMTRADE","TOT","RT","A","1990",61.0841152774983,
"NOR","TERMTRADE","TOT","RT","A","1991",60.6302159236384,
"NOR","TERMTRADE","TOT","RT","A","1992",57.4465290062168,
"NOR","TERMTRADE","TOT","RT","A","1993",57.7307764282093,
"NOR","TERMTRADE","TOT","RT","A","1994",55.7073063143883,
"NOR","TERMTRADE","TOT","RT","A","1995",56.3625988096641,
"NOR","TERMTRADE","TOT","RT","A","1996",59.7955432739334,
"NOR","TERMTRADE","TOT","RT","A","1997",60.7780239781279,
"NOR","TERMTRADE","TOT","RT","A","1998",55.3143697441664,
"NOR","TERMTRADE","TOT","RT","A","1999",61.9243879308698,
"NOR","TERMTRADE","TOT","RT","A","2000",78.7648204916506,
"NOR","TERMTRADE","TOT","RT","A","2001",77.1110012982717,
"NOR","TERMTRADE","TOT","RT","A","2002",72.8997245760153,
"NOR","TERMTRADE","TOT","RT","A","2003",73.3691641597326,
"NOR","TERMTRADE","TOT","RT","A","2004",79.1544513859283,
"NOR","TERMTRADE","TOT","RT","A","2005",91.4794034779157,
"NOR","TERMTRADE","TOT","RT","A","2006",102.350360617485,
"NOR","TERMTRADE","TOT","RT","A","2007",99.9053261947765,
"NOR","TERMTRADE","TOT","RT","A","2008",112.63499835874,
"NOR","TERMTRADE","TOT","RT","A","2009",93.740542560093,
"NOR","TERMTRADE","TOT","RT","A","2010",100,
"NOR","TERMTRADE","TOT","RT","A","2011",109.121590112485,
"NOR","TERMTRADE","TOT","RT","A","2012",112.192881650093,
"NOR","TERMTRADE","TOT","RT","A","2013",112.194877930023,
"NOR","TERMTRADE","TOT","RT","A","2014",105.172696861065,
"NOR","TERMTRADE","TOT","RT","A","2015",92.9062088967144,
"NOR","TERMTRADE","TOT","RT","A","2016",83.5312862899679,
"POL","TERMTRADE","TOT","RT","A","1990",95.6331423137825,"E"
"POL","TERMTRADE","TOT","RT","A","1991",87.5769846477495,"E"
"POL","TERMTRADE","TOT","RT","A","1992",93.0167934912545,"E"
"POL","TERMTRADE","TOT","RT","A","1993",99.6585382088734,"E"
"POL","TERMTRADE","TOT","RT","A","1994",103.356560932338,"E"
"POL","TERMTRADE","TOT","RT","A","1995",104.72386716229,
"POL","TERMTRADE","TOT","RT","A","1996",102.061692098469,
"POL","TERMTRADE","TOT","RT","A","1997",100.576068313045,
"POL","TERMTRADE","TOT","RT","A","1998",102.606955344799,
"POL","TERMTRADE","TOT","RT","A","1999",101.363959618957,
"POL","TERMTRADE","TOT","RT","A","2000",95.2120318988302,
"POL","TERMTRADE","TOT","RT","A","2001",95.2280157049272,
"POL","TERMTRADE","TOT","RT","A","2002",94.5576793581167,
"POL","TERMTRADE","TOT","RT","A","2003",94.1197098126395,
"POL","TERMTRADE","TOT","RT","A","2004",97.118437310535,
"POL","TERMTRADE","TOT","RT","A","2005",98.2925778995951,
"POL","TERMTRADE","TOT","RT","A","2006",98.1814966977071,
"POL","TERMTRADE","TOT","RT","A","2007",99.7979015965297,
"POL","TERMTRADE","TOT","RT","A","2008",98.3537034965349,
"POL","TERMTRADE","TOT","RT","A","2009",101.481947830521,
"POL","TERMTRADE","TOT","RT","A","2010",100,
"POL","TERMTRADE","TOT","RT","A","2011",98.4645807920278,
"POL","TERMTRADE","TOT","RT","A","2012",97.2417797641456,
"POL","TERMTRADE","TOT","RT","A","2013",98.2628775790567,
"POL","TERMTRADE","TOT","RT","A","2014",100.105523609626,
"POL","TERMTRADE","TOT","RT","A","2015",102.498958766475,
"POL","TERMTRADE","TOT","RT","A","2016",103.720912917194,
"PRT","TERMTRADE","TOT","RT","A","1970",87.953567209702,"E"
"PRT","TERMTRADE","TOT","RT","A","1971",90.7802703585214,"E"
"PRT","TERMTRADE","TOT","RT","A","1972",93.6438124476818,"E"
"PRT","TERMTRADE","TOT","RT","A","1973",94.0754969218793,"E"
"PRT","TERMTRADE","TOT","RT","A","1974",93.9736662919593,"E"
"PRT","TERMTRADE","TOT","RT","A","1975",81.368936953008,"E"
"PRT","TERMTRADE","TOT","RT","A","1976",76.3726311757975,"E"
"PRT","TERMTRADE","TOT","RT","A","1977",78.6905943451073,"E"
"PRT","TERMTRADE","TOT","RT","A","1978",81.1548163898019,"E"
"PRT","TERMTRADE","TOT","RT","A","1979",79.3674000089968,"E"
"PRT","TERMTRADE","TOT","RT","A","1980",75.7160322559764,"E"
"PRT","TERMTRADE","TOT","RT","A","1981",71.4593166443885,"E"
"PRT","TERMTRADE","TOT","RT","A","1982",72.4871272503284,"E"
"PRT","TERMTRADE","TOT","RT","A","1983",72.5377710398107,"E"
"PRT","TERMTRADE","TOT","RT","A","1984",72.0016031311302,"E"
"PRT","TERMTRADE","TOT","RT","A","1985",74.8893545250334,"E"
"PRT","TERMTRADE","TOT","RT","A","1986",83.938839050516,"E"
"PRT","TERMTRADE","TOT","RT","A","1987",84.9186218259967,"E"
"PRT","TERMTRADE","TOT","RT","A","1988",84.8671564699389,"E"
"PRT","TERMTRADE","TOT","RT","A","1989",85.7839998772184,"E"
"PRT","TERMTRADE","TOT","RT","A","1990",87.6210924961023,"E"
"PRT","TERMTRADE","TOT","RT","A","1991",89.7070372195542,"E"
"PRT","TERMTRADE","TOT","RT","A","1992",94.1106692772193,"E"
"PRT","TERMTRADE","TOT","RT","A","1993",94.5660403760922,"E"
"PRT","TERMTRADE","TOT","RT","A","1994",96.4821079049632,"E"
"PRT","TERMTRADE","TOT","RT","A","1995",98.0554640579029,
"PRT","TERMTRADE","TOT","RT","A","1996",95.7454513882948,
"PRT","TERMTRADE","TOT","RT","A","1997",96.458421587106,
"PRT","TERMTRADE","TOT","RT","A","1998",99.2829180119612,
"PRT","TERMTRADE","TOT","RT","A","1999",100.379016860171,
"PRT","TERMTRADE","TOT","RT","A","2000",97.6357374610515,
"PRT","TERMTRADE","TOT","RT","A","2001",97.8728718177479,
"PRT","TERMTRADE","TOT","RT","A","2002",99.5142886709764,
"PRT","TERMTRADE","TOT","RT","A","2003",99.5495949298877,
"PRT","TERMTRADE","TOT","RT","A","2004",99.1163497444159,
"PRT","TERMTRADE","TOT","RT","A","2005",97.941534494115,
"PRT","TERMTRADE","TOT","RT","A","2006",98.4764912772692,
"PRT","TERMTRADE","TOT","RT","A","2007",98.9969786246132,
"PRT","TERMTRADE","TOT","RT","A","2008",96.6809062891941,
"PRT","TERMTRADE","TOT","RT","A","2009",101.35726222569,
"PRT","TERMTRADE","TOT","RT","A","2010",100,
"PRT","TERMTRADE","TOT","RT","A","2011",98.0142790079428,
"PRT","TERMTRADE","TOT","RT","A","2012",98.5506651665819,
"PRT","TERMTRADE","TOT","RT","A","2013",100.26089464352,
"PRT","TERMTRADE","TOT","RT","A","2014",101.416322259695,
"PRT","TERMTRADE","TOT","RT","A","2015",104.810514283332,"E"
"PRT","TERMTRADE","TOT","RT","A","2016",106.048010121819,"E"
"SVK","TERMTRADE","TOT","RT","A","1992",116.120544293523,"E"
"SVK","TERMTRADE","TOT","RT","A","1993",112.181070702452,"E"
"SVK","TERMTRADE","TOT","RT","A","1994",110.616957004682,"E"
"SVK","TERMTRADE","TOT","RT","A","1995",111.809045918143,
"SVK","TERMTRADE","TOT","RT","A","1996",106.585949471339,
"SVK","TERMTRADE","TOT","RT","A","1997",109.720014579796,
"SVK","TERMTRADE","TOT","RT","A","1998",106.292110361662,
"SVK","TERMTRADE","TOT","RT","A","1999",104.559628520752,
"SVK","TERMTRADE","TOT","RT","A","2000",108.172937852549,
"SVK","TERMTRADE","TOT","RT","A","2001",106.965726446561,
"SVK","TERMTRADE","TOT","RT","A","2002",106.915374722976,
"SVK","TERMTRADE","TOT","RT","A","2003",106.524502623739,
"SVK","TERMTRADE","TOT","RT","A","2004",106.212739947087,
"SVK","TERMTRADE","TOT","RT","A","2005",106.070321817876,
"SVK","TERMTRADE","TOT","RT","A","2006",104.585754488368,
"SVK","TERMTRADE","TOT","RT","A","2007",103.391764395343,
"SVK","TERMTRADE","TOT","RT","A","2008",101.742184236858,
"SVK","TERMTRADE","TOT","RT","A","2009",100.598255869362,
"SVK","TERMTRADE","TOT","RT","A","2010",100,
"SVK","TERMTRADE","TOT","RT","A","2011",98.6905131551657,
"SVK","TERMTRADE","TOT","RT","A","2012",97.4841718856222,
"SVK","TERMTRADE","TOT","RT","A","2013",97.0267342336816,
"SVK","TERMTRADE","TOT","RT","A","2014",97.0460579986602,
"SVK","TERMTRADE","TOT","RT","A","2015",96.7639850071343,
"SVK","TERMTRADE","TOT","RT","A","2016",96.4405670414247,
"ESP","TERMTRADE","TOT","RT","A","1970",77.7681196123443,"E"
"ESP","TERMTRADE","TOT","RT","A","1971",78.190828889125,"E"
"ESP","TERMTRADE","TOT","RT","A","1972",81.7541201543992,"E"
"ESP","TERMTRADE","TOT","RT","A","1973",81.0873518868406,"E"
"ESP","TERMTRADE","TOT","RT","A","1974",69.9308688282343,"E"
"ESP","TERMTRADE","TOT","RT","A","1975",72.3501258251082,"E"
"ESP","TERMTRADE","TOT","RT","A","1976",73.3130499348387,"E"
"ESP","TERMTRADE","TOT","RT","A","1977",71.7208980081532,"E"
"ESP","TERMTRADE","TOT","RT","A","1978",77.2031935538403,"E"
"ESP","TERMTRADE","TOT","RT","A","1979",78.7866064816599,"E"
"ESP","TERMTRADE","TOT","RT","A","1980",67.8414190197127,"E"
"ESP","TERMTRADE","TOT","RT","A","1981",60.5465081839954,"E"
"ESP","TERMTRADE","TOT","RT","A","1982",61.2863805686525,"E"
"ESP","TERMTRADE","TOT","RT","A","1983",58.6427021779692,"E"
"ESP","TERMTRADE","TOT","RT","A","1984",58.9709918921523,"E"
"ESP","TERMTRADE","TOT","RT","A","1985",62.4354388302904,"E"
"ESP","TERMTRADE","TOT","RT","A","1986",74.2477103969314,"E"
"ESP","TERMTRADE","TOT","RT","A","1987",79.072941800114,"E"
"ESP","TERMTRADE","TOT","RT","A","1988",82.681899978678,"E"
"ESP","TERMTRADE","TOT","RT","A","1989",85.9982969372221,"E"
"ESP","TERMTRADE","TOT","RT","A","1990",89.1295598947441,"E"
"ESP","TERMTRADE","TOT","RT","A","1991",91.8392223108232,"E"
"ESP","TERMTRADE","TOT","RT","A","1992",93.379491664703,"E"
"ESP","TERMTRADE","TOT","RT","A","1993",92.345098574303,"E"
"ESP","TERMTRADE","TOT","RT","A","1994",91.2487775023879,"E"
"ESP","TERMTRADE","TOT","RT","A","1995",92.5496887764407,
"ESP","TERMTRADE","TOT","RT","A","1996",94.0272660019719,
"ESP","TERMTRADE","TOT","RT","A","1997",93.7906644044228,
"ESP","TERMTRADE","TOT","RT","A","1998",96.4003140081632,
"ESP","TERMTRADE","TOT","RT","A","1999",96.481211049485,
"ESP","TERMTRADE","TOT","RT","A","2000",92.8970742024209,
"ESP","TERMTRADE","TOT","RT","A","2001",94.5151070842336,
"ESP","TERMTRADE","TOT","RT","A","2002",97.2655118635107,
"ESP","TERMTRADE","TOT","RT","A","2003",98.6499372709366,
"ESP","TERMTRADE","TOT","RT","A","2004",98.2018946175145,
"ESP","TERMTRADE","TOT","RT","A","2005",99.0159323015483,
"ESP","TERMTRADE","TOT","RT","A","2006",99.1646015705609,
"ESP","TERMTRADE","TOT","RT","A","2007",99.8336977989628,
"ESP","TERMTRADE","TOT","RT","A","2008",97.4482489155707,
"ESP","TERMTRADE","TOT","RT","A","2009",102.378001991716,
"ESP","TERMTRADE","TOT","RT","A","2010",100,
"ESP","TERMTRADE","TOT","RT","A","2011",96.2600092009744,
"ESP","TERMTRADE","TOT","RT","A","2012",94.4736367463384,
"ESP","TERMTRADE","TOT","RT","A","2013",95.4645024311004,
"ESP","TERMTRADE","TOT","RT","A","2014",94.6548476528176,"E"
"ESP","TERMTRADE","TOT","RT","A","2015",95.3361954013695,"E"
"ESP","TERMTRADE","TOT","RT","A","2016",95.7751932432253,"E"
"SWE","TERMTRADE","TOT","RT","A","1970",133.879676193059,"E"
"SWE","TERMTRADE","TOT","RT","A","1971",132.733612083398,"E"
"SWE","TERMTRADE","TOT","RT","A","1972",132.495703849477,"E"
"SWE","TERMTRADE","TOT","RT","A","1973",129.9227517597,"E"
"SWE","TERMTRADE","TOT","RT","A","1974",119.143753679679,"E"
"SWE","TERMTRADE","TOT","RT","A","1975",128.87517721254,"E"
"SWE","TERMTRADE","TOT","RT","A","1976",127.834576569404,"E"
"SWE","TERMTRADE","TOT","RT","A","1977",121.275762546523,"E"
"SWE","TERMTRADE","TOT","RT","A","1978",117.072370471531,"E"
"SWE","TERMTRADE","TOT","RT","A","1979",114.831364733293,"E"
"SWE","TERMTRADE","TOT","RT","A","1980",112.617188703887,"E"
"SWE","TERMTRADE","TOT","RT","A","1981",109.836005010402,"E"
"SWE","TERMTRADE","TOT","RT","A","1982",106.457066311922,"E"
"SWE","TERMTRADE","TOT","RT","A","1983",105.161067710319,"E"
"SWE","TERMTRADE","TOT","RT","A","1984",108.32425416982,"E"
"SWE","TERMTRADE","TOT","RT","A","1985",108.965993052147,"E"
"SWE","TERMTRADE","TOT","RT","A","1986",115.137823142088,"E"
"SWE","TERMTRADE","TOT","RT","A","1987",113.826999265969,"E"
"SWE","TERMTRADE","TOT","RT","A","1988",114.829637292574,"E"
"SWE","TERMTRADE","TOT","RT","A","1989",115.210141468204,"E"
"SWE","TERMTRADE","TOT","RT","A","1990",113.563830590249,"E"
"SWE","TERMTRADE","TOT","RT","A","1991",114.855614402103,"E"
"SWE","TERMTRADE","TOT","RT","A","1992",114.323858711916,"E"
"SWE","TERMTRADE","TOT","RT","A","1993",108.274902297358,
"SWE","TERMTRADE","TOT","RT","A","1994",108.863836674814,
"SWE","TERMTRADE","TOT","RT","A","1995",111.310295340152,
"SWE","TERMTRADE","TOT","RT","A","1996",110.561709033645,
"SWE","TERMTRADE","TOT","RT","A","1997",109.935206541003,
"SWE","TERMTRADE","TOT","RT","A","1998",109.717386621223,
"SWE","TERMTRADE","TOT","RT","A","1999",106.812446855893,
"SWE","TERMTRADE","TOT","RT","A","2000",105.043546970052,
"SWE","TERMTRADE","TOT","RT","A","2001",103.642589697651,
"SWE","TERMTRADE","TOT","RT","A","2002",101.919521717709,
"SWE","TERMTRADE","TOT","RT","A","2003",102.025009712589,
"SWE","TERMTRADE","TOT","RT","A","2004",100.743875370548,
"SWE","TERMTRADE","TOT","RT","A","2005",98.8625271244951,
"SWE","TERMTRADE","TOT","RT","A","2006",98.6001100367274,
"SWE","TERMTRADE","TOT","RT","A","2007",100.040658614925,
"SWE","TERMTRADE","TOT","RT","A","2008",99.6277751424096,
"SWE","TERMTRADE","TOT","RT","A","2009",100.539182481844,
"SWE","TERMTRADE","TOT","RT","A","2010",100,
"SWE","TERMTRADE","TOT","RT","A","2011",99.1890140845679,
"SWE","TERMTRADE","TOT","RT","A","2012",99.3263003634681,
"SWE","TERMTRADE","TOT","RT","A","2013",99.5869051232345,
"SWE","TERMTRADE","TOT","RT","A","2014",99.7678156806493,
"SWE","TERMTRADE","TOT","RT","A","2015",100.559453070256,
"SWE","TERMTRADE","TOT","RT","A","2016",100.843398580749,
"CHE","TERMTRADE","TOT","RT","A","1970",82.1430725031785,"E"
"CHE","TERMTRADE","TOT","RT","A","1971",84.1822095048564,"E"
"CHE","TERMTRADE","TOT","RT","A","1972",86.569751242776,"E"
"CHE","TERMTRADE","TOT","RT","A","1973",84.9366782982252,"E"
"CHE","TERMTRADE","TOT","RT","A","1974",81.3647349997491,"E"
"CHE","TERMTRADE","TOT","RT","A","1975",85.9316499482473,"E"
"CHE","TERMTRADE","TOT","RT","A","1976",89.6166779708895,"E"
"CHE","TERMTRADE","TOT","RT","A","1977",86.5518677924108,"E"
"CHE","TERMTRADE","TOT","RT","A","1978",92.4842735051282,"E"
"CHE","TERMTRADE","TOT","RT","A","1979",88.4533748043536,"E"
"CHE","TERMTRADE","TOT","RT","A","1980",83.5351247149588,
"CHE","TERMTRADE","TOT","RT","A","1981",82.605441108283,
"CHE","TERMTRADE","TOT","RT","A","1982",86.2183427209814,
"CHE","TERMTRADE","TOT","RT","A","1983",86.4040679475483,
"CHE","TERMTRADE","TOT","RT","A","1984",86.0872699678162,
"CHE","TERMTRADE","TOT","RT","A","1985",84.0414573798837,
"CHE","TERMTRADE","TOT","RT","A","1986",89.0301411727473,
"CHE","TERMTRADE","TOT","RT","A","1987",91.1515308194275,
"CHE","TERMTRADE","TOT","RT","A","1988",89.7527115333603,
"CHE","TERMTRADE","TOT","RT","A","1989",90.7590935916449,
"CHE","TERMTRADE","TOT","RT","A","1990",92.2191710948707,
"CHE","TERMTRADE","TOT","RT","A","1991",93.633918022295,
"CHE","TERMTRADE","TOT","RT","A","1992",93.8994854461167,
"CHE","TERMTRADE","TOT","RT","A","1993",96.6160305593932,
"CHE","TERMTRADE","TOT","RT","A","1994",99.9260325028831,
"CHE","TERMTRADE","TOT","RT","A","1995",102.306349640348,
"CHE","TERMTRADE","TOT","RT","A","1996",101.68013050206,
"CHE","TERMTRADE","TOT","RT","A","1997",99.6850453687164,
"CHE","TERMTRADE","TOT","RT","A","1998",100.632739499378,
"CHE","TERMTRADE","TOT","RT","A","1999",101.095895499249,
"CHE","TERMTRADE","TOT","RT","A","2000",99.1486140827678,
"CHE","TERMTRADE","TOT","RT","A","2001",99.3140406609508,
"CHE","TERMTRADE","TOT","RT","A","2002",102.100810264541,
"CHE","TERMTRADE","TOT","RT","A","2003",103.720181062581,
"CHE","TERMTRADE","TOT","RT","A","2004",102.567208802127,
"CHE","TERMTRADE","TOT","RT","A","2005",100.945177373816,
"CHE","TERMTRADE","TOT","RT","A","2006",99.7270575453141,
"CHE","TERMTRADE","TOT","RT","A","2007",98.7386260902572,
"CHE","TERMTRADE","TOT","RT","A","2008",97.8134262023571,
"CHE","TERMTRADE","TOT","RT","A","2009",100.126727050836,
"CHE","TERMTRADE","TOT","RT","A","2010",100,
"CHE","TERMTRADE","TOT","RT","A","2011",99.5227459819693,
"CHE","TERMTRADE","TOT","RT","A","2012",98.9201690724557,
"CHE","TERMTRADE","TOT","RT","A","2013",98.8480877694151,
"CHE","TERMTRADE","TOT","RT","A","2014",98.8035169884289,
"CHE","TERMTRADE","TOT","RT","A","2015",101.412847414828,
"CHE","TERMTRADE","TOT","RT","A","2016",99.2878475621161,
"TUR","TERMTRADE","TOT","RT","A","1970",118.492899916413,"E"
"TUR","TERMTRADE","TOT","RT","A","1971",97.5574075947717,"E"
"TUR","TERMTRADE","TOT","RT","A","1972",101.939736068357,"E"
"TUR","TERMTRADE","TOT","RT","A","1973",116.915303368641,"E"
"TUR","TERMTRADE","TOT","RT","A","1974",94.903222209389,"E"
"TUR","TERMTRADE","TOT","RT","A","1975",86.2637321514009,"E"
"TUR","TERMTRADE","TOT","RT","A","1976",88.9180183161395,"E"
"TUR","TERMTRADE","TOT","RT","A","1977",93.9961529945679,"E"
"TUR","TERMTRADE","TOT","RT","A","1978",82.208167493358,"E"
"TUR","TERMTRADE","TOT","RT","A","1979",75.9645893577254,"E"
"TUR","TERMTRADE","TOT","RT","A","1980",113.403336426238,"E"
"TUR","TERMTRADE","TOT","RT","A","1981",113.347627991031,"E"
"TUR","TERMTRADE","TOT","RT","A","1982",113.290889367043,"E"
"TUR","TERMTRADE","TOT","RT","A","1983",113.354643633535,"E"
"TUR","TERMTRADE","TOT","RT","A","1984",113.310270593216,"E"
"TUR","TERMTRADE","TOT","RT","A","1985",113.301828504631,"E"
"TUR","TERMTRADE","TOT","RT","A","1986",113.29648299662,"E"
"TUR","TERMTRADE","TOT","RT","A","1987",111.319478717036,"E"
"TUR","TERMTRADE","TOT","RT","A","1988",108.721259929353,"E"
"TUR","TERMTRADE","TOT","RT","A","1989",99.9099695683876,"E"
"TUR","TERMTRADE","TOT","RT","A","1990",107.545724827529,"E"
"TUR","TERMTRADE","TOT","RT","A","1991",108.122885640133,"E"
"TUR","TERMTRADE","TOT","RT","A","1992",107.740649336896,"E"
"TUR","TERMTRADE","TOT","RT","A","1993",115.741179761373,"E"
"TUR","TERMTRADE","TOT","RT","A","1994",116.385109059519,"E"
"TUR","TERMTRADE","TOT","RT","A","1995",108.863238191755,"E"
"TUR","TERMTRADE","TOT","RT","A","1996",101.959179154255,"E"
"TUR","TERMTRADE","TOT","RT","A","1997",109.497569485221,"E"
"TUR","TERMTRADE","TOT","RT","A","1998",107.900399047006,
"TUR","TERMTRADE","TOT","RT","A","1999",110.695415813329,
"TUR","TERMTRADE","TOT","RT","A","2000",100.540543369458,
"TUR","TERMTRADE","TOT","RT","A","2001",98.5514488849071,
"TUR","TERMTRADE","TOT","RT","A","2002",101.079513901854,
"TUR","TERMTRADE","TOT","RT","A","2003",104.43654615316,
"TUR","TERMTRADE","TOT","RT","A","2004",106.80190715114,
"TUR","TERMTRADE","TOT","RT","A","2005",106.319863523804,
"TUR","TERMTRADE","TOT","RT","A","2006",101.632928694035,
"TUR","TERMTRADE","TOT","RT","A","2007",103.406455409143,
"TUR","TERMTRADE","TOT","RT","A","2008",100.279706826461,
"TUR","TERMTRADE","TOT","RT","A","2009",102.331659621339,
"TUR","TERMTRADE","TOT","RT","A","2010",100,
"TUR","TERMTRADE","TOT","RT","A","2011",92.7359091871856,
"TUR","TERMTRADE","TOT","RT","A","2012",91.9198363900858,
"TUR","TERMTRADE","TOT","RT","A","2013",94.1060976961358,
"TUR","TERMTRADE","TOT","RT","A","2014",93.9409872745419,
"TUR","TERMTRADE","TOT","RT","A","2015",95.9005716943602,
"GBR","TERMTRADE","TOT","RT","A","1970",97.3869347498894,"E"
"GBR","TERMTRADE","TOT","RT","A","1971",98.4025187905665,"E"
"GBR","TERMTRADE","TOT","RT","A","1972",99.8892554901702,"E"
"GBR","TERMTRADE","TOT","RT","A","1973",90.0696385486252,"E"
"GBR","TERMTRADE","TOT","RT","A","1974",79.2813735635353,"E"
"GBR","TERMTRADE","TOT","RT","A","1975",84.4141711740477,"E"
"GBR","TERMTRADE","TOT","RT","A","1976",83.4804308176228,"E"
"GBR","TERMTRADE","TOT","RT","A","1977",84.8087239107343,"E"
"GBR","TERMTRADE","TOT","RT","A","1978",88.4921992337067,"E"
"GBR","TERMTRADE","TOT","RT","A","1979",90.3173759840613,"E"
"GBR","TERMTRADE","TOT","RT","A","1980",93.9429898408454,"E"
"GBR","TERMTRADE","TOT","RT","A","1981",94.5776984005591,"E"
"GBR","TERMTRADE","TOT","RT","A","1982",94.4952753130601,"E"
"GBR","TERMTRADE","TOT","RT","A","1983",94.9304717396282,"E"
"GBR","TERMTRADE","TOT","RT","A","1984",93.8655170460194,"E"
"GBR","TERMTRADE","TOT","RT","A","1985",94.8710968652221,"E"
"GBR","TERMTRADE","TOT","RT","A","1986",91.268154787414,"E"
"GBR","TERMTRADE","TOT","RT","A","1987",91.7420573810211,"E"
"GBR","TERMTRADE","TOT","RT","A","1988",92.9474496455794,"E"
"GBR","TERMTRADE","TOT","RT","A","1989",94.351884480841,"E"
"GBR","TERMTRADE","TOT","RT","A","1990",97.0220791326976,"E"
"GBR","TERMTRADE","TOT","RT","A","1991",98.3954957561368,"E"
"GBR","TERMTRADE","TOT","RT","A","1992",99.0853266764508,"E"
"GBR","TERMTRADE","TOT","RT","A","1993",99.5416589622361,"E"
"GBR","TERMTRADE","TOT","RT","A","1994",97.8790762521203,"E"
"GBR","TERMTRADE","TOT","RT","A","1995",95.5072713077784,
"GBR","TERMTRADE","TOT","RT","A","1996",96.9833309069869,
"GBR","TERMTRADE","TOT","RT","A","1997",98.2487152949807,
"GBR","TERMTRADE","TOT","RT","A","1998",98.8963029767961,
"GBR","TERMTRADE","TOT","RT","A","1999",100.065765168586,
"GBR","TERMTRADE","TOT","RT","A","2000",99.2259268311801,
"GBR","TERMTRADE","TOT","RT","A","2001",100.143804501307,
"GBR","TERMTRADE","TOT","RT","A","2002",100.962845657662,
"GBR","TERMTRADE","TOT","RT","A","2003",102.237553004517,
"GBR","TERMTRADE","TOT","RT","A","2004",102.656544057209,
"GBR","TERMTRADE","TOT","RT","A","2005",102.020964237953,
"GBR","TERMTRADE","TOT","RT","A","2006",101.147678314626,
"GBR","TERMTRADE","TOT","RT","A","2007",100.352454037648,
"GBR","TERMTRADE","TOT","RT","A","2008",97.0079664908906,
"GBR","TERMTRADE","TOT","RT","A","2009",98.686769994454,
"GBR","TERMTRADE","TOT","RT","A","2010",100,
"GBR","TERMTRADE","TOT","RT","A","2011",99.0243998584335,
"GBR","TERMTRADE","TOT","RT","A","2012",99.3202189383436,
"GBR","TERMTRADE","TOT","RT","A","2013",101.530735003027,
"GBR","TERMTRADE","TOT","RT","A","2014",103.089327248141,
"GBR","TERMTRADE","TOT","RT","A","2015",103.828300522464,
"GBR","TERMTRADE","TOT","RT","A","2016",103.867760500557,
"USA","TERMTRADE","TOT","RT","A","1970",147.314370794905,
"USA","TERMTRADE","TOT","RT","A","1971",143.847006738279,
"USA","TERMTRADE","TOT","RT","A","1972",140.335905063504,
"USA","TERMTRADE","TOT","RT","A","1973",135.275784431269,
"USA","TERMTRADE","TOT","RT","A","1974",116.49299390935,
"USA","TERMTRADE","TOT","RT","A","1975",118.527249752925,
"USA","TERMTRADE","TOT","RT","A","1976",118.838863672785,
"USA","TERMTRADE","TOT","RT","A","1977",113.664659885169,
"USA","TERMTRADE","TOT","RT","A","1978",112.63625452397,
"USA","TERMTRADE","TOT","RT","A","1979",107.765263700965,
"USA","TERMTRADE","TOT","RT","A","1980",95.2935575060516,
"USA","TERMTRADE","TOT","RT","A","1981",97.1266048018562,
"USA","TERMTRADE","TOT","RT","A","1982",100.977140926891,
"USA","TERMTRADE","TOT","RT","A","1983",105.324205863311,
"USA","TERMTRADE","TOT","RT","A","1984",107.231561268063,
"USA","TERMTRADE","TOT","RT","A","1985",107.579743833731,
"USA","TERMTRADE","TOT","RT","A","1986",105.761682983303,
"USA","TERMTRADE","TOT","RT","A","1987",101.959762832248,
"USA","TERMTRADE","TOT","RT","A","1988",102.288206795478,
"USA","TERMTRADE","TOT","RT","A","1989",101.76183854312,
"USA","TERMTRADE","TOT","RT","A","1990",99.4836814843376,
"USA","TERMTRADE","TOT","RT","A","1991",101.437321501582,
"USA","TERMTRADE","TOT","RT","A","1992",100.860831872702,
"USA","TERMTRADE","TOT","RT","A","1993",101.795875768362,
"USA","TERMTRADE","TOT","RT","A","1994",102.015767103045,
"USA","TERMTRADE","TOT","RT","A","1995",101.516317073237,
"USA","TERMTRADE","TOT","RT","A","1996",101.939102103005,
"USA","TERMTRADE","TOT","RT","A","1997",103.745730483178,
"USA","TERMTRADE","TOT","RT","A","1998",107.053998166999,
"USA","TERMTRADE","TOT","RT","A","1999",106.843288435841,
"USA","TERMTRADE","TOT","RT","A","2000",104.273552695222,
"USA","TERMTRADE","TOT","RT","A","2001",106.298826299799,
"USA","TERMTRADE","TOT","RT","A","2002",106.912483750657,
"USA","TERMTRADE","TOT","RT","A","2003",105.404984613437,
"USA","TERMTRADE","TOT","RT","A","2004",104.196575768287,
"USA","TERMTRADE","TOT","RT","A","2005",102.463096673878,
"USA","TERMTRADE","TOT","RT","A","2006",101.801851166251,
"USA","TERMTRADE","TOT","RT","A","2007",101.557338592411,
"USA","TERMTRADE","TOT","RT","A","2008",96.2180805397178,
"USA","TERMTRADE","TOT","RT","A","2009",101.473615421965,
"USA","TERMTRADE","TOT","RT","A","2010",100,
"USA","TERMTRADE","TOT","RT","A","2011",98.8184559612198,
"USA","TERMTRADE","TOT","RT","A","2012",99.0837963020788,
"USA","TERMTRADE","TOT","RT","A","2013",100.071618887921,
"USA","TERMTRADE","TOT","RT","A","2014",100.368672080869,
"USA","TERMTRADE","TOT","RT","A","2015",103.461338127597,
"CHL","TERMTRADE","TOT","RT","A","1986",44.5959041148957,"E"
"CHL","TERMTRADE","TOT","RT","A","1987",48.988480652745,"E"
"CHL","TERMTRADE","TOT","RT","A","1988",56.1357841007077,"E"
"CHL","TERMTRADE","TOT","RT","A","1989",55.4388787540476,"E"
"CHL","TERMTRADE","TOT","RT","A","1990",51.9414958688195,"E"
"CHL","TERMTRADE","TOT","RT","A","1991",51.7169091361766,"E"
"CHL","TERMTRADE","TOT","RT","A","1992",50.0708858909326,"E"
"CHL","TERMTRADE","TOT","RT","A","1993",48.4491654718793,"E"
"CHL","TERMTRADE","TOT","RT","A","1994",54.4932489736205,"E"
"CHL","TERMTRADE","TOT","RT","A","1995",62.3239066178858,"E"
"CHL","TERMTRADE","TOT","RT","A","1996",54.2077697224554,
"CHL","TERMTRADE","TOT","RT","A","1997",54.1377466744935,
"CHL","TERMTRADE","TOT","RT","A","1998",52.3554965802825,
"CHL","TERMTRADE","TOT","RT","A","1999",54.1138081653324,
"CHL","TERMTRADE","TOT","RT","A","2000",55.577436098341,
"CHL","TERMTRADE","TOT","RT","A","2001",54.3571981486651,
"CHL","TERMTRADE","TOT","RT","A","2002",55.0055820579983,
"CHL","TERMTRADE","TOT","RT","A","2003",59.1716934523037,
"CHL","TERMTRADE","TOT","RT","A","2004",70.5717632643283,
"CHL","TERMTRADE","TOT","RT","A","2005",78.0882896704276,
"CHL","TERMTRADE","TOT","RT","A","2006",97.2621249894991,
"CHL","TERMTRADE","TOT","RT","A","2007",99.3601851753191,
"CHL","TERMTRADE","TOT","RT","A","2008",81.6026867530156,
"CHL","TERMTRADE","TOT","RT","A","2009",85.3740293666712,
"CHL","TERMTRADE","TOT","RT","A","2010",100,
"CHL","TERMTRADE","TOT","RT","A","2011",99.3563001019771,
"CHL","TERMTRADE","TOT","RT","A","2012",94.9075988050742,
"CHL","TERMTRADE","TOT","RT","A","2013",92.1536966355361,
"CHL","TERMTRADE","TOT","RT","A","2014",89.977367722,
"CHL","TERMTRADE","TOT","RT","A","2015",86.1685009740219,
"CHL","TERMTRADE","TOT","RT","A","2016",87.7914053247676,
"EST","TERMTRADE","TOT","RT","A","1993",75.8901119672816,"E"
"EST","TERMTRADE","TOT","RT","A","1994",76.2540012955855,"E"
"EST","TERMTRADE","TOT","RT","A","1995",78.4978354157666,
"EST","TERMTRADE","TOT","RT","A","1996",78.3420352269092,
"EST","TERMTRADE","TOT","RT","A","1997",82.5086636405816,
"EST","TERMTRADE","TOT","RT","A","1998",83.5660513192316,
"EST","TERMTRADE","TOT","RT","A","1999",83.3648976517767,
"EST","TERMTRADE","TOT","RT","A","2000",85.6153421332827,
"EST","TERMTRADE","TOT","RT","A","2001",89.4569492415124,
"EST","TERMTRADE","TOT","RT","A","2002",93.0339053732178,
"EST","TERMTRADE","TOT","RT","A","2003",94.5851118464079,
"EST","TERMTRADE","TOT","RT","A","2004",95.299877218299,
"EST","TERMTRADE","TOT","RT","A","2005",97.0903469773101,
"EST","TERMTRADE","TOT","RT","A","2006",99.3993142653685,
"EST","TERMTRADE","TOT","RT","A","2007",101.416499361842,
"EST","TERMTRADE","TOT","RT","A","2008",101.594434355764,
"EST","TERMTRADE","TOT","RT","A","2009",101.986862561812,
"EST","TERMTRADE","TOT","RT","A","2010",100,
"EST","TERMTRADE","TOT","RT","A","2011",100.435036645034,
"EST","TERMTRADE","TOT","RT","A","2012",99.9478212849601,
"EST","TERMTRADE","TOT","RT","A","2013",101.366537281171,
"EST","TERMTRADE","TOT","RT","A","2014",102.520344563945,
"EST","TERMTRADE","TOT","RT","A","2015",102.801281121934,
"EST","TERMTRADE","TOT","RT","A","2016",103.740755334423,
"IDN","TERMTRADE","TOT","RT","A","1993",109.141542782104,
"IDN","TERMTRADE","TOT","RT","A","1994",110.883243054116,
"IDN","TERMTRADE","TOT","RT","A","1995",113.360488622934,
"IDN","TERMTRADE","TOT","RT","A","1996",115.58363718434,
"IDN","TERMTRADE","TOT","RT","A","1997",124.698646110121,
"IDN","TERMTRADE","TOT","RT","A","1998",131.473732602289,
"IDN","TERMTRADE","TOT","RT","A","1999",120.823579346931,
"IDN","TERMTRADE","TOT","RT","A","2000",119.180219010711,
"IDN","TERMTRADE","TOT","RT","A","2001",116.358230770908,
"IDN","TERMTRADE","TOT","RT","A","2002",110.090174337824,
"IDN","TERMTRADE","TOT","RT","A","2003",112.298368186729,
"IDN","TERMTRADE","TOT","RT","A","2004",111.247494400177,
"IDN","TERMTRADE","TOT","RT","A","2005",109.380310767274,
"IDN","TERMTRADE","TOT","RT","A","2006",115.48408033493,
"IDN","TERMTRADE","TOT","RT","A","2007",111.052045759646,
"IDN","TERMTRADE","TOT","RT","A","2008",99.7431391644692,
"IDN","TERMTRADE","TOT","RT","A","2009",101.837181557021,
"IDN","TERMTRADE","TOT","RT","A","2010",100,
"IDN","TERMTRADE","TOT","RT","A","2011",101.988628864757,
"IDN","TERMTRADE","TOT","RT","A","2012",96.6636007831223,
"IDN","TERMTRADE","TOT","RT","A","2013",92.9685498729838,
"IDN","TERMTRADE","TOT","RT","A","2014",94.0363098692403,
"IDN","TERMTRADE","TOT","RT","A","2015",94.4428066589471,
"ISR","TERMTRADE","TOT","RT","A","1970",97.1390177541296,"E"
"ISR","TERMTRADE","TOT","RT","A","1971",98.3057600250909,"E"
"ISR","TERMTRADE","TOT","RT","A","1972",98.2648854633965,"E"
"ISR","TERMTRADE","TOT","RT","A","1973",96.4431877951571,"E"
"ISR","TERMTRADE","TOT","RT","A","1974",92.6150052155056,"E"
"ISR","TERMTRADE","TOT","RT","A","1975",91.5994144211904,"E"
"ISR","TERMTRADE","TOT","RT","A","1976",96.1350774308298,"E"
"ISR","TERMTRADE","TOT","RT","A","1977",99.7074775468486,"E"
"ISR","TERMTRADE","TOT","RT","A","1978",99.5384938207388,"E"
"ISR","TERMTRADE","TOT","RT","A","1979",96.3765340456209,"E"
"ISR","TERMTRADE","TOT","RT","A","1980",91.3283353497374,"E"
"ISR","TERMTRADE","TOT","RT","A","1981",91.2040903589466,"E"
"ISR","TERMTRADE","TOT","RT","A","1982",95.0961658364372,"E"
"ISR","TERMTRADE","TOT","RT","A","1983",99.2166906208444,"E"
"ISR","TERMTRADE","TOT","RT","A","1984",95.4077222776268,"E"
"ISR","TERMTRADE","TOT","RT","A","1985",92.582018101981,"E"
"ISR","TERMTRADE","TOT","RT","A","1986",96.9175801673816,"E"
"ISR","TERMTRADE","TOT","RT","A","1987",95.5228111674965,"E"
"ISR","TERMTRADE","TOT","RT","A","1988",100.254555819383,"E"
"ISR","TERMTRADE","TOT","RT","A","1989",97.2139520307296,"E"
"ISR","TERMTRADE","TOT","RT","A","1990",99.196919361558,"E"
"ISR","TERMTRADE","TOT","RT","A","1991",102.777725284606,"E"
"ISR","TERMTRADE","TOT","RT","A","1992",102.719469972374,"E"
"ISR","TERMTRADE","TOT","RT","A","1993",102.838224157227,"E"
"ISR","TERMTRADE","TOT","RT","A","1994",101.259184870716,"E"
"ISR","TERMTRADE","TOT","RT","A","1995",98.5515992101344,
"ISR","TERMTRADE","TOT","RT","A","1996",101.046266362142,
"ISR","TERMTRADE","TOT","RT","A","1997",104.545775858566,
"ISR","TERMTRADE","TOT","RT","A","1998",107.662028467012,
"ISR","TERMTRADE","TOT","RT","A","1999",110.050425464947,
"ISR","TERMTRADE","TOT","RT","A","2000",107.384683662577,
"ISR","TERMTRADE","TOT","RT","A","2001",107.142719621705,
"ISR","TERMTRADE","TOT","RT","A","2002",106.86452781576,
"ISR","TERMTRADE","TOT","RT","A","2003",104.518886793594,
"ISR","TERMTRADE","TOT","RT","A","2004",101.866522490166,
"ISR","TERMTRADE","TOT","RT","A","2005",100.248509617068,
"ISR","TERMTRADE","TOT","RT","A","2006",99.4057531099559,
"ISR","TERMTRADE","TOT","RT","A","2007",97.5082264624727,
"ISR","TERMTRADE","TOT","RT","A","2008",95.0670458246881,
"ISR","TERMTRADE","TOT","RT","A","2009",102.60210082373,
"ISR","TERMTRADE","TOT","RT","A","2010",100,
"ISR","TERMTRADE","TOT","RT","A","2011",96.5474182741117,
"ISR","TERMTRADE","TOT","RT","A","2012",99.4827201614779,
"ISR","TERMTRADE","TOT","RT","A","2013",101.998049845265,
"ISR","TERMTRADE","TOT","RT","A","2014",103.20800314049,
"ISR","TERMTRADE","TOT","RT","A","2015",112.258271761126,
"RUS","TERMTRADE","TOT","RT","A","1995",58.0290453519713,"E"
"RUS","TERMTRADE","TOT","RT","A","1996",59.7895411384585,"E"
"RUS","TERMTRADE","TOT","RT","A","1997",55.5019698901596,"E"
"RUS","TERMTRADE","TOT","RT","A","1998",52.119133992305,"E"
"RUS","TERMTRADE","TOT","RT","A","1999",50.516211672805,"E"
"RUS","TERMTRADE","TOT","RT","A","2000",67.8096122567441,"E"
"RUS","TERMTRADE","TOT","RT","A","2001",64.1888853986604,"E"
"RUS","TERMTRADE","TOT","RT","A","2002",63.0927140263931,"E"
"RUS","TERMTRADE","TOT","RT","A","2003",67.2876762939085,"E"
"RUS","TERMTRADE","TOT","RT","A","2004",78.031697580879,"E"
"RUS","TERMTRADE","TOT","RT","A","2005",90.0955964136123,"E"
"RUS","TERMTRADE","TOT","RT","A","2006",99.9034315714712,"E"
"RUS","TERMTRADE","TOT","RT","A","2007",103.44490710341,"E"
"RUS","TERMTRADE","TOT","RT","A","2008",119.563168121954,"E"
"RUS","TERMTRADE","TOT","RT","A","2009",83.9164176481861,"E"
"RUS","TERMTRADE","TOT","RT","A","2010",100,
"RUS","TERMTRADE","TOT","RT","A","2011",120.836275115603,
"RUS","TERMTRADE","TOT","RT","A","2012",123.769303693453,
"RUS","TERMTRADE","TOT","RT","A","2013",116.582358705309,
"RUS","TERMTRADE","TOT","RT","A","2014",111.482033642429,
"RUS","TERMTRADE","TOT","RT","A","2015",84.6810654453098,
"RUS","TERMTRADE","TOT","RT","A","2016",71.0553171531874,
"SVN","TERMTRADE","TOT","RT","A","1990",94.9639238128298,"E"
"SVN","TERMTRADE","TOT","RT","A","1991",89.8913011240797,"E"
"SVN","TERMTRADE","TOT","RT","A","1992",90.4510141410388,"E"
"SVN","TERMTRADE","TOT","RT","A","1993",95.8453001957834,"E"
"SVN","TERMTRADE","TOT","RT","A","1994",98.3391340021211,"E"
"SVN","TERMTRADE","TOT","RT","A","1995",100.761167878328,
"SVN","TERMTRADE","TOT","RT","A","1996",102.373085185282,
"SVN","TERMTRADE","TOT","RT","A","1997",102.736753478743,
"SVN","TERMTRADE","TOT","RT","A","1998",103.683011374457,
"SVN","TERMTRADE","TOT","RT","A","1999",103.917707942254,
"SVN","TERMTRADE","TOT","RT","A","2000",100.680057238297,
"SVN","TERMTRADE","TOT","RT","A","2001",102.416268653858,
"SVN","TERMTRADE","TOT","RT","A","2002",104.362330510231,
"SVN","TERMTRADE","TOT","RT","A","2003",105.01103906663,
"SVN","TERMTRADE","TOT","RT","A","2004",103.801740544004,
"SVN","TERMTRADE","TOT","RT","A","2005",101.590496616034,
"SVN","TERMTRADE","TOT","RT","A","2006",101.042879377534,
"SVN","TERMTRADE","TOT","RT","A","2007",101.96393222407,
"SVN","TERMTRADE","TOT","RT","A","2008",100.669770161261,
"SVN","TERMTRADE","TOT","RT","A","2009",104.206068835511,
"SVN","TERMTRADE","TOT","RT","A","2010",100,
"SVN","TERMTRADE","TOT","RT","A","2011",98.6047784271572,
"SVN","TERMTRADE","TOT","RT","A","2012",97.5637360155037,
"SVN","TERMTRADE","TOT","RT","A","2013",98.3920695456105,
"SVN","TERMTRADE","TOT","RT","A","2014",99.4152084287075,
"SVN","TERMTRADE","TOT","RT","A","2015",100.710777843868,
"SVN","TERMTRADE","TOT","RT","A","2016",101.563761794978,
"ZAF","TERMTRADE","TOT","RT","A","1970",61.9070371678557,
"ZAF","TERMTRADE","TOT","RT","A","1971",64.4722505601819,
"ZAF","TERMTRADE","TOT","RT","A","1972",72.4661895220755,
"ZAF","TERMTRADE","TOT","RT","A","1973",85.257813443473,
"ZAF","TERMTRADE","TOT","RT","A","1974",93.8593915981588,
"ZAF","TERMTRADE","TOT","RT","A","1975",86.026931578901,
"ZAF","TERMTRADE","TOT","RT","A","1976",77.4316764056363,
"ZAF","TERMTRADE","TOT","RT","A","1977",79.9695553079359,
"ZAF","TERMTRADE","TOT","RT","A","1978",81.5721854130105,
"ZAF","TERMTRADE","TOT","RT","A","1979",85.9094292474078,
"ZAF","TERMTRADE","TOT","RT","A","1980",96.8463599640488,
"ZAF","TERMTRADE","TOT","RT","A","1981",84.0071171202442,
"ZAF","TERMTRADE","TOT","RT","A","1982",75.1781999837877,
"ZAF","TERMTRADE","TOT","RT","A","1983",76.4498727159657,
"ZAF","TERMTRADE","TOT","RT","A","1984",81.5860218046546,
"ZAF","TERMTRADE","TOT","RT","A","1985",82.363847366709,
"ZAF","TERMTRADE","TOT","RT","A","1986",84.1686084816348,
"ZAF","TERMTRADE","TOT","RT","A","1987",88.1554009703865,
"ZAF","TERMTRADE","TOT","RT","A","1988",85.9672803532999,
"ZAF","TERMTRADE","TOT","RT","A","1989",81.8559949077908,
"ZAF","TERMTRADE","TOT","RT","A","1990",80.1188886138584,
"ZAF","TERMTRADE","TOT","RT","A","1991",80.0777286594681,
"ZAF","TERMTRADE","TOT","RT","A","1992",79.264742093496,
"ZAF","TERMTRADE","TOT","RT","A","1993",78.6037097298224,
"ZAF","TERMTRADE","TOT","RT","A","1994",78.5434048092763,
"ZAF","TERMTRADE","TOT","RT","A","1995",76.5791011240264,
"ZAF","TERMTRADE","TOT","RT","A","1996",80.3196210708786,
"ZAF","TERMTRADE","TOT","RT","A","1997",79.1290469048361,
"ZAF","TERMTRADE","TOT","RT","A","1998",77.9754006712564,
"ZAF","TERMTRADE","TOT","RT","A","1999",75.1141389145506,
"ZAF","TERMTRADE","TOT","RT","A","2000",73.3486998287672,
"ZAF","TERMTRADE","TOT","RT","A","2001",74.1663241727693,
"ZAF","TERMTRADE","TOT","RT","A","2002",76.0512881443891,
"ZAF","TERMTRADE","TOT","RT","A","2003",79.28376804834,
"ZAF","TERMTRADE","TOT","RT","A","2004",80.7550170840046,
"ZAF","TERMTRADE","TOT","RT","A","2005",82.1456582873973,
"ZAF","TERMTRADE","TOT","RT","A","2006",86.1828247756569,
"ZAF","TERMTRADE","TOT","RT","A","2007",88.7735722772593,
"ZAF","TERMTRADE","TOT","RT","A","2008",89.6462029660296,
"ZAF","TERMTRADE","TOT","RT","A","2009",94.3769656817452,
"ZAF","TERMTRADE","TOT","RT","A","2010",100,
"ZAF","TERMTRADE","TOT","RT","A","2011",104.309153180314,
"ZAF","TERMTRADE","TOT","RT","A","2012",102.890786561654,
"ZAF","TERMTRADE","TOT","RT","A","2013",97.3646226699595,
"ZAF","TERMTRADE","TOT","RT","A","2014",95.6221784597373,
"OECD","TERMTRADE","TOT","RT","A","1995",101.232679349142,"E"
"OECD","TERMTRADE","TOT","RT","A","1996",101.094595486916,"E"
"OECD","TERMTRADE","TOT","RT","A","1997",101.33794949013,"E"
"OECD","TERMTRADE","TOT","RT","A","1998",102.495293101075,"E"
"OECD","TERMTRADE","TOT","RT","A","1999",102.560672457265,"E"
"OECD","TERMTRADE","TOT","RT","A","2000",100.454354944115,"E"
"OECD","TERMTRADE","TOT","RT","A","2001",101.222108949756,"E"
"OECD","TERMTRADE","TOT","RT","A","2002",102.096057340589,"E"
"OECD","TERMTRADE","TOT","RT","A","2003",102.218281411415,
"OECD","TERMTRADE","TOT","RT","A","2004",101.989567259297,
"OECD","TERMTRADE","TOT","RT","A","2005",101.080238861519,
"OECD","TERMTRADE","TOT","RT","A","2006",100.304810999996,
"OECD","TERMTRADE","TOT","RT","A","2007",100.532770496522,
"OECD","TERMTRADE","TOT","RT","A","2008",97.8678072929315,
"OECD","TERMTRADE","TOT","RT","A","2009",100.672844811121,
"OECD","TERMTRADE","TOT","RT","A","2010",100,
"OECD","TERMTRADE","TOT","RT","A","2011",97.9180435968902,
"OECD","TERMTRADE","TOT","RT","A","2012",97.4704756711333,
"OECD","TERMTRADE","TOT","RT","A","2013",98.1970170867575,
"OECD","TERMTRADE","TOT","RT","A","2014",98.3172893836117,
"OECD","TERMTRADE","TOT","RT","A","2015",100.358392849456,"E"
"EA","TERMTRADE","TOT","RT","A","1995",102.196895993111,
"EA","TERMTRADE","TOT","RT","A","1996",102.356310737147,
"EA","TERMTRADE","TOT","RT","A","1997",101.915906798025,
"EA","TERMTRADE","TOT","RT","A","1998",103.499071946216,
"EA","TERMTRADE","TOT","RT","A","1999",103.577363877132,
"EA","TERMTRADE","TOT","RT","A","2000",100.402423032362,
"EA","TERMTRADE","TOT","RT","A","2001",100.955679799825,
"EA","TERMTRADE","TOT","RT","A","2002",102.498070431792,
"EA","TERMTRADE","TOT","RT","A","2003",103.147388117685,
"EA","TERMTRADE","TOT","RT","A","2004",102.450045270084,
"EA","TERMTRADE","TOT","RT","A","2005",101.289685487414,
"EA","TERMTRADE","TOT","RT","A","2006",100.000122763664,
"EA","TERMTRADE","TOT","RT","A","2007",100.352614266332,
"EA","TERMTRADE","TOT","RT","A","2008",98.9027902346222,
"EA","TERMTRADE","TOT","RT","A","2009",102.045346141565,
"EA","TERMTRADE","TOT","RT","A","2010",100,
"EA","TERMTRADE","TOT","RT","A","2011",97.9142797808484,
"EA","TERMTRADE","TOT","RT","A","2012",97.404122980122,
"EA","TERMTRADE","TOT","RT","A","2013",98.2247594905825,
"EA","TERMTRADE","TOT","RT","A","2014",99.0248857015454,
"EA","TERMTRADE","TOT","RT","A","2015",101.065189155188,
"EU","TERMTRADE","TOT","RT","A","1995",100.775932477834,
"EU","TERMTRADE","TOT","RT","A","1996",101.060497180042,
"EU","TERMTRADE","TOT","RT","A","1997",100.790341275261,
"EU","TERMTRADE","TOT","RT","A","1998",102.170961454738,
"EU","TERMTRADE","TOT","RT","A","1999",102.247203047338,
"EU","TERMTRADE","TOT","RT","A","2000",99.5076703437818,
"EU","TERMTRADE","TOT","RT","A","2001",100.041419090741,
"EU","TERMTRADE","TOT","RT","A","2002",101.372014376617,
"EU","TERMTRADE","TOT","RT","A","2003",102.205780443043,
"EU","TERMTRADE","TOT","RT","A","2004",101.827920652192,
"EU","TERMTRADE","TOT","RT","A","2005",100.821015154076,
"EU","TERMTRADE","TOT","RT","A","2006",99.7355111255755,
"EU","TERMTRADE","TOT","RT","A","2007",100.116382509343,
"EU","TERMTRADE","TOT","RT","A","2008",98.6764082768809,
"EU","TERMTRADE","TOT","RT","A","2009",101.465559590355,
"EU","TERMTRADE","TOT","RT","A","2010",100,
"EU","TERMTRADE","TOT","RT","A","2011",98.1734144579231,
"EU","TERMTRADE","TOT","RT","A","2012",97.6956907291459,
"EU","TERMTRADE","TOT","RT","A","2013",98.6992587412561,
"EU","TERMTRADE","TOT","RT","A","2014",99.5827285025488,
"EU","TERMTRADE","TOT","RT","A","2015",101.292193445373,
"EU","TERMTRADE","TOT","RT","A","2016",102.272078846127,
"LVA","TERMTRADE","TOT","RT","A","1995",101.570223632587,
"LVA","TERMTRADE","TOT","RT","A","1996",100.927154287544,
"LVA","TERMTRADE","TOT","RT","A","1997",93.2100330740629,
"LVA","TERMTRADE","TOT","RT","A","1998",97.5601369130367,
"LVA","TERMTRADE","TOT","RT","A","1999",100.903434100743,
"LVA","TERMTRADE","TOT","RT","A","2000",95.2681288256118,
"LVA","TERMTRADE","TOT","RT","A","2001",96.5718204420548,
"LVA","TERMTRADE","TOT","RT","A","2002",94.1174870371651,
"LVA","TERMTRADE","TOT","RT","A","2003",95.9845112000233,
"LVA","TERMTRADE","TOT","RT","A","2004",98.4451234358781,
"LVA","TERMTRADE","TOT","RT","A","2005",97.506290866705,
"LVA","TERMTRADE","TOT","RT","A","2006",96.9282573617908,
"LVA","TERMTRADE","TOT","RT","A","2007",101.491558675046,
"LVA","TERMTRADE","TOT","RT","A","2008",99.7099684284817,
"LVA","TERMTRADE","TOT","RT","A","2009",99.8897487032553,
"LVA","TERMTRADE","TOT","RT","A","2010",100,
"LVA","TERMTRADE","TOT","RT","A","2011",103.033756677419,
"LVA","TERMTRADE","TOT","RT","A","2012",100.157074747767,
"LVA","TERMTRADE","TOT","RT","A","2013",100.734181947661,
"LVA","TERMTRADE","TOT","RT","A","2014",99.4877139345541,
"LVA","TERMTRADE","TOT","RT","A","2015",100.223869443751,
"LVA","TERMTRADE","TOT","RT","A","2016",104.943800588088,
