﻿"LOCATION","INDICATOR","SUBJECT","MEASURE","FREQUENCY","TIME","Value","Flag Codes"
"AUS","SELFEMPWEMP","MEN","PC_EMP","A","1990",4.767,
"AUS","SELFEMPWEMP","MEN","PC_EMP","A","1991",4.767,
"AUS","SELFEMPWEMP","MEN","PC_EMP","A","1992",4.588,
"AUS","SELFEMPWEMP","MEN","PC_EMP","A","1993",4.681,
"AUS","SELFEMPWEMP","MEN","PC_EMP","A","1994",4.612,
"AUS","SELFEMPWEMP","MEN","PC_EMP","A","1995",4.666,
"AUS","SELFEMPWEMP","MEN","PC_EMP","A","1996",4.341,
"AUS","SELFEMPWEMP","MEN","PC_EMP","A","1997",4.243,
"AUS","SELFEMPWEMP","MEN","PC_EMP","A","1998",4.239,
"AUS","SELFEMPWEMP","MEN","PC_EMP","A","1999",4.183,
"AUS","SELFEMPWEMP","MEN","PC_EMP","A","2000",4.178,
"AUS","SELFEMPWEMP","MEN","PC_EMP","A","2001",4.048,
"AUS","SELFEMPWEMP","MEN","PC_EMP","A","2002",3.918,
"AUS","SELFEMPWEMP","MEN","PC_EMP","A","2003",3.868,
"AUS","SELFEMPWEMP","MEN","PC_EMP","A","2004",3.635,
"AUS","SELFEMPWEMP","MEN","PC_EMP","A","2005",3.613,
"AUS","SELFEMPWEMP","MEN","PC_EMP","A","2006",3.351,
"AUS","SELFEMPWEMP","MEN","PC_EMP","A","2007",3.128,
"AUS","SELFEMPWEMP","MEN","PC_EMP","A","2008",3.198,
"AUS","SELFEMPWEMP","MEN","PC_EMP","A","2009",3.234,
"AUS","SELFEMPWEMP","MEN","PC_EMP","A","2010",3.211,
"AUS","SELFEMPWEMP","MEN","PC_EMP","A","2011",2.882,
"AUS","SELFEMPWEMP","MEN","PC_EMP","A","2012",2.649,
"AUS","SELFEMPWEMP","MEN","PC_EMP","A","2013",2.612,
"AUS","SELFEMPWEMP","MEN","PC_EMP","A","2014",2.465,
"AUS","SELFEMPWEMP","MEN","PC_EMP","A","2015",2.539,
"AUS","SELFEMPWEMP","WOMEN","PC_EMP","A","1990",3.667,
"AUS","SELFEMPWEMP","WOMEN","PC_EMP","A","1991",3.132,
"AUS","SELFEMPWEMP","WOMEN","PC_EMP","A","1992",3.037,
"AUS","SELFEMPWEMP","WOMEN","PC_EMP","A","1993",3.014,
"AUS","SELFEMPWEMP","WOMEN","PC_EMP","A","1994",3.044,
"AUS","SELFEMPWEMP","WOMEN","PC_EMP","A","1995",3.027,
"AUS","SELFEMPWEMP","WOMEN","PC_EMP","A","1996",2.851,
"AUS","SELFEMPWEMP","WOMEN","PC_EMP","A","1997",2.854,
"AUS","SELFEMPWEMP","WOMEN","PC_EMP","A","1998",2.726,
"AUS","SELFEMPWEMP","WOMEN","PC_EMP","A","1999",2.651,
"AUS","SELFEMPWEMP","WOMEN","PC_EMP","A","2000",2.654,
"AUS","SELFEMPWEMP","WOMEN","PC_EMP","A","2001",2.662,
"AUS","SELFEMPWEMP","WOMEN","PC_EMP","A","2002",2.554,
"AUS","SELFEMPWEMP","WOMEN","PC_EMP","A","2003",2.415,
"AUS","SELFEMPWEMP","WOMEN","PC_EMP","A","2004",2.307,
"AUS","SELFEMPWEMP","WOMEN","PC_EMP","A","2005",2.326,
"AUS","SELFEMPWEMP","WOMEN","PC_EMP","A","2006",2.202,
"AUS","SELFEMPWEMP","WOMEN","PC_EMP","A","2007",2.038,
"AUS","SELFEMPWEMP","WOMEN","PC_EMP","A","2008",2.032,
"AUS","SELFEMPWEMP","WOMEN","PC_EMP","A","2009",1.833,
"AUS","SELFEMPWEMP","WOMEN","PC_EMP","A","2010",1.978,
"AUS","SELFEMPWEMP","WOMEN","PC_EMP","A","2011",1.76,
"AUS","SELFEMPWEMP","WOMEN","PC_EMP","A","2012",1.567,
"AUS","SELFEMPWEMP","WOMEN","PC_EMP","A","2013",1.567,
"AUS","SELFEMPWEMP","WOMEN","PC_EMP","A","2014",1.506,
"AUS","SELFEMPWEMP","WOMEN","PC_EMP","A","2015",1.62,
"AUT","SELFEMPWEMP","MEN","PC_EMP","A","1995",6.287,
"AUT","SELFEMPWEMP","MEN","PC_EMP","A","1996",6.409,
"AUT","SELFEMPWEMP","MEN","PC_EMP","A","1997",6.392,
"AUT","SELFEMPWEMP","MEN","PC_EMP","A","1998",6.642,"B"
"AUT","SELFEMPWEMP","MEN","PC_EMP","A","1999",6.4,
"AUT","SELFEMPWEMP","MEN","PC_EMP","A","2000",6.428,
"AUT","SELFEMPWEMP","MEN","PC_EMP","A","2001",6.347,
"AUT","SELFEMPWEMP","MEN","PC_EMP","A","2002",6.921,
"AUT","SELFEMPWEMP","MEN","PC_EMP","A","2003",6.747,
"AUT","SELFEMPWEMP","MEN","PC_EMP","A","2004",5.886,"B"
"AUT","SELFEMPWEMP","MEN","PC_EMP","A","2005",6.503,"B"
"AUT","SELFEMPWEMP","MEN","PC_EMP","A","2006",6.503,"B"
"AUT","SELFEMPWEMP","MEN","PC_EMP","A","2007",6.665,
"AUT","SELFEMPWEMP","MEN","PC_EMP","A","2008",6.325,
"AUT","SELFEMPWEMP","MEN","PC_EMP","A","2009",6.482,
"AUT","SELFEMPWEMP","MEN","PC_EMP","A","2010",6.432,
"AUT","SELFEMPWEMP","MEN","PC_EMP","A","2011",6.542,
"AUT","SELFEMPWEMP","MEN","PC_EMP","A","2012",6.478,
"AUT","SELFEMPWEMP","MEN","PC_EMP","A","2013",6.262,
"AUT","SELFEMPWEMP","MEN","PC_EMP","A","2014",6.585,"B"
"AUT","SELFEMPWEMP","MEN","PC_EMP","A","2015",6.23,
"AUT","SELFEMPWEMP","WOMEN","PC_EMP","A","1995",2.611,
"AUT","SELFEMPWEMP","WOMEN","PC_EMP","A","1996",2.662,
"AUT","SELFEMPWEMP","WOMEN","PC_EMP","A","1997",2.826,
"AUT","SELFEMPWEMP","WOMEN","PC_EMP","A","1998",2.985,"B"
"AUT","SELFEMPWEMP","WOMEN","PC_EMP","A","1999",2.856,
"AUT","SELFEMPWEMP","WOMEN","PC_EMP","A","2000",3.058,
"AUT","SELFEMPWEMP","WOMEN","PC_EMP","A","2001",2.969,
"AUT","SELFEMPWEMP","WOMEN","PC_EMP","A","2002",2.991,
"AUT","SELFEMPWEMP","WOMEN","PC_EMP","A","2003",2.913,
"AUT","SELFEMPWEMP","WOMEN","PC_EMP","A","2004",2.244,"B"
"AUT","SELFEMPWEMP","WOMEN","PC_EMP","A","2005",2.244,"B"
"AUT","SELFEMPWEMP","WOMEN","PC_EMP","A","2006",2.528,"B"
"AUT","SELFEMPWEMP","WOMEN","PC_EMP","A","2007",2.603,
"AUT","SELFEMPWEMP","WOMEN","PC_EMP","A","2008",2.579,
"AUT","SELFEMPWEMP","WOMEN","PC_EMP","A","2009",2.536,
"AUT","SELFEMPWEMP","WOMEN","PC_EMP","A","2010",2.505,
"AUT","SELFEMPWEMP","WOMEN","PC_EMP","A","2011",2.384,
"AUT","SELFEMPWEMP","WOMEN","PC_EMP","A","2012",2.292,
"AUT","SELFEMPWEMP","WOMEN","PC_EMP","A","2013",2.236,
"AUT","SELFEMPWEMP","WOMEN","PC_EMP","A","2014",2.358,"B"
"AUT","SELFEMPWEMP","WOMEN","PC_EMP","A","2015",2.376,
"BEL","SELFEMPWEMP","MEN","PC_EMP","A","1995",2.673,
"BEL","SELFEMPWEMP","MEN","PC_EMP","A","1996",2.659,
"BEL","SELFEMPWEMP","MEN","PC_EMP","A","1997",2.059,
"BEL","SELFEMPWEMP","MEN","PC_EMP","A","1998",2.473,"B"
"BEL","SELFEMPWEMP","MEN","PC_EMP","A","1999",5.871,"B"
"BEL","SELFEMPWEMP","MEN","PC_EMP","A","2000",6.121,
"BEL","SELFEMPWEMP","MEN","PC_EMP","A","2001",6.145,
"BEL","SELFEMPWEMP","MEN","PC_EMP","A","2002",5.464,
"BEL","SELFEMPWEMP","MEN","PC_EMP","A","2003",5.603,
"BEL","SELFEMPWEMP","MEN","PC_EMP","A","2004",6.209,
"BEL","SELFEMPWEMP","MEN","PC_EMP","A","2005",6.365,"B"
"BEL","SELFEMPWEMP","MEN","PC_EMP","A","2006",6.368,
"BEL","SELFEMPWEMP","MEN","PC_EMP","A","2007",6.204,
"BEL","SELFEMPWEMP","MEN","PC_EMP","A","2008",5.856,"B"
"BEL","SELFEMPWEMP","MEN","PC_EMP","A","2009",6.169,
"BEL","SELFEMPWEMP","MEN","PC_EMP","A","2010",6.109,
"BEL","SELFEMPWEMP","MEN","PC_EMP","A","2011",5.948,
"BEL","SELFEMPWEMP","MEN","PC_EMP","A","2012",5.655,
"BEL","SELFEMPWEMP","MEN","PC_EMP","A","2013",5.922,
"BEL","SELFEMPWEMP","MEN","PC_EMP","A","2014",5.523,"B"
"BEL","SELFEMPWEMP","MEN","PC_EMP","A","2015",5.828,
"BEL","SELFEMPWEMP","WOMEN","PC_EMP","A","1995",0.636,
"BEL","SELFEMPWEMP","WOMEN","PC_EMP","A","1996",0.561,
"BEL","SELFEMPWEMP","WOMEN","PC_EMP","A","1997",0.437,
"BEL","SELFEMPWEMP","WOMEN","PC_EMP","A","1998",0.797,"B"
"BEL","SELFEMPWEMP","WOMEN","PC_EMP","A","1999",2.29,"B"
"BEL","SELFEMPWEMP","WOMEN","PC_EMP","A","2000",2.254,
"BEL","SELFEMPWEMP","WOMEN","PC_EMP","A","2001",1.972,
"BEL","SELFEMPWEMP","WOMEN","PC_EMP","A","2002",1.936,
"BEL","SELFEMPWEMP","WOMEN","PC_EMP","A","2003",2.01,
"BEL","SELFEMPWEMP","WOMEN","PC_EMP","A","2004",2.231,
"BEL","SELFEMPWEMP","WOMEN","PC_EMP","A","2005",2.209,"B"
"BEL","SELFEMPWEMP","WOMEN","PC_EMP","A","2006",2.406,
"BEL","SELFEMPWEMP","WOMEN","PC_EMP","A","2007",2.231,
"BEL","SELFEMPWEMP","WOMEN","PC_EMP","A","2008",2.061,"B"
"BEL","SELFEMPWEMP","WOMEN","PC_EMP","A","2009",2.248,
"BEL","SELFEMPWEMP","WOMEN","PC_EMP","A","2010",2.354,
"BEL","SELFEMPWEMP","WOMEN","PC_EMP","A","2011",1.871,
"BEL","SELFEMPWEMP","WOMEN","PC_EMP","A","2012",2.058,
"BEL","SELFEMPWEMP","WOMEN","PC_EMP","A","2013",2.247,
"BEL","SELFEMPWEMP","WOMEN","PC_EMP","A","2014",2.353,"B"
"BEL","SELFEMPWEMP","WOMEN","PC_EMP","A","2015",2.373,
"CAN","SELFEMPWEMP","MEN","PC_EMP","A","2006",6.585,
"CAN","SELFEMPWEMP","MEN","PC_EMP","A","2007",6.593,
"CAN","SELFEMPWEMP","MEN","PC_EMP","A","2008",6.508,
"CAN","SELFEMPWEMP","MEN","PC_EMP","A","2009",6.617,
"CAN","SELFEMPWEMP","MEN","PC_EMP","A","2010",6.374,
"CAN","SELFEMPWEMP","MEN","PC_EMP","A","2011",6.054,
"CAN","SELFEMPWEMP","MEN","PC_EMP","A","2012",5.823,
"CAN","SELFEMPWEMP","MEN","PC_EMP","A","2013",5.906,
"CAN","SELFEMPWEMP","MEN","PC_EMP","A","2014",5.742,
"CAN","SELFEMPWEMP","MEN","PC_EMP","A","2015",5.803,
"CAN","SELFEMPWEMP","WOMEN","PC_EMP","A","2006",2.849,
"CAN","SELFEMPWEMP","WOMEN","PC_EMP","A","2007",2.72,
"CAN","SELFEMPWEMP","WOMEN","PC_EMP","A","2008",2.646,
"CAN","SELFEMPWEMP","WOMEN","PC_EMP","A","2009",2.575,
"CAN","SELFEMPWEMP","WOMEN","PC_EMP","A","2010",2.495,
"CAN","SELFEMPWEMP","WOMEN","PC_EMP","A","2011",2.572,
"CAN","SELFEMPWEMP","WOMEN","PC_EMP","A","2012",2.352,
"CAN","SELFEMPWEMP","WOMEN","PC_EMP","A","2013",2.415,
"CAN","SELFEMPWEMP","WOMEN","PC_EMP","A","2014",2.404,
"CAN","SELFEMPWEMP","WOMEN","PC_EMP","A","2015",2.502,
"CZE","SELFEMPWEMP","MEN","PC_EMP","A","1997",5.504,
"CZE","SELFEMPWEMP","MEN","PC_EMP","A","1998",5.629,"B"
"CZE","SELFEMPWEMP","MEN","PC_EMP","A","1999",5.8,
"CZE","SELFEMPWEMP","MEN","PC_EMP","A","2000",5.74,
"CZE","SELFEMPWEMP","MEN","PC_EMP","A","2001",5.688,
"CZE","SELFEMPWEMP","MEN","PC_EMP","A","2002",5.507,
"CZE","SELFEMPWEMP","MEN","PC_EMP","A","2003",5.794,"B"
"CZE","SELFEMPWEMP","MEN","PC_EMP","A","2004",5.525,
"CZE","SELFEMPWEMP","MEN","PC_EMP","A","2005",5.032,"B"
"CZE","SELFEMPWEMP","MEN","PC_EMP","A","2006",5.436,
"CZE","SELFEMPWEMP","MEN","PC_EMP","A","2007",5.097,
"CZE","SELFEMPWEMP","MEN","PC_EMP","A","2008",4.809,
"CZE","SELFEMPWEMP","MEN","PC_EMP","A","2009",5.02,
"CZE","SELFEMPWEMP","MEN","PC_EMP","A","2010",4.959,
"CZE","SELFEMPWEMP","MEN","PC_EMP","A","2011",4.863,"B"
"CZE","SELFEMPWEMP","MEN","PC_EMP","A","2012",4.525,
"CZE","SELFEMPWEMP","MEN","PC_EMP","A","2013",4.391,
"CZE","SELFEMPWEMP","MEN","PC_EMP","A","2014",4.751,"B"
"CZE","SELFEMPWEMP","MEN","PC_EMP","A","2015",4.717,
"CZE","SELFEMPWEMP","WOMEN","PC_EMP","A","1997",2.178,
"CZE","SELFEMPWEMP","WOMEN","PC_EMP","A","1998",2.241,"B"
"CZE","SELFEMPWEMP","WOMEN","PC_EMP","A","1999",2.141,
"CZE","SELFEMPWEMP","WOMEN","PC_EMP","A","2000",2.19,
"CZE","SELFEMPWEMP","WOMEN","PC_EMP","A","2001",2.143,
"CZE","SELFEMPWEMP","WOMEN","PC_EMP","A","2002",2.119,
"CZE","SELFEMPWEMP","WOMEN","PC_EMP","A","2003",2.133,"B"
"CZE","SELFEMPWEMP","WOMEN","PC_EMP","A","2004",2.087,
"CZE","SELFEMPWEMP","WOMEN","PC_EMP","A","2005",1.981,"B"
"CZE","SELFEMPWEMP","WOMEN","PC_EMP","A","2006",2.218,
"CZE","SELFEMPWEMP","WOMEN","PC_EMP","A","2007",1.855,
"CZE","SELFEMPWEMP","WOMEN","PC_EMP","A","2008",1.845,
"CZE","SELFEMPWEMP","WOMEN","PC_EMP","A","2009",1.923,
"CZE","SELFEMPWEMP","WOMEN","PC_EMP","A","2010",1.755,
"CZE","SELFEMPWEMP","WOMEN","PC_EMP","A","2011",1.793,"B"
"CZE","SELFEMPWEMP","WOMEN","PC_EMP","A","2012",1.746,
"CZE","SELFEMPWEMP","WOMEN","PC_EMP","A","2013",1.835,
"CZE","SELFEMPWEMP","WOMEN","PC_EMP","A","2014",1.618,"B"
"CZE","SELFEMPWEMP","WOMEN","PC_EMP","A","2015",1.788,
"DNK","SELFEMPWEMP","MEN","PC_EMP","A","1990",6.946,
"DNK","SELFEMPWEMP","MEN","PC_EMP","A","1991",6.942,
"DNK","SELFEMPWEMP","MEN","PC_EMP","A","1992",6.595,
"DNK","SELFEMPWEMP","MEN","PC_EMP","A","1993",6.952,
"DNK","SELFEMPWEMP","MEN","PC_EMP","A","1994",6.155,
"DNK","SELFEMPWEMP","MEN","PC_EMP","A","1995",6.177,
"DNK","SELFEMPWEMP","MEN","PC_EMP","A","1996",5.89,
"DNK","SELFEMPWEMP","MEN","PC_EMP","A","1997",5.687,
"DNK","SELFEMPWEMP","MEN","PC_EMP","A","1998",6.313,"B"
"DNK","SELFEMPWEMP","MEN","PC_EMP","A","1999",6.19,
"DNK","SELFEMPWEMP","MEN","PC_EMP","A","2000",6.566,
"DNK","SELFEMPWEMP","MEN","PC_EMP","A","2001",6.376,
"DNK","SELFEMPWEMP","MEN","PC_EMP","A","2002",6.124,
"DNK","SELFEMPWEMP","MEN","PC_EMP","A","2003",5.774,"B"
"DNK","SELFEMPWEMP","MEN","PC_EMP","A","2004",5.267,
"DNK","SELFEMPWEMP","MEN","PC_EMP","A","2005",5.612,"B"
"DNK","SELFEMPWEMP","MEN","PC_EMP","A","2006",5.825,
"DNK","SELFEMPWEMP","MEN","PC_EMP","A","2007",5.658,"B"
"DNK","SELFEMPWEMP","MEN","PC_EMP","A","2008",5.633,
"DNK","SELFEMPWEMP","MEN","PC_EMP","A","2009",5.841,
"DNK","SELFEMPWEMP","MEN","PC_EMP","A","2010",5.275,
"DNK","SELFEMPWEMP","MEN","PC_EMP","A","2011",5.287,
"DNK","SELFEMPWEMP","MEN","PC_EMP","A","2012",5.221,
"DNK","SELFEMPWEMP","MEN","PC_EMP","A","2013",4.805,
"DNK","SELFEMPWEMP","MEN","PC_EMP","A","2014",4.898,"B"
"DNK","SELFEMPWEMP","MEN","PC_EMP","A","2015",4.872,
"DNK","SELFEMPWEMP","WOMEN","PC_EMP","A","1991",1.293,
"DNK","SELFEMPWEMP","WOMEN","PC_EMP","A","1992",1.309,
"DNK","SELFEMPWEMP","WOMEN","PC_EMP","A","1993",1.239,
"DNK","SELFEMPWEMP","WOMEN","PC_EMP","A","1994",1.587,
"DNK","SELFEMPWEMP","WOMEN","PC_EMP","A","1995",1.789,
"DNK","SELFEMPWEMP","WOMEN","PC_EMP","A","1996",1.502,
"DNK","SELFEMPWEMP","WOMEN","PC_EMP","A","1997",1.624,
"DNK","SELFEMPWEMP","WOMEN","PC_EMP","A","1998",1.791,"B"
"DNK","SELFEMPWEMP","WOMEN","PC_EMP","A","1999",1.683,
"DNK","SELFEMPWEMP","WOMEN","PC_EMP","A","2000",1.486,
"DNK","SELFEMPWEMP","WOMEN","PC_EMP","A","2001",1.221,
"DNK","SELFEMPWEMP","WOMEN","PC_EMP","A","2002",1.731,
"DNK","SELFEMPWEMP","WOMEN","PC_EMP","A","2003",1.998,"B"
"DNK","SELFEMPWEMP","WOMEN","PC_EMP","A","2004",1.311,
"DNK","SELFEMPWEMP","WOMEN","PC_EMP","A","2005",1.283,"B"
"DNK","SELFEMPWEMP","WOMEN","PC_EMP","A","2006",1.773,
"DNK","SELFEMPWEMP","WOMEN","PC_EMP","A","2007",1.632,"B"
"DNK","SELFEMPWEMP","WOMEN","PC_EMP","A","2008",1.656,
"DNK","SELFEMPWEMP","WOMEN","PC_EMP","A","2009",1.711,
"DNK","SELFEMPWEMP","WOMEN","PC_EMP","A","2010",1.599,
"DNK","SELFEMPWEMP","WOMEN","PC_EMP","A","2011",1.656,
"DNK","SELFEMPWEMP","WOMEN","PC_EMP","A","2012",1.491,
"DNK","SELFEMPWEMP","WOMEN","PC_EMP","A","2013",1.559,
"DNK","SELFEMPWEMP","WOMEN","PC_EMP","A","2014",1.601,"B"
"DNK","SELFEMPWEMP","WOMEN","PC_EMP","A","2015",1.685,
"FIN","SELFEMPWEMP","MEN","PC_EMP","A","1995",4.869,
"FIN","SELFEMPWEMP","MEN","PC_EMP","A","1996",5.706,
"FIN","SELFEMPWEMP","MEN","PC_EMP","A","1997",6.719,
"FIN","SELFEMPWEMP","MEN","PC_EMP","A","1998",5.137,"B"
"FIN","SELFEMPWEMP","MEN","PC_EMP","A","1999",5.741,
"FIN","SELFEMPWEMP","MEN","PC_EMP","A","2000",6.081,"B"
"FIN","SELFEMPWEMP","MEN","PC_EMP","A","2001",5.518,
"FIN","SELFEMPWEMP","MEN","PC_EMP","A","2002",5.679,
"FIN","SELFEMPWEMP","MEN","PC_EMP","A","2003",5.564,
"FIN","SELFEMPWEMP","MEN","PC_EMP","A","2004",5.854,
"FIN","SELFEMPWEMP","MEN","PC_EMP","A","2005",5.441,"B"
"FIN","SELFEMPWEMP","MEN","PC_EMP","A","2006",5.676,
"FIN","SELFEMPWEMP","MEN","PC_EMP","A","2007",5.602,
"FIN","SELFEMPWEMP","MEN","PC_EMP","A","2008",5.397,
"FIN","SELFEMPWEMP","MEN","PC_EMP","A","2009",6.059,
"FIN","SELFEMPWEMP","MEN","PC_EMP","A","2010",6.036,
"FIN","SELFEMPWEMP","MEN","PC_EMP","A","2011",5.724,
"FIN","SELFEMPWEMP","MEN","PC_EMP","A","2012",5.851,
"FIN","SELFEMPWEMP","MEN","PC_EMP","A","2013",5.946,
"FIN","SELFEMPWEMP","MEN","PC_EMP","A","2014",6.19,"B"
"FIN","SELFEMPWEMP","MEN","PC_EMP","A","2015",5.978,
"FIN","SELFEMPWEMP","WOMEN","PC_EMP","A","1995",2.264,
"FIN","SELFEMPWEMP","WOMEN","PC_EMP","A","1996",1.632,
"FIN","SELFEMPWEMP","WOMEN","PC_EMP","A","1997",2.076,
"FIN","SELFEMPWEMP","WOMEN","PC_EMP","A","1998",1.994,"B"
"FIN","SELFEMPWEMP","WOMEN","PC_EMP","A","1999",2.261,
"FIN","SELFEMPWEMP","WOMEN","PC_EMP","A","2000",2.191,"B"
"FIN","SELFEMPWEMP","WOMEN","PC_EMP","A","2001",2.179,
"FIN","SELFEMPWEMP","WOMEN","PC_EMP","A","2002",2.084,
"FIN","SELFEMPWEMP","WOMEN","PC_EMP","A","2003",2.407,
"FIN","SELFEMPWEMP","WOMEN","PC_EMP","A","2004",2.232,
"FIN","SELFEMPWEMP","WOMEN","PC_EMP","A","2005",1.913,"B"
"FIN","SELFEMPWEMP","WOMEN","PC_EMP","A","2006",2.117,
"FIN","SELFEMPWEMP","WOMEN","PC_EMP","A","2007",2.132,
"FIN","SELFEMPWEMP","WOMEN","PC_EMP","A","2008",1.916,
"FIN","SELFEMPWEMP","WOMEN","PC_EMP","A","2009",1.915,
"FIN","SELFEMPWEMP","WOMEN","PC_EMP","A","2010",2.066,
"FIN","SELFEMPWEMP","WOMEN","PC_EMP","A","2011",2.137,
"FIN","SELFEMPWEMP","WOMEN","PC_EMP","A","2012",1.854,
"FIN","SELFEMPWEMP","WOMEN","PC_EMP","A","2013",1.735,
"FIN","SELFEMPWEMP","WOMEN","PC_EMP","A","2014",1.913,"B"
"FIN","SELFEMPWEMP","WOMEN","PC_EMP","A","2015",2.049,
"FRA","SELFEMPWEMP","MEN","PC_EMP","A","1991",6.676,
"FRA","SELFEMPWEMP","MEN","PC_EMP","A","1992",6.956,
"FRA","SELFEMPWEMP","MEN","PC_EMP","A","1993",6.907,
"FRA","SELFEMPWEMP","MEN","PC_EMP","A","1994",6.8,
"FRA","SELFEMPWEMP","MEN","PC_EMP","A","1995",6.565,
"FRA","SELFEMPWEMP","MEN","PC_EMP","A","1996",6.545,
"FRA","SELFEMPWEMP","MEN","PC_EMP","A","1997",6.549,
"FRA","SELFEMPWEMP","MEN","PC_EMP","A","1998",6.621,"B"
"FRA","SELFEMPWEMP","MEN","PC_EMP","A","1999",6.441,
"FRA","SELFEMPWEMP","MEN","PC_EMP","A","2000",6.128,
"FRA","SELFEMPWEMP","MEN","PC_EMP","A","2001",5.941,
"FRA","SELFEMPWEMP","MEN","PC_EMP","A","2002",5.778,
"FRA","SELFEMPWEMP","MEN","PC_EMP","A","2003",6.185,"B"
"FRA","SELFEMPWEMP","MEN","PC_EMP","A","2004",6.158,
"FRA","SELFEMPWEMP","MEN","PC_EMP","A","2005",6.259,"B"
"FRA","SELFEMPWEMP","MEN","PC_EMP","A","2006",6.512,
"FRA","SELFEMPWEMP","MEN","PC_EMP","A","2007",6.249,
"FRA","SELFEMPWEMP","MEN","PC_EMP","A","2008",6.394,
"FRA","SELFEMPWEMP","MEN","PC_EMP","A","2009",6.489,
"FRA","SELFEMPWEMP","MEN","PC_EMP","A","2010",6.527,
"FRA","SELFEMPWEMP","MEN","PC_EMP","A","2011",6.35,
"FRA","SELFEMPWEMP","MEN","PC_EMP","A","2012",6.153,
"FRA","SELFEMPWEMP","MEN","PC_EMP","A","2013",6.142,"B"
"FRA","SELFEMPWEMP","MEN","PC_EMP","A","2014",6.147,"B"
"FRA","SELFEMPWEMP","MEN","PC_EMP","A","2015",6.07,
"FRA","SELFEMPWEMP","WOMEN","PC_EMP","A","1991",2.25,
"FRA","SELFEMPWEMP","WOMEN","PC_EMP","A","1992",2.292,
"FRA","SELFEMPWEMP","WOMEN","PC_EMP","A","1993",2.182,
"FRA","SELFEMPWEMP","WOMEN","PC_EMP","A","1994",2.177,
"FRA","SELFEMPWEMP","WOMEN","PC_EMP","A","1995",2.217,
"FRA","SELFEMPWEMP","WOMEN","PC_EMP","A","1996",2.16,
"FRA","SELFEMPWEMP","WOMEN","PC_EMP","A","1997",2.18,
"FRA","SELFEMPWEMP","WOMEN","PC_EMP","A","1998",2.163,"B"
"FRA","SELFEMPWEMP","WOMEN","PC_EMP","A","1999",2.16,
"FRA","SELFEMPWEMP","WOMEN","PC_EMP","A","2000",2.027,
"FRA","SELFEMPWEMP","WOMEN","PC_EMP","A","2001",1.968,
"FRA","SELFEMPWEMP","WOMEN","PC_EMP","A","2002",1.889,
"FRA","SELFEMPWEMP","WOMEN","PC_EMP","A","2003",2.121,"B"
"FRA","SELFEMPWEMP","WOMEN","PC_EMP","A","2004",2.187,
"FRA","SELFEMPWEMP","WOMEN","PC_EMP","A","2005",2.047,"B"
"FRA","SELFEMPWEMP","WOMEN","PC_EMP","A","2006",2.083,
"FRA","SELFEMPWEMP","WOMEN","PC_EMP","A","2007",2.252,
"FRA","SELFEMPWEMP","WOMEN","PC_EMP","A","2008",2.531,
"FRA","SELFEMPWEMP","WOMEN","PC_EMP","A","2009",2.158,
"FRA","SELFEMPWEMP","WOMEN","PC_EMP","A","2010",2.076,
"FRA","SELFEMPWEMP","WOMEN","PC_EMP","A","2011",2.234,
"FRA","SELFEMPWEMP","WOMEN","PC_EMP","A","2012",2.174,
"FRA","SELFEMPWEMP","WOMEN","PC_EMP","A","2013",2.122,"B"
"FRA","SELFEMPWEMP","WOMEN","PC_EMP","A","2014",2.002,"B"
"FRA","SELFEMPWEMP","WOMEN","PC_EMP","A","2015",2.166,
"DEU","SELFEMPWEMP","MEN","PC_EMP","A","1991",6.118,
"DEU","SELFEMPWEMP","MEN","PC_EMP","A","1992",6.496,
"DEU","SELFEMPWEMP","MEN","PC_EMP","A","1993",6.726,
"DEU","SELFEMPWEMP","MEN","PC_EMP","A","1994",7.08,
"DEU","SELFEMPWEMP","MEN","PC_EMP","A","1995",6.727,
"DEU","SELFEMPWEMP","MEN","PC_EMP","A","1996",6.659,"B"
"DEU","SELFEMPWEMP","MEN","PC_EMP","A","1997",6.731,
"DEU","SELFEMPWEMP","MEN","PC_EMP","A","1998",6.709,"B"
"DEU","SELFEMPWEMP","MEN","PC_EMP","A","1999",6.86,
"DEU","SELFEMPWEMP","MEN","PC_EMP","A","2000",6.692,
"DEU","SELFEMPWEMP","MEN","PC_EMP","A","2001",6.663,
"DEU","SELFEMPWEMP","MEN","PC_EMP","A","2002",6.627,
"DEU","SELFEMPWEMP","MEN","PC_EMP","A","2003",6.785,
"DEU","SELFEMPWEMP","MEN","PC_EMP","A","2004",6.974,
"DEU","SELFEMPWEMP","MEN","PC_EMP","A","2005",6.528,"B"
"DEU","SELFEMPWEMP","MEN","PC_EMP","A","2006",6.468,
"DEU","SELFEMPWEMP","MEN","PC_EMP","A","2007",6.477,
"DEU","SELFEMPWEMP","MEN","PC_EMP","A","2008",6.339,
"DEU","SELFEMPWEMP","MEN","PC_EMP","A","2009",6.462,
"DEU","SELFEMPWEMP","MEN","PC_EMP","A","2010",6.476,"B"
"DEU","SELFEMPWEMP","MEN","PC_EMP","A","2011",6.429,
"DEU","SELFEMPWEMP","MEN","PC_EMP","A","2012",6.399,
"DEU","SELFEMPWEMP","MEN","PC_EMP","A","2013",6.301,
"DEU","SELFEMPWEMP","MEN","PC_EMP","A","2014",6.133,"B"
"DEU","SELFEMPWEMP","MEN","PC_EMP","A","2015",6.098,
"DEU","SELFEMPWEMP","WOMEN","PC_EMP","A","1991",2.269,
"DEU","SELFEMPWEMP","WOMEN","PC_EMP","A","1992",2.355,
"DEU","SELFEMPWEMP","WOMEN","PC_EMP","A","1993",2.482,
"DEU","SELFEMPWEMP","WOMEN","PC_EMP","A","1994",2.757,
"DEU","SELFEMPWEMP","WOMEN","PC_EMP","A","1995",2.501,
"DEU","SELFEMPWEMP","WOMEN","PC_EMP","A","1996",2.454,"B"
"DEU","SELFEMPWEMP","WOMEN","PC_EMP","A","1997",2.504,
"DEU","SELFEMPWEMP","WOMEN","PC_EMP","A","1998",2.552,"B"
"DEU","SELFEMPWEMP","WOMEN","PC_EMP","A","1999",2.509,
"DEU","SELFEMPWEMP","WOMEN","PC_EMP","A","2000",2.523,
"DEU","SELFEMPWEMP","WOMEN","PC_EMP","A","2001",2.583,
"DEU","SELFEMPWEMP","WOMEN","PC_EMP","A","2002",2.529,
"DEU","SELFEMPWEMP","WOMEN","PC_EMP","A","2003",2.472,
"DEU","SELFEMPWEMP","WOMEN","PC_EMP","A","2004",2.604,
"DEU","SELFEMPWEMP","WOMEN","PC_EMP","A","2005",2.553,"B"
"DEU","SELFEMPWEMP","WOMEN","PC_EMP","A","2006",2.523,
"DEU","SELFEMPWEMP","WOMEN","PC_EMP","A","2007",2.438,
"DEU","SELFEMPWEMP","WOMEN","PC_EMP","A","2008",2.414,
"DEU","SELFEMPWEMP","WOMEN","PC_EMP","A","2009",2.466,
"DEU","SELFEMPWEMP","WOMEN","PC_EMP","A","2010",2.495,"B"
"DEU","SELFEMPWEMP","WOMEN","PC_EMP","A","2011",2.42,
"DEU","SELFEMPWEMP","WOMEN","PC_EMP","A","2012",2.39,
"DEU","SELFEMPWEMP","WOMEN","PC_EMP","A","2013",2.386,
"DEU","SELFEMPWEMP","WOMEN","PC_EMP","A","2014",2.395,"B"
"DEU","SELFEMPWEMP","WOMEN","PC_EMP","A","2015",2.388,
"GRC","SELFEMPWEMP","MEN","PC_EMP","A","1991",8.309,
"GRC","SELFEMPWEMP","MEN","PC_EMP","A","1992",9.286,
"GRC","SELFEMPWEMP","MEN","PC_EMP","A","1993",9.672,
"GRC","SELFEMPWEMP","MEN","PC_EMP","A","1994",9.47,
"GRC","SELFEMPWEMP","MEN","PC_EMP","A","1995",8.672,
"GRC","SELFEMPWEMP","MEN","PC_EMP","A","1996",9.226,
"GRC","SELFEMPWEMP","MEN","PC_EMP","A","1997",9.64,
"GRC","SELFEMPWEMP","MEN","PC_EMP","A","1998",9.722,"B"
"GRC","SELFEMPWEMP","MEN","PC_EMP","A","1999",10.049,
"GRC","SELFEMPWEMP","MEN","PC_EMP","A","2000",10.354,
"GRC","SELFEMPWEMP","MEN","PC_EMP","A","2001",10.682,"B"
"GRC","SELFEMPWEMP","MEN","PC_EMP","A","2002",9.905,
"GRC","SELFEMPWEMP","MEN","PC_EMP","A","2003",9.473,
"GRC","SELFEMPWEMP","MEN","PC_EMP","A","2004",10.409,
"GRC","SELFEMPWEMP","MEN","PC_EMP","A","2005",10.133,"B"
"GRC","SELFEMPWEMP","MEN","PC_EMP","A","2006",10.349,
"GRC","SELFEMPWEMP","MEN","PC_EMP","A","2007",10.39,
"GRC","SELFEMPWEMP","MEN","PC_EMP","A","2008",10.867,
"GRC","SELFEMPWEMP","MEN","PC_EMP","A","2009",10.889,"B"
"GRC","SELFEMPWEMP","MEN","PC_EMP","A","2010",10.293,
"GRC","SELFEMPWEMP","MEN","PC_EMP","A","2011",9.843,
"GRC","SELFEMPWEMP","MEN","PC_EMP","A","2012",8.9,
"GRC","SELFEMPWEMP","MEN","PC_EMP","A","2013",8.267,
"GRC","SELFEMPWEMP","MEN","PC_EMP","A","2014",7.959,"B"
"GRC","SELFEMPWEMP","MEN","PC_EMP","A","2015",8.56,
"GRC","SELFEMPWEMP","WOMEN","PC_EMP","A","1991",2.427,
"GRC","SELFEMPWEMP","WOMEN","PC_EMP","A","1992",2.571,
"GRC","SELFEMPWEMP","WOMEN","PC_EMP","A","1993",2.708,
"GRC","SELFEMPWEMP","WOMEN","PC_EMP","A","1994",2.564,
"GRC","SELFEMPWEMP","WOMEN","PC_EMP","A","1995",2.283,
"GRC","SELFEMPWEMP","WOMEN","PC_EMP","A","1996",2.811,
"GRC","SELFEMPWEMP","WOMEN","PC_EMP","A","1997",2.733,
"GRC","SELFEMPWEMP","WOMEN","PC_EMP","A","1998",2.919,"B"
"GRC","SELFEMPWEMP","WOMEN","PC_EMP","A","1999",3.201,
"GRC","SELFEMPWEMP","WOMEN","PC_EMP","A","2000",3.818,
"GRC","SELFEMPWEMP","WOMEN","PC_EMP","A","2001",3.766,"B"
"GRC","SELFEMPWEMP","WOMEN","PC_EMP","A","2002",3.294,
"GRC","SELFEMPWEMP","WOMEN","PC_EMP","A","2003",3.297,
"GRC","SELFEMPWEMP","WOMEN","PC_EMP","A","2004",3.625,
"GRC","SELFEMPWEMP","WOMEN","PC_EMP","A","2005",3.889,"B"
"GRC","SELFEMPWEMP","WOMEN","PC_EMP","A","2006",4.084,
"GRC","SELFEMPWEMP","WOMEN","PC_EMP","A","2007",4.09,
"GRC","SELFEMPWEMP","WOMEN","PC_EMP","A","2008",4.214,
"GRC","SELFEMPWEMP","WOMEN","PC_EMP","A","2009",4.124,"B"
"GRC","SELFEMPWEMP","WOMEN","PC_EMP","A","2010",3.961,
"GRC","SELFEMPWEMP","WOMEN","PC_EMP","A","2011",4.131,
"GRC","SELFEMPWEMP","WOMEN","PC_EMP","A","2012",4.086,
"GRC","SELFEMPWEMP","WOMEN","PC_EMP","A","2013",4.191,
"GRC","SELFEMPWEMP","WOMEN","PC_EMP","A","2014",3.89,"B"
"GRC","SELFEMPWEMP","WOMEN","PC_EMP","A","2015",4.326,
"HUN","SELFEMPWEMP","MEN","PC_EMP","A","2000",6.746,
"HUN","SELFEMPWEMP","MEN","PC_EMP","A","2001",7.399,"B"
"HUN","SELFEMPWEMP","MEN","PC_EMP","A","2002",6.873,
"HUN","SELFEMPWEMP","MEN","PC_EMP","A","2003",6.895,
"HUN","SELFEMPWEMP","MEN","PC_EMP","A","2004",7.625,
"HUN","SELFEMPWEMP","MEN","PC_EMP","A","2005",7.8,"B"
"HUN","SELFEMPWEMP","MEN","PC_EMP","A","2006",7.234,
"HUN","SELFEMPWEMP","MEN","PC_EMP","A","2007",6.899,
"HUN","SELFEMPWEMP","MEN","PC_EMP","A","2008",6.836,
"HUN","SELFEMPWEMP","MEN","PC_EMP","A","2009",7.077,
"HUN","SELFEMPWEMP","MEN","PC_EMP","A","2010",7.144,
"HUN","SELFEMPWEMP","MEN","PC_EMP","A","2011",7.002,
"HUN","SELFEMPWEMP","MEN","PC_EMP","A","2012",6.98,
"HUN","SELFEMPWEMP","MEN","PC_EMP","A","2013",6.822,
"HUN","SELFEMPWEMP","MEN","PC_EMP","A","2014",6.764,"B"
"HUN","SELFEMPWEMP","MEN","PC_EMP","A","2015",6.62,
"HUN","SELFEMPWEMP","WOMEN","PC_EMP","A","2000",2.968,
"HUN","SELFEMPWEMP","WOMEN","PC_EMP","A","2001",3.136,"B"
"HUN","SELFEMPWEMP","WOMEN","PC_EMP","A","2002",3.236,
"HUN","SELFEMPWEMP","WOMEN","PC_EMP","A","2003",2.994,
"HUN","SELFEMPWEMP","WOMEN","PC_EMP","A","2004",3.696,
"HUN","SELFEMPWEMP","WOMEN","PC_EMP","A","2005",3.556,"B"
"HUN","SELFEMPWEMP","WOMEN","PC_EMP","A","2006",3.274,
"HUN","SELFEMPWEMP","WOMEN","PC_EMP","A","2007",3.135,
"HUN","SELFEMPWEMP","WOMEN","PC_EMP","A","2008",2.968,
"HUN","SELFEMPWEMP","WOMEN","PC_EMP","A","2009",3.156,
"HUN","SELFEMPWEMP","WOMEN","PC_EMP","A","2010",3.36,
"HUN","SELFEMPWEMP","WOMEN","PC_EMP","A","2011",3.11,
"HUN","SELFEMPWEMP","WOMEN","PC_EMP","A","2012",3.021,
"HUN","SELFEMPWEMP","WOMEN","PC_EMP","A","2013",3.07,
"HUN","SELFEMPWEMP","WOMEN","PC_EMP","A","2014",2.962,"B"
"HUN","SELFEMPWEMP","WOMEN","PC_EMP","A","2015",2.998,
"ISL","SELFEMPWEMP","MEN","PC_EMP","A","1995",9.585,
"ISL","SELFEMPWEMP","MEN","PC_EMP","A","1996",11.864,
"ISL","SELFEMPWEMP","MEN","PC_EMP","A","1997",8.192,
"ISL","SELFEMPWEMP","MEN","PC_EMP","A","1998",8.707,"B"
"ISL","SELFEMPWEMP","MEN","PC_EMP","A","1999",9.043,
"ISL","SELFEMPWEMP","MEN","PC_EMP","A","2000",9.62,
"ISL","SELFEMPWEMP","MEN","PC_EMP","A","2001",9.294,
"ISL","SELFEMPWEMP","MEN","PC_EMP","A","2002",9.252,
"ISL","SELFEMPWEMP","MEN","PC_EMP","A","2003",5.905,"B"
"ISL","SELFEMPWEMP","MEN","PC_EMP","A","2004",6.439,
"ISL","SELFEMPWEMP","MEN","PC_EMP","A","2005",7.522,"B"
"ISL","SELFEMPWEMP","MEN","PC_EMP","A","2006",7.56,
"ISL","SELFEMPWEMP","MEN","PC_EMP","A","2007",6.602,
"ISL","SELFEMPWEMP","MEN","PC_EMP","A","2008",6.365,
"ISL","SELFEMPWEMP","MEN","PC_EMP","A","2009",6.459,
"ISL","SELFEMPWEMP","MEN","PC_EMP","A","2010",5.474,
"ISL","SELFEMPWEMP","MEN","PC_EMP","A","2011",5.474,
"ISL","SELFEMPWEMP","MEN","PC_EMP","A","2012",5.649,
"ISL","SELFEMPWEMP","MEN","PC_EMP","A","2013",5.704,
"ISL","SELFEMPWEMP","MEN","PC_EMP","A","2014",5.613,"B"
"ISL","SELFEMPWEMP","MEN","PC_EMP","A","2015",5.327,
"ISL","SELFEMPWEMP","WOMEN","PC_EMP","A","1995",3.668,
"ISL","SELFEMPWEMP","WOMEN","PC_EMP","A","1996",4.173,
"ISL","SELFEMPWEMP","WOMEN","PC_EMP","A","1997",3.902,
"ISL","SELFEMPWEMP","WOMEN","PC_EMP","A","1998",3.432,"B"
"ISL","SELFEMPWEMP","WOMEN","PC_EMP","A","1999",3.566,
"ISL","SELFEMPWEMP","WOMEN","PC_EMP","A","2000",4.213,
"ISL","SELFEMPWEMP","WOMEN","PC_EMP","A","2001",2.954,
"ISL","SELFEMPWEMP","WOMEN","PC_EMP","A","2002",2.388,
"ISL","SELFEMPWEMP","WOMEN","PC_EMP","A","2003",2.235,"B"
"ISL","SELFEMPWEMP","WOMEN","PC_EMP","A","2004",2.657,
"ISL","SELFEMPWEMP","WOMEN","PC_EMP","A","2005",2.61,"B"
"ISL","SELFEMPWEMP","WOMEN","PC_EMP","A","2006",2.276,
"ISL","SELFEMPWEMP","WOMEN","PC_EMP","A","2007",2.724,
"ISL","SELFEMPWEMP","WOMEN","PC_EMP","A","2008",2.439,
"ISL","SELFEMPWEMP","WOMEN","PC_EMP","A","2009",1.579,
"ISL","SELFEMPWEMP","WOMEN","PC_EMP","A","2010",2.353,
"ISL","SELFEMPWEMP","WOMEN","PC_EMP","A","2011",2.338,
"ISL","SELFEMPWEMP","WOMEN","PC_EMP","A","2012",2.062,
"ISL","SELFEMPWEMP","WOMEN","PC_EMP","A","2013",2.138,
"ISL","SELFEMPWEMP","WOMEN","PC_EMP","A","2014",1.471,"B"
"ISL","SELFEMPWEMP","WOMEN","PC_EMP","A","2015",1.551,
"IRL","SELFEMPWEMP","MEN","PC_EMP","A","1991",6.644,
"IRL","SELFEMPWEMP","MEN","PC_EMP","A","1992",7.391,
"IRL","SELFEMPWEMP","MEN","PC_EMP","A","1993",7.937,
"IRL","SELFEMPWEMP","MEN","PC_EMP","A","1994",7.559,
"IRL","SELFEMPWEMP","MEN","PC_EMP","A","1995",7.501,
"IRL","SELFEMPWEMP","MEN","PC_EMP","A","1996",6.561,
"IRL","SELFEMPWEMP","MEN","PC_EMP","A","1997",7.107,
"IRL","SELFEMPWEMP","MEN","PC_EMP","A","1998",8.068,"B"
"IRL","SELFEMPWEMP","MEN","PC_EMP","A","1999",7.864,
"IRL","SELFEMPWEMP","MEN","PC_EMP","A","2000",8.007,
"IRL","SELFEMPWEMP","MEN","PC_EMP","A","2001",8.144,
"IRL","SELFEMPWEMP","MEN","PC_EMP","A","2002",8.176,
"IRL","SELFEMPWEMP","MEN","PC_EMP","A","2003",8.04,
"IRL","SELFEMPWEMP","MEN","PC_EMP","A","2004",7.897,
"IRL","SELFEMPWEMP","MEN","PC_EMP","A","2005",7.934,"B"
"IRL","SELFEMPWEMP","MEN","PC_EMP","A","2006",7.665,
"IRL","SELFEMPWEMP","MEN","PC_EMP","A","2007",8.04,"B"
"IRL","SELFEMPWEMP","MEN","PC_EMP","A","2008",8.116,
"IRL","SELFEMPWEMP","MEN","PC_EMP","A","2009",7.898,"B"
"IRL","SELFEMPWEMP","MEN","PC_EMP","A","2010",7.255,
"IRL","SELFEMPWEMP","MEN","PC_EMP","A","2011",6.745,
"IRL","SELFEMPWEMP","MEN","PC_EMP","A","2012",6.531,
"IRL","SELFEMPWEMP","MEN","PC_EMP","A","2013",6.158,
"IRL","SELFEMPWEMP","MEN","PC_EMP","A","2014",6.359,"B"
"IRL","SELFEMPWEMP","MEN","PC_EMP","A","2015",6.388,
"IRL","SELFEMPWEMP","WOMEN","PC_EMP","A","1991",2.349,
"IRL","SELFEMPWEMP","WOMEN","PC_EMP","A","1992",2.474,
"IRL","SELFEMPWEMP","WOMEN","PC_EMP","A","1993",2.727,
"IRL","SELFEMPWEMP","WOMEN","PC_EMP","A","1994",2.596,
"IRL","SELFEMPWEMP","WOMEN","PC_EMP","A","1995",2.243,
"IRL","SELFEMPWEMP","WOMEN","PC_EMP","A","1996",2.262,
"IRL","SELFEMPWEMP","WOMEN","PC_EMP","A","1997",2.44,
"IRL","SELFEMPWEMP","WOMEN","PC_EMP","A","1998",2.832,"B"
"IRL","SELFEMPWEMP","WOMEN","PC_EMP","A","1999",2.664,
"IRL","SELFEMPWEMP","WOMEN","PC_EMP","A","2000",2.635,
"IRL","SELFEMPWEMP","WOMEN","PC_EMP","A","2001",2.659,
"IRL","SELFEMPWEMP","WOMEN","PC_EMP","A","2002",2.346,
"IRL","SELFEMPWEMP","WOMEN","PC_EMP","A","2003",2.311,
"IRL","SELFEMPWEMP","WOMEN","PC_EMP","A","2004",2.594,
"IRL","SELFEMPWEMP","WOMEN","PC_EMP","A","2005",2.256,"B"
"IRL","SELFEMPWEMP","WOMEN","PC_EMP","A","2006",2.152,
"IRL","SELFEMPWEMP","WOMEN","PC_EMP","A","2007",2.349,"B"
"IRL","SELFEMPWEMP","WOMEN","PC_EMP","A","2008",2.265,
"IRL","SELFEMPWEMP","WOMEN","PC_EMP","A","2009",2.369,"B"
"IRL","SELFEMPWEMP","WOMEN","PC_EMP","A","2010",2.255,
"IRL","SELFEMPWEMP","WOMEN","PC_EMP","A","2011",2.219,
"IRL","SELFEMPWEMP","WOMEN","PC_EMP","A","2012",2.24,
"IRL","SELFEMPWEMP","WOMEN","PC_EMP","A","2013",2.399,
"IRL","SELFEMPWEMP","WOMEN","PC_EMP","A","2014",2.153,"B"
"IRL","SELFEMPWEMP","WOMEN","PC_EMP","A","2015",2.208,
"ITA","SELFEMPWEMP","MEN","PC_EMP","A","1995",14.852,
"ITA","SELFEMPWEMP","MEN","PC_EMP","A","1996",14.931,
"ITA","SELFEMPWEMP","MEN","PC_EMP","A","1997",14.91,
"ITA","SELFEMPWEMP","MEN","PC_EMP","A","1998",14.723,"B"
"ITA","SELFEMPWEMP","MEN","PC_EMP","A","1999",14.789,
"ITA","SELFEMPWEMP","MEN","PC_EMP","A","2000",14.999,
"ITA","SELFEMPWEMP","MEN","PC_EMP","A","2001",14.591,
"ITA","SELFEMPWEMP","MEN","PC_EMP","A","2002",14.557,
"ITA","SELFEMPWEMP","MEN","PC_EMP","A","2003",14.791,
"ITA","SELFEMPWEMP","MEN","PC_EMP","A","2004",8.899,"B"
"ITA","SELFEMPWEMP","MEN","PC_EMP","A","2005",8.958,"B"
"ITA","SELFEMPWEMP","MEN","PC_EMP","A","2006",8.81,
"ITA","SELFEMPWEMP","MEN","PC_EMP","A","2007",8.731,
"ITA","SELFEMPWEMP","MEN","PC_EMP","A","2008",8.607,
"ITA","SELFEMPWEMP","MEN","PC_EMP","A","2009",8.456,
"ITA","SELFEMPWEMP","MEN","PC_EMP","A","2010",8.429,
"ITA","SELFEMPWEMP","MEN","PC_EMP","A","2011",8.356,
"ITA","SELFEMPWEMP","MEN","PC_EMP","A","2012",8.177,
"ITA","SELFEMPWEMP","MEN","PC_EMP","A","2013",8.465,
"ITA","SELFEMPWEMP","MEN","PC_EMP","A","2014",8.119,"B"
"ITA","SELFEMPWEMP","MEN","PC_EMP","A","2015",7.845,
"ITA","SELFEMPWEMP","WOMEN","PC_EMP","A","1995",8.051,
"ITA","SELFEMPWEMP","WOMEN","PC_EMP","A","1996",8.202,
"ITA","SELFEMPWEMP","WOMEN","PC_EMP","A","1997",8.019,
"ITA","SELFEMPWEMP","WOMEN","PC_EMP","A","1998",7.527,"B"
"ITA","SELFEMPWEMP","WOMEN","PC_EMP","A","1999",8.117,
"ITA","SELFEMPWEMP","WOMEN","PC_EMP","A","2000",8.265,
"ITA","SELFEMPWEMP","WOMEN","PC_EMP","A","2001",7.472,
"ITA","SELFEMPWEMP","WOMEN","PC_EMP","A","2002",7.391,
"ITA","SELFEMPWEMP","WOMEN","PC_EMP","A","2003",7.45,
"ITA","SELFEMPWEMP","WOMEN","PC_EMP","A","2004",4.095,"B"
"ITA","SELFEMPWEMP","WOMEN","PC_EMP","A","2005",3.759,"B"
"ITA","SELFEMPWEMP","WOMEN","PC_EMP","A","2006",3.837,
"ITA","SELFEMPWEMP","WOMEN","PC_EMP","A","2007",3.777,
"ITA","SELFEMPWEMP","WOMEN","PC_EMP","A","2008",3.726,
"ITA","SELFEMPWEMP","WOMEN","PC_EMP","A","2009",3.547,
"ITA","SELFEMPWEMP","WOMEN","PC_EMP","A","2010",3.473,
"ITA","SELFEMPWEMP","WOMEN","PC_EMP","A","2011",3.526,
"ITA","SELFEMPWEMP","WOMEN","PC_EMP","A","2012",3.68,
"ITA","SELFEMPWEMP","WOMEN","PC_EMP","A","2013",3.925,
"ITA","SELFEMPWEMP","WOMEN","PC_EMP","A","2014",3.572,"B"
"ITA","SELFEMPWEMP","WOMEN","PC_EMP","A","2015",3.89,
"JPN","SELFEMPWEMP","MEN","PC_EMP","A","2011",2.788,
"JPN","SELFEMPWEMP","MEN","PC_EMP","A","2012",2.782,
"JPN","SELFEMPWEMP","MEN","PC_EMP","A","2013",2.723,
"JPN","SELFEMPWEMP","MEN","PC_EMP","A","2014",2.514,
"JPN","SELFEMPWEMP","MEN","PC_EMP","A","2015",2.421,
"JPN","SELFEMPWEMP","WOMEN","PC_EMP","A","2011",0.694,
"JPN","SELFEMPWEMP","WOMEN","PC_EMP","A","2012",0.647,
"JPN","SELFEMPWEMP","WOMEN","PC_EMP","A","2013",0.724,
"JPN","SELFEMPWEMP","WOMEN","PC_EMP","A","2014",0.686,
"JPN","SELFEMPWEMP","WOMEN","PC_EMP","A","2015",0.63,
"KOR","SELFEMPWEMP","MEN","PC_EMP","A","1990",9.048,
"KOR","SELFEMPWEMP","MEN","PC_EMP","A","1991",9.73,
"KOR","SELFEMPWEMP","MEN","PC_EMP","A","1992",10.097,
"KOR","SELFEMPWEMP","MEN","PC_EMP","A","1993",9.878,
"KOR","SELFEMPWEMP","MEN","PC_EMP","A","1994",10.229,
"KOR","SELFEMPWEMP","MEN","PC_EMP","A","1995",10.241,
"KOR","SELFEMPWEMP","MEN","PC_EMP","A","1996",10.566,
"KOR","SELFEMPWEMP","MEN","PC_EMP","A","1997",10.566,
"KOR","SELFEMPWEMP","MEN","PC_EMP","A","1998",9.69,
"KOR","SELFEMPWEMP","MEN","PC_EMP","A","1999",9.227,
"KOR","SELFEMPWEMP","MEN","PC_EMP","A","2000",9.647,
"KOR","SELFEMPWEMP","MEN","PC_EMP","A","2001",9.999,
"KOR","SELFEMPWEMP","MEN","PC_EMP","A","2002",10.136,
"KOR","SELFEMPWEMP","MEN","PC_EMP","A","2003",10.275,
"KOR","SELFEMPWEMP","MEN","PC_EMP","A","2004",10.293,
"KOR","SELFEMPWEMP","MEN","PC_EMP","A","2005",9.962,
"KOR","SELFEMPWEMP","MEN","PC_EMP","A","2006",9.655,
"KOR","SELFEMPWEMP","MEN","PC_EMP","A","2007",8.922,
"KOR","SELFEMPWEMP","MEN","PC_EMP","A","2008",8.611,
"KOR","SELFEMPWEMP","MEN","PC_EMP","A","2009",8.548,
"KOR","SELFEMPWEMP","MEN","PC_EMP","A","2010",8.437,
"KOR","SELFEMPWEMP","MEN","PC_EMP","A","2011",8.33,
"KOR","SELFEMPWEMP","MEN","PC_EMP","A","2012",8.396,
"KOR","SELFEMPWEMP","MEN","PC_EMP","A","2013",7.932,
"KOR","SELFEMPWEMP","MEN","PC_EMP","A","2014",8.026,
"KOR","SELFEMPWEMP","MEN","PC_EMP","A","2015",8.036,
"KOR","SELFEMPWEMP","WOMEN","PC_EMP","A","1990",2.698,
"KOR","SELFEMPWEMP","WOMEN","PC_EMP","A","1991",2.776,
"KOR","SELFEMPWEMP","WOMEN","PC_EMP","A","1992",2.893,
"KOR","SELFEMPWEMP","WOMEN","PC_EMP","A","1993",2.944,
"KOR","SELFEMPWEMP","WOMEN","PC_EMP","A","1994",3.155,
"KOR","SELFEMPWEMP","WOMEN","PC_EMP","A","1995",3.339,
"KOR","SELFEMPWEMP","WOMEN","PC_EMP","A","1996",3.529,
"KOR","SELFEMPWEMP","WOMEN","PC_EMP","A","1997",3.665,
"KOR","SELFEMPWEMP","WOMEN","PC_EMP","A","1998",3.004,
"KOR","SELFEMPWEMP","WOMEN","PC_EMP","A","1999",2.975,
"KOR","SELFEMPWEMP","WOMEN","PC_EMP","A","2000",2.999,
"KOR","SELFEMPWEMP","WOMEN","PC_EMP","A","2001",3.292,
"KOR","SELFEMPWEMP","WOMEN","PC_EMP","A","2002",3.295,
"KOR","SELFEMPWEMP","WOMEN","PC_EMP","A","2003",3.184,
"KOR","SELFEMPWEMP","WOMEN","PC_EMP","A","2004",3.428,
"KOR","SELFEMPWEMP","WOMEN","PC_EMP","A","2005",3.527,
"KOR","SELFEMPWEMP","WOMEN","PC_EMP","A","2006",3.441,
"KOR","SELFEMPWEMP","WOMEN","PC_EMP","A","2007",3.542,
"KOR","SELFEMPWEMP","WOMEN","PC_EMP","A","2008",3.514,
"KOR","SELFEMPWEMP","WOMEN","PC_EMP","A","2009",3.5,
"KOR","SELFEMPWEMP","WOMEN","PC_EMP","A","2010",3.278,
"KOR","SELFEMPWEMP","WOMEN","PC_EMP","A","2011",3.231,
"KOR","SELFEMPWEMP","WOMEN","PC_EMP","A","2012",3.313,
"KOR","SELFEMPWEMP","WOMEN","PC_EMP","A","2013",3.373,
"KOR","SELFEMPWEMP","WOMEN","PC_EMP","A","2014",3.336,
"KOR","SELFEMPWEMP","WOMEN","PC_EMP","A","2015",3.447,
"LUX","SELFEMPWEMP","MEN","PC_EMP","A","1991",4.503,
"LUX","SELFEMPWEMP","MEN","PC_EMP","A","1992",4.835,
"LUX","SELFEMPWEMP","MEN","PC_EMP","A","1993",5.022,
"LUX","SELFEMPWEMP","MEN","PC_EMP","A","1994",6.009,
"LUX","SELFEMPWEMP","MEN","PC_EMP","A","1995",6.701,
"LUX","SELFEMPWEMP","MEN","PC_EMP","A","1996",7.218,
"LUX","SELFEMPWEMP","MEN","PC_EMP","A","1997",6.917,
"LUX","SELFEMPWEMP","MEN","PC_EMP","A","1998",6.479,"B"
"LUX","SELFEMPWEMP","MEN","PC_EMP","A","1999",6.702,
"LUX","SELFEMPWEMP","MEN","PC_EMP","A","2000",6.453,
"LUX","SELFEMPWEMP","MEN","PC_EMP","A","2001",6.624,
"LUX","SELFEMPWEMP","MEN","PC_EMP","A","2002",6.315,
"LUX","SELFEMPWEMP","MEN","PC_EMP","A","2004",3.585,
"LUX","SELFEMPWEMP","MEN","PC_EMP","A","2005",3.594,"B"
"LUX","SELFEMPWEMP","MEN","PC_EMP","A","2006",3.713,
"LUX","SELFEMPWEMP","MEN","PC_EMP","A","2007",3.565,"B"
"LUX","SELFEMPWEMP","MEN","PC_EMP","A","2008",3.561,
"LUX","SELFEMPWEMP","MEN","PC_EMP","A","2009",3.645,"B"
"LUX","SELFEMPWEMP","MEN","PC_EMP","A","2010",4.13,
"LUX","SELFEMPWEMP","MEN","PC_EMP","A","2011",3.418,
"LUX","SELFEMPWEMP","MEN","PC_EMP","A","2012",3.991,
"LUX","SELFEMPWEMP","MEN","PC_EMP","A","2013",3.194,
"LUX","SELFEMPWEMP","MEN","PC_EMP","A","2014",3.284,"B"
"LUX","SELFEMPWEMP","MEN","PC_EMP","A","2015",4.438,"B"
"LUX","SELFEMPWEMP","WOMEN","PC_EMP","A","1991",2.154,
"LUX","SELFEMPWEMP","WOMEN","PC_EMP","A","1992",2.318,
"LUX","SELFEMPWEMP","WOMEN","PC_EMP","A","1993",2.513,
"LUX","SELFEMPWEMP","WOMEN","PC_EMP","A","1994",3.045,
"LUX","SELFEMPWEMP","WOMEN","PC_EMP","A","1995",3.763,
"LUX","SELFEMPWEMP","WOMEN","PC_EMP","A","1996",3.621,
"LUX","SELFEMPWEMP","WOMEN","PC_EMP","A","1997",3.174,
"LUX","SELFEMPWEMP","WOMEN","PC_EMP","A","1998",3.264,"B"
"LUX","SELFEMPWEMP","WOMEN","PC_EMP","A","1999",3.422,
"LUX","SELFEMPWEMP","WOMEN","PC_EMP","A","2000",3.352,
"LUX","SELFEMPWEMP","WOMEN","PC_EMP","A","2001",2.88,
"LUX","SELFEMPWEMP","WOMEN","PC_EMP","A","2002",2.414,
"LUX","SELFEMPWEMP","WOMEN","PC_EMP","A","2004",1.645,
"LUX","SELFEMPWEMP","WOMEN","PC_EMP","A","2005",1.572,"B"
"LUX","SELFEMPWEMP","WOMEN","PC_EMP","A","2006",1.609,
"LUX","SELFEMPWEMP","WOMEN","PC_EMP","A","2007",1.536,"B"
"LUX","SELFEMPWEMP","WOMEN","PC_EMP","A","2008",1.492,
"LUX","SELFEMPWEMP","WOMEN","PC_EMP","A","2009",1.455,"B"
"LUX","SELFEMPWEMP","WOMEN","PC_EMP","A","2010",1.682,
"LUX","SELFEMPWEMP","WOMEN","PC_EMP","A","2011",1.448,
"LUX","SELFEMPWEMP","WOMEN","PC_EMP","A","2012",1.838,
"LUX","SELFEMPWEMP","WOMEN","PC_EMP","A","2013",1.818,
"LUX","SELFEMPWEMP","WOMEN","PC_EMP","A","2014",1.195,"B"
"LUX","SELFEMPWEMP","WOMEN","PC_EMP","A","2015",2.253,"B"
"MEX","SELFEMPWEMP","MEN","PC_EMP","A","1998",5.995,
"MEX","SELFEMPWEMP","MEN","PC_EMP","A","1999",5.544,
"MEX","SELFEMPWEMP","MEN","PC_EMP","A","2000",5.788,
"MEX","SELFEMPWEMP","MEN","PC_EMP","A","2001",6.039,
"MEX","SELFEMPWEMP","MEN","PC_EMP","A","2002",5.914,
"MEX","SELFEMPWEMP","MEN","PC_EMP","A","2003",5.712,
"MEX","SELFEMPWEMP","MEN","PC_EMP","A","2004",5.679,
"MEX","SELFEMPWEMP","MEN","PC_EMP","A","2005",6.259,
"MEX","SELFEMPWEMP","MEN","PC_EMP","A","2006",6.456,
"MEX","SELFEMPWEMP","MEN","PC_EMP","A","2007",6.59,
"MEX","SELFEMPWEMP","MEN","PC_EMP","A","2008",6.122,
"MEX","SELFEMPWEMP","MEN","PC_EMP","A","2009",5.834,
"MEX","SELFEMPWEMP","MEN","PC_EMP","A","2010",5.819,
"MEX","SELFEMPWEMP","MEN","PC_EMP","A","2011",5.708,
"MEX","SELFEMPWEMP","MEN","PC_EMP","A","2012",5.972,
"MEX","SELFEMPWEMP","MEN","PC_EMP","A","2013",5.554,
"MEX","SELFEMPWEMP","MEN","PC_EMP","A","2014",5.096,
"MEX","SELFEMPWEMP","MEN","PC_EMP","A","2015",5.257,
"MEX","SELFEMPWEMP","WOMEN","PC_EMP","A","1998",1.988,
"MEX","SELFEMPWEMP","WOMEN","PC_EMP","A","1999",1.96,
"MEX","SELFEMPWEMP","WOMEN","PC_EMP","A","2000",1.927,
"MEX","SELFEMPWEMP","WOMEN","PC_EMP","A","2001",1.947,
"MEX","SELFEMPWEMP","WOMEN","PC_EMP","A","2002",1.943,
"MEX","SELFEMPWEMP","WOMEN","PC_EMP","A","2003",1.817,
"MEX","SELFEMPWEMP","WOMEN","PC_EMP","A","2004",1.917,
"MEX","SELFEMPWEMP","WOMEN","PC_EMP","A","2005",2.107,
"MEX","SELFEMPWEMP","WOMEN","PC_EMP","A","2006",2.353,
"MEX","SELFEMPWEMP","WOMEN","PC_EMP","A","2007",2.503,
"MEX","SELFEMPWEMP","WOMEN","PC_EMP","A","2008",2.3,
"MEX","SELFEMPWEMP","WOMEN","PC_EMP","A","2009",2.225,
"MEX","SELFEMPWEMP","WOMEN","PC_EMP","A","2010",2.249,
"MEX","SELFEMPWEMP","WOMEN","PC_EMP","A","2011",2.037,
"MEX","SELFEMPWEMP","WOMEN","PC_EMP","A","2012",2.419,
"MEX","SELFEMPWEMP","WOMEN","PC_EMP","A","2013",2.254,
"MEX","SELFEMPWEMP","WOMEN","PC_EMP","A","2014",2.013,
"MEX","SELFEMPWEMP","WOMEN","PC_EMP","A","2015",2.257,
"NLD","SELFEMPWEMP","MEN","PC_EMP","A","1991",4.322,
"NLD","SELFEMPWEMP","MEN","PC_EMP","A","1992",4.809,
"NLD","SELFEMPWEMP","MEN","PC_EMP","A","1993",4.929,
"NLD","SELFEMPWEMP","MEN","PC_EMP","A","1994",5.554,
"NLD","SELFEMPWEMP","MEN","PC_EMP","A","1995",5.454,
"NLD","SELFEMPWEMP","MEN","PC_EMP","A","1996",5.152,
"NLD","SELFEMPWEMP","MEN","PC_EMP","A","1997",5.278,
"NLD","SELFEMPWEMP","MEN","PC_EMP","A","1998",5.415,"B"
"NLD","SELFEMPWEMP","MEN","PC_EMP","A","1999",5.18,
"NLD","SELFEMPWEMP","MEN","PC_EMP","A","2000",4.312,
"NLD","SELFEMPWEMP","MEN","PC_EMP","A","2001",4.529,
"NLD","SELFEMPWEMP","MEN","PC_EMP","A","2002",4.766,
"NLD","SELFEMPWEMP","MEN","PC_EMP","A","2003",5.003,
"NLD","SELFEMPWEMP","MEN","PC_EMP","A","2004",5.06,
"NLD","SELFEMPWEMP","MEN","PC_EMP","A","2005",5.267,"B"
"NLD","SELFEMPWEMP","MEN","PC_EMP","A","2006",5.336,
"NLD","SELFEMPWEMP","MEN","PC_EMP","A","2007",5.505,
"NLD","SELFEMPWEMP","MEN","PC_EMP","A","2008",5.367,
"NLD","SELFEMPWEMP","MEN","PC_EMP","A","2009",5.271,
"NLD","SELFEMPWEMP","MEN","PC_EMP","A","2010",5.521,"B"
"NLD","SELFEMPWEMP","MEN","PC_EMP","A","2011",5.435,
"NLD","SELFEMPWEMP","MEN","PC_EMP","A","2012",5.341,
"NLD","SELFEMPWEMP","MEN","PC_EMP","A","2013",5.448,"B"
"NLD","SELFEMPWEMP","MEN","PC_EMP","A","2014",5.545,"B"
"NLD","SELFEMPWEMP","MEN","PC_EMP","A","2015",5.276,
"NLD","SELFEMPWEMP","WOMEN","PC_EMP","A","1991",1.604,
"NLD","SELFEMPWEMP","WOMEN","PC_EMP","A","1992",1.279,
"NLD","SELFEMPWEMP","WOMEN","PC_EMP","A","1993",1.367,
"NLD","SELFEMPWEMP","WOMEN","PC_EMP","A","1994",1.787,
"NLD","SELFEMPWEMP","WOMEN","PC_EMP","A","1995",1.794,
"NLD","SELFEMPWEMP","WOMEN","PC_EMP","A","1996",1.879,
"NLD","SELFEMPWEMP","WOMEN","PC_EMP","A","1997",1.958,
"NLD","SELFEMPWEMP","WOMEN","PC_EMP","A","1998",1.91,"B"
"NLD","SELFEMPWEMP","WOMEN","PC_EMP","A","1999",2.169,
"NLD","SELFEMPWEMP","WOMEN","PC_EMP","A","2000",1.686,
"NLD","SELFEMPWEMP","WOMEN","PC_EMP","A","2001",1.758,
"NLD","SELFEMPWEMP","WOMEN","PC_EMP","A","2002",1.866,
"NLD","SELFEMPWEMP","WOMEN","PC_EMP","A","2003",1.707,
"NLD","SELFEMPWEMP","WOMEN","PC_EMP","A","2004",2.009,
"NLD","SELFEMPWEMP","WOMEN","PC_EMP","A","2005",1.899,"B"
"NLD","SELFEMPWEMP","WOMEN","PC_EMP","A","2006",1.959,
"NLD","SELFEMPWEMP","WOMEN","PC_EMP","A","2007",1.89,
"NLD","SELFEMPWEMP","WOMEN","PC_EMP","A","2008",1.755,
"NLD","SELFEMPWEMP","WOMEN","PC_EMP","A","2009",1.873,
"NLD","SELFEMPWEMP","WOMEN","PC_EMP","A","2010",1.931,"B"
"NLD","SELFEMPWEMP","WOMEN","PC_EMP","A","2011",2.021,
"NLD","SELFEMPWEMP","WOMEN","PC_EMP","A","2012",1.985,
"NLD","SELFEMPWEMP","WOMEN","PC_EMP","A","2013",2.008,"B"
"NLD","SELFEMPWEMP","WOMEN","PC_EMP","A","2014",2.046,"B"
"NLD","SELFEMPWEMP","WOMEN","PC_EMP","A","2015",2.069,
"NOR","SELFEMPWEMP","MEN","PC_EMP","A","1995",4.397,
"NOR","SELFEMPWEMP","MEN","PC_EMP","A","1996",3.361,
"NOR","SELFEMPWEMP","MEN","PC_EMP","A","1997",2.62,
"NOR","SELFEMPWEMP","MEN","PC_EMP","A","1998",2.545,"B"
"NOR","SELFEMPWEMP","MEN","PC_EMP","A","1999",2.234,
"NOR","SELFEMPWEMP","MEN","PC_EMP","A","2000",2.33,
"NOR","SELFEMPWEMP","MEN","PC_EMP","A","2001",2.266,
"NOR","SELFEMPWEMP","MEN","PC_EMP","A","2002",1.84,
"NOR","SELFEMPWEMP","MEN","PC_EMP","A","2003",1.898,"B"
"NOR","SELFEMPWEMP","MEN","PC_EMP","A","2004",2.127,
"NOR","SELFEMPWEMP","MEN","PC_EMP","A","2005",2.015,"B"
"NOR","SELFEMPWEMP","MEN","PC_EMP","A","2006",2.749,"B"
"NOR","SELFEMPWEMP","MEN","PC_EMP","A","2007",2.773,
"NOR","SELFEMPWEMP","MEN","PC_EMP","A","2008",2.736,
"NOR","SELFEMPWEMP","MEN","PC_EMP","A","2009",3.104,
"NOR","SELFEMPWEMP","MEN","PC_EMP","A","2010",3.065,
"NOR","SELFEMPWEMP","MEN","PC_EMP","A","2011",2.488,
"NOR","SELFEMPWEMP","MEN","PC_EMP","A","2012",2.396,
"NOR","SELFEMPWEMP","MEN","PC_EMP","A","2013",2.49,
"NOR","SELFEMPWEMP","MEN","PC_EMP","A","2014",2.779,"B"
"NOR","SELFEMPWEMP","MEN","PC_EMP","A","2015",2.428,
"NOR","SELFEMPWEMP","WOMEN","PC_EMP","A","1995",2.116,
"NOR","SELFEMPWEMP","WOMEN","PC_EMP","A","1996",1.13,
"NOR","SELFEMPWEMP","WOMEN","PC_EMP","A","1997",1.048,
"NOR","SELFEMPWEMP","WOMEN","PC_EMP","A","1998",0.951,"B"
"NOR","SELFEMPWEMP","WOMEN","PC_EMP","A","1999",1.008,
"NOR","SELFEMPWEMP","WOMEN","PC_EMP","A","2000",0.981,
"NOR","SELFEMPWEMP","WOMEN","PC_EMP","A","2001",0.892,
"NOR","SELFEMPWEMP","WOMEN","PC_EMP","A","2002",0.815,
"NOR","SELFEMPWEMP","WOMEN","PC_EMP","A","2003",0.872,"B"
"NOR","SELFEMPWEMP","WOMEN","PC_EMP","A","2004",0.922,
"NOR","SELFEMPWEMP","WOMEN","PC_EMP","A","2005",0.895,"B"
"NOR","SELFEMPWEMP","WOMEN","PC_EMP","A","2006",1.098,"B"
"NOR","SELFEMPWEMP","WOMEN","PC_EMP","A","2007",1.202,
"NOR","SELFEMPWEMP","WOMEN","PC_EMP","A","2008",1.191,
"NOR","SELFEMPWEMP","WOMEN","PC_EMP","A","2009",1.176,
"NOR","SELFEMPWEMP","WOMEN","PC_EMP","A","2010",1.096,
"NOR","SELFEMPWEMP","WOMEN","PC_EMP","A","2011",0.954,
"NOR","SELFEMPWEMP","WOMEN","PC_EMP","A","2012",0.94,
"NOR","SELFEMPWEMP","WOMEN","PC_EMP","A","2013",1.01,
"NOR","SELFEMPWEMP","WOMEN","PC_EMP","A","2014",0.745,"B"
"NOR","SELFEMPWEMP","WOMEN","PC_EMP","A","2015",0.785,
"POL","SELFEMPWEMP","MEN","PC_EMP","A","1997",4.723,
"POL","SELFEMPWEMP","MEN","PC_EMP","A","1998",5.195,"B"
"POL","SELFEMPWEMP","MEN","PC_EMP","A","1999",4.886,
"POL","SELFEMPWEMP","MEN","PC_EMP","A","2000",4.845,"B"
"POL","SELFEMPWEMP","MEN","PC_EMP","A","2001",4.682,
"POL","SELFEMPWEMP","MEN","PC_EMP","A","2002",4.85,
"POL","SELFEMPWEMP","MEN","PC_EMP","A","2003",4.822,"B"
"POL","SELFEMPWEMP","MEN","PC_EMP","A","2004",5.051,"B"
"POL","SELFEMPWEMP","MEN","PC_EMP","A","2005",4.929,"B"
"POL","SELFEMPWEMP","MEN","PC_EMP","A","2006",5.061,
"POL","SELFEMPWEMP","MEN","PC_EMP","A","2007",5.079,
"POL","SELFEMPWEMP","MEN","PC_EMP","A","2008",5.111,
"POL","SELFEMPWEMP","MEN","PC_EMP","A","2009",5.238,
"POL","SELFEMPWEMP","MEN","PC_EMP","A","2010",5.401,"B"
"POL","SELFEMPWEMP","MEN","PC_EMP","A","2011",5.244,
"POL","SELFEMPWEMP","MEN","PC_EMP","A","2012",5.157,
"POL","SELFEMPWEMP","MEN","PC_EMP","A","2013",5.197,
"POL","SELFEMPWEMP","MEN","PC_EMP","A","2014",5.106,"B"
"POL","SELFEMPWEMP","MEN","PC_EMP","A","2015",4.88,
"POL","SELFEMPWEMP","WOMEN","PC_EMP","A","1997",2.478,
"POL","SELFEMPWEMP","WOMEN","PC_EMP","A","1998",2.744,"B"
"POL","SELFEMPWEMP","WOMEN","PC_EMP","A","1999",2.701,
"POL","SELFEMPWEMP","WOMEN","PC_EMP","A","2000",2.677,"B"
"POL","SELFEMPWEMP","WOMEN","PC_EMP","A","2001",2.435,
"POL","SELFEMPWEMP","WOMEN","PC_EMP","A","2002",2.462,
"POL","SELFEMPWEMP","WOMEN","PC_EMP","A","2003",2.519,"B"
"POL","SELFEMPWEMP","WOMEN","PC_EMP","A","2004",2.772,"B"
"POL","SELFEMPWEMP","WOMEN","PC_EMP","A","2005",2.735,"B"
"POL","SELFEMPWEMP","WOMEN","PC_EMP","A","2006",2.742,
"POL","SELFEMPWEMP","WOMEN","PC_EMP","A","2007",2.75,
"POL","SELFEMPWEMP","WOMEN","PC_EMP","A","2008",2.729,
"POL","SELFEMPWEMP","WOMEN","PC_EMP","A","2009",2.66,
"POL","SELFEMPWEMP","WOMEN","PC_EMP","A","2010",2.674,"B"
"POL","SELFEMPWEMP","WOMEN","PC_EMP","A","2011",2.815,
"POL","SELFEMPWEMP","WOMEN","PC_EMP","A","2012",2.787,
"POL","SELFEMPWEMP","WOMEN","PC_EMP","A","2013",2.792,
"POL","SELFEMPWEMP","WOMEN","PC_EMP","A","2014",2.735,"B"
"POL","SELFEMPWEMP","WOMEN","PC_EMP","A","2015",2.523,
"PRT","SELFEMPWEMP","MEN","PC_EMP","A","1991",6.984,
"PRT","SELFEMPWEMP","MEN","PC_EMP","A","1992",8.343,
"PRT","SELFEMPWEMP","MEN","PC_EMP","A","1993",8.367,
"PRT","SELFEMPWEMP","MEN","PC_EMP","A","1994",8.769,
"PRT","SELFEMPWEMP","MEN","PC_EMP","A","1995",8.506,
"PRT","SELFEMPWEMP","MEN","PC_EMP","A","1996",8.575,
"PRT","SELFEMPWEMP","MEN","PC_EMP","A","1997",8.015,
"PRT","SELFEMPWEMP","MEN","PC_EMP","A","1998",8.456,"B"
"PRT","SELFEMPWEMP","MEN","PC_EMP","A","1999",8.252,
"PRT","SELFEMPWEMP","MEN","PC_EMP","A","2000",8.453,
"PRT","SELFEMPWEMP","MEN","PC_EMP","A","2001",8.791,
"PRT","SELFEMPWEMP","MEN","PC_EMP","A","2002",8.76,"B"
"PRT","SELFEMPWEMP","MEN","PC_EMP","A","2003",8.666,
"PRT","SELFEMPWEMP","MEN","PC_EMP","A","2004",8.7,"B"
"PRT","SELFEMPWEMP","MEN","PC_EMP","A","2005",8.153,"B"
"PRT","SELFEMPWEMP","MEN","PC_EMP","A","2006",7.322,
"PRT","SELFEMPWEMP","MEN","PC_EMP","A","2007",7.321,
"PRT","SELFEMPWEMP","MEN","PC_EMP","A","2008",7.391,
"PRT","SELFEMPWEMP","MEN","PC_EMP","A","2009",7.476,
"PRT","SELFEMPWEMP","MEN","PC_EMP","A","2010",7.026,
"PRT","SELFEMPWEMP","MEN","PC_EMP","A","2011",6.865,"B"
"PRT","SELFEMPWEMP","MEN","PC_EMP","A","2012",6.421,
"PRT","SELFEMPWEMP","MEN","PC_EMP","A","2013",6.795,
"PRT","SELFEMPWEMP","MEN","PC_EMP","A","2014",6.941,"B"
"PRT","SELFEMPWEMP","MEN","PC_EMP","A","2015",6.54,
"PRT","SELFEMPWEMP","WOMEN","PC_EMP","A","1991",2.62,
"PRT","SELFEMPWEMP","WOMEN","PC_EMP","A","1992",3.349,
"PRT","SELFEMPWEMP","WOMEN","PC_EMP","A","1993",3.638,
"PRT","SELFEMPWEMP","WOMEN","PC_EMP","A","1994",3.57,
"PRT","SELFEMPWEMP","WOMEN","PC_EMP","A","1995",3.517,
"PRT","SELFEMPWEMP","WOMEN","PC_EMP","A","1996",3.681,
"PRT","SELFEMPWEMP","WOMEN","PC_EMP","A","1997",3.7,
"PRT","SELFEMPWEMP","WOMEN","PC_EMP","A","1998",3.486,"B"
"PRT","SELFEMPWEMP","WOMEN","PC_EMP","A","1999",3.241,
"PRT","SELFEMPWEMP","WOMEN","PC_EMP","A","2000",3.489,
"PRT","SELFEMPWEMP","WOMEN","PC_EMP","A","2001",3.333,
"PRT","SELFEMPWEMP","WOMEN","PC_EMP","A","2002",3.352,"B"
"PRT","SELFEMPWEMP","WOMEN","PC_EMP","A","2003",3.613,
"PRT","SELFEMPWEMP","WOMEN","PC_EMP","A","2004",3.69,"B"
"PRT","SELFEMPWEMP","WOMEN","PC_EMP","A","2005",3.325,"B"
"PRT","SELFEMPWEMP","WOMEN","PC_EMP","A","2006",3.263,
"PRT","SELFEMPWEMP","WOMEN","PC_EMP","A","2007",3.482,
"PRT","SELFEMPWEMP","WOMEN","PC_EMP","A","2008",3.401,
"PRT","SELFEMPWEMP","WOMEN","PC_EMP","A","2009",3.038,
"PRT","SELFEMPWEMP","WOMEN","PC_EMP","A","2010",2.95,
"PRT","SELFEMPWEMP","WOMEN","PC_EMP","A","2011",2.976,"B"
"PRT","SELFEMPWEMP","WOMEN","PC_EMP","A","2012",3.266,
"PRT","SELFEMPWEMP","WOMEN","PC_EMP","A","2013",3.174,
"PRT","SELFEMPWEMP","WOMEN","PC_EMP","A","2014",2.966,"B"
"PRT","SELFEMPWEMP","WOMEN","PC_EMP","A","2015",2.821,
"SVK","SELFEMPWEMP","MEN","PC_EMP","A","1998",3.443,"B"
"SVK","SELFEMPWEMP","MEN","PC_EMP","A","1999",3.128,"B"
"SVK","SELFEMPWEMP","MEN","PC_EMP","A","2000",3.37,
"SVK","SELFEMPWEMP","MEN","PC_EMP","A","2001",3.493,
"SVK","SELFEMPWEMP","MEN","PC_EMP","A","2002",3.331,
"SVK","SELFEMPWEMP","MEN","PC_EMP","A","2003",3.699,
"SVK","SELFEMPWEMP","MEN","PC_EMP","A","2004",4.627,
"SVK","SELFEMPWEMP","MEN","PC_EMP","A","2005",4.303,"B"
"SVK","SELFEMPWEMP","MEN","PC_EMP","A","2006",4.054,
"SVK","SELFEMPWEMP","MEN","PC_EMP","A","2007",4.019,
"SVK","SELFEMPWEMP","MEN","PC_EMP","A","2008",4.377,
"SVK","SELFEMPWEMP","MEN","PC_EMP","A","2009",4.612,
"SVK","SELFEMPWEMP","MEN","PC_EMP","A","2010",4.771,
"SVK","SELFEMPWEMP","MEN","PC_EMP","A","2011",4.6,"B"
"SVK","SELFEMPWEMP","MEN","PC_EMP","A","2012",3.895,
"SVK","SELFEMPWEMP","MEN","PC_EMP","A","2013",4.2,
"SVK","SELFEMPWEMP","MEN","PC_EMP","A","2014",4.213,"B"
"SVK","SELFEMPWEMP","MEN","PC_EMP","A","2015",3.993,
"SVK","SELFEMPWEMP","WOMEN","PC_EMP","A","1998",1.369,"B"
"SVK","SELFEMPWEMP","WOMEN","PC_EMP","A","1999",1.344,"B"
"SVK","SELFEMPWEMP","WOMEN","PC_EMP","A","2000",1.537,
"SVK","SELFEMPWEMP","WOMEN","PC_EMP","A","2001",1.7,
"SVK","SELFEMPWEMP","WOMEN","PC_EMP","A","2002",1.13,
"SVK","SELFEMPWEMP","WOMEN","PC_EMP","A","2003",1.449,
"SVK","SELFEMPWEMP","WOMEN","PC_EMP","A","2004",1.833,
"SVK","SELFEMPWEMP","WOMEN","PC_EMP","A","2005",1.837,"B"
"SVK","SELFEMPWEMP","WOMEN","PC_EMP","A","2006",1.866,
"SVK","SELFEMPWEMP","WOMEN","PC_EMP","A","2007",1.948,
"SVK","SELFEMPWEMP","WOMEN","PC_EMP","A","2008",1.669,
"SVK","SELFEMPWEMP","WOMEN","PC_EMP","A","2009",1.863,
"SVK","SELFEMPWEMP","WOMEN","PC_EMP","A","2010",2.032,
"SVK","SELFEMPWEMP","WOMEN","PC_EMP","A","2011",2.101,"B"
"SVK","SELFEMPWEMP","WOMEN","PC_EMP","A","2012",1.803,
"SVK","SELFEMPWEMP","WOMEN","PC_EMP","A","2013",1.729,
"SVK","SELFEMPWEMP","WOMEN","PC_EMP","A","2014",1.786,"B"
"SVK","SELFEMPWEMP","WOMEN","PC_EMP","A","2015",1.798,
"ESP","SELFEMPWEMP","MEN","PC_EMP","A","1991",5.067,
"ESP","SELFEMPWEMP","MEN","PC_EMP","A","1992",5.613,
"ESP","SELFEMPWEMP","MEN","PC_EMP","A","1993",5.515,
"ESP","SELFEMPWEMP","MEN","PC_EMP","A","1994",5.934,
"ESP","SELFEMPWEMP","MEN","PC_EMP","A","1995",6.101,
"ESP","SELFEMPWEMP","MEN","PC_EMP","A","1996",6.519,
"ESP","SELFEMPWEMP","MEN","PC_EMP","A","1997",6.564,
"ESP","SELFEMPWEMP","MEN","PC_EMP","A","1998",6.331,"B"
"ESP","SELFEMPWEMP","MEN","PC_EMP","A","1999",7.34,
"ESP","SELFEMPWEMP","MEN","PC_EMP","A","2000",6.852,
"ESP","SELFEMPWEMP","MEN","PC_EMP","A","2001",6.589,
"ESP","SELFEMPWEMP","MEN","PC_EMP","A","2002",6.321,
"ESP","SELFEMPWEMP","MEN","PC_EMP","A","2003",6.73,
"ESP","SELFEMPWEMP","MEN","PC_EMP","A","2004",6.708,
"ESP","SELFEMPWEMP","MEN","PC_EMP","A","2005",6.333,"B"
"ESP","SELFEMPWEMP","MEN","PC_EMP","A","2006",6.688,
"ESP","SELFEMPWEMP","MEN","PC_EMP","A","2007",6.849,
"ESP","SELFEMPWEMP","MEN","PC_EMP","A","2008",7.217,
"ESP","SELFEMPWEMP","MEN","PC_EMP","A","2009",7.024,"B"
"ESP","SELFEMPWEMP","MEN","PC_EMP","A","2010",6.972,
"ESP","SELFEMPWEMP","MEN","PC_EMP","A","2011",6.509,
"ESP","SELFEMPWEMP","MEN","PC_EMP","A","2012",6.52,
"ESP","SELFEMPWEMP","MEN","PC_EMP","A","2013",6.405,
"ESP","SELFEMPWEMP","MEN","PC_EMP","A","2014",6.222,"B"
"ESP","SELFEMPWEMP","MEN","PC_EMP","A","2015",6.159,
"ESP","SELFEMPWEMP","WOMEN","PC_EMP","A","1991",1.699,
"ESP","SELFEMPWEMP","WOMEN","PC_EMP","A","1992",2.12,
"ESP","SELFEMPWEMP","WOMEN","PC_EMP","A","1993",2.076,
"ESP","SELFEMPWEMP","WOMEN","PC_EMP","A","1994",2.393,
"ESP","SELFEMPWEMP","WOMEN","PC_EMP","A","1995",2.355,
"ESP","SELFEMPWEMP","WOMEN","PC_EMP","A","1996",2.566,
"ESP","SELFEMPWEMP","WOMEN","PC_EMP","A","1997",2.639,
"ESP","SELFEMPWEMP","WOMEN","PC_EMP","A","1998",2.881,"B"
"ESP","SELFEMPWEMP","WOMEN","PC_EMP","A","1999",3.343,
"ESP","SELFEMPWEMP","WOMEN","PC_EMP","A","2000",3.287,
"ESP","SELFEMPWEMP","WOMEN","PC_EMP","A","2001",3.213,
"ESP","SELFEMPWEMP","WOMEN","PC_EMP","A","2002",3.032,
"ESP","SELFEMPWEMP","WOMEN","PC_EMP","A","2003",2.867,
"ESP","SELFEMPWEMP","WOMEN","PC_EMP","A","2004",3.071,
"ESP","SELFEMPWEMP","WOMEN","PC_EMP","A","2005",2.969,"B"
"ESP","SELFEMPWEMP","WOMEN","PC_EMP","A","2006",3.168,
"ESP","SELFEMPWEMP","WOMEN","PC_EMP","A","2007",3.148,
"ESP","SELFEMPWEMP","WOMEN","PC_EMP","A","2008",3.325,
"ESP","SELFEMPWEMP","WOMEN","PC_EMP","A","2009",3.516,"B"
"ESP","SELFEMPWEMP","WOMEN","PC_EMP","A","2010",3.414,
"ESP","SELFEMPWEMP","WOMEN","PC_EMP","A","2011",3.145,
"ESP","SELFEMPWEMP","WOMEN","PC_EMP","A","2012",3.26,
"ESP","SELFEMPWEMP","WOMEN","PC_EMP","A","2013",3.252,
"ESP","SELFEMPWEMP","WOMEN","PC_EMP","A","2014",3.354,"B"
"ESP","SELFEMPWEMP","WOMEN","PC_EMP","A","2015",3.162,
"SWE","SELFEMPWEMP","MEN","PC_EMP","A","1995",5.75,
"SWE","SELFEMPWEMP","MEN","PC_EMP","A","1996",6.175,
"SWE","SELFEMPWEMP","MEN","PC_EMP","A","1997",6.106,
"SWE","SELFEMPWEMP","MEN","PC_EMP","A","1998",5.851,"B"
"SWE","SELFEMPWEMP","MEN","PC_EMP","A","1999",5.985,
"SWE","SELFEMPWEMP","MEN","PC_EMP","A","2000",5.931,
"SWE","SELFEMPWEMP","MEN","PC_EMP","A","2001",5.735,"B"
"SWE","SELFEMPWEMP","MEN","PC_EMP","A","2002",5.858,
"SWE","SELFEMPWEMP","MEN","PC_EMP","A","2003",5.809,
"SWE","SELFEMPWEMP","MEN","PC_EMP","A","2004",5.601,
"SWE","SELFEMPWEMP","MEN","PC_EMP","A","2005",5.969,"B"
"SWE","SELFEMPWEMP","MEN","PC_EMP","A","2006",5.847,"B"
"SWE","SELFEMPWEMP","MEN","PC_EMP","A","2007",5.907,
"SWE","SELFEMPWEMP","MEN","PC_EMP","A","2008",5.572,
"SWE","SELFEMPWEMP","MEN","PC_EMP","A","2009",5.535,
"SWE","SELFEMPWEMP","MEN","PC_EMP","A","2010",5.641,
"SWE","SELFEMPWEMP","MEN","PC_EMP","A","2011",5.299,
"SWE","SELFEMPWEMP","MEN","PC_EMP","A","2012",5.506,
"SWE","SELFEMPWEMP","MEN","PC_EMP","A","2013",5.57,
"SWE","SELFEMPWEMP","MEN","PC_EMP","A","2014",5.249,"B"
"SWE","SELFEMPWEMP","MEN","PC_EMP","A","2015",5.071,
"SWE","SELFEMPWEMP","WOMEN","PC_EMP","A","1995",1.598,
"SWE","SELFEMPWEMP","WOMEN","PC_EMP","A","1996",1.748,
"SWE","SELFEMPWEMP","WOMEN","PC_EMP","A","1997",1.643,
"SWE","SELFEMPWEMP","WOMEN","PC_EMP","A","1998",1.775,"B"
"SWE","SELFEMPWEMP","WOMEN","PC_EMP","A","1999",1.854,
"SWE","SELFEMPWEMP","WOMEN","PC_EMP","A","2000",1.717,
"SWE","SELFEMPWEMP","WOMEN","PC_EMP","A","2001",1.372,"B"
"SWE","SELFEMPWEMP","WOMEN","PC_EMP","A","2002",1.335,
"SWE","SELFEMPWEMP","WOMEN","PC_EMP","A","2003",1.48,
"SWE","SELFEMPWEMP","WOMEN","PC_EMP","A","2004",1.476,
"SWE","SELFEMPWEMP","WOMEN","PC_EMP","A","2005",1.585,"B"
"SWE","SELFEMPWEMP","WOMEN","PC_EMP","A","2006",1.559,"B"
"SWE","SELFEMPWEMP","WOMEN","PC_EMP","A","2007",1.462,
"SWE","SELFEMPWEMP","WOMEN","PC_EMP","A","2008",1.521,
"SWE","SELFEMPWEMP","WOMEN","PC_EMP","A","2009",1.561,
"SWE","SELFEMPWEMP","WOMEN","PC_EMP","A","2010",1.712,
"SWE","SELFEMPWEMP","WOMEN","PC_EMP","A","2011",1.633,
"SWE","SELFEMPWEMP","WOMEN","PC_EMP","A","2012",1.672,
"SWE","SELFEMPWEMP","WOMEN","PC_EMP","A","2013",1.674,
"SWE","SELFEMPWEMP","WOMEN","PC_EMP","A","2014",1.613,"B"
"SWE","SELFEMPWEMP","WOMEN","PC_EMP","A","2015",1.629,
"CHE","SELFEMPWEMP","MEN","PC_EMP","A","2001",9.008,
"CHE","SELFEMPWEMP","MEN","PC_EMP","A","2002",8.704,
"CHE","SELFEMPWEMP","MEN","PC_EMP","A","2003",8.978,
"CHE","SELFEMPWEMP","MEN","PC_EMP","A","2004",8.766,
"CHE","SELFEMPWEMP","MEN","PC_EMP","A","2005",8.834,
"CHE","SELFEMPWEMP","MEN","PC_EMP","A","2006",8.657,
"CHE","SELFEMPWEMP","MEN","PC_EMP","A","2007",8.108,
"CHE","SELFEMPWEMP","MEN","PC_EMP","A","2008",8.401,
"CHE","SELFEMPWEMP","MEN","PC_EMP","A","2009",7.781,
"CHE","SELFEMPWEMP","MEN","PC_EMP","A","2010",8.202,
"CHE","SELFEMPWEMP","MEN","PC_EMP","A","2011",7.945,
"CHE","SELFEMPWEMP","MEN","PC_EMP","A","2012",8.194,
"CHE","SELFEMPWEMP","MEN","PC_EMP","A","2013",7.981,
"CHE","SELFEMPWEMP","MEN","PC_EMP","A","2014",7.811,"B"
"CHE","SELFEMPWEMP","MEN","PC_EMP","A","2015",7.333,
"CHE","SELFEMPWEMP","WOMEN","PC_EMP","A","2001",3.597,
"CHE","SELFEMPWEMP","WOMEN","PC_EMP","A","2002",3.563,
"CHE","SELFEMPWEMP","WOMEN","PC_EMP","A","2003",3.48,
"CHE","SELFEMPWEMP","WOMEN","PC_EMP","A","2004",3.15,
"CHE","SELFEMPWEMP","WOMEN","PC_EMP","A","2005",3.188,
"CHE","SELFEMPWEMP","WOMEN","PC_EMP","A","2006",3.051,
"CHE","SELFEMPWEMP","WOMEN","PC_EMP","A","2007",3.22,
"CHE","SELFEMPWEMP","WOMEN","PC_EMP","A","2008",3.18,
"CHE","SELFEMPWEMP","WOMEN","PC_EMP","A","2009",3.05,
"CHE","SELFEMPWEMP","WOMEN","PC_EMP","A","2010",3.253,
"CHE","SELFEMPWEMP","WOMEN","PC_EMP","A","2011",3.082,
"CHE","SELFEMPWEMP","WOMEN","PC_EMP","A","2012",3.151,
"CHE","SELFEMPWEMP","WOMEN","PC_EMP","A","2013",3.269,
"CHE","SELFEMPWEMP","WOMEN","PC_EMP","A","2014",3.197,"B"
"CHE","SELFEMPWEMP","WOMEN","PC_EMP","A","2015",3.024,
"TUR","SELFEMPWEMP","MEN","PC_EMP","A","2006",7.128,
"TUR","SELFEMPWEMP","MEN","PC_EMP","A","2007",7.203,
"TUR","SELFEMPWEMP","MEN","PC_EMP","A","2008",7.429,
"TUR","SELFEMPWEMP","MEN","PC_EMP","A","2009",7.295,
"TUR","SELFEMPWEMP","MEN","PC_EMP","A","2010",6.858,
"TUR","SELFEMPWEMP","MEN","PC_EMP","A","2011",6.702,
"TUR","SELFEMPWEMP","MEN","PC_EMP","A","2012",6.499,
"TUR","SELFEMPWEMP","MEN","PC_EMP","A","2013",6.036,
"TUR","SELFEMPWEMP","MEN","PC_EMP","A","2014",5.848,"B"
"TUR","SELFEMPWEMP","MEN","PC_EMP","A","2015",5.775,
"TUR","SELFEMPWEMP","WOMEN","PC_EMP","A","2006",1.305,
"TUR","SELFEMPWEMP","WOMEN","PC_EMP","A","2007",1.387,
"TUR","SELFEMPWEMP","WOMEN","PC_EMP","A","2008",1.371,
"TUR","SELFEMPWEMP","WOMEN","PC_EMP","A","2009",1.307,
"TUR","SELFEMPWEMP","WOMEN","PC_EMP","A","2010",1.281,
"TUR","SELFEMPWEMP","WOMEN","PC_EMP","A","2011",1.233,
"TUR","SELFEMPWEMP","WOMEN","PC_EMP","A","2012",1.273,
"TUR","SELFEMPWEMP","WOMEN","PC_EMP","A","2013",1.247,
"TUR","SELFEMPWEMP","WOMEN","PC_EMP","A","2014",1.237,"B"
"TUR","SELFEMPWEMP","WOMEN","PC_EMP","A","2015",1.189,
"GBR","SELFEMPWEMP","MEN","PC_EMP","A","1991",5.421,
"GBR","SELFEMPWEMP","MEN","PC_EMP","A","1992",4.951,
"GBR","SELFEMPWEMP","MEN","PC_EMP","A","1993",4.744,
"GBR","SELFEMPWEMP","MEN","PC_EMP","A","1994",4.618,
"GBR","SELFEMPWEMP","MEN","PC_EMP","A","1995",4.608,
"GBR","SELFEMPWEMP","MEN","PC_EMP","A","1996",4.211,
"GBR","SELFEMPWEMP","MEN","PC_EMP","A","1997",4.353,
"GBR","SELFEMPWEMP","MEN","PC_EMP","A","1998",4.224,"B"
"GBR","SELFEMPWEMP","MEN","PC_EMP","A","1999",4.506,"B"
"GBR","SELFEMPWEMP","MEN","PC_EMP","A","2000",4.398,
"GBR","SELFEMPWEMP","MEN","PC_EMP","A","2001",4.365,
"GBR","SELFEMPWEMP","MEN","PC_EMP","A","2002",4.194,
"GBR","SELFEMPWEMP","MEN","PC_EMP","A","2003",4.071,
"GBR","SELFEMPWEMP","MEN","PC_EMP","A","2004",4.119,"B"
"GBR","SELFEMPWEMP","MEN","PC_EMP","A","2005",4.007,"B"
"GBR","SELFEMPWEMP","MEN","PC_EMP","A","2006",3.97,
"GBR","SELFEMPWEMP","MEN","PC_EMP","A","2007",3.915,"B"
"GBR","SELFEMPWEMP","MEN","PC_EMP","A","2008",3.951,"B"
"GBR","SELFEMPWEMP","MEN","PC_EMP","A","2009",3.83,
"GBR","SELFEMPWEMP","MEN","PC_EMP","A","2010",3.526,"B"
"GBR","SELFEMPWEMP","MEN","PC_EMP","A","2011",3.405,"B"
"GBR","SELFEMPWEMP","MEN","PC_EMP","A","2012",3.326,
"GBR","SELFEMPWEMP","MEN","PC_EMP","A","2013",3.168,
"GBR","SELFEMPWEMP","MEN","PC_EMP","A","2014",3.283,"B"
"GBR","SELFEMPWEMP","MEN","PC_EMP","A","2015",3.19,
"GBR","SELFEMPWEMP","WOMEN","PC_EMP","A","1991",2.089,
"GBR","SELFEMPWEMP","WOMEN","PC_EMP","A","1992",1.809,
"GBR","SELFEMPWEMP","WOMEN","PC_EMP","A","1993",1.82,
"GBR","SELFEMPWEMP","WOMEN","PC_EMP","A","1994",1.773,
"GBR","SELFEMPWEMP","WOMEN","PC_EMP","A","1995",1.631,
"GBR","SELFEMPWEMP","WOMEN","PC_EMP","A","1996",1.606,
"GBR","SELFEMPWEMP","WOMEN","PC_EMP","A","1997",1.712,
"GBR","SELFEMPWEMP","WOMEN","PC_EMP","A","1998",1.648,"B"
"GBR","SELFEMPWEMP","WOMEN","PC_EMP","A","1999",1.434,"B"
"GBR","SELFEMPWEMP","WOMEN","PC_EMP","A","2000",1.642,
"GBR","SELFEMPWEMP","WOMEN","PC_EMP","A","2001",1.598,
"GBR","SELFEMPWEMP","WOMEN","PC_EMP","A","2002",1.584,
"GBR","SELFEMPWEMP","WOMEN","PC_EMP","A","2003",1.62,
"GBR","SELFEMPWEMP","WOMEN","PC_EMP","A","2004",1.658,"B"
"GBR","SELFEMPWEMP","WOMEN","PC_EMP","A","2005",1.515,"B"
"GBR","SELFEMPWEMP","WOMEN","PC_EMP","A","2006",1.471,
"GBR","SELFEMPWEMP","WOMEN","PC_EMP","A","2007",1.5,"B"
"GBR","SELFEMPWEMP","WOMEN","PC_EMP","A","2008",1.338,"B"
"GBR","SELFEMPWEMP","WOMEN","PC_EMP","A","2009",1.39,
"GBR","SELFEMPWEMP","WOMEN","PC_EMP","A","2010",1.388,"B"
"GBR","SELFEMPWEMP","WOMEN","PC_EMP","A","2011",1.289,"B"
"GBR","SELFEMPWEMP","WOMEN","PC_EMP","A","2012",1.349,
"GBR","SELFEMPWEMP","WOMEN","PC_EMP","A","2013",1.358,
"GBR","SELFEMPWEMP","WOMEN","PC_EMP","A","2014",1.358,"B"
"GBR","SELFEMPWEMP","WOMEN","PC_EMP","A","2015",1.217,
"USA","SELFEMPWEMP","MEN","PC_EMP","A","1995",5.606,
"USA","SELFEMPWEMP","MEN","PC_EMP","A","1996",5.536,
"USA","SELFEMPWEMP","MEN","PC_EMP","A","1997",5.49,
"USA","SELFEMPWEMP","MEN","PC_EMP","A","1998",5.284,
"USA","SELFEMPWEMP","MEN","PC_EMP","A","1999",4.977,
"USA","SELFEMPWEMP","MEN","PC_EMP","A","2000",4.96,
"USA","SELFEMPWEMP","MEN","PC_EMP","A","2001",4.971,
"USA","SELFEMPWEMP","MEN","PC_EMP","A","2002",4.894,
"USA","SELFEMPWEMP","MEN","PC_EMP","A","2003",4.947,
"USA","SELFEMPWEMP","MEN","PC_EMP","A","2004",4.857,
"USA","SELFEMPWEMP","MEN","PC_EMP","A","2005",4.702,
"USA","SELFEMPWEMP","MEN","PC_EMP","A","2006",4.722,
"USA","SELFEMPWEMP","MEN","PC_EMP","A","2007",4.779,
"USA","SELFEMPWEMP","MEN","PC_EMP","A","2008",4.737,
"USA","SELFEMPWEMP","MEN","PC_EMP","A","2009",4.625,
"USA","SELFEMPWEMP","MEN","PC_EMP","A","2010",4.397,
"USA","SELFEMPWEMP","MEN","PC_EMP","A","2011",4.288,
"USA","SELFEMPWEMP","MEN","PC_EMP","A","2012",4.324,
"USA","SELFEMPWEMP","MEN","PC_EMP","A","2013",3.221,"B"
"USA","SELFEMPWEMP","MEN","PC_EMP","A","2014",3.149,"B"
"USA","SELFEMPWEMP","MEN","PC_EMP","A","2015",3.221,
"USA","SELFEMPWEMP","WOMEN","PC_EMP","A","1995",1.845,
"USA","SELFEMPWEMP","WOMEN","PC_EMP","A","1996",1.747,
"USA","SELFEMPWEMP","WOMEN","PC_EMP","A","1997",1.936,
"USA","SELFEMPWEMP","WOMEN","PC_EMP","A","1998",1.847,
"USA","SELFEMPWEMP","WOMEN","PC_EMP","A","1999",1.737,
"USA","SELFEMPWEMP","WOMEN","PC_EMP","A","2000",1.68,
"USA","SELFEMPWEMP","WOMEN","PC_EMP","A","2001",1.594,
"USA","SELFEMPWEMP","WOMEN","PC_EMP","A","2002",1.618,
"USA","SELFEMPWEMP","WOMEN","PC_EMP","A","2003",1.685,
"USA","SELFEMPWEMP","WOMEN","PC_EMP","A","2004",1.724,
"USA","SELFEMPWEMP","WOMEN","PC_EMP","A","2005",1.684,
"USA","SELFEMPWEMP","WOMEN","PC_EMP","A","2006",1.688,
"USA","SELFEMPWEMP","WOMEN","PC_EMP","A","2007",1.698,
"USA","SELFEMPWEMP","WOMEN","PC_EMP","A","2008",1.657,
"USA","SELFEMPWEMP","WOMEN","PC_EMP","A","2009",1.597,
"USA","SELFEMPWEMP","WOMEN","PC_EMP","A","2010",1.651,
"USA","SELFEMPWEMP","WOMEN","PC_EMP","A","2011",1.545,
"USA","SELFEMPWEMP","WOMEN","PC_EMP","A","2012",1.504,
"USA","SELFEMPWEMP","WOMEN","PC_EMP","A","2013",1.119,"B"
"USA","SELFEMPWEMP","WOMEN","PC_EMP","A","2014",1.101,"B"
"USA","SELFEMPWEMP","WOMEN","PC_EMP","A","2015",1.159,
"BRA","SELFEMPWEMP","MEN","PC_EMP","A","2001",5.446,
"BRA","SELFEMPWEMP","MEN","PC_EMP","A","2002",5.352,
"BRA","SELFEMPWEMP","MEN","PC_EMP","A","2003",5.383,
"BRA","SELFEMPWEMP","MEN","PC_EMP","A","2004",5.285,
"BRA","SELFEMPWEMP","MEN","PC_EMP","A","2005",5.389,
"BRA","SELFEMPWEMP","MEN","PC_EMP","A","2006",5.738,
"BRA","SELFEMPWEMP","MEN","PC_EMP","A","2007",5.689,
"BRA","SELFEMPWEMP","MEN","PC_EMP","A","2008",5.643,
"BRA","SELFEMPWEMP","MEN","PC_EMP","A","2009",5.528,
"BRA","SELFEMPWEMP","MEN","PC_EMP","A","2013",4.767,
"BRA","SELFEMPWEMP","MEN","PC_EMP","A","2014",4.8,
"BRA","SELFEMPWEMP","WOMEN","PC_EMP","A","2001",2.428,
"BRA","SELFEMPWEMP","WOMEN","PC_EMP","A","2002",2.667,
"BRA","SELFEMPWEMP","WOMEN","PC_EMP","A","2003",2.513,
"BRA","SELFEMPWEMP","WOMEN","PC_EMP","A","2004",2.557,
"BRA","SELFEMPWEMP","WOMEN","PC_EMP","A","2005",2.677,
"BRA","SELFEMPWEMP","WOMEN","PC_EMP","A","2006",2.807,
"BRA","SELFEMPWEMP","WOMEN","PC_EMP","A","2007",2.859,
"BRA","SELFEMPWEMP","WOMEN","PC_EMP","A","2008",2.908,
"BRA","SELFEMPWEMP","WOMEN","PC_EMP","A","2009",2.654,
"BRA","SELFEMPWEMP","WOMEN","PC_EMP","A","2013",2.7,
"BRA","SELFEMPWEMP","WOMEN","PC_EMP","A","2014",2.4,
"CHL","SELFEMPWEMP","MEN","PC_EMP","A","2010",5.855,
"CHL","SELFEMPWEMP","MEN","PC_EMP","A","2011",5.73,
"CHL","SELFEMPWEMP","MEN","PC_EMP","A","2012",5.396,
"CHL","SELFEMPWEMP","MEN","PC_EMP","A","2013",4.211,
"CHL","SELFEMPWEMP","MEN","PC_EMP","A","2014",4.223,
"CHL","SELFEMPWEMP","MEN","PC_EMP","A","2015",5.335,
"CHL","SELFEMPWEMP","WOMEN","PC_EMP","A","2010",2.846,
"CHL","SELFEMPWEMP","WOMEN","PC_EMP","A","2011",2.849,
"CHL","SELFEMPWEMP","WOMEN","PC_EMP","A","2012",2.287,
"CHL","SELFEMPWEMP","WOMEN","PC_EMP","A","2013",2.52,
"CHL","SELFEMPWEMP","WOMEN","PC_EMP","A","2014",1.263,
"CHL","SELFEMPWEMP","WOMEN","PC_EMP","A","2015",2.429,
"EST","SELFEMPWEMP","MEN","PC_EMP","A","2007",5.063,
"EST","SELFEMPWEMP","MEN","PC_EMP","A","2008",5.196,
"EST","SELFEMPWEMP","MEN","PC_EMP","A","2009",6.143,
"EST","SELFEMPWEMP","MEN","PC_EMP","A","2010",5.793,
"EST","SELFEMPWEMP","MEN","PC_EMP","A","2011",6.445,
"EST","SELFEMPWEMP","MEN","PC_EMP","A","2012",6.24,
"EST","SELFEMPWEMP","MEN","PC_EMP","A","2013",6.039,
"EST","SELFEMPWEMP","MEN","PC_EMP","A","2014",5.376,"B"
"EST","SELFEMPWEMP","MEN","PC_EMP","A","2015",5.335,
"EST","SELFEMPWEMP","WOMEN","PC_EMP","A","2007",1.588,
"EST","SELFEMPWEMP","WOMEN","PC_EMP","A","2008",1.619,
"EST","SELFEMPWEMP","WOMEN","PC_EMP","A","2009",1.747,
"EST","SELFEMPWEMP","WOMEN","PC_EMP","A","2010",1.398,
"EST","SELFEMPWEMP","WOMEN","PC_EMP","A","2011",1.604,
"EST","SELFEMPWEMP","WOMEN","PC_EMP","A","2012",1.304,
"EST","SELFEMPWEMP","WOMEN","PC_EMP","A","2013",1.405,
"EST","SELFEMPWEMP","WOMEN","PC_EMP","A","2014",1.341,"B"
"EST","SELFEMPWEMP","WOMEN","PC_EMP","A","2015",1.991,
"ISR","SELFEMPWEMP","MEN","PC_EMP","A","1995",7.368,
"ISR","SELFEMPWEMP","MEN","PC_EMP","A","1998",7.31,
"ISR","SELFEMPWEMP","MEN","PC_EMP","A","2001",7.1,
"ISR","SELFEMPWEMP","MEN","PC_EMP","A","2005",6.74,
"ISR","SELFEMPWEMP","MEN","PC_EMP","A","2008",6.828,
"ISR","SELFEMPWEMP","MEN","PC_EMP","A","2009",7.2,
"ISR","SELFEMPWEMP","MEN","PC_EMP","A","2010",6.6,
"ISR","SELFEMPWEMP","MEN","PC_EMP","A","2011",6.56,
"ISR","SELFEMPWEMP","MEN","PC_EMP","A","2012",6.2,
"ISR","SELFEMPWEMP","MEN","PC_EMP","A","2013",5.855,
"ISR","SELFEMPWEMP","MEN","PC_EMP","A","2014",5.7,
"ISR","SELFEMPWEMP","MEN","PC_EMP","A","2015",6.15,
"ISR","SELFEMPWEMP","WOMEN","PC_EMP","A","1995",1.067,
"ISR","SELFEMPWEMP","WOMEN","PC_EMP","A","1998",1.25,
"ISR","SELFEMPWEMP","WOMEN","PC_EMP","A","2001",1.3,
"ISR","SELFEMPWEMP","WOMEN","PC_EMP","A","2004",1.75,
"ISR","SELFEMPWEMP","WOMEN","PC_EMP","A","2005",1.51,
"ISR","SELFEMPWEMP","WOMEN","PC_EMP","A","2008",1.726,
"ISR","SELFEMPWEMP","WOMEN","PC_EMP","A","2009",1.7,
"ISR","SELFEMPWEMP","WOMEN","PC_EMP","A","2010",1.5,
"ISR","SELFEMPWEMP","WOMEN","PC_EMP","A","2011",1.72,
"ISR","SELFEMPWEMP","WOMEN","PC_EMP","A","2012",1.6,
"ISR","SELFEMPWEMP","WOMEN","PC_EMP","A","2013",1.586,
"ISR","SELFEMPWEMP","WOMEN","PC_EMP","A","2014",1.498,
"ISR","SELFEMPWEMP","WOMEN","PC_EMP","A","2015",1.504,
"SVN","SELFEMPWEMP","MEN","PC_EMP","A","1996",4.664,
"SVN","SELFEMPWEMP","MEN","PC_EMP","A","1997",4.139,
"SVN","SELFEMPWEMP","MEN","PC_EMP","A","1998",5.15,"B"
"SVN","SELFEMPWEMP","MEN","PC_EMP","A","1999",4.884,
"SVN","SELFEMPWEMP","MEN","PC_EMP","A","2000",5.195,
"SVN","SELFEMPWEMP","MEN","PC_EMP","A","2001",5.176,
"SVN","SELFEMPWEMP","MEN","PC_EMP","A","2002",5.081,
"SVN","SELFEMPWEMP","MEN","PC_EMP","A","2003",4.398,
"SVN","SELFEMPWEMP","MEN","PC_EMP","A","2004",4.988,
"SVN","SELFEMPWEMP","MEN","PC_EMP","A","2005",4.403,"B"
"SVN","SELFEMPWEMP","MEN","PC_EMP","A","2006",4.808,
"SVN","SELFEMPWEMP","MEN","PC_EMP","A","2007",4.727,
"SVN","SELFEMPWEMP","MEN","PC_EMP","A","2008",4.419,
"SVN","SELFEMPWEMP","MEN","PC_EMP","A","2009",4.669,
"SVN","SELFEMPWEMP","MEN","PC_EMP","A","2010",5.183,
"SVN","SELFEMPWEMP","MEN","PC_EMP","A","2011",4.913,
"SVN","SELFEMPWEMP","MEN","PC_EMP","A","2012",4.692,
"SVN","SELFEMPWEMP","MEN","PC_EMP","A","2013",4.501,
"SVN","SELFEMPWEMP","MEN","PC_EMP","A","2014",4.733,"B"
"SVN","SELFEMPWEMP","MEN","PC_EMP","A","2015",4.84,
"SVN","SELFEMPWEMP","WOMEN","PC_EMP","A","1996",2.149,
"SVN","SELFEMPWEMP","WOMEN","PC_EMP","A","1997",2.075,
"SVN","SELFEMPWEMP","WOMEN","PC_EMP","A","1998",1.871,"B"
"SVN","SELFEMPWEMP","WOMEN","PC_EMP","A","1999",2.35,
"SVN","SELFEMPWEMP","WOMEN","PC_EMP","A","2000",1.836,
"SVN","SELFEMPWEMP","WOMEN","PC_EMP","A","2001",2.121,
"SVN","SELFEMPWEMP","WOMEN","PC_EMP","A","2002",1.846,
"SVN","SELFEMPWEMP","WOMEN","PC_EMP","A","2003",1.827,
"SVN","SELFEMPWEMP","WOMEN","PC_EMP","A","2004",1.67,
"SVN","SELFEMPWEMP","WOMEN","PC_EMP","A","2005",1.939,"B"
"SVN","SELFEMPWEMP","WOMEN","PC_EMP","A","2006",2.177,
"SVN","SELFEMPWEMP","WOMEN","PC_EMP","A","2007",1.619,
"SVN","SELFEMPWEMP","WOMEN","PC_EMP","A","2008",1.691,
"SVN","SELFEMPWEMP","WOMEN","PC_EMP","A","2009",1.87,
"SVN","SELFEMPWEMP","WOMEN","PC_EMP","A","2010",2.106,
"SVN","SELFEMPWEMP","WOMEN","PC_EMP","A","2011",2.022,
"SVN","SELFEMPWEMP","WOMEN","PC_EMP","A","2012",1.946,
"SVN","SELFEMPWEMP","WOMEN","PC_EMP","A","2013",1.758,
"SVN","SELFEMPWEMP","WOMEN","PC_EMP","A","2014",1.968,"B"
"SVN","SELFEMPWEMP","WOMEN","PC_EMP","A","2015",2.049,
"ZAF","SELFEMPWEMP","MEN","PC_EMP","A","2010",7.352,
"ZAF","SELFEMPWEMP","MEN","PC_EMP","A","2011",7.377,
"ZAF","SELFEMPWEMP","MEN","PC_EMP","A","2012",7.358,
"ZAF","SELFEMPWEMP","MEN","PC_EMP","A","2013",7.264,
"ZAF","SELFEMPWEMP","MEN","PC_EMP","A","2014",7.191,
"ZAF","SELFEMPWEMP","MEN","PC_EMP","A","2015",7.119,
"ZAF","SELFEMPWEMP","WOMEN","PC_EMP","A","2010",2.717,
"ZAF","SELFEMPWEMP","WOMEN","PC_EMP","A","2011",2.81,
"ZAF","SELFEMPWEMP","WOMEN","PC_EMP","A","2012",2.401,
"ZAF","SELFEMPWEMP","WOMEN","PC_EMP","A","2013",2.531,
"ZAF","SELFEMPWEMP","WOMEN","PC_EMP","A","2014",2.424,
"ZAF","SELFEMPWEMP","WOMEN","PC_EMP","A","2015",2.215,
"OECD","SELFEMPWEMP","MEN","PC_EMP","A","2010",6.035,
"OECD","SELFEMPWEMP","MEN","PC_EMP","A","2011",5.774,
"OECD","SELFEMPWEMP","MEN","PC_EMP","A","2012",5.668,
"OECD","SELFEMPWEMP","MEN","PC_EMP","A","2013",5.499,
"OECD","SELFEMPWEMP","MEN","PC_EMP","A","2014",5.413,
"OECD","SELFEMPWEMP","MEN","PC_EMP","A","2015",5.423,
"OECD","SELFEMPWEMP","WOMEN","PC_EMP","A","2010",2.324,
"OECD","SELFEMPWEMP","WOMEN","PC_EMP","A","2011",2.235,
"OECD","SELFEMPWEMP","WOMEN","PC_EMP","A","2012",2.201,
"OECD","SELFEMPWEMP","WOMEN","PC_EMP","A","2013",2.234,
"OECD","SELFEMPWEMP","WOMEN","PC_EMP","A","2014",2.085,
"OECD","SELFEMPWEMP","WOMEN","PC_EMP","A","2015",2.208,
"NZL","SELFEMPWEMP","MEN","PC_EMP","A","1991",10.083,
"NZL","SELFEMPWEMP","MEN","PC_EMP","A","1992",10.427,
"NZL","SELFEMPWEMP","MEN","PC_EMP","A","1993",10.429,
"NZL","SELFEMPWEMP","MEN","PC_EMP","A","1994",10.479,
"NZL","SELFEMPWEMP","MEN","PC_EMP","A","1995",10.213,
"NZL","SELFEMPWEMP","MEN","PC_EMP","A","1996",9.771,
"NZL","SELFEMPWEMP","MEN","PC_EMP","A","1997",9.514,
"NZL","SELFEMPWEMP","MEN","PC_EMP","A","1998",10.052,
"NZL","SELFEMPWEMP","MEN","PC_EMP","A","1999",9.45,
"NZL","SELFEMPWEMP","MEN","PC_EMP","A","2000",9.165,
"NZL","SELFEMPWEMP","MEN","PC_EMP","A","2001",9.182,
"NZL","SELFEMPWEMP","MEN","PC_EMP","A","2002",9.073,
"NZL","SELFEMPWEMP","MEN","PC_EMP","A","2003",9.366,
"NZL","SELFEMPWEMP","MEN","PC_EMP","A","2004",9.033,
"NZL","SELFEMPWEMP","MEN","PC_EMP","A","2005",8.304,
"NZL","SELFEMPWEMP","MEN","PC_EMP","A","2006",7.068,
"NZL","SELFEMPWEMP","MEN","PC_EMP","A","2007",7.039,
"NZL","SELFEMPWEMP","MEN","PC_EMP","A","2008",6.781,
"NZL","SELFEMPWEMP","MEN","PC_EMP","A","2009",6.527,
"NZL","SELFEMPWEMP","MEN","PC_EMP","A","2010",6.309,"B"
"NZL","SELFEMPWEMP","MEN","PC_EMP","A","2011",6.933,
"NZL","SELFEMPWEMP","MEN","PC_EMP","A","2012",6.833,
"NZL","SELFEMPWEMP","MEN","PC_EMP","A","2013",6.767,
"NZL","SELFEMPWEMP","MEN","PC_EMP","A","2014",5.593,
"NZL","SELFEMPWEMP","MEN","PC_EMP","A","2015",5.24,
"NZL","SELFEMPWEMP","WOMEN","PC_EMP","A","1991",4.655,
"NZL","SELFEMPWEMP","WOMEN","PC_EMP","A","1992",5.224,
"NZL","SELFEMPWEMP","WOMEN","PC_EMP","A","1993",5.124,
"NZL","SELFEMPWEMP","WOMEN","PC_EMP","A","1994",5.594,
"NZL","SELFEMPWEMP","WOMEN","PC_EMP","A","1995",5.355,
"NZL","SELFEMPWEMP","WOMEN","PC_EMP","A","1996",4.621,
"NZL","SELFEMPWEMP","WOMEN","PC_EMP","A","1997",4.464,
"NZL","SELFEMPWEMP","WOMEN","PC_EMP","A","1998",4.841,
"NZL","SELFEMPWEMP","WOMEN","PC_EMP","A","1999",4.857,
"NZL","SELFEMPWEMP","WOMEN","PC_EMP","A","2000",4.523,
"NZL","SELFEMPWEMP","WOMEN","PC_EMP","A","2001",4.621,
"NZL","SELFEMPWEMP","WOMEN","PC_EMP","A","2002",4.363,
"NZL","SELFEMPWEMP","WOMEN","PC_EMP","A","2003",4.338,
"NZL","SELFEMPWEMP","WOMEN","PC_EMP","A","2004",4.413,
"NZL","SELFEMPWEMP","WOMEN","PC_EMP","A","2005",4.249,
"NZL","SELFEMPWEMP","WOMEN","PC_EMP","A","2006",3.34,
"NZL","SELFEMPWEMP","WOMEN","PC_EMP","A","2007",3.171,
"NZL","SELFEMPWEMP","WOMEN","PC_EMP","A","2008",3.128,
"NZL","SELFEMPWEMP","WOMEN","PC_EMP","A","2009",2.953,
"NZL","SELFEMPWEMP","WOMEN","PC_EMP","A","2010",2.884,"B"
"NZL","SELFEMPWEMP","WOMEN","PC_EMP","A","2011",3.233,
"NZL","SELFEMPWEMP","WOMEN","PC_EMP","A","2012",3.2,
"NZL","SELFEMPWEMP","WOMEN","PC_EMP","A","2013",3.433,
"NZL","SELFEMPWEMP","WOMEN","PC_EMP","A","2014",3.034,
"NZL","SELFEMPWEMP","WOMEN","PC_EMP","A","2015",3,
