﻿"LOCATION","INDICATOR","SUBJECT","MEASURE","FREQUENCY","TIME","Value","Flag Codes"
"AUS","STARTBSNS","ACCESSTRAINMEN","PC","A","2013",65.745,
"AUS","STARTBSNS","ACCESSTRAINWOMEN","PC","A","2013",67.871,
"AUS","STARTBSNS","ACCESSFINANMEN","PC","A","2013",57.703,
"AUS","STARTBSNS","ACCESSFINANWOMEN","PC","A","2013",41.324,
"AUT","STARTBSNS","ACCESSTRAINMEN","PC","A","2013",64.462,
"AUT","STARTBSNS","ACCESSTRAINWOMEN","PC","A","2013",61.505,
"AUT","STARTBSNS","ACCESSFINANMEN","PC","A","2013",54.498,
"AUT","STARTBSNS","ACCESSFINANWOMEN","PC","A","2013",48.044,
"BEL","STARTBSNS","ACCESSTRAINMEN","PC","A","2013",54.741,
"BEL","STARTBSNS","ACCESSTRAINWOMEN","PC","A","2013",43.878,
"BEL","STARTBSNS","ACCESSFINANMEN","PC","A","2013",39.823,
"BEL","STARTBSNS","ACCESSFINANWOMEN","PC","A","2013",32.129,
"CAN","STARTBSNS","ACCESSTRAINMEN","PC","A","2013",73.296,
"CAN","STARTBSNS","ACCESSTRAINWOMEN","PC","A","2013",64.711,
"CAN","STARTBSNS","ACCESSFINANMEN","PC","A","2013",59.136,
"CAN","STARTBSNS","ACCESSFINANWOMEN","PC","A","2013",49.541,
"CZE","STARTBSNS","ACCESSTRAINMEN","PC","A","2013",36.834,
"CZE","STARTBSNS","ACCESSTRAINWOMEN","PC","A","2013",26.123,
"CZE","STARTBSNS","ACCESSFINANMEN","PC","A","2013",23.433,
"CZE","STARTBSNS","ACCESSFINANWOMEN","PC","A","2013",20.133,
"DNK","STARTBSNS","ACCESSTRAINMEN","PC","A","2013",60.287,
"DNK","STARTBSNS","ACCESSTRAINWOMEN","PC","A","2013",51.747,
"DNK","STARTBSNS","ACCESSFINANMEN","PC","A","2013",45.574,
"DNK","STARTBSNS","ACCESSFINANWOMEN","PC","A","2013",35.701,
"FIN","STARTBSNS","ACCESSTRAINMEN","PC","A","2013",87.493,
"FIN","STARTBSNS","ACCESSTRAINWOMEN","PC","A","2013",85.106,
"FIN","STARTBSNS","ACCESSFINANMEN","PC","A","2013",45.014,
"FIN","STARTBSNS","ACCESSFINANWOMEN","PC","A","2013",27.641,
"FRA","STARTBSNS","ACCESSTRAINMEN","PC","A","2013",40.081,
"FRA","STARTBSNS","ACCESSTRAINWOMEN","PC","A","2013",28.044,
"FRA","STARTBSNS","ACCESSFINANMEN","PC","A","2013",26.747,
"FRA","STARTBSNS","ACCESSFINANWOMEN","PC","A","2013",16.934,
"DEU","STARTBSNS","ACCESSTRAINMEN","PC","A","2013",53.889,
"DEU","STARTBSNS","ACCESSTRAINWOMEN","PC","A","2013",38.273,
"DEU","STARTBSNS","ACCESSFINANMEN","PC","A","2013",48.563,
"DEU","STARTBSNS","ACCESSFINANWOMEN","PC","A","2013",31.809,
"GRC","STARTBSNS","ACCESSTRAINMEN","PC","A","2013",33.177,
"GRC","STARTBSNS","ACCESSTRAINWOMEN","PC","A","2013",24.11,
"GRC","STARTBSNS","ACCESSFINANMEN","PC","A","2013",9.726,
"GRC","STARTBSNS","ACCESSFINANWOMEN","PC","A","2013",8.219,
"HUN","STARTBSNS","ACCESSTRAINMEN","PC","A","2013",36.377,
"HUN","STARTBSNS","ACCESSTRAINWOMEN","PC","A","2013",36.274,
"HUN","STARTBSNS","ACCESSFINANMEN","PC","A","2013",15.967,
"HUN","STARTBSNS","ACCESSFINANWOMEN","PC","A","2013",13.196,
"ISL","STARTBSNS","ACCESSTRAINMEN","PC","A","2013",71.744,
"ISL","STARTBSNS","ACCESSTRAINWOMEN","PC","A","2013",65.156,
"ISL","STARTBSNS","ACCESSFINANMEN","PC","A","2013",34.692,
"ISL","STARTBSNS","ACCESSFINANWOMEN","PC","A","2013",25.728,
"IRL","STARTBSNS","ACCESSTRAINMEN","PC","A","2013",69.387,
"IRL","STARTBSNS","ACCESSTRAINWOMEN","PC","A","2013",58.896,
"IRL","STARTBSNS","ACCESSFINANMEN","PC","A","2013",40.322,
"IRL","STARTBSNS","ACCESSFINANWOMEN","PC","A","2013",22.866,
"ITA","STARTBSNS","ACCESSTRAINMEN","PC","A","2013",19.09,
"ITA","STARTBSNS","ACCESSTRAINWOMEN","PC","A","2013",12.26,
"ITA","STARTBSNS","ACCESSFINANMEN","PC","A","2013",10.215,
"ITA","STARTBSNS","ACCESSFINANWOMEN","PC","A","2013",4.475,
"JPN","STARTBSNS","ACCESSTRAINMEN","PC","A","2013",31.332,
"JPN","STARTBSNS","ACCESSTRAINWOMEN","PC","A","2013",17.122,
"JPN","STARTBSNS","ACCESSFINANMEN","PC","A","2013",33.982,
"JPN","STARTBSNS","ACCESSFINANWOMEN","PC","A","2013",21.578,
"KOR","STARTBSNS","ACCESSTRAINMEN","PC","A","2013",35.585,
"KOR","STARTBSNS","ACCESSTRAINWOMEN","PC","A","2013",29.385,
"KOR","STARTBSNS","ACCESSFINANMEN","PC","A","2013",45.744,
"KOR","STARTBSNS","ACCESSFINANWOMEN","PC","A","2013",42.434,
"LUX","STARTBSNS","ACCESSTRAINMEN","PC","A","2013",61.244,
"LUX","STARTBSNS","ACCESSTRAINWOMEN","PC","A","2013",42.175,
"LUX","STARTBSNS","ACCESSFINANMEN","PC","A","2013",44.279,
"LUX","STARTBSNS","ACCESSFINANWOMEN","PC","A","2013",38.25,
"MEX","STARTBSNS","ACCESSTRAINMEN","PC","A","2013",15.081,
"MEX","STARTBSNS","ACCESSTRAINWOMEN","PC","A","2013",16.5,
"MEX","STARTBSNS","ACCESSFINANMEN","PC","A","2013",16.401,
"MEX","STARTBSNS","ACCESSFINANWOMEN","PC","A","2013",17.232,
"NLD","STARTBSNS","ACCESSTRAINMEN","PC","A","2013",58.298,
"NLD","STARTBSNS","ACCESSTRAINWOMEN","PC","A","2013",47.352,
"NLD","STARTBSNS","ACCESSFINANMEN","PC","A","2013",37.8,
"NLD","STARTBSNS","ACCESSFINANWOMEN","PC","A","2013",31.257,
"NZL","STARTBSNS","ACCESSTRAINMEN","PC","A","2013",74.845,
"NZL","STARTBSNS","ACCESSTRAINWOMEN","PC","A","2013",72.041,
"NZL","STARTBSNS","ACCESSFINANMEN","PC","A","2013",54.399,
"NZL","STARTBSNS","ACCESSFINANWOMEN","PC","A","2013",46.301,
"POL","STARTBSNS","ACCESSTRAINMEN","PC","A","2013",39.868,
"POL","STARTBSNS","ACCESSTRAINWOMEN","PC","A","2013",30.089,
"POL","STARTBSNS","ACCESSFINANMEN","PC","A","2013",24.648,
"POL","STARTBSNS","ACCESSFINANWOMEN","PC","A","2013",20.858,
"PRT","STARTBSNS","ACCESSTRAINMEN","PC","A","2013",54.4,
"PRT","STARTBSNS","ACCESSTRAINWOMEN","PC","A","2013",49.462,
"PRT","STARTBSNS","ACCESSFINANMEN","PC","A","2013",24.975,
"PRT","STARTBSNS","ACCESSFINANWOMEN","PC","A","2013",19.528,
"SVK","STARTBSNS","ACCESSTRAINMEN","PC","A","2013",38.069,
"SVK","STARTBSNS","ACCESSTRAINWOMEN","PC","A","2013",28.067,
"SVK","STARTBSNS","ACCESSFINANMEN","PC","A","2013",20.066,
"SVK","STARTBSNS","ACCESSFINANWOMEN","PC","A","2013",13.986,
"ESP","STARTBSNS","ACCESSTRAINMEN","PC","A","2013",54.831,
"ESP","STARTBSNS","ACCESSTRAINWOMEN","PC","A","2013",46.755,
"ESP","STARTBSNS","ACCESSFINANMEN","PC","A","2013",24.345,
"ESP","STARTBSNS","ACCESSFINANWOMEN","PC","A","2013",18.521,
"SWE","STARTBSNS","ACCESSTRAINMEN","PC","A","2013",61.573,
"SWE","STARTBSNS","ACCESSTRAINWOMEN","PC","A","2013",64.65,
"SWE","STARTBSNS","ACCESSFINANMEN","PC","A","2013",49.678,
"SWE","STARTBSNS","ACCESSFINANWOMEN","PC","A","2013",41.293,
"TUR","STARTBSNS","ACCESSTRAINMEN","PC","A","2013",34.736,
"TUR","STARTBSNS","ACCESSTRAINWOMEN","PC","A","2013",17.712,
"TUR","STARTBSNS","ACCESSFINANMEN","PC","A","2013",21.157,
"TUR","STARTBSNS","ACCESSFINANWOMEN","PC","A","2013",12.203,
"GBR","STARTBSNS","ACCESSTRAINMEN","PC","A","2013",54.717,
"GBR","STARTBSNS","ACCESSTRAINWOMEN","PC","A","2013",50.243,
"GBR","STARTBSNS","ACCESSFINANMEN","PC","A","2013",46.397,
"GBR","STARTBSNS","ACCESSFINANWOMEN","PC","A","2013",27.406,
"USA","STARTBSNS","ACCESSTRAINMEN","PC","A","2013",66.22,
"USA","STARTBSNS","ACCESSTRAINWOMEN","PC","A","2013",60.347,
"USA","STARTBSNS","ACCESSFINANMEN","PC","A","2013",35.327,
"USA","STARTBSNS","ACCESSFINANWOMEN","PC","A","2013",36.959,
"BRA","STARTBSNS","ACCESSTRAINMEN","PC","A","2013",25.914,
"BRA","STARTBSNS","ACCESSTRAINWOMEN","PC","A","2013",20.995,
"BRA","STARTBSNS","ACCESSFINANMEN","PC","A","2013",24.219,
"BRA","STARTBSNS","ACCESSFINANWOMEN","PC","A","2013",16.677,
"CHL","STARTBSNS","ACCESSTRAINMEN","PC","A","2013",31.544,
"CHL","STARTBSNS","ACCESSTRAINWOMEN","PC","A","2013",29.034,
"CHL","STARTBSNS","ACCESSFINANMEN","PC","A","2013",26.699,
"CHL","STARTBSNS","ACCESSFINANWOMEN","PC","A","2013",18.017,
"CHN","STARTBSNS","ACCESSTRAINMEN","PC","A","2013",20.551,
"CHN","STARTBSNS","ACCESSTRAINWOMEN","PC","A","2013",17.004,
"CHN","STARTBSNS","ACCESSFINANMEN","PC","A","2013",32.997,
"CHN","STARTBSNS","ACCESSFINANWOMEN","PC","A","2013",27.734,
"EST","STARTBSNS","ACCESSTRAINMEN","PC","A","2013",62.556,
"EST","STARTBSNS","ACCESSTRAINWOMEN","PC","A","2013",64.07,
"EST","STARTBSNS","ACCESSFINANMEN","PC","A","2013",33.677,
"EST","STARTBSNS","ACCESSFINANWOMEN","PC","A","2013",27.88,
"IND","STARTBSNS","ACCESSTRAINMEN","PC","A","2013",18.216,
"IND","STARTBSNS","ACCESSTRAINWOMEN","PC","A","2013",13.303,
"IND","STARTBSNS","ACCESSFINANMEN","PC","A","2013",13.295,
"IND","STARTBSNS","ACCESSFINANWOMEN","PC","A","2013",9.656,
"IDN","STARTBSNS","ACCESSTRAINMEN","PC","A","2013",32.456,
"IDN","STARTBSNS","ACCESSTRAINWOMEN","PC","A","2013",18.189,
"IDN","STARTBSNS","ACCESSFINANMEN","PC","A","2013",43.572,
"IDN","STARTBSNS","ACCESSFINANWOMEN","PC","A","2013",34.021,
"ISR","STARTBSNS","ACCESSTRAINMEN","PC","A","2013",43.451,
"ISR","STARTBSNS","ACCESSTRAINWOMEN","PC","A","2013",33.229,
"ISR","STARTBSNS","ACCESSFINANMEN","PC","A","2013",35.944,
"ISR","STARTBSNS","ACCESSFINANWOMEN","PC","A","2013",28.553,
"RUS","STARTBSNS","ACCESSTRAINMEN","PC","A","2013",45.221,
"RUS","STARTBSNS","ACCESSTRAINWOMEN","PC","A","2013",34.494,
"RUS","STARTBSNS","ACCESSFINANMEN","PC","A","2013",30.269,
"RUS","STARTBSNS","ACCESSFINANWOMEN","PC","A","2013",21.303,
"SVN","STARTBSNS","ACCESSTRAINMEN","PC","A","2013",68.033,
"SVN","STARTBSNS","ACCESSTRAINWOMEN","PC","A","2013",64.15,
"SVN","STARTBSNS","ACCESSFINANMEN","PC","A","2013",26.383,
"SVN","STARTBSNS","ACCESSFINANWOMEN","PC","A","2013",16.752,
"ZAF","STARTBSNS","ACCESSTRAINMEN","PC","A","2013",31.24,
"ZAF","STARTBSNS","ACCESSTRAINWOMEN","PC","A","2013",28.658,
"ZAF","STARTBSNS","ACCESSFINANMEN","PC","A","2013",30.806,
"ZAF","STARTBSNS","ACCESSFINANWOMEN","PC","A","2013",26.577,
"OECD","STARTBSNS","ACCESSTRAINMEN","PC","A","2013",51.186,
"OECD","STARTBSNS","ACCESSTRAINWOMEN","PC","A","2013",44.064,
"OECD","STARTBSNS","ACCESSFINANMEN","PC","A","2013",34.165,
"OECD","STARTBSNS","ACCESSFINANWOMEN","PC","A","2013",26.303,
