﻿"LOCATION","INDICATOR","SUBJECT","MEASURE","FREQUENCY","TIME","Value","Flag Codes"
"AUT","EMPLOYEE","0_9","NBR","A","2008",41966,
"AUT","EMPLOYEE","0_9","NBR","A","2009",40559,
"AUT","EMPLOYEE","0_9","NBR","A","2010",40239,
"AUT","EMPLOYEE","0_9","NBR","A","2011",39345,
"AUT","EMPLOYEE","0_9","NBR","A","2012",38228,
"AUT","EMPLOYEE","0_9","NBR","A","2013",37352,
"AUT","EMPLOYEE","0_9","NBR","A","2014",37753,
"AUT","EMPLOYEE","10_19","NBR","A","2008",40388,
"AUT","EMPLOYEE","10_19","NBR","A","2009",39806,
"AUT","EMPLOYEE","10_19","NBR","A","2010",39477,
"AUT","EMPLOYEE","10_19","NBR","A","2011",38836,
"AUT","EMPLOYEE","10_19","NBR","A","2012",38382,
"AUT","EMPLOYEE","10_19","NBR","A","2013",37670,
"AUT","EMPLOYEE","10_19","NBR","A","2014",36713,
"AUT","EMPLOYEE","20_49","NBR","A","2008",67764,
"AUT","EMPLOYEE","20_49","NBR","A","2009",65327,
"AUT","EMPLOYEE","20_49","NBR","A","2010",65553,
"AUT","EMPLOYEE","20_49","NBR","A","2011",65399,
"AUT","EMPLOYEE","20_49","NBR","A","2012",65773,
"AUT","EMPLOYEE","20_49","NBR","A","2013",67210,
"AUT","EMPLOYEE","20_49","NBR","A","2014",66211,
"AUT","EMPLOYEE","50_249","NBR","A","2008",164679,
"AUT","EMPLOYEE","50_249","NBR","A","2009",160458,
"AUT","EMPLOYEE","50_249","NBR","A","2010",156328,
"AUT","EMPLOYEE","50_249","NBR","A","2011",160408,
"AUT","EMPLOYEE","50_249","NBR","A","2012",160331,
"AUT","EMPLOYEE","50_249","NBR","A","2013",158002,
"AUT","EMPLOYEE","50_249","NBR","A","2014",159387,
"AUT","EMPLOYEE","250MORE","NBR","A","2008",298909,
"AUT","EMPLOYEE","250MORE","NBR","A","2009",282482,
"AUT","EMPLOYEE","250MORE","NBR","A","2010",278398,
"AUT","EMPLOYEE","250MORE","NBR","A","2011",285377,
"AUT","EMPLOYEE","250MORE","NBR","A","2012",294418,
"AUT","EMPLOYEE","250MORE","NBR","A","2013",298106,
"AUT","EMPLOYEE","250MORE","NBR","A","2014",301441,
"AUT","EMPLOYEE","TOT","NBR","A","2008",613706,
"AUT","EMPLOYEE","TOT","NBR","A","2009",588632,
"AUT","EMPLOYEE","TOT","NBR","A","2010",579995,
"AUT","EMPLOYEE","TOT","NBR","A","2011",589365,
"AUT","EMPLOYEE","TOT","NBR","A","2012",597132,
"AUT","EMPLOYEE","TOT","NBR","A","2013",598340,
"AUT","EMPLOYEE","TOT","NBR","A","2014",601505,
"BEL","EMPLOYEE","0_9","NBR","A","2008",36232,
"BEL","EMPLOYEE","0_9","NBR","A","2009",39491,
"BEL","EMPLOYEE","0_9","NBR","A","2010",36812,
"BEL","EMPLOYEE","0_9","NBR","A","2011",35565,
"BEL","EMPLOYEE","0_9","NBR","A","2012",32270,
"BEL","EMPLOYEE","0_9","NBR","A","2013",30418,
"BEL","EMPLOYEE","0_9","NBR","A","2014",31654,
"BEL","EMPLOYEE","10_19","NBR","A","2008",35169,
"BEL","EMPLOYEE","10_19","NBR","A","2009",36885,
"BEL","EMPLOYEE","10_19","NBR","A","2010",33294,
"BEL","EMPLOYEE","10_19","NBR","A","2011",32233,
"BEL","EMPLOYEE","10_19","NBR","A","2012",30646,
"BEL","EMPLOYEE","10_19","NBR","A","2013",31091,
"BEL","EMPLOYEE","10_19","NBR","A","2014",29219,
"BEL","EMPLOYEE","20_49","NBR","A","2008",72479,
"BEL","EMPLOYEE","20_49","NBR","A","2009",68690,
"BEL","EMPLOYEE","20_49","NBR","A","2010",67405,
"BEL","EMPLOYEE","20_49","NBR","A","2011",67678,
"BEL","EMPLOYEE","20_49","NBR","A","2012",65999,
"BEL","EMPLOYEE","20_49","NBR","A","2013",64305,
"BEL","EMPLOYEE","20_49","NBR","A","2014",63020,
"BEL","EMPLOYEE","50_249","NBR","A","2008",139993,
"BEL","EMPLOYEE","50_249","NBR","A","2009",131213,
"BEL","EMPLOYEE","50_249","NBR","A","2010",132685,
"BEL","EMPLOYEE","50_249","NBR","A","2011",133271,
"BEL","EMPLOYEE","50_249","NBR","A","2012",130719,
"BEL","EMPLOYEE","50_249","NBR","A","2013",125216,
"BEL","EMPLOYEE","50_249","NBR","A","2014",123176,
"BEL","EMPLOYEE","250MORE","NBR","A","2008",262874,
"BEL","EMPLOYEE","250MORE","NBR","A","2009",215756,
"BEL","EMPLOYEE","250MORE","NBR","A","2010",232977,
"BEL","EMPLOYEE","250MORE","NBR","A","2011",235091,
"BEL","EMPLOYEE","250MORE","NBR","A","2012",231174,
"BEL","EMPLOYEE","250MORE","NBR","A","2013",230934,
"BEL","EMPLOYEE","250MORE","NBR","A","2014",222648,
"BEL","EMPLOYEE","TOT","NBR","A","2008",546743,
"BEL","EMPLOYEE","TOT","NBR","A","2009",524751,
"BEL","EMPLOYEE","TOT","NBR","A","2010",503172,
"BEL","EMPLOYEE","TOT","NBR","A","2011",503790,
"BEL","EMPLOYEE","TOT","NBR","A","2012",490808,
"BEL","EMPLOYEE","TOT","NBR","A","2013",481964,
"BEL","EMPLOYEE","TOT","NBR","A","2014",469717,
"CZE","EMPLOYEE","0_9","NBR","A","2008",72856,
"CZE","EMPLOYEE","0_9","NBR","A","2009",71592,
"CZE","EMPLOYEE","0_9","NBR","A","2010",69411,
"CZE","EMPLOYEE","0_9","NBR","A","2011",67461,
"CZE","EMPLOYEE","0_9","NBR","A","2012",67423,
"CZE","EMPLOYEE","0_9","NBR","A","2013",64656,
"CZE","EMPLOYEE","0_9","NBR","A","2014",63220,
"CZE","EMPLOYEE","10_19","NBR","A","2008",67653,
"CZE","EMPLOYEE","10_19","NBR","A","2009",67024,
"CZE","EMPLOYEE","10_19","NBR","A","2010",62412,
"CZE","EMPLOYEE","10_19","NBR","A","2011",61953,
"CZE","EMPLOYEE","10_19","NBR","A","2012",59376,
"CZE","EMPLOYEE","10_19","NBR","A","2013",57235,
"CZE","EMPLOYEE","10_19","NBR","A","2014",55737,
"CZE","EMPLOYEE","20_49","NBR","A","2008",130295,
"CZE","EMPLOYEE","20_49","NBR","A","2009",119534,
"CZE","EMPLOYEE","20_49","NBR","A","2010",115201,
"CZE","EMPLOYEE","20_49","NBR","A","2011",116518,
"CZE","EMPLOYEE","20_49","NBR","A","2012",116212,
"CZE","EMPLOYEE","20_49","NBR","A","2013",113134,
"CZE","EMPLOYEE","20_49","NBR","A","2014",111107,
"CZE","EMPLOYEE","50_249","NBR","A","2008",368027,
"CZE","EMPLOYEE","50_249","NBR","A","2009",333824,
"CZE","EMPLOYEE","50_249","NBR","A","2010",320123,
"CZE","EMPLOYEE","50_249","NBR","A","2011",315982,
"CZE","EMPLOYEE","50_249","NBR","A","2012",318323,
"CZE","EMPLOYEE","50_249","NBR","A","2013",316232,
"CZE","EMPLOYEE","50_249","NBR","A","2014",319195,
"CZE","EMPLOYEE","250MORE","NBR","A","2008",596575,
"CZE","EMPLOYEE","250MORE","NBR","A","2009",489008,
"CZE","EMPLOYEE","250MORE","NBR","A","2010",485391,
"CZE","EMPLOYEE","250MORE","NBR","A","2011",515104,
"CZE","EMPLOYEE","250MORE","NBR","A","2012",513833,
"CZE","EMPLOYEE","250MORE","NBR","A","2013",512651,
"CZE","EMPLOYEE","250MORE","NBR","A","2014",528198,
"CZE","EMPLOYEE","TOT","NBR","A","2008",1235410,
"CZE","EMPLOYEE","TOT","NBR","A","2009",1080980,
"CZE","EMPLOYEE","TOT","NBR","A","2010",1052540,
"CZE","EMPLOYEE","TOT","NBR","A","2011",1077020,
"CZE","EMPLOYEE","TOT","NBR","A","2012",1075170,
"CZE","EMPLOYEE","TOT","NBR","A","2013",1063910,
"CZE","EMPLOYEE","TOT","NBR","A","2014",1077460,
"DNK","EMPLOYEE","0_9","NBR","A","2008",22048,
"DNK","EMPLOYEE","0_9","NBR","A","2009",22728,
"DNK","EMPLOYEE","0_9","NBR","A","2010",22832,
"DNK","EMPLOYEE","0_9","NBR","A","2011",23237,
"DNK","EMPLOYEE","0_9","NBR","A","2012",22608,
"DNK","EMPLOYEE","0_9","NBR","A","2013",22144,
"DNK","EMPLOYEE","0_9","NBR","A","2014",21299,
"DNK","EMPLOYEE","10_19","NBR","A","2008",24711,
"DNK","EMPLOYEE","10_19","NBR","A","2009",22604,
"DNK","EMPLOYEE","10_19","NBR","A","2010",21047,
"DNK","EMPLOYEE","10_19","NBR","A","2011",24350,
"DNK","EMPLOYEE","10_19","NBR","A","2012",24769,
"DNK","EMPLOYEE","10_19","NBR","A","2013",24359,
"DNK","EMPLOYEE","10_19","NBR","A","2014",23414,
"DNK","EMPLOYEE","20_49","NBR","A","2008",47649,
"DNK","EMPLOYEE","20_49","NBR","A","2009",41011,
"DNK","EMPLOYEE","20_49","NBR","A","2010",38629,
"DNK","EMPLOYEE","20_49","NBR","A","2011",44014,
"DNK","EMPLOYEE","20_49","NBR","A","2012",42929,
"DNK","EMPLOYEE","20_49","NBR","A","2013",41434,
"DNK","EMPLOYEE","20_49","NBR","A","2014",41678,
"DNK","EMPLOYEE","50_249","NBR","A","2008",104529,
"DNK","EMPLOYEE","50_249","NBR","A","2009",82477,
"DNK","EMPLOYEE","50_249","NBR","A","2010",79462,
"DNK","EMPLOYEE","50_249","NBR","A","2011",94760,
"DNK","EMPLOYEE","50_249","NBR","A","2012",93644,
"DNK","EMPLOYEE","50_249","NBR","A","2013",95027,
"DNK","EMPLOYEE","50_249","NBR","A","2014",98353,
"DNK","EMPLOYEE","250MORE","NBR","A","2008",178635,
"DNK","EMPLOYEE","250MORE","NBR","A","2009",134387,
"DNK","EMPLOYEE","250MORE","NBR","A","2010",126796,
"DNK","EMPLOYEE","250MORE","NBR","A","2011",171460,
"DNK","EMPLOYEE","250MORE","NBR","A","2012",170233,
"DNK","EMPLOYEE","250MORE","NBR","A","2013",161494,
"DNK","EMPLOYEE","250MORE","NBR","A","2014",166488,
"DNK","EMPLOYEE","TOT","NBR","A","2008",377572,
"DNK","EMPLOYEE","TOT","NBR","A","2009",303207,
"DNK","EMPLOYEE","TOT","NBR","A","2010",288766,
"DNK","EMPLOYEE","TOT","NBR","A","2011",357821,
"DNK","EMPLOYEE","TOT","NBR","A","2012",354183,
"DNK","EMPLOYEE","TOT","NBR","A","2013",344458,
"DNK","EMPLOYEE","TOT","NBR","A","2014",351232,
"FIN","EMPLOYEE","0_9","NBR","A","2008",30517,
"FIN","EMPLOYEE","0_9","NBR","A","2009",29860,
"FIN","EMPLOYEE","0_9","NBR","A","2010",28949,
"FIN","EMPLOYEE","0_9","NBR","A","2011",28170,
"FIN","EMPLOYEE","0_9","NBR","A","2012",27386,
"FIN","EMPLOYEE","0_9","NBR","A","2013",25919,"B"
"FIN","EMPLOYEE","0_9","NBR","A","2014",24783,
"FIN","EMPLOYEE","10_19","NBR","A","2008",24886,
"FIN","EMPLOYEE","10_19","NBR","A","2009",23782,
"FIN","EMPLOYEE","10_19","NBR","A","2010",23227,
"FIN","EMPLOYEE","10_19","NBR","A","2011",24028,
"FIN","EMPLOYEE","10_19","NBR","A","2012",23142,
"FIN","EMPLOYEE","10_19","NBR","A","2013",21504,"B"
"FIN","EMPLOYEE","10_19","NBR","A","2014",22599,
"FIN","EMPLOYEE","20_49","NBR","A","2008",43746,
"FIN","EMPLOYEE","20_49","NBR","A","2009",41099,
"FIN","EMPLOYEE","20_49","NBR","A","2010",39631,
"FIN","EMPLOYEE","20_49","NBR","A","2011",39645,
"FIN","EMPLOYEE","20_49","NBR","A","2012",39791,
"FIN","EMPLOYEE","20_49","NBR","A","2013",39996,"B"
"FIN","EMPLOYEE","20_49","NBR","A","2014",39286,
"FIN","EMPLOYEE","50_249","NBR","A","2008",96493,
"FIN","EMPLOYEE","50_249","NBR","A","2009",88794,
"FIN","EMPLOYEE","50_249","NBR","A","2010",84351,
"FIN","EMPLOYEE","50_249","NBR","A","2011",85925,
"FIN","EMPLOYEE","50_249","NBR","A","2012",87058,
"FIN","EMPLOYEE","50_249","NBR","A","2013",85358,"B"
"FIN","EMPLOYEE","50_249","NBR","A","2014",83779,
"FIN","EMPLOYEE","250MORE","NBR","A","2008",215595,
"FIN","EMPLOYEE","250MORE","NBR","A","2009",198220,
"FIN","EMPLOYEE","250MORE","NBR","A","2010",183932,
"FIN","EMPLOYEE","250MORE","NBR","A","2011",181840,
"FIN","EMPLOYEE","250MORE","NBR","A","2012",174797,
"FIN","EMPLOYEE","250MORE","NBR","A","2013",166389,"B"
"FIN","EMPLOYEE","250MORE","NBR","A","2014",164366,
"FIN","EMPLOYEE","TOT","NBR","A","2008",411237,
"FIN","EMPLOYEE","TOT","NBR","A","2009",381754,
"FIN","EMPLOYEE","TOT","NBR","A","2010",360090,
"FIN","EMPLOYEE","TOT","NBR","A","2011",359608,
"FIN","EMPLOYEE","TOT","NBR","A","2012",352174,
"FIN","EMPLOYEE","TOT","NBR","A","2013",339165,"B"
"FIN","EMPLOYEE","TOT","NBR","A","2014",334814,
"FRA","EMPLOYEE","0_9","NBR","A","2008",0,"N"
"FRA","EMPLOYEE","0_9","NBR","A","2009",369600,
"FRA","EMPLOYEE","0_9","NBR","A","2010",409844,
"FRA","EMPLOYEE","0_9","NBR","A","2011",446954,
"FRA","EMPLOYEE","0_9","NBR","A","2012",320182,
"FRA","EMPLOYEE","0_9","NBR","A","2013",342147,
"FRA","EMPLOYEE","0_9","NBR","A","2014",352687,"B"
"FRA","EMPLOYEE","10_19","NBR","A","2008",0,"N"
"FRA","EMPLOYEE","10_19","NBR","A","2009",220011,
"FRA","EMPLOYEE","10_19","NBR","A","2010",199025,
"FRA","EMPLOYEE","10_19","NBR","A","2011",186637,
"FRA","EMPLOYEE","10_19","NBR","A","2012",208773,
"FRA","EMPLOYEE","10_19","NBR","A","2013",215302,
"FRA","EMPLOYEE","10_19","NBR","A","2014",200593,"B"
"FRA","EMPLOYEE","20_49","NBR","A","2008",0,"N"
"FRA","EMPLOYEE","20_49","NBR","A","2009",362307,
"FRA","EMPLOYEE","20_49","NBR","A","2010",359137,
"FRA","EMPLOYEE","20_49","NBR","A","2011",358059,
"FRA","EMPLOYEE","20_49","NBR","A","2012",359286,
"FRA","EMPLOYEE","20_49","NBR","A","2013",345662,
"FRA","EMPLOYEE","20_49","NBR","A","2014",331465,"B"
"FRA","EMPLOYEE","50_249","NBR","A","2008",0,"N"
"FRA","EMPLOYEE","50_249","NBR","A","2009",700656,
"FRA","EMPLOYEE","50_249","NBR","A","2010",689089,
"FRA","EMPLOYEE","50_249","NBR","A","2011",687717,
"FRA","EMPLOYEE","50_249","NBR","A","2012",695361,
"FRA","EMPLOYEE","50_249","NBR","A","2013",669803,
"FRA","EMPLOYEE","50_249","NBR","A","2014",650768,"B"
"FRA","EMPLOYEE","250MORE","NBR","A","2008",0,"N"
"FRA","EMPLOYEE","250MORE","NBR","A","2009",1401130,
"FRA","EMPLOYEE","250MORE","NBR","A","2010",1358950,
"FRA","EMPLOYEE","250MORE","NBR","A","2011",1292370,
"FRA","EMPLOYEE","250MORE","NBR","A","2012",1349690,
"FRA","EMPLOYEE","250MORE","NBR","A","2013",1330820,
"FRA","EMPLOYEE","250MORE","NBR","A","2014",1370100,"B"
"FRA","EMPLOYEE","TOT","NBR","A","2008",0,"N"
"FRA","EMPLOYEE","TOT","NBR","A","2009",3053710,
"FRA","EMPLOYEE","TOT","NBR","A","2010",3015990,
"FRA","EMPLOYEE","TOT","NBR","A","2011",2971640,
"FRA","EMPLOYEE","TOT","NBR","A","2012",2933290,
"FRA","EMPLOYEE","TOT","NBR","A","2013",2903730,
"FRA","EMPLOYEE","TOT","NBR","A","2014",2905610,"B"
"DEU","EMPLOYEE","0_9","NBR","A","2008",345829,
"DEU","EMPLOYEE","0_9","NBR","A","2009",283374,
"DEU","EMPLOYEE","0_9","NBR","A","2010",381452,
"DEU","EMPLOYEE","0_9","NBR","A","2011",373957,
"DEU","EMPLOYEE","0_9","NBR","A","2012",365252,
"DEU","EMPLOYEE","0_9","NBR","A","2013",373088,
"DEU","EMPLOYEE","0_9","NBR","A","2014",374510,
"DEU","EMPLOYEE","10_19","NBR","A","2008",540923,
"DEU","EMPLOYEE","10_19","NBR","A","2009",471252,
"DEU","EMPLOYEE","10_19","NBR","A","2010",575722,
"DEU","EMPLOYEE","10_19","NBR","A","2011",598917,
"DEU","EMPLOYEE","10_19","NBR","A","2012",537156,
"DEU","EMPLOYEE","10_19","NBR","A","2013",550961,
"DEU","EMPLOYEE","10_19","NBR","A","2014",505031,
"DEU","EMPLOYEE","20_49","NBR","A","2008",517779,
"DEU","EMPLOYEE","20_49","NBR","A","2009",532371,
"DEU","EMPLOYEE","20_49","NBR","A","2010",519808,
"DEU","EMPLOYEE","20_49","NBR","A","2011",519873,
"DEU","EMPLOYEE","20_49","NBR","A","2012",535297,
"DEU","EMPLOYEE","20_49","NBR","A","2013",551944,
"DEU","EMPLOYEE","20_49","NBR","A","2014",549519,
"DEU","EMPLOYEE","50_249","NBR","A","2008",1766890,
"DEU","EMPLOYEE","50_249","NBR","A","2009",1686370,
"DEU","EMPLOYEE","50_249","NBR","A","2010",1696060,
"DEU","EMPLOYEE","50_249","NBR","A","2011",1739790,
"DEU","EMPLOYEE","50_249","NBR","A","2012",1749000,
"DEU","EMPLOYEE","50_249","NBR","A","2013",1744800,
"DEU","EMPLOYEE","50_249","NBR","A","2014",1755640,
"DEU","EMPLOYEE","250MORE","NBR","A","2008",3767170,
"DEU","EMPLOYEE","250MORE","NBR","A","2009",3585890,
"DEU","EMPLOYEE","250MORE","NBR","A","2010",3575260,
"DEU","EMPLOYEE","250MORE","NBR","A","2011",3731960,
"DEU","EMPLOYEE","250MORE","NBR","A","2012",3808700,
"DEU","EMPLOYEE","250MORE","NBR","A","2013",3840440,
"DEU","EMPLOYEE","250MORE","NBR","A","2014",3909000,
"DEU","EMPLOYEE","TOT","NBR","A","2008",6938600,
"DEU","EMPLOYEE","TOT","NBR","A","2009",6559260,
"DEU","EMPLOYEE","TOT","NBR","A","2010",6748300,
"DEU","EMPLOYEE","TOT","NBR","A","2011",6964500,
"DEU","EMPLOYEE","TOT","NBR","A","2012",6995410,
"DEU","EMPLOYEE","TOT","NBR","A","2013",7061230,
"DEU","EMPLOYEE","TOT","NBR","A","2014",7093690,
"GRC","EMPLOYEE","0_9","NBR","A","2008",107262,
"GRC","EMPLOYEE","0_9","NBR","A","2009",103607,
"GRC","EMPLOYEE","0_9","NBR","A","2010",95217,
"GRC","EMPLOYEE","0_9","NBR","A","2011",82934,
"GRC","EMPLOYEE","0_9","NBR","A","2012",93590,
"GRC","EMPLOYEE","0_9","NBR","A","2013",85852,
"GRC","EMPLOYEE","0_9","NBR","A","2014",85704,
"GRC","EMPLOYEE","10_19","NBR","A","2008",19452,
"GRC","EMPLOYEE","10_19","NBR","A","2009",22039,
"GRC","EMPLOYEE","10_19","NBR","A","2010",22180,
"GRC","EMPLOYEE","10_19","NBR","A","2011",21374,
"GRC","EMPLOYEE","10_19","NBR","A","2012",20809,
"GRC","EMPLOYEE","10_19","NBR","A","2013",14633,
"GRC","EMPLOYEE","10_19","NBR","A","2014",12653,
"GRC","EMPLOYEE","20_49","NBR","A","2008",44253,
"GRC","EMPLOYEE","20_49","NBR","A","2009",42635,
"GRC","EMPLOYEE","20_49","NBR","A","2010",40996,
"GRC","EMPLOYEE","20_49","NBR","A","2011",37919,
"GRC","EMPLOYEE","20_49","NBR","A","2012",35711,
"GRC","EMPLOYEE","20_49","NBR","A","2013",29042,
"GRC","EMPLOYEE","20_49","NBR","A","2014",28561,
"GRC","EMPLOYEE","50_249","NBR","A","2008",71203,
"GRC","EMPLOYEE","50_249","NBR","A","2009",72788,
"GRC","EMPLOYEE","50_249","NBR","A","2010",67078,
"GRC","EMPLOYEE","50_249","NBR","A","2011",60251,
"GRC","EMPLOYEE","50_249","NBR","A","2012",61487,
"GRC","EMPLOYEE","50_249","NBR","A","2013",64837,
"GRC","EMPLOYEE","50_249","NBR","A","2014",61337,
"GRC","EMPLOYEE","250MORE","NBR","A","2008",84033,
"GRC","EMPLOYEE","250MORE","NBR","A","2009",77015,
"GRC","EMPLOYEE","250MORE","NBR","A","2010",76228,
"GRC","EMPLOYEE","250MORE","NBR","A","2011",65501,
"GRC","EMPLOYEE","250MORE","NBR","A","2012",59837,
"GRC","EMPLOYEE","250MORE","NBR","A","2013",59835,
"GRC","EMPLOYEE","250MORE","NBR","A","2014",58904,
"GRC","EMPLOYEE","TOT","NBR","A","2008",326203,
"GRC","EMPLOYEE","TOT","NBR","A","2009",318085,
"GRC","EMPLOYEE","TOT","NBR","A","2010",301699,
"GRC","EMPLOYEE","TOT","NBR","A","2011",267980,
"GRC","EMPLOYEE","TOT","NBR","A","2012",271434,
"GRC","EMPLOYEE","TOT","NBR","A","2013",254199,
"GRC","EMPLOYEE","TOT","NBR","A","2014",247159,
"HUN","EMPLOYEE","0_9","NBR","A","2008",70858,
"HUN","EMPLOYEE","0_9","NBR","A","2009",66620,
"HUN","EMPLOYEE","0_9","NBR","A","2010",65240,
"HUN","EMPLOYEE","0_9","NBR","A","2011",62775,
"HUN","EMPLOYEE","0_9","NBR","A","2012",64230,
"HUN","EMPLOYEE","0_9","NBR","A","2013",62709,
"HUN","EMPLOYEE","0_9","NBR","A","2014",62418,
"HUN","EMPLOYEE","10_19","NBR","A","2008",49091,
"HUN","EMPLOYEE","10_19","NBR","A","2009",44422,
"HUN","EMPLOYEE","10_19","NBR","A","2010",45433,
"HUN","EMPLOYEE","10_19","NBR","A","2011",44832,
"HUN","EMPLOYEE","10_19","NBR","A","2012",43074,
"HUN","EMPLOYEE","10_19","NBR","A","2013",41302,
"HUN","EMPLOYEE","10_19","NBR","A","2014",42196,
"HUN","EMPLOYEE","20_49","NBR","A","2008",80618,
"HUN","EMPLOYEE","20_49","NBR","A","2009",74014,
"HUN","EMPLOYEE","20_49","NBR","A","2010",68534,
"HUN","EMPLOYEE","20_49","NBR","A","2011",66656,
"HUN","EMPLOYEE","20_49","NBR","A","2012",68567,
"HUN","EMPLOYEE","20_49","NBR","A","2013",69814,
"HUN","EMPLOYEE","20_49","NBR","A","2014",71659,
"HUN","EMPLOYEE","50_249","NBR","A","2008",188508,
"HUN","EMPLOYEE","50_249","NBR","A","2009",172999,
"HUN","EMPLOYEE","50_249","NBR","A","2010",169461,
"HUN","EMPLOYEE","50_249","NBR","A","2011",174153,
"HUN","EMPLOYEE","50_249","NBR","A","2012",173746,
"HUN","EMPLOYEE","50_249","NBR","A","2013",169676,
"HUN","EMPLOYEE","50_249","NBR","A","2014",169831,
"HUN","EMPLOYEE","250MORE","NBR","A","2008",336968,
"HUN","EMPLOYEE","250MORE","NBR","A","2009",279503,
"HUN","EMPLOYEE","250MORE","NBR","A","2010",281292,
"HUN","EMPLOYEE","250MORE","NBR","A","2011",294990,
"HUN","EMPLOYEE","250MORE","NBR","A","2012",295138,
"HUN","EMPLOYEE","250MORE","NBR","A","2013",297169,
"HUN","EMPLOYEE","250MORE","NBR","A","2014",307625,
"HUN","EMPLOYEE","TOT","NBR","A","2008",726043,
"HUN","EMPLOYEE","TOT","NBR","A","2009",637558,
"HUN","EMPLOYEE","TOT","NBR","A","2010",629960,
"HUN","EMPLOYEE","TOT","NBR","A","2011",643406,
"HUN","EMPLOYEE","TOT","NBR","A","2012",644755,
"HUN","EMPLOYEE","TOT","NBR","A","2013",640670,
"HUN","EMPLOYEE","TOT","NBR","A","2014",653729,
"IRL","EMPLOYEE","0_9","NBR","A","2008",18833,
"IRL","EMPLOYEE","0_9","NBR","A","2009",17695,
"IRL","EMPLOYEE","0_9","NBR","A","2010",16042,
"IRL","EMPLOYEE","0_9","NBR","A","2011",15933,
"IRL","EMPLOYEE","0_9","NBR","A","2012",15374,
"IRL","EMPLOYEE","0_9","NBR","A","2013",15526,
"IRL","EMPLOYEE","0_9","NBR","A","2014",15952,
"IRL","EMPLOYEE","10_19","NBR","A","2008",14670,
"IRL","EMPLOYEE","10_19","NBR","A","2009",12918,
"IRL","EMPLOYEE","10_19","NBR","A","2010",11728,
"IRL","EMPLOYEE","10_19","NBR","A","2011",11376,
"IRL","EMPLOYEE","10_19","NBR","A","2012",11113,
"IRL","EMPLOYEE","10_19","NBR","A","2013",10779,
"IRL","EMPLOYEE","10_19","NBR","A","2014",11165,
"IRL","EMPLOYEE","20_49","NBR","A","2008",27767,
"IRL","EMPLOYEE","20_49","NBR","A","2009",22142,
"IRL","EMPLOYEE","20_49","NBR","A","2010",20982,
"IRL","EMPLOYEE","20_49","NBR","A","2011",20402,
"IRL","EMPLOYEE","20_49","NBR","A","2012",20094,
"IRL","EMPLOYEE","20_49","NBR","A","2013",20348,
"IRL","EMPLOYEE","20_49","NBR","A","2014",20337,
"IRL","EMPLOYEE","50_249","NBR","A","2008",61128,
"IRL","EMPLOYEE","50_249","NBR","A","2009",55322,
"IRL","EMPLOYEE","50_249","NBR","A","2010",51147,
"IRL","EMPLOYEE","50_249","NBR","A","2011",50487,
"IRL","EMPLOYEE","50_249","NBR","A","2012",48815,
"IRL","EMPLOYEE","50_249","NBR","A","2013",47939,
"IRL","EMPLOYEE","50_249","NBR","A","2014",51587,
"IRL","EMPLOYEE","250MORE","NBR","A","2008",89398,
"IRL","EMPLOYEE","250MORE","NBR","A","2009",79153,
"IRL","EMPLOYEE","250MORE","NBR","A","2010",75167,
"IRL","EMPLOYEE","250MORE","NBR","A","2011",76270,
"IRL","EMPLOYEE","250MORE","NBR","A","2012",76505,
"IRL","EMPLOYEE","250MORE","NBR","A","2013",79710,
"IRL","EMPLOYEE","250MORE","NBR","A","2014",84149,
"IRL","EMPLOYEE","TOT","NBR","A","2008",211796,
"IRL","EMPLOYEE","TOT","NBR","A","2009",187230,
"IRL","EMPLOYEE","TOT","NBR","A","2010",175066,
"IRL","EMPLOYEE","TOT","NBR","A","2011",174468,
"IRL","EMPLOYEE","TOT","NBR","A","2012",171901,
"IRL","EMPLOYEE","TOT","NBR","A","2013",174302,
"IRL","EMPLOYEE","TOT","NBR","A","2014",183190,
"ITA","EMPLOYEE","0_9","NBR","A","2008",535634,
"ITA","EMPLOYEE","0_9","NBR","A","2009",558730,
"ITA","EMPLOYEE","0_9","NBR","A","2010",519953,
"ITA","EMPLOYEE","0_9","NBR","A","2011",497796,
"ITA","EMPLOYEE","0_9","NBR","A","2012",505761,
"ITA","EMPLOYEE","0_9","NBR","A","2013",484131,
"ITA","EMPLOYEE","0_9","NBR","A","2014",472884,
"ITA","EMPLOYEE","10_19","NBR","A","2008",586342,
"ITA","EMPLOYEE","10_19","NBR","A","2009",542064,
"ITA","EMPLOYEE","10_19","NBR","A","2010",523346,
"ITA","EMPLOYEE","10_19","NBR","A","2011",510544,
"ITA","EMPLOYEE","10_19","NBR","A","2012",494102,
"ITA","EMPLOYEE","10_19","NBR","A","2013",475210,
"ITA","EMPLOYEE","10_19","NBR","A","2014",467354,
"ITA","EMPLOYEE","20_49","NBR","A","2008",688114,
"ITA","EMPLOYEE","20_49","NBR","A","2009",633578,
"ITA","EMPLOYEE","20_49","NBR","A","2010",601792,
"ITA","EMPLOYEE","20_49","NBR","A","2011",595310,
"ITA","EMPLOYEE","20_49","NBR","A","2012",584123,
"ITA","EMPLOYEE","20_49","NBR","A","2013",558232,
"ITA","EMPLOYEE","20_49","NBR","A","2014",546849,
"ITA","EMPLOYEE","50_249","NBR","A","2008",929983,
"ITA","EMPLOYEE","50_249","NBR","A","2009",889396,
"ITA","EMPLOYEE","50_249","NBR","A","2010",841293,
"ITA","EMPLOYEE","50_249","NBR","A","2011",845418,
"ITA","EMPLOYEE","50_249","NBR","A","2012",826550,
"ITA","EMPLOYEE","50_249","NBR","A","2013",814234,
"ITA","EMPLOYEE","50_249","NBR","A","2014",803206,
"ITA","EMPLOYEE","250MORE","NBR","A","2008",1001360,
"ITA","EMPLOYEE","250MORE","NBR","A","2009",958791,
"ITA","EMPLOYEE","250MORE","NBR","A","2010",930272,
"ITA","EMPLOYEE","250MORE","NBR","A","2011",910305,
"ITA","EMPLOYEE","250MORE","NBR","A","2012",896209,
"ITA","EMPLOYEE","250MORE","NBR","A","2013",871015,
"ITA","EMPLOYEE","250MORE","NBR","A","2014",857828,
"ITA","EMPLOYEE","TOT","NBR","A","2008",3741430,
"ITA","EMPLOYEE","TOT","NBR","A","2009",3582560,
"ITA","EMPLOYEE","TOT","NBR","A","2010",3416660,
"ITA","EMPLOYEE","TOT","NBR","A","2011",3359370,
"ITA","EMPLOYEE","TOT","NBR","A","2012",3306750,
"ITA","EMPLOYEE","TOT","NBR","A","2013",3202820,
"ITA","EMPLOYEE","TOT","NBR","A","2014",3148120,
"JPN","EMPLOYEE","0_9","NBR","A","2001",1678070,
"JPN","EMPLOYEE","0_9","NBR","A","2006",1387930,
"JPN","EMPLOYEE","0_9","NBR","A","2011",1370890,
"JPN","EMPLOYEE","0_9","NBR","A","2012",545430,
"JPN","EMPLOYEE","0_9","NBR","A","2013",510878,
"JPN","EMPLOYEE","0_9","NBR","A","2014",488180,
"JPN","EMPLOYEE","10_19","NBR","A","2001",1182940,
"JPN","EMPLOYEE","10_19","NBR","A","2006",1036210,
"JPN","EMPLOYEE","10_19","NBR","A","2011",716509,
"JPN","EMPLOYEE","10_19","NBR","A","2012",705232,
"JPN","EMPLOYEE","10_19","NBR","A","2013",693782,
"JPN","EMPLOYEE","10_19","NBR","A","2014",680750,
"JPN","EMPLOYEE","20_49","NBR","A","2001",1901000,
"JPN","EMPLOYEE","20_49","NBR","A","2006",1734800,
"JPN","EMPLOYEE","20_49","NBR","A","2011",1183350,
"JPN","EMPLOYEE","20_49","NBR","A","2012",1209070,
"JPN","EMPLOYEE","20_49","NBR","A","2013",1192170,
"JPN","EMPLOYEE","20_49","NBR","A","2014",1188840,
"JPN","EMPLOYEE","50_249","NBR","A","2001",3363190,
"JPN","EMPLOYEE","50_249","NBR","A","2006",3202990,
"JPN","EMPLOYEE","50_249","NBR","A","2012",2231580,
"JPN","EMPLOYEE","50_249","NBR","A","2013",2228360,
"JPN","EMPLOYEE","50_249","NBR","A","2014",2226070,
"JPN","EMPLOYEE","250MORE","NBR","A","2001",2830560,
"JPN","EMPLOYEE","250MORE","NBR","A","2006",2559970,
"JPN","EMPLOYEE","250MORE","NBR","A","2012",2372090,
"JPN","EMPLOYEE","250MORE","NBR","A","2013",2392570,
"JPN","EMPLOYEE","250MORE","NBR","A","2014",2394840,
"JPN","EMPLOYEE","TOT","NBR","A","2001",10955800,
"JPN","EMPLOYEE","TOT","NBR","A","2006",9921890,
"JPN","EMPLOYEE","TOT","NBR","A","2008",7723920,
"JPN","EMPLOYEE","TOT","NBR","A","2009",7338660,
"JPN","EMPLOYEE","TOT","NBR","A","2010",7263210,
"JPN","EMPLOYEE","TOT","NBR","A","2011",10038800,
"JPN","EMPLOYEE","TOT","NBR","A","2012",7063400,
"JPN","EMPLOYEE","TOT","NBR","A","2013",7017760,
"JPN","EMPLOYEE","TOT","NBR","A","2014",6978680,
"KOR","EMPLOYEE","0_9","NBR","A","2006",813835,
"KOR","EMPLOYEE","0_9","NBR","A","2007",823777,
"KOR","EMPLOYEE","0_9","NBR","A","2008",798462,
"KOR","EMPLOYEE","0_9","NBR","A","2009",812442,
"KOR","EMPLOYEE","0_9","NBR","A","2010",804527,
"KOR","EMPLOYEE","0_9","NBR","A","2011",856709,
"KOR","EMPLOYEE","0_9","NBR","A","2012",921091,
"KOR","EMPLOYEE","0_9","NBR","A","2013",945892,
"KOR","EMPLOYEE","0_9","NBR","A","2014",1038040,
"KOR","EMPLOYEE","10_19","NBR","A","2006",423207,
"KOR","EMPLOYEE","10_19","NBR","A","2007",441314,
"KOR","EMPLOYEE","10_19","NBR","A","2008",412679,
"KOR","EMPLOYEE","10_19","NBR","A","2009",402160,
"KOR","EMPLOYEE","10_19","NBR","A","2010",432352,
"KOR","EMPLOYEE","10_19","NBR","A","2011",424760,
"KOR","EMPLOYEE","10_19","NBR","A","2012",441662,
"KOR","EMPLOYEE","10_19","NBR","A","2013",436062,
"KOR","EMPLOYEE","10_19","NBR","A","2014",454756,
"KOR","EMPLOYEE","20_49","NBR","A","2006",602960,
"KOR","EMPLOYEE","20_49","NBR","A","2007",606107,
"KOR","EMPLOYEE","20_49","NBR","A","2008",566835,
"KOR","EMPLOYEE","20_49","NBR","A","2009",574136,
"KOR","EMPLOYEE","20_49","NBR","A","2010",627047,
"KOR","EMPLOYEE","20_49","NBR","A","2011",640893,
"KOR","EMPLOYEE","20_49","NBR","A","2012",666507,
"KOR","EMPLOYEE","20_49","NBR","A","2013",685094,
"KOR","EMPLOYEE","20_49","NBR","A","2014",720830,
"KOR","EMPLOYEE","50_249","NBR","A","2006",833078,
"KOR","EMPLOYEE","50_249","NBR","A","2007",817921,
"KOR","EMPLOYEE","50_249","NBR","A","2008",841263,
"KOR","EMPLOYEE","50_249","NBR","A","2009",839437,
"KOR","EMPLOYEE","50_249","NBR","A","2010",894635,
"KOR","EMPLOYEE","50_249","NBR","A","2011",941445,
"KOR","EMPLOYEE","50_249","NBR","A","2012",961325,
"KOR","EMPLOYEE","50_249","NBR","A","2013",995816,
"KOR","EMPLOYEE","50_249","NBR","A","2014",1009060,
"KOR","EMPLOYEE","250MORE","NBR","A","2006",668198,
"KOR","EMPLOYEE","250MORE","NBR","A","2007",645770,
"KOR","EMPLOYEE","250MORE","NBR","A","2008",658032,
"KOR","EMPLOYEE","250MORE","NBR","A","2009",641164,
"KOR","EMPLOYEE","250MORE","NBR","A","2010",659137,
"KOR","EMPLOYEE","250MORE","NBR","A","2011",723675,
"KOR","EMPLOYEE","250MORE","NBR","A","2012",724577,
"KOR","EMPLOYEE","250MORE","NBR","A","2013",739354,
"KOR","EMPLOYEE","250MORE","NBR","A","2014",734710,
"KOR","EMPLOYEE","TOT","NBR","A","2006",3341280,
"KOR","EMPLOYEE","TOT","NBR","A","2007",3334890,
"KOR","EMPLOYEE","TOT","NBR","A","2008",3277270,
"KOR","EMPLOYEE","TOT","NBR","A","2009",3269340,
"KOR","EMPLOYEE","TOT","NBR","A","2010",3417700,
"KOR","EMPLOYEE","TOT","NBR","A","2011",3587480,
"KOR","EMPLOYEE","TOT","NBR","A","2012",3715160,
"KOR","EMPLOYEE","TOT","NBR","A","2013",3802220,
"KOR","EMPLOYEE","TOT","NBR","A","2014",3957390,
"LUX","EMPLOYEE","0_9","NBR","A","2008",1436,
"LUX","EMPLOYEE","0_9","NBR","A","2009",1354,
"LUX","EMPLOYEE","0_9","NBR","A","2010",1281,
"LUX","EMPLOYEE","0_9","NBR","A","2011",1312,
"LUX","EMPLOYEE","0_9","NBR","A","2012",1207,
"LUX","EMPLOYEE","0_9","NBR","A","2013",1206,
"LUX","EMPLOYEE","0_9","NBR","A","2014",1133,
"LUX","EMPLOYEE","10_19","NBR","A","2008",880,
"LUX","EMPLOYEE","10_19","NBR","A","2009",1169,
"LUX","EMPLOYEE","10_19","NBR","A","2010",1072,
"LUX","EMPLOYEE","10_19","NBR","A","2011",1205,
"LUX","EMPLOYEE","10_19","NBR","A","2012",1154,
"LUX","EMPLOYEE","10_19","NBR","A","2013",1407,
"LUX","EMPLOYEE","10_19","NBR","A","2014",1075,
"LUX","EMPLOYEE","20_49","NBR","A","2008",2158,
"LUX","EMPLOYEE","20_49","NBR","A","2009",2089,
"LUX","EMPLOYEE","20_49","NBR","A","2010",2258,
"LUX","EMPLOYEE","20_49","NBR","A","2011",2373,
"LUX","EMPLOYEE","20_49","NBR","A","2012",2479,
"LUX","EMPLOYEE","20_49","NBR","A","2013",3342,
"LUX","EMPLOYEE","20_49","NBR","A","2014",3337,
"LUX","EMPLOYEE","50_249","NBR","A","2008",3794,
"LUX","EMPLOYEE","50_249","NBR","A","2009",4777,
"LUX","EMPLOYEE","50_249","NBR","A","2010",3006,
"LUX","EMPLOYEE","50_249","NBR","A","2011",3933,
"LUX","EMPLOYEE","50_249","NBR","A","2012",3418,
"LUX","EMPLOYEE","50_249","NBR","A","2013",9052,
"LUX","EMPLOYEE","50_249","NBR","A","2014",8665,
"LUX","EMPLOYEE","250MORE","NBR","A","2008",21066,
"LUX","EMPLOYEE","250MORE","NBR","A","2009",19485,
"LUX","EMPLOYEE","250MORE","NBR","A","2010",18702,
"LUX","EMPLOYEE","250MORE","NBR","A","2011",19358,
"LUX","EMPLOYEE","250MORE","NBR","A","2012",18555,
"LUX","EMPLOYEE","250MORE","NBR","A","2013",18368,
"LUX","EMPLOYEE","250MORE","NBR","A","2014",18513,
"LUX","EMPLOYEE","TOT","NBR","A","2008",35158,
"LUX","EMPLOYEE","TOT","NBR","A","2009",33918,
"LUX","EMPLOYEE","TOT","NBR","A","2010",33606,
"LUX","EMPLOYEE","TOT","NBR","A","2011",34089,
"LUX","EMPLOYEE","TOT","NBR","A","2012",33838,
"LUX","EMPLOYEE","TOT","NBR","A","2013",33375,
"LUX","EMPLOYEE","TOT","NBR","A","2014",33143,
"MEX","EMPLOYEE","0_9","NBR","A","2004",183206,
"MEX","EMPLOYEE","0_9","NBR","A","2007",4059,
"MEX","EMPLOYEE","0_9","NBR","A","2008",4417,
"MEX","EMPLOYEE","0_9","NBR","A","2009",222727,
"MEX","EMPLOYEE","0_9","NBR","A","2010",4143,
"MEX","EMPLOYEE","0_9","NBR","A","2011",3862,
"MEX","EMPLOYEE","0_9","NBR","A","2013",227975,
"MEX","EMPLOYEE","10_19","NBR","A","2004",267110,
"MEX","EMPLOYEE","10_19","NBR","A","2007",68790,
"MEX","EMPLOYEE","10_19","NBR","A","2008",68667,
"MEX","EMPLOYEE","10_19","NBR","A","2009",256349,
"MEX","EMPLOYEE","10_19","NBR","A","2010",63691,
"MEX","EMPLOYEE","10_19","NBR","A","2011",58686,
"MEX","EMPLOYEE","10_19","NBR","A","2013",284680,
"MEX","EMPLOYEE","50_249","NBR","A","2004",727194,
"MEX","EMPLOYEE","50_249","NBR","A","2007",430690,
"MEX","EMPLOYEE","50_249","NBR","A","2008",423987,
"MEX","EMPLOYEE","50_249","NBR","A","2009",801204,
"MEX","EMPLOYEE","50_249","NBR","A","2010",386107,
"MEX","EMPLOYEE","50_249","NBR","A","2011",372036,
"MEX","EMPLOYEE","50_249","NBR","A","2013",673750,
"MEX","EMPLOYEE","250MORE","NBR","A","2004",1965580,
"MEX","EMPLOYEE","250MORE","NBR","A","2007",2232403,
"MEX","EMPLOYEE","250MORE","NBR","A","2008",2165286,
"MEX","EMPLOYEE","250MORE","NBR","A","2009",1831710,
"MEX","EMPLOYEE","250MORE","NBR","A","2010",2016801,
"MEX","EMPLOYEE","250MORE","NBR","A","2011",2065297,
"MEX","EMPLOYEE","250MORE","NBR","A","2013",2024690,
"MEX","EMPLOYEE","TOT","NBR","A","2004",3387330,
"MEX","EMPLOYEE","TOT","NBR","A","2007",2735942,
"MEX","EMPLOYEE","TOT","NBR","A","2008",2662357,
"MEX","EMPLOYEE","TOT","NBR","A","2009",3276690,
"MEX","EMPLOYEE","TOT","NBR","A","2010",2470742,
"MEX","EMPLOYEE","TOT","NBR","A","2011",2499881,
"MEX","EMPLOYEE","TOT","NBR","A","2013",3445110,
"NLD","EMPLOYEE","0_9","NBR","A","2008",62541,
"NLD","EMPLOYEE","0_9","NBR","A","2009",62184,
"NLD","EMPLOYEE","0_9","NBR","A","2010",72509,
"NLD","EMPLOYEE","0_9","NBR","A","2011",68252,
"NLD","EMPLOYEE","0_9","NBR","A","2012",64933,
"NLD","EMPLOYEE","0_9","NBR","A","2013",64602,
"NLD","EMPLOYEE","0_9","NBR","A","2014",67334,
"NLD","EMPLOYEE","10_19","NBR","A","2008",64418,
"NLD","EMPLOYEE","10_19","NBR","A","2009",66371,
"NLD","EMPLOYEE","10_19","NBR","A","2010",58710,
"NLD","EMPLOYEE","10_19","NBR","A","2011",59548,
"NLD","EMPLOYEE","10_19","NBR","A","2012",57175,
"NLD","EMPLOYEE","10_19","NBR","A","2013",54180,
"NLD","EMPLOYEE","10_19","NBR","A","2014",54519,
"NLD","EMPLOYEE","20_49","NBR","A","2008",115316,
"NLD","EMPLOYEE","20_49","NBR","A","2009",106776,
"NLD","EMPLOYEE","20_49","NBR","A","2010",96338,
"NLD","EMPLOYEE","20_49","NBR","A","2011",95965,
"NLD","EMPLOYEE","20_49","NBR","A","2012",95125,
"NLD","EMPLOYEE","20_49","NBR","A","2013",93238,
"NLD","EMPLOYEE","20_49","NBR","A","2014",92168,
"NLD","EMPLOYEE","50_249","NBR","A","2008",224043,
"NLD","EMPLOYEE","50_249","NBR","A","2009",216469,
"NLD","EMPLOYEE","50_249","NBR","A","2010",209692,
"NLD","EMPLOYEE","50_249","NBR","A","2011",214384,
"NLD","EMPLOYEE","50_249","NBR","A","2012",217812,
"NLD","EMPLOYEE","50_249","NBR","A","2013",212149,
"NLD","EMPLOYEE","50_249","NBR","A","2014",210677,
"NLD","EMPLOYEE","250MORE","NBR","A","2008",242690,
"NLD","EMPLOYEE","250MORE","NBR","A","2009",230547,
"NLD","EMPLOYEE","250MORE","NBR","A","2010",222383,
"NLD","EMPLOYEE","250MORE","NBR","A","2011",219191,
"NLD","EMPLOYEE","250MORE","NBR","A","2012",213355,
"NLD","EMPLOYEE","250MORE","NBR","A","2013",215485,
"NLD","EMPLOYEE","250MORE","NBR","A","2014",210271,
"NLD","EMPLOYEE","TOT","NBR","A","2008",709009,
"NLD","EMPLOYEE","TOT","NBR","A","2009",682346,
"NLD","EMPLOYEE","TOT","NBR","A","2010",659631,
"NLD","EMPLOYEE","TOT","NBR","A","2011",657340,
"NLD","EMPLOYEE","TOT","NBR","A","2012",648400,
"NLD","EMPLOYEE","TOT","NBR","A","2013",642196,
"NLD","EMPLOYEE","TOT","NBR","A","2014",634970,
"NOR","EMPLOYEE","0_9","NBR","A","2008",21586,
"NOR","EMPLOYEE","0_9","NBR","A","2009",21782,
"NOR","EMPLOYEE","0_9","NBR","A","2010",21088,
"NOR","EMPLOYEE","0_9","NBR","A","2011",20771,
"NOR","EMPLOYEE","0_9","NBR","A","2012",20324,
"NOR","EMPLOYEE","0_9","NBR","A","2013",19995,
"NOR","EMPLOYEE","0_9","NBR","A","2014",19451,
"NOR","EMPLOYEE","10_19","NBR","A","2008",20301,
"NOR","EMPLOYEE","10_19","NBR","A","2009",20086,
"NOR","EMPLOYEE","10_19","NBR","A","2010",18576,
"NOR","EMPLOYEE","10_19","NBR","A","2011",18656,
"NOR","EMPLOYEE","10_19","NBR","A","2012",18378,
"NOR","EMPLOYEE","10_19","NBR","A","2013",18185,
"NOR","EMPLOYEE","10_19","NBR","A","2014",17837,
"NOR","EMPLOYEE","20_49","NBR","A","2008",35494,
"NOR","EMPLOYEE","20_49","NBR","A","2009",34899,
"NOR","EMPLOYEE","20_49","NBR","A","2010",34530,
"NOR","EMPLOYEE","20_49","NBR","A","2011",32583,
"NOR","EMPLOYEE","20_49","NBR","A","2012",32952,
"NOR","EMPLOYEE","20_49","NBR","A","2013",32496,
"NOR","EMPLOYEE","20_49","NBR","A","2014",32004,
"NOR","EMPLOYEE","50_249","NBR","A","2008",69940,
"NOR","EMPLOYEE","50_249","NBR","A","2009",66968,
"NOR","EMPLOYEE","50_249","NBR","A","2010",63812,
"NOR","EMPLOYEE","50_249","NBR","A","2011",62326,
"NOR","EMPLOYEE","50_249","NBR","A","2012",63034,
"NOR","EMPLOYEE","50_249","NBR","A","2013",63771,
"NOR","EMPLOYEE","50_249","NBR","A","2014",65046,
"NOR","EMPLOYEE","250MORE","NBR","A","2008",105145,
"NOR","EMPLOYEE","250MORE","NBR","A","2009",90803,
"NOR","EMPLOYEE","250MORE","NBR","A","2010",88006,
"NOR","EMPLOYEE","250MORE","NBR","A","2011",88835,
"NOR","EMPLOYEE","250MORE","NBR","A","2012",91506,
"NOR","EMPLOYEE","250MORE","NBR","A","2013",96072,
"NOR","EMPLOYEE","250MORE","NBR","A","2014",98431,
"NOR","EMPLOYEE","TOT","NBR","A","2008",252466,
"NOR","EMPLOYEE","TOT","NBR","A","2009",234538,
"NOR","EMPLOYEE","TOT","NBR","A","2010",226012,
"NOR","EMPLOYEE","TOT","NBR","A","2011",223171,
"NOR","EMPLOYEE","TOT","NBR","A","2012",226194,
"NOR","EMPLOYEE","TOT","NBR","A","2013",230519,
"NOR","EMPLOYEE","TOT","NBR","A","2014",232769,
"POL","EMPLOYEE","0_9","NBR","A","2008",221747,
"POL","EMPLOYEE","0_9","NBR","A","2009",227868,
"POL","EMPLOYEE","0_9","NBR","A","2010",208516,
"POL","EMPLOYEE","0_9","NBR","A","2011",208219,
"POL","EMPLOYEE","0_9","NBR","A","2012",192122,
"POL","EMPLOYEE","0_9","NBR","A","2013",182398,
"POL","EMPLOYEE","0_9","NBR","A","2014",191564,
"POL","EMPLOYEE","10_19","NBR","A","2008",101098,
"POL","EMPLOYEE","10_19","NBR","A","2009",89310,
"POL","EMPLOYEE","10_19","NBR","A","2010",94884,
"POL","EMPLOYEE","10_19","NBR","A","2011",101068,
"POL","EMPLOYEE","10_19","NBR","A","2012",108107,
"POL","EMPLOYEE","10_19","NBR","A","2013",110260,
"POL","EMPLOYEE","10_19","NBR","A","2014",117228,
"POL","EMPLOYEE","20_49","NBR","A","2008",232286,
"POL","EMPLOYEE","20_49","NBR","A","2009",228168,
"POL","EMPLOYEE","20_49","NBR","A","2010",218306,
"POL","EMPLOYEE","20_49","NBR","A","2011",218405,
"POL","EMPLOYEE","20_49","NBR","A","2012",216392,
"POL","EMPLOYEE","20_49","NBR","A","2013",216681,
"POL","EMPLOYEE","20_49","NBR","A","2014",217096,
"POL","EMPLOYEE","50_249","NBR","A","2008",716053,
"POL","EMPLOYEE","50_249","NBR","A","2009",689871,
"POL","EMPLOYEE","50_249","NBR","A","2010",681562,
"POL","EMPLOYEE","50_249","NBR","A","2011",679305,
"POL","EMPLOYEE","50_249","NBR","A","2012",671139,
"POL","EMPLOYEE","50_249","NBR","A","2013",661151,
"POL","EMPLOYEE","50_249","NBR","A","2014",670137,
"POL","EMPLOYEE","250MORE","NBR","A","2008",1060140,
"POL","EMPLOYEE","250MORE","NBR","A","2009",992234,
"POL","EMPLOYEE","250MORE","NBR","A","2010",991697,
"POL","EMPLOYEE","250MORE","NBR","A","2011",980956,
"POL","EMPLOYEE","250MORE","NBR","A","2012",974079,
"POL","EMPLOYEE","250MORE","NBR","A","2013",979988,
"POL","EMPLOYEE","250MORE","NBR","A","2014",1030300,
"POL","EMPLOYEE","TOT","NBR","A","2008",2331320,
"POL","EMPLOYEE","TOT","NBR","A","2009",2227450,
"POL","EMPLOYEE","TOT","NBR","A","2010",2194970,
"POL","EMPLOYEE","TOT","NBR","A","2011",2187950,
"POL","EMPLOYEE","TOT","NBR","A","2012",2161840,
"POL","EMPLOYEE","TOT","NBR","A","2013",2150480,
"POL","EMPLOYEE","TOT","NBR","A","2014",2226320,
"PRT","EMPLOYEE","0_9","NBR","A","2008",111466,
"PRT","EMPLOYEE","0_9","NBR","A","2009",107201,
"PRT","EMPLOYEE","0_9","NBR","A","2010",103194,
"PRT","EMPLOYEE","0_9","NBR","A","2011",99658,
"PRT","EMPLOYEE","0_9","NBR","A","2012",94646,
"PRT","EMPLOYEE","0_9","NBR","A","2013",91802,"B"
"PRT","EMPLOYEE","0_9","NBR","A","2014",91572,
"PRT","EMPLOYEE","10_19","NBR","A","2008",94866,
"PRT","EMPLOYEE","10_19","NBR","A","2009",90138,
"PRT","EMPLOYEE","10_19","NBR","A","2010",86886,
"PRT","EMPLOYEE","10_19","NBR","A","2011",83894,
"PRT","EMPLOYEE","10_19","NBR","A","2012",76725,
"PRT","EMPLOYEE","10_19","NBR","A","2013",74036,"B"
"PRT","EMPLOYEE","10_19","NBR","A","2014",74896,
"PRT","EMPLOYEE","20_49","NBR","A","2008",149691,
"PRT","EMPLOYEE","20_49","NBR","A","2009",139465,
"PRT","EMPLOYEE","20_49","NBR","A","2010",134639,
"PRT","EMPLOYEE","20_49","NBR","A","2011",126334,
"PRT","EMPLOYEE","20_49","NBR","A","2012",118138,
"PRT","EMPLOYEE","20_49","NBR","A","2013",117605,"B"
"PRT","EMPLOYEE","20_49","NBR","A","2014",120176,
"PRT","EMPLOYEE","50_249","NBR","A","2008",233856,
"PRT","EMPLOYEE","50_249","NBR","A","2009",213033,
"PRT","EMPLOYEE","50_249","NBR","A","2010",206597,
"PRT","EMPLOYEE","50_249","NBR","A","2011",203984,
"PRT","EMPLOYEE","50_249","NBR","A","2012",193147,
"PRT","EMPLOYEE","50_249","NBR","A","2013",192291,"B"
"PRT","EMPLOYEE","50_249","NBR","A","2014",201050,
"PRT","EMPLOYEE","250MORE","NBR","A","2008",145357,
"PRT","EMPLOYEE","250MORE","NBR","A","2009",131714,
"PRT","EMPLOYEE","250MORE","NBR","A","2010",126615,
"PRT","EMPLOYEE","250MORE","NBR","A","2011",130585,
"PRT","EMPLOYEE","250MORE","NBR","A","2012",128103,
"PRT","EMPLOYEE","250MORE","NBR","A","2013",129320,"B"
"PRT","EMPLOYEE","250MORE","NBR","A","2014",131103,
"PRT","EMPLOYEE","TOT","NBR","A","2008",735236,
"PRT","EMPLOYEE","TOT","NBR","A","2009",681551,
"PRT","EMPLOYEE","TOT","NBR","A","2010",657931,
"PRT","EMPLOYEE","TOT","NBR","A","2011",644455,
"PRT","EMPLOYEE","TOT","NBR","A","2012",610759,
"PRT","EMPLOYEE","TOT","NBR","A","2013",605054,"B"
"PRT","EMPLOYEE","TOT","NBR","A","2014",618797,
"SVK","EMPLOYEE","0_9","NBR","A","2008",15132,
"SVK","EMPLOYEE","0_9","NBR","A","2009",15486,
"SVK","EMPLOYEE","0_9","NBR","A","2010",24298,
"SVK","EMPLOYEE","0_9","NBR","A","2011",25177,
"SVK","EMPLOYEE","0_9","NBR","A","2012",24032,
"SVK","EMPLOYEE","0_9","NBR","A","2013",27377,
"SVK","EMPLOYEE","0_9","NBR","A","2014",34543,
"SVK","EMPLOYEE","10_19","NBR","A","2008",32708,
"SVK","EMPLOYEE","10_19","NBR","A","2009",22575,
"SVK","EMPLOYEE","10_19","NBR","A","2010",30490,
"SVK","EMPLOYEE","10_19","NBR","A","2011",25595,
"SVK","EMPLOYEE","10_19","NBR","A","2012",20245,
"SVK","EMPLOYEE","10_19","NBR","A","2013",18793,
"SVK","EMPLOYEE","10_19","NBR","A","2014",30310,
"SVK","EMPLOYEE","20_49","NBR","A","2008",32837,
"SVK","EMPLOYEE","20_49","NBR","A","2009",35451,
"SVK","EMPLOYEE","20_49","NBR","A","2010",34033,
"SVK","EMPLOYEE","20_49","NBR","A","2011",38944,
"SVK","EMPLOYEE","20_49","NBR","A","2012",37190,
"SVK","EMPLOYEE","20_49","NBR","A","2013",35938,
"SVK","EMPLOYEE","20_49","NBR","A","2014",36455,
"SVK","EMPLOYEE","50_249","NBR","A","2008",116353,
"SVK","EMPLOYEE","50_249","NBR","A","2009",105119,
"SVK","EMPLOYEE","50_249","NBR","A","2010",105284,
"SVK","EMPLOYEE","50_249","NBR","A","2011",104659,
"SVK","EMPLOYEE","50_249","NBR","A","2012",101888,
"SVK","EMPLOYEE","50_249","NBR","A","2013",101791,
"SVK","EMPLOYEE","50_249","NBR","A","2014",105364,
"SVK","EMPLOYEE","250MORE","NBR","A","2008",241503,
"SVK","EMPLOYEE","250MORE","NBR","A","2009",198152,
"SVK","EMPLOYEE","250MORE","NBR","A","2010",192692,
"SVK","EMPLOYEE","250MORE","NBR","A","2011",205502,
"SVK","EMPLOYEE","250MORE","NBR","A","2012",207016,
"SVK","EMPLOYEE","250MORE","NBR","A","2013",201531,
"SVK","EMPLOYEE","250MORE","NBR","A","2014",205699,
"SVK","EMPLOYEE","TOT","NBR","A","2008",438533,
"SVK","EMPLOYEE","TOT","NBR","A","2009",376783,
"SVK","EMPLOYEE","TOT","NBR","A","2010",386797,
"SVK","EMPLOYEE","TOT","NBR","A","2011",399877,
"SVK","EMPLOYEE","TOT","NBR","A","2012",390371,
"SVK","EMPLOYEE","TOT","NBR","A","2013",385430,
"SVK","EMPLOYEE","TOT","NBR","A","2014",412371,
"ESP","EMPLOYEE","0_9","NBR","A","2008",345821,
"ESP","EMPLOYEE","0_9","NBR","A","2009",308819,
"ESP","EMPLOYEE","0_9","NBR","A","2010",316476,
"ESP","EMPLOYEE","0_9","NBR","A","2011",294803,
"ESP","EMPLOYEE","0_9","NBR","A","2012",273107,
"ESP","EMPLOYEE","0_9","NBR","A","2013",255843,
"ESP","EMPLOYEE","0_9","NBR","A","2014",242480,
"ESP","EMPLOYEE","10_19","NBR","A","2008",277446,
"ESP","EMPLOYEE","10_19","NBR","A","2009",235908,
"ESP","EMPLOYEE","10_19","NBR","A","2010",218786,
"ESP","EMPLOYEE","10_19","NBR","A","2011",209790,
"ESP","EMPLOYEE","10_19","NBR","A","2012",190603,
"ESP","EMPLOYEE","10_19","NBR","A","2013",180999,
"ESP","EMPLOYEE","10_19","NBR","A","2014",163444,
"ESP","EMPLOYEE","20_49","NBR","A","2008",451557,
"ESP","EMPLOYEE","20_49","NBR","A","2009",381943,
"ESP","EMPLOYEE","20_49","NBR","A","2010",354524,
"ESP","EMPLOYEE","20_49","NBR","A","2011",319797,
"ESP","EMPLOYEE","20_49","NBR","A","2012",293706,
"ESP","EMPLOYEE","20_49","NBR","A","2013",278390,
"ESP","EMPLOYEE","20_49","NBR","A","2014",276753,
"ESP","EMPLOYEE","50_249","NBR","A","2008",553942,
"ESP","EMPLOYEE","50_249","NBR","A","2009",484173,
"ESP","EMPLOYEE","50_249","NBR","A","2010",463708,
"ESP","EMPLOYEE","50_249","NBR","A","2011",446698,
"ESP","EMPLOYEE","50_249","NBR","A","2012",426496,
"ESP","EMPLOYEE","50_249","NBR","A","2013",411932,
"ESP","EMPLOYEE","50_249","NBR","A","2014",415631,
"ESP","EMPLOYEE","250MORE","NBR","A","2008",647215,
"ESP","EMPLOYEE","250MORE","NBR","A","2009",577478,
"ESP","EMPLOYEE","250MORE","NBR","A","2010",557989,
"ESP","EMPLOYEE","250MORE","NBR","A","2011",553369,
"ESP","EMPLOYEE","250MORE","NBR","A","2012",520104,
"ESP","EMPLOYEE","250MORE","NBR","A","2013",501166,
"ESP","EMPLOYEE","250MORE","NBR","A","2014",513781,
"ESP","EMPLOYEE","TOT","NBR","A","2008",2275980,
"ESP","EMPLOYEE","TOT","NBR","A","2009",1988320,
"ESP","EMPLOYEE","TOT","NBR","A","2010",1911480,
"ESP","EMPLOYEE","TOT","NBR","A","2011",1824460,
"ESP","EMPLOYEE","TOT","NBR","A","2012",1704020,
"ESP","EMPLOYEE","TOT","NBR","A","2013",1628330,
"ESP","EMPLOYEE","TOT","NBR","A","2014",1612090,
"SWE","EMPLOYEE","0_9","NBR","A","2008",59266,
"SWE","EMPLOYEE","0_9","NBR","A","2009",54814,
"SWE","EMPLOYEE","0_9","NBR","A","2010",53637,
"SWE","EMPLOYEE","0_9","NBR","A","2011",53450,
"SWE","EMPLOYEE","0_9","NBR","A","2012",53010,
"SWE","EMPLOYEE","0_9","NBR","A","2013",52416,
"SWE","EMPLOYEE","0_9","NBR","A","2014",51538,
"SWE","EMPLOYEE","10_19","NBR","A","2008",43320,
"SWE","EMPLOYEE","10_19","NBR","A","2009",40250,
"SWE","EMPLOYEE","10_19","NBR","A","2010",40712,
"SWE","EMPLOYEE","10_19","NBR","A","2011",40139,
"SWE","EMPLOYEE","10_19","NBR","A","2012",39518,
"SWE","EMPLOYEE","10_19","NBR","A","2013",38407,
"SWE","EMPLOYEE","10_19","NBR","A","2014",37395,
"SWE","EMPLOYEE","20_49","NBR","A","2008",70889,
"SWE","EMPLOYEE","20_49","NBR","A","2009",65214,
"SWE","EMPLOYEE","20_49","NBR","A","2010",64708,
"SWE","EMPLOYEE","20_49","NBR","A","2011",65741,
"SWE","EMPLOYEE","20_49","NBR","A","2012",65296,
"SWE","EMPLOYEE","20_49","NBR","A","2013",63819,
"SWE","EMPLOYEE","20_49","NBR","A","2014",63475,
"SWE","EMPLOYEE","50_249","NBR","A","2008",161442,
"SWE","EMPLOYEE","50_249","NBR","A","2009",143338,
"SWE","EMPLOYEE","50_249","NBR","A","2010",138997,
"SWE","EMPLOYEE","50_249","NBR","A","2011",142976,
"SWE","EMPLOYEE","50_249","NBR","A","2012",136643,
"SWE","EMPLOYEE","50_249","NBR","A","2013",134966,
"SWE","EMPLOYEE","50_249","NBR","A","2014",132718,
"SWE","EMPLOYEE","250MORE","NBR","A","2008",326932,
"SWE","EMPLOYEE","250MORE","NBR","A","2009",292600,
"SWE","EMPLOYEE","250MORE","NBR","A","2010",291536,
"SWE","EMPLOYEE","250MORE","NBR","A","2011",293052,
"SWE","EMPLOYEE","250MORE","NBR","A","2012",289970,
"SWE","EMPLOYEE","250MORE","NBR","A","2013",278060,
"SWE","EMPLOYEE","250MORE","NBR","A","2014",270025,
"SWE","EMPLOYEE","TOT","NBR","A","2008",661850,
"SWE","EMPLOYEE","TOT","NBR","A","2009",596216,
"SWE","EMPLOYEE","TOT","NBR","A","2010",589590,
"SWE","EMPLOYEE","TOT","NBR","A","2011",595358,
"SWE","EMPLOYEE","TOT","NBR","A","2012",584438,
"SWE","EMPLOYEE","TOT","NBR","A","2013",567669,
"SWE","EMPLOYEE","TOT","NBR","A","2014",555150,
"TUR","EMPLOYEE","20_49","NBR","A","2009",309459,
"TUR","EMPLOYEE","20_49","NBR","A","2010",432590,
"TUR","EMPLOYEE","20_49","NBR","A","2011",487590,
"TUR","EMPLOYEE","20_49","NBR","A","2012",536249,
"TUR","EMPLOYEE","20_49","NBR","A","2013",550687,
"TUR","EMPLOYEE","20_49","NBR","A","2014",560908,
"TUR","EMPLOYEE","50_249","NBR","A","2009",593319,
"TUR","EMPLOYEE","50_249","NBR","A","2010",684014,
"TUR","EMPLOYEE","50_249","NBR","A","2011",756834,
"TUR","EMPLOYEE","50_249","NBR","A","2012",824912,
"TUR","EMPLOYEE","50_249","NBR","A","2013",884623,
"TUR","EMPLOYEE","50_249","NBR","A","2014",961527,
"TUR","EMPLOYEE","250MORE","NBR","A","2009",787541,
"TUR","EMPLOYEE","250MORE","NBR","A","2010",867536,
"TUR","EMPLOYEE","250MORE","NBR","A","2011",975108,
"TUR","EMPLOYEE","250MORE","NBR","A","2012",1059530,
"TUR","EMPLOYEE","250MORE","NBR","A","2013",1131260,
"TUR","EMPLOYEE","250MORE","NBR","A","2014",1203320,
"TUR","EMPLOYEE","TOT","NBR","A","2009",2264240,
"TUR","EMPLOYEE","TOT","NBR","A","2010",2564240,
"TUR","EMPLOYEE","TOT","NBR","A","2011",2842450,
"TUR","EMPLOYEE","TOT","NBR","A","2012",3126670,
"TUR","EMPLOYEE","TOT","NBR","A","2013",3277880,
"TUR","EMPLOYEE","TOT","NBR","A","2014",3383020,
"GBR","EMPLOYEE","0_9","NBR","A","2008",285760,
"GBR","EMPLOYEE","0_9","NBR","A","2009",252203,
"GBR","EMPLOYEE","0_9","NBR","A","2010",215149,
"GBR","EMPLOYEE","0_9","NBR","A","2011",228862,
"GBR","EMPLOYEE","0_9","NBR","A","2012",222375,
"GBR","EMPLOYEE","0_9","NBR","A","2013",229606,
"GBR","EMPLOYEE","0_9","NBR","A","2014",221546,
"GBR","EMPLOYEE","10_19","NBR","A","2008",191980,
"GBR","EMPLOYEE","10_19","NBR","A","2009",186602,
"GBR","EMPLOYEE","10_19","NBR","A","2010",165322,
"GBR","EMPLOYEE","10_19","NBR","A","2011",180342,
"GBR","EMPLOYEE","10_19","NBR","A","2012",176557,
"GBR","EMPLOYEE","10_19","NBR","A","2013",172880,
"GBR","EMPLOYEE","10_19","NBR","A","2014",174793,
"GBR","EMPLOYEE","20_49","NBR","A","2008",328261,
"GBR","EMPLOYEE","20_49","NBR","A","2009",314914,
"GBR","EMPLOYEE","20_49","NBR","A","2010",320528,
"GBR","EMPLOYEE","20_49","NBR","A","2011",321146,
"GBR","EMPLOYEE","20_49","NBR","A","2012",329280,
"GBR","EMPLOYEE","20_49","NBR","A","2013",321238,
"GBR","EMPLOYEE","20_49","NBR","A","2014",320089,
"GBR","EMPLOYEE","50_249","NBR","A","2008",731507,
"GBR","EMPLOYEE","50_249","NBR","A","2009",652808,
"GBR","EMPLOYEE","50_249","NBR","A","2010",693165,
"GBR","EMPLOYEE","50_249","NBR","A","2011",706170,
"GBR","EMPLOYEE","50_249","NBR","A","2012",691589,
"GBR","EMPLOYEE","50_249","NBR","A","2013",693808,
"GBR","EMPLOYEE","50_249","NBR","A","2014",688532,
"GBR","EMPLOYEE","250MORE","NBR","A","2008",1188770,
"GBR","EMPLOYEE","250MORE","NBR","A","2009",1088510,
"GBR","EMPLOYEE","250MORE","NBR","A","2010",1063270,
"GBR","EMPLOYEE","250MORE","NBR","A","2011",1029160,
"GBR","EMPLOYEE","250MORE","NBR","A","2012",1025840,
"GBR","EMPLOYEE","250MORE","NBR","A","2013",1023440,
"GBR","EMPLOYEE","250MORE","NBR","A","2014",1051430,
"GBR","EMPLOYEE","TOT","NBR","A","2008",2726280,
"GBR","EMPLOYEE","TOT","NBR","A","2009",2495040,
"GBR","EMPLOYEE","TOT","NBR","A","2010",2457440,
"GBR","EMPLOYEE","TOT","NBR","A","2011",2465680,
"GBR","EMPLOYEE","TOT","NBR","A","2012",2445640,
"GBR","EMPLOYEE","TOT","NBR","A","2013",2440970,
"GBR","EMPLOYEE","TOT","NBR","A","2014",2456390,
"USA","EMPLOYEE","0_9","NBR","A","2007",644580,"B"
"USA","EMPLOYEE","0_9","NBR","A","2008",775036,
"USA","EMPLOYEE","0_9","NBR","A","2009",744743,
"USA","EMPLOYEE","0_9","NBR","A","2010",717223,
"USA","EMPLOYEE","0_9","NBR","A","2011",711751,
"USA","EMPLOYEE","0_9","NBR","A","2012",717151,
"USA","EMPLOYEE","0_9","NBR","A","2013",705035,
"USA","EMPLOYEE","0_9","NBR","A","2014",705930,
"USA","EMPLOYEE","10_19","NBR","A","2007",647613,"B"
"USA","EMPLOYEE","10_19","NBR","A","2008",724137,
"USA","EMPLOYEE","10_19","NBR","A","2009",676734,
"USA","EMPLOYEE","10_19","NBR","A","2010",666638,
"USA","EMPLOYEE","10_19","NBR","A","2011",637750,
"USA","EMPLOYEE","10_19","NBR","A","2012",633851,
"USA","EMPLOYEE","10_19","NBR","A","2013",625713,
"USA","EMPLOYEE","10_19","NBR","A","2014",630393,
"USA","EMPLOYEE","20_49","NBR","A","2007",1534820,"B"
"USA","EMPLOYEE","20_49","NBR","A","2008",1316800,
"USA","EMPLOYEE","20_49","NBR","A","2009",1175970,
"USA","EMPLOYEE","20_49","NBR","A","2010",1106610,
"USA","EMPLOYEE","20_49","NBR","A","2011",1118570,
"USA","EMPLOYEE","20_49","NBR","A","2012",1127620,
"USA","EMPLOYEE","20_49","NBR","A","2013",1122490,
"USA","EMPLOYEE","20_49","NBR","A","2014",1142110,
"USA","EMPLOYEE","50_249","NBR","A","2007",4716360,"B"
"USA","EMPLOYEE","50_249","NBR","A","2008",2697540,
"USA","EMPLOYEE","50_249","NBR","A","2009",2363100,
"USA","EMPLOYEE","50_249","NBR","A","2010",2202310,
"USA","EMPLOYEE","50_249","NBR","A","2011",2245110,
"USA","EMPLOYEE","50_249","NBR","A","2012",2295090,
"USA","EMPLOYEE","50_249","NBR","A","2013",2283240,
"USA","EMPLOYEE","50_249","NBR","A","2014",2311510,
"USA","EMPLOYEE","250MORE","NBR","A","2007",5852300,"B"
"USA","EMPLOYEE","250MORE","NBR","A","2008",9694740,
"USA","EMPLOYEE","250MORE","NBR","A","2009",8674450,
"USA","EMPLOYEE","250MORE","NBR","A","2010",8004290,
"USA","EMPLOYEE","250MORE","NBR","A","2011",8327910,
"USA","EMPLOYEE","250MORE","NBR","A","2012",8191480,
"USA","EMPLOYEE","250MORE","NBR","A","2013",8164610,
"USA","EMPLOYEE","250MORE","NBR","A","2014",8318860,
"USA","EMPLOYEE","TOT","NBR","A","2007",13395700,"B"
"USA","EMPLOYEE","TOT","NBR","A","2008",15208200,
"USA","EMPLOYEE","TOT","NBR","A","2009",13635000,
"USA","EMPLOYEE","TOT","NBR","A","2010",12697100,
"USA","EMPLOYEE","TOT","NBR","A","2011",13041100,
"USA","EMPLOYEE","TOT","NBR","A","2012",12965200,
"USA","EMPLOYEE","TOT","NBR","A","2013",12901100,
"USA","EMPLOYEE","TOT","NBR","A","2014",13108800,
"BRA","EMPLOYEE","0_9","NBR","A","2008",505932,
"BRA","EMPLOYEE","0_9","NBR","A","2009",524398,
"BRA","EMPLOYEE","0_9","NBR","A","2010",493780,
"BRA","EMPLOYEE","0_9","NBR","A","2011",512938,
"BRA","EMPLOYEE","0_9","NBR","A","2012",560561,
"BRA","EMPLOYEE","0_9","NBR","A","2013",578714,
"BRA","EMPLOYEE","0_9","NBR","A","2014",573960,
"BRA","EMPLOYEE","10_19","NBR","A","2008",603312,
"BRA","EMPLOYEE","10_19","NBR","A","2009",614396,
"BRA","EMPLOYEE","10_19","NBR","A","2010",640532,
"BRA","EMPLOYEE","10_19","NBR","A","2011",653275,
"BRA","EMPLOYEE","10_19","NBR","A","2012",643330,
"BRA","EMPLOYEE","10_19","NBR","A","2013",686730,
"BRA","EMPLOYEE","10_19","NBR","A","2014",638691,
"BRA","EMPLOYEE","20_49","NBR","A","2008",922169,
"BRA","EMPLOYEE","20_49","NBR","A","2009",940916,
"BRA","EMPLOYEE","20_49","NBR","A","2010",979881,
"BRA","EMPLOYEE","20_49","NBR","A","2011",1007970,
"BRA","EMPLOYEE","20_49","NBR","A","2012",1013070,
"BRA","EMPLOYEE","20_49","NBR","A","2013",1020970,
"BRA","EMPLOYEE","20_49","NBR","A","2014",1036440,
"BRA","EMPLOYEE","50_249","NBR","A","2008",1568870,
"BRA","EMPLOYEE","50_249","NBR","A","2009",1563180,
"BRA","EMPLOYEE","50_249","NBR","A","2010",1711800,
"BRA","EMPLOYEE","50_249","NBR","A","2011",1699930,
"BRA","EMPLOYEE","50_249","NBR","A","2012",1708530,
"BRA","EMPLOYEE","50_249","NBR","A","2013",1702250,
"BRA","EMPLOYEE","50_249","NBR","A","2014",1664790,
"BRA","EMPLOYEE","250MORE","NBR","A","2008",3687710,
"BRA","EMPLOYEE","250MORE","NBR","A","2009",3727680,
"BRA","EMPLOYEE","250MORE","NBR","A","2010",4010390,
"BRA","EMPLOYEE","250MORE","NBR","A","2011",4087460,
"BRA","EMPLOYEE","250MORE","NBR","A","2012",4176600,
"BRA","EMPLOYEE","250MORE","NBR","A","2013",4311020,
"BRA","EMPLOYEE","250MORE","NBR","A","2014",4165400,
"BRA","EMPLOYEE","TOT","NBR","A","2008",7288000,
"BRA","EMPLOYEE","TOT","NBR","A","2009",7370570,
"BRA","EMPLOYEE","TOT","NBR","A","2010",7836380,
"BRA","EMPLOYEE","TOT","NBR","A","2011",7961570,
"BRA","EMPLOYEE","TOT","NBR","A","2012",8102090,
"BRA","EMPLOYEE","TOT","NBR","A","2013",8299690,
"BRA","EMPLOYEE","TOT","NBR","A","2014",8079280,
"BGR","EMPLOYEE","0_9","NBR","A","2008",47655,
"BGR","EMPLOYEE","0_9","NBR","A","2009",49020,
"BGR","EMPLOYEE","0_9","NBR","A","2010",45441,
"BGR","EMPLOYEE","0_9","NBR","A","2011",43812,
"BGR","EMPLOYEE","0_9","NBR","A","2012",43813,
"BGR","EMPLOYEE","0_9","NBR","A","2013",43459,
"BGR","EMPLOYEE","0_9","NBR","A","2014",44937,
"BGR","EMPLOYEE","10_19","NBR","A","2008",46908,
"BGR","EMPLOYEE","10_19","NBR","A","2009",45385,
"BGR","EMPLOYEE","10_19","NBR","A","2010",40621,
"BGR","EMPLOYEE","10_19","NBR","A","2011",40229,
"BGR","EMPLOYEE","10_19","NBR","A","2012",38265,
"BGR","EMPLOYEE","10_19","NBR","A","2013",38299,
"BGR","EMPLOYEE","10_19","NBR","A","2014",37768,
"BGR","EMPLOYEE","20_49","NBR","A","2008",95484,
"BGR","EMPLOYEE","20_49","NBR","A","2009",89783,
"BGR","EMPLOYEE","20_49","NBR","A","2010",81670,
"BGR","EMPLOYEE","20_49","NBR","A","2011",81503,
"BGR","EMPLOYEE","20_49","NBR","A","2012",77647,
"BGR","EMPLOYEE","20_49","NBR","A","2013",78950,
"BGR","EMPLOYEE","20_49","NBR","A","2014",80696,
"BGR","EMPLOYEE","50_249","NBR","A","2008",222616,
"BGR","EMPLOYEE","50_249","NBR","A","2009",191288,
"BGR","EMPLOYEE","50_249","NBR","A","2010",178984,
"BGR","EMPLOYEE","50_249","NBR","A","2011",176250,
"BGR","EMPLOYEE","50_249","NBR","A","2012",174612,
"BGR","EMPLOYEE","50_249","NBR","A","2013",174591,
"BGR","EMPLOYEE","50_249","NBR","A","2014",175204,
"BGR","EMPLOYEE","250MORE","NBR","A","2008",204541,
"BGR","EMPLOYEE","250MORE","NBR","A","2009",179755,
"BGR","EMPLOYEE","250MORE","NBR","A","2010",168667,
"BGR","EMPLOYEE","250MORE","NBR","A","2011",174009,
"BGR","EMPLOYEE","250MORE","NBR","A","2012",170207,
"BGR","EMPLOYEE","250MORE","NBR","A","2013",167841,
"BGR","EMPLOYEE","250MORE","NBR","A","2014",176686,
"BGR","EMPLOYEE","TOT","NBR","A","2008",617204,
"BGR","EMPLOYEE","TOT","NBR","A","2009",555231,
"BGR","EMPLOYEE","TOT","NBR","A","2010",515383,
"BGR","EMPLOYEE","TOT","NBR","A","2011",515803,
"BGR","EMPLOYEE","TOT","NBR","A","2012",504544,
"BGR","EMPLOYEE","TOT","NBR","A","2013",503140,
"BGR","EMPLOYEE","TOT","NBR","A","2014",515291,
"HRV","EMPLOYEE","0_9","NBR","A","2008",34799,
"HRV","EMPLOYEE","0_9","NBR","A","2009",35336,
"HRV","EMPLOYEE","0_9","NBR","A","2010",34458,
"HRV","EMPLOYEE","0_9","NBR","A","2011",32936,
"HRV","EMPLOYEE","0_9","NBR","A","2012",32722,
"HRV","EMPLOYEE","0_9","NBR","A","2013",31723,
"HRV","EMPLOYEE","0_9","NBR","A","2014",33976,
"HRV","EMPLOYEE","10_19","NBR","A","2008",22869,
"HRV","EMPLOYEE","10_19","NBR","A","2009",22184,
"HRV","EMPLOYEE","10_19","NBR","A","2010",22098,
"HRV","EMPLOYEE","10_19","NBR","A","2011",20728,
"HRV","EMPLOYEE","10_19","NBR","A","2012",20939,
"HRV","EMPLOYEE","10_19","NBR","A","2013",20549,
"HRV","EMPLOYEE","10_19","NBR","A","2014",20128,
"HRV","EMPLOYEE","20_49","NBR","A","2008",32995,
"HRV","EMPLOYEE","20_49","NBR","A","2009",33328,
"HRV","EMPLOYEE","20_49","NBR","A","2010",31567,
"HRV","EMPLOYEE","20_49","NBR","A","2011",31703,
"HRV","EMPLOYEE","20_49","NBR","A","2012",30357,
"HRV","EMPLOYEE","20_49","NBR","A","2013",30161,
"HRV","EMPLOYEE","20_49","NBR","A","2014",30399,
"HRV","EMPLOYEE","50_249","NBR","A","2008",81304,
"HRV","EMPLOYEE","50_249","NBR","A","2009",74561,
"HRV","EMPLOYEE","50_249","NBR","A","2010",74710,
"HRV","EMPLOYEE","50_249","NBR","A","2011",72237,
"HRV","EMPLOYEE","50_249","NBR","A","2012",71012,
"HRV","EMPLOYEE","50_249","NBR","A","2013",68873,
"HRV","EMPLOYEE","50_249","NBR","A","2014",69149,
"HRV","EMPLOYEE","250MORE","NBR","A","2008",126143,
"HRV","EMPLOYEE","250MORE","NBR","A","2009",111532,
"HRV","EMPLOYEE","250MORE","NBR","A","2010",103180,
"HRV","EMPLOYEE","250MORE","NBR","A","2011",102203,
"HRV","EMPLOYEE","250MORE","NBR","A","2012",95979,
"HRV","EMPLOYEE","250MORE","NBR","A","2013",98942,
"HRV","EMPLOYEE","250MORE","NBR","A","2014",90564,
"HRV","EMPLOYEE","TOT","NBR","A","2008",298110,
"HRV","EMPLOYEE","TOT","NBR","A","2009",276941,
"HRV","EMPLOYEE","TOT","NBR","A","2010",266013,
"HRV","EMPLOYEE","TOT","NBR","A","2011",259807,
"HRV","EMPLOYEE","TOT","NBR","A","2012",251009,
"HRV","EMPLOYEE","TOT","NBR","A","2013",250248,
"HRV","EMPLOYEE","TOT","NBR","A","2014",244216,
"CYP","EMPLOYEE","0_9","NBR","A","2008",9522,
"CYP","EMPLOYEE","0_9","NBR","A","2009",9413,
"CYP","EMPLOYEE","0_9","NBR","A","2010",9237,
"CYP","EMPLOYEE","0_9","NBR","A","2011",9010,
"CYP","EMPLOYEE","0_9","NBR","A","2012",9003,
"CYP","EMPLOYEE","0_9","NBR","A","2013",8662,
"CYP","EMPLOYEE","0_9","NBR","A","2014",8124,
"CYP","EMPLOYEE","10_19","NBR","A","2008",5110,
"CYP","EMPLOYEE","10_19","NBR","A","2009",5097,
"CYP","EMPLOYEE","10_19","NBR","A","2010",5130,
"CYP","EMPLOYEE","10_19","NBR","A","2011",5447,
"CYP","EMPLOYEE","10_19","NBR","A","2012",4685,
"CYP","EMPLOYEE","10_19","NBR","A","2013",4235,
"CYP","EMPLOYEE","10_19","NBR","A","2014",4062,
"CYP","EMPLOYEE","20_49","NBR","A","2008",6223,
"CYP","EMPLOYEE","20_49","NBR","A","2009",5960,
"CYP","EMPLOYEE","20_49","NBR","A","2010",6237,
"CYP","EMPLOYEE","20_49","NBR","A","2011",5757,
"CYP","EMPLOYEE","20_49","NBR","A","2012",5616,
"CYP","EMPLOYEE","20_49","NBR","A","2013",4418,
"CYP","EMPLOYEE","20_49","NBR","A","2014",4303,
"CYP","EMPLOYEE","50_249","NBR","A","2008",8139,
"CYP","EMPLOYEE","50_249","NBR","A","2009",8025,
"CYP","EMPLOYEE","50_249","NBR","A","2010",7572,
"CYP","EMPLOYEE","50_249","NBR","A","2011",7369,
"CYP","EMPLOYEE","50_249","NBR","A","2012",6764,
"CYP","EMPLOYEE","50_249","NBR","A","2013",6377,
"CYP","EMPLOYEE","50_249","NBR","A","2014",5890,
"CYP","EMPLOYEE","250MORE","NBR","A","2008",5154,
"CYP","EMPLOYEE","250MORE","NBR","A","2009",5143,
"CYP","EMPLOYEE","250MORE","NBR","A","2010",5176,
"CYP","EMPLOYEE","250MORE","NBR","A","2011",4673,
"CYP","EMPLOYEE","250MORE","NBR","A","2012",4278,
"CYP","EMPLOYEE","250MORE","NBR","A","2013",3631,
"CYP","EMPLOYEE","250MORE","NBR","A","2014",3735,
"CYP","EMPLOYEE","TOT","NBR","A","2008",34148,
"CYP","EMPLOYEE","TOT","NBR","A","2009",33638,
"CYP","EMPLOYEE","TOT","NBR","A","2010",33352,
"CYP","EMPLOYEE","TOT","NBR","A","2011",32256,
"CYP","EMPLOYEE","TOT","NBR","A","2012",30346,
"CYP","EMPLOYEE","TOT","NBR","A","2013",27323,
"CYP","EMPLOYEE","TOT","NBR","A","2014",26114,
"EST","EMPLOYEE","0_9","NBR","A","2008",11291,
"EST","EMPLOYEE","0_9","NBR","A","2009",9834,
"EST","EMPLOYEE","0_9","NBR","A","2010",11195,
"EST","EMPLOYEE","0_9","NBR","A","2011",10486,
"EST","EMPLOYEE","0_9","NBR","A","2012",11463,
"EST","EMPLOYEE","0_9","NBR","A","2013",11622,
"EST","EMPLOYEE","0_9","NBR","A","2014",12264,
"EST","EMPLOYEE","10_19","NBR","A","2008",9562,
"EST","EMPLOYEE","10_19","NBR","A","2009",8132,
"EST","EMPLOYEE","10_19","NBR","A","2010",7747,
"EST","EMPLOYEE","10_19","NBR","A","2011",8475,
"EST","EMPLOYEE","10_19","NBR","A","2012",8310,
"EST","EMPLOYEE","10_19","NBR","A","2013",8312,
"EST","EMPLOYEE","10_19","NBR","A","2014",8319,
"EST","EMPLOYEE","20_49","NBR","A","2008",19394,
"EST","EMPLOYEE","20_49","NBR","A","2009",16123,
"EST","EMPLOYEE","20_49","NBR","A","2010",15948,
"EST","EMPLOYEE","20_49","NBR","A","2011",15104,
"EST","EMPLOYEE","20_49","NBR","A","2012",16176,
"EST","EMPLOYEE","20_49","NBR","A","2013",16605,
"EST","EMPLOYEE","20_49","NBR","A","2014",16281,
"EST","EMPLOYEE","50_249","NBR","A","2008",46876,
"EST","EMPLOYEE","50_249","NBR","A","2009",38721,
"EST","EMPLOYEE","50_249","NBR","A","2010",36783,
"EST","EMPLOYEE","50_249","NBR","A","2011",39936,
"EST","EMPLOYEE","50_249","NBR","A","2012",40761,
"EST","EMPLOYEE","50_249","NBR","A","2013",40760,
"EST","EMPLOYEE","50_249","NBR","A","2014",41693,
"EST","EMPLOYEE","250MORE","NBR","A","2008",32795,
"EST","EMPLOYEE","250MORE","NBR","A","2009",24989,
"EST","EMPLOYEE","250MORE","NBR","A","2010",22979,
"EST","EMPLOYEE","250MORE","NBR","A","2011",24972,
"EST","EMPLOYEE","250MORE","NBR","A","2012",25281,
"EST","EMPLOYEE","250MORE","NBR","A","2013",26127,
"EST","EMPLOYEE","250MORE","NBR","A","2014",28097,
"EST","EMPLOYEE","TOT","NBR","A","2008",119919,
"EST","EMPLOYEE","TOT","NBR","A","2009",97799,
"EST","EMPLOYEE","TOT","NBR","A","2010",94653,
"EST","EMPLOYEE","TOT","NBR","A","2011",98973,
"EST","EMPLOYEE","TOT","NBR","A","2012",101991,
"EST","EMPLOYEE","TOT","NBR","A","2013",103426,
"EST","EMPLOYEE","TOT","NBR","A","2014",106654,
"ISR","EMPLOYEE","0_9","NBR","A","2011",33449,
"ISR","EMPLOYEE","0_9","NBR","A","2012",33232,
"ISR","EMPLOYEE","0_9","NBR","A","2013",33804,
"ISR","EMPLOYEE","0_9","NBR","A","2014",33815,
"ISR","EMPLOYEE","0_9","NBR","A","2015",31832,
"ISR","EMPLOYEE","10_19","NBR","A","2011",26482,
"ISR","EMPLOYEE","10_19","NBR","A","2012",26606,
"ISR","EMPLOYEE","10_19","NBR","A","2013",26532,
"ISR","EMPLOYEE","10_19","NBR","A","2014",26396,
"ISR","EMPLOYEE","10_19","NBR","A","2015",25028,
"ISR","EMPLOYEE","20_49","NBR","A","2011",45256,
"ISR","EMPLOYEE","20_49","NBR","A","2012",44213,
"ISR","EMPLOYEE","20_49","NBR","A","2013",44331,
"ISR","EMPLOYEE","20_49","NBR","A","2014",43685,
"ISR","EMPLOYEE","20_49","NBR","A","2015",43554,
"ISR","EMPLOYEE","50_249","NBR","A","2011",109725,
"ISR","EMPLOYEE","50_249","NBR","A","2012",108196,
"ISR","EMPLOYEE","50_249","NBR","A","2013",107766,
"ISR","EMPLOYEE","50_249","NBR","A","2014",107468,
"ISR","EMPLOYEE","50_249","NBR","A","2015",108046,
"ISR","EMPLOYEE","250MORE","NBR","A","2011",145239,
"ISR","EMPLOYEE","250MORE","NBR","A","2012",148693,
"ISR","EMPLOYEE","250MORE","NBR","A","2013",148607,
"ISR","EMPLOYEE","250MORE","NBR","A","2014",149122,
"ISR","EMPLOYEE","250MORE","NBR","A","2015",144905,
"ISR","EMPLOYEE","TOT","NBR","A","2011",360151,
"ISR","EMPLOYEE","TOT","NBR","A","2012",360939,
"ISR","EMPLOYEE","TOT","NBR","A","2013",361040,
"ISR","EMPLOYEE","TOT","NBR","A","2014",360487,
"ISR","EMPLOYEE","TOT","NBR","A","2015",353364,
"LVA","EMPLOYEE","0_9","NBR","A","2008",13988,
"LVA","EMPLOYEE","0_9","NBR","A","2009",13911,
"LVA","EMPLOYEE","0_9","NBR","A","2010",14074,
"LVA","EMPLOYEE","0_9","NBR","A","2011",11563,
"LVA","EMPLOYEE","0_9","NBR","A","2012",14151,
"LVA","EMPLOYEE","0_9","NBR","A","2013",14888,
"LVA","EMPLOYEE","0_9","NBR","A","2014",17109,
"LVA","EMPLOYEE","10_19","NBR","A","2008",14396,
"LVA","EMPLOYEE","10_19","NBR","A","2009",10318,
"LVA","EMPLOYEE","10_19","NBR","A","2010",10512,
"LVA","EMPLOYEE","10_19","NBR","A","2011",10239,
"LVA","EMPLOYEE","10_19","NBR","A","2012",9920,
"LVA","EMPLOYEE","10_19","NBR","A","2013",10514,
"LVA","EMPLOYEE","10_19","NBR","A","2014",10153,
"LVA","EMPLOYEE","20_49","NBR","A","2008",23165,
"LVA","EMPLOYEE","20_49","NBR","A","2009",19331,
"LVA","EMPLOYEE","20_49","NBR","A","2010",17975,
"LVA","EMPLOYEE","20_49","NBR","A","2011",18562,
"LVA","EMPLOYEE","20_49","NBR","A","2012",19767,
"LVA","EMPLOYEE","20_49","NBR","A","2013",19188,
"LVA","EMPLOYEE","20_49","NBR","A","2014",19713,
"LVA","EMPLOYEE","50_249","NBR","A","2008",52516,
"LVA","EMPLOYEE","50_249","NBR","A","2009",38975,
"LVA","EMPLOYEE","50_249","NBR","A","2010",39908,
"LVA","EMPLOYEE","50_249","NBR","A","2011",41863,
"LVA","EMPLOYEE","50_249","NBR","A","2012",44037,
"LVA","EMPLOYEE","50_249","NBR","A","2013",45691,
"LVA","EMPLOYEE","50_249","NBR","A","2014",45754,
"LVA","EMPLOYEE","250MORE","NBR","A","2008",35241,
"LVA","EMPLOYEE","250MORE","NBR","A","2009",25448,
"LVA","EMPLOYEE","250MORE","NBR","A","2010",24952,
"LVA","EMPLOYEE","250MORE","NBR","A","2011",28142,
"LVA","EMPLOYEE","250MORE","NBR","A","2012",27775,
"LVA","EMPLOYEE","250MORE","NBR","A","2013",29130,
"LVA","EMPLOYEE","250MORE","NBR","A","2014",26996,
"LVA","EMPLOYEE","TOT","NBR","A","2008",139306,
"LVA","EMPLOYEE","TOT","NBR","A","2009",107983,
"LVA","EMPLOYEE","TOT","NBR","A","2010",107421,
"LVA","EMPLOYEE","TOT","NBR","A","2011",110369,
"LVA","EMPLOYEE","TOT","NBR","A","2012",115650,
"LVA","EMPLOYEE","TOT","NBR","A","2013",119411,
"LVA","EMPLOYEE","TOT","NBR","A","2014",119725,
"LTU","EMPLOYEE","0_9","NBR","A","2005",13293,
"LTU","EMPLOYEE","0_9","NBR","A","2006",13292,
"LTU","EMPLOYEE","0_9","NBR","A","2007",13552,
"LTU","EMPLOYEE","0_9","NBR","A","2008",14035,
"LTU","EMPLOYEE","0_9","NBR","A","2009",15038,
"LTU","EMPLOYEE","0_9","NBR","A","2010",14538,
"LTU","EMPLOYEE","0_9","NBR","A","2011",14585,
"LTU","EMPLOYEE","0_9","NBR","A","2012",15256,
"LTU","EMPLOYEE","0_9","NBR","A","2013",15935,
"LTU","EMPLOYEE","0_9","NBR","A","2014",16870,
"LTU","EMPLOYEE","10_19","NBR","A","2005",17675,
"LTU","EMPLOYEE","10_19","NBR","A","2006",18094,
"LTU","EMPLOYEE","10_19","NBR","A","2007",17789,
"LTU","EMPLOYEE","10_19","NBR","A","2008",18144,
"LTU","EMPLOYEE","10_19","NBR","A","2009",16218,
"LTU","EMPLOYEE","10_19","NBR","A","2010",14401,
"LTU","EMPLOYEE","10_19","NBR","A","2011",14029,
"LTU","EMPLOYEE","10_19","NBR","A","2012",14751,
"LTU","EMPLOYEE","10_19","NBR","A","2013",15188,
"LTU","EMPLOYEE","10_19","NBR","A","2014",16052,
"LTU","EMPLOYEE","20_49","NBR","A","2005",36468,
"LTU","EMPLOYEE","20_49","NBR","A","2006",36485,
"LTU","EMPLOYEE","20_49","NBR","A","2007",37618,
"LTU","EMPLOYEE","20_49","NBR","A","2008",36238,
"LTU","EMPLOYEE","20_49","NBR","A","2009",29422,
"LTU","EMPLOYEE","20_49","NBR","A","2010",27413,
"LTU","EMPLOYEE","20_49","NBR","A","2011",27720,
"LTU","EMPLOYEE","20_49","NBR","A","2012",29007,
"LTU","EMPLOYEE","20_49","NBR","A","2013",29958,
"LTU","EMPLOYEE","20_49","NBR","A","2014",29737,
"LTU","EMPLOYEE","50_249","NBR","A","2005",87126,
"LTU","EMPLOYEE","50_249","NBR","A","2006",89014,
"LTU","EMPLOYEE","50_249","NBR","A","2007",86760,
"LTU","EMPLOYEE","50_249","NBR","A","2008",81544,
"LTU","EMPLOYEE","50_249","NBR","A","2009",69107,
"LTU","EMPLOYEE","50_249","NBR","A","2010",66632,
"LTU","EMPLOYEE","50_249","NBR","A","2011",69958,
"LTU","EMPLOYEE","50_249","NBR","A","2012",69781,
"LTU","EMPLOYEE","50_249","NBR","A","2013",69953,
"LTU","EMPLOYEE","50_249","NBR","A","2014",70909,
"LTU","EMPLOYEE","250MORE","NBR","A","2005",93687,
"LTU","EMPLOYEE","250MORE","NBR","A","2006",91392,
"LTU","EMPLOYEE","250MORE","NBR","A","2007",84864,
"LTU","EMPLOYEE","250MORE","NBR","A","2008",72374,
"LTU","EMPLOYEE","250MORE","NBR","A","2009",55140,
"LTU","EMPLOYEE","250MORE","NBR","A","2010",51836,
"LTU","EMPLOYEE","250MORE","NBR","A","2011",54654,
"LTU","EMPLOYEE","250MORE","NBR","A","2012",57553,
"LTU","EMPLOYEE","250MORE","NBR","A","2013",60442,
"LTU","EMPLOYEE","250MORE","NBR","A","2014",66127,
"LTU","EMPLOYEE","TOT","NBR","A","2005",248249,
"LTU","EMPLOYEE","TOT","NBR","A","2006",248277,
"LTU","EMPLOYEE","TOT","NBR","A","2007",240583,
"LTU","EMPLOYEE","TOT","NBR","A","2008",222335,
"LTU","EMPLOYEE","TOT","NBR","A","2009",184925,
"LTU","EMPLOYEE","TOT","NBR","A","2010",174820,
"LTU","EMPLOYEE","TOT","NBR","A","2011",180946,
"LTU","EMPLOYEE","TOT","NBR","A","2012",186348,
"LTU","EMPLOYEE","TOT","NBR","A","2013",191476,
"LTU","EMPLOYEE","TOT","NBR","A","2014",199695,
"MKD","EMPLOYEE","0_9","NBR","A","2011",13671,
"MKD","EMPLOYEE","0_9","NBR","A","2012",14136,
"MKD","EMPLOYEE","0_9","NBR","A","2013",14126,
"MKD","EMPLOYEE","0_9","NBR","A","2014",14305,
"MKD","EMPLOYEE","10_19","NBR","A","2011",8509,
"MKD","EMPLOYEE","10_19","NBR","A","2012",8829,
"MKD","EMPLOYEE","10_19","NBR","A","2013",8500,
"MKD","EMPLOYEE","10_19","NBR","A","2014",8018,
"MKD","EMPLOYEE","20_49","NBR","A","2011",15157,
"MKD","EMPLOYEE","20_49","NBR","A","2012",14116,
"MKD","EMPLOYEE","20_49","NBR","A","2013",13862,
"MKD","EMPLOYEE","20_49","NBR","A","2014",14117,
"MKD","EMPLOYEE","50_249","NBR","A","2011",38360,
"MKD","EMPLOYEE","50_249","NBR","A","2012",36840,
"MKD","EMPLOYEE","50_249","NBR","A","2013",38595,
"MKD","EMPLOYEE","50_249","NBR","A","2014",35840,
"MKD","EMPLOYEE","250MORE","NBR","A","2011",26605,
"MKD","EMPLOYEE","250MORE","NBR","A","2012",27622,
"MKD","EMPLOYEE","250MORE","NBR","A","2013",29021,
"MKD","EMPLOYEE","250MORE","NBR","A","2014",36286,
"MKD","EMPLOYEE","TOT","NBR","A","2011",102302,
"MKD","EMPLOYEE","TOT","NBR","A","2012",101543,
"MKD","EMPLOYEE","TOT","NBR","A","2013",104104,
"MKD","EMPLOYEE","TOT","NBR","A","2014",108566,
"MLT","EMPLOYEE","0_9","NBR","A","2008",1933,
"MLT","EMPLOYEE","0_9","NBR","A","2009",2370,
"MLT","EMPLOYEE","0_9","NBR","A","2010",2172,
"MLT","EMPLOYEE","0_9","NBR","A","2011",1497,
"MLT","EMPLOYEE","0_9","NBR","A","2012",2430,
"MLT","EMPLOYEE","0_9","NBR","A","2013",1268,
"MLT","EMPLOYEE","0_9","NBR","A","2014",1605,
"MLT","EMPLOYEE","10_19","NBR","A","2008",1699,
"MLT","EMPLOYEE","10_19","NBR","A","2009",1603,
"MLT","EMPLOYEE","10_19","NBR","A","2010",726,
"MLT","EMPLOYEE","10_19","NBR","A","2011",1745,
"MLT","EMPLOYEE","10_19","NBR","A","2012",858,
"MLT","EMPLOYEE","10_19","NBR","A","2013",1648,
"MLT","EMPLOYEE","10_19","NBR","A","2014",1724,
"MLT","EMPLOYEE","20_49","NBR","A","2008",971,
"MLT","EMPLOYEE","20_49","NBR","A","2009",2792,
"MLT","EMPLOYEE","20_49","NBR","A","2010",1444,
"MLT","EMPLOYEE","20_49","NBR","A","2011",1101,
"MLT","EMPLOYEE","20_49","NBR","A","2012",2381,
"MLT","EMPLOYEE","20_49","NBR","A","2013",2493,
"MLT","EMPLOYEE","20_49","NBR","A","2014",1890,
"MLT","EMPLOYEE","50_249","NBR","A","2008",4828,
"MLT","EMPLOYEE","50_249","NBR","A","2009",1103,
"MLT","EMPLOYEE","50_249","NBR","A","2010",5588,
"MLT","EMPLOYEE","50_249","NBR","A","2011",5340,
"MLT","EMPLOYEE","50_249","NBR","A","2012",5482,
"MLT","EMPLOYEE","50_249","NBR","A","2013",5329,
"MLT","EMPLOYEE","50_249","NBR","A","2014",523,
"MLT","EMPLOYEE","250MORE","NBR","A","2008",0,
"MLT","EMPLOYEE","250MORE","NBR","A","2009",0,
"MLT","EMPLOYEE","250MORE","NBR","A","2010",0,
"MLT","EMPLOYEE","250MORE","NBR","A","2011",0,
"MLT","EMPLOYEE","250MORE","NBR","A","2012",0,
"MLT","EMPLOYEE","250MORE","NBR","A","2013",0,
"MLT","EMPLOYEE","250MORE","NBR","A","2014",0,
"MLT","EMPLOYEE","TOT","NBR","A","2008",8069,
"MLT","EMPLOYEE","TOT","NBR","A","2009",8522,
"MLT","EMPLOYEE","TOT","NBR","A","2010",5558,
"MLT","EMPLOYEE","TOT","NBR","A","2011",4232,
"MLT","EMPLOYEE","TOT","NBR","A","2012",5623,
"MLT","EMPLOYEE","TOT","NBR","A","2013",9047,
"MLT","EMPLOYEE","TOT","NBR","A","2014",5877,
"ROU","EMPLOYEE","0_9","NBR","A","2008",106654,
"ROU","EMPLOYEE","0_9","NBR","A","2009",100173,
"ROU","EMPLOYEE","0_9","NBR","A","2010",90243,
"ROU","EMPLOYEE","0_9","NBR","A","2011",85586,
"ROU","EMPLOYEE","0_9","NBR","A","2012",82295,
"ROU","EMPLOYEE","0_9","NBR","A","2013",86812,
"ROU","EMPLOYEE","0_9","NBR","A","2014",85064,
"ROU","EMPLOYEE","10_19","NBR","A","2008",79291,
"ROU","EMPLOYEE","10_19","NBR","A","2009",79550,
"ROU","EMPLOYEE","10_19","NBR","A","2010",71110,
"ROU","EMPLOYEE","10_19","NBR","A","2011",74736,
"ROU","EMPLOYEE","10_19","NBR","A","2012",71838,
"ROU","EMPLOYEE","10_19","NBR","A","2013",73316,
"ROU","EMPLOYEE","10_19","NBR","A","2014",70877,
"ROU","EMPLOYEE","20_49","NBR","A","2008",171067,
"ROU","EMPLOYEE","20_49","NBR","A","2009",147120,
"ROU","EMPLOYEE","20_49","NBR","A","2010",142496,
"ROU","EMPLOYEE","20_49","NBR","A","2011",146469,
"ROU","EMPLOYEE","20_49","NBR","A","2012",147082,
"ROU","EMPLOYEE","20_49","NBR","A","2013",140166,
"ROU","EMPLOYEE","20_49","NBR","A","2014",137812,
"ROU","EMPLOYEE","50_249","NBR","A","2008",403175,
"ROU","EMPLOYEE","50_249","NBR","A","2009",340745,
"ROU","EMPLOYEE","50_249","NBR","A","2010",318786,
"ROU","EMPLOYEE","50_249","NBR","A","2011",341216,
"ROU","EMPLOYEE","50_249","NBR","A","2012",333312,
"ROU","EMPLOYEE","50_249","NBR","A","2013",332315,
"ROU","EMPLOYEE","50_249","NBR","A","2014",327963,
"ROU","EMPLOYEE","250MORE","NBR","A","2008",631124,
"ROU","EMPLOYEE","250MORE","NBR","A","2009",517613,
"ROU","EMPLOYEE","250MORE","NBR","A","2010",496068,
"ROU","EMPLOYEE","250MORE","NBR","A","2011",510193,
"ROU","EMPLOYEE","250MORE","NBR","A","2012",522056,
"ROU","EMPLOYEE","250MORE","NBR","A","2013",524559,
"ROU","EMPLOYEE","250MORE","NBR","A","2014",548483,
"ROU","EMPLOYEE","TOT","NBR","A","2008",1391310,
"ROU","EMPLOYEE","TOT","NBR","A","2009",1185200,
"ROU","EMPLOYEE","TOT","NBR","A","2010",1118700,
"ROU","EMPLOYEE","TOT","NBR","A","2011",1158200,
"ROU","EMPLOYEE","TOT","NBR","A","2012",1156580,
"ROU","EMPLOYEE","TOT","NBR","A","2013",1157170,
"ROU","EMPLOYEE","TOT","NBR","A","2014",1170200,
"SVN","EMPLOYEE","0_9","NBR","A","2008",20530,
"SVN","EMPLOYEE","0_9","NBR","A","2009",20201,
"SVN","EMPLOYEE","0_9","NBR","A","2010",19597,
"SVN","EMPLOYEE","0_9","NBR","A","2011",19453,
"SVN","EMPLOYEE","0_9","NBR","A","2012",19513,
"SVN","EMPLOYEE","0_9","NBR","A","2013",19666,
"SVN","EMPLOYEE","0_9","NBR","A","2014",19776,
"SVN","EMPLOYEE","10_19","NBR","A","2008",13079,
"SVN","EMPLOYEE","10_19","NBR","A","2009",12400,
"SVN","EMPLOYEE","10_19","NBR","A","2010",11882,
"SVN","EMPLOYEE","10_19","NBR","A","2011",11906,
"SVN","EMPLOYEE","10_19","NBR","A","2012",12501,
"SVN","EMPLOYEE","10_19","NBR","A","2013",12144,
"SVN","EMPLOYEE","10_19","NBR","A","2014",4339,
"SVN","EMPLOYEE","20_49","NBR","A","2008",21391,
"SVN","EMPLOYEE","20_49","NBR","A","2009",19858,
"SVN","EMPLOYEE","20_49","NBR","A","2010",18166,
"SVN","EMPLOYEE","20_49","NBR","A","2011",18187,
"SVN","EMPLOYEE","20_49","NBR","A","2012",17278,
"SVN","EMPLOYEE","20_49","NBR","A","2013",17878,
"SVN","EMPLOYEE","20_49","NBR","A","2014",9685,
"SVN","EMPLOYEE","50_249","NBR","A","2008",65074,
"SVN","EMPLOYEE","50_249","NBR","A","2009",59991,
"SVN","EMPLOYEE","50_249","NBR","A","2010",57595,
"SVN","EMPLOYEE","50_249","NBR","A","2011",55515,
"SVN","EMPLOYEE","50_249","NBR","A","2012",53753,
"SVN","EMPLOYEE","50_249","NBR","A","2013",53022,
"SVN","EMPLOYEE","50_249","NBR","A","2014",52087,
"SVN","EMPLOYEE","250MORE","NBR","A","2008",101408,
"SVN","EMPLOYEE","250MORE","NBR","A","2009",85460,
"SVN","EMPLOYEE","250MORE","NBR","A","2010",80403,
"SVN","EMPLOYEE","250MORE","NBR","A","2011",78569,
"SVN","EMPLOYEE","250MORE","NBR","A","2012",77676,
"SVN","EMPLOYEE","250MORE","NBR","A","2013",74962,
"SVN","EMPLOYEE","250MORE","NBR","A","2014",74990,
"SVN","EMPLOYEE","TOT","NBR","A","2008",221482,
"SVN","EMPLOYEE","TOT","NBR","A","2009",197910,
"SVN","EMPLOYEE","TOT","NBR","A","2010",187643,
"SVN","EMPLOYEE","TOT","NBR","A","2011",183629,
"SVN","EMPLOYEE","TOT","NBR","A","2012",180722,
"SVN","EMPLOYEE","TOT","NBR","A","2013",177671,
"SVN","EMPLOYEE","TOT","NBR","A","2014",177302,
"CAN","EMPLOYEE","0_9","NBR","A","2001",224346,
"CAN","EMPLOYEE","0_9","NBR","A","2002",221375,
"CAN","EMPLOYEE","0_9","NBR","A","2003",218851,
"CAN","EMPLOYEE","0_9","NBR","A","2004",215555,
"CAN","EMPLOYEE","0_9","NBR","A","2005",211345,
"CAN","EMPLOYEE","0_9","NBR","A","2006",211647,
"CAN","EMPLOYEE","0_9","NBR","A","2007",208189,
"CAN","EMPLOYEE","0_9","NBR","A","2008",206046,
"CAN","EMPLOYEE","0_9","NBR","A","2009",199929,
"CAN","EMPLOYEE","0_9","NBR","A","2010",196731,
"CAN","EMPLOYEE","0_9","NBR","A","2011",193581,
"CAN","EMPLOYEE","0_9","NBR","A","2012",191966,
"CAN","EMPLOYEE","0_9","NBR","A","2013",189698,
"CAN","EMPLOYEE","0_9","NBR","A","2014",188278,
"CAN","EMPLOYEE","0_9","NBR","A","2015",185356,
"CAN","EMPLOYEE","10_19","NBR","A","2001",0,
"CAN","EMPLOYEE","10_19","NBR","A","2002",0,
"CAN","EMPLOYEE","10_19","NBR","A","2003",0,
"CAN","EMPLOYEE","10_19","NBR","A","2004",0,
"CAN","EMPLOYEE","10_19","NBR","A","2005",0,
"CAN","EMPLOYEE","10_19","NBR","A","2006",0,
"CAN","EMPLOYEE","10_19","NBR","A","2007",0,
"CAN","EMPLOYEE","10_19","NBR","A","2008",0,
"CAN","EMPLOYEE","10_19","NBR","A","2009",0,
"CAN","EMPLOYEE","10_19","NBR","A","2010",0,
"CAN","EMPLOYEE","10_19","NBR","A","2011",0,
"CAN","EMPLOYEE","10_19","NBR","A","2012",0,
"CAN","EMPLOYEE","10_19","NBR","A","2013",0,
"CAN","EMPLOYEE","10_19","NBR","A","2014",0,
"CAN","EMPLOYEE","10_19","NBR","A","2015",0,
"CAN","EMPLOYEE","20_49","NBR","A","2001",211850,
"CAN","EMPLOYEE","20_49","NBR","A","2002",210830,
"CAN","EMPLOYEE","20_49","NBR","A","2003",210142,
"CAN","EMPLOYEE","20_49","NBR","A","2004",208157,
"CAN","EMPLOYEE","20_49","NBR","A","2005",208143,
"CAN","EMPLOYEE","20_49","NBR","A","2006",207933,
"CAN","EMPLOYEE","20_49","NBR","A","2007",203617,
"CAN","EMPLOYEE","20_49","NBR","A","2008",196364,
"CAN","EMPLOYEE","20_49","NBR","A","2009",181353,
"CAN","EMPLOYEE","20_49","NBR","A","2010",180191,
"CAN","EMPLOYEE","20_49","NBR","A","2011",180235,
"CAN","EMPLOYEE","20_49","NBR","A","2012",181819,
"CAN","EMPLOYEE","20_49","NBR","A","2013",182052,
"CAN","EMPLOYEE","20_49","NBR","A","2014",178264,
"CAN","EMPLOYEE","20_49","NBR","A","2015",177630,
"CAN","EMPLOYEE","50_249","NBR","A","2001",531007,
"CAN","EMPLOYEE","50_249","NBR","A","2002",520561,
"CAN","EMPLOYEE","50_249","NBR","A","2003",520467,
"CAN","EMPLOYEE","50_249","NBR","A","2004",515326,
"CAN","EMPLOYEE","50_249","NBR","A","2005",511922,
"CAN","EMPLOYEE","50_249","NBR","A","2006",505854,
"CAN","EMPLOYEE","50_249","NBR","A","2007",494956,
"CAN","EMPLOYEE","50_249","NBR","A","2008",468840,
"CAN","EMPLOYEE","50_249","NBR","A","2009",417426,
"CAN","EMPLOYEE","50_249","NBR","A","2010",416370,
"CAN","EMPLOYEE","50_249","NBR","A","2011",426968,
"CAN","EMPLOYEE","50_249","NBR","A","2012",432431,
"CAN","EMPLOYEE","50_249","NBR","A","2013",430704,
"CAN","EMPLOYEE","50_249","NBR","A","2014",431510,
"CAN","EMPLOYEE","50_249","NBR","A","2015",430283,
"CAN","EMPLOYEE","250MORE","NBR","A","2001",1010410,
"CAN","EMPLOYEE","250MORE","NBR","A","2002",977880,
"CAN","EMPLOYEE","250MORE","NBR","A","2003",961440,
"CAN","EMPLOYEE","250MORE","NBR","A","2004",932157,
"CAN","EMPLOYEE","250MORE","NBR","A","2005",908847,
"CAN","EMPLOYEE","250MORE","NBR","A","2006",896013,
"CAN","EMPLOYEE","250MORE","NBR","A","2007",857149,
"CAN","EMPLOYEE","250MORE","NBR","A","2008",808810,
"CAN","EMPLOYEE","250MORE","NBR","A","2009",693919,
"CAN","EMPLOYEE","250MORE","NBR","A","2010",683402,
"CAN","EMPLOYEE","250MORE","NBR","A","2011",697756,
"CAN","EMPLOYEE","250MORE","NBR","A","2012",702819,
"CAN","EMPLOYEE","250MORE","NBR","A","2013",699356,
"CAN","EMPLOYEE","250MORE","NBR","A","2014",694114,
"CAN","EMPLOYEE","250MORE","NBR","A","2015",704758,
"CAN","EMPLOYEE","TOT","NBR","A","2001",1977620,
"CAN","EMPLOYEE","TOT","NBR","A","2002",1930650,
"CAN","EMPLOYEE","TOT","NBR","A","2003",1910900,
"CAN","EMPLOYEE","TOT","NBR","A","2004",1871190,
"CAN","EMPLOYEE","TOT","NBR","A","2005",1840260,
"CAN","EMPLOYEE","TOT","NBR","A","2006",1821450,
"CAN","EMPLOYEE","TOT","NBR","A","2007",1763910,
"CAN","EMPLOYEE","TOT","NBR","A","2008",1680060,
"CAN","EMPLOYEE","TOT","NBR","A","2009",1492630,
"CAN","EMPLOYEE","TOT","NBR","A","2010",1476700,
"CAN","EMPLOYEE","TOT","NBR","A","2011",1498540,
"CAN","EMPLOYEE","TOT","NBR","A","2012",1509030,
"CAN","EMPLOYEE","TOT","NBR","A","2013",1501810,
"CAN","EMPLOYEE","TOT","NBR","A","2014",1492170,
"CAN","EMPLOYEE","TOT","NBR","A","2015",1498030,
"MEX","EMPLOYEE","20_49","NBR","A","2004",244241,
"MEX","EMPLOYEE","20_49","NBR","A","2009",164696,
"MEX","EMPLOYEE","20_49","NBR","A","2013",234016,
"TUR","EMPLOYEE","0_9","NBR","A","2009",573919,
"TUR","EMPLOYEE","0_9","NBR","A","2010",580104,
"TUR","EMPLOYEE","0_9","NBR","A","2011",622914,
"TUR","EMPLOYEE","0_9","NBR","A","2012",705986,
"TUR","EMPLOYEE","0_9","NBR","A","2013",711311,
"TUR","EMPLOYEE","0_9","NBR","A","2014",657265,
"TUR","EMPLOYEE","10_19","NBR","A","1995",0,
"TUR","EMPLOYEE","10_19","NBR","A","1999",0,
"TUR","EMPLOYEE","10_19","NBR","A","2000",0,
"TUR","EMPLOYEE","10_19","NBR","A","2001",0,
"TUR","EMPLOYEE","10_19","NBR","A","2002",0,
"TUR","EMPLOYEE","10_19","NBR","A","2003",0,
"TUR","EMPLOYEE","10_19","NBR","A","2004",0,
"TUR","EMPLOYEE","10_19","NBR","A","2005",0,
"TUR","EMPLOYEE","10_19","NBR","A","2006",0,
"TUR","EMPLOYEE","10_19","NBR","A","2007",0,
"TUR","EMPLOYEE","10_19","NBR","A","2008",0,
"TUR","EMPLOYEE","10_19","NBR","A","2009",0,
"TUR","EMPLOYEE","10_19","NBR","A","2010",0,
"TUR","EMPLOYEE","10_19","NBR","A","2011",0,
"TUR","EMPLOYEE","10_19","NBR","A","2012",0,
"TUR","EMPLOYEE","10_19","NBR","A","2013",0,
"TUR","EMPLOYEE","10_19","NBR","A","2014",0,
"COL","EMPLOYEE","10_19","NBR","A","2009",29324,
"COL","EMPLOYEE","10_19","NBR","A","2010",34475,
"COL","EMPLOYEE","10_19","NBR","A","2011",32729,
"COL","EMPLOYEE","10_19","NBR","A","2012",30352,
"COL","EMPLOYEE","10_19","NBR","A","2013",201226,
"COL","EMPLOYEE","10_19","NBR","A","2014",28150,
"COL","EMPLOYEE","20_49","NBR","A","2009",64838,
"COL","EMPLOYEE","20_49","NBR","A","2010",68097,
"COL","EMPLOYEE","20_49","NBR","A","2011",69269,
"COL","EMPLOYEE","20_49","NBR","A","2012",67979,
"COL","EMPLOYEE","20_49","NBR","A","2013",101389,
"COL","EMPLOYEE","20_49","NBR","A","2014",68726,
"COL","EMPLOYEE","50_249","NBR","A","2009",171102,
"COL","EMPLOYEE","50_249","NBR","A","2010",172902,
"COL","EMPLOYEE","50_249","NBR","A","2011",181944,
"COL","EMPLOYEE","50_249","NBR","A","2012",191194,
"COL","EMPLOYEE","50_249","NBR","A","2013",58989,
"COL","EMPLOYEE","50_249","NBR","A","2014",209801,
"COL","EMPLOYEE","250MORE","NBR","A","2009",201489,
"COL","EMPLOYEE","250MORE","NBR","A","2010",207225,
"COL","EMPLOYEE","250MORE","NBR","A","2011",216453,
"COL","EMPLOYEE","250MORE","NBR","A","2012",225148,
"COL","EMPLOYEE","250MORE","NBR","A","2013",22896,
"COL","EMPLOYEE","250MORE","NBR","A","2014",241701,
"COL","EMPLOYEE","TOT","NBR","A","2009",474784,
"COL","EMPLOYEE","TOT","NBR","A","2010",492114,
"COL","EMPLOYEE","TOT","NBR","A","2011",509543,
"COL","EMPLOYEE","TOT","NBR","A","2012",523557,
"COL","EMPLOYEE","TOT","NBR","A","2013",541736,
"COL","EMPLOYEE","TOT","NBR","A","2014",557193,
"COL","EMPLOYEE","0_9","NBR","A","2009",8031,
"COL","EMPLOYEE","0_9","NBR","A","2010",9415,
"COL","EMPLOYEE","0_9","NBR","A","2011",9148,
"COL","EMPLOYEE","0_9","NBR","A","2012",8884,
"COL","EMPLOYEE","0_9","NBR","A","2013",157236,
"COL","EMPLOYEE","0_9","NBR","A","2014",8815,
