﻿"LOCATION","INDICATOR","SUBJECT","MEASURE","FREQUENCY","TIME","Value","Flag Codes"
"AUS","MFP","TOT","AGRWTH","A","1985",-0.727573,
"AUS","MFP","TOT","AGRWTH","A","1986",-0.669054,
"AUS","MFP","TOT","AGRWTH","A","1987",1.69089,
"AUS","MFP","TOT","AGRWTH","A","1988",-0.593434,
"AUS","MFP","TOT","AGRWTH","A","1989",-0.25652,
"AUS","MFP","TOT","AGRWTH","A","1990",-0.222844,
"AUS","MFP","TOT","AGRWTH","A","1991",0.357887,
"AUS","MFP","TOT","AGRWTH","A","1992",2.941231,
"AUS","MFP","TOT","AGRWTH","A","1993",1.341872,
"AUS","MFP","TOT","AGRWTH","A","1994",-0.274431,
"AUS","MFP","TOT","AGRWTH","A","1995",1.12777,
"AUS","MFP","TOT","AGRWTH","A","1996",2.332496,
"AUS","MFP","TOT","AGRWTH","A","1997",2.052804,
"AUS","MFP","TOT","AGRWTH","A","1998",2.643784,
"AUS","MFP","TOT","AGRWTH","A","1999",0.323146,
"AUS","MFP","TOT","AGRWTH","A","2000",0.534019,
"AUS","MFP","TOT","AGRWTH","A","2001",2.811143,
"AUS","MFP","TOT","AGRWTH","A","2002",-0.207055,
"AUS","MFP","TOT","AGRWTH","A","2003",1.286793,
"AUS","MFP","TOT","AGRWTH","A","2004",0.107125,
"AUS","MFP","TOT","AGRWTH","A","2005",-0.283863,
"AUS","MFP","TOT","AGRWTH","A","2006",0.097302,
"AUS","MFP","TOT","AGRWTH","A","2007",-0.254995,
"AUS","MFP","TOT","AGRWTH","A","2008",-0.609047,
"AUS","MFP","TOT","AGRWTH","A","2009",0.397874,
"AUS","MFP","TOT","AGRWTH","A","2010",-0.941035,
"AUS","MFP","TOT","AGRWTH","A","2011",0.720059,
"AUS","MFP","TOT","AGRWTH","A","2012",0.674373,
"AUS","MFP","TOT","AGRWTH","A","2013",0.795198,
"AUS","MFP","TOT","AGRWTH","A","2014",0.719362,
"AUS","MFP","TOT","AGRWTH","A","2015",0.776025,
"AUT","MFP","TOT","AGRWTH","A","1989",2.267096,
"AUT","MFP","TOT","AGRWTH","A","1990",2.067615,
"AUT","MFP","TOT","AGRWTH","A","1991",1.732464,
"AUT","MFP","TOT","AGRWTH","A","1992",1.160581,
"AUT","MFP","TOT","AGRWTH","A","1993",1.373337,
"AUT","MFP","TOT","AGRWTH","A","1994",2.784615,
"AUT","MFP","TOT","AGRWTH","A","1995",5.509766,
"AUT","MFP","TOT","AGRWTH","A","1996",-0.135922,
"AUT","MFP","TOT","AGRWTH","A","1997",0.413652,
"AUT","MFP","TOT","AGRWTH","A","1998",2.596141,
"AUT","MFP","TOT","AGRWTH","A","1999",1.136143,
"AUT","MFP","TOT","AGRWTH","A","2000",1.356394,
"AUT","MFP","TOT","AGRWTH","A","2001",0.086527,
"AUT","MFP","TOT","AGRWTH","A","2002",0.725143,
"AUT","MFP","TOT","AGRWTH","A","2003",-0.375966,
"AUT","MFP","TOT","AGRWTH","A","2004",1.260729,
"AUT","MFP","TOT","AGRWTH","A","2005",1.503232,
"AUT","MFP","TOT","AGRWTH","A","2006",2.09198,
"AUT","MFP","TOT","AGRWTH","A","2007",1.902082,
"AUT","MFP","TOT","AGRWTH","A","2008",-0.296642,
"AUT","MFP","TOT","AGRWTH","A","2009",-1.704791,
"AUT","MFP","TOT","AGRWTH","A","2010",1.045223,
"AUT","MFP","TOT","AGRWTH","A","2011",0.596153,
"AUT","MFP","TOT","AGRWTH","A","2012",0.325951,
"AUT","MFP","TOT","AGRWTH","A","2013",-0.153491,
"AUT","MFP","TOT","AGRWTH","A","2014",-0.111022,
"AUT","MFP","TOT","AGRWTH","A","2015",0.932287,
"BEL","MFP","TOT","AGRWTH","A","1985",-0.088644,
"BEL","MFP","TOT","AGRWTH","A","1986",0.977783,
"BEL","MFP","TOT","AGRWTH","A","1987",1.219177,
"BEL","MFP","TOT","AGRWTH","A","1988",2.508957,
"BEL","MFP","TOT","AGRWTH","A","1989",1.283542,
"BEL","MFP","TOT","AGRWTH","A","1990",0.234085,
"BEL","MFP","TOT","AGRWTH","A","1991",1.949742,
"BEL","MFP","TOT","AGRWTH","A","1992",1.473854,
"BEL","MFP","TOT","AGRWTH","A","1993",0.416659,
"BEL","MFP","TOT","AGRWTH","A","1994",2.340476,
"BEL","MFP","TOT","AGRWTH","A","1995",-1.516399,
"BEL","MFP","TOT","AGRWTH","A","1996",1.267227,
"BEL","MFP","TOT","AGRWTH","A","1997",1.187784,
"BEL","MFP","TOT","AGRWTH","A","1998",-1.219349,
"BEL","MFP","TOT","AGRWTH","A","1999",1.171954,
"BEL","MFP","TOT","AGRWTH","A","2000",0.068632,
"BEL","MFP","TOT","AGRWTH","A","2001",-1.34037,
"BEL","MFP","TOT","AGRWTH","A","2002",1.023957,
"BEL","MFP","TOT","AGRWTH","A","2003",0.058834,
"BEL","MFP","TOT","AGRWTH","A","2004",2.00769,
"BEL","MFP","TOT","AGRWTH","A","2005",0.230114,
"BEL","MFP","TOT","AGRWTH","A","2006",0.279111,
"BEL","MFP","TOT","AGRWTH","A","2007",0.797794,
"BEL","MFP","TOT","AGRWTH","A","2008",-1.332293,
"BEL","MFP","TOT","AGRWTH","A","2009",-1.95225,
"BEL","MFP","TOT","AGRWTH","A","2010",1.563116,
"BEL","MFP","TOT","AGRWTH","A","2011",-0.633304,
"BEL","MFP","TOT","AGRWTH","A","2012",-0.81812,
"BEL","MFP","TOT","AGRWTH","A","2013",-0.221631,
"BEL","MFP","TOT","AGRWTH","A","2014",0.884015,
"BEL","MFP","TOT","AGRWTH","A","2015",0.469919,
"CAN","MFP","TOT","AGRWTH","A","1985",0.862442,
"CAN","MFP","TOT","AGRWTH","A","1986",-0.956838,
"CAN","MFP","TOT","AGRWTH","A","1987",0.487594,
"CAN","MFP","TOT","AGRWTH","A","1988",0.727625,
"CAN","MFP","TOT","AGRWTH","A","1989",-0.335111,
"CAN","MFP","TOT","AGRWTH","A","1990",-1.071356,
"CAN","MFP","TOT","AGRWTH","A","1991",-0.93838,
"CAN","MFP","TOT","AGRWTH","A","1992",1.008741,
"CAN","MFP","TOT","AGRWTH","A","1993",1.523094,
"CAN","MFP","TOT","AGRWTH","A","1994",1.856245,
"CAN","MFP","TOT","AGRWTH","A","1995",0.810199,
"CAN","MFP","TOT","AGRWTH","A","1996",-0.583266,
"CAN","MFP","TOT","AGRWTH","A","1997",1.91539,
"CAN","MFP","TOT","AGRWTH","A","1998",1.142931,
"CAN","MFP","TOT","AGRWTH","A","1999",1.94623,
"CAN","MFP","TOT","AGRWTH","A","2000",2.329263,
"CAN","MFP","TOT","AGRWTH","A","2001",0.265658,
"CAN","MFP","TOT","AGRWTH","A","2002",1.041533,
"CAN","MFP","TOT","AGRWTH","A","2003",-0.401237,
"CAN","MFP","TOT","AGRWTH","A","2004",0.24138,
"CAN","MFP","TOT","AGRWTH","A","2005",1.348727,
"CAN","MFP","TOT","AGRWTH","A","2006",0.287345,
"CAN","MFP","TOT","AGRWTH","A","2007",-0.502253,
"CAN","MFP","TOT","AGRWTH","A","2008",-0.815945,
"CAN","MFP","TOT","AGRWTH","A","2009",-0.774613,
"CAN","MFP","TOT","AGRWTH","A","2010",0.910986,
"CAN","MFP","TOT","AGRWTH","A","2011",1.362968,
"CAN","MFP","TOT","AGRWTH","A","2012",-0.382321,
"CAN","MFP","TOT","AGRWTH","A","2013",1.006053,
"CAN","MFP","TOT","AGRWTH","A","2014",1.719296,
"CAN","MFP","TOT","AGRWTH","A","2015",-0.338648,
"DNK","MFP","TOT","AGRWTH","A","1985",1.503371,
"DNK","MFP","TOT","AGRWTH","A","1986",1.2885,
"DNK","MFP","TOT","AGRWTH","A","1987",-0.007405,
"DNK","MFP","TOT","AGRWTH","A","1988",0.166571,
"DNK","MFP","TOT","AGRWTH","A","1989",0.343541,
"DNK","MFP","TOT","AGRWTH","A","1990",1.249666,
"DNK","MFP","TOT","AGRWTH","A","1991",1.062798,
"DNK","MFP","TOT","AGRWTH","A","1992",0.774919,
"DNK","MFP","TOT","AGRWTH","A","1993",0.446747,
"DNK","MFP","TOT","AGRWTH","A","1994",4.844005,
"DNK","MFP","TOT","AGRWTH","A","1995",0.734964,
"DNK","MFP","TOT","AGRWTH","A","1996",1.307172,
"DNK","MFP","TOT","AGRWTH","A","1997",0.022116,
"DNK","MFP","TOT","AGRWTH","A","1998",-0.919122,
"DNK","MFP","TOT","AGRWTH","A","1999",0.209626,
"DNK","MFP","TOT","AGRWTH","A","2000",1.410501,
"DNK","MFP","TOT","AGRWTH","A","2001",-1.15874,
"DNK","MFP","TOT","AGRWTH","A","2002",-0.325263,
"DNK","MFP","TOT","AGRWTH","A","2003",0.381662,
"DNK","MFP","TOT","AGRWTH","A","2004",2.087448,
"DNK","MFP","TOT","AGRWTH","A","2005",0.770747,
"DNK","MFP","TOT","AGRWTH","A","2006",0.896271,
"DNK","MFP","TOT","AGRWTH","A","2007",-0.631387,
"DNK","MFP","TOT","AGRWTH","A","2008",-2.209323,
"DNK","MFP","TOT","AGRWTH","A","2009",-2.815064,
"DNK","MFP","TOT","AGRWTH","A","2010",2.68882,
"DNK","MFP","TOT","AGRWTH","A","2011",0.311355,
"DNK","MFP","TOT","AGRWTH","A","2012",1.016606,
"DNK","MFP","TOT","AGRWTH","A","2013",0.441284,
"DNK","MFP","TOT","AGRWTH","A","2014",1.163923,
"DNK","MFP","TOT","AGRWTH","A","2015",0.430974,
"FIN","MFP","TOT","AGRWTH","A","1985",2.259705,
"FIN","MFP","TOT","AGRWTH","A","1986",2.695384,
"FIN","MFP","TOT","AGRWTH","A","1987",1.663138,
"FIN","MFP","TOT","AGRWTH","A","1988",2.687733,
"FIN","MFP","TOT","AGRWTH","A","1989",2.971585,
"FIN","MFP","TOT","AGRWTH","A","1990",1.0457,
"FIN","MFP","TOT","AGRWTH","A","1991",-2.001821,
"FIN","MFP","TOT","AGRWTH","A","1992",0.879049,
"FIN","MFP","TOT","AGRWTH","A","1993",3.076591,
"FIN","MFP","TOT","AGRWTH","A","1994",3.817746,
"FIN","MFP","TOT","AGRWTH","A","1995",2.27078,
"FIN","MFP","TOT","AGRWTH","A","1996",2.074364,
"FIN","MFP","TOT","AGRWTH","A","1997",3.359575,
"FIN","MFP","TOT","AGRWTH","A","1998",3.505003,
"FIN","MFP","TOT","AGRWTH","A","1999",1.555047,
"FIN","MFP","TOT","AGRWTH","A","2000",3.681282,
"FIN","MFP","TOT","AGRWTH","A","2001",1.486117,
"FIN","MFP","TOT","AGRWTH","A","2002",0.654528,
"FIN","MFP","TOT","AGRWTH","A","2003",1.588192,
"FIN","MFP","TOT","AGRWTH","A","2004",2.742047,
"FIN","MFP","TOT","AGRWTH","A","2005",1.388319,
"FIN","MFP","TOT","AGRWTH","A","2006",2.230025,
"FIN","MFP","TOT","AGRWTH","A","2007",2.772378,
"FIN","MFP","TOT","AGRWTH","A","2008",-1.362195,
"FIN","MFP","TOT","AGRWTH","A","2009",-6.278067,
"FIN","MFP","TOT","AGRWTH","A","2010",2.829024,
"FIN","MFP","TOT","AGRWTH","A","2011",1.543723,
"FIN","MFP","TOT","AGRWTH","A","2012",-1.794112,
"FIN","MFP","TOT","AGRWTH","A","2013",0.119123,
"FIN","MFP","TOT","AGRWTH","A","2014",-0.221698,
"FIN","MFP","TOT","AGRWTH","A","2015",0.257521,
"FRA","MFP","TOT","AGRWTH","A","1985",2.570936,
"FRA","MFP","TOT","AGRWTH","A","1986",1.395535,
"FRA","MFP","TOT","AGRWTH","A","1987",0.503597,
"FRA","MFP","TOT","AGRWTH","A","1988",2.485133,
"FRA","MFP","TOT","AGRWTH","A","1989",2.551805,
"FRA","MFP","TOT","AGRWTH","A","1990",1.229249,
"FRA","MFP","TOT","AGRWTH","A","1991",0.228224,
"FRA","MFP","TOT","AGRWTH","A","1992",0.98377,
"FRA","MFP","TOT","AGRWTH","A","1993",0.069673,
"FRA","MFP","TOT","AGRWTH","A","1994",1.690612,
"FRA","MFP","TOT","AGRWTH","A","1995",1.763058,
"FRA","MFP","TOT","AGRWTH","A","1996",0.13784,
"FRA","MFP","TOT","AGRWTH","A","1997",1.403641,
"FRA","MFP","TOT","AGRWTH","A","1998",1.902434,
"FRA","MFP","TOT","AGRWTH","A","1999",1.017725,
"FRA","MFP","TOT","AGRWTH","A","2000",2.627471,
"FRA","MFP","TOT","AGRWTH","A","2001",0.232087,
"FRA","MFP","TOT","AGRWTH","A","2002",1.86952,
"FRA","MFP","TOT","AGRWTH","A","2003",0.283452,
"FRA","MFP","TOT","AGRWTH","A","2004",0.562205,
"FRA","MFP","TOT","AGRWTH","A","2005",0.723154,
"FRA","MFP","TOT","AGRWTH","A","2006",2.025955,
"FRA","MFP","TOT","AGRWTH","A","2007",-0.325963,
"FRA","MFP","TOT","AGRWTH","A","2008",-1.299318,
"FRA","MFP","TOT","AGRWTH","A","2009",-1.659449,
"FRA","MFP","TOT","AGRWTH","A","2010",1.154693,
"FRA","MFP","TOT","AGRWTH","A","2011",0.896402,
"FRA","MFP","TOT","AGRWTH","A","2012",-0.273608,
"FRA","MFP","TOT","AGRWTH","A","2013",0.799796,
"FRA","MFP","TOT","AGRWTH","A","2014",0.30727,
"FRA","MFP","TOT","AGRWTH","A","2015",0.26097,
"DEU","MFP","TOT","AGRWTH","A","1985",1.312757,
"DEU","MFP","TOT","AGRWTH","A","1986",0.766618,
"DEU","MFP","TOT","AGRWTH","A","1987",0.457634,
"DEU","MFP","TOT","AGRWTH","A","1988",1.859845,
"DEU","MFP","TOT","AGRWTH","A","1989",2.496643,
"DEU","MFP","TOT","AGRWTH","A","1990",2.797783,
"DEU","MFP","TOT","AGRWTH","A","1991",2.670447,
"DEU","MFP","TOT","AGRWTH","A","1992",1.329853,
"DEU","MFP","TOT","AGRWTH","A","1993",0.359946,
"DEU","MFP","TOT","AGRWTH","A","1994",1.952474,
"DEU","MFP","TOT","AGRWTH","A","1995",1.209497,
"DEU","MFP","TOT","AGRWTH","A","1996",0.979009,
"DEU","MFP","TOT","AGRWTH","A","1997",1.74533,
"DEU","MFP","TOT","AGRWTH","A","1998",0.636107,
"DEU","MFP","TOT","AGRWTH","A","1999",0.664559,
"DEU","MFP","TOT","AGRWTH","A","2000",1.642049,
"DEU","MFP","TOT","AGRWTH","A","2001",1.558648,
"DEU","MFP","TOT","AGRWTH","A","2002",0.299162,
"DEU","MFP","TOT","AGRWTH","A","2003",-0.042363,
"DEU","MFP","TOT","AGRWTH","A","2004",0.678224,
"DEU","MFP","TOT","AGRWTH","A","2005",0.876299,
"DEU","MFP","TOT","AGRWTH","A","2006",1.828611,
"DEU","MFP","TOT","AGRWTH","A","2007",1.362101,
"DEU","MFP","TOT","AGRWTH","A","2008",-0.150497,
"DEU","MFP","TOT","AGRWTH","A","2009",-3.649258,
"DEU","MFP","TOT","AGRWTH","A","2010",2.579765,
"DEU","MFP","TOT","AGRWTH","A","2011",2.079664,
"DEU","MFP","TOT","AGRWTH","A","2012",0.328212,
"DEU","MFP","TOT","AGRWTH","A","2013",0.512345,
"DEU","MFP","TOT","AGRWTH","A","2014",0.470449,
"DEU","MFP","TOT","AGRWTH","A","2015",0.75654,
"IRL","MFP","TOT","AGRWTH","A","1985",2.369715,
"IRL","MFP","TOT","AGRWTH","A","1986",-1.794004,
"IRL","MFP","TOT","AGRWTH","A","1987",4.375711,
"IRL","MFP","TOT","AGRWTH","A","1988",4.167753,
"IRL","MFP","TOT","AGRWTH","A","1989",4.773782,
"IRL","MFP","TOT","AGRWTH","A","1990",4.37664,
"IRL","MFP","TOT","AGRWTH","A","1991",2.986134,
"IRL","MFP","TOT","AGRWTH","A","1992",4.06205,
"IRL","MFP","TOT","AGRWTH","A","1993",2.06863,
"IRL","MFP","TOT","AGRWTH","A","1994",2.492531,
"IRL","MFP","TOT","AGRWTH","A","1995",4.790344,
"IRL","MFP","TOT","AGRWTH","A","1996",4.468373,
"IRL","MFP","TOT","AGRWTH","A","1997",6.75254,
"IRL","MFP","TOT","AGRWTH","A","1998",3.328934,
"IRL","MFP","TOT","AGRWTH","A","1999",3.853026,
"IRL","MFP","TOT","AGRWTH","A","2000",4.620672,
"IRL","MFP","TOT","AGRWTH","A","2001",2.014648,
"IRL","MFP","TOT","AGRWTH","A","2002",3.232583,
"IRL","MFP","TOT","AGRWTH","A","2003",1.1599,
"IRL","MFP","TOT","AGRWTH","A","2004",2.631745,
"IRL","MFP","TOT","AGRWTH","A","2005",-0.446789,
"IRL","MFP","TOT","AGRWTH","A","2006",0.304237,
"IRL","MFP","TOT","AGRWTH","A","2007",-1.008449,
"IRL","MFP","TOT","AGRWTH","A","2008",-4.861152,
"IRL","MFP","TOT","AGRWTH","A","2009",0.746397,
"IRL","MFP","TOT","AGRWTH","A","2010",4.005045,
"IRL","MFP","TOT","AGRWTH","A","2011",2.905886,
"IRL","MFP","TOT","AGRWTH","A","2012",-2.546964,
"IRL","MFP","TOT","AGRWTH","A","2013",-2.323661,
"IRL","MFP","TOT","AGRWTH","A","2014",4.974526,
"ITA","MFP","TOT","AGRWTH","A","1985",1.196792,
"ITA","MFP","TOT","AGRWTH","A","1986",0.877737,
"ITA","MFP","TOT","AGRWTH","A","1987",1.048527,
"ITA","MFP","TOT","AGRWTH","A","1988",1.902985,
"ITA","MFP","TOT","AGRWTH","A","1989",2.237855,
"ITA","MFP","TOT","AGRWTH","A","1990",0.118673,
"ITA","MFP","TOT","AGRWTH","A","1991",-0.547944,
"ITA","MFP","TOT","AGRWTH","A","1992",0.402256,
"ITA","MFP","TOT","AGRWTH","A","1993",0.659429,
"ITA","MFP","TOT","AGRWTH","A","1994",3.032285,
"ITA","MFP","TOT","AGRWTH","A","1995",2.184517,
"ITA","MFP","TOT","AGRWTH","A","1996",-0.340834,
"ITA","MFP","TOT","AGRWTH","A","1997",1.016394,
"ITA","MFP","TOT","AGRWTH","A","1998",-0.535526,
"ITA","MFP","TOT","AGRWTH","A","1999",-0.043483,
"ITA","MFP","TOT","AGRWTH","A","2000",1.964534,
"ITA","MFP","TOT","AGRWTH","A","2001",-0.155918,
"ITA","MFP","TOT","AGRWTH","A","2002",-1.516538,
"ITA","MFP","TOT","AGRWTH","A","2003",-1.273196,
"ITA","MFP","TOT","AGRWTH","A","2004",0.437609,
"ITA","MFP","TOT","AGRWTH","A","2005",-0.006045,
"ITA","MFP","TOT","AGRWTH","A","2006",-0.156897,
"ITA","MFP","TOT","AGRWTH","A","2007",-0.385761,
"ITA","MFP","TOT","AGRWTH","A","2008",-1.348834,
"ITA","MFP","TOT","AGRWTH","A","2009",-3.461555,
"ITA","MFP","TOT","AGRWTH","A","2010",1.764845,
"ITA","MFP","TOT","AGRWTH","A","2011",0.275312,
"ITA","MFP","TOT","AGRWTH","A","2012",-1.142538,
"ITA","MFP","TOT","AGRWTH","A","2013",0.172342,
"ITA","MFP","TOT","AGRWTH","A","2014",0.278396,
"ITA","MFP","TOT","AGRWTH","A","2015",0.225327,
"JPN","MFP","TOT","AGRWTH","A","1985",4.558507,
"JPN","MFP","TOT","AGRWTH","A","1986",0.59555,
"JPN","MFP","TOT","AGRWTH","A","1987",2.121702,
"JPN","MFP","TOT","AGRWTH","A","1988",4.365879,
"JPN","MFP","TOT","AGRWTH","A","1989",3.038904,
"JPN","MFP","TOT","AGRWTH","A","1990",3.69454,
"JPN","MFP","TOT","AGRWTH","A","1991",1.094171,
"JPN","MFP","TOT","AGRWTH","A","1992",-0.424542,
"JPN","MFP","TOT","AGRWTH","A","1993",0.765001,
"JPN","MFP","TOT","AGRWTH","A","1994",-0.102517,
"JPN","MFP","TOT","AGRWTH","A","1995",1.764546,
"JPN","MFP","TOT","AGRWTH","A","1996",1.304291,
"JPN","MFP","TOT","AGRWTH","A","1997",0.212147,
"JPN","MFP","TOT","AGRWTH","A","1998",-0.668668,
"JPN","MFP","TOT","AGRWTH","A","1999",0.763941,
"JPN","MFP","TOT","AGRWTH","A","2000",1.744239,
"JPN","MFP","TOT","AGRWTH","A","2001",0.150401,
"JPN","MFP","TOT","AGRWTH","A","2002",0.630714,
"JPN","MFP","TOT","AGRWTH","A","2003",0.828017,
"JPN","MFP","TOT","AGRWTH","A","2004",1.697731,
"JPN","MFP","TOT","AGRWTH","A","2005",0.98321,
"JPN","MFP","TOT","AGRWTH","A","2006",0.032657,
"JPN","MFP","TOT","AGRWTH","A","2007",0.52285,
"JPN","MFP","TOT","AGRWTH","A","2008",-0.84037,
"JPN","MFP","TOT","AGRWTH","A","2009",-2.563728,
"JPN","MFP","TOT","AGRWTH","A","2010",3.487902,
"JPN","MFP","TOT","AGRWTH","A","2011",0.138116,
"JPN","MFP","TOT","AGRWTH","A","2012",1.058809,
"JPN","MFP","TOT","AGRWTH","A","2013",1.920741,
"JPN","MFP","TOT","AGRWTH","A","2014",-0.012536,
"JPN","MFP","TOT","AGRWTH","A","2015",1.222713,
"KOR","MFP","TOT","AGRWTH","A","1985",2.994763,
"KOR","MFP","TOT","AGRWTH","A","1986",4.604791,
"KOR","MFP","TOT","AGRWTH","A","1987",5.629002,
"KOR","MFP","TOT","AGRWTH","A","1988",7.357826,
"KOR","MFP","TOT","AGRWTH","A","1989",3.717041,
"KOR","MFP","TOT","AGRWTH","A","1990",5.634992,
"KOR","MFP","TOT","AGRWTH","A","1991",5.061798,
"KOR","MFP","TOT","AGRWTH","A","1992",2.439939,
"KOR","MFP","TOT","AGRWTH","A","1993",2.663169,
"KOR","MFP","TOT","AGRWTH","A","1994",3.920408,
"KOR","MFP","TOT","AGRWTH","A","1995",3.735537,
"KOR","MFP","TOT","AGRWTH","A","1996",3.189886,
"KOR","MFP","TOT","AGRWTH","A","1997",3.644381,
"KOR","MFP","TOT","AGRWTH","A","1998",0.432145,
"KOR","MFP","TOT","AGRWTH","A","1999",7.221757,
"KOR","MFP","TOT","AGRWTH","A","2000",2.610238,
"KOR","MFP","TOT","AGRWTH","A","2001",1.401135,
"KOR","MFP","TOT","AGRWTH","A","2002",4.407705,
"KOR","MFP","TOT","AGRWTH","A","2003",2.678654,
"KOR","MFP","TOT","AGRWTH","A","2004",2.893523,
"KOR","MFP","TOT","AGRWTH","A","2005",2.754545,
"KOR","MFP","TOT","AGRWTH","A","2006",2.9562,
"KOR","MFP","TOT","AGRWTH","A","2007",4.328373,
"KOR","MFP","TOT","AGRWTH","A","2008",3.109568,
"KOR","MFP","TOT","AGRWTH","A","2009",0.325602,
"KOR","MFP","TOT","AGRWTH","A","2010",5.505028,
"KOR","MFP","TOT","AGRWTH","A","2011",4.171925,
"KOR","MFP","TOT","AGRWTH","A","2012",-2.63021,
"KOR","MFP","TOT","AGRWTH","A","2013",3.110919,
"KOR","MFP","TOT","AGRWTH","A","2014",-0.824815,
"KOR","MFP","TOT","AGRWTH","A","2015",0.746619,
"NLD","MFP","TOT","AGRWTH","A","1985",0.755926,
"NLD","MFP","TOT","AGRWTH","A","1986",0.461798,
"NLD","MFP","TOT","AGRWTH","A","1987",0.25615,
"NLD","MFP","TOT","AGRWTH","A","1988",1.083555,
"NLD","MFP","TOT","AGRWTH","A","1989",1.330804,
"NLD","MFP","TOT","AGRWTH","A","1990",0.778517,
"NLD","MFP","TOT","AGRWTH","A","1991",0.137872,
"NLD","MFP","TOT","AGRWTH","A","1992",-0.878215,
"NLD","MFP","TOT","AGRWTH","A","1993",0.326388,
"NLD","MFP","TOT","AGRWTH","A","1994",1.04816,
"NLD","MFP","TOT","AGRWTH","A","1995",-1.289754,
"NLD","MFP","TOT","AGRWTH","A","1996",0.091806,
"NLD","MFP","TOT","AGRWTH","A","1997",1.439041,
"NLD","MFP","TOT","AGRWTH","A","1998",1.394901,
"NLD","MFP","TOT","AGRWTH","A","1999",1.238646,
"NLD","MFP","TOT","AGRWTH","A","2000",2.076811,
"NLD","MFP","TOT","AGRWTH","A","2001",-0.004949,
"NLD","MFP","TOT","AGRWTH","A","2002",-0.325152,
"NLD","MFP","TOT","AGRWTH","A","2003",0.416129,
"NLD","MFP","TOT","AGRWTH","A","2004",1.09809,
"NLD","MFP","TOT","AGRWTH","A","2005",1.600523,
"NLD","MFP","TOT","AGRWTH","A","2006",1.101125,
"NLD","MFP","TOT","AGRWTH","A","2007",0.492868,
"NLD","MFP","TOT","AGRWTH","A","2008",-0.46807,
"NLD","MFP","TOT","AGRWTH","A","2009",-3.302987,
"NLD","MFP","TOT","AGRWTH","A","2010",1.449534,
"NLD","MFP","TOT","AGRWTH","A","2011",0.385572,
"NLD","MFP","TOT","AGRWTH","A","2012",-0.890068,
"NLD","MFP","TOT","AGRWTH","A","2013",0.069622,
"NLD","MFP","TOT","AGRWTH","A","2014",0.620274,
"NLD","MFP","TOT","AGRWTH","A","2015",1.063893,
"NZL","MFP","TOT","AGRWTH","A","1987",-6.347078,
"NZL","MFP","TOT","AGRWTH","A","1988",2.988928,
"NZL","MFP","TOT","AGRWTH","A","1989",1.619379,
"NZL","MFP","TOT","AGRWTH","A","1990",1.350213,
"NZL","MFP","TOT","AGRWTH","A","1991",-2.168046,
"NZL","MFP","TOT","AGRWTH","A","1992",2.476908,
"NZL","MFP","TOT","AGRWTH","A","1993",2.938995,
"NZL","MFP","TOT","AGRWTH","A","1994",0.744548,
"NZL","MFP","TOT","AGRWTH","A","1995",0.873296,
"NZL","MFP","TOT","AGRWTH","A","1996",0.069018,
"NZL","MFP","TOT","AGRWTH","A","1997",1.985932,
"NZL","MFP","TOT","AGRWTH","A","1998",-1.980424,
"NZL","MFP","TOT","AGRWTH","A","1999",0.904234,
"NZL","MFP","TOT","AGRWTH","A","2000",1.504679,
"NZL","MFP","TOT","AGRWTH","A","2001",1.029956,
"NZL","MFP","TOT","AGRWTH","A","2002",1.568174,
"NZL","MFP","TOT","AGRWTH","A","2003",1.028657,
"NZL","MFP","TOT","AGRWTH","A","2004",-1.028121,
"NZL","MFP","TOT","AGRWTH","A","2005",-0.887039,
"NZL","MFP","TOT","AGRWTH","A","2006",0.356593,
"NZL","MFP","TOT","AGRWTH","A","2007",2.389582,
"NZL","MFP","TOT","AGRWTH","A","2008",-3.919747,
"NZL","MFP","TOT","AGRWTH","A","2009",3.536986,
"NZL","MFP","TOT","AGRWTH","A","2010",-1.398189,
"NZL","MFP","TOT","AGRWTH","A","2011",1.161538,
"NZL","MFP","TOT","AGRWTH","A","2012",2.461731,
"NZL","MFP","TOT","AGRWTH","A","2013",-1.927025,
"NZL","MFP","TOT","AGRWTH","A","2014",-0.696731,
"NZL","MFP","TOT","AGRWTH","A","2015",1.1926,
"PRT","MFP","TOT","AGRWTH","A","1985",3.256879,
"PRT","MFP","TOT","AGRWTH","A","1986",3.98173,
"PRT","MFP","TOT","AGRWTH","A","1987",3.139896,
"PRT","MFP","TOT","AGRWTH","A","1988",4.670279,
"PRT","MFP","TOT","AGRWTH","A","1989",3.117807,
"PRT","MFP","TOT","AGRWTH","A","1990",1.614248,
"PRT","MFP","TOT","AGRWTH","A","1991",3.486807,
"PRT","MFP","TOT","AGRWTH","A","1992",1.503982,
"PRT","MFP","TOT","AGRWTH","A","1993",-1.630545,
"PRT","MFP","TOT","AGRWTH","A","1994",-0.351788,
"PRT","MFP","TOT","AGRWTH","A","1995",1.214081,
"PRT","MFP","TOT","AGRWTH","A","1996",1.001511,
"PRT","MFP","TOT","AGRWTH","A","1997",1.162339,
"PRT","MFP","TOT","AGRWTH","A","1998",0.187149,
"PRT","MFP","TOT","AGRWTH","A","1999",0.776689,
"PRT","MFP","TOT","AGRWTH","A","2000",-0.155151,
"PRT","MFP","TOT","AGRWTH","A","2001",-0.414413,
"PRT","MFP","TOT","AGRWTH","A","2002",-0.688287,
"PRT","MFP","TOT","AGRWTH","A","2003",-1.149265,
"PRT","MFP","TOT","AGRWTH","A","2004",0.919803,
"PRT","MFP","TOT","AGRWTH","A","2005",-0.069412,
"PRT","MFP","TOT","AGRWTH","A","2006",0.640144,
"PRT","MFP","TOT","AGRWTH","A","2007",0.605695,
"PRT","MFP","TOT","AGRWTH","A","2008",-0.820203,
"PRT","MFP","TOT","AGRWTH","A","2009",-2.024843,
"PRT","MFP","TOT","AGRWTH","A","2010",1.838415,
"PRT","MFP","TOT","AGRWTH","A","2011",-0.210198,
"PRT","MFP","TOT","AGRWTH","A","2012",-0.81307,
"PRT","MFP","TOT","AGRWTH","A","2013",0.328929,
"PRT","MFP","TOT","AGRWTH","A","2014",-0.525958,
"ESP","MFP","TOT","AGRWTH","A","1985",2.823896,
"ESP","MFP","TOT","AGRWTH","A","1986",1.011526,
"ESP","MFP","TOT","AGRWTH","A","1987",1.17457,
"ESP","MFP","TOT","AGRWTH","A","1988",1.281965,
"ESP","MFP","TOT","AGRWTH","A","1989",1.046852,
"ESP","MFP","TOT","AGRWTH","A","1990",-0.638423,
"ESP","MFP","TOT","AGRWTH","A","1991",-0.122362,
"ESP","MFP","TOT","AGRWTH","A","1992",1.23698,
"ESP","MFP","TOT","AGRWTH","A","1993",0.804504,
"ESP","MFP","TOT","AGRWTH","A","1994",1.997088,
"ESP","MFP","TOT","AGRWTH","A","1995",0.358873,
"ESP","MFP","TOT","AGRWTH","A","1996",0.536396,
"ESP","MFP","TOT","AGRWTH","A","1997",-0.330001,
"ESP","MFP","TOT","AGRWTH","A","1998",-0.667372,
"ESP","MFP","TOT","AGRWTH","A","1999",-0.611116,
"ESP","MFP","TOT","AGRWTH","A","2000",0.247411,
"ESP","MFP","TOT","AGRWTH","A","2001",-0.304601,
"ESP","MFP","TOT","AGRWTH","A","2002",-0.41998,
"ESP","MFP","TOT","AGRWTH","A","2003",-0.270168,
"ESP","MFP","TOT","AGRWTH","A","2004",-0.356458,
"ESP","MFP","TOT","AGRWTH","A","2005",-0.173937,
"ESP","MFP","TOT","AGRWTH","A","2006",-0.002807,
"ESP","MFP","TOT","AGRWTH","A","2007",0.278115,
"ESP","MFP","TOT","AGRWTH","A","2008",-0.855889,
"ESP","MFP","TOT","AGRWTH","A","2009",-0.191165,
"ESP","MFP","TOT","AGRWTH","A","2010",0.693912,
"ESP","MFP","TOT","AGRWTH","A","2011",-0.134837,
"ESP","MFP","TOT","AGRWTH","A","2012",-0.233491,
"ESP","MFP","TOT","AGRWTH","A","2013",-0.174237,
"ESP","MFP","TOT","AGRWTH","A","2014",0.069647,
"SWE","MFP","TOT","AGRWTH","A","1985",-0.245999,
"SWE","MFP","TOT","AGRWTH","A","1986",0.918911,
"SWE","MFP","TOT","AGRWTH","A","1987",0.798524,
"SWE","MFP","TOT","AGRWTH","A","1988",-0.834675,
"SWE","MFP","TOT","AGRWTH","A","1989",-0.1417,
"SWE","MFP","TOT","AGRWTH","A","1990",-1.269531,
"SWE","MFP","TOT","AGRWTH","A","1991",-0.716402,
"SWE","MFP","TOT","AGRWTH","A","1992",0.300489,
"SWE","MFP","TOT","AGRWTH","A","1993",0.047932,
"SWE","MFP","TOT","AGRWTH","A","1994",2.192173,
"SWE","MFP","TOT","AGRWTH","A","1995",1.524515,
"SWE","MFP","TOT","AGRWTH","A","1996",0.390245,
"SWE","MFP","TOT","AGRWTH","A","1997",2.429424,
"SWE","MFP","TOT","AGRWTH","A","1998",1.632561,
"SWE","MFP","TOT","AGRWTH","A","1999",0.981734,
"SWE","MFP","TOT","AGRWTH","A","2000",2.122168,
"SWE","MFP","TOT","AGRWTH","A","2001",-0.290888,
"SWE","MFP","TOT","AGRWTH","A","2002",2.101818,
"SWE","MFP","TOT","AGRWTH","A","2003",2.597498,
"SWE","MFP","TOT","AGRWTH","A","2004",2.86386,
"SWE","MFP","TOT","AGRWTH","A","2005",1.611336,
"SWE","MFP","TOT","AGRWTH","A","2006",2.528053,
"SWE","MFP","TOT","AGRWTH","A","2007",0.005506,
"SWE","MFP","TOT","AGRWTH","A","2008",-2.507899,
"SWE","MFP","TOT","AGRWTH","A","2009",-3.814799,
"SWE","MFP","TOT","AGRWTH","A","2010",3.433041,
"SWE","MFP","TOT","AGRWTH","A","2011",0.503948,
"SWE","MFP","TOT","AGRWTH","A","2012",-0.841283,
"SWE","MFP","TOT","AGRWTH","A","2013",0.383778,
"SWE","MFP","TOT","AGRWTH","A","2014",0.983852,
"SWE","MFP","TOT","AGRWTH","A","2015",2.146489,
"CHE","MFP","TOT","AGRWTH","A","1992",-0.608765,
"CHE","MFP","TOT","AGRWTH","A","1993",-0.411714,
"CHE","MFP","TOT","AGRWTH","A","1994",-0.087068,
"CHE","MFP","TOT","AGRWTH","A","1995",0.298539,
"CHE","MFP","TOT","AGRWTH","A","1996",0.77109,
"CHE","MFP","TOT","AGRWTH","A","1997",1.729598,
"CHE","MFP","TOT","AGRWTH","A","1998",0.389042,
"CHE","MFP","TOT","AGRWTH","A","1999",-1.16722,
"CHE","MFP","TOT","AGRWTH","A","2000",2.114533,
"CHE","MFP","TOT","AGRWTH","A","2001",0.866623,
"CHE","MFP","TOT","AGRWTH","A","2002",-0.394856,
"CHE","MFP","TOT","AGRWTH","A","2003",-0.973654,
"CHE","MFP","TOT","AGRWTH","A","2004",0.55822,
"CHE","MFP","TOT","AGRWTH","A","2005",1.978025,
"CHE","MFP","TOT","AGRWTH","A","2006",2.020564,
"CHE","MFP","TOT","AGRWTH","A","2007",1.686247,
"CHE","MFP","TOT","AGRWTH","A","2008",0.041685,
"CHE","MFP","TOT","AGRWTH","A","2009",-2.643388,
"CHE","MFP","TOT","AGRWTH","A","2010",2.06817,
"CHE","MFP","TOT","AGRWTH","A","2011",-0.145219,
"CHE","MFP","TOT","AGRWTH","A","2012",0.019554,
"CHE","MFP","TOT","AGRWTH","A","2013",1.186373,
"CHE","MFP","TOT","AGRWTH","A","2014",0.505689,
"CHE","MFP","TOT","AGRWTH","A","2015",-1.238734,
"GBR","MFP","TOT","AGRWTH","A","1985",1.086159,
"GBR","MFP","TOT","AGRWTH","A","1986",1.961023,
"GBR","MFP","TOT","AGRWTH","A","1987",3.055209,
"GBR","MFP","TOT","AGRWTH","A","1988",0.015075,
"GBR","MFP","TOT","AGRWTH","A","1989",-0.426567,
"GBR","MFP","TOT","AGRWTH","A","1990",-0.489448,
"GBR","MFP","TOT","AGRWTH","A","1991",-0.254771,
"GBR","MFP","TOT","AGRWTH","A","1992",1.986426,
"GBR","MFP","TOT","AGRWTH","A","1993",2.080704,
"GBR","MFP","TOT","AGRWTH","A","1994",1.504686,
"GBR","MFP","TOT","AGRWTH","A","1995",0.302896,
"GBR","MFP","TOT","AGRWTH","A","1996",0.770579,
"GBR","MFP","TOT","AGRWTH","A","1997",1.872247,
"GBR","MFP","TOT","AGRWTH","A","1998",0.763727,
"GBR","MFP","TOT","AGRWTH","A","1999",1.684813,
"GBR","MFP","TOT","AGRWTH","A","2000",2.487334,
"GBR","MFP","TOT","AGRWTH","A","2001",1.253294,
"GBR","MFP","TOT","AGRWTH","A","2002",1.855618,
"GBR","MFP","TOT","AGRWTH","A","2003",2.561088,
"GBR","MFP","TOT","AGRWTH","A","2004",1.779662,
"GBR","MFP","TOT","AGRWTH","A","2005",0.65947,
"GBR","MFP","TOT","AGRWTH","A","2006",1.378282,
"GBR","MFP","TOT","AGRWTH","A","2007",1.096626,
"GBR","MFP","TOT","AGRWTH","A","2008",-0.870814,
"GBR","MFP","TOT","AGRWTH","A","2009",-3.232357,
"GBR","MFP","TOT","AGRWTH","A","2010",1.792427,
"GBR","MFP","TOT","AGRWTH","A","2011",0.05052,
"GBR","MFP","TOT","AGRWTH","A","2012",-0.694965,
"GBR","MFP","TOT","AGRWTH","A","2013",0.056526,
"GBR","MFP","TOT","AGRWTH","A","2014",0.391114,
"GBR","MFP","TOT","AGRWTH","A","2015",1.162246,
"USA","MFP","TOT","AGRWTH","A","1985",1.030814,
"USA","MFP","TOT","AGRWTH","A","1986",1.273515,
"USA","MFP","TOT","AGRWTH","A","1987",0.219374,
"USA","MFP","TOT","AGRWTH","A","1988",0.795614,
"USA","MFP","TOT","AGRWTH","A","1989",0.424335,
"USA","MFP","TOT","AGRWTH","A","1990",0.680337,
"USA","MFP","TOT","AGRWTH","A","1991",0.03792,
"USA","MFP","TOT","AGRWTH","A","1992",2.565089,
"USA","MFP","TOT","AGRWTH","A","1993",0.13926,
"USA","MFP","TOT","AGRWTH","A","1994",0.790053,
"USA","MFP","TOT","AGRWTH","A","1995",-0.098299,
"USA","MFP","TOT","AGRWTH","A","1996",1.682373,
"USA","MFP","TOT","AGRWTH","A","1997",0.899823,
"USA","MFP","TOT","AGRWTH","A","1998",1.286648,
"USA","MFP","TOT","AGRWTH","A","1999",1.689432,
"USA","MFP","TOT","AGRWTH","A","2000",1.524177,
"USA","MFP","TOT","AGRWTH","A","2001",0.749493,
"USA","MFP","TOT","AGRWTH","A","2002",1.740368,
"USA","MFP","TOT","AGRWTH","A","2003",2.172836,
"USA","MFP","TOT","AGRWTH","A","2004",2.008226,
"USA","MFP","TOT","AGRWTH","A","2005",1.37125,
"USA","MFP","TOT","AGRWTH","A","2006",0.28665,
"USA","MFP","TOT","AGRWTH","A","2007",0.262429,
"USA","MFP","TOT","AGRWTH","A","2008",-0.252031,
"USA","MFP","TOT","AGRWTH","A","2009",0.965445,
"USA","MFP","TOT","AGRWTH","A","2010",2.257868,
"USA","MFP","TOT","AGRWTH","A","2011",0.113718,
"USA","MFP","TOT","AGRWTH","A","2012",0.239575,
"USA","MFP","TOT","AGRWTH","A","2013",0.101447,
"USA","MFP","TOT","AGRWTH","A","2014",0.267823,
"USA","MFP","TOT","AGRWTH","A","2015",0.608571,
"AUS","MFP","TOT","IDX2010","A","1985",85.62658,
"AUS","MFP","TOT","IDX2010","A","1986",85.053692,
"AUS","MFP","TOT","IDX2010","A","1987",86.491856,
"AUS","MFP","TOT","IDX2010","A","1988",85.978584,
"AUS","MFP","TOT","IDX2010","A","1989",85.758032,
"AUS","MFP","TOT","IDX2010","A","1990",85.566925,
"AUS","MFP","TOT","IDX2010","A","1991",85.873158,
"AUS","MFP","TOT","IDX2010","A","1992",88.398887,
"AUS","MFP","TOT","IDX2010","A","1993",89.585087,
"AUS","MFP","TOT","IDX2010","A","1994",89.339238,
"AUS","MFP","TOT","IDX2010","A","1995",90.346779,
"AUS","MFP","TOT","IDX2010","A","1996",92.454114,
"AUS","MFP","TOT","IDX2010","A","1997",94.352016,
"AUS","MFP","TOT","IDX2010","A","1998",96.84648,
"AUS","MFP","TOT","IDX2010","A","1999",97.159435,
"AUS","MFP","TOT","IDX2010","A","2000",97.678286,
"AUS","MFP","TOT","IDX2010","A","2001",100.424162,
"AUS","MFP","TOT","IDX2010","A","2002",100.216229,
"AUS","MFP","TOT","IDX2010","A","2003",101.505804,
"AUS","MFP","TOT","IDX2010","A","2004",101.614542,
"AUS","MFP","TOT","IDX2010","A","2005",101.326096,
"AUS","MFP","TOT","IDX2010","A","2006",101.424689,
"AUS","MFP","TOT","IDX2010","A","2007",101.166061,
"AUS","MFP","TOT","IDX2010","A","2008",100.549913,
"AUS","MFP","TOT","IDX2010","A","2009",100.949975,
"AUS","MFP","TOT","IDX2010","A","2010",100,
"AUS","MFP","TOT","IDX2010","A","2011",100.720059,
"AUS","MFP","TOT","IDX2010","A","2012",101.399288,
"AUS","MFP","TOT","IDX2010","A","2013",102.205613,
"AUS","MFP","TOT","IDX2010","A","2014",102.940841,
"AUS","MFP","TOT","IDX2010","A","2015",103.739688,
"AUT","MFP","TOT","IDX2010","A","1996",89.040485,
"AUT","MFP","TOT","IDX2010","A","1997",89.408803,
"AUT","MFP","TOT","IDX2010","A","1998",91.729981,
"AUT","MFP","TOT","IDX2010","A","1999",92.772165,
"AUT","MFP","TOT","IDX2010","A","2000",94.030521,
"AUT","MFP","TOT","IDX2010","A","2001",94.111882,
"AUT","MFP","TOT","IDX2010","A","2002",94.794328,
"AUT","MFP","TOT","IDX2010","A","2003",94.437933,
"AUT","MFP","TOT","IDX2010","A","2004",95.62854,
"AUT","MFP","TOT","IDX2010","A","2005",97.066058,
"AUT","MFP","TOT","IDX2010","A","2006",99.096661,
"AUT","MFP","TOT","IDX2010","A","2007",100.981561,
"AUT","MFP","TOT","IDX2010","A","2008",100.682007,
"AUT","MFP","TOT","IDX2010","A","2009",98.965589,
"AUT","MFP","TOT","IDX2010","A","2010",100,
"AUT","MFP","TOT","IDX2010","A","2011",100.596153,
"AUT","MFP","TOT","IDX2010","A","2012",100.924047,
"AUT","MFP","TOT","IDX2010","A","2013",100.769138,
"AUT","MFP","TOT","IDX2010","A","2014",100.657262,
"AUT","MFP","TOT","IDX2010","A","2015",101.595677,
"BEL","MFP","TOT","IDX2010","A","1985",86.526716,
"BEL","MFP","TOT","IDX2010","A","1986",87.37276,
"BEL","MFP","TOT","IDX2010","A","1987",88.437989,
"BEL","MFP","TOT","IDX2010","A","1988",90.65686,
"BEL","MFP","TOT","IDX2010","A","1989",91.820479,
"BEL","MFP","TOT","IDX2010","A","1990",92.035417,
"BEL","MFP","TOT","IDX2010","A","1991",93.82987,
"BEL","MFP","TOT","IDX2010","A","1992",95.212785,
"BEL","MFP","TOT","IDX2010","A","1993",95.609497,
"BEL","MFP","TOT","IDX2010","A","1994",97.847215,
"BEL","MFP","TOT","IDX2010","A","1995",96.36346,
"BEL","MFP","TOT","IDX2010","A","1996",97.584604,
"BEL","MFP","TOT","IDX2010","A","1997",98.743699,
"BEL","MFP","TOT","IDX2010","A","1998",97.539669,
"BEL","MFP","TOT","IDX2010","A","1999",98.682789,
"BEL","MFP","TOT","IDX2010","A","2000",98.750517,
"BEL","MFP","TOT","IDX2010","A","2001",97.426895,
"BEL","MFP","TOT","IDX2010","A","2002",98.424504,
"BEL","MFP","TOT","IDX2010","A","2003",98.482411,
"BEL","MFP","TOT","IDX2010","A","2004",100.459632,
"BEL","MFP","TOT","IDX2010","A","2005",100.690804,
"BEL","MFP","TOT","IDX2010","A","2006",100.971843,
"BEL","MFP","TOT","IDX2010","A","2007",101.777391,
"BEL","MFP","TOT","IDX2010","A","2008",100.421418,
"BEL","MFP","TOT","IDX2010","A","2009",98.460941,
"BEL","MFP","TOT","IDX2010","A","2010",100,
"BEL","MFP","TOT","IDX2010","A","2011",99.366696,
"BEL","MFP","TOT","IDX2010","A","2012",98.553758,
"BEL","MFP","TOT","IDX2010","A","2013",98.335332,
"BEL","MFP","TOT","IDX2010","A","2014",99.204631,
"BEL","MFP","TOT","IDX2010","A","2015",99.670813,
"CAN","MFP","TOT","IDX2010","A","1985",89.307748,
"CAN","MFP","TOT","IDX2010","A","1986",88.453218,
"CAN","MFP","TOT","IDX2010","A","1987",88.88451,
"CAN","MFP","TOT","IDX2010","A","1988",89.531256,
"CAN","MFP","TOT","IDX2010","A","1989",89.231227,
"CAN","MFP","TOT","IDX2010","A","1990",88.275243,
"CAN","MFP","TOT","IDX2010","A","1991",87.446886,
"CAN","MFP","TOT","IDX2010","A","1992",88.328998,
"CAN","MFP","TOT","IDX2010","A","1993",89.674332,
"CAN","MFP","TOT","IDX2010","A","1994",91.338908,
"CAN","MFP","TOT","IDX2010","A","1995",92.078934,
"CAN","MFP","TOT","IDX2010","A","1996",91.541869,
"CAN","MFP","TOT","IDX2010","A","1997",93.295253,
"CAN","MFP","TOT","IDX2010","A","1998",94.361553,
"CAN","MFP","TOT","IDX2010","A","1999",96.198047,
"CAN","MFP","TOT","IDX2010","A","2000",98.438752,
"CAN","MFP","TOT","IDX2010","A","2001",98.700262,
"CAN","MFP","TOT","IDX2010","A","2002",99.728259,
"CAN","MFP","TOT","IDX2010","A","2003",99.328112,
"CAN","MFP","TOT","IDX2010","A","2004",99.56787,
"CAN","MFP","TOT","IDX2010","A","2005",100.910768,
"CAN","MFP","TOT","IDX2010","A","2006",101.20073,
"CAN","MFP","TOT","IDX2010","A","2007",100.692447,
"CAN","MFP","TOT","IDX2010","A","2008",99.870851,
"CAN","MFP","TOT","IDX2010","A","2009",99.097239,
"CAN","MFP","TOT","IDX2010","A","2010",100,
"CAN","MFP","TOT","IDX2010","A","2011",101.362968,
"CAN","MFP","TOT","IDX2010","A","2012",100.975436,
"CAN","MFP","TOT","IDX2010","A","2013",101.991302,
"CAN","MFP","TOT","IDX2010","A","2014",103.744835,
"CAN","MFP","TOT","IDX2010","A","2015",103.393505,
"DNK","MFP","TOT","IDX2010","A","1985",88.412928,
"DNK","MFP","TOT","IDX2010","A","1986",89.552128,
"DNK","MFP","TOT","IDX2010","A","1987",89.545497,
"DNK","MFP","TOT","IDX2010","A","1988",89.694654,
"DNK","MFP","TOT","IDX2010","A","1989",90.002791,
"DNK","MFP","TOT","IDX2010","A","1990",91.127526,
"DNK","MFP","TOT","IDX2010","A","1991",92.096028,
"DNK","MFP","TOT","IDX2010","A","1992",92.809697,
"DNK","MFP","TOT","IDX2010","A","1993",93.224322,
"DNK","MFP","TOT","IDX2010","A","1994",97.740112,
"DNK","MFP","TOT","IDX2010","A","1995",98.458467,
"DNK","MFP","TOT","IDX2010","A","1996",99.745488,
"DNK","MFP","TOT","IDX2010","A","1997",99.767548,
"DNK","MFP","TOT","IDX2010","A","1998",98.850562,
"DNK","MFP","TOT","IDX2010","A","1999",99.057778,
"DNK","MFP","TOT","IDX2010","A","2000",100.454989,
"DNK","MFP","TOT","IDX2010","A","2001",99.290977,
"DNK","MFP","TOT","IDX2010","A","2002",98.96802,
"DNK","MFP","TOT","IDX2010","A","2003",99.345744,
"DNK","MFP","TOT","IDX2010","A","2004",101.419534,
"DNK","MFP","TOT","IDX2010","A","2005",102.201222,
"DNK","MFP","TOT","IDX2010","A","2006",103.117222,
"DNK","MFP","TOT","IDX2010","A","2007",102.466153,
"DNK","MFP","TOT","IDX2010","A","2008",100.202345,
"DNK","MFP","TOT","IDX2010","A","2009",97.381585,
"DNK","MFP","TOT","IDX2010","A","2010",100,
"DNK","MFP","TOT","IDX2010","A","2011",100.311355,
"DNK","MFP","TOT","IDX2010","A","2012",101.331126,
"DNK","MFP","TOT","IDX2010","A","2013",101.778284,
"DNK","MFP","TOT","IDX2010","A","2014",102.962904,
"DNK","MFP","TOT","IDX2010","A","2015",103.406647,
"FIN","MFP","TOT","IDX2010","A","1985",66.745871,
"FIN","MFP","TOT","IDX2010","A","1986",68.544929,
"FIN","MFP","TOT","IDX2010","A","1987",69.684926,
"FIN","MFP","TOT","IDX2010","A","1988",71.557871,
"FIN","MFP","TOT","IDX2010","A","1989",73.684274,
"FIN","MFP","TOT","IDX2010","A","1990",74.454791,
"FIN","MFP","TOT","IDX2010","A","1991",72.964339,
"FIN","MFP","TOT","IDX2010","A","1992",73.605731,
"FIN","MFP","TOT","IDX2010","A","1993",75.870279,
"FIN","MFP","TOT","IDX2010","A","1994",78.766814,
"FIN","MFP","TOT","IDX2010","A","1995",80.555435,
"FIN","MFP","TOT","IDX2010","A","1996",82.226448,
"FIN","MFP","TOT","IDX2010","A","1997",84.988907,
"FIN","MFP","TOT","IDX2010","A","1998",87.967771,
"FIN","MFP","TOT","IDX2010","A","1999",89.335711,
"FIN","MFP","TOT","IDX2010","A","2000",92.62441,
"FIN","MFP","TOT","IDX2010","A","2001",94.000917,
"FIN","MFP","TOT","IDX2010","A","2002",94.616179,
"FIN","MFP","TOT","IDX2010","A","2003",96.118866,
"FIN","MFP","TOT","IDX2010","A","2004",98.754491,
"FIN","MFP","TOT","IDX2010","A","2005",100.125518,
"FIN","MFP","TOT","IDX2010","A","2006",102.358342,
"FIN","MFP","TOT","IDX2010","A","2007",105.196103,
"FIN","MFP","TOT","IDX2010","A","2008",103.763126,
"FIN","MFP","TOT","IDX2010","A","2009",97.248808,
"FIN","MFP","TOT","IDX2010","A","2010",100,
"FIN","MFP","TOT","IDX2010","A","2011",101.543723,
"FIN","MFP","TOT","IDX2010","A","2012",99.721914,
"FIN","MFP","TOT","IDX2010","A","2013",99.840706,
"FIN","MFP","TOT","IDX2010","A","2014",99.619361,
"FIN","MFP","TOT","IDX2010","A","2015",99.875902,
"FRA","MFP","TOT","IDX2010","A","1985",79.213788,
"FRA","MFP","TOT","IDX2010","A","1986",80.319244,
"FRA","MFP","TOT","IDX2010","A","1987",80.72373,
"FRA","MFP","TOT","IDX2010","A","1988",82.729822,
"FRA","MFP","TOT","IDX2010","A","1989",84.840925,
"FRA","MFP","TOT","IDX2010","A","1990",85.883832,
"FRA","MFP","TOT","IDX2010","A","1991",86.079839,
"FRA","MFP","TOT","IDX2010","A","1992",86.926667,
"FRA","MFP","TOT","IDX2010","A","1993",86.987231,
"FRA","MFP","TOT","IDX2010","A","1994",88.457847,
"FRA","MFP","TOT","IDX2010","A","1995",90.017411,
"FRA","MFP","TOT","IDX2010","A","1996",90.141491,
"FRA","MFP","TOT","IDX2010","A","1997",91.406754,
"FRA","MFP","TOT","IDX2010","A","1998",93.145707,
"FRA","MFP","TOT","IDX2010","A","1999",94.093674,
"FRA","MFP","TOT","IDX2010","A","2000",96.565958,
"FRA","MFP","TOT","IDX2010","A","2001",96.790075,
"FRA","MFP","TOT","IDX2010","A","2002",98.599585,
"FRA","MFP","TOT","IDX2010","A","2003",98.879067,
"FRA","MFP","TOT","IDX2010","A","2004",99.43497,
"FRA","MFP","TOT","IDX2010","A","2005",100.154038,
"FRA","MFP","TOT","IDX2010","A","2006",102.183113,
"FRA","MFP","TOT","IDX2010","A","2007",101.850034,
"FRA","MFP","TOT","IDX2010","A","2008",100.526678,
"FRA","MFP","TOT","IDX2010","A","2009",98.858488,
"FRA","MFP","TOT","IDX2010","A","2010",100,
"FRA","MFP","TOT","IDX2010","A","2011",100.896402,
"FRA","MFP","TOT","IDX2010","A","2012",100.620341,
"FRA","MFP","TOT","IDX2010","A","2013",101.425098,
"FRA","MFP","TOT","IDX2010","A","2014",101.736747,
"FRA","MFP","TOT","IDX2010","A","2015",102.00225,
"DEU","MFP","TOT","IDX2010","A","1985",76.670669,
"DEU","MFP","TOT","IDX2010","A","1986",77.25844,
"DEU","MFP","TOT","IDX2010","A","1987",77.612001,
"DEU","MFP","TOT","IDX2010","A","1988",79.055463,
"DEU","MFP","TOT","IDX2010","A","1989",81.029196,
"DEU","MFP","TOT","IDX2010","A","1990",83.296217,
"DEU","MFP","TOT","IDX2010","A","1991",85.520598,
"DEU","MFP","TOT","IDX2010","A","1992",86.657896,
"DEU","MFP","TOT","IDX2010","A","1993",86.969817,
"DEU","MFP","TOT","IDX2010","A","1994",88.66788,
"DEU","MFP","TOT","IDX2010","A","1995",89.740316,
"DEU","MFP","TOT","IDX2010","A","1996",90.618882,
"DEU","MFP","TOT","IDX2010","A","1997",92.20048,
"DEU","MFP","TOT","IDX2010","A","1998",92.786974,
"DEU","MFP","TOT","IDX2010","A","1999",93.403598,
"DEU","MFP","TOT","IDX2010","A","2000",94.937331,
"DEU","MFP","TOT","IDX2010","A","2001",96.41707,
"DEU","MFP","TOT","IDX2010","A","2002",96.705513,
"DEU","MFP","TOT","IDX2010","A","2003",96.664546,
"DEU","MFP","TOT","IDX2010","A","2004",97.320148,
"DEU","MFP","TOT","IDX2010","A","2005",98.172964,
"DEU","MFP","TOT","IDX2010","A","2006",99.968165,
"DEU","MFP","TOT","IDX2010","A","2007",101.329832,
"DEU","MFP","TOT","IDX2010","A","2008",101.177335,
"DEU","MFP","TOT","IDX2010","A","2009",97.485113,
"DEU","MFP","TOT","IDX2010","A","2010",100,
"DEU","MFP","TOT","IDX2010","A","2011",102.079664,
"DEU","MFP","TOT","IDX2010","A","2012",102.414702,
"DEU","MFP","TOT","IDX2010","A","2013",102.939418,
"DEU","MFP","TOT","IDX2010","A","2014",103.423696,
"DEU","MFP","TOT","IDX2010","A","2015",104.206138,
"IRL","MFP","TOT","IDX2010","A","1985",54.036951,
"IRL","MFP","TOT","IDX2010","A","1986",53.067525,
"IRL","MFP","TOT","IDX2010","A","1987",55.389607,
"IRL","MFP","TOT","IDX2010","A","1988",57.698109,
"IRL","MFP","TOT","IDX2010","A","1989",60.45249,
"IRL","MFP","TOT","IDX2010","A","1990",63.098278,
"IRL","MFP","TOT","IDX2010","A","1991",64.982477,
"IRL","MFP","TOT","IDX2010","A","1992",67.622098,
"IRL","MFP","TOT","IDX2010","A","1993",69.020949,
"IRL","MFP","TOT","IDX2010","A","1994",70.741318,
"IRL","MFP","TOT","IDX2010","A","1995",74.13007,
"IRL","MFP","TOT","IDX2010","A","1996",77.442479,
"IRL","MFP","TOT","IDX2010","A","1997",82.671813,
"IRL","MFP","TOT","IDX2010","A","1998",85.423903,
"IRL","MFP","TOT","IDX2010","A","1999",88.715308,
"IRL","MFP","TOT","IDX2010","A","2000",92.814551,
"IRL","MFP","TOT","IDX2010","A","2001",94.684438,
"IRL","MFP","TOT","IDX2010","A","2002",97.745191,
"IRL","MFP","TOT","IDX2010","A","2003",98.878937,
"IRL","MFP","TOT","IDX2010","A","2004",101.481178,
"IRL","MFP","TOT","IDX2010","A","2005",101.027771,
"IRL","MFP","TOT","IDX2010","A","2006",101.335135,
"IRL","MFP","TOT","IDX2010","A","2007",100.313222,
"IRL","MFP","TOT","IDX2010","A","2008",95.436844,
"IRL","MFP","TOT","IDX2010","A","2009",96.149182,
"IRL","MFP","TOT","IDX2010","A","2010",100,
"IRL","MFP","TOT","IDX2010","A","2011",102.905886,
"IRL","MFP","TOT","IDX2010","A","2012",100.28491,
"IRL","MFP","TOT","IDX2010","A","2013",97.954629,
"IRL","MFP","TOT","IDX2010","A","2014",102.827408,
"ITA","MFP","TOT","IDX2010","A","1985",92.666522,
"ITA","MFP","TOT","IDX2010","A","1986",93.47989,
"ITA","MFP","TOT","IDX2010","A","1987",94.460053,
"ITA","MFP","TOT","IDX2010","A","1988",96.257614,
"ITA","MFP","TOT","IDX2010","A","1989",98.41172,
"ITA","MFP","TOT","IDX2010","A","1990",98.528507,
"ITA","MFP","TOT","IDX2010","A","1991",97.988626,
"ITA","MFP","TOT","IDX2010","A","1992",98.382792,
"ITA","MFP","TOT","IDX2010","A","1993",99.031557,
"ITA","MFP","TOT","IDX2010","A","1994",102.034476,
"ITA","MFP","TOT","IDX2010","A","1995",104.263436,
"ITA","MFP","TOT","IDX2010","A","1996",103.90807,
"ITA","MFP","TOT","IDX2010","A","1997",104.964186,
"ITA","MFP","TOT","IDX2010","A","1998",104.402075,
"ITA","MFP","TOT","IDX2010","A","1999",104.356678,
"ITA","MFP","TOT","IDX2010","A","2000",106.4068,
"ITA","MFP","TOT","IDX2010","A","2001",106.240893,
"ITA","MFP","TOT","IDX2010","A","2002",104.629709,
"ITA","MFP","TOT","IDX2010","A","2003",103.297568,
"ITA","MFP","TOT","IDX2010","A","2004",103.749607,
"ITA","MFP","TOT","IDX2010","A","2005",103.743335,
"ITA","MFP","TOT","IDX2010","A","2006",103.580565,
"ITA","MFP","TOT","IDX2010","A","2007",103.180992,
"ITA","MFP","TOT","IDX2010","A","2008",101.789252,
"ITA","MFP","TOT","IDX2010","A","2009",98.265762,
"ITA","MFP","TOT","IDX2010","A","2010",100,
"ITA","MFP","TOT","IDX2010","A","2011",100.275312,
"ITA","MFP","TOT","IDX2010","A","2012",99.129629,
"ITA","MFP","TOT","IDX2010","A","2013",99.300471,
"ITA","MFP","TOT","IDX2010","A","2014",99.57692,
"ITA","MFP","TOT","IDX2010","A","2015",99.801294,
"JPN","MFP","TOT","IDX2010","A","1985",78.0409,
"JPN","MFP","TOT","IDX2010","A","1986",78.505672,
"JPN","MFP","TOT","IDX2010","A","1987",80.171328,
"JPN","MFP","TOT","IDX2010","A","1988",83.671511,
"JPN","MFP","TOT","IDX2010","A","1989",86.214208,
"JPN","MFP","TOT","IDX2010","A","1990",89.399427,
"JPN","MFP","TOT","IDX2010","A","1991",90.377609,
"JPN","MFP","TOT","IDX2010","A","1992",89.993918,
"JPN","MFP","TOT","IDX2010","A","1993",90.682372,
"JPN","MFP","TOT","IDX2010","A","1994",90.589407,
"JPN","MFP","TOT","IDX2010","A","1995",92.187899,
"JPN","MFP","TOT","IDX2010","A","1996",93.390298,
"JPN","MFP","TOT","IDX2010","A","1997",93.588422,
"JPN","MFP","TOT","IDX2010","A","1998",92.962627,
"JPN","MFP","TOT","IDX2010","A","1999",93.672806,
"JPN","MFP","TOT","IDX2010","A","2000",95.306683,
"JPN","MFP","TOT","IDX2010","A","2001",95.450026,
"JPN","MFP","TOT","IDX2010","A","2002",96.052042,
"JPN","MFP","TOT","IDX2010","A","2003",96.847369,
"JPN","MFP","TOT","IDX2010","A","2004",98.491577,
"JPN","MFP","TOT","IDX2010","A","2005",99.459956,
"JPN","MFP","TOT","IDX2010","A","2006",99.492436,
"JPN","MFP","TOT","IDX2010","A","2007",100.012632,
"JPN","MFP","TOT","IDX2010","A","2008",99.172156,
"JPN","MFP","TOT","IDX2010","A","2009",96.629652,
"JPN","MFP","TOT","IDX2010","A","2010",100,
"JPN","MFP","TOT","IDX2010","A","2011",100.138116,
"JPN","MFP","TOT","IDX2010","A","2012",101.198388,
"JPN","MFP","TOT","IDX2010","A","2013",103.142147,
"JPN","MFP","TOT","IDX2010","A","2014",103.129217,
"JPN","MFP","TOT","IDX2010","A","2015",104.390191,
"KOR","MFP","TOT","IDX2010","A","1985",40.56988,
"KOR","MFP","TOT","IDX2010","A","1986",42.438038,
"KOR","MFP","TOT","IDX2010","A","1987",44.826876,
"KOR","MFP","TOT","IDX2010","A","1988",48.125159,
"KOR","MFP","TOT","IDX2010","A","1989",49.913991,
"KOR","MFP","TOT","IDX2010","A","1990",52.726641,
"KOR","MFP","TOT","IDX2010","A","1991",55.395557,
"KOR","MFP","TOT","IDX2010","A","1992",56.747174,
"KOR","MFP","TOT","IDX2010","A","1993",58.258448,
"KOR","MFP","TOT","IDX2010","A","1994",60.542416,
"KOR","MFP","TOT","IDX2010","A","1995",62.804001,
"KOR","MFP","TOT","IDX2010","A","1996",64.807376,
"KOR","MFP","TOT","IDX2010","A","1997",67.169204,
"KOR","MFP","TOT","IDX2010","A","1998",67.459473,
"KOR","MFP","TOT","IDX2010","A","1999",72.331232,
"KOR","MFP","TOT","IDX2010","A","2000",74.219249,
"KOR","MFP","TOT","IDX2010","A","2001",75.259161,
"KOR","MFP","TOT","IDX2010","A","2002",78.576363,
"KOR","MFP","TOT","IDX2010","A","2003",80.681152,
"KOR","MFP","TOT","IDX2010","A","2004",83.015679,
"KOR","MFP","TOT","IDX2010","A","2005",85.302384,
"KOR","MFP","TOT","IDX2010","A","2006",87.824092,
"KOR","MFP","TOT","IDX2010","A","2007",91.625446,
"KOR","MFP","TOT","IDX2010","A","2008",94.474602,
"KOR","MFP","TOT","IDX2010","A","2009",94.782213,
"KOR","MFP","TOT","IDX2010","A","2010",100,
"KOR","MFP","TOT","IDX2010","A","2011",104.171925,
"KOR","MFP","TOT","IDX2010","A","2012",101.431985,
"KOR","MFP","TOT","IDX2010","A","2013",104.587452,
"KOR","MFP","TOT","IDX2010","A","2014",103.7248,
"KOR","MFP","TOT","IDX2010","A","2015",104.499229,
"NLD","MFP","TOT","IDX2010","A","1985",89.250025,
"NLD","MFP","TOT","IDX2010","A","1986",89.66218,
"NLD","MFP","TOT","IDX2010","A","1987",89.891849,
"NLD","MFP","TOT","IDX2010","A","1988",90.865877,
"NLD","MFP","TOT","IDX2010","A","1989",92.075124,
"NLD","MFP","TOT","IDX2010","A","1990",92.791945,
"NLD","MFP","TOT","IDX2010","A","1991",92.919879,
"NLD","MFP","TOT","IDX2010","A","1992",92.103843,
"NLD","MFP","TOT","IDX2010","A","1993",92.404459,
"NLD","MFP","TOT","IDX2010","A","1994",93.373006,
"NLD","MFP","TOT","IDX2010","A","1995",92.168723,
"NLD","MFP","TOT","IDX2010","A","1996",92.25334,
"NLD","MFP","TOT","IDX2010","A","1997",93.580903,
"NLD","MFP","TOT","IDX2010","A","1998",94.886265,
"NLD","MFP","TOT","IDX2010","A","1999",96.06157,
"NLD","MFP","TOT","IDX2010","A","2000",98.056587,
"NLD","MFP","TOT","IDX2010","A","2001",98.051734,
"NLD","MFP","TOT","IDX2010","A","2002",97.732917,
"NLD","MFP","TOT","IDX2010","A","2003",98.139612,
"NLD","MFP","TOT","IDX2010","A","2004",99.217273,
"NLD","MFP","TOT","IDX2010","A","2005",100.805268,
"NLD","MFP","TOT","IDX2010","A","2006",101.915261,
"NLD","MFP","TOT","IDX2010","A","2007",102.417568,
"NLD","MFP","TOT","IDX2010","A","2008",101.938182,
"NLD","MFP","TOT","IDX2010","A","2009",98.571177,
"NLD","MFP","TOT","IDX2010","A","2010",100,
"NLD","MFP","TOT","IDX2010","A","2011",100.385572,
"NLD","MFP","TOT","IDX2010","A","2012",99.492071,
"NLD","MFP","TOT","IDX2010","A","2013",99.56134,
"NLD","MFP","TOT","IDX2010","A","2014",100.178893,
"NLD","MFP","TOT","IDX2010","A","2015",101.244689,
"NZL","MFP","TOT","IDX2010","A","1987",85.598229,
"NZL","MFP","TOT","IDX2010","A","1988",88.156698,
"NZL","MFP","TOT","IDX2010","A","1989",89.584289,
"NZL","MFP","TOT","IDX2010","A","1990",90.793868,
"NZL","MFP","TOT","IDX2010","A","1991",88.825415,
"NZL","MFP","TOT","IDX2010","A","1992",91.025538,
"NZL","MFP","TOT","IDX2010","A","1993",93.700774,
"NZL","MFP","TOT","IDX2010","A","1994",94.398422,
"NZL","MFP","TOT","IDX2010","A","1995",95.222799,
"NZL","MFP","TOT","IDX2010","A","1996",95.28852,
"NZL","MFP","TOT","IDX2010","A","1997",97.180885,
"NZL","MFP","TOT","IDX2010","A","1998",95.256291,
"NZL","MFP","TOT","IDX2010","A","1999",96.11763,
"NZL","MFP","TOT","IDX2010","A","2000",97.563893,
"NZL","MFP","TOT","IDX2010","A","2001",98.568758,
"NZL","MFP","TOT","IDX2010","A","2002",100.114487,
"NZL","MFP","TOT","IDX2010","A","2003",101.144322,
"NZL","MFP","TOT","IDX2010","A","2004",100.104437,
"NZL","MFP","TOT","IDX2010","A","2005",99.216471,
"NZL","MFP","TOT","IDX2010","A","2006",99.57027,
"NZL","MFP","TOT","IDX2010","A","2007",101.949583,
"NZL","MFP","TOT","IDX2010","A","2008",97.953417,
"NZL","MFP","TOT","IDX2010","A","2009",101.418016,
"NZL","MFP","TOT","IDX2010","A","2010",100,
"NZL","MFP","TOT","IDX2010","A","2011",101.161538,
"NZL","MFP","TOT","IDX2010","A","2012",103.651863,
"NZL","MFP","TOT","IDX2010","A","2013",101.654465,
"NZL","MFP","TOT","IDX2010","A","2014",100.946207,
"NZL","MFP","TOT","IDX2010","A","2015",102.150091,
"PRT","MFP","TOT","IDX2010","A","1985",80.172423,
"PRT","MFP","TOT","IDX2010","A","1986",83.364673,
"PRT","MFP","TOT","IDX2010","A","1987",85.982236,
"PRT","MFP","TOT","IDX2010","A","1988",89.997847,
"PRT","MFP","TOT","IDX2010","A","1989",92.803806,
"PRT","MFP","TOT","IDX2010","A","1990",94.301889,
"PRT","MFP","TOT","IDX2010","A","1991",97.590014,
"PRT","MFP","TOT","IDX2010","A","1992",99.05775,
"PRT","MFP","TOT","IDX2010","A","1993",97.442569,
"PRT","MFP","TOT","IDX2010","A","1994",97.099778,
"PRT","MFP","TOT","IDX2010","A","1995",98.278648,
"PRT","MFP","TOT","IDX2010","A","1996",99.262919,
"PRT","MFP","TOT","IDX2010","A","1997",100.416691,
"PRT","MFP","TOT","IDX2010","A","1998",100.604619,
"PRT","MFP","TOT","IDX2010","A","1999",101.386004,
"PRT","MFP","TOT","IDX2010","A","2000",101.228703,
"PRT","MFP","TOT","IDX2010","A","2001",100.809198,
"PRT","MFP","TOT","IDX2010","A","2002",100.115341,
"PRT","MFP","TOT","IDX2010","A","2003",98.964751,
"PRT","MFP","TOT","IDX2010","A","2004",99.875032,
"PRT","MFP","TOT","IDX2010","A","2005",99.805707,
"PRT","MFP","TOT","IDX2010","A","2006",100.444607,
"PRT","MFP","TOT","IDX2010","A","2007",101.052994,
"PRT","MFP","TOT","IDX2010","A","2008",100.224155,
"PRT","MFP","TOT","IDX2010","A","2009",98.194773,
"PRT","MFP","TOT","IDX2010","A","2010",100,
"PRT","MFP","TOT","IDX2010","A","2011",99.789802,
"PRT","MFP","TOT","IDX2010","A","2012",98.978441,
"PRT","MFP","TOT","IDX2010","A","2013",99.30401,
"PRT","MFP","TOT","IDX2010","A","2014",98.781712,
"ESP","MFP","TOT","IDX2010","A","1985",94.507029,
"ESP","MFP","TOT","IDX2010","A","1986",95.462992,
"ESP","MFP","TOT","IDX2010","A","1987",96.584272,
"ESP","MFP","TOT","IDX2010","A","1988",97.822449,
"ESP","MFP","TOT","IDX2010","A","1989",98.846505,
"ESP","MFP","TOT","IDX2010","A","1990",98.215447,
"ESP","MFP","TOT","IDX2010","A","1991",98.095268,
"ESP","MFP","TOT","IDX2010","A","1992",99.308687,
"ESP","MFP","TOT","IDX2010","A","1993",100.107629,
"ESP","MFP","TOT","IDX2010","A","1994",102.106867,
"ESP","MFP","TOT","IDX2010","A","1995",102.473301,
"ESP","MFP","TOT","IDX2010","A","1996",103.022963,
"ESP","MFP","TOT","IDX2010","A","1997",102.682987,
"ESP","MFP","TOT","IDX2010","A","1998",101.997709,
"ESP","MFP","TOT","IDX2010","A","1999",101.374385,
"ESP","MFP","TOT","IDX2010","A","2000",101.625196,
"ESP","MFP","TOT","IDX2010","A","2001",101.315645,
"ESP","MFP","TOT","IDX2010","A","2002",100.890139,
"ESP","MFP","TOT","IDX2010","A","2003",100.617566,
"ESP","MFP","TOT","IDX2010","A","2004",100.258906,
"ESP","MFP","TOT","IDX2010","A","2005",100.084519,
"ESP","MFP","TOT","IDX2010","A","2006",100.08171,
"ESP","MFP","TOT","IDX2010","A","2007",100.360052,
"ESP","MFP","TOT","IDX2010","A","2008",99.501081,
"ESP","MFP","TOT","IDX2010","A","2009",99.31087,
"ESP","MFP","TOT","IDX2010","A","2010",100,
"ESP","MFP","TOT","IDX2010","A","2011",99.865163,
"ESP","MFP","TOT","IDX2010","A","2012",99.631987,
"ESP","MFP","TOT","IDX2010","A","2013",99.458392,
"ESP","MFP","TOT","IDX2010","A","2014",99.527662,
"SWE","MFP","TOT","IDX2010","A","1985",83.133335,
"SWE","MFP","TOT","IDX2010","A","1986",83.897256,
"SWE","MFP","TOT","IDX2010","A","1987",84.567196,
"SWE","MFP","TOT","IDX2010","A","1988",83.861335,
"SWE","MFP","TOT","IDX2010","A","1989",83.742503,
"SWE","MFP","TOT","IDX2010","A","1990",82.679366,
"SWE","MFP","TOT","IDX2010","A","1991",82.08705,
"SWE","MFP","TOT","IDX2010","A","1992",82.333712,
"SWE","MFP","TOT","IDX2010","A","1993",82.373176,
"SWE","MFP","TOT","IDX2010","A","1994",84.178939,
"SWE","MFP","TOT","IDX2010","A","1995",85.46226,
"SWE","MFP","TOT","IDX2010","A","1996",85.795772,
"SWE","MFP","TOT","IDX2010","A","1997",87.880115,
"SWE","MFP","TOT","IDX2010","A","1998",89.314811,
"SWE","MFP","TOT","IDX2010","A","1999",90.191645,
"SWE","MFP","TOT","IDX2010","A","2000",92.105663,
"SWE","MFP","TOT","IDX2010","A","2001",91.837739,
"SWE","MFP","TOT","IDX2010","A","2002",93.768001,
"SWE","MFP","TOT","IDX2010","A","2003",96.203622,
"SWE","MFP","TOT","IDX2010","A","2004",98.958759,
"SWE","MFP","TOT","IDX2010","A","2005",100.553317,
"SWE","MFP","TOT","IDX2010","A","2006",103.095358,
"SWE","MFP","TOT","IDX2010","A","2007",103.101034,
"SWE","MFP","TOT","IDX2010","A","2008",100.515364,
"SWE","MFP","TOT","IDX2010","A","2009",96.680905,
"SWE","MFP","TOT","IDX2010","A","2010",100,
"SWE","MFP","TOT","IDX2010","A","2011",100.503948,
"SWE","MFP","TOT","IDX2010","A","2012",99.658426,
"SWE","MFP","TOT","IDX2010","A","2013",100.040893,
"SWE","MFP","TOT","IDX2010","A","2014",101.025147,
"SWE","MFP","TOT","IDX2010","A","2015",103.193641,
"CHE","MFP","TOT","IDX2010","A","1992",91.69093,
"CHE","MFP","TOT","IDX2010","A","1993",91.313425,
"CHE","MFP","TOT","IDX2010","A","1994",91.233921,
"CHE","MFP","TOT","IDX2010","A","1995",91.50629,
"CHE","MFP","TOT","IDX2010","A","1996",92.211885,
"CHE","MFP","TOT","IDX2010","A","1997",93.80678,
"CHE","MFP","TOT","IDX2010","A","1998",94.171728,
"CHE","MFP","TOT","IDX2010","A","1999",93.072537,
"CHE","MFP","TOT","IDX2010","A","2000",95.040587,
"CHE","MFP","TOT","IDX2010","A","2001",95.86423,
"CHE","MFP","TOT","IDX2010","A","2002",95.485704,
"CHE","MFP","TOT","IDX2010","A","2003",94.556004,
"CHE","MFP","TOT","IDX2010","A","2004",95.083834,
"CHE","MFP","TOT","IDX2010","A","2005",96.964616,
"CHE","MFP","TOT","IDX2010","A","2006",98.923848,
"CHE","MFP","TOT","IDX2010","A","2007",100.591949,
"CHE","MFP","TOT","IDX2010","A","2008",100.63388,
"CHE","MFP","TOT","IDX2010","A","2009",97.973737,
"CHE","MFP","TOT","IDX2010","A","2010",100,
"CHE","MFP","TOT","IDX2010","A","2011",99.854781,
"CHE","MFP","TOT","IDX2010","A","2012",99.874306,
"CHE","MFP","TOT","IDX2010","A","2013",101.059188,
"CHE","MFP","TOT","IDX2010","A","2014",101.570233,
"CHE","MFP","TOT","IDX2010","A","2015",100.312048,
"GBR","MFP","TOT","IDX2010","A","1985",77.696014,
"GBR","MFP","TOT","IDX2010","A","1986",79.21965,
"GBR","MFP","TOT","IDX2010","A","1987",81.639976,
"GBR","MFP","TOT","IDX2010","A","1988",81.652283,
"GBR","MFP","TOT","IDX2010","A","1989",81.303982,
"GBR","MFP","TOT","IDX2010","A","1990",80.906041,
"GBR","MFP","TOT","IDX2010","A","1991",80.699916,
"GBR","MFP","TOT","IDX2010","A","1992",82.30296,
"GBR","MFP","TOT","IDX2010","A","1993",84.015441,
"GBR","MFP","TOT","IDX2010","A","1994",85.279609,
"GBR","MFP","TOT","IDX2010","A","1995",85.537918,
"GBR","MFP","TOT","IDX2010","A","1996",86.197056,
"GBR","MFP","TOT","IDX2010","A","1997",87.810877,
"GBR","MFP","TOT","IDX2010","A","1998",88.481513,
"GBR","MFP","TOT","IDX2010","A","1999",89.972261,
"GBR","MFP","TOT","IDX2010","A","2000",92.210171,
"GBR","MFP","TOT","IDX2010","A","2001",93.365835,
"GBR","MFP","TOT","IDX2010","A","2002",95.098349,
"GBR","MFP","TOT","IDX2010","A","2003",97.533901,
"GBR","MFP","TOT","IDX2010","A","2004",99.269675,
"GBR","MFP","TOT","IDX2010","A","2005",99.924329,
"GBR","MFP","TOT","IDX2010","A","2006",101.301567,
"GBR","MFP","TOT","IDX2010","A","2007",102.412467,
"GBR","MFP","TOT","IDX2010","A","2008",101.520645,
"GBR","MFP","TOT","IDX2010","A","2009",98.239135,
"GBR","MFP","TOT","IDX2010","A","2010",100,
"GBR","MFP","TOT","IDX2010","A","2011",100.05052,
"GBR","MFP","TOT","IDX2010","A","2012",99.355204,
"GBR","MFP","TOT","IDX2010","A","2013",99.411365,
"GBR","MFP","TOT","IDX2010","A","2014",99.800176,
"GBR","MFP","TOT","IDX2010","A","2015",100.9601,
"USA","MFP","TOT","IDX2010","A","1985",77.670826,
"USA","MFP","TOT","IDX2010","A","1986",78.659976,
"USA","MFP","TOT","IDX2010","A","1987",78.832536,
"USA","MFP","TOT","IDX2010","A","1988",79.459738,
"USA","MFP","TOT","IDX2010","A","1989",79.796914,
"USA","MFP","TOT","IDX2010","A","1990",80.339802,
"USA","MFP","TOT","IDX2010","A","1991",80.370267,
"USA","MFP","TOT","IDX2010","A","1992",82.431836,
"USA","MFP","TOT","IDX2010","A","1993",82.54663,
"USA","MFP","TOT","IDX2010","A","1994",83.198792,
"USA","MFP","TOT","IDX2010","A","1995",83.117008,
"USA","MFP","TOT","IDX2010","A","1996",84.515346,
"USA","MFP","TOT","IDX2010","A","1997",85.275835,
"USA","MFP","TOT","IDX2010","A","1998",86.373035,
"USA","MFP","TOT","IDX2010","A","1999",87.832249,
"USA","MFP","TOT","IDX2010","A","2000",89.170967,
"USA","MFP","TOT","IDX2010","A","2001",89.839297,
"USA","MFP","TOT","IDX2010","A","2002",91.402831,
"USA","MFP","TOT","IDX2010","A","2003",93.388865,
"USA","MFP","TOT","IDX2010","A","2004",95.264324,
"USA","MFP","TOT","IDX2010","A","2005",96.570636,
"USA","MFP","TOT","IDX2010","A","2006",96.847456,
"USA","MFP","TOT","IDX2010","A","2007",97.101612,
"USA","MFP","TOT","IDX2010","A","2008",96.856886,
"USA","MFP","TOT","IDX2010","A","2009",97.791986,
"USA","MFP","TOT","IDX2010","A","2010",100,
"USA","MFP","TOT","IDX2010","A","2011",100.113718,
"USA","MFP","TOT","IDX2010","A","2012",100.353565,
"USA","MFP","TOT","IDX2010","A","2013",100.455371,
"USA","MFP","TOT","IDX2010","A","2014",100.724414,
"USA","MFP","TOT","IDX2010","A","2015",101.337393,
