﻿"LOCATION","INDICATOR","SUBJECT","MEASURE","FREQUENCY","TIME","Value","Flag Codes"
"FIN","GGWEALTH","TOT","PC_GDP","A","1995",7.027477,
"FIN","GGWEALTH","TOT","PC_GDP","A","1996",6.424652,
"FIN","GGWEALTH","TOT","PC_GDP","A","1997",7.173689,
"FIN","GGWEALTH","TOT","PC_GDP","A","1998",13.7695,
"FIN","GGWEALTH","TOT","PC_GDP","A","1999",48.35924,
"FIN","GGWEALTH","TOT","PC_GDP","A","2000",30.07757,
"FIN","GGWEALTH","TOT","PC_GDP","A","2001",30.43888,
"FIN","GGWEALTH","TOT","PC_GDP","A","2002",30.23083,
"FIN","GGWEALTH","TOT","PC_GDP","A","2003",36.81359,
"FIN","GGWEALTH","TOT","PC_GDP","A","2004",44.74214,
"FIN","GGWEALTH","TOT","PC_GDP","A","2005",56.01842,
"FIN","GGWEALTH","TOT","PC_GDP","A","2006",66.5201,
"FIN","GGWEALTH","TOT","PC_GDP","A","2007",69.73803,
"FIN","GGWEALTH","TOT","PC_GDP","A","2008",49.96774,
"FIN","GGWEALTH","TOT","PC_GDP","A","2009",59.64569,
"FIN","GGWEALTH","TOT","PC_GDP","A","2010",61.75949,
"FIN","GGWEALTH","TOT","PC_GDP","A","2011",48.79488,
"FIN","GGWEALTH","TOT","PC_GDP","A","2012",49.44217,
"FIN","GGWEALTH","TOT","PC_GDP","A","2013",53.05206,
"FIN","GGWEALTH","TOT","PC_GDP","A","2014",53.51188,
"FIN","GGWEALTH","TOT","PC_GDP","A","2015",53.51344,
"FIN","GGWEALTH","TOT","PC_GDP","A","2016",53.02229,
"CHL","GGWEALTH","TOT","PC_GDP","A","2003",-12.064,
"CHL","GGWEALTH","TOT","PC_GDP","A","2004",-10.46937,
"CHL","GGWEALTH","TOT","PC_GDP","A","2005",-7.297771,
"CHL","GGWEALTH","TOT","PC_GDP","A","2006",0.0648506,
"CHL","GGWEALTH","TOT","PC_GDP","A","2007",6.962816,
"CHL","GGWEALTH","TOT","PC_GDP","A","2008",17.12938,
"CHL","GGWEALTH","TOT","PC_GDP","A","2009",6.263999,
"CHL","GGWEALTH","TOT","PC_GDP","A","2010",2.054851,
"CHL","GGWEALTH","TOT","PC_GDP","A","2011",4.899816,
"CHL","GGWEALTH","TOT","PC_GDP","A","2012",2.386775,
"CHL","GGWEALTH","TOT","PC_GDP","A","2013",2.394934,
"CHL","GGWEALTH","TOT","PC_GDP","A","2014",0.6277174,
"CHL","GGWEALTH","TOT","PC_GDP","A","2015",1.37263,
"CHL","GGWEALTH","TOT","PC_GDP","A","2016",-4.032846,
"TUR","GGWEALTH","TOT","PC_GDP","A","2010",-18.79327,
"TUR","GGWEALTH","TOT","PC_GDP","A","2011",-17.29196,
"TUR","GGWEALTH","TOT","PC_GDP","A","2012",-16.84461,
"TUR","GGWEALTH","TOT","PC_GDP","A","2013",-13.52636,
"TUR","GGWEALTH","TOT","PC_GDP","A","2014",-14.29523,
"TUR","GGWEALTH","TOT","PC_GDP","A","2015",-8.019629,
"NOR","GGWEALTH","TOT","PC_GDP","A","1995",39.51869,
"NOR","GGWEALTH","TOT","PC_GDP","A","1996",44.17076,
"NOR","GGWEALTH","TOT","PC_GDP","A","1997",52.10028,
"NOR","GGWEALTH","TOT","PC_GDP","A","1998",57.52971,
"NOR","GGWEALTH","TOT","PC_GDP","A","1999",61.02555,
"NOR","GGWEALTH","TOT","PC_GDP","A","2000",70.75694,
"NOR","GGWEALTH","TOT","PC_GDP","A","2001",87.23592,
"NOR","GGWEALTH","TOT","PC_GDP","A","2002",81.73193,
"NOR","GGWEALTH","TOT","PC_GDP","A","2003",96.32332,
"NOR","GGWEALTH","TOT","PC_GDP","A","2004",104.4157,
"NOR","GGWEALTH","TOT","PC_GDP","A","2005",122.2664,
"NOR","GGWEALTH","TOT","PC_GDP","A","2006",135.2804,
"NOR","GGWEALTH","TOT","PC_GDP","A","2007",139.7601,
"NOR","GGWEALTH","TOT","PC_GDP","A","2008",124.169,
"NOR","GGWEALTH","TOT","PC_GDP","A","2009",154.408,
"NOR","GGWEALTH","TOT","PC_GDP","A","2010",164.0775,
"NOR","GGWEALTH","TOT","PC_GDP","A","2011",160.0876,
"NOR","GGWEALTH","TOT","PC_GDP","A","2012",168.9647,
"NOR","GGWEALTH","TOT","PC_GDP","A","2013",207.5157,
"NOR","GGWEALTH","TOT","PC_GDP","A","2014",249.3826,
"NOR","GGWEALTH","TOT","PC_GDP","A","2015",284.6515,
"NOR","GGWEALTH","TOT","PC_GDP","A","2016",288.8195,
"BEL","GGWEALTH","TOT","PC_GDP","A","1995",-116.9502,
"BEL","GGWEALTH","TOT","PC_GDP","A","1996",-121.3592,
"BEL","GGWEALTH","TOT","PC_GDP","A","1997",-116.5923,
"BEL","GGWEALTH","TOT","PC_GDP","A","1998",-119.3788,
"BEL","GGWEALTH","TOT","PC_GDP","A","1999",-106.5794,
"BEL","GGWEALTH","TOT","PC_GDP","A","2000",-100.8937,
"BEL","GGWEALTH","TOT","PC_GDP","A","2001",-98.40815,
"BEL","GGWEALTH","TOT","PC_GDP","A","2002",-99.34649,
"BEL","GGWEALTH","TOT","PC_GDP","A","2003",-96.00149,
"BEL","GGWEALTH","TOT","PC_GDP","A","2004",-90.74376,
"BEL","GGWEALTH","TOT","PC_GDP","A","2005",-88.76665,
"BEL","GGWEALTH","TOT","PC_GDP","A","2006",-80.42658,
"BEL","GGWEALTH","TOT","PC_GDP","A","2007",-74.00073,
"BEL","GGWEALTH","TOT","PC_GDP","A","2008",-76.46987,
"BEL","GGWEALTH","TOT","PC_GDP","A","2009",-82.80827,
"BEL","GGWEALTH","TOT","PC_GDP","A","2010",-81.54329,
"BEL","GGWEALTH","TOT","PC_GDP","A","2011",-83.3632,
"BEL","GGWEALTH","TOT","PC_GDP","A","2012",-92.05505,
"BEL","GGWEALTH","TOT","PC_GDP","A","2013",-90.42948,
"BEL","GGWEALTH","TOT","PC_GDP","A","2014",-100.2243,
"BEL","GGWEALTH","TOT","PC_GDP","A","2015",-97.85513,
"BEL","GGWEALTH","TOT","PC_GDP","A","2016",-97.81096,
"ITA","GGWEALTH","TOT","PC_GDP","A","1995",-95.80253,
"ITA","GGWEALTH","TOT","PC_GDP","A","1996",-101.0996,
"ITA","GGWEALTH","TOT","PC_GDP","A","1997",-101.3798,
"ITA","GGWEALTH","TOT","PC_GDP","A","1998",-103.5963,
"ITA","GGWEALTH","TOT","PC_GDP","A","1999",-102.0373,
"ITA","GGWEALTH","TOT","PC_GDP","A","2000",-96.48265,
"ITA","GGWEALTH","TOT","PC_GDP","A","2001",-96.90188,
"ITA","GGWEALTH","TOT","PC_GDP","A","2002",-96.44067,
"ITA","GGWEALTH","TOT","PC_GDP","A","2003",-93.27699,
"ITA","GGWEALTH","TOT","PC_GDP","A","2004",-94.30476,
"ITA","GGWEALTH","TOT","PC_GDP","A","2005",-95.79799,
"ITA","GGWEALTH","TOT","PC_GDP","A","2006",-92.38983,
"ITA","GGWEALTH","TOT","PC_GDP","A","2007",-88.8287,
"ITA","GGWEALTH","TOT","PC_GDP","A","2008",-91.87846,
"ITA","GGWEALTH","TOT","PC_GDP","A","2009",-102.6044,
"ITA","GGWEALTH","TOT","PC_GDP","A","2010",-101.088,
"ITA","GGWEALTH","TOT","PC_GDP","A","2011",-95.86581,
"ITA","GGWEALTH","TOT","PC_GDP","A","2012",-111.7614,
"ITA","GGWEALTH","TOT","PC_GDP","A","2013",-118.3233,
"ITA","GGWEALTH","TOT","PC_GDP","A","2014",-130.4724,
"ITA","GGWEALTH","TOT","PC_GDP","A","2015",-132.3237,
"SWE","GGWEALTH","TOT","PC_GDP","A","1995",-25.32717,
"SWE","GGWEALTH","TOT","PC_GDP","A","1996",-25.55464,
"SWE","GGWEALTH","TOT","PC_GDP","A","1997",-28.13138,
"SWE","GGWEALTH","TOT","PC_GDP","A","1998",-27.54785,
"SWE","GGWEALTH","TOT","PC_GDP","A","1999",-15.9039,
"SWE","GGWEALTH","TOT","PC_GDP","A","2000",-8.279805,
"SWE","GGWEALTH","TOT","PC_GDP","A","2001",-3.950358,
"SWE","GGWEALTH","TOT","PC_GDP","A","2002",-10.49047,
"SWE","GGWEALTH","TOT","PC_GDP","A","2003",-7.26024,
"SWE","GGWEALTH","TOT","PC_GDP","A","2004",-5.224741,
"SWE","GGWEALTH","TOT","PC_GDP","A","2005",0.0969955,
"SWE","GGWEALTH","TOT","PC_GDP","A","2006",10.17476,
"SWE","GGWEALTH","TOT","PC_GDP","A","2007",14.56052,
"SWE","GGWEALTH","TOT","PC_GDP","A","2008",8.71945,
"SWE","GGWEALTH","TOT","PC_GDP","A","2009",15.46549,
"SWE","GGWEALTH","TOT","PC_GDP","A","2010",17.13051,
"SWE","GGWEALTH","TOT","PC_GDP","A","2011",19.17167,
"SWE","GGWEALTH","TOT","PC_GDP","A","2012",21.07686,
"SWE","GGWEALTH","TOT","PC_GDP","A","2013",20.77016,
"SWE","GGWEALTH","TOT","PC_GDP","A","2014",19.72412,
"SWE","GGWEALTH","TOT","PC_GDP","A","2015",19.12825,
"SWE","GGWEALTH","TOT","PC_GDP","A","2016",21.10116,
"ESP","GGWEALTH","TOT","PC_GDP","A","1995",-49.70642,
"ESP","GGWEALTH","TOT","PC_GDP","A","1996",-54.00929,
"ESP","GGWEALTH","TOT","PC_GDP","A","1997",-53.45035,
"ESP","GGWEALTH","TOT","PC_GDP","A","1998",-52.77325,
"ESP","GGWEALTH","TOT","PC_GDP","A","1999",-46.8266,
"ESP","GGWEALTH","TOT","PC_GDP","A","2000",-43.38197,
"ESP","GGWEALTH","TOT","PC_GDP","A","2001",-40.55478,
"ESP","GGWEALTH","TOT","PC_GDP","A","2002",-39.24072,
"ESP","GGWEALTH","TOT","PC_GDP","A","2003",-35.98246,
"ESP","GGWEALTH","TOT","PC_GDP","A","2004",-33.54716,
"ESP","GGWEALTH","TOT","PC_GDP","A","2005",-28.57368,
"ESP","GGWEALTH","TOT","PC_GDP","A","2006",-22.12448,
"ESP","GGWEALTH","TOT","PC_GDP","A","2007",-17.35111,
"ESP","GGWEALTH","TOT","PC_GDP","A","2008",-22.33018,
"ESP","GGWEALTH","TOT","PC_GDP","A","2009",-33.83564,
"ESP","GGWEALTH","TOT","PC_GDP","A","2010",-39.50438,
"ESP","GGWEALTH","TOT","PC_GDP","A","2011",-48.11638,
"ESP","GGWEALTH","TOT","PC_GDP","A","2012",-59.0723,
"ESP","GGWEALTH","TOT","PC_GDP","A","2013",-69.74944,
"ESP","GGWEALTH","TOT","PC_GDP","A","2014",-81.86678,
"ESP","GGWEALTH","TOT","PC_GDP","A","2015",-81.70018,
"ESP","GGWEALTH","TOT","PC_GDP","A","2016",-84.00244,
"KOR","GGWEALTH","TOT","PC_GDP","A","2008",31.29344,
"KOR","GGWEALTH","TOT","PC_GDP","A","2009",32.71613,
"KOR","GGWEALTH","TOT","PC_GDP","A","2010",31.77075,
"KOR","GGWEALTH","TOT","PC_GDP","A","2011",30.68668,
"KOR","GGWEALTH","TOT","PC_GDP","A","2012",31.1923,
"KOR","GGWEALTH","TOT","PC_GDP","A","2013",31.79761,
"KOR","GGWEALTH","TOT","PC_GDP","A","2014",30.9866,
"KOR","GGWEALTH","TOT","PC_GDP","A","2015",30.15458,
"KOR","GGWEALTH","TOT","PC_GDP","A","2016",31.86439,
"DNK","GGWEALTH","TOT","PC_GDP","A","1995",-38.16203,
"DNK","GGWEALTH","TOT","PC_GDP","A","1996",-37.97664,
"DNK","GGWEALTH","TOT","PC_GDP","A","1997",-36.41571,
"DNK","GGWEALTH","TOT","PC_GDP","A","1998",-37.64524,
"DNK","GGWEALTH","TOT","PC_GDP","A","1999",-30.63702,
"DNK","GGWEALTH","TOT","PC_GDP","A","2000",-25.51511,
"DNK","GGWEALTH","TOT","PC_GDP","A","2001",-21.96058,
"DNK","GGWEALTH","TOT","PC_GDP","A","2002",-21.05141,
"DNK","GGWEALTH","TOT","PC_GDP","A","2003",-18.39122,
"DNK","GGWEALTH","TOT","PC_GDP","A","2004",-14.17668,
"DNK","GGWEALTH","TOT","PC_GDP","A","2005",-9.464408,
"DNK","GGWEALTH","TOT","PC_GDP","A","2006",-1.119625,
"DNK","GGWEALTH","TOT","PC_GDP","A","2007",4.615247,
"DNK","GGWEALTH","TOT","PC_GDP","A","2008",6.6524,
"DNK","GGWEALTH","TOT","PC_GDP","A","2009",5.881858,
"DNK","GGWEALTH","TOT","PC_GDP","A","2010",3.267886,
"DNK","GGWEALTH","TOT","PC_GDP","A","2011",-1.120771,
"DNK","GGWEALTH","TOT","PC_GDP","A","2012",-6.573555,
"DNK","GGWEALTH","TOT","PC_GDP","A","2013",-4.148622,
"DNK","GGWEALTH","TOT","PC_GDP","A","2014",-5.125288,
"DNK","GGWEALTH","TOT","PC_GDP","A","2015",-5.398558,
"DNK","GGWEALTH","TOT","PC_GDP","A","2016",-4.529973,
"ISR","GGWEALTH","TOT","PC_GDP","A","2001",-61.50663,
"ISR","GGWEALTH","TOT","PC_GDP","A","2002",-66.43376,
"ISR","GGWEALTH","TOT","PC_GDP","A","2003",-69.01964,
"ISR","GGWEALTH","TOT","PC_GDP","A","2004",-65.43407,
"ISR","GGWEALTH","TOT","PC_GDP","A","2005",-54.75303,
"ISR","GGWEALTH","TOT","PC_GDP","A","2006",-45.4453,
"ISR","GGWEALTH","TOT","PC_GDP","A","2007",-45.29329,
"ISR","GGWEALTH","TOT","PC_GDP","A","2008",-48.98796,
"ISR","GGWEALTH","TOT","PC_GDP","A","2009",-53.83984,
"ISR","GGWEALTH","TOT","PC_GDP","A","2010",-50.04242,
"ISR","GGWEALTH","TOT","PC_GDP","A","2011",-52.04065,
"ISR","GGWEALTH","TOT","PC_GDP","A","2012",-55.33489,
"ISR","GGWEALTH","TOT","PC_GDP","A","2013",-54.008,
"ISR","GGWEALTH","TOT","PC_GDP","A","2014",-54.91081,
"ISR","GGWEALTH","TOT","PC_GDP","A","2015",-53.63865,
"FRA","GGWEALTH","TOT","PC_GDP","A","1995",-32.46014,
"FRA","GGWEALTH","TOT","PC_GDP","A","1996",-37.37813,
"FRA","GGWEALTH","TOT","PC_GDP","A","1997",-37.71395,
"FRA","GGWEALTH","TOT","PC_GDP","A","1998",-38.93762,
"FRA","GGWEALTH","TOT","PC_GDP","A","1999",-30.95638,
"FRA","GGWEALTH","TOT","PC_GDP","A","2000",-32.46018,
"FRA","GGWEALTH","TOT","PC_GDP","A","2001",-34.63816,
"FRA","GGWEALTH","TOT","PC_GDP","A","2002",-39.5437,
"FRA","GGWEALTH","TOT","PC_GDP","A","2003",-41.59577,
"FRA","GGWEALTH","TOT","PC_GDP","A","2004",-42.99382,
"FRA","GGWEALTH","TOT","PC_GDP","A","2005",-40.99046,
"FRA","GGWEALTH","TOT","PC_GDP","A","2006",-35.5128,
"FRA","GGWEALTH","TOT","PC_GDP","A","2007",-32.22931,
"FRA","GGWEALTH","TOT","PC_GDP","A","2008",-42.63462,
"FRA","GGWEALTH","TOT","PC_GDP","A","2009",-50.22112,
"FRA","GGWEALTH","TOT","PC_GDP","A","2010",-54.5707,
"FRA","GGWEALTH","TOT","PC_GDP","A","2011",-59.53895,
"FRA","GGWEALTH","TOT","PC_GDP","A","2012",-67.39468,
"FRA","GGWEALTH","TOT","PC_GDP","A","2013",-66.33089,
"FRA","GGWEALTH","TOT","PC_GDP","A","2014",-74.43338,
"FRA","GGWEALTH","TOT","PC_GDP","A","2015",-75.60722,
"AUT","GGWEALTH","TOT","PC_GDP","A","1995",-37.1534,
"AUT","GGWEALTH","TOT","PC_GDP","A","1996",-40.09649,
"AUT","GGWEALTH","TOT","PC_GDP","A","1997",-35.83413,
"AUT","GGWEALTH","TOT","PC_GDP","A","1998",-36.14124,
"AUT","GGWEALTH","TOT","PC_GDP","A","1999",-35.64415,
"AUT","GGWEALTH","TOT","PC_GDP","A","2000",-34.87262,
"AUT","GGWEALTH","TOT","PC_GDP","A","2001",-33.84291,
"AUT","GGWEALTH","TOT","PC_GDP","A","2002",-37.50644,
"AUT","GGWEALTH","TOT","PC_GDP","A","2003",-36.01674,
"AUT","GGWEALTH","TOT","PC_GDP","A","2004",-37.83169,
"AUT","GGWEALTH","TOT","PC_GDP","A","2005",-44.66689,
"AUT","GGWEALTH","TOT","PC_GDP","A","2006",-42.42656,
"AUT","GGWEALTH","TOT","PC_GDP","A","2007",-39.55053,
"AUT","GGWEALTH","TOT","PC_GDP","A","2008",-43.73999,
"AUT","GGWEALTH","TOT","PC_GDP","A","2009",-49.93939,
"AUT","GGWEALTH","TOT","PC_GDP","A","2010",-51.42773,
"AUT","GGWEALTH","TOT","PC_GDP","A","2011",-52.94262,
"AUT","GGWEALTH","TOT","PC_GDP","A","2012",-57.89261,
"AUT","GGWEALTH","TOT","PC_GDP","A","2013",-56.5988,
"AUT","GGWEALTH","TOT","PC_GDP","A","2014",-59.14107,
"AUT","GGWEALTH","TOT","PC_GDP","A","2015",-57.03223,
"IRL","GGWEALTH","TOT","PC_GDP","A","1998",-40.92192,
"IRL","GGWEALTH","TOT","PC_GDP","A","1999",-25.6822,
"IRL","GGWEALTH","TOT","PC_GDP","A","2000",-14.69538,
"IRL","GGWEALTH","TOT","PC_GDP","A","2001",-11.24579,
"IRL","GGWEALTH","TOT","PC_GDP","A","2002",-12.86972,
"IRL","GGWEALTH","TOT","PC_GDP","A","2003",-10.82603,
"IRL","GGWEALTH","TOT","PC_GDP","A","2004",-7.721759,
"IRL","GGWEALTH","TOT","PC_GDP","A","2005",-5.973969,
"IRL","GGWEALTH","TOT","PC_GDP","A","2006",-1.250301,
"IRL","GGWEALTH","TOT","PC_GDP","A","2007",0.2226147,
"IRL","GGWEALTH","TOT","PC_GDP","A","2008",-12.35592,
"IRL","GGWEALTH","TOT","PC_GDP","A","2009",-25.36378,
"IRL","GGWEALTH","TOT","PC_GDP","A","2010",-47.83414,
"IRL","GGWEALTH","TOT","PC_GDP","A","2011",-61.91024,
"IRL","GGWEALTH","TOT","PC_GDP","A","2012",-78.89787,
"IRL","GGWEALTH","TOT","PC_GDP","A","2013",-81.47776,
"IRL","GGWEALTH","TOT","PC_GDP","A","2014",-79.69891,
"IRL","GGWEALTH","TOT","PC_GDP","A","2015",-58.00431,
"HUN","GGWEALTH","TOT","PC_GDP","A","1995",-25.29547,
"HUN","GGWEALTH","TOT","PC_GDP","A","1996",-26.34665,
"HUN","GGWEALTH","TOT","PC_GDP","A","1997",-25.99425,
"HUN","GGWEALTH","TOT","PC_GDP","A","1998",-32.63453,
"HUN","GGWEALTH","TOT","PC_GDP","A","1999",-34.38464,
"HUN","GGWEALTH","TOT","PC_GDP","A","2000",-33.04715,
"HUN","GGWEALTH","TOT","PC_GDP","A","2001",-32.35838,
"HUN","GGWEALTH","TOT","PC_GDP","A","2002",-36.54706,
"HUN","GGWEALTH","TOT","PC_GDP","A","2003",-37.45594,
"HUN","GGWEALTH","TOT","PC_GDP","A","2004",-41.49355,
"HUN","GGWEALTH","TOT","PC_GDP","A","2005",-44.46019,
"HUN","GGWEALTH","TOT","PC_GDP","A","2006",-51.44185,
"HUN","GGWEALTH","TOT","PC_GDP","A","2007",-52.81433,
"HUN","GGWEALTH","TOT","PC_GDP","A","2008",-50.73916,
"HUN","GGWEALTH","TOT","PC_GDP","A","2009",-58.63965,
"HUN","GGWEALTH","TOT","PC_GDP","A","2010",-60.81869,
"HUN","GGWEALTH","TOT","PC_GDP","A","2011",-62.47676,
"HUN","GGWEALTH","TOT","PC_GDP","A","2012",-69.74947,
"HUN","GGWEALTH","TOT","PC_GDP","A","2013",-70.30473,
"HUN","GGWEALTH","TOT","PC_GDP","A","2014",-70.86983,
"HUN","GGWEALTH","TOT","PC_GDP","A","2015",-66.75407,
"HUN","GGWEALTH","TOT","PC_GDP","A","2016",-65.84345,
"LUX","GGWEALTH","TOT","PC_GDP","A","2002",54.46745,
"LUX","GGWEALTH","TOT","PC_GDP","A","2003",53.7717,
"LUX","GGWEALTH","TOT","PC_GDP","A","2004",50.47644,
"LUX","GGWEALTH","TOT","PC_GDP","A","2005",49.18181,
"LUX","GGWEALTH","TOT","PC_GDP","A","2006",51.62604,
"LUX","GGWEALTH","TOT","PC_GDP","A","2007",54.52874,
"LUX","GGWEALTH","TOT","PC_GDP","A","2008",51.34062,
"LUX","GGWEALTH","TOT","PC_GDP","A","2009",55.61432,
"LUX","GGWEALTH","TOT","PC_GDP","A","2010",51.11834,
"LUX","GGWEALTH","TOT","PC_GDP","A","2011",45.21397,
"LUX","GGWEALTH","TOT","PC_GDP","A","2012",49.55883,
"LUX","GGWEALTH","TOT","PC_GDP","A","2013",50.79596,
"LUX","GGWEALTH","TOT","PC_GDP","A","2014",50.22959,
"LUX","GGWEALTH","TOT","PC_GDP","A","2015",49.50726,
"EST","GGWEALTH","TOT","PC_GDP","A","1995",38.96794,
"EST","GGWEALTH","TOT","PC_GDP","A","1996",28.51244,
"EST","GGWEALTH","TOT","PC_GDP","A","1997",23.40276,
"EST","GGWEALTH","TOT","PC_GDP","A","1998",40.30524,
"EST","GGWEALTH","TOT","PC_GDP","A","1999",39.30873,
"EST","GGWEALTH","TOT","PC_GDP","A","2000",30.16641,
"EST","GGWEALTH","TOT","PC_GDP","A","2001",29.0624,
"EST","GGWEALTH","TOT","PC_GDP","A","2002",28.61263,
"EST","GGWEALTH","TOT","PC_GDP","A","2003",29.47682,
"EST","GGWEALTH","TOT","PC_GDP","A","2004",31.88102,
"EST","GGWEALTH","TOT","PC_GDP","A","2005",32.04409,
"EST","GGWEALTH","TOT","PC_GDP","A","2006",30.78828,
"EST","GGWEALTH","TOT","PC_GDP","A","2007",28.44446,
"EST","GGWEALTH","TOT","PC_GDP","A","2008",25.85839,
"EST","GGWEALTH","TOT","PC_GDP","A","2009",28.84801,
"EST","GGWEALTH","TOT","PC_GDP","A","2010",35.93812,
"EST","GGWEALTH","TOT","PC_GDP","A","2011",33.42406,
"EST","GGWEALTH","TOT","PC_GDP","A","2012",31.37069,
"EST","GGWEALTH","TOT","PC_GDP","A","2013",31.38624,
"EST","GGWEALTH","TOT","PC_GDP","A","2014",30.74715,
"EST","GGWEALTH","TOT","PC_GDP","A","2015",42.0849,
"ISL","GGWEALTH","TOT","PC_GDP","A","2003",-29.91676,
"ISL","GGWEALTH","TOT","PC_GDP","A","2004",-26.78704,
"ISL","GGWEALTH","TOT","PC_GDP","A","2005",-9.391504,
"ISL","GGWEALTH","TOT","PC_GDP","A","2006",2.810736,
"ISL","GGWEALTH","TOT","PC_GDP","A","2007",9.379744,
"ISL","GGWEALTH","TOT","PC_GDP","A","2008",-10.00091,
"ISL","GGWEALTH","TOT","PC_GDP","A","2009",-22.97456,
"ISL","GGWEALTH","TOT","PC_GDP","A","2010",-33.14465,
"ISL","GGWEALTH","TOT","PC_GDP","A","2011",-48.72672,
"ISL","GGWEALTH","TOT","PC_GDP","A","2012",-51.03054,
"ISL","GGWEALTH","TOT","PC_GDP","A","2013",-49.73883,
"ISL","GGWEALTH","TOT","PC_GDP","A","2014",-48.23797,
"ISL","GGWEALTH","TOT","PC_GDP","A","2015",-52.29787,
"JPN","GGWEALTH","TOT","PC_GDP","A","1995",-17.47555,
"JPN","GGWEALTH","TOT","PC_GDP","A","1996",-23.97251,
"JPN","GGWEALTH","TOT","PC_GDP","A","1997",-27.88168,
"JPN","GGWEALTH","TOT","PC_GDP","A","1998",-35.76711,
"JPN","GGWEALTH","TOT","PC_GDP","A","1999",-41.55898,
"JPN","GGWEALTH","TOT","PC_GDP","A","2000",-48.6715,
"JPN","GGWEALTH","TOT","PC_GDP","A","2001",-53.58058,
"JPN","GGWEALTH","TOT","PC_GDP","A","2002",-62.32771,
"JPN","GGWEALTH","TOT","PC_GDP","A","2003",-68.06739,
"JPN","GGWEALTH","TOT","PC_GDP","A","2004",-71.463,
"JPN","GGWEALTH","TOT","PC_GDP","A","2005",-65.20733,
"JPN","GGWEALTH","TOT","PC_GDP","A","2006",-65.96326,
"JPN","GGWEALTH","TOT","PC_GDP","A","2007",-72.8359,
"JPN","GGWEALTH","TOT","PC_GDP","A","2008",-83.23244,
"JPN","GGWEALTH","TOT","PC_GDP","A","2009",-95.82816,
"JPN","GGWEALTH","TOT","PC_GDP","A","2010",-104.1307,
"JPN","GGWEALTH","TOT","PC_GDP","A","2011",-115.5375,
"JPN","GGWEALTH","TOT","PC_GDP","A","2012",-119.1319,
"JPN","GGWEALTH","TOT","PC_GDP","A","2013",-117.3432,
"JPN","GGWEALTH","TOT","PC_GDP","A","2014",-115.0595,
"JPN","GGWEALTH","TOT","PC_GDP","A","2015",-126.074,
"CZE","GGWEALTH","TOT","PC_GDP","A","1995",59.40659,
"CZE","GGWEALTH","TOT","PC_GDP","A","1996",46.66713,
"CZE","GGWEALTH","TOT","PC_GDP","A","1997",43.52209,
"CZE","GGWEALTH","TOT","PC_GDP","A","1998",33.71877,
"CZE","GGWEALTH","TOT","PC_GDP","A","1999",28.11805,
"CZE","GGWEALTH","TOT","PC_GDP","A","2000",25.33537,
"CZE","GGWEALTH","TOT","PC_GDP","A","2001",23.34766,
"CZE","GGWEALTH","TOT","PC_GDP","A","2002",15.02321,
"CZE","GGWEALTH","TOT","PC_GDP","A","2003",6.954535,
"CZE","GGWEALTH","TOT","PC_GDP","A","2004",10.12626,
"CZE","GGWEALTH","TOT","PC_GDP","A","2005",11.46729,
"CZE","GGWEALTH","TOT","PC_GDP","A","2006",11.6974,
"CZE","GGWEALTH","TOT","PC_GDP","A","2007",14.50872,
"CZE","GGWEALTH","TOT","PC_GDP","A","2008",5.80095,
"CZE","GGWEALTH","TOT","PC_GDP","A","2009",1.419267,
"CZE","GGWEALTH","TOT","PC_GDP","A","2010",-6.334443,
"CZE","GGWEALTH","TOT","PC_GDP","A","2011",-9.21397,
"CZE","GGWEALTH","TOT","PC_GDP","A","2012",-16.57075,
"CZE","GGWEALTH","TOT","PC_GDP","A","2013",-18.09197,
"CZE","GGWEALTH","TOT","PC_GDP","A","2014",-20.14118,
"CZE","GGWEALTH","TOT","PC_GDP","A","2015",-19.63755,
"SVN","GGWEALTH","TOT","PC_GDP","A","2001",15.30258,
"SVN","GGWEALTH","TOT","PC_GDP","A","2002",13.94011,
"SVN","GGWEALTH","TOT","PC_GDP","A","2003",9.288009,
"SVN","GGWEALTH","TOT","PC_GDP","A","2004",9.753295,
"SVN","GGWEALTH","TOT","PC_GDP","A","2005",8.762565,
"SVN","GGWEALTH","TOT","PC_GDP","A","2006",10.24548,
"SVN","GGWEALTH","TOT","PC_GDP","A","2007",18.27177,
"SVN","GGWEALTH","TOT","PC_GDP","A","2008",7.18291,
"SVN","GGWEALTH","TOT","PC_GDP","A","2009",2.065464,
"SVN","GGWEALTH","TOT","PC_GDP","A","2010",0.6068559,
"SVN","GGWEALTH","TOT","PC_GDP","A","2011",-2.414876,
"SVN","GGWEALTH","TOT","PC_GDP","A","2012",-8.996598,
"SVN","GGWEALTH","TOT","PC_GDP","A","2013",-14.83417,
"SVN","GGWEALTH","TOT","PC_GDP","A","2014",-22.53807,
"SVN","GGWEALTH","TOT","PC_GDP","A","2015",-25.90614,
"SVN","GGWEALTH","TOT","PC_GDP","A","2016",-29.26645,
"SVK","GGWEALTH","TOT","PC_GDP","A","1995",30.08058,
"SVK","GGWEALTH","TOT","PC_GDP","A","1996",17.85575,
"SVK","GGWEALTH","TOT","PC_GDP","A","1997",12.03659,
"SVK","GGWEALTH","TOT","PC_GDP","A","1998",4.114753,
"SVK","GGWEALTH","TOT","PC_GDP","A","1999",-0.8848412,
"SVK","GGWEALTH","TOT","PC_GDP","A","2000",-13.05848,
"SVK","GGWEALTH","TOT","PC_GDP","A","2001",-10.56775,
"SVK","GGWEALTH","TOT","PC_GDP","A","2002",-0.9385045,
"SVK","GGWEALTH","TOT","PC_GDP","A","2003",-1.53667,
"SVK","GGWEALTH","TOT","PC_GDP","A","2004",-4.828471,
"SVK","GGWEALTH","TOT","PC_GDP","A","2005",-10.19325,
"SVK","GGWEALTH","TOT","PC_GDP","A","2006",-14.51808,
"SVK","GGWEALTH","TOT","PC_GDP","A","2007",-13.51678,
"SVK","GGWEALTH","TOT","PC_GDP","A","2008",-15.3115,
"SVK","GGWEALTH","TOT","PC_GDP","A","2009",-22.34822,
"SVK","GGWEALTH","TOT","PC_GDP","A","2010",-27.98796,
"SVK","GGWEALTH","TOT","PC_GDP","A","2011",-32.84219,
"SVK","GGWEALTH","TOT","PC_GDP","A","2012",-31.16138,
"SVK","GGWEALTH","TOT","PC_GDP","A","2013",-32.68988,
"SVK","GGWEALTH","TOT","PC_GDP","A","2014",-35.4616,
"SVK","GGWEALTH","TOT","PC_GDP","A","2015",-35.13462,
"PRT","GGWEALTH","TOT","PC_GDP","A","1995",-41.1195,
"PRT","GGWEALTH","TOT","PC_GDP","A","1996",-43.06866,
"PRT","GGWEALTH","TOT","PC_GDP","A","1997",-35.90565,
"PRT","GGWEALTH","TOT","PC_GDP","A","1998",-37.64816,
"PRT","GGWEALTH","TOT","PC_GDP","A","1999",-36.21154,
"PRT","GGWEALTH","TOT","PC_GDP","A","2000",-37.82873,
"PRT","GGWEALTH","TOT","PC_GDP","A","2001",-40.02327,
"PRT","GGWEALTH","TOT","PC_GDP","A","2002",-44.38691,
"PRT","GGWEALTH","TOT","PC_GDP","A","2003",-47.21419,
"PRT","GGWEALTH","TOT","PC_GDP","A","2004",-53.94717,
"PRT","GGWEALTH","TOT","PC_GDP","A","2005",-55.93753,
"PRT","GGWEALTH","TOT","PC_GDP","A","2006",-54.69958,
"PRT","GGWEALTH","TOT","PC_GDP","A","2007",-54.99697,
"PRT","GGWEALTH","TOT","PC_GDP","A","2008",-59.59246,
"PRT","GGWEALTH","TOT","PC_GDP","A","2009",-70.31602,
"PRT","GGWEALTH","TOT","PC_GDP","A","2010",-71.01799,
"PRT","GGWEALTH","TOT","PC_GDP","A","2011",-66.64145,
"PRT","GGWEALTH","TOT","PC_GDP","A","2012",-90.59686,
"PRT","GGWEALTH","TOT","PC_GDP","A","2013",-99.00787,
"PRT","GGWEALTH","TOT","PC_GDP","A","2014",-108.8801,
"PRT","GGWEALTH","TOT","PC_GDP","A","2015",-109.394,
"PRT","GGWEALTH","TOT","PC_GDP","A","2016",-104.5005,
"DEU","GGWEALTH","TOT","PC_GDP","A","1995",-27.59311,
"DEU","GGWEALTH","TOT","PC_GDP","A","1996",-30.59533,
"DEU","GGWEALTH","TOT","PC_GDP","A","1997",-30.52616,
"DEU","GGWEALTH","TOT","PC_GDP","A","1998",-33.45778,
"DEU","GGWEALTH","TOT","PC_GDP","A","1999",-33.07897,
"DEU","GGWEALTH","TOT","PC_GDP","A","2000",-32.78755,
"DEU","GGWEALTH","TOT","PC_GDP","A","2001",-35.06837,
"DEU","GGWEALTH","TOT","PC_GDP","A","2002",-38.91241,
"DEU","GGWEALTH","TOT","PC_GDP","A","2003",-42.01421,
"DEU","GGWEALTH","TOT","PC_GDP","A","2004",-45.87381,
"DEU","GGWEALTH","TOT","PC_GDP","A","2005",-48.30572,
"DEU","GGWEALTH","TOT","PC_GDP","A","2006",-46.69015,
"DEU","GGWEALTH","TOT","PC_GDP","A","2007",-41.54375,
"DEU","GGWEALTH","TOT","PC_GDP","A","2008",-43.36837,
"DEU","GGWEALTH","TOT","PC_GDP","A","2009",-47.99417,
"DEU","GGWEALTH","TOT","PC_GDP","A","2010",-49.09676,
"DEU","GGWEALTH","TOT","PC_GDP","A","2011",-50.29688,
"DEU","GGWEALTH","TOT","PC_GDP","A","2012",-49.9007,
"DEU","GGWEALTH","TOT","PC_GDP","A","2013",-46.13235,
"DEU","GGWEALTH","TOT","PC_GDP","A","2014",-46.05716,
"DEU","GGWEALTH","TOT","PC_GDP","A","2015",-42.72393,
"GRC","GGWEALTH","TOT","PC_GDP","A","1995",-76.33079,
"GRC","GGWEALTH","TOT","PC_GDP","A","1996",-76.33964,
"GRC","GGWEALTH","TOT","PC_GDP","A","1997",-72.36523,
"GRC","GGWEALTH","TOT","PC_GDP","A","1998",-70.37915,
"GRC","GGWEALTH","TOT","PC_GDP","A","1999",-67.98874,
"GRC","GGWEALTH","TOT","PC_GDP","A","2000",-87.63764,
"GRC","GGWEALTH","TOT","PC_GDP","A","2001",-90.80708,
"GRC","GGWEALTH","TOT","PC_GDP","A","2002",-92.38439,
"GRC","GGWEALTH","TOT","PC_GDP","A","2003",-86.35,
"GRC","GGWEALTH","TOT","PC_GDP","A","2004",-85.88749,
"GRC","GGWEALTH","TOT","PC_GDP","A","2005",-82.63147,
"GRC","GGWEALTH","TOT","PC_GDP","A","2006",-85.65899,
"GRC","GGWEALTH","TOT","PC_GDP","A","2007",-81.01664,
"GRC","GGWEALTH","TOT","PC_GDP","A","2008",-91.17785,
"GRC","GGWEALTH","TOT","PC_GDP","A","2009",-102.6919,
"GRC","GGWEALTH","TOT","PC_GDP","A","2010",-92.28175,
"GRC","GGWEALTH","TOT","PC_GDP","A","2011",-73.37739,
"GRC","GGWEALTH","TOT","PC_GDP","A","2012",-105.2241,
"GRC","GGWEALTH","TOT","PC_GDP","A","2013",-124.6848,
"GRC","GGWEALTH","TOT","PC_GDP","A","2014",-135.5764,
"GRC","GGWEALTH","TOT","PC_GDP","A","2015",-148.0557,
"GRC","GGWEALTH","TOT","PC_GDP","A","2016",-147.6457,
"NLD","GGWEALTH","TOT","PC_GDP","A","1995",-44.8597,
"NLD","GGWEALTH","TOT","PC_GDP","A","1996",-43.68731,
"NLD","GGWEALTH","TOT","PC_GDP","A","1997",-41.23948,
"NLD","GGWEALTH","TOT","PC_GDP","A","1998",-39.53508,
"NLD","GGWEALTH","TOT","PC_GDP","A","1999",-28.91538,
"NLD","GGWEALTH","TOT","PC_GDP","A","2000",-27.9819,
"NLD","GGWEALTH","TOT","PC_GDP","A","2001",-27.51397,
"NLD","GGWEALTH","TOT","PC_GDP","A","2002",-31.03654,
"NLD","GGWEALTH","TOT","PC_GDP","A","2003",-32.19841,
"NLD","GGWEALTH","TOT","PC_GDP","A","2004",-32.90116,
"NLD","GGWEALTH","TOT","PC_GDP","A","2005",-30.1377,
"NLD","GGWEALTH","TOT","PC_GDP","A","2006",-27.42709,
"NLD","GGWEALTH","TOT","PC_GDP","A","2007",-23.79125,
"NLD","GGWEALTH","TOT","PC_GDP","A","2008",-23.07956,
"NLD","GGWEALTH","TOT","PC_GDP","A","2009",-27.77942,
"NLD","GGWEALTH","TOT","PC_GDP","A","2010",-32.34285,
"NLD","GGWEALTH","TOT","PC_GDP","A","2011",-37.16056,
"NLD","GGWEALTH","TOT","PC_GDP","A","2012",-39.65054,
"NLD","GGWEALTH","TOT","PC_GDP","A","2013",-40.08545,
"NLD","GGWEALTH","TOT","PC_GDP","A","2014",-43.83597,
"NLD","GGWEALTH","TOT","PC_GDP","A","2015",-42.41862,
"NLD","GGWEALTH","TOT","PC_GDP","A","2016",-40.60793,
"USA","GGWEALTH","TOT","PC_GDP","A","1995",-66.73231,
"USA","GGWEALTH","TOT","PC_GDP","A","1996",-63.12812,
"USA","GGWEALTH","TOT","PC_GDP","A","1997",-57.47365,
"USA","GGWEALTH","TOT","PC_GDP","A","1998",-52.25421,
"USA","GGWEALTH","TOT","PC_GDP","A","1999",-45.8108,
"USA","GGWEALTH","TOT","PC_GDP","A","2000",-42.94706,
"USA","GGWEALTH","TOT","PC_GDP","A","2001",-44.67529,
"USA","GGWEALTH","TOT","PC_GDP","A","2002",-51.5014,
"USA","GGWEALTH","TOT","PC_GDP","A","2003",-52.5848,
"USA","GGWEALTH","TOT","PC_GDP","A","2004",-60.94558,
"USA","GGWEALTH","TOT","PC_GDP","A","2005",-60.25222,
"USA","GGWEALTH","TOT","PC_GDP","A","2006",-57.85484,
"USA","GGWEALTH","TOT","PC_GDP","A","2007",-57.6179,
"USA","GGWEALTH","TOT","PC_GDP","A","2008",-70.73148,
"USA","GGWEALTH","TOT","PC_GDP","A","2009",-82.48299,
"USA","GGWEALTH","TOT","PC_GDP","A","2010",-91.66906,
"USA","GGWEALTH","TOT","PC_GDP","A","2011",-99.43638,
"USA","GGWEALTH","TOT","PC_GDP","A","2012",-102.4035,
"USA","GGWEALTH","TOT","PC_GDP","A","2013",-100.882,
"USA","GGWEALTH","TOT","PC_GDP","A","2014",-100.0224,
"USA","GGWEALTH","TOT","PC_GDP","A","2015",-100.8479,
"USA","GGWEALTH","TOT","PC_GDP","A","2016",-101.7949,
"POL","GGWEALTH","TOT","PC_GDP","A","2003",-25.51062,
"POL","GGWEALTH","TOT","PC_GDP","A","2004",-21.70596,
"POL","GGWEALTH","TOT","PC_GDP","A","2005",-22.55116,
"POL","GGWEALTH","TOT","PC_GDP","A","2006",-20.98822,
"POL","GGWEALTH","TOT","PC_GDP","A","2007",-15.78985,
"POL","GGWEALTH","TOT","PC_GDP","A","2008",-15.69566,
"POL","GGWEALTH","TOT","PC_GDP","A","2009",-20.71005,
"POL","GGWEALTH","TOT","PC_GDP","A","2010",-26.73658,
"POL","GGWEALTH","TOT","PC_GDP","A","2011",-30.42169,
"POL","GGWEALTH","TOT","PC_GDP","A","2012",-35.12679,
"POL","GGWEALTH","TOT","PC_GDP","A","2013",-37.55783,
"POL","GGWEALTH","TOT","PC_GDP","A","2014",-42.03456,
"POL","GGWEALTH","TOT","PC_GDP","A","2015",-41.95872,
"POL","GGWEALTH","TOT","PC_GDP","A","2016",-43.09451,
"CAN","GGWEALTH","TOT","PC_GDP","A","1995",-92.06066,
"CAN","GGWEALTH","TOT","PC_GDP","A","1996",-96.40266,
"CAN","GGWEALTH","TOT","PC_GDP","A","1997",-90.30315,
"CAN","GGWEALTH","TOT","PC_GDP","A","1998",-88.82614,
"CAN","GGWEALTH","TOT","PC_GDP","A","1999",-75.54985,
"CAN","GGWEALTH","TOT","PC_GDP","A","2000",-66.60108,
"CAN","GGWEALTH","TOT","PC_GDP","A","2001",-64.06881,
"CAN","GGWEALTH","TOT","PC_GDP","A","2002",-64.14886,
"CAN","GGWEALTH","TOT","PC_GDP","A","2003",-59.18221,
"CAN","GGWEALTH","TOT","PC_GDP","A","2004",-54.60059,
"CAN","GGWEALTH","TOT","PC_GDP","A","2005",-49.06904,
"CAN","GGWEALTH","TOT","PC_GDP","A","2006",-44.15714,
"CAN","GGWEALTH","TOT","PC_GDP","A","2007",-40.37268,
"CAN","GGWEALTH","TOT","PC_GDP","A","2008",-41.91574,
"CAN","GGWEALTH","TOT","PC_GDP","A","2009",-48.2809,
"CAN","GGWEALTH","TOT","PC_GDP","A","2010",-49.98538,
"CAN","GGWEALTH","TOT","PC_GDP","A","2011",-52.98513,
"CAN","GGWEALTH","TOT","PC_GDP","A","2012",-53.63966,
"CAN","GGWEALTH","TOT","PC_GDP","A","2013",-48.37966,
"CAN","GGWEALTH","TOT","PC_GDP","A","2014",-47.39614,
"CAN","GGWEALTH","TOT","PC_GDP","A","2015",-47.41795,
"CAN","GGWEALTH","TOT","PC_GDP","A","2016",-47.42669,
"AUS","GGWEALTH","TOT","PC_GDP","A","1995",-16.33144,
"AUS","GGWEALTH","TOT","PC_GDP","A","1996",-16.58549,
"AUS","GGWEALTH","TOT","PC_GDP","A","1997",-10.5751,
"AUS","GGWEALTH","TOT","PC_GDP","A","1998",-0.5064412,
"AUS","GGWEALTH","TOT","PC_GDP","A","1999",3.282465,
"AUS","GGWEALTH","TOT","PC_GDP","A","2000",4.098481,
"AUS","GGWEALTH","TOT","PC_GDP","A","2001",1.872511,
"AUS","GGWEALTH","TOT","PC_GDP","A","2002",3.566176,
"AUS","GGWEALTH","TOT","PC_GDP","A","2003",6.315333,
"AUS","GGWEALTH","TOT","PC_GDP","A","2004",9.719942,
"AUS","GGWEALTH","TOT","PC_GDP","A","2005",10.85564,
"AUS","GGWEALTH","TOT","PC_GDP","A","2006",11.98411,
"AUS","GGWEALTH","TOT","PC_GDP","A","2007",15.53144,
"AUS","GGWEALTH","TOT","PC_GDP","A","2008",15.37871,
"AUS","GGWEALTH","TOT","PC_GDP","A","2009",8.985301,
"AUS","GGWEALTH","TOT","PC_GDP","A","2010",3.85007,
"AUS","GGWEALTH","TOT","PC_GDP","A","2011",-1.492216,
"AUS","GGWEALTH","TOT","PC_GDP","A","2012",-12.49646,
"AUS","GGWEALTH","TOT","PC_GDP","A","2013",-6.335145,
"AUS","GGWEALTH","TOT","PC_GDP","A","2014",-9.839296,
"AUS","GGWEALTH","TOT","PC_GDP","A","2015",-10.10585,
"AUS","GGWEALTH","TOT","PC_GDP","A","2016",-13.60986,
"CHE","GGWEALTH","TOT","PC_GDP","A","1999",-10.89711,
"CHE","GGWEALTH","TOT","PC_GDP","A","2000",-7.304171,
"CHE","GGWEALTH","TOT","PC_GDP","A","2001",-6.827956,
"CHE","GGWEALTH","TOT","PC_GDP","A","2002",-12.45286,
"CHE","GGWEALTH","TOT","PC_GDP","A","2003",-12.54243,
"CHE","GGWEALTH","TOT","PC_GDP","A","2004",-14.36666,
"CHE","GGWEALTH","TOT","PC_GDP","A","2005",-13.40491,
"CHE","GGWEALTH","TOT","PC_GDP","A","2006",-9.972396,
"CHE","GGWEALTH","TOT","PC_GDP","A","2007",-8.810109,
"CHE","GGWEALTH","TOT","PC_GDP","A","2008",-11.98449,
"CHE","GGWEALTH","TOT","PC_GDP","A","2009",-7.687621,
"CHE","GGWEALTH","TOT","PC_GDP","A","2010",-10.42654,
"CHE","GGWEALTH","TOT","PC_GDP","A","2011",-9.358027,
"CHE","GGWEALTH","TOT","PC_GDP","A","2012",-7.019602,
"CHE","GGWEALTH","TOT","PC_GDP","A","2013",-7.564085,
"CHE","GGWEALTH","TOT","PC_GDP","A","2014",-1.961837,
"CHE","GGWEALTH","TOT","PC_GDP","A","2015",-5.940928,
"GBR","GGWEALTH","TOT","PC_GDP","A","1995",-29.42475,
"GBR","GGWEALTH","TOT","PC_GDP","A","1996",-30.64061,
"GBR","GGWEALTH","TOT","PC_GDP","A","1997",-31.28502,
"GBR","GGWEALTH","TOT","PC_GDP","A","1998",-33.4198,
"GBR","GGWEALTH","TOT","PC_GDP","A","1999",-30.28501,
"GBR","GGWEALTH","TOT","PC_GDP","A","2000",-29.32777,
"GBR","GGWEALTH","TOT","PC_GDP","A","2001",-26.47427,
"GBR","GGWEALTH","TOT","PC_GDP","A","2002",-29.2612,
"GBR","GGWEALTH","TOT","PC_GDP","A","2003",-28.44608,
"GBR","GGWEALTH","TOT","PC_GDP","A","2004",-30.84934,
"GBR","GGWEALTH","TOT","PC_GDP","A","2005",-31.44331,
"GBR","GGWEALTH","TOT","PC_GDP","A","2006",-31.80077,
"GBR","GGWEALTH","TOT","PC_GDP","A","2007",-32.36718,
"GBR","GGWEALTH","TOT","PC_GDP","A","2008",-39.18857,
"GBR","GGWEALTH","TOT","PC_GDP","A","2009",-49.13986,
"GBR","GGWEALTH","TOT","PC_GDP","A","2010",-54.64606,
"GBR","GGWEALTH","TOT","PC_GDP","A","2011",-70.21066,
"GBR","GGWEALTH","TOT","PC_GDP","A","2012",-71.8913,
"GBR","GGWEALTH","TOT","PC_GDP","A","2013",-70.1963,
"GBR","GGWEALTH","TOT","PC_GDP","A","2014",-81.05379,
"GBR","GGWEALTH","TOT","PC_GDP","A","2015",-82.36495,
"GBR","GGWEALTH","TOT","PC_GDP","A","2016",-92.79144,
"LVA","GGWEALTH","TOT","PC_GDP","A","2004",5.326313,
"LVA","GGWEALTH","TOT","PC_GDP","A","2005",4.829247,
"LVA","GGWEALTH","TOT","PC_GDP","A","2006",3.690477,
"LVA","GGWEALTH","TOT","PC_GDP","A","2007",3.889915,
"LVA","GGWEALTH","TOT","PC_GDP","A","2008",1.109143,
"LVA","GGWEALTH","TOT","PC_GDP","A","2009",-6.72179,
"LVA","GGWEALTH","TOT","PC_GDP","A","2010",-13.7314,
"LVA","GGWEALTH","TOT","PC_GDP","A","2011",-14.76271,
"LVA","GGWEALTH","TOT","PC_GDP","A","2012",-12.47401,
"LVA","GGWEALTH","TOT","PC_GDP","A","2013",-13.78765,
"LVA","GGWEALTH","TOT","PC_GDP","A","2014",-14.41049,
"LVA","GGWEALTH","TOT","PC_GDP","A","2015",-17.43661,
