﻿"LOCATION","INDICATOR","SUBJECT","MEASURE","FREQUENCY","TIME","Value","Flag Codes"
"AUS","GGDEBT","TOT","PC_GDP","A","1995",59.44018,
"AUS","GGDEBT","TOT","PC_GDP","A","1996",57.1586,
"AUS","GGDEBT","TOT","PC_GDP","A","1997",54.09777,
"AUS","GGDEBT","TOT","PC_GDP","A","1998",50.06779,
"AUS","GGDEBT","TOT","PC_GDP","A","1999",45.04856,
"AUS","GGDEBT","TOT","PC_GDP","A","2000",42.84462,
"AUS","GGDEBT","TOT","PC_GDP","A","2001",41.72028,
"AUS","GGDEBT","TOT","PC_GDP","A","2002",40.69552,
"AUS","GGDEBT","TOT","PC_GDP","A","2003",38.21686,
"AUS","GGDEBT","TOT","PC_GDP","A","2004",37.47162,
"AUS","GGDEBT","TOT","PC_GDP","A","2005",36.73745,
"AUS","GGDEBT","TOT","PC_GDP","A","2006",36.38463,
"AUS","GGDEBT","TOT","PC_GDP","A","2007",34.1666,
"AUS","GGDEBT","TOT","PC_GDP","A","2008",35.40642,
"AUS","GGDEBT","TOT","PC_GDP","A","2009",43.65345,
"AUS","GGDEBT","TOT","PC_GDP","A","2010",47.10913,
"AUS","GGDEBT","TOT","PC_GDP","A","2011",50.33977,
"AUS","GGDEBT","TOT","PC_GDP","A","2012",62.48719,
"AUS","GGDEBT","TOT","PC_GDP","A","2013",58.35478,
"AUS","GGDEBT","TOT","PC_GDP","A","2014",64.02522,
"AUS","GGDEBT","TOT","PC_GDP","A","2015",67.67892,
"AUS","GGDEBT","TOT","PC_GDP","A","2016",73.68686,
"AUT","GGDEBT","TOT","PC_GDP","A","1995",69.34107,
"AUT","GGDEBT","TOT","PC_GDP","A","1996",69.86779,
"AUT","GGDEBT","TOT","PC_GDP","A","1997",65.51575,
"AUT","GGDEBT","TOT","PC_GDP","A","1998",67.29469,
"AUT","GGDEBT","TOT","PC_GDP","A","1999",70.53667,
"AUT","GGDEBT","TOT","PC_GDP","A","2000",70.53651,
"AUT","GGDEBT","TOT","PC_GDP","A","2001",71.61172,
"AUT","GGDEBT","TOT","PC_GDP","A","2002",73.37479,
"AUT","GGDEBT","TOT","PC_GDP","A","2003",72.01047,
"AUT","GGDEBT","TOT","PC_GDP","A","2004",71.26021,
"AUT","GGDEBT","TOT","PC_GDP","A","2005",75.84488,
"AUT","GGDEBT","TOT","PC_GDP","A","2006",72.37356,
"AUT","GGDEBT","TOT","PC_GDP","A","2007",68.72357,
"AUT","GGDEBT","TOT","PC_GDP","A","2008",74.03658,
"AUT","GGDEBT","TOT","PC_GDP","A","2009",86.25144,
"AUT","GGDEBT","TOT","PC_GDP","A","2010",90.30674,
"AUT","GGDEBT","TOT","PC_GDP","A","2011",91.32893,
"AUT","GGDEBT","TOT","PC_GDP","A","2012",97.58589,
"AUT","GGDEBT","TOT","PC_GDP","A","2013",93.9263,
"AUT","GGDEBT","TOT","PC_GDP","A","2014",101.8956,
"AUT","GGDEBT","TOT","PC_GDP","A","2015",101.0813,
"BEL","GGDEBT","TOT","PC_GDP","A","1995",140.3688,
"BEL","GGDEBT","TOT","PC_GDP","A","1996",142.2427,
"BEL","GGDEBT","TOT","PC_GDP","A","1997",136.8264,
"BEL","GGDEBT","TOT","PC_GDP","A","1998",137.7972,
"BEL","GGDEBT","TOT","PC_GDP","A","1999",126.4584,
"BEL","GGDEBT","TOT","PC_GDP","A","2000",120.3532,
"BEL","GGDEBT","TOT","PC_GDP","A","2001",118.9703,
"BEL","GGDEBT","TOT","PC_GDP","A","2002",118.1121,
"BEL","GGDEBT","TOT","PC_GDP","A","2003",114.5786,
"BEL","GGDEBT","TOT","PC_GDP","A","2004",110.2231,
"BEL","GGDEBT","TOT","PC_GDP","A","2005",107.9977,
"BEL","GGDEBT","TOT","PC_GDP","A","2006",100.0902,
"BEL","GGDEBT","TOT","PC_GDP","A","2007",93.84459,
"BEL","GGDEBT","TOT","PC_GDP","A","2008",101.1343,
"BEL","GGDEBT","TOT","PC_GDP","A","2009",109.4759,
"BEL","GGDEBT","TOT","PC_GDP","A","2010",107.7504,
"BEL","GGDEBT","TOT","PC_GDP","A","2011",110.3704,
"BEL","GGDEBT","TOT","PC_GDP","A","2012",120.3489,
"BEL","GGDEBT","TOT","PC_GDP","A","2013",118.481,
"BEL","GGDEBT","TOT","PC_GDP","A","2014",129.6698,
"BEL","GGDEBT","TOT","PC_GDP","A","2015",126.7598,
"BEL","GGDEBT","TOT","PC_GDP","A","2016",127.4771,
"CAN","GGDEBT","TOT","PC_GDP","A","1995",124.3585,
"CAN","GGDEBT","TOT","PC_GDP","A","1996",130.4724,
"CAN","GGDEBT","TOT","PC_GDP","A","1997",124.3579,
"CAN","GGDEBT","TOT","PC_GDP","A","1998",123.8997,
"CAN","GGDEBT","TOT","PC_GDP","A","1999",114.2691,
"CAN","GGDEBT","TOT","PC_GDP","A","2000",105.4222,
"CAN","GGDEBT","TOT","PC_GDP","A","2001",105.2199,
"CAN","GGDEBT","TOT","PC_GDP","A","2002",103.986,
"CAN","GGDEBT","TOT","PC_GDP","A","2003",99.65713,
"CAN","GGDEBT","TOT","PC_GDP","A","2004",95.72514,
"CAN","GGDEBT","TOT","PC_GDP","A","2005",94.20788,
"CAN","GGDEBT","TOT","PC_GDP","A","2006",91.41594,
"CAN","GGDEBT","TOT","PC_GDP","A","2007",87.16206,
"CAN","GGDEBT","TOT","PC_GDP","A","2008",89.97141,
"CAN","GGDEBT","TOT","PC_GDP","A","2009",103.0748,
"CAN","GGDEBT","TOT","PC_GDP","A","2010",105.2244,
"CAN","GGDEBT","TOT","PC_GDP","A","2011",107.8826,
"CAN","GGDEBT","TOT","PC_GDP","A","2012",111.5424,
"CAN","GGDEBT","TOT","PC_GDP","A","2013",107.5053,
"CAN","GGDEBT","TOT","PC_GDP","A","2014",108.8482,
"CAN","GGDEBT","TOT","PC_GDP","A","2015",115.8694,
"CAN","GGDEBT","TOT","PC_GDP","A","2016",115.5557,
"CZE","GGDEBT","TOT","PC_GDP","A","1995",17.56939,
"CZE","GGDEBT","TOT","PC_GDP","A","1996",16.16709,
"CZE","GGDEBT","TOT","PC_GDP","A","1997",16.54117,
"CZE","GGDEBT","TOT","PC_GDP","A","1998",17.45974,
"CZE","GGDEBT","TOT","PC_GDP","A","1999",23.33982,
"CZE","GGDEBT","TOT","PC_GDP","A","2000",23.94266,
"CZE","GGDEBT","TOT","PC_GDP","A","2001",27.89863,
"CZE","GGDEBT","TOT","PC_GDP","A","2002",30.06462,
"CZE","GGDEBT","TOT","PC_GDP","A","2003",32.45836,
"CZE","GGDEBT","TOT","PC_GDP","A","2004",32.17267,
"CZE","GGDEBT","TOT","PC_GDP","A","2005",31.80233,
"CZE","GGDEBT","TOT","PC_GDP","A","2006",31.52851,
"CZE","GGDEBT","TOT","PC_GDP","A","2007",30.1858,
"CZE","GGDEBT","TOT","PC_GDP","A","2008",34.12791,
"CZE","GGDEBT","TOT","PC_GDP","A","2009",40.92409,
"CZE","GGDEBT","TOT","PC_GDP","A","2010",45.6892,
"CZE","GGDEBT","TOT","PC_GDP","A","2011",48.34729,
"CZE","GGDEBT","TOT","PC_GDP","A","2012",57.87899,
"CZE","GGDEBT","TOT","PC_GDP","A","2013",57.95966,
"CZE","GGDEBT","TOT","PC_GDP","A","2014",56.73984,
"CZE","GGDEBT","TOT","PC_GDP","A","2015",53.43172,
"DNK","GGDEBT","TOT","PC_GDP","A","1995",81.55618,
"DNK","GGDEBT","TOT","PC_GDP","A","1996",79.12813,
"DNK","GGDEBT","TOT","PC_GDP","A","1997",75.0022,
"DNK","GGDEBT","TOT","PC_GDP","A","1998",72.57375,
"DNK","GGDEBT","TOT","PC_GDP","A","1999",67.09552,
"DNK","GGDEBT","TOT","PC_GDP","A","2000",60.45578,
"DNK","GGDEBT","TOT","PC_GDP","A","2001",58.27706,
"DNK","GGDEBT","TOT","PC_GDP","A","2002",58.14748,
"DNK","GGDEBT","TOT","PC_GDP","A","2003",56.06915,
"DNK","GGDEBT","TOT","PC_GDP","A","2004",52.33589,
"DNK","GGDEBT","TOT","PC_GDP","A","2005",45.11943,
"DNK","GGDEBT","TOT","PC_GDP","A","2006",40.49267,
"DNK","GGDEBT","TOT","PC_GDP","A","2007",34.59383,
"DNK","GGDEBT","TOT","PC_GDP","A","2008",41.93991,
"DNK","GGDEBT","TOT","PC_GDP","A","2009",49.26745,
"DNK","GGDEBT","TOT","PC_GDP","A","2010",53.44128,
"DNK","GGDEBT","TOT","PC_GDP","A","2011",60.11119,
"DNK","GGDEBT","TOT","PC_GDP","A","2012",60.61518,
"DNK","GGDEBT","TOT","PC_GDP","A","2013",56.73219,
"DNK","GGDEBT","TOT","PC_GDP","A","2014",58.99057,
"DNK","GGDEBT","TOT","PC_GDP","A","2015",54.18339,
"DNK","GGDEBT","TOT","PC_GDP","A","2016",52.81055,
"FIN","GGDEBT","TOT","PC_GDP","A","1995",62.91246,
"FIN","GGDEBT","TOT","PC_GDP","A","1996",63.75857,
"FIN","GGDEBT","TOT","PC_GDP","A","1997",62.16655,
"FIN","GGDEBT","TOT","PC_GDP","A","1998",59.1193,
"FIN","GGDEBT","TOT","PC_GDP","A","1999",53.01719,
"FIN","GGDEBT","TOT","PC_GDP","A","2000",51.01093,
"FIN","GGDEBT","TOT","PC_GDP","A","2001",48.40519,
"FIN","GGDEBT","TOT","PC_GDP","A","2002",48.23621,
"FIN","GGDEBT","TOT","PC_GDP","A","2003",49.1941,
"FIN","GGDEBT","TOT","PC_GDP","A","2004",49.39707,
"FIN","GGDEBT","TOT","PC_GDP","A","2005",46.53166,
"FIN","GGDEBT","TOT","PC_GDP","A","2006",43.08167,
"FIN","GGDEBT","TOT","PC_GDP","A","2007",39.09392,
"FIN","GGDEBT","TOT","PC_GDP","A","2008",38.27919,
"FIN","GGDEBT","TOT","PC_GDP","A","2009",49.23079,
"FIN","GGDEBT","TOT","PC_GDP","A","2010",55.06467,
"FIN","GGDEBT","TOT","PC_GDP","A","2011",57.52048,
"FIN","GGDEBT","TOT","PC_GDP","A","2012",64.33859,
"FIN","GGDEBT","TOT","PC_GDP","A","2013",64.76556,
"FIN","GGDEBT","TOT","PC_GDP","A","2014",71.67136,
"FIN","GGDEBT","TOT","PC_GDP","A","2015",74.86843,
"FIN","GGDEBT","TOT","PC_GDP","A","2016",75.5031,
"FRA","GGDEBT","TOT","PC_GDP","A","1995",66.58996,
"FRA","GGDEBT","TOT","PC_GDP","A","1996",72.58565,
"FRA","GGDEBT","TOT","PC_GDP","A","1997",75.24718,
"FRA","GGDEBT","TOT","PC_GDP","A","1998",77.02315,
"FRA","GGDEBT","TOT","PC_GDP","A","1999",73.45506,
"FRA","GGDEBT","TOT","PC_GDP","A","2000",71.90485,
"FRA","GGDEBT","TOT","PC_GDP","A","2001",70.98895,
"FRA","GGDEBT","TOT","PC_GDP","A","2002",74.64314,
"FRA","GGDEBT","TOT","PC_GDP","A","2003",78.51265,
"FRA","GGDEBT","TOT","PC_GDP","A","2004",80.01929,
"FRA","GGDEBT","TOT","PC_GDP","A","2005",81.66552,
"FRA","GGDEBT","TOT","PC_GDP","A","2006",76.85946,
"FRA","GGDEBT","TOT","PC_GDP","A","2007",75.56451,
"FRA","GGDEBT","TOT","PC_GDP","A","2008",81.51089,
"FRA","GGDEBT","TOT","PC_GDP","A","2009",93.15648,
"FRA","GGDEBT","TOT","PC_GDP","A","2010",96.82564,
"FRA","GGDEBT","TOT","PC_GDP","A","2011",100.6963,
"FRA","GGDEBT","TOT","PC_GDP","A","2012",110.4179,
"FRA","GGDEBT","TOT","PC_GDP","A","2013",110.9891,
"FRA","GGDEBT","TOT","PC_GDP","A","2014",119.9988,
"FRA","GGDEBT","TOT","PC_GDP","A","2015",120.2689,
"DEU","GGDEBT","TOT","PC_GDP","A","1995",54.2217,
"DEU","GGDEBT","TOT","PC_GDP","A","1996",57.2963,
"DEU","GGDEBT","TOT","PC_GDP","A","1997",58.75877,
"DEU","GGDEBT","TOT","PC_GDP","A","1998",60.47175,
"DEU","GGDEBT","TOT","PC_GDP","A","1999",60.46022,
"DEU","GGDEBT","TOT","PC_GDP","A","2000",59.51911,
"DEU","GGDEBT","TOT","PC_GDP","A","2001",58.75711,
"DEU","GGDEBT","TOT","PC_GDP","A","2002",61.20459,
"DEU","GGDEBT","TOT","PC_GDP","A","2003",64.58376,
"DEU","GGDEBT","TOT","PC_GDP","A","2004",67.52865,
"DEU","GGDEBT","TOT","PC_GDP","A","2005",70.06124,
"DEU","GGDEBT","TOT","PC_GDP","A","2006",68.25392,
"DEU","GGDEBT","TOT","PC_GDP","A","2007",64.1753,
"DEU","GGDEBT","TOT","PC_GDP","A","2008",68.07291,
"DEU","GGDEBT","TOT","PC_GDP","A","2009",75.46247,
"DEU","GGDEBT","TOT","PC_GDP","A","2010",84.45284,
"DEU","GGDEBT","TOT","PC_GDP","A","2011",84.28127,
"DEU","GGDEBT","TOT","PC_GDP","A","2012",86.96457,
"DEU","GGDEBT","TOT","PC_GDP","A","2013",82.02499,
"DEU","GGDEBT","TOT","PC_GDP","A","2014",82.41347,
"DEU","GGDEBT","TOT","PC_GDP","A","2015",77.97884,
"GRC","GGDEBT","TOT","PC_GDP","A","1995",97.84429,
"GRC","GGDEBT","TOT","PC_GDP","A","1996",98.98184,
"GRC","GGDEBT","TOT","PC_GDP","A","1997",95.4882,
"GRC","GGDEBT","TOT","PC_GDP","A","1998",93.88266,
"GRC","GGDEBT","TOT","PC_GDP","A","1999",96.57008,
"GRC","GGDEBT","TOT","PC_GDP","A","2000",113.043,
"GRC","GGDEBT","TOT","PC_GDP","A","2001",115.8488,
"GRC","GGDEBT","TOT","PC_GDP","A","2002",114.3029,
"GRC","GGDEBT","TOT","PC_GDP","A","2003",109.231,
"GRC","GGDEBT","TOT","PC_GDP","A","2004",111.0355,
"GRC","GGDEBT","TOT","PC_GDP","A","2005",113.3216,
"GRC","GGDEBT","TOT","PC_GDP","A","2006",115.2193,
"GRC","GGDEBT","TOT","PC_GDP","A","2007",112.7672,
"GRC","GGDEBT","TOT","PC_GDP","A","2008",117.5328,
"GRC","GGDEBT","TOT","PC_GDP","A","2009",134.9702,
"GRC","GGDEBT","TOT","PC_GDP","A","2010",127.071,
"GRC","GGDEBT","TOT","PC_GDP","A","2011",109.2442,
"GRC","GGDEBT","TOT","PC_GDP","A","2012",164.5293,
"GRC","GGDEBT","TOT","PC_GDP","A","2013",178.8489,
"GRC","GGDEBT","TOT","PC_GDP","A","2014",179.4906,
"GRC","GGDEBT","TOT","PC_GDP","A","2015",181.6135,
"GRC","GGDEBT","TOT","PC_GDP","A","2016",185.2367,
"HUN","GGDEBT","TOT","PC_GDP","A","1995",88.37733,
"HUN","GGDEBT","TOT","PC_GDP","A","1996",76.46625,
"HUN","GGDEBT","TOT","PC_GDP","A","1997",65.94945,
"HUN","GGDEBT","TOT","PC_GDP","A","1998",64.9724,
"HUN","GGDEBT","TOT","PC_GDP","A","1999",66.65367,
"HUN","GGDEBT","TOT","PC_GDP","A","2000",60.90082,
"HUN","GGDEBT","TOT","PC_GDP","A","2001",58.87741,
"HUN","GGDEBT","TOT","PC_GDP","A","2002",59.92365,
"HUN","GGDEBT","TOT","PC_GDP","A","2003",60.67375,
"HUN","GGDEBT","TOT","PC_GDP","A","2004",64.04759,
"HUN","GGDEBT","TOT","PC_GDP","A","2005",67.08884,
"HUN","GGDEBT","TOT","PC_GDP","A","2006",70.69247,
"HUN","GGDEBT","TOT","PC_GDP","A","2007",71.40167,
"HUN","GGDEBT","TOT","PC_GDP","A","2008",74.92751,
"HUN","GGDEBT","TOT","PC_GDP","A","2009",83.98553,
"HUN","GGDEBT","TOT","PC_GDP","A","2010",85.89849,
"HUN","GGDEBT","TOT","PC_GDP","A","2011",94.89728,
"HUN","GGDEBT","TOT","PC_GDP","A","2012",97.80549,
"HUN","GGDEBT","TOT","PC_GDP","A","2013",95.72331,
"HUN","GGDEBT","TOT","PC_GDP","A","2014",98.44144,
"HUN","GGDEBT","TOT","PC_GDP","A","2015",96.96346,
"HUN","GGDEBT","TOT","PC_GDP","A","2016",97.09661,
"IRL","GGDEBT","TOT","PC_GDP","A","1998",61.27768,
"IRL","GGDEBT","TOT","PC_GDP","A","1999",50.48349,
"IRL","GGDEBT","TOT","PC_GDP","A","2000",38.71711,
"IRL","GGDEBT","TOT","PC_GDP","A","2001",35.54868,
"IRL","GGDEBT","TOT","PC_GDP","A","2002",34.05912,
"IRL","GGDEBT","TOT","PC_GDP","A","2003",32.91984,
"IRL","GGDEBT","TOT","PC_GDP","A","2004",31.48585,
"IRL","GGDEBT","TOT","PC_GDP","A","2005",31.33704,
"IRL","GGDEBT","TOT","PC_GDP","A","2006",27.58555,
"IRL","GGDEBT","TOT","PC_GDP","A","2007",27.41761,
"IRL","GGDEBT","TOT","PC_GDP","A","2008",47.42161,
"IRL","GGDEBT","TOT","PC_GDP","A","2009",67.56267,
"IRL","GGDEBT","TOT","PC_GDP","A","2010",83.8807,
"IRL","GGDEBT","TOT","PC_GDP","A","2011",110.4646,
"IRL","GGDEBT","TOT","PC_GDP","A","2012",129.3242,
"IRL","GGDEBT","TOT","PC_GDP","A","2013",132.603,
"IRL","GGDEBT","TOT","PC_GDP","A","2014",121.9818,
"IRL","GGDEBT","TOT","PC_GDP","A","2015",89.36586,
"ITA","GGDEBT","TOT","PC_GDP","A","1995",121.2345,
"ITA","GGDEBT","TOT","PC_GDP","A","1996",127.1257,
"ITA","GGDEBT","TOT","PC_GDP","A","1997",128.6661,
"ITA","GGDEBT","TOT","PC_GDP","A","1998",130.669,
"ITA","GGDEBT","TOT","PC_GDP","A","1999",123.7423,
"ITA","GGDEBT","TOT","PC_GDP","A","2000",118.9894,
"ITA","GGDEBT","TOT","PC_GDP","A","2001",118.1363,
"ITA","GGDEBT","TOT","PC_GDP","A","2002",116.9578,
"ITA","GGDEBT","TOT","PC_GDP","A","2003",114.286,
"ITA","GGDEBT","TOT","PC_GDP","A","2004",114.6943,
"ITA","GGDEBT","TOT","PC_GDP","A","2005",117.432,
"ITA","GGDEBT","TOT","PC_GDP","A","2006",115.0135,
"ITA","GGDEBT","TOT","PC_GDP","A","2007",110.6803,
"ITA","GGDEBT","TOT","PC_GDP","A","2008",112.9775,
"ITA","GGDEBT","TOT","PC_GDP","A","2009",125.9634,
"ITA","GGDEBT","TOT","PC_GDP","A","2010",124.8597,
"ITA","GGDEBT","TOT","PC_GDP","A","2011",117.9248,
"ITA","GGDEBT","TOT","PC_GDP","A","2012",136.2164,
"ITA","GGDEBT","TOT","PC_GDP","A","2013",143.6558,
"ITA","GGDEBT","TOT","PC_GDP","A","2014",155.8112,
"ITA","GGDEBT","TOT","PC_GDP","A","2015",157.3484,
"JPN","GGDEBT","TOT","PC_GDP","A","1995",92.34655,
"JPN","GGDEBT","TOT","PC_GDP","A","1996",98.79581,
"JPN","GGDEBT","TOT","PC_GDP","A","1997",108.4029,
"JPN","GGDEBT","TOT","PC_GDP","A","1998",118.1369,
"JPN","GGDEBT","TOT","PC_GDP","A","1999",130.7525,
"JPN","GGDEBT","TOT","PC_GDP","A","2000",140.4781,
"JPN","GGDEBT","TOT","PC_GDP","A","2001",146.8813,
"JPN","GGDEBT","TOT","PC_GDP","A","2002",157.2171,
"JPN","GGDEBT","TOT","PC_GDP","A","2003",167.0807,
"JPN","GGDEBT","TOT","PC_GDP","A","2004",173.7356,
"JPN","GGDEBT","TOT","PC_GDP","A","2005",173.6568,
"JPN","GGDEBT","TOT","PC_GDP","A","2006",173.5639,
"JPN","GGDEBT","TOT","PC_GDP","A","2007",175.0691,
"JPN","GGDEBT","TOT","PC_GDP","A","2008",177.9678,
"JPN","GGDEBT","TOT","PC_GDP","A","2009",198.6706,
"JPN","GGDEBT","TOT","PC_GDP","A","2010",203.7772,
"JPN","GGDEBT","TOT","PC_GDP","A","2011",218.5349,
"JPN","GGDEBT","TOT","PC_GDP","A","2012",226.2764,
"JPN","GGDEBT","TOT","PC_GDP","A","2013",228.4892,
"JPN","GGDEBT","TOT","PC_GDP","A","2014",233.8578,
"JPN","GGDEBT","TOT","PC_GDP","A","2015",234.0447,
"LUX","GGDEBT","TOT","PC_GDP","A","2002",12.83892,
"LUX","GGDEBT","TOT","PC_GDP","A","2003",14.17741,
"LUX","GGDEBT","TOT","PC_GDP","A","2004",15.22191,
"LUX","GGDEBT","TOT","PC_GDP","A","2005",13.8231,
"LUX","GGDEBT","TOT","PC_GDP","A","2006",12.95721,
"LUX","GGDEBT","TOT","PC_GDP","A","2007",12.64318,
"LUX","GGDEBT","TOT","PC_GDP","A","2008",20.04494,
"LUX","GGDEBT","TOT","PC_GDP","A","2009",19.66107,
"LUX","GGDEBT","TOT","PC_GDP","A","2010",26.77311,
"LUX","GGDEBT","TOT","PC_GDP","A","2011",26.36688,
"LUX","GGDEBT","TOT","PC_GDP","A","2012",30.14404,
"LUX","GGDEBT","TOT","PC_GDP","A","2013",30.05873,
"LUX","GGDEBT","TOT","PC_GDP","A","2014",31.45293,
"LUX","GGDEBT","TOT","PC_GDP","A","2015",30.7234,
"MEX","GGDEBT","TOT","PC_GDP","A","2003",42.50157,
"MEX","GGDEBT","TOT","PC_GDP","A","2004",38.02132,
"MEX","GGDEBT","TOT","PC_GDP","A","2005",35.47486,
"MEX","GGDEBT","TOT","PC_GDP","A","2006",34.94726,
"MEX","GGDEBT","TOT","PC_GDP","A","2007",37.89299,
"MEX","GGDEBT","TOT","PC_GDP","A","2008",41.94946,
"MEX","GGDEBT","TOT","PC_GDP","A","2009",44.26487,
"MEX","GGDEBT","TOT","PC_GDP","A","2010",40.76575,
"MEX","GGDEBT","TOT","PC_GDP","A","2011",46.44099,
"MEX","GGDEBT","TOT","PC_GDP","A","2012",49.72749,
"MEX","GGDEBT","TOT","PC_GDP","A","2013",49.16128,
"MEX","GGDEBT","TOT","PC_GDP","A","2014",45.02771,
"MEX","GGDEBT","TOT","PC_GDP","A","2015",53.25415,
"NLD","GGDEBT","TOT","PC_GDP","A","1995",85.68702,
"NLD","GGDEBT","TOT","PC_GDP","A","1996",84.05756,
"NLD","GGDEBT","TOT","PC_GDP","A","1997",78.69662,
"NLD","GGDEBT","TOT","PC_GDP","A","1998",76.3125,
"NLD","GGDEBT","TOT","PC_GDP","A","1999",67.54733,
"NLD","GGDEBT","TOT","PC_GDP","A","2000",60.38062,
"NLD","GGDEBT","TOT","PC_GDP","A","2001",56.39128,
"NLD","GGDEBT","TOT","PC_GDP","A","2002",57.19301,
"NLD","GGDEBT","TOT","PC_GDP","A","2003",58.23957,
"NLD","GGDEBT","TOT","PC_GDP","A","2004",58.23903,
"NLD","GGDEBT","TOT","PC_GDP","A","2005",57.32365,
"NLD","GGDEBT","TOT","PC_GDP","A","2006",51.24152,
"NLD","GGDEBT","TOT","PC_GDP","A","2007",48.464,
"NLD","GGDEBT","TOT","PC_GDP","A","2008",61.26074,
"NLD","GGDEBT","TOT","PC_GDP","A","2009",64.07261,
"NLD","GGDEBT","TOT","PC_GDP","A","2010",67.97163,
"NLD","GGDEBT","TOT","PC_GDP","A","2011",71.93298,
"NLD","GGDEBT","TOT","PC_GDP","A","2012",77.6694,
"NLD","GGDEBT","TOT","PC_GDP","A","2013",76.62405,
"NLD","GGDEBT","TOT","PC_GDP","A","2014",81.21832,
"NLD","GGDEBT","TOT","PC_GDP","A","2015",77.47247,
"NLD","GGDEBT","TOT","PC_GDP","A","2016",75.32069,
"NOR","GGDEBT","TOT","PC_GDP","A","1995",37.29676,
"NOR","GGDEBT","TOT","PC_GDP","A","1996",32.98238,
"NOR","GGDEBT","TOT","PC_GDP","A","1997",29.18628,
"NOR","GGDEBT","TOT","PC_GDP","A","1998",27.56312,
"NOR","GGDEBT","TOT","PC_GDP","A","1999",28.71318,
"NOR","GGDEBT","TOT","PC_GDP","A","2000",32.21119,
"NOR","GGDEBT","TOT","PC_GDP","A","2001",31.30664,
"NOR","GGDEBT","TOT","PC_GDP","A","2002",38.67231,
"NOR","GGDEBT","TOT","PC_GDP","A","2003",48.00579,
"NOR","GGDEBT","TOT","PC_GDP","A","2004",49.88387,
"NOR","GGDEBT","TOT","PC_GDP","A","2005",46.91439,
"NOR","GGDEBT","TOT","PC_GDP","A","2006",57.81303,
"NOR","GGDEBT","TOT","PC_GDP","A","2007",55.56018,
"NOR","GGDEBT","TOT","PC_GDP","A","2008",54.22602,
"NOR","GGDEBT","TOT","PC_GDP","A","2009",48.06507,
"NOR","GGDEBT","TOT","PC_GDP","A","2010",48.41942,
"NOR","GGDEBT","TOT","PC_GDP","A","2011",33.81028,
"NOR","GGDEBT","TOT","PC_GDP","A","2012",34.92197,
"NOR","GGDEBT","TOT","PC_GDP","A","2013",35.26863,
"NOR","GGDEBT","TOT","PC_GDP","A","2014",33.00416,
"NOR","GGDEBT","TOT","PC_GDP","A","2015",38.81716,
"NOR","GGDEBT","TOT","PC_GDP","A","2016",42.58885,
"POL","GGDEBT","TOT","PC_GDP","A","2003",55.50684,
"POL","GGDEBT","TOT","PC_GDP","A","2004",53.10463,
"POL","GGDEBT","TOT","PC_GDP","A","2005",54.69081,
"POL","GGDEBT","TOT","PC_GDP","A","2006",54.42035,
"POL","GGDEBT","TOT","PC_GDP","A","2007",51.05991,
"POL","GGDEBT","TOT","PC_GDP","A","2008",53.35328,
"POL","GGDEBT","TOT","PC_GDP","A","2009",56.73477,
"POL","GGDEBT","TOT","PC_GDP","A","2010",60.98705,
"POL","GGDEBT","TOT","PC_GDP","A","2011",61.21024,
"POL","GGDEBT","TOT","PC_GDP","A","2012",64.36364,
"POL","GGDEBT","TOT","PC_GDP","A","2013",64.99057,
"POL","GGDEBT","TOT","PC_GDP","A","2014",70.02775,
"POL","GGDEBT","TOT","PC_GDP","A","2015",69.3764,
"POL","GGDEBT","TOT","PC_GDP","A","2016",71.91161,
"PRT","GGDEBT","TOT","PC_GDP","A","1995",67.48737,
"PRT","GGDEBT","TOT","PC_GDP","A","1996",68.03526,
"PRT","GGDEBT","TOT","PC_GDP","A","1997",66.03267,
"PRT","GGDEBT","TOT","PC_GDP","A","1998",65.31093,
"PRT","GGDEBT","TOT","PC_GDP","A","1999",62.45652,
"PRT","GGDEBT","TOT","PC_GDP","A","2000",62.01825,
"PRT","GGDEBT","TOT","PC_GDP","A","2001",63.45905,
"PRT","GGDEBT","TOT","PC_GDP","A","2002",66.81219,
"PRT","GGDEBT","TOT","PC_GDP","A","2003",70.61915,
"PRT","GGDEBT","TOT","PC_GDP","A","2004",76.65156,
"PRT","GGDEBT","TOT","PC_GDP","A","2005",79.97653,
"PRT","GGDEBT","TOT","PC_GDP","A","2006",79.40868,
"PRT","GGDEBT","TOT","PC_GDP","A","2007",78.10067,
"PRT","GGDEBT","TOT","PC_GDP","A","2008",82.76154,
"PRT","GGDEBT","TOT","PC_GDP","A","2009",96.11205,
"PRT","GGDEBT","TOT","PC_GDP","A","2010",104.0708,
"PRT","GGDEBT","TOT","PC_GDP","A","2011",107.8454,
"PRT","GGDEBT","TOT","PC_GDP","A","2012",137.1043,
"PRT","GGDEBT","TOT","PC_GDP","A","2013",141.414,
"PRT","GGDEBT","TOT","PC_GDP","A","2014",151.1927,
"PRT","GGDEBT","TOT","PC_GDP","A","2015",149.2405,
"PRT","GGDEBT","TOT","PC_GDP","A","2016",146.4626,
"SVK","GGDEBT","TOT","PC_GDP","A","1995",37.62357,
"SVK","GGDEBT","TOT","PC_GDP","A","1996",36.98852,
"SVK","GGDEBT","TOT","PC_GDP","A","1997",38.1712,
"SVK","GGDEBT","TOT","PC_GDP","A","1998",40.36709,
"SVK","GGDEBT","TOT","PC_GDP","A","1999",52.64595,
"SVK","GGDEBT","TOT","PC_GDP","A","2000",57.8646,
"SVK","GGDEBT","TOT","PC_GDP","A","2001",56.57265,
"SVK","GGDEBT","TOT","PC_GDP","A","2002",49.35629,
"SVK","GGDEBT","TOT","PC_GDP","A","2003",47.50673,
"SVK","GGDEBT","TOT","PC_GDP","A","2004",45.11853,
"SVK","GGDEBT","TOT","PC_GDP","A","2005",38.37193,
"SVK","GGDEBT","TOT","PC_GDP","A","2006",36.21275,
"SVK","GGDEBT","TOT","PC_GDP","A","2007",34.79276,
"SVK","GGDEBT","TOT","PC_GDP","A","2008",33.79035,
"SVK","GGDEBT","TOT","PC_GDP","A","2009",42.46273,
"SVK","GGDEBT","TOT","PC_GDP","A","2010",47.38543,
"SVK","GGDEBT","TOT","PC_GDP","A","2011",49.95049,
"SVK","GGDEBT","TOT","PC_GDP","A","2012",58.30268,
"SVK","GGDEBT","TOT","PC_GDP","A","2013",61.15774,
"SVK","GGDEBT","TOT","PC_GDP","A","2014",60.54256,
"SVK","GGDEBT","TOT","PC_GDP","A","2015",59.22908,
"ESP","GGDEBT","TOT","PC_GDP","A","1995",67.52863,
"ESP","GGDEBT","TOT","PC_GDP","A","1996",73.85633,
"ESP","GGDEBT","TOT","PC_GDP","A","1997",73.04521,
"ESP","GGDEBT","TOT","PC_GDP","A","1998",73.46825,
"ESP","GGDEBT","TOT","PC_GDP","A","1999",67.94803,
"ESP","GGDEBT","TOT","PC_GDP","A","2000",65.16534,
"ESP","GGDEBT","TOT","PC_GDP","A","2001",60.56855,
"ESP","GGDEBT","TOT","PC_GDP","A","2002",59.25278,
"ESP","GGDEBT","TOT","PC_GDP","A","2003",54.41895,
"ESP","GGDEBT","TOT","PC_GDP","A","2004",52.51329,
"ESP","GGDEBT","TOT","PC_GDP","A","2005",49.98066,
"ESP","GGDEBT","TOT","PC_GDP","A","2006",45.6857,
"ESP","GGDEBT","TOT","PC_GDP","A","2007",41.72965,
"ESP","GGDEBT","TOT","PC_GDP","A","2008",47.21329,
"ESP","GGDEBT","TOT","PC_GDP","A","2009",61.81603,
"ESP","GGDEBT","TOT","PC_GDP","A","2010",66.57474,
"ESP","GGDEBT","TOT","PC_GDP","A","2011",77.66843,
"ESP","GGDEBT","TOT","PC_GDP","A","2012",92.51374,
"ESP","GGDEBT","TOT","PC_GDP","A","2013",105.7181,
"ESP","GGDEBT","TOT","PC_GDP","A","2014",118.5283,
"ESP","GGDEBT","TOT","PC_GDP","A","2015",116.849,
"ESP","GGDEBT","TOT","PC_GDP","A","2016",117.2264,
"SWE","GGDEBT","TOT","PC_GDP","A","1995",76.60597,
"SWE","GGDEBT","TOT","PC_GDP","A","1996",79.17185,
"SWE","GGDEBT","TOT","PC_GDP","A","1997",82.29986,
"SWE","GGDEBT","TOT","PC_GDP","A","1998",82.9061,
"SWE","GGDEBT","TOT","PC_GDP","A","1999",73.22515,
"SWE","GGDEBT","TOT","PC_GDP","A","2000",63.12597,
"SWE","GGDEBT","TOT","PC_GDP","A","2001",64.7144,
"SWE","GGDEBT","TOT","PC_GDP","A","2002",64.85005,
"SWE","GGDEBT","TOT","PC_GDP","A","2003",63.83442,
"SWE","GGDEBT","TOT","PC_GDP","A","2004",63.33437,
"SWE","GGDEBT","TOT","PC_GDP","A","2005",64.22462,
"SWE","GGDEBT","TOT","PC_GDP","A","2006",58.09306,
"SWE","GGDEBT","TOT","PC_GDP","A","2007",52.58299,
"SWE","GGDEBT","TOT","PC_GDP","A","2008",51.35109,
"SWE","GGDEBT","TOT","PC_GDP","A","2009",55.19511,
"SWE","GGDEBT","TOT","PC_GDP","A","2010",52.57444,
"SWE","GGDEBT","TOT","PC_GDP","A","2011",53.26829,
"SWE","GGDEBT","TOT","PC_GDP","A","2012",54.34566,
"SWE","GGDEBT","TOT","PC_GDP","A","2013",56.91808,
"SWE","GGDEBT","TOT","PC_GDP","A","2014",63.18883,
"SWE","GGDEBT","TOT","PC_GDP","A","2015",61.8073,
"SWE","GGDEBT","TOT","PC_GDP","A","2016",59.79426,
"CHE","GGDEBT","TOT","PC_GDP","A","1999",52.51112,
"CHE","GGDEBT","TOT","PC_GDP","A","2000",52.67896,
"CHE","GGDEBT","TOT","PC_GDP","A","2001",52.55098,
"CHE","GGDEBT","TOT","PC_GDP","A","2002",60.00113,
"CHE","GGDEBT","TOT","PC_GDP","A","2003",58.41735,
"CHE","GGDEBT","TOT","PC_GDP","A","2004",59.48598,
"CHE","GGDEBT","TOT","PC_GDP","A","2005",56.93435,
"CHE","GGDEBT","TOT","PC_GDP","A","2006",50.65993,
"CHE","GGDEBT","TOT","PC_GDP","A","2007",50.48123,
"CHE","GGDEBT","TOT","PC_GDP","A","2008",48.58729,
"CHE","GGDEBT","TOT","PC_GDP","A","2009",46.40474,
"CHE","GGDEBT","TOT","PC_GDP","A","2010",44.73957,
"CHE","GGDEBT","TOT","PC_GDP","A","2011",44.95016,
"CHE","GGDEBT","TOT","PC_GDP","A","2012",45.75979,
"CHE","GGDEBT","TOT","PC_GDP","A","2013",45.49085,
"CHE","GGDEBT","TOT","PC_GDP","A","2014",45.54195,
"CHE","GGDEBT","TOT","PC_GDP","A","2015",45.24474,
"TUR","GGDEBT","TOT","PC_GDP","A","2010",49.22374,
"TUR","GGDEBT","TOT","PC_GDP","A","2011",43.92955,
"TUR","GGDEBT","TOT","PC_GDP","A","2012",41.24887,
"TUR","GGDEBT","TOT","PC_GDP","A","2013",34.54354,
"TUR","GGDEBT","TOT","PC_GDP","A","2014",33.40381,
"TUR","GGDEBT","TOT","PC_GDP","A","2015",27.44061,
"GBR","GGDEBT","TOT","PC_GDP","A","1995",52.29021,
"GBR","GGDEBT","TOT","PC_GDP","A","1996",51.69963,
"GBR","GGDEBT","TOT","PC_GDP","A","1997",51.21004,
"GBR","GGDEBT","TOT","PC_GDP","A","1998",52.3358,
"GBR","GGDEBT","TOT","PC_GDP","A","1999",47.84475,
"GBR","GGDEBT","TOT","PC_GDP","A","2000",48.78546,
"GBR","GGDEBT","TOT","PC_GDP","A","2001",44.81146,
"GBR","GGDEBT","TOT","PC_GDP","A","2002",47.36879,
"GBR","GGDEBT","TOT","PC_GDP","A","2003",46.74317,
"GBR","GGDEBT","TOT","PC_GDP","A","2004",49.53214,
"GBR","GGDEBT","TOT","PC_GDP","A","2005",51.11374,
"GBR","GGDEBT","TOT","PC_GDP","A","2006",50.73809,
"GBR","GGDEBT","TOT","PC_GDP","A","2007",51.35313,
"GBR","GGDEBT","TOT","PC_GDP","A","2008",63.40686,
"GBR","GGDEBT","TOT","PC_GDP","A","2009",76.9976,
"GBR","GGDEBT","TOT","PC_GDP","A","2010",89.11353,
"GBR","GGDEBT","TOT","PC_GDP","A","2011",103.2939,
"GBR","GGDEBT","TOT","PC_GDP","A","2012",107.011,
"GBR","GGDEBT","TOT","PC_GDP","A","2013",102.8198,
"GBR","GGDEBT","TOT","PC_GDP","A","2014",113.2978,
"GBR","GGDEBT","TOT","PC_GDP","A","2015",112.6199,
"GBR","GGDEBT","TOT","PC_GDP","A","2016",123.1565,
"USA","GGDEBT","TOT","PC_GDP","A","1995",83.02371,
"USA","GGDEBT","TOT","PC_GDP","A","1996",80.50259,
"USA","GGDEBT","TOT","PC_GDP","A","1997",75.47045,
"USA","GGDEBT","TOT","PC_GDP","A","1998",70.9171,
"USA","GGDEBT","TOT","PC_GDP","A","1999",65.48571,
"USA","GGDEBT","TOT","PC_GDP","A","2000",61.50367,
"USA","GGDEBT","TOT","PC_GDP","A","2001",63.88855,
"USA","GGDEBT","TOT","PC_GDP","A","2002",70.49235,
"USA","GGDEBT","TOT","PC_GDP","A","2003",71.337,
"USA","GGDEBT","TOT","PC_GDP","A","2004",79.46502,
"USA","GGDEBT","TOT","PC_GDP","A","2005",78.8454,
"USA","GGDEBT","TOT","PC_GDP","A","2006",76.70747,
"USA","GGDEBT","TOT","PC_GDP","A","2007",77.1175,
"USA","GGDEBT","TOT","PC_GDP","A","2008",93.0604,
"USA","GGDEBT","TOT","PC_GDP","A","2009",106.5205,
"USA","GGDEBT","TOT","PC_GDP","A","2010",116.8873,
"USA","GGDEBT","TOT","PC_GDP","A","2011",122.5199,
"USA","GGDEBT","TOT","PC_GDP","A","2012",125.5364,
"USA","GGDEBT","TOT","PC_GDP","A","2013",124.6421,
"USA","GGDEBT","TOT","PC_GDP","A","2014",124.2134,
"USA","GGDEBT","TOT","PC_GDP","A","2015",125.8635,
"USA","GGDEBT","TOT","PC_GDP","A","2016",127.6206,
"CHL","GGDEBT","TOT","PC_GDP","A","2003",23.93428,
"CHL","GGDEBT","TOT","PC_GDP","A","2004",20.58291,
"CHL","GGDEBT","TOT","PC_GDP","A","2005",16.29696,
"CHL","GGDEBT","TOT","PC_GDP","A","2006",13.14838,
"CHL","GGDEBT","TOT","PC_GDP","A","2007",11.26212,
"CHL","GGDEBT","TOT","PC_GDP","A","2008",12.44429,
"CHL","GGDEBT","TOT","PC_GDP","A","2009",13.31057,
"CHL","GGDEBT","TOT","PC_GDP","A","2010",15.27023,
"CHL","GGDEBT","TOT","PC_GDP","A","2011",17.85426,
"CHL","GGDEBT","TOT","PC_GDP","A","2012",18.3667,
"CHL","GGDEBT","TOT","PC_GDP","A","2013",18.98874,
"CHL","GGDEBT","TOT","PC_GDP","A","2014",22.35068,
"CHL","GGDEBT","TOT","PC_GDP","A","2015",24.51783,
"CHL","GGDEBT","TOT","PC_GDP","A","2016",28.21482,
"EST","GGDEBT","TOT","PC_GDP","A","1995",13.27954,
"EST","GGDEBT","TOT","PC_GDP","A","1996",12.21884,
"EST","GGDEBT","TOT","PC_GDP","A","1997",11.25086,
"EST","GGDEBT","TOT","PC_GDP","A","1998",10.03521,
"EST","GGDEBT","TOT","PC_GDP","A","1999",10.80558,
"EST","GGDEBT","TOT","PC_GDP","A","2000",6.798178,
"EST","GGDEBT","TOT","PC_GDP","A","2001",6.663927,
"EST","GGDEBT","TOT","PC_GDP","A","2002",7.619142,
"EST","GGDEBT","TOT","PC_GDP","A","2003",8.390291,
"EST","GGDEBT","TOT","PC_GDP","A","2004",8.627211,
"EST","GGDEBT","TOT","PC_GDP","A","2005",8.157307,
"EST","GGDEBT","TOT","PC_GDP","A","2006",8.002688,
"EST","GGDEBT","TOT","PC_GDP","A","2007",7.244683,
"EST","GGDEBT","TOT","PC_GDP","A","2008",8.399088,
"EST","GGDEBT","TOT","PC_GDP","A","2009",12.62136,
"EST","GGDEBT","TOT","PC_GDP","A","2010",11.92876,
"EST","GGDEBT","TOT","PC_GDP","A","2011",9.538247,
"EST","GGDEBT","TOT","PC_GDP","A","2012",13.15369,
"EST","GGDEBT","TOT","PC_GDP","A","2013",13.65317,
"EST","GGDEBT","TOT","PC_GDP","A","2014",14.06248,
"EST","GGDEBT","TOT","PC_GDP","A","2015",12.93966,
"ISR","GGDEBT","TOT","PC_GDP","A","2001",91.23357,
"ISR","GGDEBT","TOT","PC_GDP","A","2002",95.00241,
"ISR","GGDEBT","TOT","PC_GDP","A","2003",100.2435,
"ISR","GGDEBT","TOT","PC_GDP","A","2004",98.00165,
"ISR","GGDEBT","TOT","PC_GDP","A","2005",95.37252,
"ISR","GGDEBT","TOT","PC_GDP","A","2006",85.20505,
"ISR","GGDEBT","TOT","PC_GDP","A","2007",80.0668,
"ISR","GGDEBT","TOT","PC_GDP","A","2008",80.58188,
"ISR","GGDEBT","TOT","PC_GDP","A","2009",83.90704,
"ISR","GGDEBT","TOT","PC_GDP","A","2010",80.00941,
"ISR","GGDEBT","TOT","PC_GDP","A","2011",78.29003,
"ISR","GGDEBT","TOT","PC_GDP","A","2012",78.88182,
"ISR","GGDEBT","TOT","PC_GDP","A","2013",76.37581,
"ISR","GGDEBT","TOT","PC_GDP","A","2014",77.79567,
"ISR","GGDEBT","TOT","PC_GDP","A","2015",77.98354,
"SVN","GGDEBT","TOT","PC_GDP","A","2001",32.95066,
"SVN","GGDEBT","TOT","PC_GDP","A","2002",34.03537,
"SVN","GGDEBT","TOT","PC_GDP","A","2003",33.45865,
"SVN","GGDEBT","TOT","PC_GDP","A","2004",34.27205,
"SVN","GGDEBT","TOT","PC_GDP","A","2005",33.37371,
"SVN","GGDEBT","TOT","PC_GDP","A","2006",33.26849,
"SVN","GGDEBT","TOT","PC_GDP","A","2007",29.12161,
"SVN","GGDEBT","TOT","PC_GDP","A","2008",28.34694,
"SVN","GGDEBT","TOT","PC_GDP","A","2009",42.5093,
"SVN","GGDEBT","TOT","PC_GDP","A","2010",46.80238,
"SVN","GGDEBT","TOT","PC_GDP","A","2011",50.35193,
"SVN","GGDEBT","TOT","PC_GDP","A","2012",60.48747,
"SVN","GGDEBT","TOT","PC_GDP","A","2013",78.85663,
"SVN","GGDEBT","TOT","PC_GDP","A","2014",99.18464,
"SVN","GGDEBT","TOT","PC_GDP","A","2015",102.1078,
"SVN","GGDEBT","TOT","PC_GDP","A","2016",97.44756,
"ISL","GGDEBT","TOT","PC_GDP","A","2003",66.06182,
"ISL","GGDEBT","TOT","PC_GDP","A","2004",59.60889,
"ISL","GGDEBT","TOT","PC_GDP","A","2005",49.85294,
"ISL","GGDEBT","TOT","PC_GDP","A","2006",54.89914,
"ISL","GGDEBT","TOT","PC_GDP","A","2007",49.84662,
"ISL","GGDEBT","TOT","PC_GDP","A","2008",95.1247,
"ISL","GGDEBT","TOT","PC_GDP","A","2009",109.1033,
"ISL","GGDEBT","TOT","PC_GDP","A","2010",114.4537,
"ISL","GGDEBT","TOT","PC_GDP","A","2011",121.9865,
"ISL","GGDEBT","TOT","PC_GDP","A","2012",119.9954,
"ISL","GGDEBT","TOT","PC_GDP","A","2013",111.4113,
"LVA","GGDEBT","TOT","PC_GDP","A","2004",17.67247,
"LVA","GGDEBT","TOT","PC_GDP","A","2005",14.63095,
"LVA","GGDEBT","TOT","PC_GDP","A","2006",14.56771,
"LVA","GGDEBT","TOT","PC_GDP","A","2007",12.81033,
"LVA","GGDEBT","TOT","PC_GDP","A","2008",22.89762,
"LVA","GGDEBT","TOT","PC_GDP","A","2009",41.61569,
"LVA","GGDEBT","TOT","PC_GDP","A","2010",53.1556,
"LVA","GGDEBT","TOT","PC_GDP","A","2011",47.50909,
"LVA","GGDEBT","TOT","PC_GDP","A","2012",45.71587,
"LVA","GGDEBT","TOT","PC_GDP","A","2013",43.43032,
"LVA","GGDEBT","TOT","PC_GDP","A","2014",45.81241,
"LVA","GGDEBT","TOT","PC_GDP","A","2015",40.97542,
