﻿"LOCATION","INDICATOR","SUBJECT","MEASURE","FREQUENCY","TIME","Value","Flag Codes"
"AUS","GGNLEND","TOT","PC_GDP","A","1970",-1.24925639500297,
"AUS","GGNLEND","TOT","PC_GDP","A","1971",-1.215320678423,
"AUS","GGNLEND","TOT","PC_GDP","A","1972",-1.66325177775099,
"AUS","GGNLEND","TOT","PC_GDP","A","1973",-0.523846625665169,
"AUS","GGNLEND","TOT","PC_GDP","A","1974",-3.1095942358741,
"AUS","GGNLEND","TOT","PC_GDP","A","1975",-4.00595609779528,
"AUS","GGNLEND","TOT","PC_GDP","A","1976",-3.92905440549256,
"AUS","GGNLEND","TOT","PC_GDP","A","1977",-4.80118886581439,
"AUS","GGNLEND","TOT","PC_GDP","A","1978",-4.50281900235128,
"AUS","GGNLEND","TOT","PC_GDP","A","1979",-2.88796051262228,
"AUS","GGNLEND","TOT","PC_GDP","A","1980",-3.0949160110847,
"AUS","GGNLEND","TOT","PC_GDP","A","1981",-3.49582719406534,
"AUS","GGNLEND","TOT","PC_GDP","A","1982",-5.46607998394194,
"AUS","GGNLEND","TOT","PC_GDP","A","1983",-5.86754154829712,
"AUS","GGNLEND","TOT","PC_GDP","A","1984",-5.55763345800748,
"AUS","GGNLEND","TOT","PC_GDP","A","1985",-5.00326182892667,
"AUS","GGNLEND","TOT","PC_GDP","A","1986",-3.37893320754058,
"AUS","GGNLEND","TOT","PC_GDP","A","1987",-1.62997427167265,
"AUS","GGNLEND","TOT","PC_GDP","A","1988",-0.918942984813687,
"AUS","GGNLEND","TOT","PC_GDP","A","1989",-1.947625142699,
"AUS","GGNLEND","TOT","PC_GDP","A","1990",-3.14988301672428,
"AUS","GGNLEND","TOT","PC_GDP","A","1991",-5.66755923286533,
"AUS","GGNLEND","TOT","PC_GDP","A","1992",-6.04990451425988,
"AUS","GGNLEND","TOT","PC_GDP","A","1993",-4.27580745275144,
"AUS","GGNLEND","TOT","PC_GDP","A","1994",-3.9800463569485,
"AUS","GGNLEND","TOT","PC_GDP","A","1995",-2.67750255854441,
"AUS","GGNLEND","TOT","PC_GDP","A","1996",-0.845587047731164,
"AUS","GGNLEND","TOT","PC_GDP","A","1997",0.510354703305429,
"AUS","GGNLEND","TOT","PC_GDP","A","1998",0.774396135265701,
"AUS","GGNLEND","TOT","PC_GDP","A","1999",2.06586396378011,
"AUS","GGNLEND","TOT","PC_GDP","A","2000",-1.07557340781427,
"AUS","GGNLEND","TOT","PC_GDP","A","2001",-0.676188102271462,
"AUS","GGNLEND","TOT","PC_GDP","A","2002",0.81263792950734,
"AUS","GGNLEND","TOT","PC_GDP","A","2003",0.814062320593724,
"AUS","GGNLEND","TOT","PC_GDP","A","2004",1.01057057252301,
"AUS","GGNLEND","TOT","PC_GDP","A","2005",1.67678560340044,
"AUS","GGNLEND","TOT","PC_GDP","A","2006",1.58463915250497,
"AUS","GGNLEND","TOT","PC_GDP","A","2007",0.66058199419923,
"AUS","GGNLEND","TOT","PC_GDP","A","2008",-3.87332443936218,
"AUS","GGNLEND","TOT","PC_GDP","A","2009",-5.61098659892656,
"AUS","GGNLEND","TOT","PC_GDP","A","2010",-4.49433581813361,
"AUS","GGNLEND","TOT","PC_GDP","A","2011",-4.54401937065483,
"AUS","GGNLEND","TOT","PC_GDP","A","2012",-2.9128743218623,
"AUS","GGNLEND","TOT","PC_GDP","A","2013",-3.02684378026844,
"AUS","GGNLEND","TOT","PC_GDP","A","2014",-2.55229385485363,
"AUS","GGNLEND","TOT","PC_GDP","A","2015",-2.90767096268938,
"AUT","GGNLEND","TOT","PC_GDP","A","1995",-6.15429498709583,
"AUT","GGNLEND","TOT","PC_GDP","A","1996",-4.36685878843865,
"AUT","GGNLEND","TOT","PC_GDP","A","1997",-2.37703659206473,
"AUT","GGNLEND","TOT","PC_GDP","A","1998",-2.72527668258589,
"AUT","GGNLEND","TOT","PC_GDP","A","1999",-2.57597729762111,
"AUT","GGNLEND","TOT","PC_GDP","A","2000",-2.06718583809124,
"AUT","GGNLEND","TOT","PC_GDP","A","2001",-0.65969036738931,
"AUT","GGNLEND","TOT","PC_GDP","A","2002",-1.41569707645933,
"AUT","GGNLEND","TOT","PC_GDP","A","2003",-1.83010133843303,
"AUT","GGNLEND","TOT","PC_GDP","A","2004",-4.8559528907515,
"AUT","GGNLEND","TOT","PC_GDP","A","2005",-2.55146797992564,
"AUT","GGNLEND","TOT","PC_GDP","A","2006",-2.57640030321452,
"AUT","GGNLEND","TOT","PC_GDP","A","2007",-1.39034990678665,
"AUT","GGNLEND","TOT","PC_GDP","A","2008",-1.5309437294281,
"AUT","GGNLEND","TOT","PC_GDP","A","2009",-5.39044984219484,
"AUT","GGNLEND","TOT","PC_GDP","A","2010",-4.47258657117886,
"AUT","GGNLEND","TOT","PC_GDP","A","2011",-2.58964868903984,
"AUT","GGNLEND","TOT","PC_GDP","A","2012",-2.22195306110402,
"AUT","GGNLEND","TOT","PC_GDP","A","2013",-1.36706471333735,
"AUT","GGNLEND","TOT","PC_GDP","A","2014",-2.73864346209161,
"AUT","GGNLEND","TOT","PC_GDP","A","2015",-1.07777366279407,
"AUT","GGNLEND","TOT","PC_GDP","A","2016",-1.55434051736353,
"BEL","GGNLEND","TOT","PC_GDP","A","1995",-4.44588310902767,
"BEL","GGNLEND","TOT","PC_GDP","A","1996",-3.9313334136018,
"BEL","GGNLEND","TOT","PC_GDP","A","1997",-2.12493749142581,
"BEL","GGNLEND","TOT","PC_GDP","A","1998",-0.947972194976332,
"BEL","GGNLEND","TOT","PC_GDP","A","1999",-0.551087926756365,
"BEL","GGNLEND","TOT","PC_GDP","A","2000",-0.071914863954272,
"BEL","GGNLEND","TOT","PC_GDP","A","2001",0.17186629945671,
"BEL","GGNLEND","TOT","PC_GDP","A","2002",0.045298384018323,
"BEL","GGNLEND","TOT","PC_GDP","A","2003",-1.76105746947498,
"BEL","GGNLEND","TOT","PC_GDP","A","2004",-0.158179645208914,
"BEL","GGNLEND","TOT","PC_GDP","A","2005",-2.7576641913953,
"BEL","GGNLEND","TOT","PC_GDP","A","2006",0.227911419142722,
"BEL","GGNLEND","TOT","PC_GDP","A","2007",0.074554774551583,
"BEL","GGNLEND","TOT","PC_GDP","A","2008",-1.09764846102139,
"BEL","GGNLEND","TOT","PC_GDP","A","2009",-5.37738580943343,
"BEL","GGNLEND","TOT","PC_GDP","A","2010",-3.99190908817012,
"BEL","GGNLEND","TOT","PC_GDP","A","2011",-4.1231212378596,
"BEL","GGNLEND","TOT","PC_GDP","A","2012",-4.22637419354839,
"BEL","GGNLEND","TOT","PC_GDP","A","2013",-3.11882388679987,
"BEL","GGNLEND","TOT","PC_GDP","A","2014",-3.05618555029105,
"BEL","GGNLEND","TOT","PC_GDP","A","2015",-2.51277888686572,
"BEL","GGNLEND","TOT","PC_GDP","A","2016",-2.62153976058499,
"CAN","GGNLEND","TOT","PC_GDP","A","1981",-2.9020404716701,
"CAN","GGNLEND","TOT","PC_GDP","A","1982",-6.92344088134384,
"CAN","GGNLEND","TOT","PC_GDP","A","1983",-8.02900228977986,
"CAN","GGNLEND","TOT","PC_GDP","A","1984",-7.97013751431309,
"CAN","GGNLEND","TOT","PC_GDP","A","1985",-8.79164784420017,
"CAN","GGNLEND","TOT","PC_GDP","A","1986",-7.35208313471256,
"CAN","GGNLEND","TOT","PC_GDP","A","1987",-5.76997723481709,
"CAN","GGNLEND","TOT","PC_GDP","A","1988",-4.52898057498306,
"CAN","GGNLEND","TOT","PC_GDP","A","1989",-4.73628827579197,
"CAN","GGNLEND","TOT","PC_GDP","A","1990",-5.9327818157943,
"CAN","GGNLEND","TOT","PC_GDP","A","1991",-8.38952424944905,
"CAN","GGNLEND","TOT","PC_GDP","A","1992",-9.23020199184658,
"CAN","GGNLEND","TOT","PC_GDP","A","1993",-8.9639112123426,
"CAN","GGNLEND","TOT","PC_GDP","A","1994",-6.95763305455177,
"CAN","GGNLEND","TOT","PC_GDP","A","1995",-5.50717574637533,
"CAN","GGNLEND","TOT","PC_GDP","A","1996",-3.06257825052537,
"CAN","GGNLEND","TOT","PC_GDP","A","1997",0.038831643253362,
"CAN","GGNLEND","TOT","PC_GDP","A","1998",0.143177974917182,
"CAN","GGNLEND","TOT","PC_GDP","A","1999",1.66129725941206,
"CAN","GGNLEND","TOT","PC_GDP","A","2000",2.6485422449609,
"CAN","GGNLEND","TOT","PC_GDP","A","2001",0.531343571488069,
"CAN","GGNLEND","TOT","PC_GDP","A","2002",-0.234729942864445,
"CAN","GGNLEND","TOT","PC_GDP","A","2003",-0.127407893210911,
"CAN","GGNLEND","TOT","PC_GDP","A","2004",0.770295182161965,
"CAN","GGNLEND","TOT","PC_GDP","A","2005",1.55812023474483,
"CAN","GGNLEND","TOT","PC_GDP","A","2006",1.83298965894142,
"CAN","GGNLEND","TOT","PC_GDP","A","2007",1.82443064392717,
"CAN","GGNLEND","TOT","PC_GDP","A","2008",0.18494509423609,
"CAN","GGNLEND","TOT","PC_GDP","A","2009",-3.89118042064229,
"CAN","GGNLEND","TOT","PC_GDP","A","2010",-4.74872603225981,
"CAN","GGNLEND","TOT","PC_GDP","A","2011",-3.31647570710783,
"CAN","GGNLEND","TOT","PC_GDP","A","2012",-2.53060113846329,
"CAN","GGNLEND","TOT","PC_GDP","A","2013",-1.87280207806882,
"CAN","GGNLEND","TOT","PC_GDP","A","2014",-0.49901241328676,
"CAN","GGNLEND","TOT","PC_GDP","A","2015",-1.31865332321683,
"CAN","GGNLEND","TOT","PC_GDP","A","2016",-1.86935523963968,
"CZE","GGNLEND","TOT","PC_GDP","A","1995",-12.3778481096438,
"CZE","GGNLEND","TOT","PC_GDP","A","1996",-3.06581490170716,
"CZE","GGNLEND","TOT","PC_GDP","A","1997",-3.48354158955443,
"CZE","GGNLEND","TOT","PC_GDP","A","1998",-4.63601891362656,
"CZE","GGNLEND","TOT","PC_GDP","A","1999",-3.43718407414856,
"CZE","GGNLEND","TOT","PC_GDP","A","2000",-3.45722627577706,
"CZE","GGNLEND","TOT","PC_GDP","A","2001",-5.32583890801302,
"CZE","GGNLEND","TOT","PC_GDP","A","2002",-6.25429773676148,
"CZE","GGNLEND","TOT","PC_GDP","A","2003",-6.38162356576437,
"CZE","GGNLEND","TOT","PC_GDP","A","2004",-2.70685766009109,
"CZE","GGNLEND","TOT","PC_GDP","A","2005",-3.10429224997404,
"CZE","GGNLEND","TOT","PC_GDP","A","2006",-2.25116844179483,
"CZE","GGNLEND","TOT","PC_GDP","A","2007",-0.692765350639056,
"CZE","GGNLEND","TOT","PC_GDP","A","2008",-2.10257306136974,
"CZE","GGNLEND","TOT","PC_GDP","A","2009",-5.50169206309064,
"CZE","GGNLEND","TOT","PC_GDP","A","2010",-4.40425452445751,
"CZE","GGNLEND","TOT","PC_GDP","A","2011",-2.72440939025796,
"CZE","GGNLEND","TOT","PC_GDP","A","2012",-3.92993739765788,
"CZE","GGNLEND","TOT","PC_GDP","A","2013",-1.24761842480274,
"CZE","GGNLEND","TOT","PC_GDP","A","2014",-1.92552301468616,
"CZE","GGNLEND","TOT","PC_GDP","A","2015",-0.630164653117869,
"CZE","GGNLEND","TOT","PC_GDP","A","2016",0.577322740947449,
"DNK","GGNLEND","TOT","PC_GDP","A","1995",-3.61829378774181,
"DNK","GGNLEND","TOT","PC_GDP","A","1996",-2.48257391381072,
"DNK","GGNLEND","TOT","PC_GDP","A","1997",-1.20021393752361,
"DNK","GGNLEND","TOT","PC_GDP","A","1998",-0.388536814875024,
"DNK","GGNLEND","TOT","PC_GDP","A","1999",0.868934154154461,
"DNK","GGNLEND","TOT","PC_GDP","A","2000",1.88731430569623,
"DNK","GGNLEND","TOT","PC_GDP","A","2001",1.14055438978189,
"DNK","GGNLEND","TOT","PC_GDP","A","2002",-0.015387113540589,
"DNK","GGNLEND","TOT","PC_GDP","A","2003",-0.13314763657725,
"DNK","GGNLEND","TOT","PC_GDP","A","2004",2.0731725941749,
"DNK","GGNLEND","TOT","PC_GDP","A","2005",4.95509412453089,
"DNK","GGNLEND","TOT","PC_GDP","A","2006",4.98710068598195,
"DNK","GGNLEND","TOT","PC_GDP","A","2007",5.02045898283056,
"DNK","GGNLEND","TOT","PC_GDP","A","2008",3.17390797515362,
"DNK","GGNLEND","TOT","PC_GDP","A","2009",-2.79814161774022,
"DNK","GGNLEND","TOT","PC_GDP","A","2010",-2.71027087799281,
"DNK","GGNLEND","TOT","PC_GDP","A","2011",-2.05576618400805,
"DNK","GGNLEND","TOT","PC_GDP","A","2012",-3.49044486496584,
"DNK","GGNLEND","TOT","PC_GDP","A","2013",-1.23564720935162,
"DNK","GGNLEND","TOT","PC_GDP","A","2014",1.06602335055418,
"DNK","GGNLEND","TOT","PC_GDP","A","2015",-1.75658590222532,
"DNK","GGNLEND","TOT","PC_GDP","A","2016",-0.624259327688686,
"FIN","GGNLEND","TOT","PC_GDP","A","1975",4.96485779723117,"E"
"FIN","GGNLEND","TOT","PC_GDP","A","1976",7.64686385057098,"E"
"FIN","GGNLEND","TOT","PC_GDP","A","1977",6.27649761429738,"E"
"FIN","GGNLEND","TOT","PC_GDP","A","1978",3.86849646853292,"E"
"FIN","GGNLEND","TOT","PC_GDP","A","1979",3.43729544665815,"E"
"FIN","GGNLEND","TOT","PC_GDP","A","1980",3.74680838430022,
"FIN","GGNLEND","TOT","PC_GDP","A","1981",5.13466687667349,
"FIN","GGNLEND","TOT","PC_GDP","A","1982",3.08187994676753,
"FIN","GGNLEND","TOT","PC_GDP","A","1983",1.53797865662272,
"FIN","GGNLEND","TOT","PC_GDP","A","1984",3.24311189203335,
"FIN","GGNLEND","TOT","PC_GDP","A","1985",3.36278630865574,
"FIN","GGNLEND","TOT","PC_GDP","A","1986",3.82531080650303,
"FIN","GGNLEND","TOT","PC_GDP","A","1987",1.64573216631489,
"FIN","GGNLEND","TOT","PC_GDP","A","1988",5.17758032154676,
"FIN","GGNLEND","TOT","PC_GDP","A","1989",6.71717348043152,
"FIN","GGNLEND","TOT","PC_GDP","A","1990",5.31150423030436,
"FIN","GGNLEND","TOT","PC_GDP","A","1991",-0.911892550769302,
"FIN","GGNLEND","TOT","PC_GDP","A","1992",-5.30924433130627,
"FIN","GGNLEND","TOT","PC_GDP","A","1993",-8.0689928628073,
"FIN","GGNLEND","TOT","PC_GDP","A","1994",-6.47034197073859,
"FIN","GGNLEND","TOT","PC_GDP","A","1995",-5.92860911562969,
"FIN","GGNLEND","TOT","PC_GDP","A","1996",-3.24710954340584,
"FIN","GGNLEND","TOT","PC_GDP","A","1997",-1.20916036049053,
"FIN","GGNLEND","TOT","PC_GDP","A","1998",1.63562658869266,
"FIN","GGNLEND","TOT","PC_GDP","A","1999",1.68369799011999,
"FIN","GGNLEND","TOT","PC_GDP","A","2000",6.8552263670456,
"FIN","GGNLEND","TOT","PC_GDP","A","2001",4.98279526714069,
"FIN","GGNLEND","TOT","PC_GDP","A","2002",4.07110439749408,
"FIN","GGNLEND","TOT","PC_GDP","A","2003",2.44179218705672,
"FIN","GGNLEND","TOT","PC_GDP","A","2004",2.20978438511582,
"FIN","GGNLEND","TOT","PC_GDP","A","2005",2.59327075741999,
"FIN","GGNLEND","TOT","PC_GDP","A","2006",3.93131495707185,
"FIN","GGNLEND","TOT","PC_GDP","A","2007",5.1328088153325,
"FIN","GGNLEND","TOT","PC_GDP","A","2008",4.18045438823815,
"FIN","GGNLEND","TOT","PC_GDP","A","2009",-2.52832419115169,
"FIN","GGNLEND","TOT","PC_GDP","A","2010",-2.6098343132015,
"FIN","GGNLEND","TOT","PC_GDP","A","2011",-1.04434928810529,
"FIN","GGNLEND","TOT","PC_GDP","A","2012",-2.18325967376234,
"FIN","GGNLEND","TOT","PC_GDP","A","2013",-2.61387443566869,
"FIN","GGNLEND","TOT","PC_GDP","A","2014",-3.16098387143872,
"FIN","GGNLEND","TOT","PC_GDP","A","2015",-2.73402646232244,
"FIN","GGNLEND","TOT","PC_GDP","A","2016",-1.90153746260696,
"FRA","GGNLEND","TOT","PC_GDP","A","1978",-1.7907502216629,
"FRA","GGNLEND","TOT","PC_GDP","A","1979",-0.461157148937236,
"FRA","GGNLEND","TOT","PC_GDP","A","1980",-0.408419036607673,
"FRA","GGNLEND","TOT","PC_GDP","A","1981",-2.38101287345629,
"FRA","GGNLEND","TOT","PC_GDP","A","1982",-2.80924293139576,
"FRA","GGNLEND","TOT","PC_GDP","A","1983",-2.51249969363496,
"FRA","GGNLEND","TOT","PC_GDP","A","1984",-2.70584853335738,
"FRA","GGNLEND","TOT","PC_GDP","A","1985",-2.94223999978961,
"FRA","GGNLEND","TOT","PC_GDP","A","1986",-3.16572395562044,
"FRA","GGNLEND","TOT","PC_GDP","A","1987",-1.98377115396469,
"FRA","GGNLEND","TOT","PC_GDP","A","1988",-2.53140587275834,
"FRA","GGNLEND","TOT","PC_GDP","A","1989",-1.75317422848856,
"FRA","GGNLEND","TOT","PC_GDP","A","1990",-2.40179024340018,
"FRA","GGNLEND","TOT","PC_GDP","A","1991",-2.8269675292951,
"FRA","GGNLEND","TOT","PC_GDP","A","1992",-4.55472665042869,
"FRA","GGNLEND","TOT","PC_GDP","A","1993",-6.29882863521896,
"FRA","GGNLEND","TOT","PC_GDP","A","1994",-5.36932342615344,
"FRA","GGNLEND","TOT","PC_GDP","A","1995",-5.12445641392789,
"FRA","GGNLEND","TOT","PC_GDP","A","1996",-3.8996544739664,
"FRA","GGNLEND","TOT","PC_GDP","A","1997",-3.62605107640842,
"FRA","GGNLEND","TOT","PC_GDP","A","1998",-2.40668071852903,
"FRA","GGNLEND","TOT","PC_GDP","A","1999",-1.57833738945673,
"FRA","GGNLEND","TOT","PC_GDP","A","2000",-1.31849864977045,
"FRA","GGNLEND","TOT","PC_GDP","A","2001",-1.43654560415478,
"FRA","GGNLEND","TOT","PC_GDP","A","2002",-3.08769779565303,
"FRA","GGNLEND","TOT","PC_GDP","A","2003",-3.85941941007843,
"FRA","GGNLEND","TOT","PC_GDP","A","2004",-3.48896981458533,
"FRA","GGNLEND","TOT","PC_GDP","A","2005",-3.16534403926008,
"FRA","GGNLEND","TOT","PC_GDP","A","2006",-2.34181043530155,
"FRA","GGNLEND","TOT","PC_GDP","A","2007",-2.54368418077063,
"FRA","GGNLEND","TOT","PC_GDP","A","2008",-3.18324523386026,
"FRA","GGNLEND","TOT","PC_GDP","A","2009",-7.16228893300059,
"FRA","GGNLEND","TOT","PC_GDP","A","2010",-6.79491073470301,
"FRA","GGNLEND","TOT","PC_GDP","A","2011",-5.09696574149073,
"FRA","GGNLEND","TOT","PC_GDP","A","2012",-4.81319680736623,
"FRA","GGNLEND","TOT","PC_GDP","A","2013",-4.03620176470366,
"FRA","GGNLEND","TOT","PC_GDP","A","2014",-3.92864809190127,
"FRA","GGNLEND","TOT","PC_GDP","A","2015",-3.5861114744356,
"FRA","GGNLEND","TOT","PC_GDP","A","2016",-3.40501880560305,
"DEU","GGNLEND","TOT","PC_GDP","A","1995",-9.42666203235591,
"DEU","GGNLEND","TOT","PC_GDP","A","1996",-3.54235018065534,
"DEU","GGNLEND","TOT","PC_GDP","A","1997",-2.94511181491442,
"DEU","GGNLEND","TOT","PC_GDP","A","1998",-2.53182243847332,
"DEU","GGNLEND","TOT","PC_GDP","A","1999",-1.69821006547596,
"DEU","GGNLEND","TOT","PC_GDP","A","2000",0.858926141517992,
"DEU","GGNLEND","TOT","PC_GDP","A","2001",-3.11159024703535,
"DEU","GGNLEND","TOT","PC_GDP","A","2002",-3.9442083203201,
"DEU","GGNLEND","TOT","PC_GDP","A","2003",-4.17561529314259,
"DEU","GGNLEND","TOT","PC_GDP","A","2004",-3.740784455347,
"DEU","GGNLEND","TOT","PC_GDP","A","2005",-3.41693975296194,
"DEU","GGNLEND","TOT","PC_GDP","A","2006",-1.72150840906717,
"DEU","GGNLEND","TOT","PC_GDP","A","2007",0.18724907787986,
"DEU","GGNLEND","TOT","PC_GDP","A","2008",-0.176871969833004,
"DEU","GGNLEND","TOT","PC_GDP","A","2009",-3.23499764254475,
"DEU","GGNLEND","TOT","PC_GDP","A","2010",-4.22098710882693,
"DEU","GGNLEND","TOT","PC_GDP","A","2011",-0.956783272662701,
"DEU","GGNLEND","TOT","PC_GDP","A","2012",-0.033680653745477,
"DEU","GGNLEND","TOT","PC_GDP","A","2013",-0.189368206521739,
"DEU","GGNLEND","TOT","PC_GDP","A","2014",0.292483062180011,
"DEU","GGNLEND","TOT","PC_GDP","A","2015",0.689885980704427,
"DEU","GGNLEND","TOT","PC_GDP","A","2016",0.756364727016308,
"GRC","GGNLEND","TOT","PC_GDP","A","1995",-9.73097954738537,
"GRC","GGNLEND","TOT","PC_GDP","A","1996",-8.15826266010893,
"GRC","GGNLEND","TOT","PC_GDP","A","1997",-6.05602622508187,
"GRC","GGNLEND","TOT","PC_GDP","A","1998",-6.26843356890484,
"GRC","GGNLEND","TOT","PC_GDP","A","1999",-5.79346265201213,
"GRC","GGNLEND","TOT","PC_GDP","A","2000",-4.06308720049148,
"GRC","GGNLEND","TOT","PC_GDP","A","2001",-5.46605574492258,
"GRC","GGNLEND","TOT","PC_GDP","A","2002",-6.02407559052943,
"GRC","GGNLEND","TOT","PC_GDP","A","2003",-7.83042345221338,
"GRC","GGNLEND","TOT","PC_GDP","A","2004",-8.82787977070417,
"GRC","GGNLEND","TOT","PC_GDP","A","2005",-6.18794265451324,
"GRC","GGNLEND","TOT","PC_GDP","A","2006",-5.94597758004825,
"GRC","GGNLEND","TOT","PC_GDP","A","2007",-6.70707463437705,
"GRC","GGNLEND","TOT","PC_GDP","A","2008",-10.1760239361008,
"GRC","GGNLEND","TOT","PC_GDP","A","2009",-15.1413997680423,
"GRC","GGNLEND","TOT","PC_GDP","A","2010",-11.1971145223195,
"GRC","GGNLEND","TOT","PC_GDP","A","2011",-10.2787591094849,"E"
"GRC","GGNLEND","TOT","PC_GDP","A","2012",-8.89103166540883,"E"
"GRC","GGNLEND","TOT","PC_GDP","A","2013",-13.1461045331014,"E"
"GRC","GGNLEND","TOT","PC_GDP","A","2014",-3.66189655754065,"E"
"GRC","GGNLEND","TOT","PC_GDP","A","2015",-5.93463418069044,"E"
"GRC","GGNLEND","TOT","PC_GDP","A","2016",0.73228478389233,"E"
"HUN","GGNLEND","TOT","PC_GDP","A","1995",-8.62899003148359,
"HUN","GGNLEND","TOT","PC_GDP","A","1996",-4.37980669204428,
"HUN","GGNLEND","TOT","PC_GDP","A","1997",-5.54095111131083,
"HUN","GGNLEND","TOT","PC_GDP","A","1998",-7.46513227460486,
"HUN","GGNLEND","TOT","PC_GDP","A","1999",-5.13707625926233,
"HUN","GGNLEND","TOT","PC_GDP","A","2000",-3.0331423617901,
"HUN","GGNLEND","TOT","PC_GDP","A","2001",-4.05838953336971,
"HUN","GGNLEND","TOT","PC_GDP","A","2002",-8.84688044296337,
"HUN","GGNLEND","TOT","PC_GDP","A","2003",-7.13916840013612,
"HUN","GGNLEND","TOT","PC_GDP","A","2004",-6.34960280408284,
"HUN","GGNLEND","TOT","PC_GDP","A","2005",-7.81481230620963,
"HUN","GGNLEND","TOT","PC_GDP","A","2006",-9.32496562955973,
"HUN","GGNLEND","TOT","PC_GDP","A","2007",-5.05973307126107,
"HUN","GGNLEND","TOT","PC_GDP","A","2008",-3.63446659831527,
"HUN","GGNLEND","TOT","PC_GDP","A","2009",-4.58202883234289,
"HUN","GGNLEND","TOT","PC_GDP","A","2010",-4.51802598399906,
"HUN","GGNLEND","TOT","PC_GDP","A","2011",-5.46067499901921,
"HUN","GGNLEND","TOT","PC_GDP","A","2012",-2.3107851714334,
"HUN","GGNLEND","TOT","PC_GDP","A","2013",-2.55686950750297,
"HUN","GGNLEND","TOT","PC_GDP","A","2014",-2.07583928320327,
"HUN","GGNLEND","TOT","PC_GDP","A","2015",-1.55141593526306,
"HUN","GGNLEND","TOT","PC_GDP","A","2016",-1.847384887817,
"ISL","GGNLEND","TOT","PC_GDP","A","1998",-0.648734645922193,
"ISL","GGNLEND","TOT","PC_GDP","A","1999",0.821064216093726,
"ISL","GGNLEND","TOT","PC_GDP","A","2000",1.23096522845707,
"ISL","GGNLEND","TOT","PC_GDP","A","2001",-0.97386432938354,
"ISL","GGNLEND","TOT","PC_GDP","A","2002",-2.79695940136732,
"ISL","GGNLEND","TOT","PC_GDP","A","2003",-3.12804728268704,
"ISL","GGNLEND","TOT","PC_GDP","A","2004",-0.325818025303085,
"ISL","GGNLEND","TOT","PC_GDP","A","2005",4.47830611629493,
"ISL","GGNLEND","TOT","PC_GDP","A","2006",5.86536437323122,
"ISL","GGNLEND","TOT","PC_GDP","A","2007",4.91699509989355,
"ISL","GGNLEND","TOT","PC_GDP","A","2008",-13.0433031633959,
"ISL","GGNLEND","TOT","PC_GDP","A","2009",-9.67957751561659,
"ISL","GGNLEND","TOT","PC_GDP","A","2010",-9.76145795852972,
"ISL","GGNLEND","TOT","PC_GDP","A","2011",-5.58527784389261,
"ISL","GGNLEND","TOT","PC_GDP","A","2012",-3.73689892431764,
"ISL","GGNLEND","TOT","PC_GDP","A","2013",-1.83995226417349,
"ISL","GGNLEND","TOT","PC_GDP","A","2014",-0.060679222031345,
"ISL","GGNLEND","TOT","PC_GDP","A","2015",-0.835022216842526,
"ISL","GGNLEND","TOT","PC_GDP","A","2016",12.8727018087424,
"IRL","GGNLEND","TOT","PC_GDP","A","1995",-2.14229748634143,
"IRL","GGNLEND","TOT","PC_GDP","A","1996",-0.255916467487636,
"IRL","GGNLEND","TOT","PC_GDP","A","1997",1.32573356872329,
"IRL","GGNLEND","TOT","PC_GDP","A","1998",2.02655059747438,
"IRL","GGNLEND","TOT","PC_GDP","A","1999",2.41764600286553,
"IRL","GGNLEND","TOT","PC_GDP","A","2000",4.86682079206474,
"IRL","GGNLEND","TOT","PC_GDP","A","2001",0.969762186935983,
"IRL","GGNLEND","TOT","PC_GDP","A","2002",-0.320371278038158,
"IRL","GGNLEND","TOT","PC_GDP","A","2003",0.423615247564692,
"IRL","GGNLEND","TOT","PC_GDP","A","2004",1.33288565505755,
"IRL","GGNLEND","TOT","PC_GDP","A","2005",1.60748934682117,
"IRL","GGNLEND","TOT","PC_GDP","A","2006",2.80994045796549,
"IRL","GGNLEND","TOT","PC_GDP","A","2007",0.27294891087324,
"IRL","GGNLEND","TOT","PC_GDP","A","2008",-6.97648990466354,
"IRL","GGNLEND","TOT","PC_GDP","A","2009",-13.7813268848259,
"IRL","GGNLEND","TOT","PC_GDP","A","2010",-32.0301821525832,
"IRL","GGNLEND","TOT","PC_GDP","A","2011",-12.729415166207,
"IRL","GGNLEND","TOT","PC_GDP","A","2012",-8.05675477732844,
"IRL","GGNLEND","TOT","PC_GDP","A","2013",-5.71091980014539,
"IRL","GGNLEND","TOT","PC_GDP","A","2014",-3.68901754580343,
"IRL","GGNLEND","TOT","PC_GDP","A","2015",-1.92061494100798,
"IRL","GGNLEND","TOT","PC_GDP","A","2016",-0.5538288100996,
"ITA","GGNLEND","TOT","PC_GDP","A","1995",-7.25332861040322,
"ITA","GGNLEND","TOT","PC_GDP","A","1996",-6.65106548819659,
"ITA","GGNLEND","TOT","PC_GDP","A","1997",-3.01194331874379,
"ITA","GGNLEND","TOT","PC_GDP","A","1998",-3.02124691968877,
"ITA","GGNLEND","TOT","PC_GDP","A","1999",-1.80450339189037,
"ITA","GGNLEND","TOT","PC_GDP","A","2000",-1.32368641280344,
"ITA","GGNLEND","TOT","PC_GDP","A","2001",-3.39320447964474,
"ITA","GGNLEND","TOT","PC_GDP","A","2002",-3.07312952285355,
"ITA","GGNLEND","TOT","PC_GDP","A","2003",-3.41358116010506,
"ITA","GGNLEND","TOT","PC_GDP","A","2004",-3.56692421415852,
"ITA","GGNLEND","TOT","PC_GDP","A","2005",-4.17338640931225,
"ITA","GGNLEND","TOT","PC_GDP","A","2006",-3.58733955228114,
"ITA","GGNLEND","TOT","PC_GDP","A","2007",-1.52657502942672,
"ITA","GGNLEND","TOT","PC_GDP","A","2008",-2.69190807243469,
"ITA","GGNLEND","TOT","PC_GDP","A","2009",-5.26938421952569,
"ITA","GGNLEND","TOT","PC_GDP","A","2010",-4.2455832694233,
"ITA","GGNLEND","TOT","PC_GDP","A","2011",-3.71190080342289,
"ITA","GGNLEND","TOT","PC_GDP","A","2012",-2.92673559697525,
"ITA","GGNLEND","TOT","PC_GDP","A","2013",-2.92384565860992,
"ITA","GGNLEND","TOT","PC_GDP","A","2014",-3.02122203720397,
"ITA","GGNLEND","TOT","PC_GDP","A","2015",-2.68603018304961,
"ITA","GGNLEND","TOT","PC_GDP","A","2016",-2.44009003848338,
"JPN","GGNLEND","TOT","PC_GDP","A","2005",-4.41002738237332,
"JPN","GGNLEND","TOT","PC_GDP","A","2006",-2.97079200432281,
"JPN","GGNLEND","TOT","PC_GDP","A","2007",-2.7563335052386,
"JPN","GGNLEND","TOT","PC_GDP","A","2008",-4.11942639716836,
"JPN","GGNLEND","TOT","PC_GDP","A","2009",-9.77644580909947,
"JPN","GGNLEND","TOT","PC_GDP","A","2010",-9.14602644248401,
"JPN","GGNLEND","TOT","PC_GDP","A","2011",-9.08806013733991,
"JPN","GGNLEND","TOT","PC_GDP","A","2012",-8.30251585389605,
"JPN","GGNLEND","TOT","PC_GDP","A","2013",-7.64182523953864,
"JPN","GGNLEND","TOT","PC_GDP","A","2014",-5.38487593878115,
"JPN","GGNLEND","TOT","PC_GDP","A","2015",-3.51310312486099,
"KOR","GGNLEND","TOT","PC_GDP","A","1970",0.153857163303278,
"KOR","GGNLEND","TOT","PC_GDP","A","1971",-0.969912329245915,
"KOR","GGNLEND","TOT","PC_GDP","A","1972",-2.52124512887929,
"KOR","GGNLEND","TOT","PC_GDP","A","1973",-2.30706447809921,
"KOR","GGNLEND","TOT","PC_GDP","A","1974",-1.80839858373837,
"KOR","GGNLEND","TOT","PC_GDP","A","1975",-4.14465354922847,
"KOR","GGNLEND","TOT","PC_GDP","A","1976",-1.17947437071573,
"KOR","GGNLEND","TOT","PC_GDP","A","1977",-1.99888770700259,
"KOR","GGNLEND","TOT","PC_GDP","A","1978",-0.342883175945426,
"KOR","GGNLEND","TOT","PC_GDP","A","1979",-0.223781693353901,
"KOR","GGNLEND","TOT","PC_GDP","A","1980",-1.13297509836261,
"KOR","GGNLEND","TOT","PC_GDP","A","1981",-3.25358851674641,
"KOR","GGNLEND","TOT","PC_GDP","A","1982",-0.187130882575371,
"KOR","GGNLEND","TOT","PC_GDP","A","1983",0.964905523987842,
"KOR","GGNLEND","TOT","PC_GDP","A","1984",1.43637708783954,
"KOR","GGNLEND","TOT","PC_GDP","A","1985",0.719512698361753,
"KOR","GGNLEND","TOT","PC_GDP","A","1986",1.29408622528235,
"KOR","GGNLEND","TOT","PC_GDP","A","1987",2.07961572281995,
"KOR","GGNLEND","TOT","PC_GDP","A","1988",2.73360661995899,
"KOR","GGNLEND","TOT","PC_GDP","A","1989",2.29320319475532,
"KOR","GGNLEND","TOT","PC_GDP","A","1990",2.40288540470168,
"KOR","GGNLEND","TOT","PC_GDP","A","1991",1.2344836593865,
"KOR","GGNLEND","TOT","PC_GDP","A","1992",1.0104754537131,
"KOR","GGNLEND","TOT","PC_GDP","A","1993",1.6280323032879,
"KOR","GGNLEND","TOT","PC_GDP","A","1994",2.54107178663706,
"KOR","GGNLEND","TOT","PC_GDP","A","1995",3.07255009067974,
"KOR","GGNLEND","TOT","PC_GDP","A","1996",3.19405463016231,
"KOR","GGNLEND","TOT","PC_GDP","A","1997",2.71290255004694,
"KOR","GGNLEND","TOT","PC_GDP","A","1998",0.647597758375585,
"KOR","GGNLEND","TOT","PC_GDP","A","1999",1.64178307592246,
"KOR","GGNLEND","TOT","PC_GDP","A","2000",4.35863841787096,
"KOR","GGNLEND","TOT","PC_GDP","A","2001",2.96508874544459,
"KOR","GGNLEND","TOT","PC_GDP","A","2002",3.51456002574485,
"KOR","GGNLEND","TOT","PC_GDP","A","2003",-1.96383025452843,
"KOR","GGNLEND","TOT","PC_GDP","A","2004",0.231349705850156,
"KOR","GGNLEND","TOT","PC_GDP","A","2005",1.55166795988638,
"KOR","GGNLEND","TOT","PC_GDP","A","2006",2.33365691752826,
"KOR","GGNLEND","TOT","PC_GDP","A","2007",4.23612457055198,
"KOR","GGNLEND","TOT","PC_GDP","A","2008",2.33807898326489,
"KOR","GGNLEND","TOT","PC_GDP","A","2009",-1.31678364946387,
"KOR","GGNLEND","TOT","PC_GDP","A","2010",0.973446781337034,
"KOR","GGNLEND","TOT","PC_GDP","A","2011",0.975147090714132,
"KOR","GGNLEND","TOT","PC_GDP","A","2012",1.01264163149375,
"KOR","GGNLEND","TOT","PC_GDP","A","2013",1.33575581130976,
"KOR","GGNLEND","TOT","PC_GDP","A","2014",1.26894977946332,
"KOR","GGNLEND","TOT","PC_GDP","A","2015",1.4117809950984,
"LUX","GGNLEND","TOT","PC_GDP","A","1995",2.66862990745492,
"LUX","GGNLEND","TOT","PC_GDP","A","1996",1.59283953353292,
"LUX","GGNLEND","TOT","PC_GDP","A","1997",2.80124995285246,
"LUX","GGNLEND","TOT","PC_GDP","A","1998",3.23490192127569,
"LUX","GGNLEND","TOT","PC_GDP","A","1999",3.47957655161846,
"LUX","GGNLEND","TOT","PC_GDP","A","2000",5.88840646291833,
"LUX","GGNLEND","TOT","PC_GDP","A","2001",5.90940709562977,
"LUX","GGNLEND","TOT","PC_GDP","A","2002",2.4408330504384,
"LUX","GGNLEND","TOT","PC_GDP","A","2003",0.185964527743655,
"LUX","GGNLEND","TOT","PC_GDP","A","2004",-1.28309737214184,
"LUX","GGNLEND","TOT","PC_GDP","A","2005",0.077619689494603,
"LUX","GGNLEND","TOT","PC_GDP","A","2006",1.93590684221058,
"LUX","GGNLEND","TOT","PC_GDP","A","2007",4.15120190174683,
"LUX","GGNLEND","TOT","PC_GDP","A","2008",3.3198717780764,
"LUX","GGNLEND","TOT","PC_GDP","A","2009",-0.674725529178424,
"LUX","GGNLEND","TOT","PC_GDP","A","2010",-0.658248886226059,
"LUX","GGNLEND","TOT","PC_GDP","A","2011",0.512850261762832,
"LUX","GGNLEND","TOT","PC_GDP","A","2012",0.344962078994435,
"LUX","GGNLEND","TOT","PC_GDP","A","2013",0.964460851733408,
"LUX","GGNLEND","TOT","PC_GDP","A","2014",1.38082402621398,
"LUX","GGNLEND","TOT","PC_GDP","A","2015",1.41481465375874,
"LUX","GGNLEND","TOT","PC_GDP","A","2016",1.55872600558355,
"MEX","GGNLEND","TOT","PC_GDP","A","2003",0.364913088363034,
"MEX","GGNLEND","TOT","PC_GDP","A","2004",1.58784182832861,
"MEX","GGNLEND","TOT","PC_GDP","A","2005",1.55972016643249,
"MEX","GGNLEND","TOT","PC_GDP","A","2006",0.749898814661594,
"MEX","GGNLEND","TOT","PC_GDP","A","2007",0.152625586518393,
"MEX","GGNLEND","TOT","PC_GDP","A","2008",-0.165239991240826,
"MEX","GGNLEND","TOT","PC_GDP","A","2009",-0.594213265110198,
"MEX","GGNLEND","TOT","PC_GDP","A","2010",-0.585965524014804,
"MEX","GGNLEND","TOT","PC_GDP","A","2011",-0.077832234496935,
"MEX","GGNLEND","TOT","PC_GDP","A","2012",-0.127315045683866,
"MEX","GGNLEND","TOT","PC_GDP","A","2013",0.220514162607532,
"MEX","GGNLEND","TOT","PC_GDP","A","2014",-0.620511911007111,"E"
"MEX","GGNLEND","TOT","PC_GDP","A","2015",-0.883414525216549,"E"
"NLD","GGNLEND","TOT","PC_GDP","A","1995",-8.5919081824916,
"NLD","GGNLEND","TOT","PC_GDP","A","1996",-1.72716181180418,
"NLD","GGNLEND","TOT","PC_GDP","A","1997",-1.27301273286735,
"NLD","GGNLEND","TOT","PC_GDP","A","1998",-0.904665887520388,
"NLD","GGNLEND","TOT","PC_GDP","A","1999",0.326151413322791,
"NLD","GGNLEND","TOT","PC_GDP","A","2000",1.8792084113547,
"NLD","GGNLEND","TOT","PC_GDP","A","2001",-0.348230318693675,
"NLD","GGNLEND","TOT","PC_GDP","A","2002",-2.07947001118299,
"NLD","GGNLEND","TOT","PC_GDP","A","2003",-3.01635578116766,
"NLD","GGNLEND","TOT","PC_GDP","A","2004",-1.7227196295752,
"NLD","GGNLEND","TOT","PC_GDP","A","2005",-0.25604416349437,
"NLD","GGNLEND","TOT","PC_GDP","A","2006",0.210458346857455,
"NLD","GGNLEND","TOT","PC_GDP","A","2007",0.211648839029481,
"NLD","GGNLEND","TOT","PC_GDP","A","2008",0.223730097017506,
"NLD","GGNLEND","TOT","PC_GDP","A","2009",-5.4309032613272,
"NLD","GGNLEND","TOT","PC_GDP","A","2010",-4.9915124336513,
"NLD","GGNLEND","TOT","PC_GDP","A","2011",-4.2884984189545,
"NLD","GGNLEND","TOT","PC_GDP","A","2012",-3.88490368340453,
"NLD","GGNLEND","TOT","PC_GDP","A","2013",-2.37411681077537,
"NLD","GGNLEND","TOT","PC_GDP","A","2014",-2.26663931656933,
"NLD","GGNLEND","TOT","PC_GDP","A","2015",-2.05118976029216,
"NLD","GGNLEND","TOT","PC_GDP","A","2016",0.366189846593068,
"NOR","GGNLEND","TOT","PC_GDP","A","1995",3.15400716833969,
"NOR","GGNLEND","TOT","PC_GDP","A","1996",6.16209819875087,
"NOR","GGNLEND","TOT","PC_GDP","A","1997",7.48674346636012,
"NOR","GGNLEND","TOT","PC_GDP","A","1998",3.25217161053377,
"NOR","GGNLEND","TOT","PC_GDP","A","1999",5.8724769910113,
"NOR","GGNLEND","TOT","PC_GDP","A","2000",15.1021363683992,
"NOR","GGNLEND","TOT","PC_GDP","A","2001",13.1856690432287,
"NOR","GGNLEND","TOT","PC_GDP","A","2002",9.05048837282341,
"NOR","GGNLEND","TOT","PC_GDP","A","2003",7.24555804380429,
"NOR","GGNLEND","TOT","PC_GDP","A","2004",10.9231243206297,
"NOR","GGNLEND","TOT","PC_GDP","A","2005",14.8192858313616,
"NOR","GGNLEND","TOT","PC_GDP","A","2006",18.0207573470464,
"NOR","GGNLEND","TOT","PC_GDP","A","2007",17.1215659138987,
"NOR","GGNLEND","TOT","PC_GDP","A","2008",18.6959291926706,
"NOR","GGNLEND","TOT","PC_GDP","A","2009",10.3387334557628,
"NOR","GGNLEND","TOT","PC_GDP","A","2010",11.0093128073977,
"NOR","GGNLEND","TOT","PC_GDP","A","2011",13.4483034040802,
"NOR","GGNLEND","TOT","PC_GDP","A","2012",13.8456054347621,
"NOR","GGNLEND","TOT","PC_GDP","A","2013",10.7885230667239,
"NOR","GGNLEND","TOT","PC_GDP","A","2014",8.76577958464143,
"NOR","GGNLEND","TOT","PC_GDP","A","2015",5.98755450397811,
"NOR","GGNLEND","TOT","PC_GDP","A","2016",3.00978964723601,
"POL","GGNLEND","TOT","PC_GDP","A","1995",-4.18007270448499,
"POL","GGNLEND","TOT","PC_GDP","A","1996",-4.53641047998479,
"POL","GGNLEND","TOT","PC_GDP","A","1997",-4.55159593326881,
"POL","GGNLEND","TOT","PC_GDP","A","1998",-4.16553230737754,
"POL","GGNLEND","TOT","PC_GDP","A","1999",-2.24540203509053,
"POL","GGNLEND","TOT","PC_GDP","A","2000",-2.97095706743486,
"POL","GGNLEND","TOT","PC_GDP","A","2001",-4.78335844097567,
"POL","GGNLEND","TOT","PC_GDP","A","2002",-4.84568964846297,
"POL","GGNLEND","TOT","PC_GDP","A","2003",-6.07709857789652,
"POL","GGNLEND","TOT","PC_GDP","A","2004",-5.0438245355238,
"POL","GGNLEND","TOT","PC_GDP","A","2005",-3.96184429986633,
"POL","GGNLEND","TOT","PC_GDP","A","2006",-3.55731410026322,
"POL","GGNLEND","TOT","PC_GDP","A","2007",-1.85297300028208,
"POL","GGNLEND","TOT","PC_GDP","A","2008",-3.60011787858972,
"POL","GGNLEND","TOT","PC_GDP","A","2009",-7.25269055420169,
"POL","GGNLEND","TOT","PC_GDP","A","2010",-7.34208954976036,
"POL","GGNLEND","TOT","PC_GDP","A","2011",-4.82067738779293,
"POL","GGNLEND","TOT","PC_GDP","A","2012",-3.69082455296209,
"POL","GGNLEND","TOT","PC_GDP","A","2013",-4.11288463233066,
"POL","GGNLEND","TOT","PC_GDP","A","2014",-3.48843928955216,
"POL","GGNLEND","TOT","PC_GDP","A","2015",-2.56755187095577,
"POL","GGNLEND","TOT","PC_GDP","A","2016",-2.41657847924368,
"PRT","GGNLEND","TOT","PC_GDP","A","1995",-5.17816798618826,
"PRT","GGNLEND","TOT","PC_GDP","A","1996",-4.73766795435675,
"PRT","GGNLEND","TOT","PC_GDP","A","1997",-3.70466472016381,
"PRT","GGNLEND","TOT","PC_GDP","A","1998",-4.38628951683272,
"PRT","GGNLEND","TOT","PC_GDP","A","1999",-3.03058628102549,
"PRT","GGNLEND","TOT","PC_GDP","A","2000",-3.21490059202684,
"PRT","GGNLEND","TOT","PC_GDP","A","2001",-4.78840437065472,
"PRT","GGNLEND","TOT","PC_GDP","A","2002",-3.34029009906611,
"PRT","GGNLEND","TOT","PC_GDP","A","2003",-4.42158879582304,
"PRT","GGNLEND","TOT","PC_GDP","A","2004",-6.1945279526635,
"PRT","GGNLEND","TOT","PC_GDP","A","2005",-6.19379041973095,
"PRT","GGNLEND","TOT","PC_GDP","A","2006",-4.32756006565224,
"PRT","GGNLEND","TOT","PC_GDP","A","2007",-3.00876143501656,
"PRT","GGNLEND","TOT","PC_GDP","A","2008",-3.76566320264779,
"PRT","GGNLEND","TOT","PC_GDP","A","2009",-9.80552663438705,
"PRT","GGNLEND","TOT","PC_GDP","A","2010",-11.1711387771583,
"PRT","GGNLEND","TOT","PC_GDP","A","2011",-7.38284136960417,
"PRT","GGNLEND","TOT","PC_GDP","A","2012",-5.65866682156956,
"PRT","GGNLEND","TOT","PC_GDP","A","2013",-4.84242355641659,
"PRT","GGNLEND","TOT","PC_GDP","A","2014",-7.16566137941994,
"PRT","GGNLEND","TOT","PC_GDP","A","2015",-4.35976999151196,"E"
"PRT","GGNLEND","TOT","PC_GDP","A","2016",-2.01283187593788,"E"
"SVK","GGNLEND","TOT","PC_GDP","A","1995",-3.34169673151856,
"SVK","GGNLEND","TOT","PC_GDP","A","1996",-9.72085721743718,
"SVK","GGNLEND","TOT","PC_GDP","A","1997",-6.16263838378179,
"SVK","GGNLEND","TOT","PC_GDP","A","1998",-5.20542019624699,
"SVK","GGNLEND","TOT","PC_GDP","A","1999",-7.27623108471186,
"SVK","GGNLEND","TOT","PC_GDP","A","2000",-12.0234379069257,
"SVK","GGNLEND","TOT","PC_GDP","A","2001",-6.40131502133654,
"SVK","GGNLEND","TOT","PC_GDP","A","2002",-8.08803857054973,
"SVK","GGNLEND","TOT","PC_GDP","A","2003",-2.70301818074847,
"SVK","GGNLEND","TOT","PC_GDP","A","2004",-2.30847234192481,
"SVK","GGNLEND","TOT","PC_GDP","A","2005",-2.88332707991488,
"SVK","GGNLEND","TOT","PC_GDP","A","2006",-3.59197033059735,
"SVK","GGNLEND","TOT","PC_GDP","A","2007",-1.94876344013204,
"SVK","GGNLEND","TOT","PC_GDP","A","2008",-2.42774944900926,
"SVK","GGNLEND","TOT","PC_GDP","A","2009",-7.80420823677893,
"SVK","GGNLEND","TOT","PC_GDP","A","2010",-7.48492156122039,
"SVK","GGNLEND","TOT","PC_GDP","A","2011",-4.27695107005863,
"SVK","GGNLEND","TOT","PC_GDP","A","2012",-4.34488633307169,
"SVK","GGNLEND","TOT","PC_GDP","A","2013",-2.71998847834079,
"SVK","GGNLEND","TOT","PC_GDP","A","2014",-2.70732662773208,
"SVK","GGNLEND","TOT","PC_GDP","A","2015",-2.74458068621647,
"SVK","GGNLEND","TOT","PC_GDP","A","2016",-1.68178182851445,
"ESP","GGNLEND","TOT","PC_GDP","A","1995",-7.03775223855252,
"ESP","GGNLEND","TOT","PC_GDP","A","1996",-5.37221921670847,
"ESP","GGNLEND","TOT","PC_GDP","A","1997",-3.91314335130461,
"ESP","GGNLEND","TOT","PC_GDP","A","1998",-2.94887391208609,
"ESP","GGNLEND","TOT","PC_GDP","A","1999",-1.32269701640205,
"ESP","GGNLEND","TOT","PC_GDP","A","2000",-1.02251450676983,
"ESP","GGNLEND","TOT","PC_GDP","A","2001",-0.548798618497044,
"ESP","GGNLEND","TOT","PC_GDP","A","2002",-0.414526857496717,
"ESP","GGNLEND","TOT","PC_GDP","A","2003",-0.368401139056495,
"ESP","GGNLEND","TOT","PC_GDP","A","2004",-0.042255810173899,
"ESP","GGNLEND","TOT","PC_GDP","A","2005",1.20668496377474,
"ESP","GGNLEND","TOT","PC_GDP","A","2006",2.19688206243415,
"ESP","GGNLEND","TOT","PC_GDP","A","2007",1.9204168736879,
"ESP","GGNLEND","TOT","PC_GDP","A","2008",-4.42310431667245,
"ESP","GGNLEND","TOT","PC_GDP","A","2009",-10.956281266392,
"ESP","GGNLEND","TOT","PC_GDP","A","2010",-9.38364142165003,
"ESP","GGNLEND","TOT","PC_GDP","A","2011",-9.61133693256715,
"ESP","GGNLEND","TOT","PC_GDP","A","2012",-10.4722445030478,
"ESP","GGNLEND","TOT","PC_GDP","A","2013",-7.00405797779715,
"ESP","GGNLEND","TOT","PC_GDP","A","2014",-5.99416600371254,"E"
"ESP","GGNLEND","TOT","PC_GDP","A","2015",-5.12513956820086,"E"
"ESP","GGNLEND","TOT","PC_GDP","A","2016",-4.54064322786441,"E"
"SWE","GGNLEND","TOT","PC_GDP","A","1995",-7.02838558008709,
"SWE","GGNLEND","TOT","PC_GDP","A","1996",-3.11113986620256,
"SWE","GGNLEND","TOT","PC_GDP","A","1997",-1.57453642694035,
"SWE","GGNLEND","TOT","PC_GDP","A","1998",0.83902355310162,
"SWE","GGNLEND","TOT","PC_GDP","A","1999",0.758807321657266,
"SWE","GGNLEND","TOT","PC_GDP","A","2000",3.22464099937909,
"SWE","GGNLEND","TOT","PC_GDP","A","2001",1.42458224548349,
"SWE","GGNLEND","TOT","PC_GDP","A","2002",-1.48139443303879,
"SWE","GGNLEND","TOT","PC_GDP","A","2003",-1.33758066455869,
"SWE","GGNLEND","TOT","PC_GDP","A","2004",0.292893517734567,
"SWE","GGNLEND","TOT","PC_GDP","A","2005",1.78371934323742,
"SWE","GGNLEND","TOT","PC_GDP","A","2006",2.16289925949015,
"SWE","GGNLEND","TOT","PC_GDP","A","2007",3.31156338706111,
"SWE","GGNLEND","TOT","PC_GDP","A","2008",1.94810542806277,
"SWE","GGNLEND","TOT","PC_GDP","A","2009",-0.726073731286732,
"SWE","GGNLEND","TOT","PC_GDP","A","2010",-0.074744445587123,
"SWE","GGNLEND","TOT","PC_GDP","A","2011",-0.189877035270965,
"SWE","GGNLEND","TOT","PC_GDP","A","2012",-0.976280937907078,
"SWE","GGNLEND","TOT","PC_GDP","A","2013",-1.35581521994297,
"SWE","GGNLEND","TOT","PC_GDP","A","2014",-1.54900884973735,
"SWE","GGNLEND","TOT","PC_GDP","A","2015",0.278515023428028,
"SWE","GGNLEND","TOT","PC_GDP","A","2016",0.896329656224115,
"CHE","GGNLEND","TOT","PC_GDP","A","1995",-2.11354497470396,
"CHE","GGNLEND","TOT","PC_GDP","A","1996",-1.97394013817962,
"CHE","GGNLEND","TOT","PC_GDP","A","1997",-2.86036907279167,
"CHE","GGNLEND","TOT","PC_GDP","A","1998",-1.85874049825307,
"CHE","GGNLEND","TOT","PC_GDP","A","1999",-0.935549343512171,
"CHE","GGNLEND","TOT","PC_GDP","A","2000",-0.446149502828347,
"CHE","GGNLEND","TOT","PC_GDP","A","2001",-0.822757442840885,
"CHE","GGNLEND","TOT","PC_GDP","A","2002",-2.66574307815583,
"CHE","GGNLEND","TOT","PC_GDP","A","2003",-2.42277136175657,
"CHE","GGNLEND","TOT","PC_GDP","A","2004",-2.21421828237354,
"CHE","GGNLEND","TOT","PC_GDP","A","2005",-1.18111375373883,
"CHE","GGNLEND","TOT","PC_GDP","A","2006",0.308991157116714,
"CHE","GGNLEND","TOT","PC_GDP","A","2007",0.928911665510007,
"CHE","GGNLEND","TOT","PC_GDP","A","2008",2.04873605452389,
"CHE","GGNLEND","TOT","PC_GDP","A","2009",0.758723970123604,
"CHE","GGNLEND","TOT","PC_GDP","A","2010",0.341084665032193,
"CHE","GGNLEND","TOT","PC_GDP","A","2011",0.756015328389917,
"CHE","GGNLEND","TOT","PC_GDP","A","2012",0.248052125778918,
"CHE","GGNLEND","TOT","PC_GDP","A","2013",-0.50454489207391,
"CHE","GGNLEND","TOT","PC_GDP","A","2014",-0.301315150998513,
"CHE","GGNLEND","TOT","PC_GDP","A","2015",1.07027325033363,
"TUR","GGNLEND","TOT","PC_GDP","A","2009",-6.17397425577849,
"TUR","GGNLEND","TOT","PC_GDP","A","2010",-2.68443535833619,
"TUR","GGNLEND","TOT","PC_GDP","A","2011",-0.741717202815268,
"TUR","GGNLEND","TOT","PC_GDP","A","2012",-0.188460337664863,
"TUR","GGNLEND","TOT","PC_GDP","A","2013",0.205140758072513,
"TUR","GGNLEND","TOT","PC_GDP","A","2014",0.244495830872709,
"TUR","GGNLEND","TOT","PC_GDP","A","2015",1.31007996448067,
"GBR","GGNLEND","TOT","PC_GDP","A","1990",-1.74069676597804,
"GBR","GGNLEND","TOT","PC_GDP","A","1991",-2.96713099144091,
"GBR","GGNLEND","TOT","PC_GDP","A","1992",-6.10054004195367,
"GBR","GGNLEND","TOT","PC_GDP","A","1993",-7.43965953310142,
"GBR","GGNLEND","TOT","PC_GDP","A","1994",-6.43052297650551,
"GBR","GGNLEND","TOT","PC_GDP","A","1995",-5.25084683366681,
"GBR","GGNLEND","TOT","PC_GDP","A","1996",-3.79762571396573,
"GBR","GGNLEND","TOT","PC_GDP","A","1997",-2.01873558749754,
"GBR","GGNLEND","TOT","PC_GDP","A","1998",-0.209219959441318,
"GBR","GGNLEND","TOT","PC_GDP","A","1999",0.724536209673866,
"GBR","GGNLEND","TOT","PC_GDP","A","2000",1.44338366657014,
"GBR","GGNLEND","TOT","PC_GDP","A","2001",0.311268768266292,
"GBR","GGNLEND","TOT","PC_GDP","A","2002",-1.87097280352568,
"GBR","GGNLEND","TOT","PC_GDP","A","2003",-3.13670822705801,
"GBR","GGNLEND","TOT","PC_GDP","A","2004",-3.09278903556972,
"GBR","GGNLEND","TOT","PC_GDP","A","2005",-3.17045040186102,
"GBR","GGNLEND","TOT","PC_GDP","A","2006",-2.81332523611542,
"GBR","GGNLEND","TOT","PC_GDP","A","2007",-2.67354284109244,
"GBR","GGNLEND","TOT","PC_GDP","A","2008",-5.18381948688574,
"GBR","GGNLEND","TOT","PC_GDP","A","2009",-10.0951062187265,
"GBR","GGNLEND","TOT","PC_GDP","A","2010",-9.44399115005415,
"GBR","GGNLEND","TOT","PC_GDP","A","2011",-7.51470575591086,
"GBR","GGNLEND","TOT","PC_GDP","A","2012",-8.22658986868405,
"GBR","GGNLEND","TOT","PC_GDP","A","2013",-5.55541822860109,
"GBR","GGNLEND","TOT","PC_GDP","A","2014",-5.6277160791888,
"GBR","GGNLEND","TOT","PC_GDP","A","2015",-4.34855509170114,
"GBR","GGNLEND","TOT","PC_GDP","A","2016",-2.95080986803201,
"USA","GGNLEND","TOT","PC_GDP","A","1970",-4.27694807246878,
"USA","GGNLEND","TOT","PC_GDP","A","1971",-5.09989124570763,
"USA","GGNLEND","TOT","PC_GDP","A","1972",-3.80186658494802,
"USA","GGNLEND","TOT","PC_GDP","A","1973",-2.44618840515796,
"USA","GGNLEND","TOT","PC_GDP","A","1974",-3.01770697141381,
"USA","GGNLEND","TOT","PC_GDP","A","1975",-6.93495203748187,
"USA","GGNLEND","TOT","PC_GDP","A","1976",-4.84318436376051,
"USA","GGNLEND","TOT","PC_GDP","A","1977",-3.57587498459935,
"USA","GGNLEND","TOT","PC_GDP","A","1978",-2.74487804526153,
"USA","GGNLEND","TOT","PC_GDP","A","1979",-2.25185333775559,
"USA","GGNLEND","TOT","PC_GDP","A","1980",-3.63978403531173,
"USA","GGNLEND","TOT","PC_GDP","A","1981",-3.16095891690824,
"USA","GGNLEND","TOT","PC_GDP","A","1982",-5.6784607193263,
"USA","GGNLEND","TOT","PC_GDP","A","1983",-6.38934157784602,
"USA","GGNLEND","TOT","PC_GDP","A","1984",-5.29970972800953,
"USA","GGNLEND","TOT","PC_GDP","A","1985",-5.44988490208971,
"USA","GGNLEND","TOT","PC_GDP","A","1986",-5.63026738748474,
"USA","GGNLEND","TOT","PC_GDP","A","1987",-4.60985619326613,
"USA","GGNLEND","TOT","PC_GDP","A","1988",-3.96047388840902,
"USA","GGNLEND","TOT","PC_GDP","A","1989",-3.81231360556326,
"USA","GGNLEND","TOT","PC_GDP","A","1990",-4.72512408461518,
"USA","GGNLEND","TOT","PC_GDP","A","1991",-5.54205728725893,
"USA","GGNLEND","TOT","PC_GDP","A","1992",-6.61133555752688,
"USA","GGNLEND","TOT","PC_GDP","A","1993",-5.79417560074421,
"USA","GGNLEND","TOT","PC_GDP","A","1994",-4.47055620280061,
"USA","GGNLEND","TOT","PC_GDP","A","1995",-4.12063579878028,
"USA","GGNLEND","TOT","PC_GDP","A","1996",-2.9788273155197,
"USA","GGNLEND","TOT","PC_GDP","A","1997",-1.59991589722502,
"USA","GGNLEND","TOT","PC_GDP","A","1998",-0.394810614128818,
"USA","GGNLEND","TOT","PC_GDP","A","1999",-0.002774147922536,
"USA","GGNLEND","TOT","PC_GDP","A","2000",0.801932642402914,
"USA","GGNLEND","TOT","PC_GDP","A","2001",-1.36572588662738,
"USA","GGNLEND","TOT","PC_GDP","A","2002",-4.73026953097031,
"USA","GGNLEND","TOT","PC_GDP","A","2003",-5.87898011149655,
"USA","GGNLEND","TOT","PC_GDP","A","2004",-5.43731906207515,
"USA","GGNLEND","TOT","PC_GDP","A","2005",-4.1504381564117,
"USA","GGNLEND","TOT","PC_GDP","A","2006",-2.97076592997865,
"USA","GGNLEND","TOT","PC_GDP","A","2007",-3.54749929805524,
"USA","GGNLEND","TOT","PC_GDP","A","2008",-7.02011239941456,
"USA","GGNLEND","TOT","PC_GDP","A","2009",-12.6738406181012,
"USA","GGNLEND","TOT","PC_GDP","A","2010",-12.0130400393682,
"USA","GGNLEND","TOT","PC_GDP","A","2011",-10.6112118333339,
"USA","GGNLEND","TOT","PC_GDP","A","2012",-8.8561896281574,
"USA","GGNLEND","TOT","PC_GDP","A","2013",-5.3558223617422,
"USA","GGNLEND","TOT","PC_GDP","A","2014",-4.80024179699275,
"USA","GGNLEND","TOT","PC_GDP","A","2015",-4.22050704765098,
"CHL","GGNLEND","TOT","PC_GDP","A","2003",-0.189104524142558,
"CHL","GGNLEND","TOT","PC_GDP","A","2004",2.76924205546272,
"CHL","GGNLEND","TOT","PC_GDP","A","2005",5.02306771065965,
"CHL","GGNLEND","TOT","PC_GDP","A","2006",7.38366980592907,
"CHL","GGNLEND","TOT","PC_GDP","A","2007",7.73915779556731,
"CHL","GGNLEND","TOT","PC_GDP","A","2008",4.66751101735819,
"CHL","GGNLEND","TOT","PC_GDP","A","2009",-4.04397595174881,
"CHL","GGNLEND","TOT","PC_GDP","A","2010",-0.169286702478715,
"CHL","GGNLEND","TOT","PC_GDP","A","2011",1.28514863105417,
"CHL","GGNLEND","TOT","PC_GDP","A","2012",0.542586918313817,
"CHL","GGNLEND","TOT","PC_GDP","A","2013",-0.715271234060724,
"CHL","GGNLEND","TOT","PC_GDP","A","2014",-1.6636488545656,
"CHL","GGNLEND","TOT","PC_GDP","A","2015",-2.26638456137764,
"CHN","GGNLEND","TOT","PC_GDP","A","1992",-0.273437341994879,
"CHN","GGNLEND","TOT","PC_GDP","A","1993",-1.16821493315856,
"CHN","GGNLEND","TOT","PC_GDP","A","1994",-3.40764164239696,
"CHN","GGNLEND","TOT","PC_GDP","A","1995",-2.96695999943919,
"CHN","GGNLEND","TOT","PC_GDP","A","1996",-2.47955715370467,
"CHN","GGNLEND","TOT","PC_GDP","A","1997",-3.09493666439859,
"CHN","GGNLEND","TOT","PC_GDP","A","1998",-4.86934111903315,
"CHN","GGNLEND","TOT","PC_GDP","A","1999",-6.18114980746293,
"CHN","GGNLEND","TOT","PC_GDP","A","2000",-7.8003381327549,
"CHN","GGNLEND","TOT","PC_GDP","A","2001",-6.90731056459533,
"CHN","GGNLEND","TOT","PC_GDP","A","2002",-4.63650971241421,
"CHN","GGNLEND","TOT","PC_GDP","A","2003",-3.70129883833036,
"CHN","GGNLEND","TOT","PC_GDP","A","2004",-0.908081158594999,
"CHN","GGNLEND","TOT","PC_GDP","A","2005",-0.474570371703016,
"CHN","GGNLEND","TOT","PC_GDP","A","2006",0.822007189532446,
"CHN","GGNLEND","TOT","PC_GDP","A","2007",2.94232069323179,
"CHN","GGNLEND","TOT","PC_GDP","A","2008",1.2643954261381,
"CHN","GGNLEND","TOT","PC_GDP","A","2009",0.134916967926418,
"CHN","GGNLEND","TOT","PC_GDP","A","2010",1.47560599124069,
"CHN","GGNLEND","TOT","PC_GDP","A","2011",1.53473559207176,
"CHN","GGNLEND","TOT","PC_GDP","A","2012",1.26676028568191,
"CHN","GGNLEND","TOT","PC_GDP","A","2013",0.755234307870275,
"CHN","GGNLEND","TOT","PC_GDP","A","2014",0.844175320418579,
"EST","GGNLEND","TOT","PC_GDP","A","1995",1.07934471687025,
"EST","GGNLEND","TOT","PC_GDP","A","1996",-0.350753756120585,
"EST","GGNLEND","TOT","PC_GDP","A","1997",2.15806442534248,
"EST","GGNLEND","TOT","PC_GDP","A","1998",-0.764474588597307,
"EST","GGNLEND","TOT","PC_GDP","A","1999",-3.31678498082419,
"EST","GGNLEND","TOT","PC_GDP","A","2000",-0.06806280329879,
"EST","GGNLEND","TOT","PC_GDP","A","2001",0.199244093709858,
"EST","GGNLEND","TOT","PC_GDP","A","2002",0.420641471297356,
"EST","GGNLEND","TOT","PC_GDP","A","2003",1.80275849377989,
"EST","GGNLEND","TOT","PC_GDP","A","2004",2.38883594671711,
"EST","GGNLEND","TOT","PC_GDP","A","2005",1.12321683334257,
"EST","GGNLEND","TOT","PC_GDP","A","2006",2.9064380968806,
"EST","GGNLEND","TOT","PC_GDP","A","2007",2.71691004380399,
"EST","GGNLEND","TOT","PC_GDP","A","2008",-2.66630008471254,
"EST","GGNLEND","TOT","PC_GDP","A","2009",-2.18367712027096,
"EST","GGNLEND","TOT","PC_GDP","A","2010",0.187544170984129,
"EST","GGNLEND","TOT","PC_GDP","A","2011",1.15853277266027,
"EST","GGNLEND","TOT","PC_GDP","A","2012",-0.257598424496812,
"EST","GGNLEND","TOT","PC_GDP","A","2013",-0.169930052449519,
"EST","GGNLEND","TOT","PC_GDP","A","2014",0.678197625634162,
"EST","GGNLEND","TOT","PC_GDP","A","2015",0.103201291724646,
"EST","GGNLEND","TOT","PC_GDP","A","2016",0.271078796797398,
"ISR","GGNLEND","TOT","PC_GDP","A","1995",-3.51855439278305,
"ISR","GGNLEND","TOT","PC_GDP","A","1996",-4.40051089183139,
"ISR","GGNLEND","TOT","PC_GDP","A","1997",-3.97098658640366,
"ISR","GGNLEND","TOT","PC_GDP","A","1998",-6.75740470399895,
"ISR","GGNLEND","TOT","PC_GDP","A","1999",-5.34121566662592,
"ISR","GGNLEND","TOT","PC_GDP","A","2000",-3.19442471904449,
"ISR","GGNLEND","TOT","PC_GDP","A","2001",-5.55210751360919,
"ISR","GGNLEND","TOT","PC_GDP","A","2002",-6.76954224802309,
"ISR","GGNLEND","TOT","PC_GDP","A","2003",-7.60707554733813,
"ISR","GGNLEND","TOT","PC_GDP","A","2004",-5.15086713062059,
"ISR","GGNLEND","TOT","PC_GDP","A","2005",-4.00722296599975,
"ISR","GGNLEND","TOT","PC_GDP","A","2006",-1.71828739687303,
"ISR","GGNLEND","TOT","PC_GDP","A","2007",-0.664077534094273,
"ISR","GGNLEND","TOT","PC_GDP","A","2008",-2.7114702945211,
"ISR","GGNLEND","TOT","PC_GDP","A","2009",-5.58729172564737,
"ISR","GGNLEND","TOT","PC_GDP","A","2010",-3.45183604635197,
"ISR","GGNLEND","TOT","PC_GDP","A","2011",-2.74865133897595,
"ISR","GGNLEND","TOT","PC_GDP","A","2012",-4.70186575721473,
"ISR","GGNLEND","TOT","PC_GDP","A","2013",-3.95893905166079,
"ISR","GGNLEND","TOT","PC_GDP","A","2014",-3.22058153039679,
"ISR","GGNLEND","TOT","PC_GDP","A","2015",-2.06340912172238,
"RUS","GGNLEND","TOT","PC_GDP","A","2011",3.15429606048918,
"RUS","GGNLEND","TOT","PC_GDP","A","2012",1.95371780543412,
"RUS","GGNLEND","TOT","PC_GDP","A","2013",-0.194973194993958,
"RUS","GGNLEND","TOT","PC_GDP","A","2014",-2.33047385425279,
"RUS","GGNLEND","TOT","PC_GDP","A","2015",-1.46793794486706,
"SVN","GGNLEND","TOT","PC_GDP","A","1995",-8.17704199814356,
"SVN","GGNLEND","TOT","PC_GDP","A","1996",-1.09702366325286,
"SVN","GGNLEND","TOT","PC_GDP","A","1997",-2.31065848438405,
"SVN","GGNLEND","TOT","PC_GDP","A","1998",-2.33045446622216,
"SVN","GGNLEND","TOT","PC_GDP","A","1999",-2.97686954369575,
"SVN","GGNLEND","TOT","PC_GDP","A","2000",-3.6395670482816,
"SVN","GGNLEND","TOT","PC_GDP","A","2001",-3.88272115452287,
"SVN","GGNLEND","TOT","PC_GDP","A","2002",-2.40343038615522,
"SVN","GGNLEND","TOT","PC_GDP","A","2003",-2.61868076233875,
"SVN","GGNLEND","TOT","PC_GDP","A","2004",-1.96478850423284,
"SVN","GGNLEND","TOT","PC_GDP","A","2005",-1.33289529627464,
"SVN","GGNLEND","TOT","PC_GDP","A","2006",-1.20432707717169,
"SVN","GGNLEND","TOT","PC_GDP","A","2007",-0.088499877083144,
"SVN","GGNLEND","TOT","PC_GDP","A","2008",-1.41576588408147,
"SVN","GGNLEND","TOT","PC_GDP","A","2009",-5.8811814561525,
"SVN","GGNLEND","TOT","PC_GDP","A","2010",-5.6387114517847,
"SVN","GGNLEND","TOT","PC_GDP","A","2011",-6.65765930675948,
"SVN","GGNLEND","TOT","PC_GDP","A","2012",-4.10257642102553,
"SVN","GGNLEND","TOT","PC_GDP","A","2013",-15.1064610157692,
"SVN","GGNLEND","TOT","PC_GDP","A","2014",-5.37112617812719,
"SVN","GGNLEND","TOT","PC_GDP","A","2015",-2.9191073693315,
"SVN","GGNLEND","TOT","PC_GDP","A","2016",-1.84331648765001,
"ZAF","GGNLEND","TOT","PC_GDP","A","2008",-1.73786007379289,
"ZAF","GGNLEND","TOT","PC_GDP","A","2009",-3.85420450879439,
"ZAF","GGNLEND","TOT","PC_GDP","A","2010",-3.14089333073266,
"ZAF","GGNLEND","TOT","PC_GDP","A","2011",-2.95475860600717,
"ZAF","GGNLEND","TOT","PC_GDP","A","2012",-3.17831631441099,
"ZAF","GGNLEND","TOT","PC_GDP","A","2013",-3.27717271208918,
"ZAF","GGNLEND","TOT","PC_GDP","A","2014",-4.07282046959536,
"NZL","GGNLEND","TOT","PC_GDP","A","1986",-6.67069277888017,
"NZL","GGNLEND","TOT","PC_GDP","A","1987",-2.22607202538826,
"NZL","GGNLEND","TOT","PC_GDP","A","1988",-4.70799589369225,
"NZL","GGNLEND","TOT","PC_GDP","A","1989",-3.30409238522591,
"NZL","GGNLEND","TOT","PC_GDP","A","1990",-4.4661622530475,
"NZL","GGNLEND","TOT","PC_GDP","A","1991",-3.47256045388129,
"NZL","GGNLEND","TOT","PC_GDP","A","1992",-2.96678326141905,
"NZL","GGNLEND","TOT","PC_GDP","A","1993",-0.636121785397576,
"NZL","GGNLEND","TOT","PC_GDP","A","1994",2.48678241481694,
"NZL","GGNLEND","TOT","PC_GDP","A","1995",2.29648564956252,
"NZL","GGNLEND","TOT","PC_GDP","A","1996",2.40650438670241,
"NZL","GGNLEND","TOT","PC_GDP","A","1997",0.958841376152041,
"NZL","GGNLEND","TOT","PC_GDP","A","1998",-0.013325532412825,
"NZL","GGNLEND","TOT","PC_GDP","A","1999",-0.212756016780746,
"NZL","GGNLEND","TOT","PC_GDP","A","2000",1.66823044443332,
"NZL","GGNLEND","TOT","PC_GDP","A","2001",1.34758959856425,
"NZL","GGNLEND","TOT","PC_GDP","A","2002",3.30630621967097,
"NZL","GGNLEND","TOT","PC_GDP","A","2003",3.43442512906396,
"NZL","GGNLEND","TOT","PC_GDP","A","2004",3.88696088199899,
"NZL","GGNLEND","TOT","PC_GDP","A","2005",4.54269897383022,
"NZL","GGNLEND","TOT","PC_GDP","A","2006",5.0839203534887,
"NZL","GGNLEND","TOT","PC_GDP","A","2007",4.29267384463058,
"NZL","GGNLEND","TOT","PC_GDP","A","2008",0.499138623442922,
"NZL","GGNLEND","TOT","PC_GDP","A","2009",-2.77967135649936,
"NZL","GGNLEND","TOT","PC_GDP","A","2010",-7.04316896373745,
"NZL","GGNLEND","TOT","PC_GDP","A","2011",-4.01249384499229,
"NZL","GGNLEND","TOT","PC_GDP","A","2012",-2.15442217848735,
"NZL","GGNLEND","TOT","PC_GDP","A","2013",-0.515550696441177,
"NZL","GGNLEND","TOT","PC_GDP","A","2014",0.267921861049568,
"NZL","GGNLEND","TOT","PC_GDP","A","2015",-0.026756966097992,
"BRA","GGNLEND","TOT","PC_GDP","A","2010",-2.95999816770964,
"BRA","GGNLEND","TOT","PC_GDP","A","2011",-2.53894655448268,
"BRA","GGNLEND","TOT","PC_GDP","A","2012",-2.317914080868,
"BRA","GGNLEND","TOT","PC_GDP","A","2013",-3.30893861695669,
"BRA","GGNLEND","TOT","PC_GDP","A","2014",-5.87713725998464,
"LVA","GGNLEND","TOT","PC_GDP","A","1995",-1.42800687098958,
"LVA","GGNLEND","TOT","PC_GDP","A","1996",-0.420894943638768,
"LVA","GGNLEND","TOT","PC_GDP","A","1997",1.41357521629091,
"LVA","GGNLEND","TOT","PC_GDP","A","1998",0.028562105558568,
"LVA","GGNLEND","TOT","PC_GDP","A","1999",-3.73254261868213,
"LVA","GGNLEND","TOT","PC_GDP","A","2000",-2.73083488776965,
"LVA","GGNLEND","TOT","PC_GDP","A","2001",-1.96846805063085,
"LVA","GGNLEND","TOT","PC_GDP","A","2002",-2.2301879826844,
"LVA","GGNLEND","TOT","PC_GDP","A","2003",-1.55056434072594,
"LVA","GGNLEND","TOT","PC_GDP","A","2004",-1.0307065100321,
"LVA","GGNLEND","TOT","PC_GDP","A","2005",-0.431411334306865,
"LVA","GGNLEND","TOT","PC_GDP","A","2006",-0.611980396278649,
"LVA","GGNLEND","TOT","PC_GDP","A","2007",-0.621192985326274,
"LVA","GGNLEND","TOT","PC_GDP","A","2008",-4.28351991182377,
"LVA","GGNLEND","TOT","PC_GDP","A","2009",-9.10249666522243,
"LVA","GGNLEND","TOT","PC_GDP","A","2010",-8.71022614098064,
"LVA","GGNLEND","TOT","PC_GDP","A","2011",-3.31171706153661,
"LVA","GGNLEND","TOT","PC_GDP","A","2012",-1.02190420711542,
"LVA","GGNLEND","TOT","PC_GDP","A","2013",-1.00388352616382,
"LVA","GGNLEND","TOT","PC_GDP","A","2014",-1.57652062089395,
"LVA","GGNLEND","TOT","PC_GDP","A","2015",-1.2532691591676,
"LVA","GGNLEND","TOT","PC_GDP","A","2016",0.013748267778209,
