﻿"LOCATION","INDICATOR","SUBJECT","MEASURE","FREQUENCY","TIME","Value","Flag Codes"
"AUS","GGCOST","COMPEMPLOYEE","PC_GDP","A","2007",9.16,
"AUS","GGCOST","COMPEMPLOYEE","PC_GDP","A","2008",9.36,
"AUS","GGCOST","COMPEMPLOYEE","PC_GDP","A","2009",9.74,
"AUS","GGCOST","COMPEMPLOYEE","PC_GDP","A","2010",9.62,
"AUS","GGCOST","COMPEMPLOYEE","PC_GDP","A","2011",9.69,
"AUS","GGCOST","COMPEMPLOYEE","PC_GDP","A","2012",9.85,
"AUS","GGCOST","COMPEMPLOYEE","PC_GDP","A","2013",9.6,
"AUS","GGCOST","COMPEMPLOYEE","PC_GDP","A","2014",9.69,
"AUS","GGCOST","COMPEMPLOYEE","PC_GDP","A","2015",10.07,
"AUS","GGCOST","GSUSE","PC_GDP","A","2007",8.9,
"AUS","GGCOST","GSUSE","PC_GDP","A","2008",9.13,
"AUS","GGCOST","GSUSE","PC_GDP","A","2009",9.42,
"AUS","GGCOST","GSUSE","PC_GDP","A","2010",9.26,
"AUS","GGCOST","GSUSE","PC_GDP","A","2011",9.49,
"AUS","GGCOST","GSUSE","PC_GDP","A","2012",9.34,
"AUS","GGCOST","GSUSE","PC_GDP","A","2013",9.39,
"AUS","GGCOST","GSUSE","PC_GDP","A","2014",9.65,
"AUS","GGCOST","GSUSE","PC_GDP","A","2015",9.9,
"AUS","GGCOST","TOT","PC_GDP","A","2007",20.15,
"AUS","GGCOST","TOT","PC_GDP","A","2008",20.63,
"AUS","GGCOST","TOT","PC_GDP","A","2009",21.28,
"AUS","GGCOST","TOT","PC_GDP","A","2010",20.92,
"AUS","GGCOST","TOT","PC_GDP","A","2011",21.19,
"AUS","GGCOST","TOT","PC_GDP","A","2012",21.26,
"AUS","GGCOST","TOT","PC_GDP","A","2013",21.08,
"AUS","GGCOST","TOT","PC_GDP","A","2014",21.5,
"AUS","GGCOST","TOT","PC_GDP","A","2015",22.17,
"AUT","GGCOST","COMPEMPLOYEE","PC_GDP","A","2007",10.57,
"AUT","GGCOST","COMPEMPLOYEE","PC_GDP","A","2008",10.71,
"AUT","GGCOST","COMPEMPLOYEE","PC_GDP","A","2009",11.37,
"AUT","GGCOST","COMPEMPLOYEE","PC_GDP","A","2010",11.21,
"AUT","GGCOST","COMPEMPLOYEE","PC_GDP","A","2011",10.82,
"AUT","GGCOST","COMPEMPLOYEE","PC_GDP","A","2012",10.79,
"AUT","GGCOST","COMPEMPLOYEE","PC_GDP","A","2013",10.74,
"AUT","GGCOST","COMPEMPLOYEE","PC_GDP","A","2014",10.7,
"AUT","GGCOST","COMPEMPLOYEE","PC_GDP","A","2015",10.81,
"AUT","GGCOST","COMPEMPLOYEE","PC_GDP","A","2016",10.78,
"AUT","GGCOST","GSUSE","PC_GDP","A","2007",9.47,
"AUT","GGCOST","GSUSE","PC_GDP","A","2008",9.82,
"AUT","GGCOST","GSUSE","PC_GDP","A","2009",10.53,
"AUT","GGCOST","GSUSE","PC_GDP","A","2010",10.44,
"AUT","GGCOST","GSUSE","PC_GDP","A","2011",10.23,
"AUT","GGCOST","GSUSE","PC_GDP","A","2012",10.22,
"AUT","GGCOST","GSUSE","PC_GDP","A","2013",10.36,
"AUT","GGCOST","GSUSE","PC_GDP","A","2014",10.36,
"AUT","GGCOST","GSUSE","PC_GDP","A","2015",10.51,
"AUT","GGCOST","GSUSE","PC_GDP","A","2016",10.63,
"AUT","GGCOST","TOT","PC_GDP","A","2007",22.87,
"AUT","GGCOST","TOT","PC_GDP","A","2008",23.49,
"AUT","GGCOST","TOT","PC_GDP","A","2009",25.07,
"AUT","GGCOST","TOT","PC_GDP","A","2010",24.85,
"AUT","GGCOST","TOT","PC_GDP","A","2011",24.18,
"AUT","GGCOST","TOT","PC_GDP","A","2012",24.15,
"AUT","GGCOST","TOT","PC_GDP","A","2013",24.23,
"AUT","GGCOST","TOT","PC_GDP","A","2014",24.17,
"AUT","GGCOST","TOT","PC_GDP","A","2015",24.41,
"AUT","GGCOST","TOT","PC_GDP","A","2016",24.46,
"BEL","GGCOST","COMPEMPLOYEE","PC_GDP","A","2007",11.5,
"BEL","GGCOST","COMPEMPLOYEE","PC_GDP","A","2008",11.83,
"BEL","GGCOST","COMPEMPLOYEE","PC_GDP","A","2009",12.54,
"BEL","GGCOST","COMPEMPLOYEE","PC_GDP","A","2010",12.3,
"BEL","GGCOST","COMPEMPLOYEE","PC_GDP","A","2011",12.34,
"BEL","GGCOST","COMPEMPLOYEE","PC_GDP","A","2012",12.56,
"BEL","GGCOST","COMPEMPLOYEE","PC_GDP","A","2013",12.77,
"BEL","GGCOST","COMPEMPLOYEE","PC_GDP","A","2014",12.68,
"BEL","GGCOST","COMPEMPLOYEE","PC_GDP","A","2015",12.46,
"BEL","GGCOST","COMPEMPLOYEE","PC_GDP","A","2016",12.37,
"BEL","GGCOST","GSUSE","PC_GDP","A","2007",10.32,
"BEL","GGCOST","GSUSE","PC_GDP","A","2008",11.01,
"BEL","GGCOST","GSUSE","PC_GDP","A","2009",11.96,
"BEL","GGCOST","GSUSE","PC_GDP","A","2010",11.75,
"BEL","GGCOST","GSUSE","PC_GDP","A","2011",11.94,
"BEL","GGCOST","GSUSE","PC_GDP","A","2012",12.18,
"BEL","GGCOST","GSUSE","PC_GDP","A","2013",12.29,
"BEL","GGCOST","GSUSE","PC_GDP","A","2014",12.2,
"BEL","GGCOST","GSUSE","PC_GDP","A","2015",12.07,
"BEL","GGCOST","GSUSE","PC_GDP","A","2016",11.99,
"BEL","GGCOST","TOT","PC_GDP","A","2007",23.86,
"BEL","GGCOST","TOT","PC_GDP","A","2008",24.92,
"BEL","GGCOST","TOT","PC_GDP","A","2009",26.55,
"BEL","GGCOST","TOT","PC_GDP","A","2010",26.1,
"BEL","GGCOST","TOT","PC_GDP","A","2011",26.38,
"BEL","GGCOST","TOT","PC_GDP","A","2012",26.87,
"BEL","GGCOST","TOT","PC_GDP","A","2013",27.2,
"BEL","GGCOST","TOT","PC_GDP","A","2014",26.99,
"BEL","GGCOST","TOT","PC_GDP","A","2015",26.62,
"BEL","GGCOST","TOT","PC_GDP","A","2016",26.46,
"CAN","GGCOST","COMPEMPLOYEE","PC_GDP","A","2007",11.73,
"CAN","GGCOST","COMPEMPLOYEE","PC_GDP","A","2008",11.88,
"CAN","GGCOST","COMPEMPLOYEE","PC_GDP","A","2009",13.28,
"CAN","GGCOST","COMPEMPLOYEE","PC_GDP","A","2010",12.87,
"CAN","GGCOST","COMPEMPLOYEE","PC_GDP","A","2011",12.61,
"CAN","GGCOST","COMPEMPLOYEE","PC_GDP","A","2012",12.58,
"CAN","GGCOST","COMPEMPLOYEE","PC_GDP","A","2013",12.53,
"CAN","GGCOST","COMPEMPLOYEE","PC_GDP","A","2014",12.24,
"CAN","GGCOST","COMPEMPLOYEE","PC_GDP","A","2015",12.55,
"CAN","GGCOST","COMPEMPLOYEE","PC_GDP","A","2016",12.78,
"CAN","GGCOST","GSUSE","PC_GDP","A","2007",9.02,
"CAN","GGCOST","GSUSE","PC_GDP","A","2008",9.2,
"CAN","GGCOST","GSUSE","PC_GDP","A","2009",10.15,
"CAN","GGCOST","GSUSE","PC_GDP","A","2010",9.99,
"CAN","GGCOST","GSUSE","PC_GDP","A","2011",9.79,
"CAN","GGCOST","GSUSE","PC_GDP","A","2012",9.66,
"CAN","GGCOST","GSUSE","PC_GDP","A","2013",9.49,
"CAN","GGCOST","GSUSE","PC_GDP","A","2014",9.23,
"CAN","GGCOST","GSUSE","PC_GDP","A","2015",9.57,
"CAN","GGCOST","GSUSE","PC_GDP","A","2016",9.54,
"CAN","GGCOST","TOT","PC_GDP","A","2007",23.54,
"CAN","GGCOST","TOT","PC_GDP","A","2008",24.02,
"CAN","GGCOST","TOT","PC_GDP","A","2009",26.71,
"CAN","GGCOST","TOT","PC_GDP","A","2010",26.11,
"CAN","GGCOST","TOT","PC_GDP","A","2011",25.69,
"CAN","GGCOST","TOT","PC_GDP","A","2012",25.61,
"CAN","GGCOST","TOT","PC_GDP","A","2013",25.43,
"CAN","GGCOST","TOT","PC_GDP","A","2014",24.86,
"CAN","GGCOST","TOT","PC_GDP","A","2015",25.62,
"CAN","GGCOST","TOT","PC_GDP","A","2016",25.81,
"CZE","GGCOST","COMPEMPLOYEE","PC_GDP","A","2007",7.01,
"CZE","GGCOST","COMPEMPLOYEE","PC_GDP","A","2008",6.97,
"CZE","GGCOST","COMPEMPLOYEE","PC_GDP","A","2009",7.47,
"CZE","GGCOST","COMPEMPLOYEE","PC_GDP","A","2010",7.23,
"CZE","GGCOST","COMPEMPLOYEE","PC_GDP","A","2011",8.67,
"CZE","GGCOST","COMPEMPLOYEE","PC_GDP","A","2012",8.85,
"CZE","GGCOST","COMPEMPLOYEE","PC_GDP","A","2013",8.95,
"CZE","GGCOST","COMPEMPLOYEE","PC_GDP","A","2014",8.8,
"CZE","GGCOST","COMPEMPLOYEE","PC_GDP","A","2015",8.73,
"CZE","GGCOST","COMPEMPLOYEE","PC_GDP","A","2016",8.91,
"CZE","GGCOST","GSUSE","PC_GDP","A","2007",10.42,
"CZE","GGCOST","GSUSE","PC_GDP","A","2008",10.48,
"CZE","GGCOST","GSUSE","PC_GDP","A","2009",11.46,
"CZE","GGCOST","GSUSE","PC_GDP","A","2010",11.36,
"CZE","GGCOST","GSUSE","PC_GDP","A","2011",10.04,
"CZE","GGCOST","GSUSE","PC_GDP","A","2012",9.58,
"CZE","GGCOST","GSUSE","PC_GDP","A","2013",9.83,
"CZE","GGCOST","GSUSE","PC_GDP","A","2014",9.59,
"CZE","GGCOST","GSUSE","PC_GDP","A","2015",9.33,
"CZE","GGCOST","GSUSE","PC_GDP","A","2016",9.3,
"CZE","GGCOST","TOT","PC_GDP","A","2007",21.87,
"CZE","GGCOST","TOT","PC_GDP","A","2008",21.91,
"CZE","GGCOST","TOT","PC_GDP","A","2009",23.68,
"CZE","GGCOST","TOT","PC_GDP","A","2010",23.29,
"CZE","GGCOST","TOT","PC_GDP","A","2011",23.61,
"CZE","GGCOST","TOT","PC_GDP","A","2012",23.3,
"CZE","GGCOST","TOT","PC_GDP","A","2013",23.63,
"CZE","GGCOST","TOT","PC_GDP","A","2014",23.08,
"CZE","GGCOST","TOT","PC_GDP","A","2015",22.62,
"CZE","GGCOST","TOT","PC_GDP","A","2016",22.65,
"DNK","GGCOST","COMPEMPLOYEE","PC_GDP","A","2007",15.34,
"DNK","GGCOST","COMPEMPLOYEE","PC_GDP","A","2008",15.6,
"DNK","GGCOST","COMPEMPLOYEE","PC_GDP","A","2009",17.51,
"DNK","GGCOST","COMPEMPLOYEE","PC_GDP","A","2010",17.29,
"DNK","GGCOST","COMPEMPLOYEE","PC_GDP","A","2011",16.8,
"DNK","GGCOST","COMPEMPLOYEE","PC_GDP","A","2012",16.6,
"DNK","GGCOST","COMPEMPLOYEE","PC_GDP","A","2013",16.42,
"DNK","GGCOST","COMPEMPLOYEE","PC_GDP","A","2014",16.29,
"DNK","GGCOST","COMPEMPLOYEE","PC_GDP","A","2015",16.08,
"DNK","GGCOST","COMPEMPLOYEE","PC_GDP","A","2016",15.91,
"DNK","GGCOST","GSUSE","PC_GDP","A","2007",9.56,
"DNK","GGCOST","GSUSE","PC_GDP","A","2008",10.14,
"DNK","GGCOST","GSUSE","PC_GDP","A","2009",11.35,
"DNK","GGCOST","GSUSE","PC_GDP","A","2010",11.09,
"DNK","GGCOST","GSUSE","PC_GDP","A","2011",10.83,
"DNK","GGCOST","GSUSE","PC_GDP","A","2012",10.98,
"DNK","GGCOST","GSUSE","PC_GDP","A","2013",10.75,
"DNK","GGCOST","GSUSE","PC_GDP","A","2014",10.64,
"DNK","GGCOST","GSUSE","PC_GDP","A","2015",10.55,
"DNK","GGCOST","GSUSE","PC_GDP","A","2016",10.53,
"DNK","GGCOST","TOT","PC_GDP","A","2007",27.77,
"DNK","GGCOST","TOT","PC_GDP","A","2008",28.63,
"DNK","GGCOST","TOT","PC_GDP","A","2009",31.8,
"DNK","GGCOST","TOT","PC_GDP","A","2010",31.28,
"DNK","GGCOST","TOT","PC_GDP","A","2011",30.43,
"DNK","GGCOST","TOT","PC_GDP","A","2012",30.34,
"DNK","GGCOST","TOT","PC_GDP","A","2013",29.9,
"DNK","GGCOST","TOT","PC_GDP","A","2014",29.69,
"DNK","GGCOST","TOT","PC_GDP","A","2015",29.42,
"DNK","GGCOST","TOT","PC_GDP","A","2016",29.22,
"FIN","GGCOST","COMPEMPLOYEE","PC_GDP","A","2007",12.57,
"FIN","GGCOST","COMPEMPLOYEE","PC_GDP","A","2008",12.88,
"FIN","GGCOST","COMPEMPLOYEE","PC_GDP","A","2009",14.25,
"FIN","GGCOST","COMPEMPLOYEE","PC_GDP","A","2010",14.13,
"FIN","GGCOST","COMPEMPLOYEE","PC_GDP","A","2011",13.94,
"FIN","GGCOST","COMPEMPLOYEE","PC_GDP","A","2012",14.3,
"FIN","GGCOST","COMPEMPLOYEE","PC_GDP","A","2013",14.32,
"FIN","GGCOST","COMPEMPLOYEE","PC_GDP","A","2014",14.19,
"FIN","GGCOST","COMPEMPLOYEE","PC_GDP","A","2015",13.87,
"FIN","GGCOST","COMPEMPLOYEE","PC_GDP","A","2016",13.45,
"FIN","GGCOST","GSUSE","PC_GDP","A","2007",10.93,
"FIN","GGCOST","GSUSE","PC_GDP","A","2008",11.66,
"FIN","GGCOST","GSUSE","PC_GDP","A","2009",13.34,
"FIN","GGCOST","GSUSE","PC_GDP","A","2010",13.53,
"FIN","GGCOST","GSUSE","PC_GDP","A","2011",13.45,
"FIN","GGCOST","GSUSE","PC_GDP","A","2012",13.89,
"FIN","GGCOST","GSUSE","PC_GDP","A","2013",14.22,
"FIN","GGCOST","GSUSE","PC_GDP","A","2014",14.23,
"FIN","GGCOST","GSUSE","PC_GDP","A","2015",13.64,"B"
"FIN","GGCOST","GSUSE","PC_GDP","A","2016",13.82,
"FIN","GGCOST","TOT","PC_GDP","A","2007",26.49,
"FIN","GGCOST","TOT","PC_GDP","A","2008",27.61,
"FIN","GGCOST","TOT","PC_GDP","A","2009",30.94,
"FIN","GGCOST","TOT","PC_GDP","A","2010",30.96,
"FIN","GGCOST","TOT","PC_GDP","A","2011",30.71,
"FIN","GGCOST","TOT","PC_GDP","A","2012",31.63,
"FIN","GGCOST","TOT","PC_GDP","A","2013",32.08,
"FIN","GGCOST","TOT","PC_GDP","A","2014",31.97,
"FIN","GGCOST","TOT","PC_GDP","A","2015",31.01,"B"
"FIN","GGCOST","TOT","PC_GDP","A","2016",30.71,
"FRA","GGCOST","COMPEMPLOYEE","PC_GDP","A","2007",12.36,
"FRA","GGCOST","COMPEMPLOYEE","PC_GDP","A","2008",12.36,
"FRA","GGCOST","COMPEMPLOYEE","PC_GDP","A","2009",13.1,
"FRA","GGCOST","COMPEMPLOYEE","PC_GDP","A","2010",13,
"FRA","GGCOST","COMPEMPLOYEE","PC_GDP","A","2011",12.8,
"FRA","GGCOST","COMPEMPLOYEE","PC_GDP","A","2012",12.87,
"FRA","GGCOST","COMPEMPLOYEE","PC_GDP","A","2013",12.91,
"FRA","GGCOST","COMPEMPLOYEE","PC_GDP","A","2014",13.01,
"FRA","GGCOST","COMPEMPLOYEE","PC_GDP","A","2015",12.89,"P"
"FRA","GGCOST","COMPEMPLOYEE","PC_GDP","A","2016",12.75,"P"
"FRA","GGCOST","GSUSE","PC_GDP","A","2007",10.01,
"FRA","GGCOST","GSUSE","PC_GDP","A","2008",10.08,
"FRA","GGCOST","GSUSE","PC_GDP","A","2009",10.89,
"FRA","GGCOST","GSUSE","PC_GDP","A","2010",10.92,
"FRA","GGCOST","GSUSE","PC_GDP","A","2011",10.81,
"FRA","GGCOST","GSUSE","PC_GDP","A","2012",10.97,
"FRA","GGCOST","GSUSE","PC_GDP","A","2013",11.08,
"FRA","GGCOST","GSUSE","PC_GDP","A","2014",11.11,
"FRA","GGCOST","GSUSE","PC_GDP","A","2015",11.09,"P"
"FRA","GGCOST","GSUSE","PC_GDP","A","2016",11.04,"P"
"FRA","GGCOST","TOT","PC_GDP","A","2007",25.74,
"FRA","GGCOST","TOT","PC_GDP","A","2008",25.93,
"FRA","GGCOST","TOT","PC_GDP","A","2009",27.69,
"FRA","GGCOST","TOT","PC_GDP","A","2010",27.61,
"FRA","GGCOST","TOT","PC_GDP","A","2011",27.37,
"FRA","GGCOST","TOT","PC_GDP","A","2012",27.64,
"FRA","GGCOST","TOT","PC_GDP","A","2013",27.82,
"FRA","GGCOST","TOT","PC_GDP","A","2014",27.93,
"FRA","GGCOST","TOT","PC_GDP","A","2015",27.69,"P"
"FRA","GGCOST","TOT","PC_GDP","A","2016",27.41,"P"
"DEU","GGCOST","COMPEMPLOYEE","PC_GDP","A","2007",7.33,
"DEU","GGCOST","COMPEMPLOYEE","PC_GDP","A","2008",7.38,
"DEU","GGCOST","COMPEMPLOYEE","PC_GDP","A","2009",8.04,
"DEU","GGCOST","COMPEMPLOYEE","PC_GDP","A","2010",7.89,
"DEU","GGCOST","COMPEMPLOYEE","PC_GDP","A","2011",7.72,
"DEU","GGCOST","COMPEMPLOYEE","PC_GDP","A","2012",7.7,
"DEU","GGCOST","COMPEMPLOYEE","PC_GDP","A","2013",7.71,
"DEU","GGCOST","COMPEMPLOYEE","PC_GDP","A","2014",7.66,
"DEU","GGCOST","COMPEMPLOYEE","PC_GDP","A","2015",7.54,
"DEU","GGCOST","COMPEMPLOYEE","PC_GDP","A","2016",7.53,
"DEU","GGCOST","GSUSE","PC_GDP","A","2007",10.99,
"DEU","GGCOST","GSUSE","PC_GDP","A","2008",11.35,
"DEU","GGCOST","GSUSE","PC_GDP","A","2009",12.61,
"DEU","GGCOST","GSUSE","PC_GDP","A","2010",12.5,
"DEU","GGCOST","GSUSE","PC_GDP","A","2011",12.35,
"DEU","GGCOST","GSUSE","PC_GDP","A","2012",12.39,
"DEU","GGCOST","GSUSE","PC_GDP","A","2013",12.74,
"DEU","GGCOST","GSUSE","PC_GDP","A","2014",12.8,
"DEU","GGCOST","GSUSE","PC_GDP","A","2015",12.92,
"DEU","GGCOST","GSUSE","PC_GDP","A","2016",13.4,
"DEU","GGCOST","TOT","PC_GDP","A","2007",20.36,
"DEU","GGCOST","TOT","PC_GDP","A","2008",20.81,
"DEU","GGCOST","TOT","PC_GDP","A","2009",22.87,
"DEU","GGCOST","TOT","PC_GDP","A","2010",22.55,
"DEU","GGCOST","TOT","PC_GDP","A","2011",22.23,
"DEU","GGCOST","TOT","PC_GDP","A","2012",22.3,
"DEU","GGCOST","TOT","PC_GDP","A","2013",22.68,
"DEU","GGCOST","TOT","PC_GDP","A","2014",22.69,
"DEU","GGCOST","TOT","PC_GDP","A","2015",22.66,
"DEU","GGCOST","TOT","PC_GDP","A","2016",23.12,
"GRC","GGCOST","COMPEMPLOYEE","PC_GDP","A","2007",11.08,
"GRC","GGCOST","COMPEMPLOYEE","PC_GDP","A","2008",11.59,
"GRC","GGCOST","COMPEMPLOYEE","PC_GDP","A","2009",13.08,
"GRC","GGCOST","COMPEMPLOYEE","PC_GDP","A","2010",12.42,
"GRC","GGCOST","COMPEMPLOYEE","PC_GDP","A","2011",12.61,
"GRC","GGCOST","COMPEMPLOYEE","PC_GDP","A","2012",12.81,
"GRC","GGCOST","COMPEMPLOYEE","PC_GDP","A","2013",12.21,
"GRC","GGCOST","COMPEMPLOYEE","PC_GDP","A","2014",12.31,
"GRC","GGCOST","COMPEMPLOYEE","PC_GDP","A","2015",12.3,
"GRC","GGCOST","COMPEMPLOYEE","PC_GDP","A","2016",12.29,
"GRC","GGCOST","GSUSE","PC_GDP","A","2007",9.35,
"GRC","GGCOST","GSUSE","PC_GDP","A","2008",9.1,
"GRC","GGCOST","GSUSE","PC_GDP","A","2009",9.8,
"GRC","GGCOST","GSUSE","PC_GDP","A","2010",9.32,
"GRC","GGCOST","GSUSE","PC_GDP","A","2011",8.35,
"GRC","GGCOST","GSUSE","PC_GDP","A","2012",8,
"GRC","GGCOST","GSUSE","PC_GDP","A","2013",7.17,
"GRC","GGCOST","GSUSE","PC_GDP","A","2014",7.02,
"GRC","GGCOST","GSUSE","PC_GDP","A","2015",7.21,
"GRC","GGCOST","GSUSE","PC_GDP","A","2016",7.11,
"GRC","GGCOST","TOT","PC_GDP","A","2007",23.36,
"GRC","GGCOST","TOT","PC_GDP","A","2008",23.73,
"GRC","GGCOST","TOT","PC_GDP","A","2009",26.19,
"GRC","GGCOST","TOT","PC_GDP","A","2010",25.29,
"GRC","GGCOST","TOT","PC_GDP","A","2011",24.59,
"GRC","GGCOST","TOT","PC_GDP","A","2012",24.55,
"GRC","GGCOST","TOT","PC_GDP","A","2013",23.26,
"GRC","GGCOST","TOT","PC_GDP","A","2014",23.11,
"GRC","GGCOST","TOT","PC_GDP","A","2015",23.2,
"GRC","GGCOST","TOT","PC_GDP","A","2016",22.94,
"HUN","GGCOST","COMPEMPLOYEE","PC_GDP","A","2007",11.43,
"HUN","GGCOST","COMPEMPLOYEE","PC_GDP","A","2008",11.39,
"HUN","GGCOST","COMPEMPLOYEE","PC_GDP","A","2009",11.25,
"HUN","GGCOST","COMPEMPLOYEE","PC_GDP","A","2010",10.84,
"HUN","GGCOST","COMPEMPLOYEE","PC_GDP","A","2011",10.18,
"HUN","GGCOST","COMPEMPLOYEE","PC_GDP","A","2012",9.94,
"HUN","GGCOST","COMPEMPLOYEE","PC_GDP","A","2013",10.05,
"HUN","GGCOST","COMPEMPLOYEE","PC_GDP","A","2014",10.3,
"HUN","GGCOST","COMPEMPLOYEE","PC_GDP","A","2015",10.59,
"HUN","GGCOST","COMPEMPLOYEE","PC_GDP","A","2016",11.03,
"HUN","GGCOST","GSUSE","PC_GDP","A","2007",9.12,
"HUN","GGCOST","GSUSE","PC_GDP","A","2008",9.65,
"HUN","GGCOST","GSUSE","PC_GDP","A","2009",10.4,
"HUN","GGCOST","GSUSE","PC_GDP","A","2010",10.15,
"HUN","GGCOST","GSUSE","PC_GDP","A","2011",9.84,
"HUN","GGCOST","GSUSE","PC_GDP","A","2012",9.52,
"HUN","GGCOST","GSUSE","PC_GDP","A","2013",9.52,
"HUN","GGCOST","GSUSE","PC_GDP","A","2014",9.52,
"HUN","GGCOST","GSUSE","PC_GDP","A","2015",9.39,
"HUN","GGCOST","GSUSE","PC_GDP","A","2016",9.02,
"HUN","GGCOST","TOT","PC_GDP","A","2007",24,
"HUN","GGCOST","TOT","PC_GDP","A","2008",24.53,
"HUN","GGCOST","TOT","PC_GDP","A","2009",25.38,
"HUN","GGCOST","TOT","PC_GDP","A","2010",24.79,
"HUN","GGCOST","TOT","PC_GDP","A","2011",23.77,
"HUN","GGCOST","TOT","PC_GDP","A","2012",23.21,
"HUN","GGCOST","TOT","PC_GDP","A","2013",23.2,
"HUN","GGCOST","TOT","PC_GDP","A","2014",23.36,
"HUN","GGCOST","TOT","PC_GDP","A","2015",23.57,
"HUN","GGCOST","TOT","PC_GDP","A","2016",23.66,
"ISL","GGCOST","COMPEMPLOYEE","PC_GDP","A","2007",13.72,
"ISL","GGCOST","COMPEMPLOYEE","PC_GDP","A","2008",13.46,
"ISL","GGCOST","COMPEMPLOYEE","PC_GDP","A","2009",13.59,
"ISL","GGCOST","COMPEMPLOYEE","PC_GDP","A","2010",13.54,
"ISL","GGCOST","COMPEMPLOYEE","PC_GDP","A","2011",13.46,
"ISL","GGCOST","COMPEMPLOYEE","PC_GDP","A","2012",13.61,
"ISL","GGCOST","COMPEMPLOYEE","PC_GDP","A","2013",13.55,
"ISL","GGCOST","COMPEMPLOYEE","PC_GDP","A","2014",13.74,
"ISL","GGCOST","COMPEMPLOYEE","PC_GDP","A","2015",13.88,
"ISL","GGCOST","COMPEMPLOYEE","PC_GDP","A","2016",13.76,
"ISL","GGCOST","GSUSE","PC_GDP","A","2007",10.53,
"ISL","GGCOST","GSUSE","PC_GDP","A","2008",11.23,
"ISL","GGCOST","GSUSE","PC_GDP","A","2009",12.02,
"ISL","GGCOST","GSUSE","PC_GDP","A","2010",12.05,
"ISL","GGCOST","GSUSE","PC_GDP","A","2011",12.11,
"ISL","GGCOST","GSUSE","PC_GDP","A","2012",12.03,
"ISL","GGCOST","GSUSE","PC_GDP","A","2013",11.75,
"ISL","GGCOST","GSUSE","PC_GDP","A","2014",11.49,
"ISL","GGCOST","GSUSE","PC_GDP","A","2015",10.91,
"ISL","GGCOST","GSUSE","PC_GDP","A","2016",10.53,
"ISL","GGCOST","TOT","PC_GDP","A","2007",25.92,
"ISL","GGCOST","TOT","PC_GDP","A","2008",26.45,
"ISL","GGCOST","TOT","PC_GDP","A","2009",27.7,
"ISL","GGCOST","TOT","PC_GDP","A","2010",27.67,
"ISL","GGCOST","TOT","PC_GDP","A","2011",27.63,
"ISL","GGCOST","TOT","PC_GDP","A","2012",27.71,
"ISL","GGCOST","TOT","PC_GDP","A","2013",27.32,
"ISL","GGCOST","TOT","PC_GDP","A","2014",27.2,
"ISL","GGCOST","TOT","PC_GDP","A","2015",26.62,
"ISL","GGCOST","TOT","PC_GDP","A","2016",26.03,
"IRL","GGCOST","COMPEMPLOYEE","PC_GDP","A","2007",10.09,
"IRL","GGCOST","COMPEMPLOYEE","PC_GDP","A","2008",11.3,
"IRL","GGCOST","COMPEMPLOYEE","PC_GDP","A","2009",12.21,
"IRL","GGCOST","COMPEMPLOYEE","PC_GDP","A","2010",11.54,
"IRL","GGCOST","COMPEMPLOYEE","PC_GDP","A","2011",11.2,
"IRL","GGCOST","COMPEMPLOYEE","PC_GDP","A","2012",10.81,
"IRL","GGCOST","COMPEMPLOYEE","PC_GDP","A","2013",10.32,
"IRL","GGCOST","COMPEMPLOYEE","PC_GDP","A","2014",9.5,
"IRL","GGCOST","COMPEMPLOYEE","PC_GDP","A","2015",7.39,
"IRL","GGCOST","COMPEMPLOYEE","PC_GDP","A","2016",7.32,
"IRL","GGCOST","GSUSE","PC_GDP","A","2007",7.01,
"IRL","GGCOST","GSUSE","PC_GDP","A","2008",7.77,
"IRL","GGCOST","GSUSE","PC_GDP","A","2009",8.6,
"IRL","GGCOST","GSUSE","PC_GDP","A","2010",8.45,
"IRL","GGCOST","GSUSE","PC_GDP","A","2011",7.95,
"IRL","GGCOST","GSUSE","PC_GDP","A","2012",7.73,
"IRL","GGCOST","GSUSE","PC_GDP","A","2013",7.35,
"IRL","GGCOST","GSUSE","PC_GDP","A","2014",7.3,
"IRL","GGCOST","GSUSE","PC_GDP","A","2015",5.6,
"IRL","GGCOST","GSUSE","PC_GDP","A","2016",5.65,
"IRL","GGCOST","TOT","PC_GDP","A","2007",18.88,
"IRL","GGCOST","TOT","PC_GDP","A","2008",20.88,
"IRL","GGCOST","TOT","PC_GDP","A","2009",22.72,
"IRL","GGCOST","TOT","PC_GDP","A","2010",21.9,
"IRL","GGCOST","TOT","PC_GDP","A","2011",21.06,
"IRL","GGCOST","TOT","PC_GDP","A","2012",20.41,
"IRL","GGCOST","TOT","PC_GDP","A","2013",19.48,
"IRL","GGCOST","TOT","PC_GDP","A","2014",18.57,
"IRL","GGCOST","TOT","PC_GDP","A","2015",14.41,
"IRL","GGCOST","TOT","PC_GDP","A","2016",14.41,
"ITA","GGCOST","COMPEMPLOYEE","PC_GDP","A","2007",10.21,
"ITA","GGCOST","COMPEMPLOYEE","PC_GDP","A","2008",10.43,
"ITA","GGCOST","COMPEMPLOYEE","PC_GDP","A","2009",10.91,
"ITA","GGCOST","COMPEMPLOYEE","PC_GDP","A","2010",10.75,
"ITA","GGCOST","COMPEMPLOYEE","PC_GDP","A","2011",10.36,
"ITA","GGCOST","COMPEMPLOYEE","PC_GDP","A","2012",10.3,
"ITA","GGCOST","COMPEMPLOYEE","PC_GDP","A","2013",10.27,
"ITA","GGCOST","COMPEMPLOYEE","PC_GDP","A","2014",10.08,
"ITA","GGCOST","COMPEMPLOYEE","PC_GDP","A","2015",9.85,
"ITA","GGCOST","COMPEMPLOYEE","PC_GDP","A","2016",9.81,
"ITA","GGCOST","GSUSE","PC_GDP","A","2007",7.5,
"ITA","GGCOST","GSUSE","PC_GDP","A","2008",7.72,
"ITA","GGCOST","GSUSE","PC_GDP","A","2009",8.34,
"ITA","GGCOST","GSUSE","PC_GDP","A","2010",8.33,
"ITA","GGCOST","GSUSE","PC_GDP","A","2011",8.05,
"ITA","GGCOST","GSUSE","PC_GDP","A","2012",8.08,
"ITA","GGCOST","GSUSE","PC_GDP","A","2013",8.3,
"ITA","GGCOST","GSUSE","PC_GDP","A","2014",8.21,
"ITA","GGCOST","GSUSE","PC_GDP","A","2015",8.14,
"ITA","GGCOST","GSUSE","PC_GDP","A","2016",8.11,
"ITA","GGCOST","TOT","PC_GDP","A","2007",20.75,
"ITA","GGCOST","TOT","PC_GDP","A","2008",21.28,
"ITA","GGCOST","TOT","PC_GDP","A","2009",22.6,
"ITA","GGCOST","TOT","PC_GDP","A","2010",22.4,
"ITA","GGCOST","TOT","PC_GDP","A","2011",21.63,
"ITA","GGCOST","TOT","PC_GDP","A","2012",21.68,
"ITA","GGCOST","TOT","PC_GDP","A","2013",21.94,
"ITA","GGCOST","TOT","PC_GDP","A","2014",21.62,
"ITA","GGCOST","TOT","PC_GDP","A","2015",21.26,
"ITA","GGCOST","TOT","PC_GDP","A","2016",21.14,
"KOR","GGCOST","COMPEMPLOYEE","PC_GDP","A","2007",6.93,
"KOR","GGCOST","COMPEMPLOYEE","PC_GDP","A","2008",7.04,
"KOR","GGCOST","COMPEMPLOYEE","PC_GDP","A","2009",7.13,
"KOR","GGCOST","COMPEMPLOYEE","PC_GDP","A","2010",6.57,
"KOR","GGCOST","COMPEMPLOYEE","PC_GDP","A","2011",6.51,
"KOR","GGCOST","COMPEMPLOYEE","PC_GDP","A","2012",6.61,
"KOR","GGCOST","COMPEMPLOYEE","PC_GDP","A","2013",6.75,
"KOR","GGCOST","COMPEMPLOYEE","PC_GDP","A","2014",6.89,
"KOR","GGCOST","COMPEMPLOYEE","PC_GDP","A","2015",7.01,
"KOR","GGCOST","GSUSE","PC_GDP","A","2007",7.29,
"KOR","GGCOST","GSUSE","PC_GDP","A","2008",7.68,
"KOR","GGCOST","GSUSE","PC_GDP","A","2009",8.08,
"KOR","GGCOST","GSUSE","PC_GDP","A","2010",7.96,
"KOR","GGCOST","GSUSE","PC_GDP","A","2011",8.01,
"KOR","GGCOST","GSUSE","PC_GDP","A","2012",8.08,
"KOR","GGCOST","GSUSE","PC_GDP","A","2013",8.12,
"KOR","GGCOST","GSUSE","PC_GDP","A","2014",8.17,
"KOR","GGCOST","GSUSE","PC_GDP","A","2015",8.14,
"KOR","GGCOST","TOT","PC_GDP","A","2007",16.58,
"KOR","GGCOST","TOT","PC_GDP","A","2008",17.33,
"KOR","GGCOST","TOT","PC_GDP","A","2009",17.98,
"KOR","GGCOST","TOT","PC_GDP","A","2010",17.23,
"KOR","GGCOST","TOT","PC_GDP","A","2011",17.34,
"KOR","GGCOST","TOT","PC_GDP","A","2012",17.58,
"KOR","GGCOST","TOT","PC_GDP","A","2013",17.81,
"KOR","GGCOST","TOT","PC_GDP","A","2014",18.02,
"KOR","GGCOST","TOT","PC_GDP","A","2015",18.11,
"LUX","GGCOST","COMPEMPLOYEE","PC_GDP","A","2007",8.07,
"LUX","GGCOST","COMPEMPLOYEE","PC_GDP","A","2008",8.28,
"LUX","GGCOST","COMPEMPLOYEE","PC_GDP","A","2009",9.17,
"LUX","GGCOST","COMPEMPLOYEE","PC_GDP","A","2010",8.95,
"LUX","GGCOST","COMPEMPLOYEE","PC_GDP","A","2011",8.78,
"LUX","GGCOST","COMPEMPLOYEE","PC_GDP","A","2012",9.06,
"LUX","GGCOST","COMPEMPLOYEE","PC_GDP","A","2013",8.97,
"LUX","GGCOST","COMPEMPLOYEE","PC_GDP","A","2014",8.72,
"LUX","GGCOST","COMPEMPLOYEE","PC_GDP","A","2015",8.67,
"LUX","GGCOST","COMPEMPLOYEE","PC_GDP","A","2016",8.58,
"LUX","GGCOST","GSUSE","PC_GDP","A","2007",7.6,
"LUX","GGCOST","GSUSE","PC_GDP","A","2008",7.96,
"LUX","GGCOST","GSUSE","PC_GDP","A","2009",9.03,
"LUX","GGCOST","GSUSE","PC_GDP","A","2010",8.71,
"LUX","GGCOST","GSUSE","PC_GDP","A","2011",8.28,
"LUX","GGCOST","GSUSE","PC_GDP","A","2012",8.73,
"LUX","GGCOST","GSUSE","PC_GDP","A","2013",8.72,
"LUX","GGCOST","GSUSE","PC_GDP","A","2014",8.39,
"LUX","GGCOST","GSUSE","PC_GDP","A","2015",8.22,
"LUX","GGCOST","GSUSE","PC_GDP","A","2016",8.05,
"LUX","GGCOST","TOT","PC_GDP","A","2007",17.53,
"LUX","GGCOST","TOT","PC_GDP","A","2008",18.19,
"LUX","GGCOST","TOT","PC_GDP","A","2009",20.34,
"LUX","GGCOST","TOT","PC_GDP","A","2010",19.76,
"LUX","GGCOST","TOT","PC_GDP","A","2011",19.17,
"LUX","GGCOST","TOT","PC_GDP","A","2012",19.95,
"LUX","GGCOST","TOT","PC_GDP","A","2013",19.97,
"LUX","GGCOST","TOT","PC_GDP","A","2014",19.35,
"LUX","GGCOST","TOT","PC_GDP","A","2015",19.13,
"LUX","GGCOST","TOT","PC_GDP","A","2016",18.85,
"MEX","GGCOST","COMPEMPLOYEE","PC_GDP","A","2007",8.04,
"MEX","GGCOST","COMPEMPLOYEE","PC_GDP","A","2008",8.25,
"MEX","GGCOST","COMPEMPLOYEE","PC_GDP","A","2009",9.06,
"MEX","GGCOST","COMPEMPLOYEE","PC_GDP","A","2010",8.88,
"MEX","GGCOST","COMPEMPLOYEE","PC_GDP","A","2011",8.71,
"MEX","GGCOST","COMPEMPLOYEE","PC_GDP","A","2012",8.92,
"MEX","GGCOST","COMPEMPLOYEE","PC_GDP","A","2013",9.19,
"MEX","GGCOST","COMPEMPLOYEE","PC_GDP","A","2014",9.16,
"MEX","GGCOST","COMPEMPLOYEE","PC_GDP","A","2015",9.29,
"MEX","GGCOST","GSUSE","PC_GDP","A","2007",2.5,
"MEX","GGCOST","GSUSE","PC_GDP","A","2008",2.6,
"MEX","GGCOST","GSUSE","PC_GDP","A","2009",2.92,
"MEX","GGCOST","GSUSE","PC_GDP","A","2010",2.77,
"MEX","GGCOST","GSUSE","PC_GDP","A","2011",2.84,
"MEX","GGCOST","GSUSE","PC_GDP","A","2012",2.91,
"MEX","GGCOST","GSUSE","PC_GDP","A","2013",2.97,
"MEX","GGCOST","GSUSE","PC_GDP","A","2014",3.06,
"MEX","GGCOST","GSUSE","PC_GDP","A","2015",3.16,
"MEX","GGCOST","TOT","PC_GDP","A","2007",10.62,
"MEX","GGCOST","TOT","PC_GDP","A","2008",10.93,
"MEX","GGCOST","TOT","PC_GDP","A","2009",12.06,
"MEX","GGCOST","TOT","PC_GDP","A","2010",11.73,
"MEX","GGCOST","TOT","PC_GDP","A","2011",11.65,
"MEX","GGCOST","TOT","PC_GDP","A","2012",11.94,
"MEX","GGCOST","TOT","PC_GDP","A","2013",12.28,
"MEX","GGCOST","TOT","PC_GDP","A","2014",12.33,
"MEX","GGCOST","TOT","PC_GDP","A","2015",12.57,
"NLD","GGCOST","COMPEMPLOYEE","PC_GDP","A","2007",8.57,
"NLD","GGCOST","COMPEMPLOYEE","PC_GDP","A","2008",8.68,
"NLD","GGCOST","COMPEMPLOYEE","PC_GDP","A","2009",9.49,
"NLD","GGCOST","COMPEMPLOYEE","PC_GDP","A","2010",9.52,
"NLD","GGCOST","COMPEMPLOYEE","PC_GDP","A","2011",9.29,
"NLD","GGCOST","COMPEMPLOYEE","PC_GDP","A","2012",9.32,
"NLD","GGCOST","COMPEMPLOYEE","PC_GDP","A","2013",9.22,
"NLD","GGCOST","COMPEMPLOYEE","PC_GDP","A","2014",9.11,
"NLD","GGCOST","COMPEMPLOYEE","PC_GDP","A","2015",8.84,"P"
"NLD","GGCOST","COMPEMPLOYEE","PC_GDP","A","2016",8.81,"P"
"NLD","GGCOST","GSUSE","PC_GDP","A","2007",15.12,
"NLD","GGCOST","GSUSE","PC_GDP","A","2008",15.58,
"NLD","GGCOST","GSUSE","PC_GDP","A","2009",17.33,
"NLD","GGCOST","GSUSE","PC_GDP","A","2010",17.23,
"NLD","GGCOST","GSUSE","PC_GDP","A","2011",16.96,
"NLD","GGCOST","GSUSE","PC_GDP","A","2012",17.15,
"NLD","GGCOST","GSUSE","PC_GDP","A","2013",16.87,
"NLD","GGCOST","GSUSE","PC_GDP","A","2014",16.83,
"NLD","GGCOST","GSUSE","PC_GDP","A","2015",16.58,"P"
"NLD","GGCOST","GSUSE","PC_GDP","A","2016",16.13,"P"
"NLD","GGCOST","TOT","PC_GDP","A","2007",26.71,
"NLD","GGCOST","TOT","PC_GDP","A","2008",27.31,
"NLD","GGCOST","TOT","PC_GDP","A","2009",30.04,
"NLD","GGCOST","TOT","PC_GDP","A","2010",30.05,
"NLD","GGCOST","TOT","PC_GDP","A","2011",29.56,
"NLD","GGCOST","TOT","PC_GDP","A","2012",29.85,
"NLD","GGCOST","TOT","PC_GDP","A","2013",29.53,
"NLD","GGCOST","TOT","PC_GDP","A","2014",29.38,
"NLD","GGCOST","TOT","PC_GDP","A","2015",28.79,"P"
"NLD","GGCOST","TOT","PC_GDP","A","2016",28.24,"P"
"NZL","GGCOST","COMPEMPLOYEE","PC_GDP","A","2007",9.12,
"NZL","GGCOST","COMPEMPLOYEE","PC_GDP","A","2008",9.75,
"NZL","GGCOST","COMPEMPLOYEE","PC_GDP","A","2009",9.98,
"NZL","GGCOST","COMPEMPLOYEE","PC_GDP","A","2010",9.84,
"NZL","GGCOST","COMPEMPLOYEE","PC_GDP","A","2011",9.64,
"NZL","GGCOST","COMPEMPLOYEE","PC_GDP","A","2012",9.66,
"NZL","GGCOST","COMPEMPLOYEE","PC_GDP","A","2013",9.32,
"NZL","GGCOST","COMPEMPLOYEE","PC_GDP","A","2014",9.24,
"NZL","GGCOST","COMPEMPLOYEE","PC_GDP","A","2015",9.16,
"NZL","GGCOST","GSUSE","PC_GDP","A","2007",10.44,
"NZL","GGCOST","GSUSE","PC_GDP","A","2008",11.23,
"NZL","GGCOST","GSUSE","PC_GDP","A","2009",11.18,
"NZL","GGCOST","GSUSE","PC_GDP","A","2010",11.18,
"NZL","GGCOST","GSUSE","PC_GDP","A","2011",11.2,
"NZL","GGCOST","GSUSE","PC_GDP","A","2012",10.95,
"NZL","GGCOST","GSUSE","PC_GDP","A","2013",10.69,
"NZL","GGCOST","GSUSE","PC_GDP","A","2014",10.77,
"NZL","GGCOST","GSUSE","PC_GDP","A","2015",10.7,
"NZL","GGCOST","TOT","PC_GDP","A","2007",21.8,
"NZL","GGCOST","TOT","PC_GDP","A","2008",23.37,
"NZL","GGCOST","TOT","PC_GDP","A","2009",23.6,
"NZL","GGCOST","TOT","PC_GDP","A","2010",23.39,
"NZL","GGCOST","TOT","PC_GDP","A","2011",23.19,
"NZL","GGCOST","TOT","PC_GDP","A","2012",22.97,
"NZL","GGCOST","TOT","PC_GDP","A","2013",22.29,
"NZL","GGCOST","TOT","PC_GDP","A","2014",22.3,
"NZL","GGCOST","TOT","PC_GDP","A","2015",22.22,
"NOR","GGCOST","COMPEMPLOYEE","PC_GDP","A","2007",12.06,
"NOR","GGCOST","COMPEMPLOYEE","PC_GDP","A","2008",11.9,
"NOR","GGCOST","COMPEMPLOYEE","PC_GDP","A","2009",13.66,
"NOR","GGCOST","COMPEMPLOYEE","PC_GDP","A","2010",13.51,
"NOR","GGCOST","COMPEMPLOYEE","PC_GDP","A","2011",13.34,
"NOR","GGCOST","COMPEMPLOYEE","PC_GDP","A","2012",13.34,
"NOR","GGCOST","COMPEMPLOYEE","PC_GDP","A","2013",13.61,
"NOR","GGCOST","COMPEMPLOYEE","PC_GDP","A","2014",14.05,
"NOR","GGCOST","COMPEMPLOYEE","PC_GDP","A","2015",14.81,
"NOR","GGCOST","COMPEMPLOYEE","PC_GDP","A","2016",15.4,
"NOR","GGCOST","GSUSE","PC_GDP","A","2007",7.41,
"NOR","GGCOST","GSUSE","PC_GDP","A","2008",7.24,
"NOR","GGCOST","GSUSE","PC_GDP","A","2009",8.56,
"NOR","GGCOST","GSUSE","PC_GDP","A","2010",8.47,
"NOR","GGCOST","GSUSE","PC_GDP","A","2011",8.13,
"NOR","GGCOST","GSUSE","PC_GDP","A","2012",7.86,
"NOR","GGCOST","GSUSE","PC_GDP","A","2013",8.05,
"NOR","GGCOST","GSUSE","PC_GDP","A","2014",8.37,
"NOR","GGCOST","GSUSE","PC_GDP","A","2015",8.92,
"NOR","GGCOST","GSUSE","PC_GDP","A","2016",9.41,
"NOR","GGCOST","TOT","PC_GDP","A","2007",21.97,
"NOR","GGCOST","TOT","PC_GDP","A","2008",21.6,
"NOR","GGCOST","TOT","PC_GDP","A","2009",25.08,
"NOR","GGCOST","TOT","PC_GDP","A","2010",24.85,
"NOR","GGCOST","TOT","PC_GDP","A","2011",24.34,
"NOR","GGCOST","TOT","PC_GDP","A","2012",24.15,
"NOR","GGCOST","TOT","PC_GDP","A","2013",24.59,
"NOR","GGCOST","TOT","PC_GDP","A","2014",25.49,
"NOR","GGCOST","TOT","PC_GDP","A","2015",27,
"NOR","GGCOST","TOT","PC_GDP","A","2016",28.26,
"POL","GGCOST","COMPEMPLOYEE","PC_GDP","A","2007",10.45,
"POL","GGCOST","COMPEMPLOYEE","PC_GDP","A","2008",10.82,
"POL","GGCOST","COMPEMPLOYEE","PC_GDP","A","2009",10.98,
"POL","GGCOST","COMPEMPLOYEE","PC_GDP","A","2010",11,
"POL","GGCOST","COMPEMPLOYEE","PC_GDP","A","2011",10.53,
"POL","GGCOST","COMPEMPLOYEE","PC_GDP","A","2012",10.31,
"POL","GGCOST","COMPEMPLOYEE","PC_GDP","A","2013",10.37,
"POL","GGCOST","COMPEMPLOYEE","PC_GDP","A","2014",10.39,
"POL","GGCOST","COMPEMPLOYEE","PC_GDP","A","2015",10.24,
"POL","GGCOST","COMPEMPLOYEE","PC_GDP","A","2016",10.29,
"POL","GGCOST","GSUSE","PC_GDP","A","2007",7.96,
"POL","GGCOST","GSUSE","PC_GDP","A","2008",8.22,
"POL","GGCOST","GSUSE","PC_GDP","A","2009",7.98,
"POL","GGCOST","GSUSE","PC_GDP","A","2010",8.34,
"POL","GGCOST","GSUSE","PC_GDP","A","2011",7.63,
"POL","GGCOST","GSUSE","PC_GDP","A","2012",7.72,
"POL","GGCOST","GSUSE","PC_GDP","A","2013",7.76,
"POL","GGCOST","GSUSE","PC_GDP","A","2014",7.79,
"POL","GGCOST","GSUSE","PC_GDP","A","2015",7.78,
"POL","GGCOST","GSUSE","PC_GDP","A","2016",7.65,
"POL","GGCOST","TOT","PC_GDP","A","2007",20.85,
"POL","GGCOST","TOT","PC_GDP","A","2008",21.37,
"POL","GGCOST","TOT","PC_GDP","A","2009",21.34,
"POL","GGCOST","TOT","PC_GDP","A","2010",21.71,
"POL","GGCOST","TOT","PC_GDP","A","2011",20.44,
"POL","GGCOST","TOT","PC_GDP","A","2012",20.34,
"POL","GGCOST","TOT","PC_GDP","A","2013",20.49,
"POL","GGCOST","TOT","PC_GDP","A","2014",20.61,
"POL","GGCOST","TOT","PC_GDP","A","2015",20.37,
"POL","GGCOST","TOT","PC_GDP","A","2016",20.28,
"PRT","GGCOST","COMPEMPLOYEE","PC_GDP","A","2007",13.11,
"PRT","GGCOST","COMPEMPLOYEE","PC_GDP","A","2008",13.13,
"PRT","GGCOST","COMPEMPLOYEE","PC_GDP","A","2009",14.03,
"PRT","GGCOST","COMPEMPLOYEE","PC_GDP","A","2010",13.68,
"PRT","GGCOST","COMPEMPLOYEE","PC_GDP","A","2011",12.84,
"PRT","GGCOST","COMPEMPLOYEE","PC_GDP","A","2012",11.69,
"PRT","GGCOST","COMPEMPLOYEE","PC_GDP","A","2013",12.52,
"PRT","GGCOST","COMPEMPLOYEE","PC_GDP","A","2014",11.85,
"PRT","GGCOST","COMPEMPLOYEE","PC_GDP","A","2015",11.29,
"PRT","GGCOST","COMPEMPLOYEE","PC_GDP","A","2016",11.27,
"PRT","GGCOST","GSUSE","PC_GDP","A","2007",7.46,
"PRT","GGCOST","GSUSE","PC_GDP","A","2008",7.69,
"PRT","GGCOST","GSUSE","PC_GDP","A","2009",8.54,
"PRT","GGCOST","GSUSE","PC_GDP","A","2010",8.06,
"PRT","GGCOST","GSUSE","PC_GDP","A","2011",7.97,
"PRT","GGCOST","GSUSE","PC_GDP","A","2012",7.74,
"PRT","GGCOST","GSUSE","PC_GDP","A","2013",7.56,
"PRT","GGCOST","GSUSE","PC_GDP","A","2014",7.58,
"PRT","GGCOST","GSUSE","PC_GDP","A","2015",7.57,
"PRT","GGCOST","GSUSE","PC_GDP","A","2016",7.5,
"PRT","GGCOST","TOT","PC_GDP","A","2007",22.9,
"PRT","GGCOST","TOT","PC_GDP","A","2008",23.28,
"PRT","GGCOST","TOT","PC_GDP","A","2009",25.03,
"PRT","GGCOST","TOT","PC_GDP","A","2010",24.22,
"PRT","GGCOST","TOT","PC_GDP","A","2011",23.34,
"PRT","GGCOST","TOT","PC_GDP","A","2012",22.19,
"PRT","GGCOST","TOT","PC_GDP","A","2013",22.73,
"PRT","GGCOST","TOT","PC_GDP","A","2014",22.1,
"PRT","GGCOST","TOT","PC_GDP","A","2015",21.66,
"PRT","GGCOST","TOT","PC_GDP","A","2016",21.45,
"SVK","GGCOST","COMPEMPLOYEE","PC_GDP","A","2007",7.27,
"SVK","GGCOST","COMPEMPLOYEE","PC_GDP","A","2008",7.48,
"SVK","GGCOST","COMPEMPLOYEE","PC_GDP","A","2009",8.56,
"SVK","GGCOST","COMPEMPLOYEE","PC_GDP","A","2010",8.46,
"SVK","GGCOST","COMPEMPLOYEE","PC_GDP","A","2011",8.28,
"SVK","GGCOST","COMPEMPLOYEE","PC_GDP","A","2012",8.24,
"SVK","GGCOST","COMPEMPLOYEE","PC_GDP","A","2013",8.57,
"SVK","GGCOST","COMPEMPLOYEE","PC_GDP","A","2014",8.81,
"SVK","GGCOST","COMPEMPLOYEE","PC_GDP","A","2015",8.96,
"SVK","GGCOST","COMPEMPLOYEE","PC_GDP","A","2016",9.14,
"SVK","GGCOST","GSUSE","PC_GDP","A","2007",9.53,
"SVK","GGCOST","GSUSE","PC_GDP","A","2008",9.45,
"SVK","GGCOST","GSUSE","PC_GDP","A","2009",11.22,
"SVK","GGCOST","GSUSE","PC_GDP","A","2010",10.88,
"SVK","GGCOST","GSUSE","PC_GDP","A","2011",10.45,
"SVK","GGCOST","GSUSE","PC_GDP","A","2012",10.33,
"SVK","GGCOST","GSUSE","PC_GDP","A","2013",10.47,
"SVK","GGCOST","GSUSE","PC_GDP","A","2014",10.66,
"SVK","GGCOST","GSUSE","PC_GDP","A","2015",10.99,
"SVK","GGCOST","GSUSE","PC_GDP","A","2016",10.73,
"SVK","GGCOST","TOT","PC_GDP","A","2007",20.19,
"SVK","GGCOST","TOT","PC_GDP","A","2008",20.14,
"SVK","GGCOST","TOT","PC_GDP","A","2009",23.36,
"SVK","GGCOST","TOT","PC_GDP","A","2010",22.84,
"SVK","GGCOST","TOT","PC_GDP","A","2011",22.36,
"SVK","GGCOST","TOT","PC_GDP","A","2012",22.22,
"SVK","GGCOST","TOT","PC_GDP","A","2013",22.77,
"SVK","GGCOST","TOT","PC_GDP","A","2014",23.32,
"SVK","GGCOST","TOT","PC_GDP","A","2015",23.88,
"SVK","GGCOST","TOT","PC_GDP","A","2016",23.84,
"ESP","GGCOST","COMPEMPLOYEE","PC_GDP","A","2007",9.94,
"ESP","GGCOST","COMPEMPLOYEE","PC_GDP","A","2008",10.58,
"ESP","GGCOST","COMPEMPLOYEE","PC_GDP","A","2009",11.64,
"ESP","GGCOST","COMPEMPLOYEE","PC_GDP","A","2010",11.55,
"ESP","GGCOST","COMPEMPLOYEE","PC_GDP","A","2011",11.45,
"ESP","GGCOST","COMPEMPLOYEE","PC_GDP","A","2012",10.96,
"ESP","GGCOST","COMPEMPLOYEE","PC_GDP","A","2013",11.18,
"ESP","GGCOST","COMPEMPLOYEE","PC_GDP","A","2014",11.11,
"ESP","GGCOST","COMPEMPLOYEE","PC_GDP","A","2015",11.07,
"ESP","GGCOST","COMPEMPLOYEE","PC_GDP","A","2016",10.9,
"ESP","GGCOST","GSUSE","PC_GDP","A","2007",7.43,
"ESP","GGCOST","GSUSE","PC_GDP","A","2008",7.89,
"ESP","GGCOST","GSUSE","PC_GDP","A","2009",8.59,
"ESP","GGCOST","GSUSE","PC_GDP","A","2010",8.57,
"ESP","GGCOST","GSUSE","PC_GDP","A","2011",8.58,
"ESP","GGCOST","GSUSE","PC_GDP","A","2012",8.38,
"ESP","GGCOST","GSUSE","PC_GDP","A","2013",8.09,
"ESP","GGCOST","GSUSE","PC_GDP","A","2014",7.98,
"ESP","GGCOST","GSUSE","PC_GDP","A","2015",7.95,
"ESP","GGCOST","GSUSE","PC_GDP","A","2016",7.62,
"ESP","GGCOST","TOT","PC_GDP","A","2007",19.5,
"ESP","GGCOST","TOT","PC_GDP","A","2008",20.68,
"ESP","GGCOST","TOT","PC_GDP","A","2009",22.59,
"ESP","GGCOST","TOT","PC_GDP","A","2010",22.63,
"ESP","GGCOST","TOT","PC_GDP","A","2011",22.62,
"ESP","GGCOST","TOT","PC_GDP","A","2012",22.06,
"ESP","GGCOST","TOT","PC_GDP","A","2013",22.02,
"ESP","GGCOST","TOT","PC_GDP","A","2014",21.81,
"ESP","GGCOST","TOT","PC_GDP","A","2015",21.63,
"ESP","GGCOST","TOT","PC_GDP","A","2016",21.04,
"SWE","GGCOST","COMPEMPLOYEE","PC_GDP","A","2007",12.33,
"SWE","GGCOST","COMPEMPLOYEE","PC_GDP","A","2008",12.47,
"SWE","GGCOST","COMPEMPLOYEE","PC_GDP","A","2009",12.89,
"SWE","GGCOST","COMPEMPLOYEE","PC_GDP","A","2010",12.29,
"SWE","GGCOST","COMPEMPLOYEE","PC_GDP","A","2011",12.18,
"SWE","GGCOST","COMPEMPLOYEE","PC_GDP","A","2012",12.61,
"SWE","GGCOST","COMPEMPLOYEE","PC_GDP","A","2013",12.77,
"SWE","GGCOST","COMPEMPLOYEE","PC_GDP","A","2014",12.69,
"SWE","GGCOST","COMPEMPLOYEE","PC_GDP","A","2015",12.5,
"SWE","GGCOST","COMPEMPLOYEE","PC_GDP","A","2016",12.58,
"SWE","GGCOST","GSUSE","PC_GDP","A","2007",10.38,
"SWE","GGCOST","GSUSE","PC_GDP","A","2008",10.81,
"SWE","GGCOST","GSUSE","PC_GDP","A","2009",11.84,
"SWE","GGCOST","GSUSE","PC_GDP","A","2010",11.6,
"SWE","GGCOST","GSUSE","PC_GDP","A","2011",11.66,
"SWE","GGCOST","GSUSE","PC_GDP","A","2012",11.81,
"SWE","GGCOST","GSUSE","PC_GDP","A","2013",12.01,
"SWE","GGCOST","GSUSE","PC_GDP","A","2014",11.95,
"SWE","GGCOST","GSUSE","PC_GDP","A","2015",11.83,
"SWE","GGCOST","GSUSE","PC_GDP","A","2016",11.85,
"SWE","GGCOST","TOT","PC_GDP","A","2007",28.35,
"SWE","GGCOST","TOT","PC_GDP","A","2008",29.04,
"SWE","GGCOST","TOT","PC_GDP","A","2009",30.76,
"SWE","GGCOST","TOT","PC_GDP","A","2010",29.63,
"SWE","GGCOST","TOT","PC_GDP","A","2011",29.56,
"SWE","GGCOST","TOT","PC_GDP","A","2012",30.28,
"SWE","GGCOST","TOT","PC_GDP","A","2013",30.63,
"SWE","GGCOST","TOT","PC_GDP","A","2014",30.41,
"SWE","GGCOST","TOT","PC_GDP","A","2015",29.96,
"SWE","GGCOST","TOT","PC_GDP","A","2016",30.08,
"CHE","GGCOST","COMPEMPLOYEE","PC_GDP","A","2007",6.92,
"CHE","GGCOST","COMPEMPLOYEE","PC_GDP","A","2008",6.96,
"CHE","GGCOST","COMPEMPLOYEE","PC_GDP","A","2009",7.4,
"CHE","GGCOST","COMPEMPLOYEE","PC_GDP","A","2010",7.35,
"CHE","GGCOST","COMPEMPLOYEE","PC_GDP","A","2011",7.39,
"CHE","GGCOST","COMPEMPLOYEE","PC_GDP","A","2012",7.54,
"CHE","GGCOST","COMPEMPLOYEE","PC_GDP","A","2013",7.52,
"CHE","GGCOST","COMPEMPLOYEE","PC_GDP","A","2014",7.52,
"CHE","GGCOST","COMPEMPLOYEE","PC_GDP","A","2015",7.6,
"CHE","GGCOST","GSUSE","PC_GDP","A","2007",4.97,
"CHE","GGCOST","GSUSE","PC_GDP","A","2008",5.08,
"CHE","GGCOST","GSUSE","PC_GDP","A","2009",5.39,
"CHE","GGCOST","GSUSE","PC_GDP","A","2010",5.25,
"CHE","GGCOST","GSUSE","PC_GDP","A","2011",5.24,
"CHE","GGCOST","GSUSE","PC_GDP","A","2012",5.44,
"CHE","GGCOST","GSUSE","PC_GDP","A","2013",5.55,
"CHE","GGCOST","GSUSE","PC_GDP","A","2014",5.61,
"CHE","GGCOST","GSUSE","PC_GDP","A","2015",5.77,
"CHE","GGCOST","TOT","PC_GDP","A","2007",14.53,
"CHE","GGCOST","TOT","PC_GDP","A","2008",14.7,
"CHE","GGCOST","TOT","PC_GDP","A","2009",15.56,
"CHE","GGCOST","TOT","PC_GDP","A","2010",15.35,
"CHE","GGCOST","TOT","PC_GDP","A","2011",15.44,
"CHE","GGCOST","TOT","PC_GDP","A","2012",15.84,
"CHE","GGCOST","TOT","PC_GDP","A","2013",15.95,
"CHE","GGCOST","TOT","PC_GDP","A","2014",16.04,
"CHE","GGCOST","TOT","PC_GDP","A","2015",16.24,
"GBR","GGCOST","COMPEMPLOYEE","PC_GDP","A","2007",10.28,
"GBR","GGCOST","COMPEMPLOYEE","PC_GDP","A","2008",10.32,
"GBR","GGCOST","COMPEMPLOYEE","PC_GDP","A","2009",10.95,
"GBR","GGCOST","COMPEMPLOYEE","PC_GDP","A","2010",10.96,
"GBR","GGCOST","COMPEMPLOYEE","PC_GDP","A","2011",10.51,
"GBR","GGCOST","COMPEMPLOYEE","PC_GDP","A","2012",10.28,
"GBR","GGCOST","COMPEMPLOYEE","PC_GDP","A","2013",9.7,
"GBR","GGCOST","COMPEMPLOYEE","PC_GDP","A","2014",9.49,
"GBR","GGCOST","COMPEMPLOYEE","PC_GDP","A","2015",9.33,
"GBR","GGCOST","COMPEMPLOYEE","PC_GDP","A","2016",9.25,
"GBR","GGCOST","GSUSE","PC_GDP","A","2007",10.44,
"GBR","GGCOST","GSUSE","PC_GDP","A","2008",11.21,
"GBR","GGCOST","GSUSE","PC_GDP","A","2009",12.29,
"GBR","GGCOST","GSUSE","PC_GDP","A","2010",11.89,
"GBR","GGCOST","GSUSE","PC_GDP","A","2011",11.43,
"GBR","GGCOST","GSUSE","PC_GDP","A","2012",11.29,
"GBR","GGCOST","GSUSE","PC_GDP","A","2013",11.3,
"GBR","GGCOST","GSUSE","PC_GDP","A","2014",11.2,
"GBR","GGCOST","GSUSE","PC_GDP","A","2015",11.02,
"GBR","GGCOST","GSUSE","PC_GDP","A","2016",10.73,
"GBR","GGCOST","TOT","PC_GDP","A","2007",22.04,
"GBR","GGCOST","TOT","PC_GDP","A","2008",22.91,
"GBR","GGCOST","TOT","PC_GDP","A","2009",24.73,
"GBR","GGCOST","TOT","PC_GDP","A","2010",24.37,
"GBR","GGCOST","TOT","PC_GDP","A","2011",23.5,
"GBR","GGCOST","TOT","PC_GDP","A","2012",23.15,
"GBR","GGCOST","TOT","PC_GDP","A","2013",22.58,
"GBR","GGCOST","TOT","PC_GDP","A","2014",22.24,
"GBR","GGCOST","TOT","PC_GDP","A","2015",21.91,
"GBR","GGCOST","TOT","PC_GDP","A","2016",21.53,
"USA","GGCOST","COMPEMPLOYEE","PC_GDP","A","2007",10.05,
"USA","GGCOST","COMPEMPLOYEE","PC_GDP","A","2008",10.41,
"USA","GGCOST","COMPEMPLOYEE","PC_GDP","A","2009",10.97,
"USA","GGCOST","COMPEMPLOYEE","PC_GDP","A","2010",10.95,
"USA","GGCOST","COMPEMPLOYEE","PC_GDP","A","2011",10.65,
"USA","GGCOST","COMPEMPLOYEE","PC_GDP","A","2012",10.27,
"USA","GGCOST","COMPEMPLOYEE","PC_GDP","A","2013",10.05,
"USA","GGCOST","COMPEMPLOYEE","PC_GDP","A","2014",9.88,
"USA","GGCOST","COMPEMPLOYEE","PC_GDP","A","2015",9.81,
"USA","GGCOST","GSUSE","PC_GDP","A","2007",6.76,
"USA","GGCOST","GSUSE","PC_GDP","A","2008",7.23,
"USA","GGCOST","GSUSE","PC_GDP","A","2009",7.6,
"USA","GGCOST","GSUSE","PC_GDP","A","2010",7.55,
"USA","GGCOST","GSUSE","PC_GDP","A","2011",7.27,
"USA","GGCOST","GSUSE","PC_GDP","A","2012",6.95,
"USA","GGCOST","GSUSE","PC_GDP","A","2013",6.54,
"USA","GGCOST","GSUSE","PC_GDP","A","2014",6.3,
"USA","GGCOST","GSUSE","PC_GDP","A","2015",6.15,
"USA","GGCOST","TOT","PC_GDP","A","2007",19.44,
"USA","GGCOST","TOT","PC_GDP","A","2008",20.4,
"USA","GGCOST","TOT","PC_GDP","A","2009",21.49,
"USA","GGCOST","TOT","PC_GDP","A","2010",21.42,
"USA","GGCOST","TOT","PC_GDP","A","2011",20.86,
"USA","GGCOST","TOT","PC_GDP","A","2012",20.14,
"USA","GGCOST","TOT","PC_GDP","A","2013",19.47,
"USA","GGCOST","TOT","PC_GDP","A","2014",19.01,
"USA","GGCOST","TOT","PC_GDP","A","2015",18.71,
"EST","GGCOST","COMPEMPLOYEE","PC_GDP","A","2007",9.42,
"EST","GGCOST","COMPEMPLOYEE","PC_GDP","A","2008",11.11,
"EST","GGCOST","COMPEMPLOYEE","PC_GDP","A","2009",12.58,
"EST","GGCOST","COMPEMPLOYEE","PC_GDP","A","2010",11.64,
"EST","GGCOST","COMPEMPLOYEE","PC_GDP","A","2011",10.65,
"EST","GGCOST","COMPEMPLOYEE","PC_GDP","A","2012",10.27,
"EST","GGCOST","COMPEMPLOYEE","PC_GDP","A","2013",10.63,
"EST","GGCOST","COMPEMPLOYEE","PC_GDP","A","2014",10.95,
"EST","GGCOST","COMPEMPLOYEE","PC_GDP","A","2015",11.49,
"EST","GGCOST","COMPEMPLOYEE","PC_GDP","A","2016",11.78,
"EST","GGCOST","GSUSE","PC_GDP","A","2007",7.1,
"EST","GGCOST","GSUSE","PC_GDP","A","2008",8.05,
"EST","GGCOST","GSUSE","PC_GDP","A","2009",8.78,
"EST","GGCOST","GSUSE","PC_GDP","A","2010",8.68,
"EST","GGCOST","GSUSE","PC_GDP","A","2011",8.25,
"EST","GGCOST","GSUSE","PC_GDP","A","2012",8.32,
"EST","GGCOST","GSUSE","PC_GDP","A","2013",8.35,
"EST","GGCOST","GSUSE","PC_GDP","A","2014",8.46,
"EST","GGCOST","GSUSE","PC_GDP","A","2015",8.7,
"EST","GGCOST","GSUSE","PC_GDP","A","2016",8.97,
"EST","GGCOST","TOT","PC_GDP","A","2007",18.44,
"EST","GGCOST","TOT","PC_GDP","A","2008",21.39,
"EST","GGCOST","TOT","PC_GDP","A","2009",24.18,
"EST","GGCOST","TOT","PC_GDP","A","2010",23.18,
"EST","GGCOST","TOT","PC_GDP","A","2011",21.52,
"EST","GGCOST","TOT","PC_GDP","A","2012",21.32,
"EST","GGCOST","TOT","PC_GDP","A","2013",21.87,
"EST","GGCOST","TOT","PC_GDP","A","2014",22.45,
"EST","GGCOST","TOT","PC_GDP","A","2015",23.36,
"EST","GGCOST","TOT","PC_GDP","A","2016",23.92,
"ISR","GGCOST","COMPEMPLOYEE","PC_GDP","A","2007",10.25,
"ISR","GGCOST","COMPEMPLOYEE","PC_GDP","A","2008",10.4,
"ISR","GGCOST","COMPEMPLOYEE","PC_GDP","A","2009",10.26,
"ISR","GGCOST","COMPEMPLOYEE","PC_GDP","A","2010",10.27,
"ISR","GGCOST","COMPEMPLOYEE","PC_GDP","A","2011",10.19,
"ISR","GGCOST","COMPEMPLOYEE","PC_GDP","A","2012",10.26,
"ISR","GGCOST","COMPEMPLOYEE","PC_GDP","A","2013",10.24,
"ISR","GGCOST","COMPEMPLOYEE","PC_GDP","A","2014",10.18,
"ISR","GGCOST","COMPEMPLOYEE","PC_GDP","A","2015",10.09,
"ISR","GGCOST","GSUSE","PC_GDP","A","2007",12.48,
"ISR","GGCOST","GSUSE","PC_GDP","A","2008",12.38,
"ISR","GGCOST","GSUSE","PC_GDP","A","2009",12.22,
"ISR","GGCOST","GSUSE","PC_GDP","A","2010",12.18,
"ISR","GGCOST","GSUSE","PC_GDP","A","2011",12.09,
"ISR","GGCOST","GSUSE","PC_GDP","A","2012",12.27,
"ISR","GGCOST","GSUSE","PC_GDP","A","2013",12.12,
"ISR","GGCOST","GSUSE","PC_GDP","A","2014",12.3,
"ISR","GGCOST","GSUSE","PC_GDP","A","2015",12.13,
"ISR","GGCOST","TOT","PC_GDP","A","2007",25.51,
"ISR","GGCOST","TOT","PC_GDP","A","2008",25.52,
"ISR","GGCOST","TOT","PC_GDP","A","2009",25.15,
"ISR","GGCOST","TOT","PC_GDP","A","2010",25.08,
"ISR","GGCOST","TOT","PC_GDP","A","2011",24.88,
"ISR","GGCOST","TOT","PC_GDP","A","2012",25.18,
"ISR","GGCOST","TOT","PC_GDP","A","2013",24.96,
"ISR","GGCOST","TOT","PC_GDP","A","2014",25.07,
"ISR","GGCOST","TOT","PC_GDP","A","2015",24.77,
"RUS","GGCOST","COMPEMPLOYEE","PC_GDP","A","2011",9.38,
"RUS","GGCOST","COMPEMPLOYEE","PC_GDP","A","2012",9.96,
"RUS","GGCOST","COMPEMPLOYEE","PC_GDP","A","2013",10.79,
"RUS","GGCOST","COMPEMPLOYEE","PC_GDP","A","2014",10.51,
"RUS","GGCOST","GSUSE","PC_GDP","A","2011",8.64,
"RUS","GGCOST","GSUSE","PC_GDP","A","2012",8.56,
"RUS","GGCOST","GSUSE","PC_GDP","A","2013",8.68,"B"
"RUS","GGCOST","GSUSE","PC_GDP","A","2014",6.9,
"RUS","GGCOST","TOT","PC_GDP","A","2011",19.77,
"RUS","GGCOST","TOT","PC_GDP","A","2012",20.35,
"RUS","GGCOST","TOT","PC_GDP","A","2013",21.43,"B"
"RUS","GGCOST","TOT","PC_GDP","A","2014",20.77,
"SVN","GGCOST","COMPEMPLOYEE","PC_GDP","A","2007",10.36,
"SVN","GGCOST","COMPEMPLOYEE","PC_GDP","A","2008",10.83,
"SVN","GGCOST","COMPEMPLOYEE","PC_GDP","A","2009",12.16,
"SVN","GGCOST","COMPEMPLOYEE","PC_GDP","A","2010",12.58,
"SVN","GGCOST","COMPEMPLOYEE","PC_GDP","A","2011",12.66,
"SVN","GGCOST","COMPEMPLOYEE","PC_GDP","A","2012",12.63,
"SVN","GGCOST","COMPEMPLOYEE","PC_GDP","A","2013",12.05,
"SVN","GGCOST","COMPEMPLOYEE","PC_GDP","A","2014",11.4,
"SVN","GGCOST","COMPEMPLOYEE","PC_GDP","A","2015",11.18,
"SVN","GGCOST","COMPEMPLOYEE","PC_GDP","A","2016",11.53,
"SVN","GGCOST","GSUSE","PC_GDP","A","2007",7.43,
"SVN","GGCOST","GSUSE","PC_GDP","A","2008",7.9,
"SVN","GGCOST","GSUSE","PC_GDP","A","2009",8.66,
"SVN","GGCOST","GSUSE","PC_GDP","A","2010",8.92,
"SVN","GGCOST","GSUSE","PC_GDP","A","2011",9.29,
"SVN","GGCOST","GSUSE","PC_GDP","A","2012",9.01,
"SVN","GGCOST","GSUSE","PC_GDP","A","2013",8.97,
"SVN","GGCOST","GSUSE","PC_GDP","A","2014",8.62,
"SVN","GGCOST","GSUSE","PC_GDP","A","2015",8.64,
"SVN","GGCOST","GSUSE","PC_GDP","A","2016",8.54,
"SVN","GGCOST","TOT","PC_GDP","A","2007",20.21,
"SVN","GGCOST","TOT","PC_GDP","A","2008",21.05,
"SVN","GGCOST","TOT","PC_GDP","A","2009",23.27,
"SVN","GGCOST","TOT","PC_GDP","A","2010",24.09,
"SVN","GGCOST","TOT","PC_GDP","A","2011",24.64,
"SVN","GGCOST","TOT","PC_GDP","A","2012",24.55,
"SVN","GGCOST","TOT","PC_GDP","A","2013",23.97,
"SVN","GGCOST","TOT","PC_GDP","A","2014",22.89,
"SVN","GGCOST","TOT","PC_GDP","A","2015",22.68,
"SVN","GGCOST","TOT","PC_GDP","A","2016",22.92,
"OECD","GGCOST","COMPEMPLOYEE","PC_GDP","A","2007",9.44,
"OECD","GGCOST","COMPEMPLOYEE","PC_GDP","A","2008",9.67,
"OECD","GGCOST","COMPEMPLOYEE","PC_GDP","A","2009",10.29,
"OECD","GGCOST","COMPEMPLOYEE","PC_GDP","A","2010",10.13,
"OECD","GGCOST","COMPEMPLOYEE","PC_GDP","A","2011",9.92,
"OECD","GGCOST","COMPEMPLOYEE","PC_GDP","A","2012",9.75,
"OECD","GGCOST","COMPEMPLOYEE","PC_GDP","A","2013",9.64,
"OECD","GGCOST","COMPEMPLOYEE","PC_GDP","A","2014",9.54,
"OECD","GGCOST","COMPEMPLOYEE","PC_GDP","A","2015",9.46,
"OECD","GGCOST","GSUSE","PC_GDP","A","2007",8.25,
"OECD","GGCOST","GSUSE","PC_GDP","A","2008",8.62,
"OECD","GGCOST","GSUSE","PC_GDP","A","2009",9.28,
"OECD","GGCOST","GSUSE","PC_GDP","A","2010",9.23,
"OECD","GGCOST","GSUSE","PC_GDP","A","2011",9.08,
"OECD","GGCOST","GSUSE","PC_GDP","A","2012",8.97,
"OECD","GGCOST","GSUSE","PC_GDP","A","2013",8.89,
"OECD","GGCOST","GSUSE","PC_GDP","A","2014",8.78,
"OECD","GGCOST","GSUSE","PC_GDP","A","2015",8.71,
"OECD","GGCOST","TOT","PC_GDP","A","2007",20.25,
"OECD","GGCOST","TOT","PC_GDP","A","2008",20.95,
"OECD","GGCOST","TOT","PC_GDP","A","2009",22.37,
"OECD","GGCOST","TOT","PC_GDP","A","2010",22.14,
"OECD","GGCOST","TOT","PC_GDP","A","2011",21.8,
"OECD","GGCOST","TOT","PC_GDP","A","2012",21.54,
"OECD","GGCOST","TOT","PC_GDP","A","2013",21.34,
"OECD","GGCOST","TOT","PC_GDP","A","2014",21.11,
"OECD","GGCOST","TOT","PC_GDP","A","2015",20.91,
"JPN","GGCOST","TOT","PC_GDP","A","2007",19.37,
"JPN","GGCOST","TOT","PC_GDP","A","2008",19.86,
"JPN","GGCOST","TOT","PC_GDP","A","2009",21.22,
"JPN","GGCOST","TOT","PC_GDP","A","2010",21.05,
"JPN","GGCOST","TOT","PC_GDP","A","2011",21.75,
"JPN","GGCOST","TOT","PC_GDP","A","2012",21.79,
"JPN","GGCOST","TOT","PC_GDP","A","2013",21.7,
"JPN","GGCOST","TOT","PC_GDP","A","2014",21.72,
"JPN","GGCOST","TOT","PC_GDP","A","2015",21.41,
"JPN","GGCOST","GSUSE","PC_GDP","A","2007",10.12,
"JPN","GGCOST","GSUSE","PC_GDP","A","2008",10.42,
"JPN","GGCOST","GSUSE","PC_GDP","A","2009",11.45,
"JPN","GGCOST","GSUSE","PC_GDP","A","2010",11.73,
"JPN","GGCOST","GSUSE","PC_GDP","A","2011",12.22,
"JPN","GGCOST","GSUSE","PC_GDP","A","2012",12.44,
"JPN","GGCOST","GSUSE","PC_GDP","A","2013",12.6,
"JPN","GGCOST","GSUSE","PC_GDP","A","2014",12.57,
"JPN","GGCOST","GSUSE","PC_GDP","A","2015",12.5,
"JPN","GGCOST","COMPEMPLOYEE","PC_GDP","A","2007",5.94,
"JPN","GGCOST","COMPEMPLOYEE","PC_GDP","A","2008",6,
"JPN","GGCOST","COMPEMPLOYEE","PC_GDP","A","2009",6.23,
"JPN","GGCOST","COMPEMPLOYEE","PC_GDP","A","2010",5.88,
"JPN","GGCOST","COMPEMPLOYEE","PC_GDP","A","2011",6.02,
"JPN","GGCOST","COMPEMPLOYEE","PC_GDP","A","2012",5.89,
"JPN","GGCOST","COMPEMPLOYEE","PC_GDP","A","2013",5.67,
"JPN","GGCOST","COMPEMPLOYEE","PC_GDP","A","2014",5.66,
"JPN","GGCOST","COMPEMPLOYEE","PC_GDP","A","2015",5.5,
"TUR","GGCOST","TOT","PC_GDP","A","2009",19.42,
"TUR","GGCOST","TOT","PC_GDP","A","2010",18.68,
"TUR","GGCOST","TOT","PC_GDP","A","2011",17.39,
"TUR","GGCOST","TOT","PC_GDP","A","2012",17.78,
"TUR","GGCOST","TOT","PC_GDP","A","2013",17.46,
"TUR","GGCOST","TOT","PC_GDP","A","2014",17.35,
"TUR","GGCOST","TOT","PC_GDP","A","2015",17.1,
"TUR","GGCOST","GSUSE","PC_GDP","A","2009",8.59,
"TUR","GGCOST","GSUSE","PC_GDP","A","2010",8.15,
"TUR","GGCOST","GSUSE","PC_GDP","A","2011",7.37,
"TUR","GGCOST","GSUSE","PC_GDP","A","2012",7.62,
"TUR","GGCOST","GSUSE","PC_GDP","A","2013",7.68,
"TUR","GGCOST","GSUSE","PC_GDP","A","2014",7.43,
"TUR","GGCOST","GSUSE","PC_GDP","A","2015",7.54,
"TUR","GGCOST","COMPEMPLOYEE","PC_GDP","A","2009",8.35,
"TUR","GGCOST","COMPEMPLOYEE","PC_GDP","A","2010",8.29,
"TUR","GGCOST","COMPEMPLOYEE","PC_GDP","A","2011",7.95,
"TUR","GGCOST","COMPEMPLOYEE","PC_GDP","A","2012",8.26,
"TUR","GGCOST","COMPEMPLOYEE","PC_GDP","A","2013",7.95,
"TUR","GGCOST","COMPEMPLOYEE","PC_GDP","A","2014",8.02,
"TUR","GGCOST","COMPEMPLOYEE","PC_GDP","A","2015",7.81,
"CHL","GGCOST","COMPEMPLOYEE","PC_GDP","A","2007",6.45,
"CHL","GGCOST","COMPEMPLOYEE","PC_GDP","A","2008",7.34,
"CHL","GGCOST","COMPEMPLOYEE","PC_GDP","A","2009",8.24,
"CHL","GGCOST","COMPEMPLOYEE","PC_GDP","A","2010",7.96,
"CHL","GGCOST","COMPEMPLOYEE","PC_GDP","A","2011",7.7,
"CHL","GGCOST","COMPEMPLOYEE","PC_GDP","A","2012",7.89,
"CHL","GGCOST","COMPEMPLOYEE","PC_GDP","A","2013",8.28,
"CHL","GGCOST","COMPEMPLOYEE","PC_GDP","A","2014",8.55,
"CHL","GGCOST","COMPEMPLOYEE","PC_GDP","A","2015",8.81,
"AUS","GGCOST","OTH","PC_GDP","A","2007",2.09,
"AUS","GGCOST","OTH","PC_GDP","A","2008",2.14,
"AUS","GGCOST","OTH","PC_GDP","A","2009",2.12,
"AUS","GGCOST","OTH","PC_GDP","A","2010",2.04,
"AUS","GGCOST","OTH","PC_GDP","A","2011",2.02,
"AUS","GGCOST","OTH","PC_GDP","A","2012",2.07,
"AUS","GGCOST","OTH","PC_GDP","A","2013",2.1,
"AUS","GGCOST","OTH","PC_GDP","A","2014",2.16,
"AUS","GGCOST","OTH","PC_GDP","A","2015",2.21,
"AUT","GGCOST","OTH","PC_GDP","A","2007",2.83,
"AUT","GGCOST","OTH","PC_GDP","A","2008",2.96,
"AUT","GGCOST","OTH","PC_GDP","A","2009",3.17,
"AUT","GGCOST","OTH","PC_GDP","A","2010",3.19,
"AUT","GGCOST","OTH","PC_GDP","A","2011",3.13,
"AUT","GGCOST","OTH","PC_GDP","A","2012",3.14,
"AUT","GGCOST","OTH","PC_GDP","A","2013",3.13,
"AUT","GGCOST","OTH","PC_GDP","A","2014",3.11,
"AUT","GGCOST","OTH","PC_GDP","A","2015",3.08,
"AUT","GGCOST","OTH","PC_GDP","A","2016",3.05,
"BEL","GGCOST","OTH","PC_GDP","A","2007",2.04,
"BEL","GGCOST","OTH","PC_GDP","A","2008",2.08,
"BEL","GGCOST","OTH","PC_GDP","A","2009",2.05,
"BEL","GGCOST","OTH","PC_GDP","A","2010",2.06,
"BEL","GGCOST","OTH","PC_GDP","A","2011",2.11,
"BEL","GGCOST","OTH","PC_GDP","A","2012",2.13,
"BEL","GGCOST","OTH","PC_GDP","A","2013",2.13,
"BEL","GGCOST","OTH","PC_GDP","A","2014",2.11,
"BEL","GGCOST","OTH","PC_GDP","A","2015",2.09,
"BEL","GGCOST","OTH","PC_GDP","A","2016",2.1,
"CAN","GGCOST","OTH","PC_GDP","A","2007",2.79,
"CAN","GGCOST","OTH","PC_GDP","A","2008",2.94,
"CAN","GGCOST","OTH","PC_GDP","A","2009",3.28,
"CAN","GGCOST","OTH","PC_GDP","A","2010",3.25,
"CAN","GGCOST","OTH","PC_GDP","A","2011",3.29,
"CAN","GGCOST","OTH","PC_GDP","A","2012",3.37,
"CAN","GGCOST","OTH","PC_GDP","A","2013",3.41,
"CAN","GGCOST","OTH","PC_GDP","A","2014",3.4,
"CAN","GGCOST","OTH","PC_GDP","A","2015",3.51,
"CAN","GGCOST","OTH","PC_GDP","A","2016",3.49,
"CZE","GGCOST","OTH","PC_GDP","A","2007",4.44,
"CZE","GGCOST","OTH","PC_GDP","A","2008",4.46,
"CZE","GGCOST","OTH","PC_GDP","A","2009",4.75,
"CZE","GGCOST","OTH","PC_GDP","A","2010",4.7,
"CZE","GGCOST","OTH","PC_GDP","A","2011",4.9,
"CZE","GGCOST","OTH","PC_GDP","A","2012",4.87,
"CZE","GGCOST","OTH","PC_GDP","A","2013",4.85,
"CZE","GGCOST","OTH","PC_GDP","A","2014",4.69,
"CZE","GGCOST","OTH","PC_GDP","A","2015",4.56,
"CZE","GGCOST","OTH","PC_GDP","A","2016",4.45,
"DNK","GGCOST","OTH","PC_GDP","A","2007",2.87,
"DNK","GGCOST","OTH","PC_GDP","A","2008",2.89,
"DNK","GGCOST","OTH","PC_GDP","A","2009",2.94,
"DNK","GGCOST","OTH","PC_GDP","A","2010",2.9,
"DNK","GGCOST","OTH","PC_GDP","A","2011",2.81,
"DNK","GGCOST","OTH","PC_GDP","A","2012",2.76,
"DNK","GGCOST","OTH","PC_GDP","A","2013",2.73,
"DNK","GGCOST","OTH","PC_GDP","A","2014",2.76,
"DNK","GGCOST","OTH","PC_GDP","A","2015",2.79,
"DNK","GGCOST","OTH","PC_GDP","A","2016",2.78,
"FIN","GGCOST","OTH","PC_GDP","A","2007",2.99,
"FIN","GGCOST","OTH","PC_GDP","A","2008",3.08,
"FIN","GGCOST","OTH","PC_GDP","A","2009",3.34,
"FIN","GGCOST","OTH","PC_GDP","A","2010",3.3,
"FIN","GGCOST","OTH","PC_GDP","A","2011",3.32,
"FIN","GGCOST","OTH","PC_GDP","A","2012",3.45,
"FIN","GGCOST","OTH","PC_GDP","A","2013",3.53,
"FIN","GGCOST","OTH","PC_GDP","A","2014",3.54,
"FIN","GGCOST","OTH","PC_GDP","A","2015",3.5,
"FIN","GGCOST","OTH","PC_GDP","A","2016",3.44,
"FRA","GGCOST","OTH","PC_GDP","A","2007",3.37,
"FRA","GGCOST","OTH","PC_GDP","A","2008",3.49,
"FRA","GGCOST","OTH","PC_GDP","A","2009",3.69,
"FRA","GGCOST","OTH","PC_GDP","A","2010",3.69,
"FRA","GGCOST","OTH","PC_GDP","A","2011",3.75,
"FRA","GGCOST","OTH","PC_GDP","A","2012",3.8,
"FRA","GGCOST","OTH","PC_GDP","A","2013",3.83,
"FRA","GGCOST","OTH","PC_GDP","A","2014",3.81,
"FRA","GGCOST","OTH","PC_GDP","A","2015",3.71,"P"
"FRA","GGCOST","OTH","PC_GDP","A","2016",3.63,"P"
"DEU","GGCOST","OTH","PC_GDP","A","2007",2.05,
"DEU","GGCOST","OTH","PC_GDP","A","2008",2.08,
"DEU","GGCOST","OTH","PC_GDP","A","2009",2.22,
"DEU","GGCOST","OTH","PC_GDP","A","2010",2.17,
"DEU","GGCOST","OTH","PC_GDP","A","2011",2.16,
"DEU","GGCOST","OTH","PC_GDP","A","2012",2.21,
"DEU","GGCOST","OTH","PC_GDP","A","2013",2.23,
"DEU","GGCOST","OTH","PC_GDP","A","2014",2.22,
"DEU","GGCOST","OTH","PC_GDP","A","2015",2.2,
"DEU","GGCOST","OTH","PC_GDP","A","2016",2.19,
"GRC","GGCOST","OTH","PC_GDP","A","2007",2.94,
"GRC","GGCOST","OTH","PC_GDP","A","2008",3.04,
"GRC","GGCOST","OTH","PC_GDP","A","2009",3.31,
"GRC","GGCOST","OTH","PC_GDP","A","2010",3.55,
"GRC","GGCOST","OTH","PC_GDP","A","2011",3.63,
"GRC","GGCOST","OTH","PC_GDP","A","2012",3.75,
"GRC","GGCOST","OTH","PC_GDP","A","2013",3.88,
"GRC","GGCOST","OTH","PC_GDP","A","2014",3.78,
"GRC","GGCOST","OTH","PC_GDP","A","2015",3.69,
"GRC","GGCOST","OTH","PC_GDP","A","2016",3.55,
"HUN","GGCOST","OTH","PC_GDP","A","2007",3.45,
"HUN","GGCOST","OTH","PC_GDP","A","2008",3.49,
"HUN","GGCOST","OTH","PC_GDP","A","2009",3.74,
"HUN","GGCOST","OTH","PC_GDP","A","2010",3.8,
"HUN","GGCOST","OTH","PC_GDP","A","2011",3.75,
"HUN","GGCOST","OTH","PC_GDP","A","2012",3.75,
"HUN","GGCOST","OTH","PC_GDP","A","2013",3.62,
"HUN","GGCOST","OTH","PC_GDP","A","2014",3.54,
"HUN","GGCOST","OTH","PC_GDP","A","2015",3.59,
"HUN","GGCOST","OTH","PC_GDP","A","2016",3.62,
"ISL","GGCOST","OTH","PC_GDP","A","2007",1.67,
"ISL","GGCOST","OTH","PC_GDP","A","2008",1.75,
"ISL","GGCOST","OTH","PC_GDP","A","2009",2.1,
"ISL","GGCOST","OTH","PC_GDP","A","2010",2.07,
"ISL","GGCOST","OTH","PC_GDP","A","2011",2.06,
"ISL","GGCOST","OTH","PC_GDP","A","2012",2.08,
"ISL","GGCOST","OTH","PC_GDP","A","2013",2.02,
"ISL","GGCOST","OTH","PC_GDP","A","2014",1.97,
"ISL","GGCOST","OTH","PC_GDP","A","2015",1.83,
"ISL","GGCOST","OTH","PC_GDP","A","2016",1.74,
"IRL","GGCOST","OTH","PC_GDP","A","2007",1.78,
"IRL","GGCOST","OTH","PC_GDP","A","2008",1.82,
"IRL","GGCOST","OTH","PC_GDP","A","2009",1.92,
"IRL","GGCOST","OTH","PC_GDP","A","2010",1.91,
"IRL","GGCOST","OTH","PC_GDP","A","2011",1.91,
"IRL","GGCOST","OTH","PC_GDP","A","2012",1.88,
"IRL","GGCOST","OTH","PC_GDP","A","2013",1.81,
"IRL","GGCOST","OTH","PC_GDP","A","2014",1.78,
"IRL","GGCOST","OTH","PC_GDP","A","2015",1.42,
"IRL","GGCOST","OTH","PC_GDP","A","2016",1.44,
"ITA","GGCOST","OTH","PC_GDP","A","2007",3.04,
"ITA","GGCOST","OTH","PC_GDP","A","2008",3.13,
"ITA","GGCOST","OTH","PC_GDP","A","2009",3.34,
"ITA","GGCOST","OTH","PC_GDP","A","2010",3.32,
"ITA","GGCOST","OTH","PC_GDP","A","2011",3.22,
"ITA","GGCOST","OTH","PC_GDP","A","2012",3.3,
"ITA","GGCOST","OTH","PC_GDP","A","2013",3.38,
"ITA","GGCOST","OTH","PC_GDP","A","2014",3.33,
"ITA","GGCOST","OTH","PC_GDP","A","2015",3.28,
"ITA","GGCOST","OTH","PC_GDP","A","2016",3.22,
"JPN","GGCOST","OTH","PC_GDP","A","2007",3.31,
"JPN","GGCOST","OTH","PC_GDP","A","2008",3.44,
"JPN","GGCOST","OTH","PC_GDP","A","2009",3.54,
"JPN","GGCOST","OTH","PC_GDP","A","2010",3.44,
"JPN","GGCOST","OTH","PC_GDP","A","2011",3.51,
"JPN","GGCOST","OTH","PC_GDP","A","2012",3.46,
"JPN","GGCOST","OTH","PC_GDP","A","2013",3.43,
"JPN","GGCOST","OTH","PC_GDP","A","2014",3.48,
"JPN","GGCOST","OTH","PC_GDP","A","2015",3.41,
"KOR","GGCOST","OTH","PC_GDP","A","2007",2.36,
"KOR","GGCOST","OTH","PC_GDP","A","2008",2.61,
"KOR","GGCOST","OTH","PC_GDP","A","2009",2.77,
"KOR","GGCOST","OTH","PC_GDP","A","2010",2.7,
"KOR","GGCOST","OTH","PC_GDP","A","2011",2.81,
"KOR","GGCOST","OTH","PC_GDP","A","2012",2.89,
"KOR","GGCOST","OTH","PC_GDP","A","2013",2.94,
"KOR","GGCOST","OTH","PC_GDP","A","2014",2.96,
"KOR","GGCOST","OTH","PC_GDP","A","2015",2.96,
"LUX","GGCOST","OTH","PC_GDP","A","2007",1.86,
"LUX","GGCOST","OTH","PC_GDP","A","2008",1.95,
"LUX","GGCOST","OTH","PC_GDP","A","2009",2.14,
"LUX","GGCOST","OTH","PC_GDP","A","2010",2.1,
"LUX","GGCOST","OTH","PC_GDP","A","2011",2.12,
"LUX","GGCOST","OTH","PC_GDP","A","2012",2.16,
"LUX","GGCOST","OTH","PC_GDP","A","2013",2.28,
"LUX","GGCOST","OTH","PC_GDP","A","2014",2.24,
"LUX","GGCOST","OTH","PC_GDP","A","2015",2.24,
"LUX","GGCOST","OTH","PC_GDP","A","2016",2.22,
"MEX","GGCOST","OTH","PC_GDP","A","2007",0.08,
"MEX","GGCOST","OTH","PC_GDP","A","2008",0.08,
"MEX","GGCOST","OTH","PC_GDP","A","2009",0.09,
"MEX","GGCOST","OTH","PC_GDP","A","2010",0.09,
"MEX","GGCOST","OTH","PC_GDP","A","2011",0.1,
"MEX","GGCOST","OTH","PC_GDP","A","2012",0.11,
"MEX","GGCOST","OTH","PC_GDP","A","2013",0.12,
"MEX","GGCOST","OTH","PC_GDP","A","2014",0.11,
"MEX","GGCOST","OTH","PC_GDP","A","2015",0.12,
"NLD","GGCOST","OTH","PC_GDP","A","2007",3.03,
"NLD","GGCOST","OTH","PC_GDP","A","2008",3.05,
"NLD","GGCOST","OTH","PC_GDP","A","2009",3.23,
"NLD","GGCOST","OTH","PC_GDP","A","2010",3.3,
"NLD","GGCOST","OTH","PC_GDP","A","2011",3.32,
"NLD","GGCOST","OTH","PC_GDP","A","2012",3.37,
"NLD","GGCOST","OTH","PC_GDP","A","2013",3.44,
"NLD","GGCOST","OTH","PC_GDP","A","2014",3.44,
"NLD","GGCOST","OTH","PC_GDP","A","2015",3.37,"P"
"NLD","GGCOST","OTH","PC_GDP","A","2016",3.3,"P"
"NZL","GGCOST","OTH","PC_GDP","A","2007",2.25,
"NZL","GGCOST","OTH","PC_GDP","A","2008",2.39,
"NZL","GGCOST","OTH","PC_GDP","A","2009",2.45,
"NZL","GGCOST","OTH","PC_GDP","A","2010",2.36,
"NZL","GGCOST","OTH","PC_GDP","A","2011",2.35,
"NZL","GGCOST","OTH","PC_GDP","A","2012",2.35,
"NZL","GGCOST","OTH","PC_GDP","A","2013",2.28,
"NZL","GGCOST","OTH","PC_GDP","A","2014",2.28,
"NZL","GGCOST","OTH","PC_GDP","A","2015",2.36,
"NOR","GGCOST","OTH","PC_GDP","A","2007",2.5,
"NOR","GGCOST","OTH","PC_GDP","A","2008",2.46,
"NOR","GGCOST","OTH","PC_GDP","A","2009",2.86,
"NOR","GGCOST","OTH","PC_GDP","A","2010",2.87,
"NOR","GGCOST","OTH","PC_GDP","A","2011",2.87,
"NOR","GGCOST","OTH","PC_GDP","A","2012",2.95,
"NOR","GGCOST","OTH","PC_GDP","A","2013",2.93,
"NOR","GGCOST","OTH","PC_GDP","A","2014",3.07,
"NOR","GGCOST","OTH","PC_GDP","A","2015",3.27,
"NOR","GGCOST","OTH","PC_GDP","A","2016",3.44,
"POL","GGCOST","OTH","PC_GDP","A","2007",2.44,
"POL","GGCOST","OTH","PC_GDP","A","2008",2.33,
"POL","GGCOST","OTH","PC_GDP","A","2009",2.39,
"POL","GGCOST","OTH","PC_GDP","A","2010",2.36,
"POL","GGCOST","OTH","PC_GDP","A","2011",2.28,
"POL","GGCOST","OTH","PC_GDP","A","2012",2.31,
"POL","GGCOST","OTH","PC_GDP","A","2013",2.35,
"POL","GGCOST","OTH","PC_GDP","A","2014",2.43,
"POL","GGCOST","OTH","PC_GDP","A","2015",2.36,
"POL","GGCOST","OTH","PC_GDP","A","2016",2.34,
"PRT","GGCOST","OTH","PC_GDP","A","2007",2.33,
"PRT","GGCOST","OTH","PC_GDP","A","2008",2.46,
"PRT","GGCOST","OTH","PC_GDP","A","2009",2.46,
"PRT","GGCOST","OTH","PC_GDP","A","2010",2.48,
"PRT","GGCOST","OTH","PC_GDP","A","2011",2.54,
"PRT","GGCOST","OTH","PC_GDP","A","2012",2.75,
"PRT","GGCOST","OTH","PC_GDP","A","2013",2.65,
"PRT","GGCOST","OTH","PC_GDP","A","2014",2.66,
"PRT","GGCOST","OTH","PC_GDP","A","2015",2.79,
"PRT","GGCOST","OTH","PC_GDP","A","2016",2.68,
"SVK","GGCOST","OTH","PC_GDP","A","2007",3.39,
"SVK","GGCOST","OTH","PC_GDP","A","2008",3.2,
"SVK","GGCOST","OTH","PC_GDP","A","2009",3.58,
"SVK","GGCOST","OTH","PC_GDP","A","2010",3.5,
"SVK","GGCOST","OTH","PC_GDP","A","2011",3.63,
"SVK","GGCOST","OTH","PC_GDP","A","2012",3.65,
"SVK","GGCOST","OTH","PC_GDP","A","2013",3.73,
"SVK","GGCOST","OTH","PC_GDP","A","2014",3.85,
"SVK","GGCOST","OTH","PC_GDP","A","2015",3.93,
"SVK","GGCOST","OTH","PC_GDP","A","2016",3.96,
"ESP","GGCOST","OTH","PC_GDP","A","2007",2.13,
"ESP","GGCOST","OTH","PC_GDP","A","2008",2.21,
"ESP","GGCOST","OTH","PC_GDP","A","2009",2.36,
"ESP","GGCOST","OTH","PC_GDP","A","2010",2.5,
"ESP","GGCOST","OTH","PC_GDP","A","2011",2.59,
"ESP","GGCOST","OTH","PC_GDP","A","2012",2.72,
"ESP","GGCOST","OTH","PC_GDP","A","2013",2.75,
"ESP","GGCOST","OTH","PC_GDP","A","2014",2.72,
"ESP","GGCOST","OTH","PC_GDP","A","2015",2.61,
"ESP","GGCOST","OTH","PC_GDP","A","2016",2.52,
"SWE","GGCOST","OTH","PC_GDP","A","2007",5.64,
"SWE","GGCOST","OTH","PC_GDP","A","2008",5.76,
"SWE","GGCOST","OTH","PC_GDP","A","2009",6.04,
"SWE","GGCOST","OTH","PC_GDP","A","2010",5.74,
"SWE","GGCOST","OTH","PC_GDP","A","2011",5.72,
"SWE","GGCOST","OTH","PC_GDP","A","2012",5.86,
"SWE","GGCOST","OTH","PC_GDP","A","2013",5.85,
"SWE","GGCOST","OTH","PC_GDP","A","2014",5.78,
"SWE","GGCOST","OTH","PC_GDP","A","2015",5.63,
"SWE","GGCOST","OTH","PC_GDP","A","2016",5.66,
"CHE","GGCOST","OTH","PC_GDP","A","2007",2.64,
"CHE","GGCOST","OTH","PC_GDP","A","2008",2.66,
"CHE","GGCOST","OTH","PC_GDP","A","2009",2.77,
"CHE","GGCOST","OTH","PC_GDP","A","2010",2.74,
"CHE","GGCOST","OTH","PC_GDP","A","2011",2.81,
"CHE","GGCOST","OTH","PC_GDP","A","2012",2.86,
"CHE","GGCOST","OTH","PC_GDP","A","2013",2.88,
"CHE","GGCOST","OTH","PC_GDP","A","2014",2.91,
"CHE","GGCOST","OTH","PC_GDP","A","2015",2.86,
"TUR","GGCOST","OTH","PC_GDP","A","2009",2.48,
"TUR","GGCOST","OTH","PC_GDP","A","2010",2.25,
"TUR","GGCOST","OTH","PC_GDP","A","2011",2.07,
"TUR","GGCOST","OTH","PC_GDP","A","2012",1.9,
"TUR","GGCOST","OTH","PC_GDP","A","2013",1.83,
"TUR","GGCOST","OTH","PC_GDP","A","2014",1.9,
"TUR","GGCOST","OTH","PC_GDP","A","2015",1.75,
"GBR","GGCOST","OTH","PC_GDP","A","2007",1.32,
"GBR","GGCOST","OTH","PC_GDP","A","2008",1.38,
"GBR","GGCOST","OTH","PC_GDP","A","2009",1.49,
"GBR","GGCOST","OTH","PC_GDP","A","2010",1.52,
"GBR","GGCOST","OTH","PC_GDP","A","2011",1.56,
"GBR","GGCOST","OTH","PC_GDP","A","2012",1.58,
"GBR","GGCOST","OTH","PC_GDP","A","2013",1.58,
"GBR","GGCOST","OTH","PC_GDP","A","2014",1.55,
"GBR","GGCOST","OTH","PC_GDP","A","2015",1.56,
"GBR","GGCOST","OTH","PC_GDP","A","2016",1.55,
"USA","GGCOST","OTH","PC_GDP","A","2007",2.63,
"USA","GGCOST","OTH","PC_GDP","A","2008",2.76,
"USA","GGCOST","OTH","PC_GDP","A","2009",2.93,
"USA","GGCOST","OTH","PC_GDP","A","2010",2.92,
"USA","GGCOST","OTH","PC_GDP","A","2011",2.94,
"USA","GGCOST","OTH","PC_GDP","A","2012",2.92,
"USA","GGCOST","OTH","PC_GDP","A","2013",2.89,
"USA","GGCOST","OTH","PC_GDP","A","2014",2.83,
"USA","GGCOST","OTH","PC_GDP","A","2015",2.75,
"CHN","GGCOST","COMPEMPLOYEE","PC_GDP","A","2007",7.06,
"CHN","GGCOST","COMPEMPLOYEE","PC_GDP","A","2008",6.91,
"CHN","GGCOST","COMPEMPLOYEE","PC_GDP","A","2009",7.27,
"CHN","GGCOST","COMPEMPLOYEE","PC_GDP","A","2010",6.75,
"CHN","GGCOST","COMPEMPLOYEE","PC_GDP","A","2011",6.31,
"CHN","GGCOST","COMPEMPLOYEE","PC_GDP","A","2012",6.22,
"CHN","GGCOST","COMPEMPLOYEE","PC_GDP","A","2013",6.23,
"CHN","GGCOST","COMPEMPLOYEE","PC_GDP","A","2014",6.37,
"COL","GGCOST","COMPEMPLOYEE","PC_GDP","A","2007",7.43,
"COL","GGCOST","COMPEMPLOYEE","PC_GDP","A","2008",7.44,
"COL","GGCOST","COMPEMPLOYEE","PC_GDP","A","2009",7.9,
"COL","GGCOST","COMPEMPLOYEE","PC_GDP","A","2010",7.98,
"COL","GGCOST","COMPEMPLOYEE","PC_GDP","A","2011",7.48,
"COL","GGCOST","COMPEMPLOYEE","PC_GDP","A","2012",7.84,
"COL","GGCOST","COMPEMPLOYEE","PC_GDP","A","2013",8.27,
"COL","GGCOST","COMPEMPLOYEE","PC_GDP","A","2014",8.46,
"COL","GGCOST","COMPEMPLOYEE","PC_GDP","A","2015",8.59,
"COL","GGCOST","GSUSE","PC_GDP","A","2007",8.43,
"COL","GGCOST","GSUSE","PC_GDP","A","2008",8.3,
"COL","GGCOST","GSUSE","PC_GDP","A","2009",9,
"COL","GGCOST","GSUSE","PC_GDP","A","2010",9.22,
"COL","GGCOST","GSUSE","PC_GDP","A","2011",8.65,
"COL","GGCOST","GSUSE","PC_GDP","A","2012",8.98,
"COL","GGCOST","GSUSE","PC_GDP","A","2013",9.57,
"COL","GGCOST","GSUSE","PC_GDP","A","2014",9.64,
"COL","GGCOST","GSUSE","PC_GDP","A","2015",9.69,
"COL","GGCOST","OTH","PC_GDP","A","2007",1.26,
"COL","GGCOST","OTH","PC_GDP","A","2008",1.22,
"COL","GGCOST","OTH","PC_GDP","A","2009",1.25,
"COL","GGCOST","OTH","PC_GDP","A","2010",1.25,
"COL","GGCOST","OTH","PC_GDP","A","2011",1.2,
"COL","GGCOST","OTH","PC_GDP","A","2012",1.08,
"COL","GGCOST","OTH","PC_GDP","A","2013",1.05,
"COL","GGCOST","OTH","PC_GDP","A","2014",1.08,
"COL","GGCOST","OTH","PC_GDP","A","2015",1.15,
"COL","GGCOST","TOT","PC_GDP","A","2007",17.12,
"COL","GGCOST","TOT","PC_GDP","A","2008",16.96,
"COL","GGCOST","TOT","PC_GDP","A","2009",18.15,
"COL","GGCOST","TOT","PC_GDP","A","2010",18.45,
"COL","GGCOST","TOT","PC_GDP","A","2011",17.32,
"COL","GGCOST","TOT","PC_GDP","A","2012",17.89,
"COL","GGCOST","TOT","PC_GDP","A","2013",18.9,
"COL","GGCOST","TOT","PC_GDP","A","2014",19.18,
"COL","GGCOST","TOT","PC_GDP","A","2015",19.42,
"EST","GGCOST","OTH","PC_GDP","A","2007",1.92,
"EST","GGCOST","OTH","PC_GDP","A","2008",2.23,
"EST","GGCOST","OTH","PC_GDP","A","2009",2.82,
"EST","GGCOST","OTH","PC_GDP","A","2010",2.86,
"EST","GGCOST","OTH","PC_GDP","A","2011",2.62,
"EST","GGCOST","OTH","PC_GDP","A","2012",2.73,
"EST","GGCOST","OTH","PC_GDP","A","2013",2.89,
"EST","GGCOST","OTH","PC_GDP","A","2014",3.04,
"EST","GGCOST","OTH","PC_GDP","A","2015",3.18,
"EST","GGCOST","OTH","PC_GDP","A","2016",3.17,
"ISR","GGCOST","OTH","PC_GDP","A","2007",2.78,
"ISR","GGCOST","OTH","PC_GDP","A","2008",2.73,
"ISR","GGCOST","OTH","PC_GDP","A","2009",2.67,
"ISR","GGCOST","OTH","PC_GDP","A","2010",2.63,
"ISR","GGCOST","OTH","PC_GDP","A","2011",2.6,
"ISR","GGCOST","OTH","PC_GDP","A","2012",2.65,
"ISR","GGCOST","OTH","PC_GDP","A","2013",2.6,
"ISR","GGCOST","OTH","PC_GDP","A","2014",2.59,
"ISR","GGCOST","OTH","PC_GDP","A","2015",2.54,
"LVA","GGCOST","COMPEMPLOYEE","PC_GDP","A","2007",9.92,
"LVA","GGCOST","COMPEMPLOYEE","PC_GDP","A","2008",11.39,
"LVA","GGCOST","COMPEMPLOYEE","PC_GDP","A","2009",11.98,
"LVA","GGCOST","COMPEMPLOYEE","PC_GDP","A","2010",10.34,
"LVA","GGCOST","COMPEMPLOYEE","PC_GDP","A","2011",9.56,
"LVA","GGCOST","COMPEMPLOYEE","PC_GDP","A","2012",9.16,
"LVA","GGCOST","COMPEMPLOYEE","PC_GDP","A","2013",9.39,
"LVA","GGCOST","COMPEMPLOYEE","PC_GDP","A","2014",9.6,
"LVA","GGCOST","COMPEMPLOYEE","PC_GDP","A","2015",9.91,
"LVA","GGCOST","COMPEMPLOYEE","PC_GDP","A","2016",10.16,
"LVA","GGCOST","GSUSE","PC_GDP","A","2007",6.15,
"LVA","GGCOST","GSUSE","PC_GDP","A","2008",7.01,
"LVA","GGCOST","GSUSE","PC_GDP","A","2009",7.13,
"LVA","GGCOST","GSUSE","PC_GDP","A","2010",7.66,
"LVA","GGCOST","GSUSE","PC_GDP","A","2011",7.71,
"LVA","GGCOST","GSUSE","PC_GDP","A","2012",7.21,
"LVA","GGCOST","GSUSE","PC_GDP","A","2013",7.35,
"LVA","GGCOST","GSUSE","PC_GDP","A","2014",7.18,
"LVA","GGCOST","GSUSE","PC_GDP","A","2015",7.42,
"LVA","GGCOST","GSUSE","PC_GDP","A","2016",7.01,
"LVA","GGCOST","OTH","PC_GDP","A","2007",4.15,
"LVA","GGCOST","OTH","PC_GDP","A","2008",4.14,
"LVA","GGCOST","OTH","PC_GDP","A","2009",3.72,
"LVA","GGCOST","OTH","PC_GDP","A","2010",4.21,
"LVA","GGCOST","OTH","PC_GDP","A","2011",4.43,
"LVA","GGCOST","OTH","PC_GDP","A","2012",4.44,
"LVA","GGCOST","OTH","PC_GDP","A","2013",4.24,
"LVA","GGCOST","OTH","PC_GDP","A","2014",4.1,
"LVA","GGCOST","OTH","PC_GDP","A","2015",3.97,
"LVA","GGCOST","OTH","PC_GDP","A","2016",3.81,
"LVA","GGCOST","TOT","PC_GDP","A","2007",20.23,
"LVA","GGCOST","TOT","PC_GDP","A","2008",22.54,
"LVA","GGCOST","TOT","PC_GDP","A","2009",22.83,
"LVA","GGCOST","TOT","PC_GDP","A","2010",22.21,
"LVA","GGCOST","TOT","PC_GDP","A","2011",21.69,
"LVA","GGCOST","TOT","PC_GDP","A","2012",20.81,
"LVA","GGCOST","TOT","PC_GDP","A","2013",20.99,
"LVA","GGCOST","TOT","PC_GDP","A","2014",20.88,
"LVA","GGCOST","TOT","PC_GDP","A","2015",21.31,
"LVA","GGCOST","TOT","PC_GDP","A","2016",20.99,
"RUS","GGCOST","OTH","PC_GDP","A","2011",1.74,
"RUS","GGCOST","OTH","PC_GDP","A","2012",1.83,
"RUS","GGCOST","OTH","PC_GDP","A","2013",1.96,"B"
"RUS","GGCOST","OTH","PC_GDP","A","2014",3.36,
"SVN","GGCOST","OTH","PC_GDP","A","2007",2.43,
"SVN","GGCOST","OTH","PC_GDP","A","2008",2.32,
"SVN","GGCOST","OTH","PC_GDP","A","2009",2.45,
"SVN","GGCOST","OTH","PC_GDP","A","2010",2.59,
"SVN","GGCOST","OTH","PC_GDP","A","2011",2.69,
"SVN","GGCOST","OTH","PC_GDP","A","2012",2.9,
"SVN","GGCOST","OTH","PC_GDP","A","2013",2.95,
"SVN","GGCOST","OTH","PC_GDP","A","2014",2.88,
"SVN","GGCOST","OTH","PC_GDP","A","2015",2.85,
"SVN","GGCOST","OTH","PC_GDP","A","2016",2.84,
"ZAF","GGCOST","COMPEMPLOYEE","PC_GDP","A","2008",11.49,
"ZAF","GGCOST","COMPEMPLOYEE","PC_GDP","A","2009",12.74,
"ZAF","GGCOST","COMPEMPLOYEE","PC_GDP","A","2010",13.39,
"ZAF","GGCOST","COMPEMPLOYEE","PC_GDP","A","2011",13.6,
"ZAF","GGCOST","COMPEMPLOYEE","PC_GDP","A","2012",13.55,
"ZAF","GGCOST","COMPEMPLOYEE","PC_GDP","A","2013",13.75,
"ZAF","GGCOST","COMPEMPLOYEE","PC_GDP","A","2014",13.79,
"ZAF","GGCOST","GSUSE","PC_GDP","A","2008",8.44,
"ZAF","GGCOST","GSUSE","PC_GDP","A","2009",8.62,
"ZAF","GGCOST","GSUSE","PC_GDP","A","2010",8.48,
"ZAF","GGCOST","GSUSE","PC_GDP","A","2011",8.16,
"ZAF","GGCOST","GSUSE","PC_GDP","A","2012",8.57,
"ZAF","GGCOST","GSUSE","PC_GDP","A","2013",8.44,
"ZAF","GGCOST","GSUSE","PC_GDP","A","2014",8.63,
"ZAF","GGCOST","OTH","PC_GDP","A","2008",2.15,
"ZAF","GGCOST","OTH","PC_GDP","A","2009",2.16,
"ZAF","GGCOST","OTH","PC_GDP","A","2010",2.06,
"ZAF","GGCOST","OTH","PC_GDP","A","2011",2.01,
"ZAF","GGCOST","OTH","PC_GDP","A","2012",2.01,
"ZAF","GGCOST","OTH","PC_GDP","A","2013",2.05,
"ZAF","GGCOST","OTH","PC_GDP","A","2014",2.11,
"ZAF","GGCOST","TOT","PC_GDP","A","2008",22.07,
"ZAF","GGCOST","TOT","PC_GDP","A","2009",23.52,
"ZAF","GGCOST","TOT","PC_GDP","A","2010",23.93,
"ZAF","GGCOST","TOT","PC_GDP","A","2011",23.77,
"ZAF","GGCOST","TOT","PC_GDP","A","2012",24.14,
"ZAF","GGCOST","TOT","PC_GDP","A","2013",24.24,
"ZAF","GGCOST","TOT","PC_GDP","A","2014",24.53,
"OAVG","GGCOST","COMPEMPLOYEE","PC_GDP","A","2007",10.09,
"OAVG","GGCOST","COMPEMPLOYEE","PC_GDP","A","2008",10.39,
"OAVG","GGCOST","COMPEMPLOYEE","PC_GDP","A","2009",11.13,
"OAVG","GGCOST","COMPEMPLOYEE","PC_GDP","A","2010",10.87,
"OAVG","GGCOST","COMPEMPLOYEE","PC_GDP","A","2011",10.68,
"OAVG","GGCOST","COMPEMPLOYEE","PC_GDP","A","2012",10.62,
"OAVG","GGCOST","COMPEMPLOYEE","PC_GDP","A","2013",10.61,
"OAVG","GGCOST","COMPEMPLOYEE","PC_GDP","A","2014",10.54,
"OAVG","GGCOST","COMPEMPLOYEE","PC_GDP","A","2015",10.48,
"OAVG","GGCOST","GSUSE","PC_GDP","A","2007",8.84,
"OAVG","GGCOST","GSUSE","PC_GDP","A","2008",9.21,
"OAVG","GGCOST","GSUSE","PC_GDP","A","2009",9.99,
"OAVG","GGCOST","GSUSE","PC_GDP","A","2010",9.9,
"OAVG","GGCOST","GSUSE","PC_GDP","A","2011",9.71,
"OAVG","GGCOST","GSUSE","PC_GDP","A","2012",9.67,
"OAVG","GGCOST","GSUSE","PC_GDP","A","2013",9.65,
"OAVG","GGCOST","GSUSE","PC_GDP","A","2014",9.61,
"OAVG","GGCOST","GSUSE","PC_GDP","A","2015",9.55,
"OAVG","GGCOST","OTH","PC_GDP","A","2007",2.65,
"OAVG","GGCOST","OTH","PC_GDP","A","2008",2.71,
"OAVG","GGCOST","OTH","PC_GDP","A","2009",2.87,
"OAVG","GGCOST","OTH","PC_GDP","A","2010",2.87,
"OAVG","GGCOST","OTH","PC_GDP","A","2011",2.9,
"OAVG","GGCOST","OTH","PC_GDP","A","2012",2.95,
"OAVG","GGCOST","OTH","PC_GDP","A","2013",2.95,
"OAVG","GGCOST","OTH","PC_GDP","A","2014",2.94,
"OAVG","GGCOST","OTH","PC_GDP","A","2015",2.92,
"OAVG","GGCOST","TOT","PC_GDP","A","2007",21.59,
"OAVG","GGCOST","TOT","PC_GDP","A","2008",22.32,
"OAVG","GGCOST","TOT","PC_GDP","A","2009",23.99,
"OAVG","GGCOST","TOT","PC_GDP","A","2010",23.65,
"OAVG","GGCOST","TOT","PC_GDP","A","2011",23.28,
"OAVG","GGCOST","TOT","PC_GDP","A","2012",23.24,
"OAVG","GGCOST","TOT","PC_GDP","A","2013",23.21,
"OAVG","GGCOST","TOT","PC_GDP","A","2014",23.1,
"OAVG","GGCOST","TOT","PC_GDP","A","2015",22.94,
"OECD","GGCOST","OTH","PC_GDP","A","2007",2.56,
"OECD","GGCOST","OTH","PC_GDP","A","2008",2.66,
"OECD","GGCOST","OTH","PC_GDP","A","2009",2.81,
"OECD","GGCOST","OTH","PC_GDP","A","2010",2.78,
"OECD","GGCOST","OTH","PC_GDP","A","2011",2.8,
"OECD","GGCOST","OTH","PC_GDP","A","2012",2.82,
"OECD","GGCOST","OTH","PC_GDP","A","2013",2.81,
"OECD","GGCOST","OTH","PC_GDP","A","2014",2.79,
"OECD","GGCOST","OTH","PC_GDP","A","2015",2.74,
"LTU","GGCOST","COMPEMPLOYEE","PC_GDP","A","2007",9.76,
"LTU","GGCOST","COMPEMPLOYEE","PC_GDP","A","2008",10.63,
"LTU","GGCOST","COMPEMPLOYEE","PC_GDP","A","2009",12.66,
"LTU","GGCOST","COMPEMPLOYEE","PC_GDP","A","2010",10.91,
"LTU","GGCOST","COMPEMPLOYEE","PC_GDP","A","2011",10.22,
"LTU","GGCOST","COMPEMPLOYEE","PC_GDP","A","2012",9.72,
"LTU","GGCOST","COMPEMPLOYEE","PC_GDP","A","2013",9.54,
"LTU","GGCOST","COMPEMPLOYEE","PC_GDP","A","2014",9.46,
"LTU","GGCOST","COMPEMPLOYEE","PC_GDP","A","2015",9.66,
"LTU","GGCOST","COMPEMPLOYEE","PC_GDP","A","2016",9.84,
"LTU","GGCOST","GSUSE","PC_GDP","A","2007",6.68,
"LTU","GGCOST","GSUSE","PC_GDP","A","2008",7.29,
"LTU","GGCOST","GSUSE","PC_GDP","A","2009",7.65,
"LTU","GGCOST","GSUSE","PC_GDP","A","2010",8.19,
"LTU","GGCOST","GSUSE","PC_GDP","A","2011",7.05,
"LTU","GGCOST","GSUSE","PC_GDP","A","2012",6.68,
"LTU","GGCOST","GSUSE","PC_GDP","A","2013",6.43,
"LTU","GGCOST","GSUSE","PC_GDP","A","2014",6.52,
"LTU","GGCOST","GSUSE","PC_GDP","A","2015",7.03,
"LTU","GGCOST","GSUSE","PC_GDP","A","2016",6.77,
"LTU","GGCOST","OTH","PC_GDP","A","2007",2.43,
"LTU","GGCOST","OTH","PC_GDP","A","2008",2.5,
"LTU","GGCOST","OTH","PC_GDP","A","2009",3.04,
"LTU","GGCOST","OTH","PC_GDP","A","2010",2.91,
"LTU","GGCOST","OTH","PC_GDP","A","2011",2.84,
"LTU","GGCOST","OTH","PC_GDP","A","2012",2.89,
"LTU","GGCOST","OTH","PC_GDP","A","2013",2.94,
"LTU","GGCOST","OTH","PC_GDP","A","2014",2.93,
"LTU","GGCOST","OTH","PC_GDP","A","2015",2.95,
"LTU","GGCOST","OTH","PC_GDP","A","2016",2.95,
"LTU","GGCOST","TOT","PC_GDP","A","2007",18.88,
"LTU","GGCOST","TOT","PC_GDP","A","2008",20.43,
"LTU","GGCOST","TOT","PC_GDP","A","2009",23.35,
"LTU","GGCOST","TOT","PC_GDP","A","2010",22.01,
"LTU","GGCOST","TOT","PC_GDP","A","2011",20.11,
"LTU","GGCOST","TOT","PC_GDP","A","2012",19.29,
"LTU","GGCOST","TOT","PC_GDP","A","2013",18.91,
"LTU","GGCOST","TOT","PC_GDP","A","2014",18.92,
"LTU","GGCOST","TOT","PC_GDP","A","2015",19.64,
"LTU","GGCOST","TOT","PC_GDP","A","2016",19.57,
"BRA","GGCOST","COMPEMPLOYEE","PC_GDP","A","2010",12.54,
"BRA","GGCOST","COMPEMPLOYEE","PC_GDP","A","2011",12.36,
"BRA","GGCOST","COMPEMPLOYEE","PC_GDP","A","2012",12.23,
"BRA","GGCOST","COMPEMPLOYEE","PC_GDP","A","2013",12.68,
"BRA","GGCOST","COMPEMPLOYEE","PC_GDP","A","2014",12.78,
"CRI","GGCOST","COMPEMPLOYEE","PC_GDP","A","2007",10.48,
"CRI","GGCOST","COMPEMPLOYEE","PC_GDP","A","2008",11.05,
"CRI","GGCOST","COMPEMPLOYEE","PC_GDP","A","2009",13,
"CRI","GGCOST","COMPEMPLOYEE","PC_GDP","A","2010",14.01,
"CRI","GGCOST","COMPEMPLOYEE","PC_GDP","A","2011",14.21,
"CRI","GGCOST","COMPEMPLOYEE","PC_GDP","A","2012",14.21,
"CRI","GGCOST","COMPEMPLOYEE","PC_GDP","A","2013",14.61,
"CRI","GGCOST","COMPEMPLOYEE","PC_GDP","A","2014",14.36,
"CRI","GGCOST","GSUSE","PC_GDP","A","2007",3.1,
"CRI","GGCOST","GSUSE","PC_GDP","A","2008",3.41,
"CRI","GGCOST","GSUSE","PC_GDP","A","2009",3.67,
"CRI","GGCOST","GSUSE","PC_GDP","A","2010",3.68,
"CRI","GGCOST","GSUSE","PC_GDP","A","2011",3.75,
"CRI","GGCOST","GSUSE","PC_GDP","A","2012",3.85,
"CRI","GGCOST","GSUSE","PC_GDP","A","2013",4,
"CRI","GGCOST","GSUSE","PC_GDP","A","2014",4.02,
"CRI","GGCOST","OTH","PC_GDP","A","2007",0.35,
"CRI","GGCOST","OTH","PC_GDP","A","2008",0.34,
"CRI","GGCOST","OTH","PC_GDP","A","2009",0.39,
"CRI","GGCOST","OTH","PC_GDP","A","2010",0.39,
"CRI","GGCOST","OTH","PC_GDP","A","2011",0.39,
"CRI","GGCOST","OTH","PC_GDP","A","2012",0.4,
"CRI","GGCOST","OTH","PC_GDP","A","2013",0.4,
"CRI","GGCOST","OTH","PC_GDP","A","2014",0.47,
"CRI","GGCOST","TOT","PC_GDP","A","2007",13.92,
"CRI","GGCOST","TOT","PC_GDP","A","2008",14.8,
"CRI","GGCOST","TOT","PC_GDP","A","2009",17.06,
"CRI","GGCOST","TOT","PC_GDP","A","2010",18.08,
"CRI","GGCOST","TOT","PC_GDP","A","2011",18.36,
"CRI","GGCOST","TOT","PC_GDP","A","2012",18.46,
"CRI","GGCOST","TOT","PC_GDP","A","2013",19,
"CRI","GGCOST","TOT","PC_GDP","A","2014",18.86,
