﻿"LOCATION","INDICATOR","SUBJECT","MEASURE","FREQUENCY","TIME","Value","Flag Codes"
"AUS","EDUEXPTRY","HH","PC_EDUEXP","A","2012",40,
"AUS","EDUEXPTRY","HH","PC_EDUEXP","A","2013",42.2,
"AUS","EDUEXPTRY","OTHPRIVENT","PC_EDUEXP","A","2012",15,
"AUS","EDUEXPTRY","OTHPRIVENT","PC_EDUEXP","A","2013",15.3,
"AUS","EDUEXPTRY","SUBS","PC_EDUEXP","A","2012",10.1,
"AUT","EDUEXPTRY","HH","PC_EDUEXP","A","2012",2.1,
"AUT","EDUEXPTRY","HH","PC_EDUEXP","A","2013",2.6,
"AUT","EDUEXPTRY","OTHPRIVENT","PC_EDUEXP","A","2012",2.8,
"AUT","EDUEXPTRY","OTHPRIVENT","PC_EDUEXP","A","2013",2.8,
"AUT","EDUEXPTRY","SUBS","PC_EDUEXP","A","2012",9.4,
"BEL","EDUEXPTRY","HH","PC_EDUEXP","A","2012",5.1,
"BEL","EDUEXPTRY","HH","PC_EDUEXP","A","2013",5,
"BEL","EDUEXPTRY","OTHPRIVENT","PC_EDUEXP","A","2012",5.4,
"BEL","EDUEXPTRY","OTHPRIVENT","PC_EDUEXP","A","2013",5.7,
"BEL","EDUEXPTRY","SUBS","PC_EDUEXP","A","2012",15.7,
"CAN","EDUEXPTRY","HH","PC_EDUEXP","A","2012",24.6,
"CAN","EDUEXPTRY","HH","PC_EDUEXP","A","2013",,"M"
"CAN","EDUEXPTRY","OTHPRIVENT","PC_EDUEXP","A","2012",23.5,
"CAN","EDUEXPTRY","OTHPRIVENT","PC_EDUEXP","A","2013",,"M"
"CZE","EDUEXPTRY","HH","PC_EDUEXP","A","2012",8.5,
"CZE","EDUEXPTRY","HH","PC_EDUEXP","A","2013",9.4,
"CZE","EDUEXPTRY","OTHPRIVENT","PC_EDUEXP","A","2012",12.3,
"CZE","EDUEXPTRY","OTHPRIVENT","PC_EDUEXP","A","2013",13.6,
"FRA","EDUEXPTRY","HH","PC_EDUEXP","A","2012",10.6,
"FRA","EDUEXPTRY","HH","PC_EDUEXP","A","2013",10.8,
"FRA","EDUEXPTRY","OTHPRIVENT","PC_EDUEXP","A","2012",9.6,
"FRA","EDUEXPTRY","OTHPRIVENT","PC_EDUEXP","A","2013",10.3,
"ISL","EDUEXPTRY","HH","PC_EDUEXP","A","2012",7.6,
"ISL","EDUEXPTRY","HH","PC_EDUEXP","A","2013",8.2,
"ISL","EDUEXPTRY","OTHPRIVENT","PC_EDUEXP","A","2012",0.6,
"ISL","EDUEXPTRY","OTHPRIVENT","PC_EDUEXP","A","2013",0.6,
"IRL","EDUEXPTRY","HH","PC_EDUEXP","A","2012",14.3,
"IRL","EDUEXPTRY","HH","PC_EDUEXP","A","2013",19.2,
"IRL","EDUEXPTRY","OTHPRIVENT","PC_EDUEXP","A","2012",2.1,
"IRL","EDUEXPTRY","OTHPRIVENT","PC_EDUEXP","A","2013",3,
"ITA","EDUEXPTRY","HH","PC_EDUEXP","A","2012",,"M"
"ITA","EDUEXPTRY","HH","PC_EDUEXP","A","2013",26.3,
"ITA","EDUEXPTRY","OTHPRIVENT","PC_EDUEXP","A","2012",,"M"
"ITA","EDUEXPTRY","OTHPRIVENT","PC_EDUEXP","A","2013",6.5,
"ITA","EDUEXPTRY","SUBS","PC_EDUEXP","A","2012",19.6,
"JPN","EDUEXPTRY","HH","PC_EDUEXP","A","2012",51.6,
"JPN","EDUEXPTRY","HH","PC_EDUEXP","A","2013",51,
"JPN","EDUEXPTRY","OTHPRIVENT","PC_EDUEXP","A","2012",14.1,
"JPN","EDUEXPTRY","OTHPRIVENT","PC_EDUEXP","A","2013",13.8,
"KOR","EDUEXPTRY","HH","PC_EDUEXP","A","2012",42.1,
"KOR","EDUEXPTRY","HH","PC_EDUEXP","A","2013",43.9,
"KOR","EDUEXPTRY","OTHPRIVENT","PC_EDUEXP","A","2012",28.6,
"KOR","EDUEXPTRY","OTHPRIVENT","PC_EDUEXP","A","2013",23.6,
"KOR","EDUEXPTRY","SUBS","PC_EDUEXP","A","2012",6.5,
"MEX","EDUEXPTRY","HH","PC_EDUEXP","A","2012",30,
"MEX","EDUEXPTRY","HH","PC_EDUEXP","A","2013",31.9,
"MEX","EDUEXPTRY","OTHPRIVENT","PC_EDUEXP","A","2012",0.3,
"MEX","EDUEXPTRY","OTHPRIVENT","PC_EDUEXP","A","2013",0.4,
"MEX","EDUEXPTRY","SUBS","PC_EDUEXP","A","2012",3.7,
"NLD","EDUEXPTRY","HH","PC_EDUEXP","A","2012",15.6,
"NLD","EDUEXPTRY","HH","PC_EDUEXP","A","2013",15.9,
"NLD","EDUEXPTRY","OTHPRIVENT","PC_EDUEXP","A","2012",13.9,
"NLD","EDUEXPTRY","OTHPRIVENT","PC_EDUEXP","A","2013",13.8,
"NLD","EDUEXPTRY","SUBS","PC_EDUEXP","A","2012",9.5,
"NZL","EDUEXPTRY","HH","PC_EDUEXP","A","2012",33.1,
"NZL","EDUEXPTRY","HH","PC_EDUEXP","A","2013",33,
"NOR","EDUEXPTRY","HH","PC_EDUEXP","A","2012",3.3,
"NOR","EDUEXPTRY","HH","PC_EDUEXP","A","2013",3.4,
"POL","EDUEXPTRY","HH","PC_EDUEXP","A","2012",20.2,
"POL","EDUEXPTRY","HH","PC_EDUEXP","A","2013",17.6,
"POL","EDUEXPTRY","OTHPRIVENT","PC_EDUEXP","A","2012",2.3,
"POL","EDUEXPTRY","OTHPRIVENT","PC_EDUEXP","A","2013",2,
"PRT","EDUEXPTRY","HH","PC_EDUEXP","A","2012",35,
"PRT","EDUEXPTRY","HH","PC_EDUEXP","A","2013",32.2,
"PRT","EDUEXPTRY","OTHPRIVENT","PC_EDUEXP","A","2012",10.8,
"PRT","EDUEXPTRY","OTHPRIVENT","PC_EDUEXP","A","2013",9.7,
"SVK","EDUEXPTRY","HH","PC_EDUEXP","A","2012",13.8,
"SVK","EDUEXPTRY","HH","PC_EDUEXP","A","2013",13,
"SVK","EDUEXPTRY","OTHPRIVENT","PC_EDUEXP","A","2012",12.4,
"SVK","EDUEXPTRY","OTHPRIVENT","PC_EDUEXP","A","2013",11.5,
"SVK","EDUEXPTRY","SUBS","PC_EDUEXP","A","2012",18.7,
"ESP","EDUEXPTRY","HH","PC_EDUEXP","A","2012",23,
"ESP","EDUEXPTRY","HH","PC_EDUEXP","A","2013",27.4,
"ESP","EDUEXPTRY","OTHPRIVENT","PC_EDUEXP","A","2012",4,
"ESP","EDUEXPTRY","OTHPRIVENT","PC_EDUEXP","A","2013",3.3,
"ESP","EDUEXPTRY","SUBS","PC_EDUEXP","A","2012",8.3,
"SWE","EDUEXPTRY","OTHPRIVENT","PC_EDUEXP","A","2012",10.4,
"SWE","EDUEXPTRY","OTHPRIVENT","PC_EDUEXP","A","2013",9.9,
"GBR","EDUEXPTRY","HH","PC_EDUEXP","A","2012",19.3,
"GBR","EDUEXPTRY","HH","PC_EDUEXP","A","2013",19.5,
"GBR","EDUEXPTRY","OTHPRIVENT","PC_EDUEXP","A","2012",23.8,
"GBR","EDUEXPTRY","OTHPRIVENT","PC_EDUEXP","A","2013",23.2,
"GBR","EDUEXPTRY","SUBS","PC_EDUEXP","A","2012",8.7,
"USA","EDUEXPTRY","HH","PC_EDUEXP","A","2012",45.8,
"USA","EDUEXPTRY","HH","PC_EDUEXP","A","2013",46.5,
"USA","EDUEXPTRY","OTHPRIVENT","PC_EDUEXP","A","2012",16.4,
"USA","EDUEXPTRY","OTHPRIVENT","PC_EDUEXP","A","2013",17.2,
"CHL","EDUEXPTRY","HH","PC_EDUEXP","A","2012",54.8,
"CHL","EDUEXPTRY","HH","PC_EDUEXP","A","2013",51.9,
"CHL","EDUEXPTRY","HH","PC_EDUEXP","A","2014",51.9,
"CHL","EDUEXPTRY","OTHPRIVENT","PC_EDUEXP","A","2012",10.7,
"CHL","EDUEXPTRY","OTHPRIVENT","PC_EDUEXP","A","2013",10.6,
"CHL","EDUEXPTRY","OTHPRIVENT","PC_EDUEXP","A","2014",10.6,
"CHL","EDUEXPTRY","SUBS","PC_EDUEXP","A","2012",6.7,
"EST","EDUEXPTRY","HH","PC_EDUEXP","A","2012",15.2,
"EST","EDUEXPTRY","HH","PC_EDUEXP","A","2013",17.8,
"EST","EDUEXPTRY","OTHPRIVENT","PC_EDUEXP","A","2012",6.6,
"EST","EDUEXPTRY","OTHPRIVENT","PC_EDUEXP","A","2013",0.6,
"ISR","EDUEXPTRY","HH","PC_EDUEXP","A","2012",29.6,
"ISR","EDUEXPTRY","HH","PC_EDUEXP","A","2013",32.9,
"ISR","EDUEXPTRY","OTHPRIVENT","PC_EDUEXP","A","2012",18,
"ISR","EDUEXPTRY","OTHPRIVENT","PC_EDUEXP","A","2013",16.8,
"ISR","EDUEXPTRY","SUBS","PC_EDUEXP","A","2012",5.9,
"RUS","EDUEXPTRY","HH","PC_EDUEXP","A","2012",23.8,
"RUS","EDUEXPTRY","HH","PC_EDUEXP","A","2013",23.1,
"RUS","EDUEXPTRY","OTHPRIVENT","PC_EDUEXP","A","2012",12.7,
"RUS","EDUEXPTRY","OTHPRIVENT","PC_EDUEXP","A","2013",12,
"SVN","EDUEXPTRY","HH","PC_EDUEXP","A","2012",11.4,
"SVN","EDUEXPTRY","HH","PC_EDUEXP","A","2013",10.5,
"SVN","EDUEXPTRY","OTHPRIVENT","PC_EDUEXP","A","2012",2.5,
"SVN","EDUEXPTRY","OTHPRIVENT","PC_EDUEXP","A","2013",2.4,
"HUN","EDUEXPTRY","PUB","PC_EDUEXP","A","2005",78.5,
"HUN","EDUEXPTRY","PUB","PC_EDUEXP","A","2008",,"M"
"HUN","EDUEXPTRY","PUB","PC_EDUEXP","A","2010",,"M"
"HUN","EDUEXPTRY","PUB","PC_EDUEXP","A","2011",,"M"
"HUN","EDUEXPTRY","PUB","PC_EDUEXP","A","2012",54.4,
"HUN","EDUEXPTRY","PUB","PC_EDUEXP","A","2013",62.9,
"ITA","EDUEXPTRY","PUB","PC_EDUEXP","A","2005",73.2,
"ITA","EDUEXPTRY","PUB","PC_EDUEXP","A","2008",70.7,
"ITA","EDUEXPTRY","PUB","PC_EDUEXP","A","2010",67.6,
"ITA","EDUEXPTRY","PUB","PC_EDUEXP","A","2011",66.5,
"ITA","EDUEXPTRY","PUB","PC_EDUEXP","A","2012",66,
"ITA","EDUEXPTRY","PUB","PC_EDUEXP","A","2013",67.2,
"JPN","EDUEXPTRY","PRIV","PC_EDUEXP","A","2005",66.3,
"JPN","EDUEXPTRY","PRIV","PC_EDUEXP","A","2008",66.7,
"JPN","EDUEXPTRY","PRIV","PC_EDUEXP","A","2010",65.6,
"JPN","EDUEXPTRY","PRIV","PC_EDUEXP","A","2011",65.5,
"JPN","EDUEXPTRY","PRIV","PC_EDUEXP","A","2012",65.7,
"JPN","EDUEXPTRY","PRIV","PC_EDUEXP","A","2013",64.8,
"LUX","EDUEXPTRY","PUB","PC_EDUEXP","A","2005",,"M"
"LUX","EDUEXPTRY","PUB","PC_EDUEXP","A","2008",,"M"
"LUX","EDUEXPTRY","PUB","PC_EDUEXP","A","2010",,"M"
"LUX","EDUEXPTRY","PUB","PC_EDUEXP","A","2011",,"M"
"LUX","EDUEXPTRY","PUB","PC_EDUEXP","A","2012",94.8,
"LUX","EDUEXPTRY","PUB","PC_EDUEXP","A","2013",,"M"
"MEX","EDUEXPTRY","PRIV","PC_EDUEXP","A","2005",31,
"MEX","EDUEXPTRY","PRIV","PC_EDUEXP","A","2008",29.9,
"MEX","EDUEXPTRY","PRIV","PC_EDUEXP","A","2010",30.1,
"MEX","EDUEXPTRY","PRIV","PC_EDUEXP","A","2011",32.9,
"MEX","EDUEXPTRY","PRIV","PC_EDUEXP","A","2012",30.3,
"MEX","EDUEXPTRY","PRIV","PC_EDUEXP","A","2013",32.2,
"NZL","EDUEXPTRY","PUB","PC_EDUEXP","A","2005",,"M"
"NZL","EDUEXPTRY","PUB","PC_EDUEXP","A","2008",,"M"
"NZL","EDUEXPTRY","PUB","PC_EDUEXP","A","2010",,"M"
"NZL","EDUEXPTRY","PUB","PC_EDUEXP","A","2011",,"M"
"NZL","EDUEXPTRY","PUB","PC_EDUEXP","A","2012",52.4,
"NZL","EDUEXPTRY","PUB","PC_EDUEXP","A","2013",51.9,
"NOR","EDUEXPTRY","PRIV","PC_EDUEXP","A","2005",,"M"
"NOR","EDUEXPTRY","PRIV","PC_EDUEXP","A","2008",3.1,
"NOR","EDUEXPTRY","PRIV","PC_EDUEXP","A","2010",4,
"NOR","EDUEXPTRY","PRIV","PC_EDUEXP","A","2011",4.1,
"NOR","EDUEXPTRY","PRIV","PC_EDUEXP","A","2012",3.9,
"NOR","EDUEXPTRY","PRIV","PC_EDUEXP","A","2013",4,
"SVK","EDUEXPTRY","PRIV","PC_EDUEXP","A","2005",22.7,
"SVK","EDUEXPTRY","PRIV","PC_EDUEXP","A","2008",26.9,
"SVK","EDUEXPTRY","PRIV","PC_EDUEXP","A","2010",29.8,
"SVK","EDUEXPTRY","PRIV","PC_EDUEXP","A","2011",23.1,
"SVK","EDUEXPTRY","PRIV","PC_EDUEXP","A","2012",26.2,
"SVK","EDUEXPTRY","PRIV","PC_EDUEXP","A","2013",24.5,
"BRA","EDUEXPTRY","PRIV","PC_EDUEXP","A","2005",,"M"
"BRA","EDUEXPTRY","PRIV","PC_EDUEXP","A","2008",,"M"
"BRA","EDUEXPTRY","PRIV","PC_EDUEXP","A","2010",,"M"
"BRA","EDUEXPTRY","PRIV","PC_EDUEXP","A","2011",,"M"
"BRA","EDUEXPTRY","PRIV","PC_EDUEXP","A","2012",,"M"
"BRA","EDUEXPTRY","PRIV","PC_EDUEXP","A","2013",,"M"
"IDN","EDUEXPTRY","PUB","PC_EDUEXP","A","2005",,"M"
"IDN","EDUEXPTRY","PUB","PC_EDUEXP","A","2008",,"M"
"IDN","EDUEXPTRY","PUB","PC_EDUEXP","A","2010",,"M"
"IDN","EDUEXPTRY","PUB","PC_EDUEXP","A","2011",,"M"
"IDN","EDUEXPTRY","PUB","PC_EDUEXP","A","2012",70.7,
"IDN","EDUEXPTRY","PUB","PC_EDUEXP","A","2013",,"M"
"ISR","EDUEXPTRY","PRIV","PC_EDUEXP","A","2005",53.5,
"ISR","EDUEXPTRY","PRIV","PC_EDUEXP","A","2008",48.7,
"ISR","EDUEXPTRY","PRIV","PC_EDUEXP","A","2010",45.8,
"ISR","EDUEXPTRY","PRIV","PC_EDUEXP","A","2011",51,
"ISR","EDUEXPTRY","PRIV","PC_EDUEXP","A","2012",47.6,
"ISR","EDUEXPTRY","PRIV","PC_EDUEXP","A","2013",49.7,
"SVN","EDUEXPTRY","PUB","PC_EDUEXP","A","2005",76.5,
"SVN","EDUEXPTRY","PUB","PC_EDUEXP","A","2008",83.8,
"SVN","EDUEXPTRY","PUB","PC_EDUEXP","A","2010",84.7,
"SVN","EDUEXPTRY","PUB","PC_EDUEXP","A","2011",85.2,
"SVN","EDUEXPTRY","PUB","PC_EDUEXP","A","2012",86.1,
"SVN","EDUEXPTRY","PUB","PC_EDUEXP","A","2013",87.1,
"ZAF","EDUEXPTRY","PUB","PC_EDUEXP","A","2005",,"M"
"ZAF","EDUEXPTRY","PUB","PC_EDUEXP","A","2008",,"M"
"ZAF","EDUEXPTRY","PUB","PC_EDUEXP","A","2010",,"M"
"ZAF","EDUEXPTRY","PUB","PC_EDUEXP","A","2011",,"M"
"ZAF","EDUEXPTRY","PUB","PC_EDUEXP","A","2012",,"M"
"ZAF","EDUEXPTRY","PUB","PC_EDUEXP","A","2013",,"M"
"FIN","EDUEXPTRY","PUB","PC_EDUEXP","A","2005",96.1,
"FIN","EDUEXPTRY","PUB","PC_EDUEXP","A","2008",95.4,
"FIN","EDUEXPTRY","PUB","PC_EDUEXP","A","2010",95.9,
"FIN","EDUEXPTRY","PUB","PC_EDUEXP","A","2011",95.9,
"FIN","EDUEXPTRY","PUB","PC_EDUEXP","A","2012",96.2,
"FIN","EDUEXPTRY","PUB","PC_EDUEXP","A","2013",96.1,
"GRC","EDUEXPTRY","PUB","PC_EDUEXP","A","2005",96.7,
"GRC","EDUEXPTRY","PUB","PC_EDUEXP","A","2008",,"M"
"GRC","EDUEXPTRY","PUB","PC_EDUEXP","A","2010",,"M"
"GRC","EDUEXPTRY","PUB","PC_EDUEXP","A","2011",,"M"
"GRC","EDUEXPTRY","PUB","PC_EDUEXP","A","2012",,"M"
"GRC","EDUEXPTRY","PUB","PC_EDUEXP","A","2013",,"M"
"HUN","EDUEXPTRY","PRIV","PC_EDUEXP","A","2005",21.5,
"HUN","EDUEXPTRY","PRIV","PC_EDUEXP","A","2008",,"M"
"HUN","EDUEXPTRY","PRIV","PC_EDUEXP","A","2010",,"M"
"HUN","EDUEXPTRY","PRIV","PC_EDUEXP","A","2011",,"M"
"HUN","EDUEXPTRY","PRIV","PC_EDUEXP","A","2012",45.6,
"HUN","EDUEXPTRY","PRIV","PC_EDUEXP","A","2013",37.1,
"IRL","EDUEXPTRY","PUB","PC_EDUEXP","A","2005",84,
"IRL","EDUEXPTRY","PUB","PC_EDUEXP","A","2008",82.6,
"IRL","EDUEXPTRY","PUB","PC_EDUEXP","A","2010",81.2,
"IRL","EDUEXPTRY","PUB","PC_EDUEXP","A","2011",80.5,
"IRL","EDUEXPTRY","PUB","PC_EDUEXP","A","2012",83.6,
"IRL","EDUEXPTRY","PUB","PC_EDUEXP","A","2013",77.7,
"ITA","EDUEXPTRY","PRIV","PC_EDUEXP","A","2005",26.8,
"ITA","EDUEXPTRY","PRIV","PC_EDUEXP","A","2008",29.3,
"ITA","EDUEXPTRY","PRIV","PC_EDUEXP","A","2010",32.4,
"ITA","EDUEXPTRY","PRIV","PC_EDUEXP","A","2011",33.5,
"ITA","EDUEXPTRY","PRIV","PC_EDUEXP","A","2012",34,
"ITA","EDUEXPTRY","PRIV","PC_EDUEXP","A","2013",32.8,
"KOR","EDUEXPTRY","PUB","PC_EDUEXP","A","2005",24.3,
"KOR","EDUEXPTRY","PUB","PC_EDUEXP","A","2008",22.3,
"KOR","EDUEXPTRY","PUB","PC_EDUEXP","A","2010",27.3,
"KOR","EDUEXPTRY","PUB","PC_EDUEXP","A","2011",27,
"KOR","EDUEXPTRY","PUB","PC_EDUEXP","A","2012",29.3,
"KOR","EDUEXPTRY","PUB","PC_EDUEXP","A","2013",32.5,
"LUX","EDUEXPTRY","PRIV","PC_EDUEXP","A","2005",,"M"
"LUX","EDUEXPTRY","PRIV","PC_EDUEXP","A","2008",,"M"
"LUX","EDUEXPTRY","PRIV","PC_EDUEXP","A","2010",,"M"
"LUX","EDUEXPTRY","PRIV","PC_EDUEXP","A","2011",,"M"
"LUX","EDUEXPTRY","PRIV","PC_EDUEXP","A","2012",5.2,
"LUX","EDUEXPTRY","PRIV","PC_EDUEXP","A","2013",,"M"
"NZL","EDUEXPTRY","PRIV","PC_EDUEXP","A","2005",,"M"
"NZL","EDUEXPTRY","PRIV","PC_EDUEXP","A","2008",,"M"
"NZL","EDUEXPTRY","PRIV","PC_EDUEXP","A","2010",,"M"
"NZL","EDUEXPTRY","PRIV","PC_EDUEXP","A","2011",,"M"
"NZL","EDUEXPTRY","PRIV","PC_EDUEXP","A","2012",47.6,
"NZL","EDUEXPTRY","PRIV","PC_EDUEXP","A","2013",48.1,
"IDN","EDUEXPTRY","PRIV","PC_EDUEXP","A","2005",,"M"
"IDN","EDUEXPTRY","PRIV","PC_EDUEXP","A","2008",,"M"
"IDN","EDUEXPTRY","PRIV","PC_EDUEXP","A","2010",,"M"
"IDN","EDUEXPTRY","PRIV","PC_EDUEXP","A","2011",,"M"
"IDN","EDUEXPTRY","PRIV","PC_EDUEXP","A","2012",29.3,
"IDN","EDUEXPTRY","PRIV","PC_EDUEXP","A","2013",,"M"
"SVN","EDUEXPTRY","PRIV","PC_EDUEXP","A","2005",23.5,
"SVN","EDUEXPTRY","PRIV","PC_EDUEXP","A","2008",16.2,
"SVN","EDUEXPTRY","PRIV","PC_EDUEXP","A","2010",15.3,
"SVN","EDUEXPTRY","PRIV","PC_EDUEXP","A","2011",14.8,
"SVN","EDUEXPTRY","PRIV","PC_EDUEXP","A","2012",13.9,
"SVN","EDUEXPTRY","PRIV","PC_EDUEXP","A","2013",12.9,
"ZAF","EDUEXPTRY","PRIV","PC_EDUEXP","A","2005",,"M"
"ZAF","EDUEXPTRY","PRIV","PC_EDUEXP","A","2008",,"M"
"ZAF","EDUEXPTRY","PRIV","PC_EDUEXP","A","2010",,"M"
"ZAF","EDUEXPTRY","PRIV","PC_EDUEXP","A","2011",,"M"
"ZAF","EDUEXPTRY","PRIV","PC_EDUEXP","A","2012",,"M"
"ZAF","EDUEXPTRY","PRIV","PC_EDUEXP","A","2013",,"M"
"AUS","EDUEXPTRY","PUB","PC_EDUEXP","A","2005",45.4,
"AUS","EDUEXPTRY","PUB","PC_EDUEXP","A","2008",44.9,
"AUS","EDUEXPTRY","PUB","PC_EDUEXP","A","2010",46.5,
"AUS","EDUEXPTRY","PUB","PC_EDUEXP","A","2011",45.6,
"AUS","EDUEXPTRY","PUB","PC_EDUEXP","A","2012",44.9,
"AUS","EDUEXPTRY","PUB","PC_EDUEXP","A","2013",42.5,
"AUT","EDUEXPTRY","PRIV","PC_EDUEXP","A","2005",,"M"
"AUT","EDUEXPTRY","PRIV","PC_EDUEXP","A","2008",,"M"
"AUT","EDUEXPTRY","PRIV","PC_EDUEXP","A","2010",,"M"
"AUT","EDUEXPTRY","PRIV","PC_EDUEXP","A","2011",,"M"
"AUT","EDUEXPTRY","PRIV","PC_EDUEXP","A","2012",4.9,
"AUT","EDUEXPTRY","PRIV","PC_EDUEXP","A","2013",5.4,
"CAN","EDUEXPTRY","PUB","PC_EDUEXP","A","2005",55.1,
"CAN","EDUEXPTRY","PUB","PC_EDUEXP","A","2008",62.9,
"CAN","EDUEXPTRY","PUB","PC_EDUEXP","A","2010",57.4,
"CAN","EDUEXPTRY","PUB","PC_EDUEXP","A","2011",57.4,
"CAN","EDUEXPTRY","PUB","PC_EDUEXP","A","2012",51.9,
"CZE","EDUEXPTRY","PRIV","PC_EDUEXP","A","2005",18.8,
"CZE","EDUEXPTRY","PRIV","PC_EDUEXP","A","2008",20.9,
"CZE","EDUEXPTRY","PRIV","PC_EDUEXP","A","2010",21.2,
"CZE","EDUEXPTRY","PRIV","PC_EDUEXP","A","2011",18.9,
"CZE","EDUEXPTRY","PRIV","PC_EDUEXP","A","2012",20.7,
"CZE","EDUEXPTRY","PRIV","PC_EDUEXP","A","2013",23,
"FRA","EDUEXPTRY","PRIV","PC_EDUEXP","A","2005",16.4,
"FRA","EDUEXPTRY","PRIV","PC_EDUEXP","A","2008",18.3,
"FRA","EDUEXPTRY","PRIV","PC_EDUEXP","A","2010",18.1,
"FRA","EDUEXPTRY","PRIV","PC_EDUEXP","A","2011",19.2,
"FRA","EDUEXPTRY","PRIV","PC_EDUEXP","A","2012",20.2,
"FRA","EDUEXPTRY","PRIV","PC_EDUEXP","A","2013",21.1,
"CHE","EDUEXPTRY","PUB","PC_EDUEXP","A","2005",,"M"
"CHE","EDUEXPTRY","PUB","PC_EDUEXP","A","2008",,"M"
"CHE","EDUEXPTRY","PUB","PC_EDUEXP","A","2010",,"M"
"CHE","EDUEXPTRY","PUB","PC_EDUEXP","A","2011",,"M"
"CHE","EDUEXPTRY","PUB","PC_EDUEXP","A","2012",,"M"
"CHE","EDUEXPTRY","PUB","PC_EDUEXP","A","2013",,"M"
"USA","EDUEXPTRY","PUB","PC_EDUEXP","A","2005",42,
"USA","EDUEXPTRY","PUB","PC_EDUEXP","A","2008",41.3,
"USA","EDUEXPTRY","PUB","PC_EDUEXP","A","2010",40,
"USA","EDUEXPTRY","PUB","PC_EDUEXP","A","2011",38.7,
"USA","EDUEXPTRY","PUB","PC_EDUEXP","A","2012",37.8,
"USA","EDUEXPTRY","PUB","PC_EDUEXP","A","2013",36.3,
"ARG","EDUEXPTRY","PUB","PC_EDUEXP","A","2005",,"M"
"ARG","EDUEXPTRY","PUB","PC_EDUEXP","A","2008",,"M"
"ARG","EDUEXPTRY","PUB","PC_EDUEXP","A","2010",,"M"
"ARG","EDUEXPTRY","PUB","PC_EDUEXP","A","2011",,"M"
"ARG","EDUEXPTRY","PUB","PC_EDUEXP","A","2012",,"M"
"ARG","EDUEXPTRY","PUB","PC_EDUEXP","A","2013",99.3,
"CHL","EDUEXPTRY","PRIV","PC_EDUEXP","A","2005",84.1,
"CHL","EDUEXPTRY","PRIV","PC_EDUEXP","A","2008",85.4,
"CHL","EDUEXPTRY","PRIV","PC_EDUEXP","A","2010",77.9,
"CHL","EDUEXPTRY","PRIV","PC_EDUEXP","A","2011",75.8,
"CHL","EDUEXPTRY","PRIV","PC_EDUEXP","A","2012",65.4,
"CHL","EDUEXPTRY","PRIV","PC_EDUEXP","A","2013",62.5,
"CHL","EDUEXPTRY","PRIV","PC_EDUEXP","A","2014",62.5,
"RUS","EDUEXPTRY","PUB","PC_EDUEXP","A","2005",,"M"
"RUS","EDUEXPTRY","PUB","PC_EDUEXP","A","2008",64.3,
"RUS","EDUEXPTRY","PUB","PC_EDUEXP","A","2010",62.2,
"RUS","EDUEXPTRY","PUB","PC_EDUEXP","A","2011",62.7,
"RUS","EDUEXPTRY","PUB","PC_EDUEXP","A","2012",63.5,
"RUS","EDUEXPTRY","PUB","PC_EDUEXP","A","2013",64.9,
"SAU","EDUEXPTRY","PRIV","PC_EDUEXP","A","2005",,"M"
"SAU","EDUEXPTRY","PRIV","PC_EDUEXP","A","2008",,"M"
"SAU","EDUEXPTRY","PRIV","PC_EDUEXP","A","2010",,"M"
"SAU","EDUEXPTRY","PRIV","PC_EDUEXP","A","2011",,"M"
"SAU","EDUEXPTRY","PRIV","PC_EDUEXP","A","2012",,"M"
"SAU","EDUEXPTRY","PRIV","PC_EDUEXP","A","2013",,"M"
"JPN","EDUEXPTRY","PUB","PC_EDUEXP","A","2005",33.7,
"JPN","EDUEXPTRY","PUB","PC_EDUEXP","A","2008",33.3,
"JPN","EDUEXPTRY","PUB","PC_EDUEXP","A","2010",34.4,
"JPN","EDUEXPTRY","PUB","PC_EDUEXP","A","2011",34.5,
"JPN","EDUEXPTRY","PUB","PC_EDUEXP","A","2012",34.3,
"JPN","EDUEXPTRY","PUB","PC_EDUEXP","A","2013",35.2,
"MEX","EDUEXPTRY","PUB","PC_EDUEXP","A","2005",69,
"MEX","EDUEXPTRY","PUB","PC_EDUEXP","A","2008",70.1,
"MEX","EDUEXPTRY","PUB","PC_EDUEXP","A","2010",69.9,
"MEX","EDUEXPTRY","PUB","PC_EDUEXP","A","2011",67.1,
"MEX","EDUEXPTRY","PUB","PC_EDUEXP","A","2012",69.7,
"MEX","EDUEXPTRY","PUB","PC_EDUEXP","A","2013",67.8,
"NLD","EDUEXPTRY","PRIV","PC_EDUEXP","A","2005",27,
"NLD","EDUEXPTRY","PRIV","PC_EDUEXP","A","2008",28.5,
"NLD","EDUEXPTRY","PRIV","PC_EDUEXP","A","2010",28.2,
"NLD","EDUEXPTRY","PRIV","PC_EDUEXP","A","2011",29.2,
"NLD","EDUEXPTRY","PRIV","PC_EDUEXP","A","2012",29.5,
"NLD","EDUEXPTRY","PRIV","PC_EDUEXP","A","2013",29.7,
"NOR","EDUEXPTRY","PUB","PC_EDUEXP","A","2005",,"M"
"NOR","EDUEXPTRY","PUB","PC_EDUEXP","A","2008",96.9,
"NOR","EDUEXPTRY","PUB","PC_EDUEXP","A","2010",96,
"NOR","EDUEXPTRY","PUB","PC_EDUEXP","A","2011",95.9,
"NOR","EDUEXPTRY","PUB","PC_EDUEXP","A","2012",96.1,
"NOR","EDUEXPTRY","PUB","PC_EDUEXP","A","2013",96,
"POL","EDUEXPTRY","PRIV","PC_EDUEXP","A","2005",26,
"POL","EDUEXPTRY","PRIV","PC_EDUEXP","A","2008",28.7,
"POL","EDUEXPTRY","PRIV","PC_EDUEXP","A","2010",28.5,
"POL","EDUEXPTRY","PRIV","PC_EDUEXP","A","2011",24.5,
"POL","EDUEXPTRY","PRIV","PC_EDUEXP","A","2012",22.4,
"POL","EDUEXPTRY","PRIV","PC_EDUEXP","A","2013",19.6,
"SVK","EDUEXPTRY","PUB","PC_EDUEXP","A","2005",77.3,
"SVK","EDUEXPTRY","PUB","PC_EDUEXP","A","2008",73.1,
"SVK","EDUEXPTRY","PUB","PC_EDUEXP","A","2010",70.2,
"SVK","EDUEXPTRY","PUB","PC_EDUEXP","A","2011",76.9,
"SVK","EDUEXPTRY","PUB","PC_EDUEXP","A","2012",73.8,
"SVK","EDUEXPTRY","PUB","PC_EDUEXP","A","2013",75.5,
"ESP","EDUEXPTRY","PRIV","PC_EDUEXP","A","2005",22.1,
"ESP","EDUEXPTRY","PRIV","PC_EDUEXP","A","2008",21.1,
"ESP","EDUEXPTRY","PRIV","PC_EDUEXP","A","2010",21.8,
"ESP","EDUEXPTRY","PRIV","PC_EDUEXP","A","2011",22.5,
"ESP","EDUEXPTRY","PRIV","PC_EDUEXP","A","2012",26.9,
"ESP","EDUEXPTRY","PRIV","PC_EDUEXP","A","2013",30.7,
"TUR","EDUEXPTRY","PRIV","PC_EDUEXP","A","2005",,"M"
"TUR","EDUEXPTRY","PRIV","PC_EDUEXP","A","2008",,"M"
"TUR","EDUEXPTRY","PRIV","PC_EDUEXP","A","2010",,"M"
"TUR","EDUEXPTRY","PRIV","PC_EDUEXP","A","2011",,"M"
"TUR","EDUEXPTRY","PRIV","PC_EDUEXP","A","2012",19.6,
"TUR","EDUEXPTRY","PRIV","PC_EDUEXP","A","2013",19.7,
"BRA","EDUEXPTRY","PUB","PC_EDUEXP","A","2005",,"M"
"BRA","EDUEXPTRY","PUB","PC_EDUEXP","A","2008",,"M"
"BRA","EDUEXPTRY","PUB","PC_EDUEXP","A","2010",,"M"
"BRA","EDUEXPTRY","PUB","PC_EDUEXP","A","2011",,"M"
"BRA","EDUEXPTRY","PUB","PC_EDUEXP","A","2012",,"M"
"BRA","EDUEXPTRY","PUB","PC_EDUEXP","A","2013",,"M"
"IND","EDUEXPTRY","PRIV","PC_EDUEXP","A","2005",,"M"
"IND","EDUEXPTRY","PRIV","PC_EDUEXP","A","2008",,"M"
"IND","EDUEXPTRY","PRIV","PC_EDUEXP","A","2010",,"M"
"IND","EDUEXPTRY","PRIV","PC_EDUEXP","A","2011",,"M"
"IND","EDUEXPTRY","PRIV","PC_EDUEXP","A","2012",,"M"
"IND","EDUEXPTRY","PRIV","PC_EDUEXP","A","2013",,"M"
"ISR","EDUEXPTRY","PUB","PC_EDUEXP","A","2005",46.5,
"ISR","EDUEXPTRY","PUB","PC_EDUEXP","A","2008",51.3,
"ISR","EDUEXPTRY","PUB","PC_EDUEXP","A","2010",54.2,
"ISR","EDUEXPTRY","PUB","PC_EDUEXP","A","2011",49,
"ISR","EDUEXPTRY","PUB","PC_EDUEXP","A","2012",52.4,
"ISR","EDUEXPTRY","PUB","PC_EDUEXP","A","2013",50.3,
"BEL","EDUEXPTRY","PUB","PC_EDUEXP","A","2005",90.6,
"BEL","EDUEXPTRY","PUB","PC_EDUEXP","A","2008",89.8,
"BEL","EDUEXPTRY","PUB","PC_EDUEXP","A","2010",89.7,
"BEL","EDUEXPTRY","PUB","PC_EDUEXP","A","2011",89.8,
"BEL","EDUEXPTRY","PUB","PC_EDUEXP","A","2012",89.5,
"BEL","EDUEXPTRY","PUB","PC_EDUEXP","A","2013",89.3,
"DNK","EDUEXPTRY","PUB","PC_EDUEXP","A","2005",96.7,
"DNK","EDUEXPTRY","PUB","PC_EDUEXP","A","2008",95.5,
"DNK","EDUEXPTRY","PUB","PC_EDUEXP","A","2010",95,
"DNK","EDUEXPTRY","PUB","PC_EDUEXP","A","2011",94.5,
"DNK","EDUEXPTRY","PUB","PC_EDUEXP","A","2012",,"M"
"DNK","EDUEXPTRY","PUB","PC_EDUEXP","A","2013",94,
"FIN","EDUEXPTRY","PRIV","PC_EDUEXP","A","2005",3.9,
"FIN","EDUEXPTRY","PRIV","PC_EDUEXP","A","2008",4.6,
"FIN","EDUEXPTRY","PRIV","PC_EDUEXP","A","2010",4.1,
"FIN","EDUEXPTRY","PRIV","PC_EDUEXP","A","2011",4.1,
"FIN","EDUEXPTRY","PRIV","PC_EDUEXP","A","2012",3.8,
"FIN","EDUEXPTRY","PRIV","PC_EDUEXP","A","2013",3.9,
"DEU","EDUEXPTRY","PUB","PC_EDUEXP","A","2005",86.7,
"DEU","EDUEXPTRY","PUB","PC_EDUEXP","A","2008",86.5,
"DEU","EDUEXPTRY","PUB","PC_EDUEXP","A","2010",86.3,
"DEU","EDUEXPTRY","PUB","PC_EDUEXP","A","2011",86.6,
"DEU","EDUEXPTRY","PUB","PC_EDUEXP","A","2012",85.9,
"DEU","EDUEXPTRY","PUB","PC_EDUEXP","A","2013",85.6,
"GRC","EDUEXPTRY","PRIV","PC_EDUEXP","A","2005",3.3,
"GRC","EDUEXPTRY","PRIV","PC_EDUEXP","A","2008",,"M"
"GRC","EDUEXPTRY","PRIV","PC_EDUEXP","A","2010",,"M"
"GRC","EDUEXPTRY","PRIV","PC_EDUEXP","A","2011",,"M"
"GRC","EDUEXPTRY","PRIV","PC_EDUEXP","A","2012",,"M"
"GRC","EDUEXPTRY","PRIV","PC_EDUEXP","A","2013",,"M"
"ISL","EDUEXPTRY","PUB","PC_EDUEXP","A","2005",90.5,
"ISL","EDUEXPTRY","PUB","PC_EDUEXP","A","2008",92.2,
"ISL","EDUEXPTRY","PUB","PC_EDUEXP","A","2010",91.2,
"ISL","EDUEXPTRY","PUB","PC_EDUEXP","A","2011",90.6,
"ISL","EDUEXPTRY","PUB","PC_EDUEXP","A","2012",91.7,
"ISL","EDUEXPTRY","PUB","PC_EDUEXP","A","2013",91.2,
"IRL","EDUEXPTRY","PRIV","PC_EDUEXP","A","2005",16,
"IRL","EDUEXPTRY","PRIV","PC_EDUEXP","A","2008",17.4,
"IRL","EDUEXPTRY","PRIV","PC_EDUEXP","A","2010",18.8,
"IRL","EDUEXPTRY","PRIV","PC_EDUEXP","A","2011",19.5,
"IRL","EDUEXPTRY","PRIV","PC_EDUEXP","A","2012",16.4,
"IRL","EDUEXPTRY","PRIV","PC_EDUEXP","A","2013",22.3,
"KOR","EDUEXPTRY","PRIV","PC_EDUEXP","A","2005",75.7,
"KOR","EDUEXPTRY","PRIV","PC_EDUEXP","A","2008",77.7,
"KOR","EDUEXPTRY","PRIV","PC_EDUEXP","A","2010",72.7,
"KOR","EDUEXPTRY","PRIV","PC_EDUEXP","A","2011",73,
"KOR","EDUEXPTRY","PRIV","PC_EDUEXP","A","2012",70.7,
"KOR","EDUEXPTRY","PRIV","PC_EDUEXP","A","2013",67.5,
"CHN","EDUEXPTRY","PUB","PC_EDUEXP","A","2005",,"M"
"CHN","EDUEXPTRY","PUB","PC_EDUEXP","A","2008",,"M"
"CHN","EDUEXPTRY","PUB","PC_EDUEXP","A","2010",,"M"
"CHN","EDUEXPTRY","PUB","PC_EDUEXP","A","2011",,"M"
"CHN","EDUEXPTRY","PUB","PC_EDUEXP","A","2012",,"M"
"CHN","EDUEXPTRY","PUB","PC_EDUEXP","A","2013",,"M"
"AUS","EDUEXPTRY","PRIV","PC_EDUEXP","A","2005",54.6,
"AUS","EDUEXPTRY","PRIV","PC_EDUEXP","A","2008",55.1,
"AUS","EDUEXPTRY","PRIV","PC_EDUEXP","A","2010",53.5,
"AUS","EDUEXPTRY","PRIV","PC_EDUEXP","A","2011",54.4,
"AUS","EDUEXPTRY","PRIV","PC_EDUEXP","A","2012",55.1,
"AUS","EDUEXPTRY","PRIV","PC_EDUEXP","A","2013",57.5,
"CAN","EDUEXPTRY","PRIV","PC_EDUEXP","A","2005",44.9,
"CAN","EDUEXPTRY","PRIV","PC_EDUEXP","A","2008",37.1,
"CAN","EDUEXPTRY","PRIV","PC_EDUEXP","A","2010",42.6,
"CAN","EDUEXPTRY","PRIV","PC_EDUEXP","A","2011",42.6,
"CAN","EDUEXPTRY","PRIV","PC_EDUEXP","A","2012",48.1,
"CAN","EDUEXPTRY","PRIV","PC_EDUEXP","A","2013",,"M"
"PRT","EDUEXPTRY","PUB","PC_EDUEXP","A","2005",68.1,
"PRT","EDUEXPTRY","PUB","PC_EDUEXP","A","2008",62.1,
"PRT","EDUEXPTRY","PUB","PC_EDUEXP","A","2010",69,
"PRT","EDUEXPTRY","PUB","PC_EDUEXP","A","2011",68.6,
"PRT","EDUEXPTRY","PUB","PC_EDUEXP","A","2012",54.3,
"PRT","EDUEXPTRY","PUB","PC_EDUEXP","A","2013",58.1,
"SWE","EDUEXPTRY","PUB","PC_EDUEXP","A","2005",88.2,
"SWE","EDUEXPTRY","PUB","PC_EDUEXP","A","2008",89.1,
"SWE","EDUEXPTRY","PUB","PC_EDUEXP","A","2010",90.6,
"SWE","EDUEXPTRY","PUB","PC_EDUEXP","A","2011",89.5,
"SWE","EDUEXPTRY","PUB","PC_EDUEXP","A","2012",89.3,
"SWE","EDUEXPTRY","PUB","PC_EDUEXP","A","2013",89.5,
"CHE","EDUEXPTRY","PRIV","PC_EDUEXP","A","2005",,"M"
"CHE","EDUEXPTRY","PRIV","PC_EDUEXP","A","2008",,"M"
"CHE","EDUEXPTRY","PRIV","PC_EDUEXP","A","2010",,"M"
"CHE","EDUEXPTRY","PRIV","PC_EDUEXP","A","2011",,"M"
"CHE","EDUEXPTRY","PRIV","PC_EDUEXP","A","2012",,"M"
"CHE","EDUEXPTRY","PRIV","PC_EDUEXP","A","2013",,"M"
"GBR","EDUEXPTRY","PUB","PC_EDUEXP","A","2005",,"M"
"GBR","EDUEXPTRY","PUB","PC_EDUEXP","A","2008",,"M"
"GBR","EDUEXPTRY","PUB","PC_EDUEXP","A","2010",,"M"
"GBR","EDUEXPTRY","PUB","PC_EDUEXP","A","2011",,"M"
"GBR","EDUEXPTRY","PUB","PC_EDUEXP","A","2012",56.9,
"GBR","EDUEXPTRY","PUB","PC_EDUEXP","A","2013",57,
"USA","EDUEXPTRY","PRIV","PC_EDUEXP","A","2005",58,
"USA","EDUEXPTRY","PRIV","PC_EDUEXP","A","2008",58.7,
"USA","EDUEXPTRY","PRIV","PC_EDUEXP","A","2010",60,
"USA","EDUEXPTRY","PRIV","PC_EDUEXP","A","2011",61.3,
"USA","EDUEXPTRY","PRIV","PC_EDUEXP","A","2012",62.2,
"USA","EDUEXPTRY","PRIV","PC_EDUEXP","A","2013",63.7,
"ARG","EDUEXPTRY","PRIV","PC_EDUEXP","A","2005",,"M"
"ARG","EDUEXPTRY","PRIV","PC_EDUEXP","A","2008",,"M"
"ARG","EDUEXPTRY","PRIV","PC_EDUEXP","A","2010",,"M"
"ARG","EDUEXPTRY","PRIV","PC_EDUEXP","A","2011",,"M"
"ARG","EDUEXPTRY","PRIV","PC_EDUEXP","A","2013",0.7,
"EST","EDUEXPTRY","PUB","PC_EDUEXP","A","2005",69.9,
"EST","EDUEXPTRY","PUB","PC_EDUEXP","A","2008",78.8,
"EST","EDUEXPTRY","PUB","PC_EDUEXP","A","2010",75.4,
"EST","EDUEXPTRY","PUB","PC_EDUEXP","A","2011",80.4,
"EST","EDUEXPTRY","PUB","PC_EDUEXP","A","2012",78.2,
"EST","EDUEXPTRY","PUB","PC_EDUEXP","A","2013",81.6,
"RUS","EDUEXPTRY","PRIV","PC_EDUEXP","A","2005",,"M"
"RUS","EDUEXPTRY","PRIV","PC_EDUEXP","A","2008",35.7,
"RUS","EDUEXPTRY","PRIV","PC_EDUEXP","A","2010",37.8,
"RUS","EDUEXPTRY","PRIV","PC_EDUEXP","A","2011",37.3,
"RUS","EDUEXPTRY","PRIV","PC_EDUEXP","A","2012",36.5,
"RUS","EDUEXPTRY","PRIV","PC_EDUEXP","A","2013",35.1,
"NLD","EDUEXPTRY","PUB","PC_EDUEXP","A","2005",73,
"NLD","EDUEXPTRY","PUB","PC_EDUEXP","A","2008",71.5,
"NLD","EDUEXPTRY","PUB","PC_EDUEXP","A","2010",71.8,
"NLD","EDUEXPTRY","PUB","PC_EDUEXP","A","2011",70.8,
"NLD","EDUEXPTRY","PUB","PC_EDUEXP","A","2012",70.5,
"NLD","EDUEXPTRY","PUB","PC_EDUEXP","A","2013",70.3,
"POL","EDUEXPTRY","PUB","PC_EDUEXP","A","2005",74,
"POL","EDUEXPTRY","PUB","PC_EDUEXP","A","2008",71.3,
"POL","EDUEXPTRY","PUB","PC_EDUEXP","A","2010",71.5,
"POL","EDUEXPTRY","PUB","PC_EDUEXP","A","2011",75.5,
"POL","EDUEXPTRY","PUB","PC_EDUEXP","A","2012",77.6,
"POL","EDUEXPTRY","PUB","PC_EDUEXP","A","2013",80.4,
"PRT","EDUEXPTRY","PRIV","PC_EDUEXP","A","2005",31.9,
"PRT","EDUEXPTRY","PRIV","PC_EDUEXP","A","2008",37.9,
"PRT","EDUEXPTRY","PRIV","PC_EDUEXP","A","2010",31,
"PRT","EDUEXPTRY","PRIV","PC_EDUEXP","A","2011",31.4,
"PRT","EDUEXPTRY","PRIV","PC_EDUEXP","A","2012",45.7,
"PRT","EDUEXPTRY","PRIV","PC_EDUEXP","A","2013",41.9,
"ESP","EDUEXPTRY","PUB","PC_EDUEXP","A","2005",77.9,
"ESP","EDUEXPTRY","PUB","PC_EDUEXP","A","2008",78.9,
"ESP","EDUEXPTRY","PUB","PC_EDUEXP","A","2010",78.2,
"ESP","EDUEXPTRY","PUB","PC_EDUEXP","A","2011",77.5,
"ESP","EDUEXPTRY","PUB","PC_EDUEXP","A","2012",73.1,
"ESP","EDUEXPTRY","PUB","PC_EDUEXP","A","2013",69.3,
"SWE","EDUEXPTRY","PRIV","PC_EDUEXP","A","2005",11.8,
"SWE","EDUEXPTRY","PRIV","PC_EDUEXP","A","2008",10.9,
"SWE","EDUEXPTRY","PRIV","PC_EDUEXP","A","2010",9.4,
"SWE","EDUEXPTRY","PRIV","PC_EDUEXP","A","2011",10.5,
"SWE","EDUEXPTRY","PRIV","PC_EDUEXP","A","2012",10.7,
"SWE","EDUEXPTRY","PRIV","PC_EDUEXP","A","2013",10.5,
"TUR","EDUEXPTRY","PUB","PC_EDUEXP","A","2005",,"M"
"TUR","EDUEXPTRY","PUB","PC_EDUEXP","A","2008",,"M"
"TUR","EDUEXPTRY","PUB","PC_EDUEXP","A","2010",,"M"
"TUR","EDUEXPTRY","PUB","PC_EDUEXP","A","2011",86.8,
"TUR","EDUEXPTRY","PUB","PC_EDUEXP","A","2012",85.4,
"TUR","EDUEXPTRY","PUB","PC_EDUEXP","A","2013",87.3,
"GBR","EDUEXPTRY","PRIV","PC_EDUEXP","A","2005",,"M"
"GBR","EDUEXPTRY","PRIV","PC_EDUEXP","A","2008",,"M"
"GBR","EDUEXPTRY","PRIV","PC_EDUEXP","A","2010",,"M"
"GBR","EDUEXPTRY","PRIV","PC_EDUEXP","A","2011",,"M"
"GBR","EDUEXPTRY","PRIV","PC_EDUEXP","A","2012",43.1,
"GBR","EDUEXPTRY","PRIV","PC_EDUEXP","A","2013",42.7,
"EST","EDUEXPTRY","PRIV","PC_EDUEXP","A","2005",30.1,
"EST","EDUEXPTRY","PRIV","PC_EDUEXP","A","2008",21.2,
"EST","EDUEXPTRY","PRIV","PC_EDUEXP","A","2010",24.6,
"EST","EDUEXPTRY","PRIV","PC_EDUEXP","A","2011",19.6,
"EST","EDUEXPTRY","PRIV","PC_EDUEXP","A","2012",21.8,
"EST","EDUEXPTRY","PRIV","PC_EDUEXP","A","2013",18.4,
"IND","EDUEXPTRY","PUB","PC_EDUEXP","A","2005",,"M"
"IND","EDUEXPTRY","PUB","PC_EDUEXP","A","2008",,"M"
"IND","EDUEXPTRY","PUB","PC_EDUEXP","A","2010",,"M"
"IND","EDUEXPTRY","PUB","PC_EDUEXP","A","2011",,"M"
"IND","EDUEXPTRY","PUB","PC_EDUEXP","A","2012",,"M"
"IND","EDUEXPTRY","PUB","PC_EDUEXP","A","2013",,"M"
"AUT","EDUEXPTRY","PUB","PC_EDUEXP","A","2005",,"M"
"AUT","EDUEXPTRY","PUB","PC_EDUEXP","A","2008",,"M"
"AUT","EDUEXPTRY","PUB","PC_EDUEXP","A","2010",,"M"
"AUT","EDUEXPTRY","PUB","PC_EDUEXP","A","2011",,"M"
"AUT","EDUEXPTRY","PUB","PC_EDUEXP","A","2012",95.1,
"AUT","EDUEXPTRY","PUB","PC_EDUEXP","A","2013",94.6,
"BEL","EDUEXPTRY","PRIV","PC_EDUEXP","A","2005",9.4,
"BEL","EDUEXPTRY","PRIV","PC_EDUEXP","A","2008",10.2,
"BEL","EDUEXPTRY","PRIV","PC_EDUEXP","A","2010",10.3,
"BEL","EDUEXPTRY","PRIV","PC_EDUEXP","A","2011",10.2,
"BEL","EDUEXPTRY","PRIV","PC_EDUEXP","A","2012",10.5,
"BEL","EDUEXPTRY","PRIV","PC_EDUEXP","A","2013",10.7,
"CZE","EDUEXPTRY","PUB","PC_EDUEXP","A","2005",81.2,
"CZE","EDUEXPTRY","PUB","PC_EDUEXP","A","2008",79.1,
"CZE","EDUEXPTRY","PUB","PC_EDUEXP","A","2010",78.8,
"CZE","EDUEXPTRY","PUB","PC_EDUEXP","A","2011",81.1,
"CZE","EDUEXPTRY","PUB","PC_EDUEXP","A","2012",79.3,
"CZE","EDUEXPTRY","PUB","PC_EDUEXP","A","2013",77,
"DNK","EDUEXPTRY","PRIV","PC_EDUEXP","A","2005",3.3,
"DNK","EDUEXPTRY","PRIV","PC_EDUEXP","A","2008",4.5,
"DNK","EDUEXPTRY","PRIV","PC_EDUEXP","A","2010",5,
"DNK","EDUEXPTRY","PRIV","PC_EDUEXP","A","2011",5.5,
"DNK","EDUEXPTRY","PRIV","PC_EDUEXP","A","2012",,"M"
"DNK","EDUEXPTRY","PRIV","PC_EDUEXP","A","2013",6,
"FRA","EDUEXPTRY","PUB","PC_EDUEXP","A","2005",83.6,
"FRA","EDUEXPTRY","PUB","PC_EDUEXP","A","2008",81.7,
"FRA","EDUEXPTRY","PUB","PC_EDUEXP","A","2010",81.9,
"FRA","EDUEXPTRY","PUB","PC_EDUEXP","A","2011",80.8,
"FRA","EDUEXPTRY","PUB","PC_EDUEXP","A","2012",79.8,
"FRA","EDUEXPTRY","PUB","PC_EDUEXP","A","2013",78.9,
"DEU","EDUEXPTRY","PRIV","PC_EDUEXP","A","2005",13.3,
"DEU","EDUEXPTRY","PRIV","PC_EDUEXP","A","2008",13.5,
"DEU","EDUEXPTRY","PRIV","PC_EDUEXP","A","2010",13.7,
"DEU","EDUEXPTRY","PRIV","PC_EDUEXP","A","2011",13.4,
"DEU","EDUEXPTRY","PRIV","PC_EDUEXP","A","2012",14.1,
"DEU","EDUEXPTRY","PRIV","PC_EDUEXP","A","2013",14.4,
"ISL","EDUEXPTRY","PRIV","PC_EDUEXP","A","2005",9.5,
"ISL","EDUEXPTRY","PRIV","PC_EDUEXP","A","2008",7.8,
"ISL","EDUEXPTRY","PRIV","PC_EDUEXP","A","2010",8.8,
"ISL","EDUEXPTRY","PRIV","PC_EDUEXP","A","2011",9.4,
"ISL","EDUEXPTRY","PRIV","PC_EDUEXP","A","2012",8.3,
"ISL","EDUEXPTRY","PRIV","PC_EDUEXP","A","2013",8.8,
"CHL","EDUEXPTRY","PUB","PC_EDUEXP","A","2005",15.9,
"CHL","EDUEXPTRY","PUB","PC_EDUEXP","A","2008",14.6,
"CHL","EDUEXPTRY","PUB","PC_EDUEXP","A","2010",22.1,
"CHL","EDUEXPTRY","PUB","PC_EDUEXP","A","2011",24.2,
"CHL","EDUEXPTRY","PUB","PC_EDUEXP","A","2012",,"M"
"CHL","EDUEXPTRY","PUB","PC_EDUEXP","A","2013",34.6,
"CHL","EDUEXPTRY","PUB","PC_EDUEXP","A","2014",37.5,
"CHN","EDUEXPTRY","PRIV","PC_EDUEXP","A","2005",,"M"
"CHN","EDUEXPTRY","PRIV","PC_EDUEXP","A","2008",,"M"
"CHN","EDUEXPTRY","PRIV","PC_EDUEXP","A","2010",,"M"
"CHN","EDUEXPTRY","PRIV","PC_EDUEXP","A","2011",,"M"
"CHN","EDUEXPTRY","PRIV","PC_EDUEXP","A","2012",,"M"
"CHN","EDUEXPTRY","PRIV","PC_EDUEXP","A","2013",,"M"
"SAU","EDUEXPTRY","PUB","PC_EDUEXP","A","2005",,"M"
"SAU","EDUEXPTRY","PUB","PC_EDUEXP","A","2008",,"M"
"SAU","EDUEXPTRY","PUB","PC_EDUEXP","A","2010",,"M"
"SAU","EDUEXPTRY","PUB","PC_EDUEXP","A","2011",,"M"
"SAU","EDUEXPTRY","PUB","PC_EDUEXP","A","2012",,"M"
"SAU","EDUEXPTRY","PUB","PC_EDUEXP","A","2013",,"M"
"OAVG","EDUEXPTRY","PRIV","PC_EDUEXP","A","2005",29.8,
"OAVG","EDUEXPTRY","PRIV","PC_EDUEXP","A","2008",30,
"OAVG","EDUEXPTRY","PRIV","PC_EDUEXP","A","2010",29.7,
"OAVG","EDUEXPTRY","PRIV","PC_EDUEXP","A","2011",29.6,
"OAVG","EDUEXPTRY","PRIV","PC_EDUEXP","A","2012",30.4,
"OAVG","EDUEXPTRY","PRIV","PC_EDUEXP","A","2013",30.2,
"OAVG","EDUEXPTRY","PUB","PC_EDUEXP","A","2005",70.2,
"OAVG","EDUEXPTRY","PUB","PC_EDUEXP","A","2008",70,
"OAVG","EDUEXPTRY","PUB","PC_EDUEXP","A","2010",70.3,
"OAVG","EDUEXPTRY","PUB","PC_EDUEXP","A","2011",71,
"OAVG","EDUEXPTRY","PUB","PC_EDUEXP","A","2012",70.8,
"OAVG","EDUEXPTRY","PUB","PC_EDUEXP","A","2013",70.5,
"COL","EDUEXPTRY","PUB","PC_EDUEXP","A","2005",,"M"
"COL","EDUEXPTRY","PUB","PC_EDUEXP","A","2008",,"M"
"COL","EDUEXPTRY","PUB","PC_EDUEXP","A","2010",,"M"
"COL","EDUEXPTRY","PUB","PC_EDUEXP","A","2011",,"M"
"COL","EDUEXPTRY","PUB","PC_EDUEXP","A","2012",42.6,
"COL","EDUEXPTRY","PUB","PC_EDUEXP","A","2013",50.8,
"LVA","EDUEXPTRY","PUB","PC_EDUEXP","A","2005",,"M"
"LVA","EDUEXPTRY","PUB","PC_EDUEXP","A","2008",,"M"
"LVA","EDUEXPTRY","PUB","PC_EDUEXP","A","2010",,"M"
"LVA","EDUEXPTRY","PUB","PC_EDUEXP","A","2011",,"M"
"LVA","EDUEXPTRY","PUB","PC_EDUEXP","A","2012",63.6,
"LVA","EDUEXPTRY","PUB","PC_EDUEXP","A","2013",67.8,
"COL","EDUEXPTRY","PRIV","PC_EDUEXP","A","2005",,"M"
"COL","EDUEXPTRY","PRIV","PC_EDUEXP","A","2008",,"M"
"COL","EDUEXPTRY","PRIV","PC_EDUEXP","A","2010",,"M"
"COL","EDUEXPTRY","PRIV","PC_EDUEXP","A","2011",,"M"
"COL","EDUEXPTRY","PRIV","PC_EDUEXP","A","2012",57.4,
"COL","EDUEXPTRY","PRIV","PC_EDUEXP","A","2013",49.2,
"LVA","EDUEXPTRY","PRIV","PC_EDUEXP","A","2005",,"M"
"LVA","EDUEXPTRY","PRIV","PC_EDUEXP","A","2008",,"M"
"LVA","EDUEXPTRY","PRIV","PC_EDUEXP","A","2010",,"M"
"LVA","EDUEXPTRY","PRIV","PC_EDUEXP","A","2011",,"M"
"LVA","EDUEXPTRY","PRIV","PC_EDUEXP","A","2012",36.4,
"LVA","EDUEXPTRY","PRIV","PC_EDUEXP","A","2013",32.2,
"CAN","EDUEXPTRY","SUBS","PC_EDUEXP","A","2012",4.3,
"CZE","EDUEXPTRY","SUBS","PC_EDUEXP","A","2012",1.4,
"DNK","EDUEXPTRY","HH","PC_EDUEXP","A","2012",,"M"
"DNK","EDUEXPTRY","HH","PC_EDUEXP","A","2013",0,
"DNK","EDUEXPTRY","OTHPRIVENT","PC_EDUEXP","A","2012",,"M"
"DNK","EDUEXPTRY","OTHPRIVENT","PC_EDUEXP","A","2013",6,
"DNK","EDUEXPTRY","SUBS","PC_EDUEXP","A","2012",,"M"
"FIN","EDUEXPTRY","SUBS","PC_EDUEXP","A","2012",15,
"FRA","EDUEXPTRY","SUBS","PC_EDUEXP","A","2012",7.3,
"DEU","EDUEXPTRY","SUBS","PC_EDUEXP","A","2012",,"M"
"GRC","EDUEXPTRY","HH","PC_EDUEXP","A","2013",,"M"
"GRC","EDUEXPTRY","OTHPRIVENT","PC_EDUEXP","A","2013",,"M"
"GRC","EDUEXPTRY","SUBS","PC_EDUEXP","A","2012",,"M"
"HUN","EDUEXPTRY","SUBS","PC_EDUEXP","A","2012",9.8,
"IRL","EDUEXPTRY","SUBS","PC_EDUEXP","A","2012",17.8,
"JPN","EDUEXPTRY","SUBS","PC_EDUEXP","A","2012",,"M"
"LUX","EDUEXPTRY","HH","PC_EDUEXP","A","2012",2.8,
"LUX","EDUEXPTRY","HH","PC_EDUEXP","A","2013",,"M"
"LUX","EDUEXPTRY","OTHPRIVENT","PC_EDUEXP","A","2012",2.4,
"LUX","EDUEXPTRY","OTHPRIVENT","PC_EDUEXP","A","2013",,"M"
"LUX","EDUEXPTRY","SUBS","PC_EDUEXP","A","2012",11.8,
"NZL","EDUEXPTRY","OTHPRIVENT","PC_EDUEXP","A","2012",14.5,
"NZL","EDUEXPTRY","OTHPRIVENT","PC_EDUEXP","A","2013",15.1,
"NZL","EDUEXPTRY","SUBS","PC_EDUEXP","A","2012",11.4,
"NOR","EDUEXPTRY","OTHPRIVENT","PC_EDUEXP","A","2012",0.6,
"NOR","EDUEXPTRY","OTHPRIVENT","PC_EDUEXP","A","2013",0.5,
"NOR","EDUEXPTRY","SUBS","PC_EDUEXP","A","2012",18,
"POL","EDUEXPTRY","SUBS","PC_EDUEXP","A","2012",11,
"PRT","EDUEXPTRY","SUBS","PC_EDUEXP","A","2012",13.1,
"SWE","EDUEXPTRY","HH","PC_EDUEXP","A","2012",0.4,
"SWE","EDUEXPTRY","HH","PC_EDUEXP","A","2013",0.5,
"SWE","EDUEXPTRY","SUBS","PC_EDUEXP","A","2012",0,
"CHE","EDUEXPTRY","HH","PC_EDUEXP","A","2012",,"M"
"CHE","EDUEXPTRY","HH","PC_EDUEXP","A","2013",,"M"
"CHE","EDUEXPTRY","OTHPRIVENT","PC_EDUEXP","A","2012",,"M"
"CHE","EDUEXPTRY","OTHPRIVENT","PC_EDUEXP","A","2013",,"M"
"CHE","EDUEXPTRY","SUBS","PC_EDUEXP","A","2012",,"M"
"TUR","EDUEXPTRY","HH","PC_EDUEXP","A","2012",19.6,
"TUR","EDUEXPTRY","HH","PC_EDUEXP","A","2013",12.8,
"TUR","EDUEXPTRY","OTHPRIVENT","PC_EDUEXP","A","2012",,"M"
"TUR","EDUEXPTRY","OTHPRIVENT","PC_EDUEXP","A","2013",6.9,
"TUR","EDUEXPTRY","SUBS","PC_EDUEXP","A","2012",5.1,
"USA","EDUEXPTRY","SUBS","PC_EDUEXP","A","2012",12.7,
"ARG","EDUEXPTRY","OTHPRIVENT","PC_EDUEXP","A","2012",,"M"
"ARG","EDUEXPTRY","SUBS","PC_EDUEXP","A","2012",,"M"
"BRA","EDUEXPTRY","HH","PC_EDUEXP","A","2012",,"M"
"BRA","EDUEXPTRY","HH","PC_EDUEXP","A","2013",,"M"
"BRA","EDUEXPTRY","OTHPRIVENT","PC_EDUEXP","A","2012",,"M"
"BRA","EDUEXPTRY","OTHPRIVENT","PC_EDUEXP","A","2013",,"M"
"BRA","EDUEXPTRY","SUBS","PC_EDUEXP","A","2012",,"M"
"CHN","EDUEXPTRY","HH","PC_EDUEXP","A","2013",,"M"
"CHN","EDUEXPTRY","OTHPRIVENT","PC_EDUEXP","A","2013",,"M"
"CHN","EDUEXPTRY","SUBS","PC_EDUEXP","A","2012",,"M"
"COL","EDUEXPTRY","HH","PC_EDUEXP","A","2012",57.4,
"COL","EDUEXPTRY","OTHPRIVENT","PC_EDUEXP","A","2012",0,
"COL","EDUEXPTRY","SUBS","PC_EDUEXP","A","2012",5.4,
"EST","EDUEXPTRY","SUBS","PC_EDUEXP","A","2012",4.2,
"IND","EDUEXPTRY","HH","PC_EDUEXP","A","2013",,"M"
"IND","EDUEXPTRY","OTHPRIVENT","PC_EDUEXP","A","2013",,"M"
"IND","EDUEXPTRY","SUBS","PC_EDUEXP","A","2012",,"M"
"IDN","EDUEXPTRY","HH","PC_EDUEXP","A","2012",29.3,
"IDN","EDUEXPTRY","HH","PC_EDUEXP","A","2013",,"M"
"IDN","EDUEXPTRY","OTHPRIVENT","PC_EDUEXP","A","2012",,"M"
"IDN","EDUEXPTRY","OTHPRIVENT","PC_EDUEXP","A","2013",,"M"
"IDN","EDUEXPTRY","SUBS","PC_EDUEXP","A","2012",2.2,
"LVA","EDUEXPTRY","HH","PC_EDUEXP","A","2012",36.2,
"LVA","EDUEXPTRY","HH","PC_EDUEXP","A","2013",30.6,
"LVA","EDUEXPTRY","OTHPRIVENT","PC_EDUEXP","A","2012",0.2,
"LVA","EDUEXPTRY","OTHPRIVENT","PC_EDUEXP","A","2013",1.7,
"LVA","EDUEXPTRY","SUBS","PC_EDUEXP","A","2012",10.8,
"RUS","EDUEXPTRY","SUBS","PC_EDUEXP","A","2012",,"M"
"SAU","EDUEXPTRY","HH","PC_EDUEXP","A","2013",,"M"
"SAU","EDUEXPTRY","OTHPRIVENT","PC_EDUEXP","A","2013",,"M"
"SAU","EDUEXPTRY","SUBS","PC_EDUEXP","A","2012",,"M"
"SVN","EDUEXPTRY","SUBS","PC_EDUEXP","A","2012",15.9,
"ZAF","EDUEXPTRY","HH","PC_EDUEXP","A","2013",,"M"
"ZAF","EDUEXPTRY","OTHPRIVENT","PC_EDUEXP","A","2013",,"M"
"ZAF","EDUEXPTRY","SUBS","PC_EDUEXP","A","2012",,"M"
"FIN","EDUEXPTRY","HH","PC_EDUEXP","A","2012",0,
"FIN","EDUEXPTRY","HH","PC_EDUEXP","A","2013",0,
"FIN","EDUEXPTRY","OTHPRIVENT","PC_EDUEXP","A","2012",3.8,
"FIN","EDUEXPTRY","OTHPRIVENT","PC_EDUEXP","A","2013",3.9,
"DEU","EDUEXPTRY","HH","PC_EDUEXP","A","2012",0,
"DEU","EDUEXPTRY","OTHPRIVENT","PC_EDUEXP","A","2012",0,
"HUN","EDUEXPTRY","HH","PC_EDUEXP","A","2012",45.6,
"CRI","EDUEXPTRY","PRIV","PC_EDUEXP","A","2005",,"M"
"CRI","EDUEXPTRY","PRIV","PC_EDUEXP","A","2008",,"M"
"CRI","EDUEXPTRY","PRIV","PC_EDUEXP","A","2010",,"M"
"CRI","EDUEXPTRY","PRIV","PC_EDUEXP","A","2011",,"M"
"CRI","EDUEXPTRY","PRIV","PC_EDUEXP","A","2012",,"M"
"CRI","EDUEXPTRY","PRIV","PC_EDUEXP","A","2013",39.2,
"CRI","EDUEXPTRY","PUB","PC_EDUEXP","A","2005",,"M"
"CRI","EDUEXPTRY","PUB","PC_EDUEXP","A","2008",,"M"
"CRI","EDUEXPTRY","PUB","PC_EDUEXP","A","2010",,"M"
"CRI","EDUEXPTRY","PUB","PC_EDUEXP","A","2011",,"M"
"CRI","EDUEXPTRY","PUB","PC_EDUEXP","A","2012",,"M"
"CRI","EDUEXPTRY","PUB","PC_EDUEXP","A","2013",60.8,
"LTU","EDUEXPTRY","HH","PC_EDUEXP","A","2012",,"M"
"LTU","EDUEXPTRY","HH","PC_EDUEXP","A","2013",18.9,
"LTU","EDUEXPTRY","OTHPRIVENT","PC_EDUEXP","A","2012",,"M"
"LTU","EDUEXPTRY","OTHPRIVENT","PC_EDUEXP","A","2013",5.7,
"LTU","EDUEXPTRY","PRIV","PC_EDUEXP","A","2005",,"M"
"LTU","EDUEXPTRY","PRIV","PC_EDUEXP","A","2008",,"M"
"LTU","EDUEXPTRY","PRIV","PC_EDUEXP","A","2010",,"M"
"LTU","EDUEXPTRY","PRIV","PC_EDUEXP","A","2011",,"M"
"LTU","EDUEXPTRY","PRIV","PC_EDUEXP","A","2012",,"M"
"LTU","EDUEXPTRY","PRIV","PC_EDUEXP","A","2013",24.7,
"LTU","EDUEXPTRY","PUB","PC_EDUEXP","A","2005",,"M"
"LTU","EDUEXPTRY","PUB","PC_EDUEXP","A","2008",,"M"
"LTU","EDUEXPTRY","PUB","PC_EDUEXP","A","2010",,"M"
"LTU","EDUEXPTRY","PUB","PC_EDUEXP","A","2011",,"M"
"LTU","EDUEXPTRY","PUB","PC_EDUEXP","A","2012",74.8,
"LTU","EDUEXPTRY","PUB","PC_EDUEXP","A","2013",75.3,
"OAVG","EDUEXPTRY","HH","PC_EDUEXP","A","2012",20.9,
"OAVG","EDUEXPTRY","HH","PC_EDUEXP","A","2013",21.4,
"OAVG","EDUEXPTRY","OTHPRIVENT","PC_EDUEXP","A","2012",9.5,
"OAVG","EDUEXPTRY","OTHPRIVENT","PC_EDUEXP","A","2013",9.1,
