﻿"LOCATION","INDICATOR","SUBJECT","MEASURE","FREQUENCY","TIME","Value","Flag Codes"
"AUT","TEACHINGSTAFF","PRY","NBR","A","2005",,"M"
"AUT","TEACHINGSTAFF","PRY","NBR","A","2010",29440.509,
"AUT","TEACHINGSTAFF","PRY","NBR","A","2011",29745.343,
"AUT","TEACHINGSTAFF","PRY","NBR","A","2012",30000.364,
"AUT","TEACHINGSTAFF","PRY","NBR","A","2013",30565.955,
"AUT","TEACHINGSTAFF","PRY","NBR","A","2014",30533.424,
"AUT","TEACHINGSTAFF","UPPSRY","NBR","A","2005",,"M"
"AUT","TEACHINGSTAFF","UPPSRY","NBR","A","2010",31350.866,
"AUT","TEACHINGSTAFF","UPPSRY","NBR","A","2011",31629.586,
"AUT","TEACHINGSTAFF","UPPSRY","NBR","A","2012",31116.833,
"AUT","TEACHINGSTAFF","UPPSRY","NBR","A","2013",31779.954,
"AUT","TEACHINGSTAFF","UPPSRY","NBR","A","2014",30784.482,
"AUT","TEACHINGSTAFF","LOWSRY","NBR","A","2005",,"M"
"AUT","TEACHINGSTAFF","LOWSRY","NBR","A","2010",42136.463,
"AUT","TEACHINGSTAFF","LOWSRY","NBR","A","2011",42075.372,
"AUT","TEACHINGSTAFF","LOWSRY","NBR","A","2012",41602.977,
"AUT","TEACHINGSTAFF","LOWSRY","NBR","A","2013",41255.91,
"AUT","TEACHINGSTAFF","LOWSRY","NBR","A","2014",41779.166,
"BEL","TEACHINGSTAFF","ALLLEVEL","NBR","A","2005",,"M"
"BEL","TEACHINGSTAFF","ALLLEVEL","NBR","A","2010",,"M"
"BEL","TEACHINGSTAFF","ALLLEVEL","NBR","A","2011",,"M"
"BEL","TEACHINGSTAFF","ALLLEVEL","NBR","A","2012",,"M"
"BEL","TEACHINGSTAFF","ALLLEVEL","NBR","A","2013",265355,
"BEL","TEACHINGSTAFF","ALLLEVEL","NBR","A","2014",265907,
"BEL","TEACHINGSTAFF","TRY","NBR","A","2005",25774,
"BEL","TEACHINGSTAFF","TRY","NBR","A","2010",28585,
"BEL","TEACHINGSTAFF","TRY","NBR","A","2011",28527,
"BEL","TEACHINGSTAFF","TRY","NBR","A","2012",28859,
"BEL","TEACHINGSTAFF","TRY","NBR","A","2013",29895,
"BEL","TEACHINGSTAFF","TRY","NBR","A","2014",28602,
"BEL","TEACHINGSTAFF","LOWSRY","NBR","A","2005",43340,
"BEL","TEACHINGSTAFF","LOWSRY","NBR","A","2010",45349,
"BEL","TEACHINGSTAFF","LOWSRY","NBR","A","2011",44330,
"BEL","TEACHINGSTAFF","LOWSRY","NBR","A","2012",44621,
"BEL","TEACHINGSTAFF","LOWSRY","NBR","A","2013",46920,
"BEL","TEACHINGSTAFF","LOWSRY","NBR","A","2014",47390,
"CZE","TEACHINGSTAFF","ALLLEVEL","NBR","A","2005",152315,
"CZE","TEACHINGSTAFF","ALLLEVEL","NBR","A","2010",117665.3,
"CZE","TEACHINGSTAFF","ALLLEVEL","NBR","A","2011",116340.6,
"CZE","TEACHINGSTAFF","ALLLEVEL","NBR","A","2012",114369.4,
"CZE","TEACHINGSTAFF","ALLLEVEL","NBR","A","2013",137918.5,
"CZE","TEACHINGSTAFF","ALLLEVEL","NBR","A","2014",137698.7,
"CZE","TEACHINGSTAFF","PRY","NBR","A","2005",30952,
"CZE","TEACHINGSTAFF","PRY","NBR","A","2010",24769.3,
"CZE","TEACHINGSTAFF","PRY","NBR","A","2011",24880.2,
"CZE","TEACHINGSTAFF","PRY","NBR","A","2012",25161.1,
"CZE","TEACHINGSTAFF","PRY","NBR","A","2013",25979.1,
"CZE","TEACHINGSTAFF","PRY","NBR","A","2014",27338.5,
"CZE","TEACHINGSTAFF","TRY","NBR","A","2005",24298,
"CZE","TEACHINGSTAFF","TRY","NBR","A","2010",16655.7,
"CZE","TEACHINGSTAFF","TRY","NBR","A","2011",18001.8,
"CZE","TEACHINGSTAFF","TRY","NBR","A","2012",17476,
"CZE","TEACHINGSTAFF","TRY","NBR","A","2013",16426.1,
"CZE","TEACHINGSTAFF","TRY","NBR","A","2014",16869.4,
"CZE","TEACHINGSTAFF","UPPSRY","NBR","A","2005",56977,
"CZE","TEACHINGSTAFF","UPPSRY","NBR","A","2010",42580.7,
"CZE","TEACHINGSTAFF","UPPSRY","NBR","A","2011",40284.2,
"CZE","TEACHINGSTAFF","UPPSRY","NBR","A","2012",38882.1,
"CZE","TEACHINGSTAFF","UPPSRY","NBR","A","2013",36984.2,
"CZE","TEACHINGSTAFF","UPPSRY","NBR","A","2014",35203.9,
"CZE","TEACHINGSTAFF","LOWSRY","NBR","A","2005",40088,
"CZE","TEACHINGSTAFF","LOWSRY","NBR","A","2010",33659.6,
"CZE","TEACHINGSTAFF","LOWSRY","NBR","A","2011",33174.4,
"CZE","TEACHINGSTAFF","LOWSRY","NBR","A","2012",32850.2,
"CZE","TEACHINGSTAFF","LOWSRY","NBR","A","2013",32402.9,
"CZE","TEACHINGSTAFF","LOWSRY","NBR","A","2014",30857.4,
"FIN","TEACHINGSTAFF","ALLLEVEL","NBR","A","2005",80615,
"FIN","TEACHINGSTAFF","ALLLEVEL","NBR","A","2010",83226,
"FIN","TEACHINGSTAFF","ALLLEVEL","NBR","A","2011",86254,
"FIN","TEACHINGSTAFF","ALLLEVEL","NBR","A","2012",86616,
"FIN","TEACHINGSTAFF","ALLLEVEL","NBR","A","2013",103158,
"FIN","TEACHINGSTAFF","ALLLEVEL","NBR","A","2014",102618,
"FIN","TEACHINGSTAFF","PRY","NBR","A","2005",24577,
"FIN","TEACHINGSTAFF","PRY","NBR","A","2010",24736,
"FIN","TEACHINGSTAFF","PRY","NBR","A","2011",25281,
"FIN","TEACHINGSTAFF","PRY","NBR","A","2012",25609,
"FIN","TEACHINGSTAFF","PRY","NBR","A","2013",26402,
"FIN","TEACHINGSTAFF","PRY","NBR","A","2014",26385,
"FIN","TEACHINGSTAFF","TRY","NBR","A","2005",14056,
"FIN","TEACHINGSTAFF","TRY","NBR","A","2010",15414,
"FIN","TEACHINGSTAFF","TRY","NBR","A","2011",16480,
"FIN","TEACHINGSTAFF","TRY","NBR","A","2012",16164,
"FIN","TEACHINGSTAFF","TRY","NBR","A","2013",16333,
"FIN","TEACHINGSTAFF","TRY","NBR","A","2014",15835,
"FIN","TEACHINGSTAFF","UPPSRY","NBR","A","2005",21121,
"FIN","TEACHINGSTAFF","UPPSRY","NBR","A","2010",23074,
"FIN","TEACHINGSTAFF","UPPSRY","NBR","A","2011",24078,
"FIN","TEACHINGSTAFF","UPPSRY","NBR","A","2012",24170,
"FIN","TEACHINGSTAFF","UPPSRY","NBR","A","2013",22483,
"FIN","TEACHINGSTAFF","UPPSRY","NBR","A","2014",22011,
"FIN","TEACHINGSTAFF","LOWSRY","NBR","A","2005",20861,
"FIN","TEACHINGSTAFF","LOWSRY","NBR","A","2010",20002,
"FIN","TEACHINGSTAFF","LOWSRY","NBR","A","2011",20415,
"FIN","TEACHINGSTAFF","LOWSRY","NBR","A","2012",20673,
"FIN","TEACHINGSTAFF","LOWSRY","NBR","A","2013",20095,
"FIN","TEACHINGSTAFF","LOWSRY","NBR","A","2014",20074,
"FRA","TEACHINGSTAFF","ALLLEVEL","NBR","A","2005",881402,
"FRA","TEACHINGSTAFF","ALLLEVEL","NBR","A","2010",810244,
"FRA","TEACHINGSTAFF","ALLLEVEL","NBR","A","2011",817166,
"FRA","TEACHINGSTAFF","ALLLEVEL","NBR","A","2012",810101,
"FRA","TEACHINGSTAFF","ALLLEVEL","NBR","A","2013",922297,
"FRA","TEACHINGSTAFF","ALLLEVEL","NBR","A","2014",919546,
"FRA","TEACHINGSTAFF","PRY","NBR","A","2005",216411,
"FRA","TEACHINGSTAFF","PRY","NBR","A","2010",234098,
"FRA","TEACHINGSTAFF","PRY","NBR","A","2011",238141,
"FRA","TEACHINGSTAFF","PRY","NBR","A","2012",233262,
"FRA","TEACHINGSTAFF","PRY","NBR","A","2013",229471,
"FRA","TEACHINGSTAFF","PRY","NBR","A","2014",228648,
"FRA","TEACHINGSTAFF","TRY","NBR","A","2005",136929,
"FRA","TEACHINGSTAFF","TRY","NBR","A","2010",112974,
"FRA","TEACHINGSTAFF","TRY","NBR","A","2011",115049,
"FRA","TEACHINGSTAFF","TRY","NBR","A","2012",115511,
"FRA","TEACHINGSTAFF","TRY","NBR","A","2013",109826,
"FRA","TEACHINGSTAFF","TRY","NBR","A","2014",109763,
"FRA","TEACHINGSTAFF","UPPSRY","NBR","A","2005",275030,
"FRA","TEACHINGSTAFF","UPPSRY","NBR","A","2010",233642,
"FRA","TEACHINGSTAFF","UPPSRY","NBR","A","2011",234505,
"FRA","TEACHINGSTAFF","UPPSRY","NBR","A","2012",237890,
"FRA","TEACHINGSTAFF","UPPSRY","NBR","A","2013",230005,
"FRA","TEACHINGSTAFF","UPPSRY","NBR","A","2014",227025,
"FRA","TEACHINGSTAFF","LOWSRY","NBR","A","2005",253032,
"FRA","TEACHINGSTAFF","LOWSRY","NBR","A","2010",229530,
"FRA","TEACHINGSTAFF","LOWSRY","NBR","A","2011",229471,
"FRA","TEACHINGSTAFF","LOWSRY","NBR","A","2012",223438,
"FRA","TEACHINGSTAFF","LOWSRY","NBR","A","2013",227044,
"FRA","TEACHINGSTAFF","LOWSRY","NBR","A","2014",228134,
"DEU","TEACHINGSTAFF","ALLLEVEL","NBR","A","2005",1138967.396,
"DEU","TEACHINGSTAFF","ALLLEVEL","NBR","A","2010",1462159.554,
"DEU","TEACHINGSTAFF","ALLLEVEL","NBR","A","2011",1506280.125,
"DEU","TEACHINGSTAFF","ALLLEVEL","NBR","A","2012",1525028.442,
"DEU","TEACHINGSTAFF","ALLLEVEL","NBR","A","2013",1547085.605,
"DEU","TEACHINGSTAFF","ALLLEVEL","NBR","A","2014",1561907.85,
"DEU","TEACHINGSTAFF","PRY","NBR","A","2005",222132.806,
"DEU","TEACHINGSTAFF","PRY","NBR","A","2010",228673.76,
"DEU","TEACHINGSTAFF","PRY","NBR","A","2011",235065.037,
"DEU","TEACHINGSTAFF","PRY","NBR","A","2012",233332.338,
"DEU","TEACHINGSTAFF","PRY","NBR","A","2013",233046.018,
"DEU","TEACHINGSTAFF","PRY","NBR","A","2014",232750.023,
"DEU","TEACHINGSTAFF","TRY","NBR","A","2005",251389.639,
"DEU","TEACHINGSTAFF","TRY","NBR","A","2010",313225.227,
"DEU","TEACHINGSTAFF","TRY","NBR","A","2011",336787.937,
"DEU","TEACHINGSTAFF","TRY","NBR","A","2012",350415.166,
"DEU","TEACHINGSTAFF","TRY","NBR","A","2013",369336.523,
"DEU","TEACHINGSTAFF","TRY","NBR","A","2014",384603.963,
"DEU","TEACHINGSTAFF","UPPSRY","NBR","A","2005",153468.929,
"DEU","TEACHINGSTAFF","UPPSRY","NBR","A","2010",173806.858,
"DEU","TEACHINGSTAFF","UPPSRY","NBR","A","2011",183784.581,
"DEU","TEACHINGSTAFF","UPPSRY","NBR","A","2012",181451.504,
"DEU","TEACHINGSTAFF","UPPSRY","NBR","A","2013",179531.367,
"DEU","TEACHINGSTAFF","UPPSRY","NBR","A","2014",179774.76,
"DEU","TEACHINGSTAFF","LOWSRY","NBR","A","2005",431537.35,
"DEU","TEACHINGSTAFF","LOWSRY","NBR","A","2010",422026.251,
"DEU","TEACHINGSTAFF","LOWSRY","NBR","A","2011",421045.482,
"DEU","TEACHINGSTAFF","LOWSRY","NBR","A","2012",418913.308,
"DEU","TEACHINGSTAFF","LOWSRY","NBR","A","2013",417524.955,
"DEU","TEACHINGSTAFF","LOWSRY","NBR","A","2014",410254.986,
"GRC","TEACHINGSTAFF","TRY","NBR","A","2005",27161,
"GRC","TEACHINGSTAFF","TRY","NBR","A","2010",,"M"
"GRC","TEACHINGSTAFF","TRY","NBR","A","2011",,"M"
"GRC","TEACHINGSTAFF","TRY","NBR","A","2012",,"M"
"GRC","TEACHINGSTAFF","TRY","NBR","A","2013",17877,
"GRC","TEACHINGSTAFF","TRY","NBR","A","2014",15221,
"HUN","TEACHINGSTAFF","ALLLEVEL","NBR","A","2005",,"M"
"HUN","TEACHINGSTAFF","ALLLEVEL","NBR","A","2010",,"M"
"HUN","TEACHINGSTAFF","ALLLEVEL","NBR","A","2011",,"M"
"HUN","TEACHINGSTAFF","ALLLEVEL","NBR","A","2012",153382,
"HUN","TEACHINGSTAFF","ALLLEVEL","NBR","A","2013",183011,
"HUN","TEACHINGSTAFF","ALLLEVEL","NBR","A","2014",167614,
"HUN","TEACHINGSTAFF","PRY","NBR","A","2005",41230,
"HUN","TEACHINGSTAFF","PRY","NBR","A","2010",36675,
"HUN","TEACHINGSTAFF","PRY","NBR","A","2011",36716,
"HUN","TEACHINGSTAFF","PRY","NBR","A","2012",36719,
"HUN","TEACHINGSTAFF","PRY","NBR","A","2013",37054,
"HUN","TEACHINGSTAFF","PRY","NBR","A","2014",34955,
"HUN","TEACHINGSTAFF","TRY","NBR","A","2005",25413,
"HUN","TEACHINGSTAFF","TRY","NBR","A","2010",24596,
"HUN","TEACHINGSTAFF","TRY","NBR","A","2011",22697,
"HUN","TEACHINGSTAFF","TRY","NBR","A","2012",24279,
"HUN","TEACHINGSTAFF","TRY","NBR","A","2013",23674,
"HUN","TEACHINGSTAFF","TRY","NBR","A","2014",21778,
"HUN","TEACHINGSTAFF","UPPSRY","NBR","A","2005",47055,
"HUN","TEACHINGSTAFF","UPPSRY","NBR","A","2010",47639,
"HUN","TEACHINGSTAFF","UPPSRY","NBR","A","2011",47563,
"HUN","TEACHINGSTAFF","UPPSRY","NBR","A","2012",46474,
"HUN","TEACHINGSTAFF","UPPSRY","NBR","A","2013",44676,
"HUN","TEACHINGSTAFF","UPPSRY","NBR","A","2014",40851,
"HUN","TEACHINGSTAFF","LOWSRY","NBR","A","2005",49533,
"HUN","TEACHINGSTAFF","LOWSRY","NBR","A","2010",41110,
"HUN","TEACHINGSTAFF","LOWSRY","NBR","A","2011",40440,
"HUN","TEACHINGSTAFF","LOWSRY","NBR","A","2012",39624,
"HUN","TEACHINGSTAFF","LOWSRY","NBR","A","2013",40318,
"HUN","TEACHINGSTAFF","LOWSRY","NBR","A","2014",37823,
"ISL","TEACHINGSTAFF","ALLLEVEL","NBR","A","2005",,"M"
"ISL","TEACHINGSTAFF","ALLLEVEL","NBR","A","2010",,"M"
"ISL","TEACHINGSTAFF","ALLLEVEL","NBR","A","2011",,"M"
"ISL","TEACHINGSTAFF","ALLLEVEL","NBR","A","2012",,"M"
"ISL","TEACHINGSTAFF","ALLLEVEL","NBR","A","2013",,"M"
"ISL","TEACHINGSTAFF","TRY","NBR","A","2005",,"M"
"ISL","TEACHINGSTAFF","TRY","NBR","A","2010",,"M"
"ISL","TEACHINGSTAFF","TRY","NBR","A","2011",,"M"
"ISL","TEACHINGSTAFF","TRY","NBR","A","2012",,"M"
"ISL","TEACHINGSTAFF","TRY","NBR","A","2013",,"M"
"ISL","TEACHINGSTAFF","TRY","NBR","A","2014",,"M"
"ISL","TEACHINGSTAFF","UPPSRY","NBR","A","2005",,"M"
"ISL","TEACHINGSTAFF","UPPSRY","NBR","A","2010",,"M"
"ISL","TEACHINGSTAFF","UPPSRY","NBR","A","2011",,"M"
"ISL","TEACHINGSTAFF","UPPSRY","NBR","A","2012",,"M"
"ISL","TEACHINGSTAFF","UPPSRY","NBR","A","2013",,"M"
"ISL","TEACHINGSTAFF","UPPSRY","NBR","A","2014",,"M"
"IRL","TEACHINGSTAFF","ALLLEVEL","NBR","A","2005",,"M"
"IRL","TEACHINGSTAFF","ALLLEVEL","NBR","A","2010",,"M"
"IRL","TEACHINGSTAFF","ALLLEVEL","NBR","A","2011",,"M"
"IRL","TEACHINGSTAFF","ALLLEVEL","NBR","A","2012",,"M"
"IRL","TEACHINGSTAFF","ALLLEVEL","NBR","A","2013",,"M"
"IRL","TEACHINGSTAFF","ALLLEVEL","NBR","A","2014",,"M"
"IRL","TEACHINGSTAFF","PRY","NBR","A","2005",25416,
"IRL","TEACHINGSTAFF","PRY","NBR","A","2010",32043,
"IRL","TEACHINGSTAFF","PRY","NBR","A","2011",32848,
"IRL","TEACHINGSTAFF","PRY","NBR","A","2012",32267,
"IRL","TEACHINGSTAFF","PRY","NBR","A","2013",32175,
"IRL","TEACHINGSTAFF","PRY","NBR","A","2014",32828,
"ITA","TEACHINGSTAFF","ALLLEVEL","NBR","A","2005",,"M"
"ITA","TEACHINGSTAFF","ALLLEVEL","NBR","A","2010",,"M"
"ITA","TEACHINGSTAFF","ALLLEVEL","NBR","A","2011",,"M"
"ITA","TEACHINGSTAFF","ALLLEVEL","NBR","A","2012",,"M"
"ITA","TEACHINGSTAFF","ALLLEVEL","NBR","A","2013",,"M"
"ITA","TEACHINGSTAFF","ALLLEVEL","NBR","A","2014",,"M"
"ITA","TEACHINGSTAFF","PRY","NBR","A","2005",264061.026,
"ITA","TEACHINGSTAFF","PRY","NBR","A","2010",237445.366,
"ITA","TEACHINGSTAFF","PRY","NBR","A","2011",230364.139,
"ITA","TEACHINGSTAFF","PRY","NBR","A","2012",221190,
"ITA","TEACHINGSTAFF","PRY","NBR","A","2013",237735,
"ITA","TEACHINGSTAFF","PRY","NBR","A","2014",237214,
"ITA","TEACHINGSTAFF","TRY","NBR","A","2005",94371,
"ITA","TEACHINGSTAFF","TRY","NBR","A","2010",106119.307,
"ITA","TEACHINGSTAFF","TRY","NBR","A","2011",103468,
"ITA","TEACHINGSTAFF","TRY","NBR","A","2012",99220.62,
"ITA","TEACHINGSTAFF","TRY","NBR","A","2013",98421,
"ITA","TEACHINGSTAFF","TRY","NBR","A","2014",98008,
"ITA","TEACHINGSTAFF","UPPSRY","NBR","A","2005",244706,
"ITA","TEACHINGSTAFF","UPPSRY","NBR","A","2010",224978.402,
"ITA","TEACHINGSTAFF","UPPSRY","NBR","A","2011",212901.708,
"ITA","TEACHINGSTAFF","UPPSRY","NBR","A","2012",208466,
"ITA","TEACHINGSTAFF","UPPSRY","NBR","A","2013",236489,
"ITA","TEACHINGSTAFF","UPPSRY","NBR","A","2014",239908,
"ITA","TEACHINGSTAFF","LOWSRY","NBR","A","2005",182940,
"ITA","TEACHINGSTAFF","LOWSRY","NBR","A","2010",162367.699,
"ITA","TEACHINGSTAFF","LOWSRY","NBR","A","2011",160203.285,
"ITA","TEACHINGSTAFF","LOWSRY","NBR","A","2012",156049.5,
"ITA","TEACHINGSTAFF","LOWSRY","NBR","A","2013",167389,
"ITA","TEACHINGSTAFF","LOWSRY","NBR","A","2014",166192,
"JPN","TEACHINGSTAFF","ALLLEVEL","NBR","A","2005",922637,
"JPN","TEACHINGSTAFF","ALLLEVEL","NBR","A","2010",913472,
"JPN","TEACHINGSTAFF","ALLLEVEL","NBR","A","2011",955041,
"JPN","TEACHINGSTAFF","ALLLEVEL","NBR","A","2012",955041,
"JPN","TEACHINGSTAFF","ALLLEVEL","NBR","A","2013",1045412,
"JPN","TEACHINGSTAFF","ALLLEVEL","NBR","A","2014",1043934,
"JPN","TEACHINGSTAFF","PRY","NBR","A","2005",321090,
"JPN","TEACHINGSTAFF","PRY","NBR","A","2010",323178,
"JPN","TEACHINGSTAFF","PRY","NBR","A","2011",327015,
"JPN","TEACHINGSTAFF","PRY","NBR","A","2012",327015,
"JPN","TEACHINGSTAFF","PRY","NBR","A","2013",327015,
"JPN","TEACHINGSTAFF","PRY","NBR","A","2014",323561,
"JPN","TEACHINGSTAFF","TRY","NBR","A","2005",175029,
"JPN","TEACHINGSTAFF","TRY","NBR","A","2010",175096,
"JPN","TEACHINGSTAFF","TRY","NBR","A","2011",212413,
"JPN","TEACHINGSTAFF","TRY","NBR","A","2012",212413,
"JPN","TEACHINGSTAFF","TRY","NBR","A","2013",212413,
"JPN","TEACHINGSTAFF","TRY","NBR","A","2014",215284,
"JPN","TEACHINGSTAFF","UPPSRY","NBR","A","2005",223892,
"JPN","TEACHINGSTAFF","UPPSRY","NBR","A","2010",215023,
"JPN","TEACHINGSTAFF","UPPSRY","NBR","A","2011",213375,
"JPN","TEACHINGSTAFF","UPPSRY","NBR","A","2012",213375,
"JPN","TEACHINGSTAFF","UPPSRY","NBR","A","2013",213375,
"JPN","TEACHINGSTAFF","UPPSRY","NBR","A","2014",210920,
"JPN","TEACHINGSTAFF","LOWSRY","NBR","A","2005",202626,
"JPN","TEACHINGSTAFF","LOWSRY","NBR","A","2010",200175,
"JPN","TEACHINGSTAFF","LOWSRY","NBR","A","2011",202238,
"JPN","TEACHINGSTAFF","LOWSRY","NBR","A","2012",202238,
"JPN","TEACHINGSTAFF","LOWSRY","NBR","A","2013",202238,
"JPN","TEACHINGSTAFF","LOWSRY","NBR","A","2014",203776,
"KOR","TEACHINGSTAFF","ALLLEVEL","NBR","A","2005",,"M"
"KOR","TEACHINGSTAFF","ALLLEVEL","NBR","A","2010",,"M"
"KOR","TEACHINGSTAFF","ALLLEVEL","NBR","A","2011",,"M"
"KOR","TEACHINGSTAFF","ALLLEVEL","NBR","A","2012",,"M"
"KOR","TEACHINGSTAFF","ALLLEVEL","NBR","A","2013",,"M"
"KOR","TEACHINGSTAFF","ALLLEVEL","NBR","A","2014",,"M"
"KOR","TEACHINGSTAFF","PRY","NBR","A","2005",144338,
"KOR","TEACHINGSTAFF","PRY","NBR","A","2010",158056,
"KOR","TEACHINGSTAFF","PRY","NBR","A","2011",164820,
"KOR","TEACHINGSTAFF","PRY","NBR","A","2012",165536,
"KOR","TEACHINGSTAFF","PRY","NBR","A","2013",165615,
"KOR","TEACHINGSTAFF","PRY","NBR","A","2014",165786,
"KOR","TEACHINGSTAFF","TRY","NBR","A","2005",190556,
"KOR","TEACHINGSTAFF","TRY","NBR","A","2010",222525,
"KOR","TEACHINGSTAFF","TRY","NBR","A","2011",230048,
"KOR","TEACHINGSTAFF","TRY","NBR","A","2012",232343,
"KOR","TEACHINGSTAFF","TRY","NBR","A","2013",227949,
"KOR","TEACHINGSTAFF","TRY","NBR","A","2014",224440,
"KOR","TEACHINGSTAFF","UPPSRY","NBR","A","2005",112114,
"KOR","TEACHINGSTAFF","UPPSRY","NBR","A","2010",121503,
"KOR","TEACHINGSTAFF","UPPSRY","NBR","A","2011",132846,
"KOR","TEACHINGSTAFF","UPPSRY","NBR","A","2012",130261,
"KOR","TEACHINGSTAFF","UPPSRY","NBR","A","2013",130081,
"KOR","TEACHINGSTAFF","UPPSRY","NBR","A","2014",130627,
"KOR","TEACHINGSTAFF","LOWSRY","NBR","A","2005",97562,
"KOR","TEACHINGSTAFF","LOWSRY","NBR","A","2010",103000,
"KOR","TEACHINGSTAFF","LOWSRY","NBR","A","2011",106446,
"KOR","TEACHINGSTAFF","LOWSRY","NBR","A","2012",107342,
"KOR","TEACHINGSTAFF","LOWSRY","NBR","A","2013",108220,
"KOR","TEACHINGSTAFF","LOWSRY","NBR","A","2014",109369,
"LUX","TEACHINGSTAFF","PRY","NBR","A","2005",3091,
"LUX","TEACHINGSTAFF","PRY","NBR","A","2010",3786,
"LUX","TEACHINGSTAFF","PRY","NBR","A","2011",3903,
"LUX","TEACHINGSTAFF","PRY","NBR","A","2012",4228,
"LUX","TEACHINGSTAFF","PRY","NBR","A","2013",4330,
"LUX","TEACHINGSTAFF","PRY","NBR","A","2014",4338,
"MEX","TEACHINGSTAFF","ALLLEVEL","NBR","A","2005",1363816,
"MEX","TEACHINGSTAFF","ALLLEVEL","NBR","A","2010",1491691,
"MEX","TEACHINGSTAFF","ALLLEVEL","NBR","A","2011",1504868,
"MEX","TEACHINGSTAFF","ALLLEVEL","NBR","A","2012",2244633,
"MEX","TEACHINGSTAFF","ALLLEVEL","NBR","A","2013",1783569,
"MEX","TEACHINGSTAFF","ALLLEVEL","NBR","A","2014",1879275,
"MEX","TEACHINGSTAFF","PRY","NBR","A","2005",519112,
"MEX","TEACHINGSTAFF","PRY","NBR","A","2010",529599,
"MEX","TEACHINGSTAFF","PRY","NBR","A","2011",531256,
"MEX","TEACHINGSTAFF","PRY","NBR","A","2012",1218115,
"MEX","TEACHINGSTAFF","PRY","NBR","A","2013",535814,
"MEX","TEACHINGSTAFF","PRY","NBR","A","2014",533675,
"MEX","TEACHINGSTAFF","TRY","NBR","A","2005",251253,
"MEX","TEACHINGSTAFF","TRY","NBR","A","2010",309952,
"MEX","TEACHINGSTAFF","TRY","NBR","A","2011",304029,
"MEX","TEACHINGSTAFF","TRY","NBR","A","2012",342269,
"MEX","TEACHINGSTAFF","TRY","NBR","A","2013",364641,
"MEX","TEACHINGSTAFF","TRY","NBR","A","2014",349193,
"MEX","TEACHINGSTAFF","UPPSRY","NBR","A","2005",236911,
"MEX","TEACHINGSTAFF","UPPSRY","NBR","A","2010",257185,
"MEX","TEACHINGSTAFF","UPPSRY","NBR","A","2011",265952,
"MEX","TEACHINGSTAFF","UPPSRY","NBR","A","2012",273545,
"MEX","TEACHINGSTAFF","UPPSRY","NBR","A","2013",275986,
"MEX","TEACHINGSTAFF","UPPSRY","NBR","A","2014",381622,
"MEX","TEACHINGSTAFF","LOWSRY","NBR","A","2005",356540,
"MEX","TEACHINGSTAFF","LOWSRY","NBR","A","2010",394955,
"MEX","TEACHINGSTAFF","LOWSRY","NBR","A","2011",403631,
"MEX","TEACHINGSTAFF","LOWSRY","NBR","A","2012",410704,
"MEX","TEACHINGSTAFF","LOWSRY","NBR","A","2013",418339,
"MEX","TEACHINGSTAFF","LOWSRY","NBR","A","2014",424246,
"NLD","TEACHINGSTAFF","ALLLEVEL","NBR","A","2005",284869,
"NLD","TEACHINGSTAFF","ALLLEVEL","NBR","A","2010",300958.401,
"NLD","TEACHINGSTAFF","ALLLEVEL","NBR","A","2011",273589.248,
"NLD","TEACHINGSTAFF","ALLLEVEL","NBR","A","2012",282494.484,
"NLD","TEACHINGSTAFF","ALLLEVEL","NBR","A","2013",301798.713,
"NLD","TEACHINGSTAFF","ALLLEVEL","NBR","A","2014",294402.555,
"NLD","TEACHINGSTAFF","PRY","NBR","A","2005",132803,
"NLD","TEACHINGSTAFF","PRY","NBR","A","2010",141850.797,
"NLD","TEACHINGSTAFF","PRY","NBR","A","2011",111440.807,
"NLD","TEACHINGSTAFF","PRY","NBR","A","2012",111039.493,
"NLD","TEACHINGSTAFF","PRY","NBR","A","2013",107439.491,
"NLD","TEACHINGSTAFF","PRY","NBR","A","2014",104815.467,
"NLD","TEACHINGSTAFF","UPPSRY","NBR","A","2005",107410,
"NLD","TEACHINGSTAFF","UPPSRY","NBR","A","2010",107432.604,
"NLD","TEACHINGSTAFF","UPPSRY","NBR","A","2011",51189.549,
"NLD","TEACHINGSTAFF","UPPSRY","NBR","A","2012",52115.272,
"NLD","TEACHINGSTAFF","UPPSRY","NBR","A","2013",48164.767,
"NLD","TEACHINGSTAFF","UPPSRY","NBR","A","2014",46342.081,
"NZL","TEACHINGSTAFF","ALLLEVEL","NBR","A","2005",74617,
"NZL","TEACHINGSTAFF","ALLLEVEL","NBR","A","2010",76732.836,
"NZL","TEACHINGSTAFF","ALLLEVEL","NBR","A","2011",76199.361,
"NZL","TEACHINGSTAFF","ALLLEVEL","NBR","A","2012",75199.894,
"NZL","TEACHINGSTAFF","ALLLEVEL","NBR","A","2013",87320.86,
"NZL","TEACHINGSTAFF","ALLLEVEL","NBR","A","2014",90172.57,
"NZL","TEACHINGSTAFF","PRY","NBR","A","2005",21681,
"NZL","TEACHINGSTAFF","PRY","NBR","A","2010",24052.833,
"NZL","TEACHINGSTAFF","PRY","NBR","A","2011",23871.808,
"NZL","TEACHINGSTAFF","PRY","NBR","A","2012",23828.586,
"NZL","TEACHINGSTAFF","PRY","NBR","A","2013",23828.586,
"NZL","TEACHINGSTAFF","PRY","NBR","A","2014",25071.83,
"NZL","TEACHINGSTAFF","TRY","NBR","A","2005",15053,
"NZL","TEACHINGSTAFF","TRY","NBR","A","2010",15259.259,
"NZL","TEACHINGSTAFF","TRY","NBR","A","2011",14959,
"NZL","TEACHINGSTAFF","TRY","NBR","A","2012",14511.275,
"NZL","TEACHINGSTAFF","TRY","NBR","A","2013",14956.591,
"NZL","TEACHINGSTAFF","TRY","NBR","A","2014",14986.022,
"NZL","TEACHINGSTAFF","UPPSRY","NBR","A","2005",18809,
"NZL","TEACHINGSTAFF","UPPSRY","NBR","A","2010",18544.732,
"NZL","TEACHINGSTAFF","UPPSRY","NBR","A","2011",18699.579,
"NZL","TEACHINGSTAFF","UPPSRY","NBR","A","2012",18355.65,
"NZL","TEACHINGSTAFF","UPPSRY","NBR","A","2013",18693.803,
"NZL","TEACHINGSTAFF","UPPSRY","NBR","A","2014",18726.707,
"NZL","TEACHINGSTAFF","LOWSRY","NBR","A","2005",16957,
"NZL","TEACHINGSTAFF","LOWSRY","NBR","A","2010",16776.868,
"NZL","TEACHINGSTAFF","LOWSRY","NBR","A","2011",16680.738,
"NZL","TEACHINGSTAFF","LOWSRY","NBR","A","2012",16564.559,
"NZL","TEACHINGSTAFF","LOWSRY","NBR","A","2013",16564.559,
"NZL","TEACHINGSTAFF","LOWSRY","NBR","A","2014",16483.45,
"NOR","TEACHINGSTAFF","ALLLEVEL","NBR","A","2005",,"M"
"NOR","TEACHINGSTAFF","ALLLEVEL","NBR","A","2010",113745,
"NOR","TEACHINGSTAFF","ALLLEVEL","NBR","A","2011",115238,
"NOR","TEACHINGSTAFF","ALLLEVEL","NBR","A","2012",116870,
"NOR","TEACHINGSTAFF","ALLLEVEL","NBR","A","2013",149302,
"NOR","TEACHINGSTAFF","ALLLEVEL","NBR","A","2014",125052,
"NOR","TEACHINGSTAFF","TRY","NBR","A","2005",,"M"
"NOR","TEACHINGSTAFF","TRY","NBR","A","2010",21807,
"NOR","TEACHINGSTAFF","TRY","NBR","A","2011",22600,
"NOR","TEACHINGSTAFF","TRY","NBR","A","2012",23627,
"NOR","TEACHINGSTAFF","TRY","NBR","A","2013",24419,
"NOR","TEACHINGSTAFF","TRY","NBR","A","2014",25673,
"NOR","TEACHINGSTAFF","UPPSRY","NBR","A","2005",,"M"
"NOR","TEACHINGSTAFF","UPPSRY","NBR","A","2010",24986,
"NOR","TEACHINGSTAFF","UPPSRY","NBR","A","2011",25123,
"NOR","TEACHINGSTAFF","UPPSRY","NBR","A","2012",25125,
"NOR","TEACHINGSTAFF","UPPSRY","NBR","A","2013",28156,
"NOR","TEACHINGSTAFF","UPPSRY","NBR","A","2014",28609,
"NOR","TEACHINGSTAFF","LOWSRY","NBR","A","2005",,"M"
"NOR","TEACHINGSTAFF","LOWSRY","NBR","A","2010",21491,
"NOR","TEACHINGSTAFF","LOWSRY","NBR","A","2011",21604,
"NOR","TEACHINGSTAFF","LOWSRY","NBR","A","2012",21798,
"NOR","TEACHINGSTAFF","LOWSRY","NBR","A","2013",22326,
"NOR","TEACHINGSTAFF","LOWSRY","NBR","A","2014",22646.4,
"PRT","TEACHINGSTAFF","ALLLEVEL","NBR","A","2005",,"M"
"PRT","TEACHINGSTAFF","ALLLEVEL","NBR","A","2010",207600,
"PRT","TEACHINGSTAFF","ALLLEVEL","NBR","A","2011",199440,
"PRT","TEACHINGSTAFF","ALLLEVEL","NBR","A","2012",186934,
"PRT","TEACHINGSTAFF","ALLLEVEL","NBR","A","2013",187784,
"PRT","TEACHINGSTAFF","ALLLEVEL","NBR","A","2014",177052,
"PRT","TEACHINGSTAFF","PRY","NBR","A","2005",71524,
"PRT","TEACHINGSTAFF","PRY","NBR","A","2010",70201,
"PRT","TEACHINGSTAFF","PRY","NBR","A","2011",64929,
"PRT","TEACHINGSTAFF","PRY","NBR","A","2012",59955,
"PRT","TEACHINGSTAFF","PRY","NBR","A","2013",54222,
"PRT","TEACHINGSTAFF","PRY","NBR","A","2014",50276,
"PRT","TEACHINGSTAFF","TRY","NBR","A","2005",36773,
"PRT","TEACHINGSTAFF","TRY","NBR","A","2010",36215,
"PRT","TEACHINGSTAFF","TRY","NBR","A","2011",38064,
"PRT","TEACHINGSTAFF","TRY","NBR","A","2012",37078,
"PRT","TEACHINGSTAFF","TRY","NBR","A","2013",35482,
"PRT","TEACHINGSTAFF","TRY","NBR","A","2014",33528,
"PRT","TEACHINGSTAFF","UPPSRY","NBR","A","2005",42845,
"PRT","TEACHINGSTAFF","UPPSRY","NBR","A","2010",48474,
"PRT","TEACHINGSTAFF","UPPSRY","NBR","A","2011",45056,
"PRT","TEACHINGSTAFF","UPPSRY","NBR","A","2012",41671,
"PRT","TEACHINGSTAFF","UPPSRY","NBR","A","2013",43373,
"PRT","TEACHINGSTAFF","UPPSRY","NBR","A","2014",38101,
"PRT","TEACHINGSTAFF","LOWSRY","NBR","A","2005",50959,
"PRT","TEACHINGSTAFF","LOWSRY","NBR","A","2010",52710,
"PRT","TEACHINGSTAFF","LOWSRY","NBR","A","2011",51391,
"PRT","TEACHINGSTAFF","LOWSRY","NBR","A","2012",48230,
"PRT","TEACHINGSTAFF","LOWSRY","NBR","A","2013",38376,
"PRT","TEACHINGSTAFF","LOWSRY","NBR","A","2014",39584,
"SVK","TEACHINGSTAFF","ALLLEVEL","NBR","A","2005",77443,
"SVK","TEACHINGSTAFF","ALLLEVEL","NBR","A","2010",73187,
"SVK","TEACHINGSTAFF","ALLLEVEL","NBR","A","2011",72677,
"SVK","TEACHINGSTAFF","ALLLEVEL","NBR","A","2012",72113,
"SVK","TEACHINGSTAFF","ALLLEVEL","NBR","A","2013",83235,
"SVK","TEACHINGSTAFF","ALLLEVEL","NBR","A","2014",82375,
"SVK","TEACHINGSTAFF","PRY","NBR","A","2005",13849,
"SVK","TEACHINGSTAFF","PRY","NBR","A","2010",13938,
"SVK","TEACHINGSTAFF","PRY","NBR","A","2011",13875,
"SVK","TEACHINGSTAFF","PRY","NBR","A","2012",14011,
"SVK","TEACHINGSTAFF","PRY","NBR","A","2013",14050,
"SVK","TEACHINGSTAFF","PRY","NBR","A","2014",14030,
"SVK","TEACHINGSTAFF","TRY","NBR","A","2005",12709,
"SVK","TEACHINGSTAFF","TRY","NBR","A","2010",13333,
"SVK","TEACHINGSTAFF","TRY","NBR","A","2011",13080,
"SVK","TEACHINGSTAFF","TRY","NBR","A","2012",12887,
"SVK","TEACHINGSTAFF","TRY","NBR","A","2013",12832,
"SVK","TEACHINGSTAFF","TRY","NBR","A","2014",12798,
"SVK","TEACHINGSTAFF","UPPSRY","NBR","A","2005",22167,
"SVK","TEACHINGSTAFF","UPPSRY","NBR","A","2010",21112,
"SVK","TEACHINGSTAFF","UPPSRY","NBR","A","2011",21639,
"SVK","TEACHINGSTAFF","UPPSRY","NBR","A","2012",21094,
"SVK","TEACHINGSTAFF","UPPSRY","NBR","A","2013",19313,
"SVK","TEACHINGSTAFF","UPPSRY","NBR","A","2014",18312,
"SVK","TEACHINGSTAFF","LOWSRY","NBR","A","2005",26872,
"SVK","TEACHINGSTAFF","LOWSRY","NBR","A","2010",23519,
"SVK","TEACHINGSTAFF","LOWSRY","NBR","A","2011",23799,
"SVK","TEACHINGSTAFF","LOWSRY","NBR","A","2012",23841,
"SVK","TEACHINGSTAFF","LOWSRY","NBR","A","2013",23569,
"SVK","TEACHINGSTAFF","LOWSRY","NBR","A","2014",23527,
"ESP","TEACHINGSTAFF","ALLLEVEL","NBR","A","2005",,"M"
"ESP","TEACHINGSTAFF","ALLLEVEL","NBR","A","2010",,"M"
"ESP","TEACHINGSTAFF","ALLLEVEL","NBR","A","2011",,"M"
"ESP","TEACHINGSTAFF","ALLLEVEL","NBR","A","2012",,"M"
"ESP","TEACHINGSTAFF","ALLLEVEL","NBR","A","2013",,"M"
"ESP","TEACHINGSTAFF","ALLLEVEL","NBR","A","2014",757993,
"ESP","TEACHINGSTAFF","PRY","NBR","A","2005",180710,
"ESP","TEACHINGSTAFF","PRY","NBR","A","2010",219409,
"ESP","TEACHINGSTAFF","PRY","NBR","A","2011",223644,
"ESP","TEACHINGSTAFF","PRY","NBR","A","2012",223517,
"ESP","TEACHINGSTAFF","PRY","NBR","A","2013",220323,
"ESP","TEACHINGSTAFF","PRY","NBR","A","2014",226066,
"ESP","TEACHINGSTAFF","TRY","NBR","A","2005",144973,
"ESP","TEACHINGSTAFF","TRY","NBR","A","2010",155239,
"ESP","TEACHINGSTAFF","TRY","NBR","A","2011",153364,
"ESP","TEACHINGSTAFF","TRY","NBR","A","2012",155538,
"ESP","TEACHINGSTAFF","TRY","NBR","A","2013",151351,
"ESP","TEACHINGSTAFF","TRY","NBR","A","2014",153905,
"ESP","TEACHINGSTAFF","LOWSRY","NBR","A","2005",280030,
"ESP","TEACHINGSTAFF","LOWSRY","NBR","A","2010",188540,
"ESP","TEACHINGSTAFF","LOWSRY","NBR","A","2011",185625,
"ESP","TEACHINGSTAFF","LOWSRY","NBR","A","2012",181946,
"ESP","TEACHINGSTAFF","LOWSRY","NBR","A","2013",132206,
"ESP","TEACHINGSTAFF","LOWSRY","NBR","A","2014",131385,
"SWE","TEACHINGSTAFF","ALLLEVEL","NBR","A","2005",,"M"
"SWE","TEACHINGSTAFF","ALLLEVEL","NBR","A","2010",,"M"
"SWE","TEACHINGSTAFF","ALLLEVEL","NBR","A","2011",,"M"
"SWE","TEACHINGSTAFF","ALLLEVEL","NBR","A","2012",,"M"
"SWE","TEACHINGSTAFF","ALLLEVEL","NBR","A","2013",235048,
"SWE","TEACHINGSTAFF","ALLLEVEL","NBR","A","2014",242819.997,
"SWE","TEACHINGSTAFF","PRY","NBR","A","2005",,"M"
"SWE","TEACHINGSTAFF","PRY","NBR","A","2010",,"M"
"SWE","TEACHINGSTAFF","PRY","NBR","A","2011",,"M"
"SWE","TEACHINGSTAFF","PRY","NBR","A","2012",,"M"
"SWE","TEACHINGSTAFF","PRY","NBR","A","2013",62105,
"SWE","TEACHINGSTAFF","PRY","NBR","A","2014",63467,
"SWE","TEACHINGSTAFF","TRY","NBR","A","2005",,"M"
"SWE","TEACHINGSTAFF","TRY","NBR","A","2010",,"M"
"SWE","TEACHINGSTAFF","TRY","NBR","A","2011",,"M"
"SWE","TEACHINGSTAFF","TRY","NBR","A","2012",,"M"
"SWE","TEACHINGSTAFF","TRY","NBR","A","2013",32627.777,
"SWE","TEACHINGSTAFF","TRY","NBR","A","2014",33335.964,
"SWE","TEACHINGSTAFF","UPPSRY","NBR","A","2005",,"M"
"SWE","TEACHINGSTAFF","UPPSRY","NBR","A","2010",,"M"
"SWE","TEACHINGSTAFF","UPPSRY","NBR","A","2011",,"M"
"SWE","TEACHINGSTAFF","UPPSRY","NBR","A","2012",,"M"
"SWE","TEACHINGSTAFF","UPPSRY","NBR","A","2013",38810,
"SWE","TEACHINGSTAFF","UPPSRY","NBR","A","2014",36219,
"SWE","TEACHINGSTAFF","LOWSRY","NBR","A","2005",,"M"
"SWE","TEACHINGSTAFF","LOWSRY","NBR","A","2010",,"M"
"SWE","TEACHINGSTAFF","LOWSRY","NBR","A","2011",,"M"
"SWE","TEACHINGSTAFF","LOWSRY","NBR","A","2012",,"M"
"SWE","TEACHINGSTAFF","LOWSRY","NBR","A","2013",29378,
"SWE","TEACHINGSTAFF","LOWSRY","NBR","A","2014",29293,
"CHE","TEACHINGSTAFF","ALLLEVEL","NBR","A","2005",115946,
"CHE","TEACHINGSTAFF","ALLLEVEL","NBR","A","2010",126053,
"CHE","TEACHINGSTAFF","ALLLEVEL","NBR","A","2011",140338,
"CHE","TEACHINGSTAFF","ALLLEVEL","NBR","A","2012",156124,
"CHE","TEACHINGSTAFF","ALLLEVEL","NBR","A","2013",,"M"
"CHE","TEACHINGSTAFF","ALLLEVEL","NBR","A","2014",159115,
"CHE","TEACHINGSTAFF","TRY","NBR","A","2005",34076,
"CHE","TEACHINGSTAFF","TRY","NBR","A","2010",39842,
"CHE","TEACHINGSTAFF","TRY","NBR","A","2011",41480,
"CHE","TEACHINGSTAFF","TRY","NBR","A","2012",46193,
"CHE","TEACHINGSTAFF","TRY","NBR","A","2013",,"M"
"CHE","TEACHINGSTAFF","TRY","NBR","A","2014",32674,
"GBR","TEACHINGSTAFF","ALLLEVEL","NBR","A","2005",900981.183,
"GBR","TEACHINGSTAFF","ALLLEVEL","NBR","A","2010",884416.539,
"GBR","TEACHINGSTAFF","ALLLEVEL","NBR","A","2011",836941,
"GBR","TEACHINGSTAFF","ALLLEVEL","NBR","A","2012",835381,
"GBR","TEACHINGSTAFF","ALLLEVEL","NBR","A","2013",890622.188,
"GBR","TEACHINGSTAFF","ALLLEVEL","NBR","A","2014",936189,
"GBR","TEACHINGSTAFF","PRY","NBR","A","2005",265257.3,
"GBR","TEACHINGSTAFF","PRY","NBR","A","2010",252290,
"GBR","TEACHINGSTAFF","PRY","NBR","A","2011",255994,
"GBR","TEACHINGSTAFF","PRY","NBR","A","2012",247079,
"GBR","TEACHINGSTAFF","PRY","NBR","A","2013",250692.991,
"GBR","TEACHINGSTAFF","PRY","NBR","A","2014",258047,
"GBR","TEACHINGSTAFF","TRY","NBR","A","2005",122305,
"GBR","TEACHINGSTAFF","TRY","NBR","A","2010",140353.539,
"GBR","TEACHINGSTAFF","TRY","NBR","A","2011",139758,
"GBR","TEACHINGSTAFF","TRY","NBR","A","2012",139785,
"GBR","TEACHINGSTAFF","TRY","NBR","A","2013",145293.801,
"GBR","TEACHINGSTAFF","TRY","NBR","A","2014",151566,
"GBR","TEACHINGSTAFF","UPPSRY","NBR","A","2005",360878.131,
"GBR","TEACHINGSTAFF","UPPSRY","NBR","A","2010",316983,
"GBR","TEACHINGSTAFF","UPPSRY","NBR","A","2011",254608,
"GBR","TEACHINGSTAFF","UPPSRY","NBR","A","2012",257120,
"GBR","TEACHINGSTAFF","UPPSRY","NBR","A","2013",263372.59,
"GBR","TEACHINGSTAFF","UPPSRY","NBR","A","2014",275760,
"GBR","TEACHINGSTAFF","LOWSRY","NBR","A","2005",152540.752,
"GBR","TEACHINGSTAFF","LOWSRY","NBR","A","2010",174790,
"GBR","TEACHINGSTAFF","LOWSRY","NBR","A","2011",186581,
"GBR","TEACHINGSTAFF","LOWSRY","NBR","A","2012",191397,
"GBR","TEACHINGSTAFF","LOWSRY","NBR","A","2013",146105.397,
"GBR","TEACHINGSTAFF","LOWSRY","NBR","A","2014",174092,
"USA","TEACHINGSTAFF","ALLLEVEL","NBR","A","2005",5244586.431,
"USA","TEACHINGSTAFF","ALLLEVEL","NBR","A","2010",5568839.954,
"USA","TEACHINGSTAFF","ALLLEVEL","NBR","A","2011",5487434.896,
"USA","TEACHINGSTAFF","ALLLEVEL","NBR","A","2012",5535525.747,
"USA","TEACHINGSTAFF","ALLLEVEL","NBR","A","2013",5529242.79,
"USA","TEACHINGSTAFF","ALLLEVEL","NBR","A","2014",5541503.483,
"USA","TEACHINGSTAFF","PRY","NBR","A","2005",1723055.448,
"USA","TEACHINGSTAFF","PRY","NBR","A","2010",1747428.151,
"USA","TEACHINGSTAFF","PRY","NBR","A","2011",1694752.018,
"USA","TEACHINGSTAFF","PRY","NBR","A","2012",1690587.245,
"USA","TEACHINGSTAFF","PRY","NBR","A","2013",1689374.087,
"USA","TEACHINGSTAFF","PRY","NBR","A","2014",1687937.049,
"USA","TEACHINGSTAFF","TRY","NBR","A","2005",1256463,
"USA","TEACHINGSTAFF","TRY","NBR","A","2010",1476716,
"USA","TEACHINGSTAFF","TRY","NBR","A","2011",1521110,
"USA","TEACHINGSTAFF","TRY","NBR","A","2012",1565504,
"USA","TEACHINGSTAFF","TRY","NBR","A","2013",1565504,
"USA","TEACHINGSTAFF","TRY","NBR","A","2014",1580932,
"USA","TEACHINGSTAFF","UPPSRY","NBR","A","2005",777435.528,
"USA","TEACHINGSTAFF","UPPSRY","NBR","A","2010",832844.251,
"USA","TEACHINGSTAFF","UPPSRY","NBR","A","2011",804727.352,
"USA","TEACHINGSTAFF","UPPSRY","NBR","A","2012",801764.483,
"USA","TEACHINGSTAFF","UPPSRY","NBR","A","2013",793389.166,
"USA","TEACHINGSTAFF","UPPSRY","NBR","A","2014",794387.694,
"USA","TEACHINGSTAFF","LOWSRY","NBR","A","2005",900604.38,
"USA","TEACHINGSTAFF","LOWSRY","NBR","A","2010",878498.864,
"USA","TEACHINGSTAFF","LOWSRY","NBR","A","2011",845011.208,
"USA","TEACHINGSTAFF","LOWSRY","NBR","A","2012",843277.747,
"USA","TEACHINGSTAFF","LOWSRY","NBR","A","2013",846232.744,
"USA","TEACHINGSTAFF","LOWSRY","NBR","A","2014",844217.997,
"ARG","TEACHINGSTAFF","ALLLEVEL","NBR","A","2005",,"M"
"ARG","TEACHINGSTAFF","ALLLEVEL","NBR","A","2010",,"M"
"ARG","TEACHINGSTAFF","ALLLEVEL","NBR","A","2011",,"M"
"ARG","TEACHINGSTAFF","ALLLEVEL","NBR","A","2012",,"M"
"ARG","TEACHINGSTAFF","ALLLEVEL","NBR","A","2013",,"M"
"ARG","TEACHINGSTAFF","PRY","NBR","A","2005",,"M"
"ARG","TEACHINGSTAFF","PRY","NBR","A","2010",,"M"
"ARG","TEACHINGSTAFF","PRY","NBR","A","2011",,"M"
"ARG","TEACHINGSTAFF","PRY","NBR","A","2012",,"M"
"ARG","TEACHINGSTAFF","PRY","NBR","A","2013",,"M"
"ARG","TEACHINGSTAFF","PRY","NBR","A","2014",,"M"
"ARG","TEACHINGSTAFF","TRY","NBR","A","2005",,"M"
"ARG","TEACHINGSTAFF","TRY","NBR","A","2010",,"M"
"ARG","TEACHINGSTAFF","TRY","NBR","A","2011",,"M"
"ARG","TEACHINGSTAFF","TRY","NBR","A","2012",,"M"
"ARG","TEACHINGSTAFF","TRY","NBR","A","2013",,"M"
"ARG","TEACHINGSTAFF","TRY","NBR","A","2014",,"M"
"ARG","TEACHINGSTAFF","LOWSRY","NBR","A","2005",,"M"
"ARG","TEACHINGSTAFF","LOWSRY","NBR","A","2010",,"M"
"ARG","TEACHINGSTAFF","LOWSRY","NBR","A","2011",,"M"
"ARG","TEACHINGSTAFF","LOWSRY","NBR","A","2012",,"M"
"ARG","TEACHINGSTAFF","LOWSRY","NBR","A","2013",,"M"
"ARG","TEACHINGSTAFF","LOWSRY","NBR","A","2014",,"M"
"BRA","TEACHINGSTAFF","ALLLEVEL","NBR","A","2005",,"M"
"BRA","TEACHINGSTAFF","ALLLEVEL","NBR","A","2010",2537115,
"BRA","TEACHINGSTAFF","ALLLEVEL","NBR","A","2011",2583580,
"BRA","TEACHINGSTAFF","ALLLEVEL","NBR","A","2012",2619572,
"BRA","TEACHINGSTAFF","ALLLEVEL","NBR","A","2013",2928885,
"BRA","TEACHINGSTAFF","ALLLEVEL","NBR","A","2014",3020736,
"BRA","TEACHINGSTAFF","PRY","NBR","A","2005",,"M"
"BRA","TEACHINGSTAFF","PRY","NBR","A","2010",762132,
"BRA","TEACHINGSTAFF","PRY","NBR","A","2011",774573,
"BRA","TEACHINGSTAFF","PRY","NBR","A","2012",786411,
"BRA","TEACHINGSTAFF","PRY","NBR","A","2013",789575,
"BRA","TEACHINGSTAFF","PRY","NBR","A","2014",795014,
"BRA","TEACHINGSTAFF","TRY","NBR","A","2005",,"M"
"BRA","TEACHINGSTAFF","TRY","NBR","A","2010",345335,
"BRA","TEACHINGSTAFF","TRY","NBR","A","2011",357418,
"BRA","TEACHINGSTAFF","TRY","NBR","A","2012",362732,
"BRA","TEACHINGSTAFF","TRY","NBR","A","2013",367282,
"BRA","TEACHINGSTAFF","TRY","NBR","A","2014",425842,
"BRA","TEACHINGSTAFF","UPPSRY","NBR","A","2005",,"M"
"BRA","TEACHINGSTAFF","UPPSRY","NBR","A","2010",591580,
"BRA","TEACHINGSTAFF","UPPSRY","NBR","A","2011",607082,
"BRA","TEACHINGSTAFF","UPPSRY","NBR","A","2012",615917,
"BRA","TEACHINGSTAFF","UPPSRY","NBR","A","2013",632123,
"BRA","TEACHINGSTAFF","UPPSRY","NBR","A","2014",647294,
"BRA","TEACHINGSTAFF","LOWSRY","NBR","A","2005",,"M"
"BRA","TEACHINGSTAFF","LOWSRY","NBR","A","2010",793669,
"BRA","TEACHINGSTAFF","LOWSRY","NBR","A","2011",795900,
"BRA","TEACHINGSTAFF","LOWSRY","NBR","A","2012",805357,
"BRA","TEACHINGSTAFF","LOWSRY","NBR","A","2013",809183,
"BRA","TEACHINGSTAFF","LOWSRY","NBR","A","2014",804019,
"CHL","TEACHINGSTAFF","PRY","NBR","A","2005",66060,
"CHL","TEACHINGSTAFF","PRY","NBR","A","2010",66059.07,
"CHL","TEACHINGSTAFF","PRY","NBR","A","2011",69191.13,
"CHL","TEACHINGSTAFF","PRY","NBR","A","2012",71072.817,
"CHL","TEACHINGSTAFF","PRY","NBR","A","2013",75404.7,
"CHL","TEACHINGSTAFF","PRY","NBR","A","2014",78769.434,
"CHL","TEACHINGSTAFF","UPPSRY","NBR","A","2005",42572,
"CHL","TEACHINGSTAFF","UPPSRY","NBR","A","2010",46834.089,
"CHL","TEACHINGSTAFF","UPPSRY","NBR","A","2011",47462.514,
"CHL","TEACHINGSTAFF","UPPSRY","NBR","A","2012",47987.28,
"CHL","TEACHINGSTAFF","UPPSRY","NBR","A","2013",49754.88,
"CHL","TEACHINGSTAFF","UPPSRY","NBR","A","2014",51217.268,
"CHL","TEACHINGSTAFF","LOWSRY","NBR","A","2005",23241,
"CHL","TEACHINGSTAFF","LOWSRY","NBR","A","2010",22599.844,
"CHL","TEACHINGSTAFF","LOWSRY","NBR","A","2011",23440.119,
"CHL","TEACHINGSTAFF","LOWSRY","NBR","A","2012",24034.296,
"CHL","TEACHINGSTAFF","LOWSRY","NBR","A","2013",25067.52,
"CHL","TEACHINGSTAFF","LOWSRY","NBR","A","2014",26359.377,
"CHN","TEACHINGSTAFF","ALLLEVEL","NBR","A","2005",,"M"
"CHN","TEACHINGSTAFF","ALLLEVEL","NBR","A","2010",,"M"
"CHN","TEACHINGSTAFF","ALLLEVEL","NBR","A","2011",,"M"
"CHN","TEACHINGSTAFF","ALLLEVEL","NBR","A","2012",,"M"
"CHN","TEACHINGSTAFF","ALLLEVEL","NBR","A","2013",15681043,
"CHN","TEACHINGSTAFF","ALLLEVEL","NBR","A","2014",15914588,
"CHN","TEACHINGSTAFF","PRY","NBR","A","2005",,"M"
"CHN","TEACHINGSTAFF","PRY","NBR","A","2010",,"M"
"CHN","TEACHINGSTAFF","PRY","NBR","A","2011",,"M"
"CHN","TEACHINGSTAFF","PRY","NBR","A","2012",,"M"
"CHN","TEACHINGSTAFF","PRY","NBR","A","2013",5866510,
"CHN","TEACHINGSTAFF","PRY","NBR","A","2014",5859672,
"CHN","TEACHINGSTAFF","TRY","NBR","A","2005",,"M"
"CHN","TEACHINGSTAFF","TRY","NBR","A","2010",,"M"
"CHN","TEACHINGSTAFF","TRY","NBR","A","2011",,"M"
"CHN","TEACHINGSTAFF","TRY","NBR","A","2012",,"M"
"CHN","TEACHINGSTAFF","TRY","NBR","A","2013",1929739,
"CHN","TEACHINGSTAFF","TRY","NBR","A","2014",1992645,
"CHN","TEACHINGSTAFF","UPPSRY","NBR","A","2005",,"M"
"CHN","TEACHINGSTAFF","UPPSRY","NBR","A","2010",,"M"
"CHN","TEACHINGSTAFF","UPPSRY","NBR","A","2011",,"M"
"CHN","TEACHINGSTAFF","UPPSRY","NBR","A","2012",,"M"
"CHN","TEACHINGSTAFF","UPPSRY","NBR","A","2013",2626431.583,
"CHN","TEACHINGSTAFF","UPPSRY","NBR","A","2014",2644952,
"CHN","TEACHINGSTAFF","LOWSRY","NBR","A","2005",,"M"
"CHN","TEACHINGSTAFF","LOWSRY","NBR","A","2010",,"M"
"CHN","TEACHINGSTAFF","LOWSRY","NBR","A","2011",,"M"
"CHN","TEACHINGSTAFF","LOWSRY","NBR","A","2012",,"M"
"CHN","TEACHINGSTAFF","LOWSRY","NBR","A","2013",3603026.417,
"CHN","TEACHINGSTAFF","LOWSRY","NBR","A","2014",3566118,
"COL","TEACHINGSTAFF","ALLLEVEL","NBR","A","2005",,"M"
"COL","TEACHINGSTAFF","ALLLEVEL","NBR","A","2010",,"M"
"COL","TEACHINGSTAFF","ALLLEVEL","NBR","A","2011",,"M"
"COL","TEACHINGSTAFF","ALLLEVEL","NBR","A","2012",,"M"
"COL","TEACHINGSTAFF","ALLLEVEL","NBR","A","2013",548327,
"COL","TEACHINGSTAFF","ALLLEVEL","NBR","A","2014",,"M"
"COL","TEACHINGSTAFF","PRY","NBR","A","2005",,"M"
"COL","TEACHINGSTAFF","PRY","NBR","A","2010",,"M"
"COL","TEACHINGSTAFF","PRY","NBR","A","2011",,"M"
"COL","TEACHINGSTAFF","PRY","NBR","A","2012",,"M"
"COL","TEACHINGSTAFF","PRY","NBR","A","2013",188462,
"COL","TEACHINGSTAFF","PRY","NBR","A","2014",187042,
"COL","TEACHINGSTAFF","UPPSRY","NBR","A","2005",,"M"
"COL","TEACHINGSTAFF","UPPSRY","NBR","A","2010",,"M"
"COL","TEACHINGSTAFF","UPPSRY","NBR","A","2011",,"M"
"COL","TEACHINGSTAFF","UPPSRY","NBR","A","2012",,"M"
"COL","TEACHINGSTAFF","UPPSRY","NBR","A","2013",59309,
"COL","TEACHINGSTAFF","UPPSRY","NBR","A","2014",60934,
"COL","TEACHINGSTAFF","LOWSRY","NBR","A","2005",,"M"
"COL","TEACHINGSTAFF","LOWSRY","NBR","A","2010",,"M"
"COL","TEACHINGSTAFF","LOWSRY","NBR","A","2011",,"M"
"COL","TEACHINGSTAFF","LOWSRY","NBR","A","2012",,"M"
"COL","TEACHINGSTAFF","LOWSRY","NBR","A","2013",133253,
"COL","TEACHINGSTAFF","LOWSRY","NBR","A","2014",132950,
"EST","TEACHINGSTAFF","PRY","NBR","A","2005",,"M"
"EST","TEACHINGSTAFF","PRY","NBR","A","2010",6223,
"EST","TEACHINGSTAFF","PRY","NBR","A","2011",6200,
"EST","TEACHINGSTAFF","PRY","NBR","A","2012",6405,
"EST","TEACHINGSTAFF","PRY","NBR","A","2013",6548,
"EST","TEACHINGSTAFF","PRY","NBR","A","2014",6771,
"EST","TEACHINGSTAFF","UPPSRY","NBR","A","2005",,"M"
"EST","TEACHINGSTAFF","UPPSRY","NBR","A","2010",5878,
"EST","TEACHINGSTAFF","UPPSRY","NBR","A","2011",5538,
"EST","TEACHINGSTAFF","UPPSRY","NBR","A","2012",5361,
"EST","TEACHINGSTAFF","UPPSRY","NBR","A","2013",5240,
"EST","TEACHINGSTAFF","UPPSRY","NBR","A","2014",4898,
"IND","TEACHINGSTAFF","ALLLEVEL","NBR","A","2005",,"M"
"IND","TEACHINGSTAFF","ALLLEVEL","NBR","A","2010",,"M"
"IND","TEACHINGSTAFF","ALLLEVEL","NBR","A","2011",,"M"
"IND","TEACHINGSTAFF","ALLLEVEL","NBR","A","2012",,"M"
"IND","TEACHINGSTAFF","ALLLEVEL","NBR","A","2013",,"M"
"IND","TEACHINGSTAFF","PRY","NBR","A","2005",,"M"
"IND","TEACHINGSTAFF","PRY","NBR","A","2010",,"M"
"IND","TEACHINGSTAFF","PRY","NBR","A","2011",,"M"
"IND","TEACHINGSTAFF","PRY","NBR","A","2012",,"M"
"IND","TEACHINGSTAFF","PRY","NBR","A","2013",,"M"
"IND","TEACHINGSTAFF","PRY","NBR","A","2014",,"M"
"IND","TEACHINGSTAFF","UPPSRY","NBR","A","2005",,"M"
"IND","TEACHINGSTAFF","UPPSRY","NBR","A","2010",,"M"
"IND","TEACHINGSTAFF","UPPSRY","NBR","A","2011",,"M"
"IND","TEACHINGSTAFF","UPPSRY","NBR","A","2012",,"M"
"IND","TEACHINGSTAFF","UPPSRY","NBR","A","2013",,"M"
"IND","TEACHINGSTAFF","UPPSRY","NBR","A","2014",,"M"
"IND","TEACHINGSTAFF","LOWSRY","NBR","A","2005",,"M"
"IND","TEACHINGSTAFF","LOWSRY","NBR","A","2010",,"M"
"IND","TEACHINGSTAFF","LOWSRY","NBR","A","2011",,"M"
"IND","TEACHINGSTAFF","LOWSRY","NBR","A","2012",,"M"
"IND","TEACHINGSTAFF","LOWSRY","NBR","A","2013",,"M"
"IND","TEACHINGSTAFF","LOWSRY","NBR","A","2014",,"M"
"IDN","TEACHINGSTAFF","ALLLEVEL","NBR","A","2005",,"M"
"IDN","TEACHINGSTAFF","ALLLEVEL","NBR","A","2010",,"M"
"IDN","TEACHINGSTAFF","ALLLEVEL","NBR","A","2011",,"M"
"IDN","TEACHINGSTAFF","ALLLEVEL","NBR","A","2012",,"M"
"IDN","TEACHINGSTAFF","ALLLEVEL","NBR","A","2013",3898993,
"IDN","TEACHINGSTAFF","ALLLEVEL","NBR","A","2014",3947746,
"IDN","TEACHINGSTAFF","PRY","NBR","A","2005",,"M"
"IDN","TEACHINGSTAFF","PRY","NBR","A","2010",,"M"
"IDN","TEACHINGSTAFF","PRY","NBR","A","2011",,"M"
"IDN","TEACHINGSTAFF","PRY","NBR","A","2012",,"M"
"IDN","TEACHINGSTAFF","PRY","NBR","A","2013",1870834,
"IDN","TEACHINGSTAFF","PRY","NBR","A","2014",1801909,
"IDN","TEACHINGSTAFF","TRY","NBR","A","2005",,"M"
"IDN","TEACHINGSTAFF","TRY","NBR","A","2010",,"M"
"IDN","TEACHINGSTAFF","TRY","NBR","A","2011",,"M"
"IDN","TEACHINGSTAFF","TRY","NBR","A","2012",,"M"
"IDN","TEACHINGSTAFF","TRY","NBR","A","2013",237519,
"IDN","TEACHINGSTAFF","TRY","NBR","A","2014",258496,
"IDN","TEACHINGSTAFF","UPPSRY","NBR","A","2005",,"M"
"IDN","TEACHINGSTAFF","UPPSRY","NBR","A","2010",,"M"
"IDN","TEACHINGSTAFF","UPPSRY","NBR","A","2011",,"M"
"IDN","TEACHINGSTAFF","UPPSRY","NBR","A","2012",,"M"
"IDN","TEACHINGSTAFF","UPPSRY","NBR","A","2013",580571,
"IDN","TEACHINGSTAFF","UPPSRY","NBR","A","2014",597389,
"IDN","TEACHINGSTAFF","LOWSRY","NBR","A","2005",,"M"
"IDN","TEACHINGSTAFF","LOWSRY","NBR","A","2010",,"M"
"IDN","TEACHINGSTAFF","LOWSRY","NBR","A","2011",,"M"
"IDN","TEACHINGSTAFF","LOWSRY","NBR","A","2012",,"M"
"IDN","TEACHINGSTAFF","LOWSRY","NBR","A","2013",871271,
"IDN","TEACHINGSTAFF","LOWSRY","NBR","A","2014",862367,
"ISR","TEACHINGSTAFF","PRY","NBR","A","2005",60182,
"ISR","TEACHINGSTAFF","PRY","NBR","A","2010",61829.97,
"ISR","TEACHINGSTAFF","PRY","NBR","A","2011",65704.88,
"ISR","TEACHINGSTAFF","PRY","NBR","A","2012",68229.73,
"ISR","TEACHINGSTAFF","PRY","NBR","A","2013",70045.19,
"ISR","TEACHINGSTAFF","PRY","NBR","A","2014",71134.99,
"ISR","TEACHINGSTAFF","UPPSRY","NBR","A","2005",29629,
"ISR","TEACHINGSTAFF","UPPSRY","NBR","A","2010",34173.18,
"ISR","TEACHINGSTAFF","UPPSRY","NBR","A","2011",32497.56,
"ISR","TEACHINGSTAFF","UPPSRY","NBR","A","2012",34440.23,
"ISR","TEACHINGSTAFF","UPPSRY","NBR","A","2013",35579.33,
"ISR","TEACHINGSTAFF","UPPSRY","NBR","A","2014",36661.99,
"ISR","TEACHINGSTAFF","LOWSRY","NBR","A","2005",22796,
"ISR","TEACHINGSTAFF","LOWSRY","NBR","A","2010",18941.63,
"ISR","TEACHINGSTAFF","LOWSRY","NBR","A","2011",22721.21,
"ISR","TEACHINGSTAFF","LOWSRY","NBR","A","2012",23181.23,
"ISR","TEACHINGSTAFF","LOWSRY","NBR","A","2013",23728.32,
"ISR","TEACHINGSTAFF","LOWSRY","NBR","A","2014",25038.65,
"LVA","TEACHINGSTAFF","ALLLEVEL","NBR","A","2005",,"M"
"LVA","TEACHINGSTAFF","ALLLEVEL","NBR","A","2010",39300,
"LVA","TEACHINGSTAFF","ALLLEVEL","NBR","A","2011",,"M"
"LVA","TEACHINGSTAFF","ALLLEVEL","NBR","A","2012",32729,
"LVA","TEACHINGSTAFF","ALLLEVEL","NBR","A","2013",38176.999,
"LVA","TEACHINGSTAFF","ALLLEVEL","NBR","A","2014",39578,
"LVA","TEACHINGSTAFF","PRY","NBR","A","2005",,"M"
"LVA","TEACHINGSTAFF","PRY","NBR","A","2010",9566,
"LVA","TEACHINGSTAFF","PRY","NBR","A","2011",,"M"
"LVA","TEACHINGSTAFF","PRY","NBR","A","2012",10296,
"LVA","TEACHINGSTAFF","PRY","NBR","A","2013",10221,
"LVA","TEACHINGSTAFF","PRY","NBR","A","2014",10338,
"LVA","TEACHINGSTAFF","TRY","NBR","A","2005",,"M"
"LVA","TEACHINGSTAFF","TRY","NBR","A","2010",6924,
"LVA","TEACHINGSTAFF","TRY","NBR","A","2011",,"M"
"LVA","TEACHINGSTAFF","TRY","NBR","A","2012",6435,
"LVA","TEACHINGSTAFF","TRY","NBR","A","2013",6642,
"LVA","TEACHINGSTAFF","TRY","NBR","A","2014",6894,
"LVA","TEACHINGSTAFF","UPPSRY","NBR","A","2005",,"M"
"LVA","TEACHINGSTAFF","UPPSRY","NBR","A","2010",8665,
"LVA","TEACHINGSTAFF","UPPSRY","NBR","A","2011",,"M"
"LVA","TEACHINGSTAFF","UPPSRY","NBR","A","2012",8162,
"LVA","TEACHINGSTAFF","UPPSRY","NBR","A","2013",7741,
"LVA","TEACHINGSTAFF","UPPSRY","NBR","A","2014",7198,
"LVA","TEACHINGSTAFF","LOWSRY","NBR","A","2005",,"M"
"LVA","TEACHINGSTAFF","LOWSRY","NBR","A","2010",7710,
"LVA","TEACHINGSTAFF","LOWSRY","NBR","A","2011",,"M"
"LVA","TEACHINGSTAFF","LOWSRY","NBR","A","2012",7636,
"LVA","TEACHINGSTAFF","LOWSRY","NBR","A","2013",7501,
"LVA","TEACHINGSTAFF","LOWSRY","NBR","A","2014",7602,
"RUS","TEACHINGSTAFF","ALLLEVEL","NBR","A","2005",,"M"
"RUS","TEACHINGSTAFF","ALLLEVEL","NBR","A","2010",2464214,
"RUS","TEACHINGSTAFF","ALLLEVEL","NBR","A","2011",2510155,
"RUS","TEACHINGSTAFF","ALLLEVEL","NBR","A","2012",2584092,
"RUS","TEACHINGSTAFF","ALLLEVEL","NBR","A","2013",2629242,
"RUS","TEACHINGSTAFF","ALLLEVEL","NBR","A","2014",2458616,
"RUS","TEACHINGSTAFF","TRY","NBR","A","2005",518074,
"RUS","TEACHINGSTAFF","TRY","NBR","A","2010",618858,
"RUS","TEACHINGSTAFF","TRY","NBR","A","2011",686760,
"RUS","TEACHINGSTAFF","TRY","NBR","A","2012",670383,
"RUS","TEACHINGSTAFF","TRY","NBR","A","2013",682829,
"RUS","TEACHINGSTAFF","TRY","NBR","A","2014",650345,
"SAU","TEACHINGSTAFF","ALLLEVEL","NBR","A","2005",,"M"
"SAU","TEACHINGSTAFF","ALLLEVEL","NBR","A","2010",,"M"
"SAU","TEACHINGSTAFF","ALLLEVEL","NBR","A","2011",,"M"
"SAU","TEACHINGSTAFF","ALLLEVEL","NBR","A","2012",,"M"
"SAU","TEACHINGSTAFF","ALLLEVEL","NBR","A","2013",,"M"
"SAU","TEACHINGSTAFF","ALLLEVEL","NBR","A","2014",761356,
"SAU","TEACHINGSTAFF","PRY","NBR","A","2005",,"M"
"SAU","TEACHINGSTAFF","PRY","NBR","A","2010",,"M"
"SAU","TEACHINGSTAFF","PRY","NBR","A","2011",,"M"
"SAU","TEACHINGSTAFF","PRY","NBR","A","2012",,"M"
"SAU","TEACHINGSTAFF","PRY","NBR","A","2013",,"M"
"SAU","TEACHINGSTAFF","PRY","NBR","A","2014",347349,
"SAU","TEACHINGSTAFF","TRY","NBR","A","2005",,"M"
"SAU","TEACHINGSTAFF","TRY","NBR","A","2010",,"M"
"SAU","TEACHINGSTAFF","TRY","NBR","A","2011",,"M"
"SAU","TEACHINGSTAFF","TRY","NBR","A","2012",,"M"
"SAU","TEACHINGSTAFF","TRY","NBR","A","2013",73817,
"SAU","TEACHINGSTAFF","TRY","NBR","A","2014",73817,
"SAU","TEACHINGSTAFF","UPPSRY","NBR","A","2005",,"M"
"SAU","TEACHINGSTAFF","UPPSRY","NBR","A","2010",,"M"
"SAU","TEACHINGSTAFF","UPPSRY","NBR","A","2011",,"M"
"SAU","TEACHINGSTAFF","UPPSRY","NBR","A","2012",,"M"
"SAU","TEACHINGSTAFF","UPPSRY","NBR","A","2013",,"M"
"SAU","TEACHINGSTAFF","UPPSRY","NBR","A","2014",147034,
"SAU","TEACHINGSTAFF","LOWSRY","NBR","A","2005",,"M"
"SAU","TEACHINGSTAFF","LOWSRY","NBR","A","2010",,"M"
"SAU","TEACHINGSTAFF","LOWSRY","NBR","A","2011",,"M"
"SAU","TEACHINGSTAFF","LOWSRY","NBR","A","2012",,"M"
"SAU","TEACHINGSTAFF","LOWSRY","NBR","A","2013",,"M"
"SAU","TEACHINGSTAFF","LOWSRY","NBR","A","2014",164910,
"SVN","TEACHINGSTAFF","ALLLEVEL","NBR","A","2005",31761,
"SVN","TEACHINGSTAFF","ALLLEVEL","NBR","A","2010",34046,
"SVN","TEACHINGSTAFF","ALLLEVEL","NBR","A","2011",34361,
"SVN","TEACHINGSTAFF","ALLLEVEL","NBR","A","2012",34858,
"SVN","TEACHINGSTAFF","ALLLEVEL","NBR","A","2013",34651,
"SVN","TEACHINGSTAFF","ALLLEVEL","NBR","A","2014",34700,
"SVN","TEACHINGSTAFF","PRY","NBR","A","2005",6156,
"SVN","TEACHINGSTAFF","PRY","NBR","A","2010",6281,
"SVN","TEACHINGSTAFF","PRY","NBR","A","2011",6401,
"SVN","TEACHINGSTAFF","PRY","NBR","A","2012",6434,
"SVN","TEACHINGSTAFF","PRY","NBR","A","2013",6468,
"SVN","TEACHINGSTAFF","PRY","NBR","A","2014",6666,
"SVN","TEACHINGSTAFF","TRY","NBR","A","2005",4475,
"SVN","TEACHINGSTAFF","TRY","NBR","A","2010",6947,
"SVN","TEACHINGSTAFF","TRY","NBR","A","2011",7214,
"SVN","TEACHINGSTAFF","TRY","NBR","A","2012",7348,
"SVN","TEACHINGSTAFF","TRY","NBR","A","2013",7189,
"SVN","TEACHINGSTAFF","TRY","NBR","A","2014",7142,
"SVN","TEACHINGSTAFF","UPPSRY","NBR","A","2005",8827,
"SVN","TEACHINGSTAFF","UPPSRY","NBR","A","2010",7826,
"SVN","TEACHINGSTAFF","UPPSRY","NBR","A","2011",7414,
"SVN","TEACHINGSTAFF","UPPSRY","NBR","A","2012",7314,
"SVN","TEACHINGSTAFF","UPPSRY","NBR","A","2013",7159,
"SVN","TEACHINGSTAFF","UPPSRY","NBR","A","2014",6930,
"SVN","TEACHINGSTAFF","LOWSRY","NBR","A","2005",7867,
"SVN","TEACHINGSTAFF","LOWSRY","NBR","A","2010",7662,
"SVN","TEACHINGSTAFF","LOWSRY","NBR","A","2011",7633,
"SVN","TEACHINGSTAFF","LOWSRY","NBR","A","2012",7601,
"SVN","TEACHINGSTAFF","LOWSRY","NBR","A","2013",7498,
"SVN","TEACHINGSTAFF","LOWSRY","NBR","A","2014",7439,
"ZAF","TEACHINGSTAFF","ALLLEVEL","NBR","A","2005",,"M"
"ZAF","TEACHINGSTAFF","ALLLEVEL","NBR","A","2010",,"M"
"ZAF","TEACHINGSTAFF","ALLLEVEL","NBR","A","2011",,"M"
"ZAF","TEACHINGSTAFF","ALLLEVEL","NBR","A","2012",,"M"
"ZAF","TEACHINGSTAFF","ALLLEVEL","NBR","A","2013",,"M"
"ZAF","TEACHINGSTAFF","ALLLEVEL","NBR","A","2014",,"M"
"ZAF","TEACHINGSTAFF","PRY","NBR","A","2005",,"M"
"ZAF","TEACHINGSTAFF","PRY","NBR","A","2010",,"M"
"ZAF","TEACHINGSTAFF","PRY","NBR","A","2011",,"M"
"ZAF","TEACHINGSTAFF","PRY","NBR","A","2012",189335,
"ZAF","TEACHINGSTAFF","PRY","NBR","A","2013",,"M"
"ZAF","TEACHINGSTAFF","PRY","NBR","A","2014",221696,
"ZAF","TEACHINGSTAFF","UPPSRY","NBR","A","2005",,"M"
"ZAF","TEACHINGSTAFF","UPPSRY","NBR","A","2010",,"M"
"ZAF","TEACHINGSTAFF","UPPSRY","NBR","A","2011",,"M"
"ZAF","TEACHINGSTAFF","UPPSRY","NBR","A","2012",59289,
"ZAF","TEACHINGSTAFF","UPPSRY","NBR","A","2013",,"M"
"ZAF","TEACHINGSTAFF","UPPSRY","NBR","A","2014",,"M"
"ZAF","TEACHINGSTAFF","LOWSRY","NBR","A","2005",,"M"
"ZAF","TEACHINGSTAFF","LOWSRY","NBR","A","2010",,"M"
"ZAF","TEACHINGSTAFF","LOWSRY","NBR","A","2011",,"M"
"ZAF","TEACHINGSTAFF","LOWSRY","NBR","A","2012",133798,
"ZAF","TEACHINGSTAFF","LOWSRY","NBR","A","2013",,"M"
"ZAF","TEACHINGSTAFF","LOWSRY","NBR","A","2014",176609,
"AUS","TEACHINGSTAFF","ALLLEVEL","NBR","A","2005",,"M"
"AUS","TEACHINGSTAFF","ALLLEVEL","NBR","A","2010",,"M"
"AUS","TEACHINGSTAFF","ALLLEVEL","NBR","A","2011",,"M"
"AUS","TEACHINGSTAFF","ALLLEVEL","NBR","A","2012",,"M"
"AUS","TEACHINGSTAFF","ALLLEVEL","NBR","A","2013",,"M"
"AUS","TEACHINGSTAFF","ALLLEVEL","NBR","A","2014",,"M"
"AUS","TEACHINGSTAFF","PRY","NBR","A","2005",,"M"
"AUS","TEACHINGSTAFF","PRY","NBR","A","2010",,"M"
"AUS","TEACHINGSTAFF","PRY","NBR","A","2011",,"M"
"AUS","TEACHINGSTAFF","PRY","NBR","A","2012",,"M"
"AUS","TEACHINGSTAFF","PRY","NBR","A","2013",,"M"
"AUS","TEACHINGSTAFF","PRY","NBR","A","2014",,"M"
"AUS","TEACHINGSTAFF","TRY","NBR","A","2005",44509,
"AUS","TEACHINGSTAFF","TRY","NBR","A","2010",46263,
"AUS","TEACHINGSTAFF","TRY","NBR","A","2011",47573,
"AUS","TEACHINGSTAFF","TRY","NBR","A","2012",49510,
"AUS","TEACHINGSTAFF","TRY","NBR","A","2013",50613.46,
"AUS","TEACHINGSTAFF","TRY","NBR","A","2014",,"M"
"AUS","TEACHINGSTAFF","UPPSRY","NBR","A","2005",,"M"
"AUS","TEACHINGSTAFF","UPPSRY","NBR","A","2010",,"M"
"AUS","TEACHINGSTAFF","UPPSRY","NBR","A","2011",,"M"
"AUS","TEACHINGSTAFF","UPPSRY","NBR","A","2012",,"M"
"AUS","TEACHINGSTAFF","UPPSRY","NBR","A","2013",,"M"
"AUS","TEACHINGSTAFF","UPPSRY","NBR","A","2014",,"M"
"AUS","TEACHINGSTAFF","LOWSRY","NBR","A","2005",,"M"
"AUS","TEACHINGSTAFF","LOWSRY","NBR","A","2010",,"M"
"AUS","TEACHINGSTAFF","LOWSRY","NBR","A","2011",,"M"
"AUS","TEACHINGSTAFF","LOWSRY","NBR","A","2012",,"M"
"AUS","TEACHINGSTAFF","LOWSRY","NBR","A","2013",,"M"
"AUS","TEACHINGSTAFF","LOWSRY","NBR","A","2014",,"M"
"AUT","TEACHINGSTAFF","ALLLEVEL","NBR","A","2005",,"M"
"AUT","TEACHINGSTAFF","ALLLEVEL","NBR","A","2010",180726.118,
"AUT","TEACHINGSTAFF","ALLLEVEL","NBR","A","2011",180930.887,
"AUT","TEACHINGSTAFF","ALLLEVEL","NBR","A","2012",182842.339,
"AUT","TEACHINGSTAFF","ALLLEVEL","NBR","A","2013",182982.184,
"AUT","TEACHINGSTAFF","ALLLEVEL","NBR","A","2014",183345.249,
"AUT","TEACHINGSTAFF","TRY","NBR","A","2005",,"M"
"AUT","TEACHINGSTAFF","TRY","NBR","A","2010",58107.23,
"AUT","TEACHINGSTAFF","TRY","NBR","A","2011",57274.596,
"AUT","TEACHINGSTAFF","TRY","NBR","A","2012",59577.15,
"AUT","TEACHINGSTAFF","TRY","NBR","A","2013",58014.39,
"AUT","TEACHINGSTAFF","TRY","NBR","A","2014",58765.561,
"BEL","TEACHINGSTAFF","PRY","NBR","A","2005",64278,
"BEL","TEACHINGSTAFF","PRY","NBR","A","2010",66317,
"BEL","TEACHINGSTAFF","PRY","NBR","A","2011",65783,
"BEL","TEACHINGSTAFF","PRY","NBR","A","2012",66441,
"BEL","TEACHINGSTAFF","PRY","NBR","A","2013",68576,
"BEL","TEACHINGSTAFF","PRY","NBR","A","2014",68826,
"BEL","TEACHINGSTAFF","UPPSRY","NBR","A","2005",79114,
"BEL","TEACHINGSTAFF","UPPSRY","NBR","A","2010",81288,
"BEL","TEACHINGSTAFF","UPPSRY","NBR","A","2011",79022,
"BEL","TEACHINGSTAFF","UPPSRY","NBR","A","2012",79434,
"BEL","TEACHINGSTAFF","UPPSRY","NBR","A","2013",80786,
"BEL","TEACHINGSTAFF","UPPSRY","NBR","A","2014",81023,
"CAN","TEACHINGSTAFF","ALLLEVEL","NBR","A","2005",,"M"
"CAN","TEACHINGSTAFF","ALLLEVEL","NBR","A","2010",,"M"
"CAN","TEACHINGSTAFF","ALLLEVEL","NBR","A","2011",,"M"
"CAN","TEACHINGSTAFF","ALLLEVEL","NBR","A","2012",,"M"
"CAN","TEACHINGSTAFF","ALLLEVEL","NBR","A","2013",,"M"
"CAN","TEACHINGSTAFF","ALLLEVEL","NBR","A","2014",,"M"
"CAN","TEACHINGSTAFF","PRY","NBR","A","2010",241631.32,
"CAN","TEACHINGSTAFF","PRY","NBR","A","2011",239611.856,
"CAN","TEACHINGSTAFF","PRY","NBR","A","2012",241124.156,
"CAN","TEACHINGSTAFF","PRY","NBR","A","2013",241124.156,
"CAN","TEACHINGSTAFF","PRY","NBR","A","2014",238737.585,
"CAN","TEACHINGSTAFF","TRY","NBR","A","2005",,"M"
"CAN","TEACHINGSTAFF","TRY","NBR","A","2010",207062.596,
"CAN","TEACHINGSTAFF","TRY","NBR","A","2011",192035,
"CAN","TEACHINGSTAFF","TRY","NBR","A","2012",194130,
"CAN","TEACHINGSTAFF","TRY","NBR","A","2013",194130,
"CAN","TEACHINGSTAFF","TRY","NBR","A","2014",195635.496,
"CAN","TEACHINGSTAFF","UPPSRY","NBR","A","2010",149353.699,
"CAN","TEACHINGSTAFF","UPPSRY","NBR","A","2011",148105.456,
"CAN","TEACHINGSTAFF","UPPSRY","NBR","A","2012",149040.217,
"CAN","TEACHINGSTAFF","UPPSRY","NBR","A","2013",149040.217,
"CAN","TEACHINGSTAFF","UPPSRY","NBR","A","2014",153150.337,
"DNK","TEACHINGSTAFF","ALLLEVEL","NBR","A","2005",,"M"
"DNK","TEACHINGSTAFF","ALLLEVEL","NBR","A","2010",,"M"
"DNK","TEACHINGSTAFF","ALLLEVEL","NBR","A","2011",,"M"
"DNK","TEACHINGSTAFF","ALLLEVEL","NBR","A","2012",,"M"
"DNK","TEACHINGSTAFF","ALLLEVEL","NBR","A","2013",,"M"
"DNK","TEACHINGSTAFF","ALLLEVEL","NBR","A","2014",,"M"
"DNK","TEACHINGSTAFF","TRY","NBR","A","2005",,"M"
"DNK","TEACHINGSTAFF","TRY","NBR","A","2010",,"M"
"DNK","TEACHINGSTAFF","TRY","NBR","A","2011",,"M"
"DNK","TEACHINGSTAFF","TRY","NBR","A","2012",,"M"
"DNK","TEACHINGSTAFF","TRY","NBR","A","2013",,"M"
"DNK","TEACHINGSTAFF","TRY","NBR","A","2014",28187,
"DNK","TEACHINGSTAFF","UPPSRY","NBR","A","2005",,"M"
"DNK","TEACHINGSTAFF","UPPSRY","NBR","A","2010",,"M"
"DNK","TEACHINGSTAFF","UPPSRY","NBR","A","2011",,"M"
"DNK","TEACHINGSTAFF","UPPSRY","NBR","A","2012",,"M"
"DNK","TEACHINGSTAFF","UPPSRY","NBR","A","2013",,"M"
"DNK","TEACHINGSTAFF","UPPSRY","NBR","A","2014",25154,
"DNK","TEACHINGSTAFF","LOWSRY","NBR","A","2005",57987,
"DNK","TEACHINGSTAFF","LOWSRY","NBR","A","2010",57009,
"DNK","TEACHINGSTAFF","LOWSRY","NBR","A","2011",55265,
"DNK","TEACHINGSTAFF","LOWSRY","NBR","A","2012",56410,
"DNK","TEACHINGSTAFF","LOWSRY","NBR","A","2013",55381,
"DNK","TEACHINGSTAFF","LOWSRY","NBR","A","2014",23896,
"GRC","TEACHINGSTAFF","ALLLEVEL","NBR","A","2005",183306,
"GRC","TEACHINGSTAFF","ALLLEVEL","NBR","A","2010",,"M"
"GRC","TEACHINGSTAFF","ALLLEVEL","NBR","A","2011",,"M"
"GRC","TEACHINGSTAFF","ALLLEVEL","NBR","A","2012",,"M"
"GRC","TEACHINGSTAFF","ALLLEVEL","NBR","A","2013",194836,
"GRC","TEACHINGSTAFF","ALLLEVEL","NBR","A","2014",181449,
"GRC","TEACHINGSTAFF","PRY","NBR","A","2005",58777,
"GRC","TEACHINGSTAFF","PRY","NBR","A","2010",,"M"
"GRC","TEACHINGSTAFF","PRY","NBR","A","2011",,"M"
"GRC","TEACHINGSTAFF","PRY","NBR","A","2012",69227,
"GRC","TEACHINGSTAFF","PRY","NBR","A","2013",66735,
"GRC","TEACHINGSTAFF","PRY","NBR","A","2014",66551,
"GRC","TEACHINGSTAFF","UPPSRY","NBR","A","2005",42974,
"GRC","TEACHINGSTAFF","UPPSRY","NBR","A","2010",,"M"
"GRC","TEACHINGSTAFF","UPPSRY","NBR","A","2011",,"M"
"GRC","TEACHINGSTAFF","UPPSRY","NBR","A","2012",,"M"
"GRC","TEACHINGSTAFF","UPPSRY","NBR","A","2013",45985,
"GRC","TEACHINGSTAFF","UPPSRY","NBR","A","2014",40229,
"GRC","TEACHINGSTAFF","LOWSRY","NBR","A","2005",43391,
"GRC","TEACHINGSTAFF","LOWSRY","NBR","A","2010",,"M"
"GRC","TEACHINGSTAFF","LOWSRY","NBR","A","2011",,"M"
"GRC","TEACHINGSTAFF","LOWSRY","NBR","A","2012",,"M"
"GRC","TEACHINGSTAFF","LOWSRY","NBR","A","2013",44087,
"GRC","TEACHINGSTAFF","LOWSRY","NBR","A","2014",40159,
"ISL","TEACHINGSTAFF","PRY","NBR","A","2005",,"M"
"ISL","TEACHINGSTAFF","PRY","NBR","A","2010",,"M"
"ISL","TEACHINGSTAFF","PRY","NBR","A","2011",,"M"
"ISL","TEACHINGSTAFF","PRY","NBR","A","2012",,"M"
"ISL","TEACHINGSTAFF","PRY","NBR","A","2013",3001,
"ISL","TEACHINGSTAFF","PRY","NBR","A","2014",,"M"
"ISL","TEACHINGSTAFF","LOWSRY","NBR","A","2005",,"M"
"ISL","TEACHINGSTAFF","LOWSRY","NBR","A","2010",,"M"
"ISL","TEACHINGSTAFF","LOWSRY","NBR","A","2011",,"M"
"ISL","TEACHINGSTAFF","LOWSRY","NBR","A","2012",,"M"
"ISL","TEACHINGSTAFF","LOWSRY","NBR","A","2013",1289,
"ISL","TEACHINGSTAFF","LOWSRY","NBR","A","2014",,"M"
"IRL","TEACHINGSTAFF","TRY","NBR","A","2005",11628,
"IRL","TEACHINGSTAFF","TRY","NBR","A","2010",12609,
"IRL","TEACHINGSTAFF","TRY","NBR","A","2011",,"M"
"IRL","TEACHINGSTAFF","TRY","NBR","A","2012",,"M"
"IRL","TEACHINGSTAFF","TRY","NBR","A","2013",9253,
"IRL","TEACHINGSTAFF","TRY","NBR","A","2014",9253,
"IRL","TEACHINGSTAFF","UPPSRY","NBR","A","2005",29026,
"IRL","TEACHINGSTAFF","UPPSRY","NBR","A","2010",30908,
"IRL","TEACHINGSTAFF","UPPSRY","NBR","A","2011",31195,
"IRL","TEACHINGSTAFF","UPPSRY","NBR","A","2012",32794,
"IRL","TEACHINGSTAFF","UPPSRY","NBR","A","2013",23470,
"IRL","TEACHINGSTAFF","UPPSRY","NBR","A","2014",23907,
"LUX","TEACHINGSTAFF","ALLLEVEL","NBR","A","2005",,"M"
"LUX","TEACHINGSTAFF","ALLLEVEL","NBR","A","2010",,"M"
"LUX","TEACHINGSTAFF","ALLLEVEL","NBR","A","2011",,"M"
"LUX","TEACHINGSTAFF","ALLLEVEL","NBR","A","2012",,"M"
"LUX","TEACHINGSTAFF","ALLLEVEL","NBR","A","2013",,"M"
"LUX","TEACHINGSTAFF","ALLLEVEL","NBR","A","2014",,"M"
"LUX","TEACHINGSTAFF","TRY","NBR","A","2005",,"M"
"LUX","TEACHINGSTAFF","TRY","NBR","A","2010",1004,
"LUX","TEACHINGSTAFF","TRY","NBR","A","2011",,"M"
"LUX","TEACHINGSTAFF","TRY","NBR","A","2012",1388,
"LUX","TEACHINGSTAFF","TRY","NBR","A","2013",,"M"
"LUX","TEACHINGSTAFF","TRY","NBR","A","2014",799.42,
"LUX","TEACHINGSTAFF","UPPSRY","NBR","A","2005",3493,
"LUX","TEACHINGSTAFF","UPPSRY","NBR","A","2010",3124,
"LUX","TEACHINGSTAFF","UPPSRY","NBR","A","2011",2860,
"LUX","TEACHINGSTAFF","UPPSRY","NBR","A","2012",3473,
"LUX","TEACHINGSTAFF","UPPSRY","NBR","A","2013",3744,
"LUX","TEACHINGSTAFF","UPPSRY","NBR","A","2014",3040,
"LUX","TEACHINGSTAFF","LOWSRY","NBR","A","2010",1883,
"LUX","TEACHINGSTAFF","LOWSRY","NBR","A","2011",2148,
"LUX","TEACHINGSTAFF","LOWSRY","NBR","A","2012",2140,
"LUX","TEACHINGSTAFF","LOWSRY","NBR","A","2013",2071,
"LUX","TEACHINGSTAFF","LOWSRY","NBR","A","2014",2100,
"NLD","TEACHINGSTAFF","TRY","NBR","A","2005",44656,
"NLD","TEACHINGSTAFF","TRY","NBR","A","2010",51675,
"NLD","TEACHINGSTAFF","TRY","NBR","A","2011",52650,
"NLD","TEACHINGSTAFF","TRY","NBR","A","2012",59431,
"NLD","TEACHINGSTAFF","TRY","NBR","A","2013",54692,
"NLD","TEACHINGSTAFF","TRY","NBR","A","2014",52740,
"NLD","TEACHINGSTAFF","LOWSRY","NBR","A","2011",58070.182,
"NLD","TEACHINGSTAFF","LOWSRY","NBR","A","2012",59755.306,
"NLD","TEACHINGSTAFF","LOWSRY","NBR","A","2013",57636.951,
"NLD","TEACHINGSTAFF","LOWSRY","NBR","A","2014",57443.517,
"NOR","TEACHINGSTAFF","PRY","NBR","A","2005",,"M"
"NOR","TEACHINGSTAFF","PRY","NBR","A","2010",45461,
"NOR","TEACHINGSTAFF","PRY","NBR","A","2011",45911,
"NOR","TEACHINGSTAFF","PRY","NBR","A","2012",46320,
"NOR","TEACHINGSTAFF","PRY","NBR","A","2013",47444,
"NOR","TEACHINGSTAFF","PRY","NBR","A","2014",48123.6,
"POL","TEACHINGSTAFF","ALLLEVEL","NBR","A","2005",702239,
"POL","TEACHINGSTAFF","ALLLEVEL","NBR","A","2010",699456,
"POL","TEACHINGSTAFF","ALLLEVEL","NBR","A","2011",722264,
"POL","TEACHINGSTAFF","ALLLEVEL","NBR","A","2012",720910,
"POL","TEACHINGSTAFF","ALLLEVEL","NBR","A","2013",713080,
"POL","TEACHINGSTAFF","ALLLEVEL","NBR","A","2014",700599,
"POL","TEACHINGSTAFF","PRY","NBR","A","2005",235950,
"POL","TEACHINGSTAFF","PRY","NBR","A","2010",239888,
"POL","TEACHINGSTAFF","PRY","NBR","A","2011",215813,
"POL","TEACHINGSTAFF","PRY","NBR","A","2012",214730,
"POL","TEACHINGSTAFF","PRY","NBR","A","2013",211238,
"POL","TEACHINGSTAFF","PRY","NBR","A","2014",211201,
"POL","TEACHINGSTAFF","TRY","NBR","A","2005",95144,
"POL","TEACHINGSTAFF","TRY","NBR","A","2010",102595,
"POL","TEACHINGSTAFF","TRY","NBR","A","2011",102621,
"POL","TEACHINGSTAFF","TRY","NBR","A","2012",101407,
"POL","TEACHINGSTAFF","TRY","NBR","A","2013",102827,
"POL","TEACHINGSTAFF","TRY","NBR","A","2014",99918,
"POL","TEACHINGSTAFF","UPPSRY","NBR","A","2005",164552,
"POL","TEACHINGSTAFF","UPPSRY","NBR","A","2010",161390,
"POL","TEACHINGSTAFF","UPPSRY","NBR","A","2011",169448,
"POL","TEACHINGSTAFF","UPPSRY","NBR","A","2012",166734,
"POL","TEACHINGSTAFF","UPPSRY","NBR","A","2013",160311,
"POL","TEACHINGSTAFF","UPPSRY","NBR","A","2014",150705,
"POL","TEACHINGSTAFF","LOWSRY","NBR","A","2005",131477,
"POL","TEACHINGSTAFF","LOWSRY","NBR","A","2010",111978,
"POL","TEACHINGSTAFF","LOWSRY","NBR","A","2011",136545,
"POL","TEACHINGSTAFF","LOWSRY","NBR","A","2012",134747,
"POL","TEACHINGSTAFF","LOWSRY","NBR","A","2013",131063,
"POL","TEACHINGSTAFF","LOWSRY","NBR","A","2014",128508,
"ESP","TEACHINGSTAFF","UPPSRY","NBR","A","2010",106235,
"ESP","TEACHINGSTAFF","UPPSRY","NBR","A","2011",108236,
"ESP","TEACHINGSTAFF","UPPSRY","NBR","A","2012",108455,
"ESP","TEACHINGSTAFF","UPPSRY","NBR","A","2013",142187,
"ESP","TEACHINGSTAFF","UPPSRY","NBR","A","2014",144731,
"CHE","TEACHINGSTAFF","PRY","NBR","A","2005",41020,
"CHE","TEACHINGSTAFF","PRY","NBR","A","2010",41877,
"CHE","TEACHINGSTAFF","PRY","NBR","A","2011",41670,
"CHE","TEACHINGSTAFF","PRY","NBR","A","2012",44956,
"CHE","TEACHINGSTAFF","PRY","NBR","A","2013",46306,
"CHE","TEACHINGSTAFF","PRY","NBR","A","2014",47889,
"CHE","TEACHINGSTAFF","UPPSRY","NBR","A","2005",9480,
"CHE","TEACHINGSTAFF","UPPSRY","NBR","A","2010",11290,
"CHE","TEACHINGSTAFF","UPPSRY","NBR","A","2011",25116,
"CHE","TEACHINGSTAFF","UPPSRY","NBR","A","2012",30223,
"CHE","TEACHINGSTAFF","UPPSRY","NBR","A","2013",31093,
"CHE","TEACHINGSTAFF","UPPSRY","NBR","A","2014",31114,
"CHE","TEACHINGSTAFF","LOWSRY","NBR","A","2005",31370,
"CHE","TEACHINGSTAFF","LOWSRY","NBR","A","2010",33044,
"CHE","TEACHINGSTAFF","LOWSRY","NBR","A","2011",32072,
"CHE","TEACHINGSTAFF","LOWSRY","NBR","A","2012",34752,
"CHE","TEACHINGSTAFF","LOWSRY","NBR","A","2013",35440,
"CHE","TEACHINGSTAFF","LOWSRY","NBR","A","2014",33289,
"TUR","TEACHINGSTAFF","ALLLEVEL","NBR","A","2005",,"M"
"TUR","TEACHINGSTAFF","ALLLEVEL","NBR","A","2010",,"M"
"TUR","TEACHINGSTAFF","ALLLEVEL","NBR","A","2011",,"M"
"TUR","TEACHINGSTAFF","ALLLEVEL","NBR","A","2012",870505,
"TUR","TEACHINGSTAFF","ALLLEVEL","NBR","A","2013",1000283,
"TUR","TEACHINGSTAFF","ALLLEVEL","NBR","A","2014",1053653,
"TUR","TEACHINGSTAFF","PRY","NBR","A","2005",399002,
"TUR","TEACHINGSTAFF","PRY","NBR","A","2010",485677,
"TUR","TEACHINGSTAFF","PRY","NBR","A","2011",503328,
"TUR","TEACHINGSTAFF","PRY","NBR","A","2012",319369,
"TUR","TEACHINGSTAFF","PRY","NBR","A","2013",282043,
"TUR","TEACHINGSTAFF","PRY","NBR","A","2014",288444,
"TUR","TEACHINGSTAFF","TRY","NBR","A","2005",82096,
"TUR","TEACHINGSTAFF","TRY","NBR","A","2010",105427,
"TUR","TEACHINGSTAFF","TRY","NBR","A","2011",111495,
"TUR","TEACHINGSTAFF","TRY","NBR","A","2012",118839,
"TUR","TEACHINGSTAFF","TRY","NBR","A","2013",130653,
"TUR","TEACHINGSTAFF","TRY","NBR","A","2014",142437,
"TUR","TEACHINGSTAFF","UPPSRY","NBR","A","2005",167949,
"TUR","TEACHINGSTAFF","UPPSRY","NBR","A","2010",206862,
"TUR","TEACHINGSTAFF","UPPSRY","NBR","A","2011",222705,
"TUR","TEACHINGSTAFF","UPPSRY","NBR","A","2012",235814,
"TUR","TEACHINGSTAFF","UPPSRY","NBR","A","2013",254895,
"TUR","TEACHINGSTAFF","UPPSRY","NBR","A","2014",278641,
"TUR","TEACHINGSTAFF","LOWSRY","NBR","A","2005",,"M"
"TUR","TEACHINGSTAFF","LOWSRY","NBR","A","2010",,"M"
"TUR","TEACHINGSTAFF","LOWSRY","NBR","A","2011",,"M"
"TUR","TEACHINGSTAFF","LOWSRY","NBR","A","2012",196483,
"TUR","TEACHINGSTAFF","LOWSRY","NBR","A","2013",269759,
"TUR","TEACHINGSTAFF","LOWSRY","NBR","A","2014",280804,
"ARG","TEACHINGSTAFF","UPPSRY","NBR","A","2005",,"M"
"ARG","TEACHINGSTAFF","UPPSRY","NBR","A","2010",,"M"
"ARG","TEACHINGSTAFF","UPPSRY","NBR","A","2011",,"M"
"ARG","TEACHINGSTAFF","UPPSRY","NBR","A","2012",,"M"
"ARG","TEACHINGSTAFF","UPPSRY","NBR","A","2013",,"M"
"ARG","TEACHINGSTAFF","UPPSRY","NBR","A","2014",,"M"
"CHL","TEACHINGSTAFF","ALLLEVEL","NBR","A","2005",,"M"
"CHL","TEACHINGSTAFF","ALLLEVEL","NBR","A","2010",,"M"
"CHL","TEACHINGSTAFF","ALLLEVEL","NBR","A","2011",,"M"
"CHL","TEACHINGSTAFF","ALLLEVEL","NBR","A","2012",,"M"
"CHL","TEACHINGSTAFF","ALLLEVEL","NBR","A","2013",,"M"
"CHL","TEACHINGSTAFF","ALLLEVEL","NBR","A","2014",,"M"
"CHL","TEACHINGSTAFF","TRY","NBR","A","2005",,"M"
"CHL","TEACHINGSTAFF","TRY","NBR","A","2010",,"M"
"CHL","TEACHINGSTAFF","TRY","NBR","A","2011",,"M"
"CHL","TEACHINGSTAFF","TRY","NBR","A","2012",,"M"
"CHL","TEACHINGSTAFF","TRY","NBR","A","2013",,"M"
"CHL","TEACHINGSTAFF","TRY","NBR","A","2014",,"M"
"COL","TEACHINGSTAFF","TRY","NBR","A","2005",,"M"
"COL","TEACHINGSTAFF","TRY","NBR","A","2010",,"M"
"COL","TEACHINGSTAFF","TRY","NBR","A","2011",,"M"
"COL","TEACHINGSTAFF","TRY","NBR","A","2012",,"M"
"COL","TEACHINGSTAFF","TRY","NBR","A","2013",116810,
"COL","TEACHINGSTAFF","TRY","NBR","A","2014",123215,
"EST","TEACHINGSTAFF","ALLLEVEL","NBR","A","2005",,"M"
"EST","TEACHINGSTAFF","ALLLEVEL","NBR","A","2010",,"M"
"EST","TEACHINGSTAFF","ALLLEVEL","NBR","A","2011",,"M"
"EST","TEACHINGSTAFF","ALLLEVEL","NBR","A","2012",,"M"
"EST","TEACHINGSTAFF","ALLLEVEL","NBR","A","2013",,"M"
"EST","TEACHINGSTAFF","ALLLEVEL","NBR","A","2014",29332,
"EST","TEACHINGSTAFF","TRY","NBR","A","2005",6309,
"EST","TEACHINGSTAFF","TRY","NBR","A","2010",,"M"
"EST","TEACHINGSTAFF","TRY","NBR","A","2011",,"M"
"EST","TEACHINGSTAFF","TRY","NBR","A","2012",,"M"
"EST","TEACHINGSTAFF","TRY","NBR","A","2013",,"M"
"EST","TEACHINGSTAFF","TRY","NBR","A","2014",4708,
"EST","TEACHINGSTAFF","LOWSRY","NBR","A","2005",,"M"
"EST","TEACHINGSTAFF","LOWSRY","NBR","A","2010",5003,
"EST","TEACHINGSTAFF","LOWSRY","NBR","A","2011",4806,
"EST","TEACHINGSTAFF","LOWSRY","NBR","A","2012",4696,
"EST","TEACHINGSTAFF","LOWSRY","NBR","A","2013",4615,
"EST","TEACHINGSTAFF","LOWSRY","NBR","A","2014",4684,
"IND","TEACHINGSTAFF","TRY","NBR","A","2005",,"M"
"IND","TEACHINGSTAFF","TRY","NBR","A","2010",,"M"
"IND","TEACHINGSTAFF","TRY","NBR","A","2011",,"M"
"IND","TEACHINGSTAFF","TRY","NBR","A","2012",,"M"
"IND","TEACHINGSTAFF","TRY","NBR","A","2013",,"M"
"IND","TEACHINGSTAFF","TRY","NBR","A","2014",,"M"
"ISR","TEACHINGSTAFF","ALLLEVEL","NBR","A","2005",,"M"
"ISR","TEACHINGSTAFF","ALLLEVEL","NBR","A","2010",,"M"
"ISR","TEACHINGSTAFF","ALLLEVEL","NBR","A","2011",,"M"
"ISR","TEACHINGSTAFF","ALLLEVEL","NBR","A","2012",,"M"
"ISR","TEACHINGSTAFF","ALLLEVEL","NBR","A","2013",,"M"
"ISR","TEACHINGSTAFF","ALLLEVEL","NBR","A","2014",,"M"
"ISR","TEACHINGSTAFF","TRY","NBR","A","2005",,"M"
"ISR","TEACHINGSTAFF","TRY","NBR","A","2010",,"M"
"ISR","TEACHINGSTAFF","TRY","NBR","A","2011",,"M"
"ISR","TEACHINGSTAFF","TRY","NBR","A","2012",,"M"
"ISR","TEACHINGSTAFF","TRY","NBR","A","2013",,"M"
"ISR","TEACHINGSTAFF","TRY","NBR","A","2014",,"M"
"RUS","TEACHINGSTAFF","PRY","NBR","A","2005",308604,
"RUS","TEACHINGSTAFF","PRY","NBR","A","2010",280751,
"RUS","TEACHINGSTAFF","PRY","NBR","A","2011",280482,
"RUS","TEACHINGSTAFF","PRY","NBR","A","2012",281503,
"RUS","TEACHINGSTAFF","PRY","NBR","A","2013",285029,
"RUS","TEACHINGSTAFF","PRY","NBR","A","2014",289051,
"RUS","TEACHINGSTAFF","LOWSRY","NBR","A","2005",1108063,
"RUS","TEACHINGSTAFF","LOWSRY","NBR","A","2010",871468,
"RUS","TEACHINGSTAFF","LOWSRY","NBR","A","2011",838110,
"RUS","TEACHINGSTAFF","LOWSRY","NBR","A","2012",932122,
"RUS","TEACHINGSTAFF","LOWSRY","NBR","A","2013",936565,
"RUS","TEACHINGSTAFF","LOWSRY","NBR","A","2014",810361,
"ZAF","TEACHINGSTAFF","TRY","NBR","A","2005",,"M"
"ZAF","TEACHINGSTAFF","TRY","NBR","A","2010",,"M"
"ZAF","TEACHINGSTAFF","TRY","NBR","A","2011",,"M"
"ZAF","TEACHINGSTAFF","TRY","NBR","A","2012",,"M"
"ZAF","TEACHINGSTAFF","TRY","NBR","A","2013",,"M"
"ZAF","TEACHINGSTAFF","TRY","NBR","A","2014",,"M"
"LTU","TEACHINGSTAFF","ALLLEVEL","NBR","A","2013",72309,
"LTU","TEACHINGSTAFF","ALLLEVEL","NBR","A","2014",70774,
"LTU","TEACHINGSTAFF","PRY","NBR","A","2013",8642,
"LTU","TEACHINGSTAFF","PRY","NBR","A","2014",8441,
"LTU","TEACHINGSTAFF","TRY","NBR","A","2013",13633,
"LTU","TEACHINGSTAFF","TRY","NBR","A","2014",14067,
"LTU","TEACHINGSTAFF","UPPSRY","NBR","A","2013",10352,
"LTU","TEACHINGSTAFF","UPPSRY","NBR","A","2014",9514,
"LTU","TEACHINGSTAFF","LOWSRY","NBR","A","2013",25978,
"LTU","TEACHINGSTAFF","LOWSRY","NBR","A","2014",24825,
"CRI","TEACHINGSTAFF","TRY","NBR","A","2013",,"M"
"CRI","TEACHINGSTAFF","TRY","NBR","A","2014",,"M"
"DNK","TEACHINGSTAFF","PRY","NBR","A","2014",43537,
"CRI","TEACHINGSTAFF","ALLLEVEL","NBR","A","2013",,"M"
"CRI","TEACHINGSTAFF","ALLLEVEL","NBR","A","2014",,"M"
"CRI","TEACHINGSTAFF","PRY","NBR","A","2014",35967,
"CRI","TEACHINGSTAFF","UPPSRY","NBR","A","2014",11302,
"CRI","TEACHINGSTAFF","LOWSRY","NBR","A","2014",20749,
