﻿"LOCATION","INDICATOR","SUBJECT","MEASURE","FREQUENCY","TIME","Value","Flag Codes"
"AUS","TEACHINGHR","PRY","HR_YEAR","A","2000",882,
"AUS","TEACHINGHR","PRY","HR_YEAR","A","2005",888,
"AUS","TEACHINGHR","PRY","HR_YEAR","A","2006",884,
"AUS","TEACHINGHR","PRY","HR_YEAR","A","2007",877,
"AUS","TEACHINGHR","PRY","HR_YEAR","A","2008",873,
"AUS","TEACHINGHR","PRY","HR_YEAR","A","2009",874,
"AUS","TEACHINGHR","PRY","HR_YEAR","A","2010",868,
"AUS","TEACHINGHR","PRY","HR_YEAR","A","2011",873,
"AUS","TEACHINGHR","PRY","HR_YEAR","A","2012",871,
"AUS","TEACHINGHR","UPPSRY","HR_YEAR","A","2000",803,
"AUS","TEACHINGHR","UPPSRY","HR_YEAR","A","2005",810,
"AUS","TEACHINGHR","UPPSRY","HR_YEAR","A","2006",817,
"AUS","TEACHINGHR","UPPSRY","HR_YEAR","A","2007",813,
"AUS","TEACHINGHR","UPPSRY","HR_YEAR","A","2008",810,
"AUS","TEACHINGHR","UPPSRY","HR_YEAR","A","2009",797,
"AUS","TEACHINGHR","UPPSRY","HR_YEAR","A","2010",803,
"AUS","TEACHINGHR","UPPSRY","HR_YEAR","A","2011",802,
"AUS","TEACHINGHR","UPPSRY","HR_YEAR","A","2012",801,
"AUS","TEACHINGHR","LOWSRY","HR_YEAR","A","2000",811,
"AUS","TEACHINGHR","LOWSRY","HR_YEAR","A","2005",810,
"AUS","TEACHINGHR","LOWSRY","HR_YEAR","A","2006",818,
"AUS","TEACHINGHR","LOWSRY","HR_YEAR","A","2007",815,
"AUS","TEACHINGHR","LOWSRY","HR_YEAR","A","2008",812,
"AUS","TEACHINGHR","LOWSRY","HR_YEAR","A","2009",812,
"AUS","TEACHINGHR","LOWSRY","HR_YEAR","A","2010",819,
"AUS","TEACHINGHR","LOWSRY","HR_YEAR","A","2011",811,
"AUS","TEACHINGHR","LOWSRY","HR_YEAR","A","2012",809,
"AUT","TEACHINGHR","PRY","HR_YEAR","A","2005",774,
"AUT","TEACHINGHR","PRY","HR_YEAR","A","2006",774,
"AUT","TEACHINGHR","PRY","HR_YEAR","A","2007",774,
"AUT","TEACHINGHR","PRY","HR_YEAR","A","2008",779,
"AUT","TEACHINGHR","PRY","HR_YEAR","A","2009",779,
"AUT","TEACHINGHR","PRY","HR_YEAR","A","2010",779,
"AUT","TEACHINGHR","PRY","HR_YEAR","A","2011",779,
"AUT","TEACHINGHR","PRY","HR_YEAR","A","2012",779,
"AUT","TEACHINGHR","UPPSRY","HR_YEAR","A","2005",589,
"AUT","TEACHINGHR","UPPSRY","HR_YEAR","A","2006",589,
"AUT","TEACHINGHR","UPPSRY","HR_YEAR","A","2007",589,
"AUT","TEACHINGHR","UPPSRY","HR_YEAR","A","2008",589,
"AUT","TEACHINGHR","UPPSRY","HR_YEAR","A","2009",589,
"AUT","TEACHINGHR","UPPSRY","HR_YEAR","A","2010",589,
"AUT","TEACHINGHR","UPPSRY","HR_YEAR","A","2011",589,
"AUT","TEACHINGHR","UPPSRY","HR_YEAR","A","2012",589,
"AUT","TEACHINGHR","LOWSRY","HR_YEAR","A","2005",607,
"AUT","TEACHINGHR","LOWSRY","HR_YEAR","A","2006",607,
"AUT","TEACHINGHR","LOWSRY","HR_YEAR","A","2007",607,
"AUT","TEACHINGHR","LOWSRY","HR_YEAR","A","2008",607,
"AUT","TEACHINGHR","LOWSRY","HR_YEAR","A","2009",607,
"AUT","TEACHINGHR","LOWSRY","HR_YEAR","A","2010",607,
"AUT","TEACHINGHR","LOWSRY","HR_YEAR","A","2011",607,
"AUT","TEACHINGHR","LOWSRY","HR_YEAR","A","2012",607,
"CAN","TEACHINGHR","PRY","HR_YEAR","A","2010",799,
"CAN","TEACHINGHR","PRY","HR_YEAR","A","2011",799,
"CAN","TEACHINGHR","PRY","HR_YEAR","A","2012",802,
"CAN","TEACHINGHR","UPPSRY","HR_YEAR","A","2010",744,
"CAN","TEACHINGHR","UPPSRY","HR_YEAR","A","2011",747,
"CAN","TEACHINGHR","UPPSRY","HR_YEAR","A","2012",751,
"CAN","TEACHINGHR","LOWSRY","HR_YEAR","A","2010",740,
"CAN","TEACHINGHR","LOWSRY","HR_YEAR","A","2011",743,
"CAN","TEACHINGHR","LOWSRY","HR_YEAR","A","2012",747,
"CZE","TEACHINGHR","PRY","HR_YEAR","A","2005",813,
"CZE","TEACHINGHR","PRY","HR_YEAR","A","2006",854,
"CZE","TEACHINGHR","PRY","HR_YEAR","A","2007",849,
"CZE","TEACHINGHR","PRY","HR_YEAR","A","2008",849,
"CZE","TEACHINGHR","PRY","HR_YEAR","A","2009",832,
"CZE","TEACHINGHR","PRY","HR_YEAR","A","2010",862,
"CZE","TEACHINGHR","PRY","HR_YEAR","A","2011",840,
"CZE","TEACHINGHR","PRY","HR_YEAR","A","2012",827,
"CZE","TEACHINGHR","UPPSRY","HR_YEAR","A","2000",621,
"CZE","TEACHINGHR","UPPSRY","HR_YEAR","A","2005",617,
"CZE","TEACHINGHR","UPPSRY","HR_YEAR","A","2006",611,
"CZE","TEACHINGHR","UPPSRY","HR_YEAR","A","2007",608,
"CZE","TEACHINGHR","UPPSRY","HR_YEAR","A","2008",608,
"CZE","TEACHINGHR","UPPSRY","HR_YEAR","A","2009",595,
"CZE","TEACHINGHR","UPPSRY","HR_YEAR","A","2010",617,
"CZE","TEACHINGHR","UPPSRY","HR_YEAR","A","2011",602,
"CZE","TEACHINGHR","UPPSRY","HR_YEAR","A","2012",592,
"CZE","TEACHINGHR","LOWSRY","HR_YEAR","A","2000",650,
"CZE","TEACHINGHR","LOWSRY","HR_YEAR","A","2005",647,
"CZE","TEACHINGHR","LOWSRY","HR_YEAR","A","2006",640,
"CZE","TEACHINGHR","LOWSRY","HR_YEAR","A","2007",637,
"CZE","TEACHINGHR","LOWSRY","HR_YEAR","A","2008",637,
"CZE","TEACHINGHR","LOWSRY","HR_YEAR","A","2009",624,
"CZE","TEACHINGHR","LOWSRY","HR_YEAR","A","2010",647,
"CZE","TEACHINGHR","LOWSRY","HR_YEAR","A","2011",630,
"CZE","TEACHINGHR","LOWSRY","HR_YEAR","A","2012",620,
"DNK","TEACHINGHR","PRY","HR_YEAR","A","2000",640,
"DNK","TEACHINGHR","PRY","HR_YEAR","A","2005",640,
"DNK","TEACHINGHR","PRY","HR_YEAR","A","2006",648,
"DNK","TEACHINGHR","PRY","HR_YEAR","A","2007",648,
"DNK","TEACHINGHR","PRY","HR_YEAR","A","2008",648,
"DNK","TEACHINGHR","PRY","HR_YEAR","A","2009",648,
"DNK","TEACHINGHR","PRY","HR_YEAR","A","2010",650,
"DNK","TEACHINGHR","PRY","HR_YEAR","A","2011",650,
"DNK","TEACHINGHR","PRY","HR_YEAR","A","2012",659,
"DNK","TEACHINGHR","UPPSRY","HR_YEAR","A","2006",364,
"DNK","TEACHINGHR","UPPSRY","HR_YEAR","A","2007",364,
"DNK","TEACHINGHR","UPPSRY","HR_YEAR","A","2008",364,
"DNK","TEACHINGHR","UPPSRY","HR_YEAR","A","2009",377,
"DNK","TEACHINGHR","UPPSRY","HR_YEAR","A","2010",377,
"DNK","TEACHINGHR","UPPSRY","HR_YEAR","A","2011",369,
"DNK","TEACHINGHR","UPPSRY","HR_YEAR","A","2012",369,
"DNK","TEACHINGHR","LOWSRY","HR_YEAR","A","2000",640,
"DNK","TEACHINGHR","LOWSRY","HR_YEAR","A","2005",640,
"DNK","TEACHINGHR","LOWSRY","HR_YEAR","A","2006",648,
"DNK","TEACHINGHR","LOWSRY","HR_YEAR","A","2007",648,
"DNK","TEACHINGHR","LOWSRY","HR_YEAR","A","2008",648,
"DNK","TEACHINGHR","LOWSRY","HR_YEAR","A","2009",648,
"DNK","TEACHINGHR","LOWSRY","HR_YEAR","A","2010",650,
"DNK","TEACHINGHR","LOWSRY","HR_YEAR","A","2011",650,
"DNK","TEACHINGHR","LOWSRY","HR_YEAR","A","2012",659,
"FIN","TEACHINGHR","PRY","HR_YEAR","A","2000",656,
"FIN","TEACHINGHR","PRY","HR_YEAR","A","2005",677,
"FIN","TEACHINGHR","PRY","HR_YEAR","A","2006",677,
"FIN","TEACHINGHR","PRY","HR_YEAR","A","2007",677,
"FIN","TEACHINGHR","PRY","HR_YEAR","A","2008",677,
"FIN","TEACHINGHR","PRY","HR_YEAR","A","2009",677,
"FIN","TEACHINGHR","PRY","HR_YEAR","A","2010",680,
"FIN","TEACHINGHR","PRY","HR_YEAR","A","2011",680,
"FIN","TEACHINGHR","PRY","HR_YEAR","A","2012",673,
"FIN","TEACHINGHR","UPPSRY","HR_YEAR","A","2000",527,
"FIN","TEACHINGHR","UPPSRY","HR_YEAR","A","2005",550,
"FIN","TEACHINGHR","UPPSRY","HR_YEAR","A","2006",550,
"FIN","TEACHINGHR","UPPSRY","HR_YEAR","A","2007",550,
"FIN","TEACHINGHR","UPPSRY","HR_YEAR","A","2008",550,
"FIN","TEACHINGHR","UPPSRY","HR_YEAR","A","2009",550,
"FIN","TEACHINGHR","UPPSRY","HR_YEAR","A","2010",553,
"FIN","TEACHINGHR","UPPSRY","HR_YEAR","A","2011",553,
"FIN","TEACHINGHR","UPPSRY","HR_YEAR","A","2012",547,
"FIN","TEACHINGHR","LOWSRY","HR_YEAR","A","2000",570,
"FIN","TEACHINGHR","LOWSRY","HR_YEAR","A","2005",592,
"FIN","TEACHINGHR","LOWSRY","HR_YEAR","A","2006",592,
"FIN","TEACHINGHR","LOWSRY","HR_YEAR","A","2007",592,
"FIN","TEACHINGHR","LOWSRY","HR_YEAR","A","2008",592,
"FIN","TEACHINGHR","LOWSRY","HR_YEAR","A","2009",592,
"FIN","TEACHINGHR","LOWSRY","HR_YEAR","A","2010",595,
"FIN","TEACHINGHR","LOWSRY","HR_YEAR","A","2011",595,
"FIN","TEACHINGHR","LOWSRY","HR_YEAR","A","2012",589,
"FRA","TEACHINGHR","PRY","HR_YEAR","A","2000",936,
"FRA","TEACHINGHR","PRY","HR_YEAR","A","2005",936,
"FRA","TEACHINGHR","PRY","HR_YEAR","A","2006",936,
"FRA","TEACHINGHR","PRY","HR_YEAR","A","2007",936,
"FRA","TEACHINGHR","PRY","HR_YEAR","A","2008",936,
"FRA","TEACHINGHR","PRY","HR_YEAR","A","2009",936,
"FRA","TEACHINGHR","PRY","HR_YEAR","A","2010",936,
"FRA","TEACHINGHR","PRY","HR_YEAR","A","2011",936,
"FRA","TEACHINGHR","PRY","HR_YEAR","A","2012",924,
"FRA","TEACHINGHR","UPPSRY","HR_YEAR","A","2000",648,
"FRA","TEACHINGHR","UPPSRY","HR_YEAR","A","2005",648,
"FRA","TEACHINGHR","UPPSRY","HR_YEAR","A","2006",648,
"FRA","TEACHINGHR","UPPSRY","HR_YEAR","A","2007",648,
"FRA","TEACHINGHR","UPPSRY","HR_YEAR","A","2008",648,
"FRA","TEACHINGHR","UPPSRY","HR_YEAR","A","2009",648,
"FRA","TEACHINGHR","UPPSRY","HR_YEAR","A","2010",648,
"FRA","TEACHINGHR","UPPSRY","HR_YEAR","A","2011",648,
"FRA","TEACHINGHR","UPPSRY","HR_YEAR","A","2012",648,
"FRA","TEACHINGHR","LOWSRY","HR_YEAR","A","2000",648,
"FRA","TEACHINGHR","LOWSRY","HR_YEAR","A","2005",648,
"FRA","TEACHINGHR","LOWSRY","HR_YEAR","A","2006",648,
"FRA","TEACHINGHR","LOWSRY","HR_YEAR","A","2007",648,
"FRA","TEACHINGHR","LOWSRY","HR_YEAR","A","2008",648,
"FRA","TEACHINGHR","LOWSRY","HR_YEAR","A","2009",648,
"FRA","TEACHINGHR","LOWSRY","HR_YEAR","A","2010",648,
"FRA","TEACHINGHR","LOWSRY","HR_YEAR","A","2011",648,
"FRA","TEACHINGHR","LOWSRY","HR_YEAR","A","2012",648,
"DEU","TEACHINGHR","PRY","HR_YEAR","A","2000",783,
"DEU","TEACHINGHR","PRY","HR_YEAR","A","2005",808,
"DEU","TEACHINGHR","PRY","HR_YEAR","A","2006",810,
"DEU","TEACHINGHR","PRY","HR_YEAR","A","2007",806,
"DEU","TEACHINGHR","PRY","HR_YEAR","A","2008",805,
"DEU","TEACHINGHR","PRY","HR_YEAR","A","2009",805,
"DEU","TEACHINGHR","PRY","HR_YEAR","A","2010",805,
"DEU","TEACHINGHR","PRY","HR_YEAR","A","2011",804,
"DEU","TEACHINGHR","PRY","HR_YEAR","A","2012",804,
"DEU","TEACHINGHR","UPPSRY","HR_YEAR","A","2000",690,
"DEU","TEACHINGHR","UPPSRY","HR_YEAR","A","2005",714,
"DEU","TEACHINGHR","UPPSRY","HR_YEAR","A","2006",714,
"DEU","TEACHINGHR","UPPSRY","HR_YEAR","A","2007",714,
"DEU","TEACHINGHR","UPPSRY","HR_YEAR","A","2008",715,
"DEU","TEACHINGHR","UPPSRY","HR_YEAR","A","2009",713,
"DEU","TEACHINGHR","UPPSRY","HR_YEAR","A","2010",713,
"DEU","TEACHINGHR","UPPSRY","HR_YEAR","A","2011",715,
"DEU","TEACHINGHR","UPPSRY","HR_YEAR","A","2012",718,
"DEU","TEACHINGHR","LOWSRY","HR_YEAR","A","2000",732,
"DEU","TEACHINGHR","LOWSRY","HR_YEAR","A","2005",758,
"DEU","TEACHINGHR","LOWSRY","HR_YEAR","A","2006",758,
"DEU","TEACHINGHR","LOWSRY","HR_YEAR","A","2007",758,
"DEU","TEACHINGHR","LOWSRY","HR_YEAR","A","2008",756,
"DEU","TEACHINGHR","LOWSRY","HR_YEAR","A","2009",756,
"DEU","TEACHINGHR","LOWSRY","HR_YEAR","A","2010",756,
"DEU","TEACHINGHR","LOWSRY","HR_YEAR","A","2011",757,
"DEU","TEACHINGHR","LOWSRY","HR_YEAR","A","2012",755,
"GRC","TEACHINGHR","PRY","HR_YEAR","A","2000",609,
"GRC","TEACHINGHR","PRY","HR_YEAR","A","2005",604,
"GRC","TEACHINGHR","PRY","HR_YEAR","A","2006",604,
"GRC","TEACHINGHR","PRY","HR_YEAR","A","2007",590,
"GRC","TEACHINGHR","PRY","HR_YEAR","A","2008",593,
"GRC","TEACHINGHR","PRY","HR_YEAR","A","2009",589,
"GRC","TEACHINGHR","PRY","HR_YEAR","A","2010",589,
"GRC","TEACHINGHR","PRY","HR_YEAR","A","2011",589,
"GRC","TEACHINGHR","PRY","HR_YEAR","A","2012",569,
"GRC","TEACHINGHR","UPPSRY","HR_YEAR","A","2000",429,
"GRC","TEACHINGHR","UPPSRY","HR_YEAR","A","2005",430,
"GRC","TEACHINGHR","UPPSRY","HR_YEAR","A","2006",421,
"GRC","TEACHINGHR","UPPSRY","HR_YEAR","A","2007",423,
"GRC","TEACHINGHR","UPPSRY","HR_YEAR","A","2008",429,
"GRC","TEACHINGHR","UPPSRY","HR_YEAR","A","2009",426,
"GRC","TEACHINGHR","UPPSRY","HR_YEAR","A","2010",415,
"GRC","TEACHINGHR","UPPSRY","HR_YEAR","A","2011",415,
"GRC","TEACHINGHR","UPPSRY","HR_YEAR","A","2012",415,
"GRC","TEACHINGHR","LOWSRY","HR_YEAR","A","2000",426,
"GRC","TEACHINGHR","LOWSRY","HR_YEAR","A","2005",434,
"GRC","TEACHINGHR","LOWSRY","HR_YEAR","A","2006",429,
"GRC","TEACHINGHR","LOWSRY","HR_YEAR","A","2007",426,
"GRC","TEACHINGHR","LOWSRY","HR_YEAR","A","2008",429,
"GRC","TEACHINGHR","LOWSRY","HR_YEAR","A","2009",426,
"GRC","TEACHINGHR","LOWSRY","HR_YEAR","A","2010",415,
"GRC","TEACHINGHR","LOWSRY","HR_YEAR","A","2011",415,
"GRC","TEACHINGHR","LOWSRY","HR_YEAR","A","2012",415,
"HUN","TEACHINGHR","PRY","HR_YEAR","A","2000",583,
"HUN","TEACHINGHR","PRY","HR_YEAR","A","2005",583,
"HUN","TEACHINGHR","PRY","HR_YEAR","A","2006",583,
"HUN","TEACHINGHR","PRY","HR_YEAR","A","2007",583,
"HUN","TEACHINGHR","PRY","HR_YEAR","A","2008",610,
"HUN","TEACHINGHR","PRY","HR_YEAR","A","2009",597,
"HUN","TEACHINGHR","PRY","HR_YEAR","A","2010",604,
"HUN","TEACHINGHR","PRY","HR_YEAR","A","2011",604,
"HUN","TEACHINGHR","PRY","HR_YEAR","A","2012",604,
"HUN","TEACHINGHR","UPPSRY","HR_YEAR","A","2000",555,
"HUN","TEACHINGHR","UPPSRY","HR_YEAR","A","2005",555,
"HUN","TEACHINGHR","UPPSRY","HR_YEAR","A","2006",555,
"HUN","TEACHINGHR","UPPSRY","HR_YEAR","A","2007",555,
"HUN","TEACHINGHR","UPPSRY","HR_YEAR","A","2008",610,
"HUN","TEACHINGHR","UPPSRY","HR_YEAR","A","2009",597,
"HUN","TEACHINGHR","UPPSRY","HR_YEAR","A","2010",604,
"HUN","TEACHINGHR","UPPSRY","HR_YEAR","A","2011",604,
"HUN","TEACHINGHR","UPPSRY","HR_YEAR","A","2012",604,
"HUN","TEACHINGHR","LOWSRY","HR_YEAR","A","2000",555,
"HUN","TEACHINGHR","LOWSRY","HR_YEAR","A","2005",555,
"HUN","TEACHINGHR","LOWSRY","HR_YEAR","A","2006",555,
"HUN","TEACHINGHR","LOWSRY","HR_YEAR","A","2007",555,
"HUN","TEACHINGHR","LOWSRY","HR_YEAR","A","2008",610,
"HUN","TEACHINGHR","LOWSRY","HR_YEAR","A","2009",597,
"HUN","TEACHINGHR","LOWSRY","HR_YEAR","A","2010",604,
"HUN","TEACHINGHR","LOWSRY","HR_YEAR","A","2011",604,
"HUN","TEACHINGHR","LOWSRY","HR_YEAR","A","2012",604,
"ISL","TEACHINGHR","PRY","HR_YEAR","A","2000",629,
"ISL","TEACHINGHR","PRY","HR_YEAR","A","2005",671,
"ISL","TEACHINGHR","PRY","HR_YEAR","A","2006",671,
"ISL","TEACHINGHR","PRY","HR_YEAR","A","2007",671,
"ISL","TEACHINGHR","PRY","HR_YEAR","A","2008",671,
"ISL","TEACHINGHR","PRY","HR_YEAR","A","2009",609,
"ISL","TEACHINGHR","PRY","HR_YEAR","A","2010",624,
"ISL","TEACHINGHR","PRY","HR_YEAR","A","2011",624,
"ISL","TEACHINGHR","PRY","HR_YEAR","A","2012",624,
"ISL","TEACHINGHR","UPPSRY","HR_YEAR","A","2000",464,
"ISL","TEACHINGHR","UPPSRY","HR_YEAR","A","2005",560,
"ISL","TEACHINGHR","UPPSRY","HR_YEAR","A","2006",560,
"ISL","TEACHINGHR","UPPSRY","HR_YEAR","A","2007",560,
"ISL","TEACHINGHR","UPPSRY","HR_YEAR","A","2008",560,
"ISL","TEACHINGHR","UPPSRY","HR_YEAR","A","2009",547,
"ISL","TEACHINGHR","UPPSRY","HR_YEAR","A","2010",544,
"ISL","TEACHINGHR","UPPSRY","HR_YEAR","A","2011",544,
"ISL","TEACHINGHR","UPPSRY","HR_YEAR","A","2012",544,
"ISL","TEACHINGHR","LOWSRY","HR_YEAR","A","2000",629,
"ISL","TEACHINGHR","LOWSRY","HR_YEAR","A","2005",671,
"ISL","TEACHINGHR","LOWSRY","HR_YEAR","A","2006",671,
"ISL","TEACHINGHR","LOWSRY","HR_YEAR","A","2007",671,
"ISL","TEACHINGHR","LOWSRY","HR_YEAR","A","2008",671,
"ISL","TEACHINGHR","LOWSRY","HR_YEAR","A","2009",609,
"ISL","TEACHINGHR","LOWSRY","HR_YEAR","A","2010",624,
"ISL","TEACHINGHR","LOWSRY","HR_YEAR","A","2011",624,
"ISL","TEACHINGHR","LOWSRY","HR_YEAR","A","2012",624,
"IRL","TEACHINGHR","PRY","HR_YEAR","A","2000",915,
"IRL","TEACHINGHR","PRY","HR_YEAR","A","2005",915,
"IRL","TEACHINGHR","PRY","HR_YEAR","A","2006",915,
"IRL","TEACHINGHR","PRY","HR_YEAR","A","2007",915,
"IRL","TEACHINGHR","PRY","HR_YEAR","A","2008",915,
"IRL","TEACHINGHR","PRY","HR_YEAR","A","2009",915,
"IRL","TEACHINGHR","PRY","HR_YEAR","A","2010",915,
"IRL","TEACHINGHR","PRY","HR_YEAR","A","2011",915,
"IRL","TEACHINGHR","PRY","HR_YEAR","A","2012",915,
"IRL","TEACHINGHR","UPPSRY","HR_YEAR","A","2000",735,
"IRL","TEACHINGHR","UPPSRY","HR_YEAR","A","2005",735,
"IRL","TEACHINGHR","UPPSRY","HR_YEAR","A","2006",735,
"IRL","TEACHINGHR","UPPSRY","HR_YEAR","A","2007",735,
"IRL","TEACHINGHR","UPPSRY","HR_YEAR","A","2008",735,
"IRL","TEACHINGHR","UPPSRY","HR_YEAR","A","2009",735,
"IRL","TEACHINGHR","UPPSRY","HR_YEAR","A","2010",735,
"IRL","TEACHINGHR","UPPSRY","HR_YEAR","A","2011",735,
"IRL","TEACHINGHR","UPPSRY","HR_YEAR","A","2012",735,
"IRL","TEACHINGHR","LOWSRY","HR_YEAR","A","2000",735,
"IRL","TEACHINGHR","LOWSRY","HR_YEAR","A","2005",735,
"IRL","TEACHINGHR","LOWSRY","HR_YEAR","A","2006",735,
"IRL","TEACHINGHR","LOWSRY","HR_YEAR","A","2007",735,
"IRL","TEACHINGHR","LOWSRY","HR_YEAR","A","2008",735,
"IRL","TEACHINGHR","LOWSRY","HR_YEAR","A","2009",735,
"IRL","TEACHINGHR","LOWSRY","HR_YEAR","A","2010",735,
"IRL","TEACHINGHR","LOWSRY","HR_YEAR","A","2011",735,
"IRL","TEACHINGHR","LOWSRY","HR_YEAR","A","2012",735,
"ITA","TEACHINGHR","PRY","HR_YEAR","A","2000",744,
"ITA","TEACHINGHR","PRY","HR_YEAR","A","2005",739,
"ITA","TEACHINGHR","PRY","HR_YEAR","A","2006",735,
"ITA","TEACHINGHR","PRY","HR_YEAR","A","2007",735,
"ITA","TEACHINGHR","PRY","HR_YEAR","A","2008",735,
"ITA","TEACHINGHR","PRY","HR_YEAR","A","2009",757,
"ITA","TEACHINGHR","PRY","HR_YEAR","A","2010",770,
"ITA","TEACHINGHR","PRY","HR_YEAR","A","2011",770,
"ITA","TEACHINGHR","PRY","HR_YEAR","A","2012",752,
"ITA","TEACHINGHR","UPPSRY","HR_YEAR","A","2000",608,
"ITA","TEACHINGHR","UPPSRY","HR_YEAR","A","2005",605,
"ITA","TEACHINGHR","UPPSRY","HR_YEAR","A","2006",601,
"ITA","TEACHINGHR","UPPSRY","HR_YEAR","A","2007",601,
"ITA","TEACHINGHR","UPPSRY","HR_YEAR","A","2008",601,
"ITA","TEACHINGHR","UPPSRY","HR_YEAR","A","2009",619,
"ITA","TEACHINGHR","UPPSRY","HR_YEAR","A","2010",630,
"ITA","TEACHINGHR","UPPSRY","HR_YEAR","A","2011",630,
"ITA","TEACHINGHR","UPPSRY","HR_YEAR","A","2012",616,
"ITA","TEACHINGHR","LOWSRY","HR_YEAR","A","2000",608,
"ITA","TEACHINGHR","LOWSRY","HR_YEAR","A","2005",605,
"ITA","TEACHINGHR","LOWSRY","HR_YEAR","A","2006",601,
"ITA","TEACHINGHR","LOWSRY","HR_YEAR","A","2007",601,
"ITA","TEACHINGHR","LOWSRY","HR_YEAR","A","2008",601,
"ITA","TEACHINGHR","LOWSRY","HR_YEAR","A","2009",619,
"ITA","TEACHINGHR","LOWSRY","HR_YEAR","A","2010",630,
"ITA","TEACHINGHR","LOWSRY","HR_YEAR","A","2011",630,
"ITA","TEACHINGHR","LOWSRY","HR_YEAR","A","2012",616,
"JPN","TEACHINGHR","PRY","HR_YEAR","A","2000",635,
"JPN","TEACHINGHR","PRY","HR_YEAR","A","2005",578,
"JPN","TEACHINGHR","PRY","HR_YEAR","A","2007",705,
"JPN","TEACHINGHR","PRY","HR_YEAR","A","2008",709,
"JPN","TEACHINGHR","PRY","HR_YEAR","A","2009",707,
"JPN","TEACHINGHR","PRY","HR_YEAR","A","2010",707,
"JPN","TEACHINGHR","PRY","HR_YEAR","A","2011",731,
"JPN","TEACHINGHR","PRY","HR_YEAR","A","2012",731,
"JPN","TEACHINGHR","UPPSRY","HR_YEAR","A","2000",478,
"JPN","TEACHINGHR","UPPSRY","HR_YEAR","A","2005",429,
"JPN","TEACHINGHR","UPPSRY","HR_YEAR","A","2007",498,
"JPN","TEACHINGHR","UPPSRY","HR_YEAR","A","2008",500,
"JPN","TEACHINGHR","UPPSRY","HR_YEAR","A","2009",500,
"JPN","TEACHINGHR","UPPSRY","HR_YEAR","A","2010",500,
"JPN","TEACHINGHR","UPPSRY","HR_YEAR","A","2011",510,
"JPN","TEACHINGHR","UPPSRY","HR_YEAR","A","2012",510,
"JPN","TEACHINGHR","LOWSRY","HR_YEAR","A","2000",557,
"JPN","TEACHINGHR","LOWSRY","HR_YEAR","A","2005",505,
"JPN","TEACHINGHR","LOWSRY","HR_YEAR","A","2007",600,
"JPN","TEACHINGHR","LOWSRY","HR_YEAR","A","2008",603,
"JPN","TEACHINGHR","LOWSRY","HR_YEAR","A","2009",602,
"JPN","TEACHINGHR","LOWSRY","HR_YEAR","A","2010",602,
"JPN","TEACHINGHR","LOWSRY","HR_YEAR","A","2011",602,
"JPN","TEACHINGHR","LOWSRY","HR_YEAR","A","2012",602,
"KOR","TEACHINGHR","PRY","HR_YEAR","A","2000",865,
"KOR","TEACHINGHR","PRY","HR_YEAR","A","2005",883,
"KOR","TEACHINGHR","PRY","HR_YEAR","A","2006",864,
"KOR","TEACHINGHR","PRY","HR_YEAR","A","2007",848,
"KOR","TEACHINGHR","PRY","HR_YEAR","A","2008",840,
"KOR","TEACHINGHR","PRY","HR_YEAR","A","2009",836,
"KOR","TEACHINGHR","PRY","HR_YEAR","A","2010",807,
"KOR","TEACHINGHR","PRY","HR_YEAR","A","2011",812,
"KOR","TEACHINGHR","PRY","HR_YEAR","A","2012",694,
"KOR","TEACHINGHR","UPPSRY","HR_YEAR","A","2000",530,
"KOR","TEACHINGHR","UPPSRY","HR_YEAR","A","2005",605,
"KOR","TEACHINGHR","UPPSRY","HR_YEAR","A","2006",596,
"KOR","TEACHINGHR","UPPSRY","HR_YEAR","A","2007",599,
"KOR","TEACHINGHR","UPPSRY","HR_YEAR","A","2008",604,
"KOR","TEACHINGHR","UPPSRY","HR_YEAR","A","2009",605,
"KOR","TEACHINGHR","UPPSRY","HR_YEAR","A","2010",616,
"KOR","TEACHINGHR","UPPSRY","HR_YEAR","A","2011",609,
"KOR","TEACHINGHR","UPPSRY","HR_YEAR","A","2012",549,
"KOR","TEACHINGHR","LOWSRY","HR_YEAR","A","2000",570,
"KOR","TEACHINGHR","LOWSRY","HR_YEAR","A","2005",621,
"KOR","TEACHINGHR","LOWSRY","HR_YEAR","A","2006",588,
"KOR","TEACHINGHR","LOWSRY","HR_YEAR","A","2007",612,
"KOR","TEACHINGHR","LOWSRY","HR_YEAR","A","2008",616,
"KOR","TEACHINGHR","LOWSRY","HR_YEAR","A","2009",618,
"KOR","TEACHINGHR","LOWSRY","HR_YEAR","A","2010",627,
"KOR","TEACHINGHR","LOWSRY","HR_YEAR","A","2011",621,
"KOR","TEACHINGHR","LOWSRY","HR_YEAR","A","2012",568,
"LUX","TEACHINGHR","PRY","HR_YEAR","A","2005",774,
"LUX","TEACHINGHR","PRY","HR_YEAR","A","2006",774,
"LUX","TEACHINGHR","PRY","HR_YEAR","A","2007",774,
"LUX","TEACHINGHR","PRY","HR_YEAR","A","2008",739,
"LUX","TEACHINGHR","PRY","HR_YEAR","A","2009",739,
"LUX","TEACHINGHR","PRY","HR_YEAR","A","2010",739,
"LUX","TEACHINGHR","PRY","HR_YEAR","A","2011",810,
"LUX","TEACHINGHR","PRY","HR_YEAR","A","2012",810,
"LUX","TEACHINGHR","UPPSRY","HR_YEAR","A","2005",642,
"LUX","TEACHINGHR","UPPSRY","HR_YEAR","A","2006",642,
"LUX","TEACHINGHR","UPPSRY","HR_YEAR","A","2007",642,
"LUX","TEACHINGHR","UPPSRY","HR_YEAR","A","2008",634,
"LUX","TEACHINGHR","UPPSRY","HR_YEAR","A","2009",634,
"LUX","TEACHINGHR","UPPSRY","HR_YEAR","A","2010",634,
"LUX","TEACHINGHR","UPPSRY","HR_YEAR","A","2011",739,
"LUX","TEACHINGHR","UPPSRY","HR_YEAR","A","2012",739,
"LUX","TEACHINGHR","LOWSRY","HR_YEAR","A","2005",642,
"LUX","TEACHINGHR","LOWSRY","HR_YEAR","A","2006",642,
"LUX","TEACHINGHR","LOWSRY","HR_YEAR","A","2007",642,
"LUX","TEACHINGHR","LOWSRY","HR_YEAR","A","2008",634,
"LUX","TEACHINGHR","LOWSRY","HR_YEAR","A","2009",634,
"LUX","TEACHINGHR","LOWSRY","HR_YEAR","A","2010",634,
"LUX","TEACHINGHR","LOWSRY","HR_YEAR","A","2011",739,
"LUX","TEACHINGHR","LOWSRY","HR_YEAR","A","2012",739,
"MEX","TEACHINGHR","PRY","HR_YEAR","A","2000",800,
"MEX","TEACHINGHR","PRY","HR_YEAR","A","2005",800,
"MEX","TEACHINGHR","PRY","HR_YEAR","A","2006",800,
"MEX","TEACHINGHR","PRY","HR_YEAR","A","2007",800,
"MEX","TEACHINGHR","PRY","HR_YEAR","A","2008",800,
"MEX","TEACHINGHR","PRY","HR_YEAR","A","2009",800,
"MEX","TEACHINGHR","PRY","HR_YEAR","A","2010",800,
"MEX","TEACHINGHR","PRY","HR_YEAR","A","2011",800,
"MEX","TEACHINGHR","PRY","HR_YEAR","A","2012",800,
"MEX","TEACHINGHR","UPPSRY","HR_YEAR","A","2005",848,
"MEX","TEACHINGHR","UPPSRY","HR_YEAR","A","2006",843,
"MEX","TEACHINGHR","UPPSRY","HR_YEAR","A","2007",843,
"MEX","TEACHINGHR","UPPSRY","HR_YEAR","A","2008",848,
"MEX","TEACHINGHR","UPPSRY","HR_YEAR","A","2009",843,
"MEX","TEACHINGHR","UPPSRY","HR_YEAR","A","2010",843,
"MEX","TEACHINGHR","UPPSRY","HR_YEAR","A","2011",848,
"MEX","TEACHINGHR","UPPSRY","HR_YEAR","A","2012",838,
"MEX","TEACHINGHR","LOWSRY","HR_YEAR","A","2000",1182,
"MEX","TEACHINGHR","LOWSRY","HR_YEAR","A","2005",1047,
"MEX","TEACHINGHR","LOWSRY","HR_YEAR","A","2006",1047,
"MEX","TEACHINGHR","LOWSRY","HR_YEAR","A","2007",1047,
"MEX","TEACHINGHR","LOWSRY","HR_YEAR","A","2008",1047,
"MEX","TEACHINGHR","LOWSRY","HR_YEAR","A","2009",1047,
"MEX","TEACHINGHR","LOWSRY","HR_YEAR","A","2010",1047,
"MEX","TEACHINGHR","LOWSRY","HR_YEAR","A","2011",1047,
"MEX","TEACHINGHR","LOWSRY","HR_YEAR","A","2012",1047,
"NLD","TEACHINGHR","PRY","HR_YEAR","A","2000",930,
"NLD","TEACHINGHR","PRY","HR_YEAR","A","2005",930,
"NLD","TEACHINGHR","PRY","HR_YEAR","A","2006",930,
"NLD","TEACHINGHR","PRY","HR_YEAR","A","2007",930,
"NLD","TEACHINGHR","PRY","HR_YEAR","A","2008",930,
"NLD","TEACHINGHR","PRY","HR_YEAR","A","2009",930,
"NLD","TEACHINGHR","PRY","HR_YEAR","A","2010",930,
"NLD","TEACHINGHR","PRY","HR_YEAR","A","2011",930,
"NLD","TEACHINGHR","PRY","HR_YEAR","A","2012",930,
"NLD","TEACHINGHR","UPPSRY","HR_YEAR","A","2000",867,
"NLD","TEACHINGHR","UPPSRY","HR_YEAR","A","2005",750,
"NLD","TEACHINGHR","UPPSRY","HR_YEAR","A","2006",750,
"NLD","TEACHINGHR","UPPSRY","HR_YEAR","A","2007",750,
"NLD","TEACHINGHR","UPPSRY","HR_YEAR","A","2008",750,
"NLD","TEACHINGHR","UPPSRY","HR_YEAR","A","2009",750,
"NLD","TEACHINGHR","UPPSRY","HR_YEAR","A","2010",750,
"NLD","TEACHINGHR","UPPSRY","HR_YEAR","A","2011",750,
"NLD","TEACHINGHR","UPPSRY","HR_YEAR","A","2012",750,
"NLD","TEACHINGHR","LOWSRY","HR_YEAR","A","2000",867,
"NLD","TEACHINGHR","LOWSRY","HR_YEAR","A","2005",750,
"NLD","TEACHINGHR","LOWSRY","HR_YEAR","A","2006",750,
"NLD","TEACHINGHR","LOWSRY","HR_YEAR","A","2007",750,
"NLD","TEACHINGHR","LOWSRY","HR_YEAR","A","2008",750,
"NLD","TEACHINGHR","LOWSRY","HR_YEAR","A","2009",750,
"NLD","TEACHINGHR","LOWSRY","HR_YEAR","A","2010",750,
"NLD","TEACHINGHR","LOWSRY","HR_YEAR","A","2011",750,
"NLD","TEACHINGHR","LOWSRY","HR_YEAR","A","2012",750,
"NZL","TEACHINGHR","PRY","HR_YEAR","A","2006",945,
"NZL","TEACHINGHR","PRY","HR_YEAR","A","2007",945,
"NZL","TEACHINGHR","PRY","HR_YEAR","A","2008",945,
"NZL","TEACHINGHR","PRY","HR_YEAR","A","2009",945,
"NZL","TEACHINGHR","PRY","HR_YEAR","A","2010",930,
"NZL","TEACHINGHR","PRY","HR_YEAR","A","2011",935,
"NZL","TEACHINGHR","PRY","HR_YEAR","A","2012",935,
"NZL","TEACHINGHR","UPPSRY","HR_YEAR","A","2006",760,
"NZL","TEACHINGHR","UPPSRY","HR_YEAR","A","2007",760,
"NZL","TEACHINGHR","UPPSRY","HR_YEAR","A","2008",760,
"NZL","TEACHINGHR","UPPSRY","HR_YEAR","A","2009",760,
"NZL","TEACHINGHR","UPPSRY","HR_YEAR","A","2010",760,
"NZL","TEACHINGHR","UPPSRY","HR_YEAR","A","2011",760,
"NZL","TEACHINGHR","UPPSRY","HR_YEAR","A","2012",760,
"NZL","TEACHINGHR","LOWSRY","HR_YEAR","A","2006",852,
"NZL","TEACHINGHR","LOWSRY","HR_YEAR","A","2007",852,
"NZL","TEACHINGHR","LOWSRY","HR_YEAR","A","2008",852,
"NZL","TEACHINGHR","LOWSRY","HR_YEAR","A","2009",852,
"NZL","TEACHINGHR","LOWSRY","HR_YEAR","A","2010",845,
"NZL","TEACHINGHR","LOWSRY","HR_YEAR","A","2011",848,
"NZL","TEACHINGHR","LOWSRY","HR_YEAR","A","2012",848,
"NOR","TEACHINGHR","PRY","HR_YEAR","A","2000",712,
"NOR","TEACHINGHR","PRY","HR_YEAR","A","2005",741,
"NOR","TEACHINGHR","PRY","HR_YEAR","A","2006",741,
"NOR","TEACHINGHR","PRY","HR_YEAR","A","2007",741,
"NOR","TEACHINGHR","PRY","HR_YEAR","A","2008",741,
"NOR","TEACHINGHR","PRY","HR_YEAR","A","2009",741,
"NOR","TEACHINGHR","PRY","HR_YEAR","A","2010",741,
"NOR","TEACHINGHR","PRY","HR_YEAR","A","2011",741,
"NOR","TEACHINGHR","PRY","HR_YEAR","A","2012",741,
"NOR","TEACHINGHR","UPPSRY","HR_YEAR","A","2000",505,
"NOR","TEACHINGHR","UPPSRY","HR_YEAR","A","2005",524,
"NOR","TEACHINGHR","UPPSRY","HR_YEAR","A","2006",522,
"NOR","TEACHINGHR","UPPSRY","HR_YEAR","A","2007",522,
"NOR","TEACHINGHR","UPPSRY","HR_YEAR","A","2008",522,
"NOR","TEACHINGHR","UPPSRY","HR_YEAR","A","2009",522,
"NOR","TEACHINGHR","UPPSRY","HR_YEAR","A","2010",522,
"NOR","TEACHINGHR","UPPSRY","HR_YEAR","A","2011",522,
"NOR","TEACHINGHR","UPPSRY","HR_YEAR","A","2012",522,
"NOR","TEACHINGHR","LOWSRY","HR_YEAR","A","2000",633,
"NOR","TEACHINGHR","LOWSRY","HR_YEAR","A","2005",656,
"NOR","TEACHINGHR","LOWSRY","HR_YEAR","A","2006",654,
"NOR","TEACHINGHR","LOWSRY","HR_YEAR","A","2007",654,
"NOR","TEACHINGHR","LOWSRY","HR_YEAR","A","2008",654,
"NOR","TEACHINGHR","LOWSRY","HR_YEAR","A","2009",654,
"NOR","TEACHINGHR","LOWSRY","HR_YEAR","A","2010",654,
"NOR","TEACHINGHR","LOWSRY","HR_YEAR","A","2011",663,
"NOR","TEACHINGHR","LOWSRY","HR_YEAR","A","2012",663,
"POL","TEACHINGHR","PRY","HR_YEAR","A","2008",632,
"POL","TEACHINGHR","PRY","HR_YEAR","A","2009",628,
"POL","TEACHINGHR","PRY","HR_YEAR","A","2010",644,
"POL","TEACHINGHR","PRY","HR_YEAR","A","2011",618,
"POL","TEACHINGHR","PRY","HR_YEAR","A","2012",633,
"POL","TEACHINGHR","UPPSRY","HR_YEAR","A","2008",565,
"POL","TEACHINGHR","UPPSRY","HR_YEAR","A","2009",563,
"POL","TEACHINGHR","UPPSRY","HR_YEAR","A","2010",571,
"POL","TEACHINGHR","UPPSRY","HR_YEAR","A","2011",544,
"POL","TEACHINGHR","UPPSRY","HR_YEAR","A","2012",558,
"POL","TEACHINGHR","LOWSRY","HR_YEAR","A","2008",562,
"POL","TEACHINGHR","LOWSRY","HR_YEAR","A","2009",558,
"POL","TEACHINGHR","LOWSRY","HR_YEAR","A","2010",572,
"POL","TEACHINGHR","LOWSRY","HR_YEAR","A","2011",547,
"POL","TEACHINGHR","LOWSRY","HR_YEAR","A","2012",561,
"PRT","TEACHINGHR","PRY","HR_YEAR","A","2000",815,
"PRT","TEACHINGHR","PRY","HR_YEAR","A","2005",855,
"PRT","TEACHINGHR","PRY","HR_YEAR","A","2006",774,
"PRT","TEACHINGHR","PRY","HR_YEAR","A","2007",770,
"PRT","TEACHINGHR","PRY","HR_YEAR","A","2008",770,
"PRT","TEACHINGHR","PRY","HR_YEAR","A","2009",788,
"PRT","TEACHINGHR","PRY","HR_YEAR","A","2010",779,
"PRT","TEACHINGHR","PRY","HR_YEAR","A","2011",792,
"PRT","TEACHINGHR","PRY","HR_YEAR","A","2012",756,
"PRT","TEACHINGHR","UPPSRY","HR_YEAR","A","2000",515,
"PRT","TEACHINGHR","UPPSRY","HR_YEAR","A","2005",513,
"PRT","TEACHINGHR","UPPSRY","HR_YEAR","A","2006",573,
"PRT","TEACHINGHR","UPPSRY","HR_YEAR","A","2007",627,
"PRT","TEACHINGHR","UPPSRY","HR_YEAR","A","2008",627,
"PRT","TEACHINGHR","UPPSRY","HR_YEAR","A","2009",642,
"PRT","TEACHINGHR","UPPSRY","HR_YEAR","A","2010",634,
"PRT","TEACHINGHR","UPPSRY","HR_YEAR","A","2011",645,
"PRT","TEACHINGHR","UPPSRY","HR_YEAR","A","2012",616,
"PRT","TEACHINGHR","LOWSRY","HR_YEAR","A","2000",595,
"PRT","TEACHINGHR","LOWSRY","HR_YEAR","A","2005",564,
"PRT","TEACHINGHR","LOWSRY","HR_YEAR","A","2006",631,
"PRT","TEACHINGHR","LOWSRY","HR_YEAR","A","2007",627,
"PRT","TEACHINGHR","LOWSRY","HR_YEAR","A","2008",627,
"PRT","TEACHINGHR","LOWSRY","HR_YEAR","A","2009",642,
"PRT","TEACHINGHR","LOWSRY","HR_YEAR","A","2010",634,
"PRT","TEACHINGHR","LOWSRY","HR_YEAR","A","2011",645,
"PRT","TEACHINGHR","LOWSRY","HR_YEAR","A","2012",616,
"SVK","TEACHINGHR","PRY","HR_YEAR","A","2009",832,
"SVK","TEACHINGHR","PRY","HR_YEAR","A","2010",841,
"SVK","TEACHINGHR","PRY","HR_YEAR","A","2011",846,
"SVK","TEACHINGHR","PRY","HR_YEAR","A","2012",819,
"SVK","TEACHINGHR","UPPSRY","HR_YEAR","A","2009",617,
"SVK","TEACHINGHR","UPPSRY","HR_YEAR","A","2010",624,
"SVK","TEACHINGHR","UPPSRY","HR_YEAR","A","2011",627,
"SVK","TEACHINGHR","UPPSRY","HR_YEAR","A","2012",607,
"SVK","TEACHINGHR","LOWSRY","HR_YEAR","A","2009",645,
"SVK","TEACHINGHR","LOWSRY","HR_YEAR","A","2010",652,
"SVK","TEACHINGHR","LOWSRY","HR_YEAR","A","2011",656,
"SVK","TEACHINGHR","LOWSRY","HR_YEAR","A","2012",635,
"ESP","TEACHINGHR","PRY","HR_YEAR","A","2000",880,
"ESP","TEACHINGHR","PRY","HR_YEAR","A","2005",880,
"ESP","TEACHINGHR","PRY","HR_YEAR","A","2006",880,
"ESP","TEACHINGHR","PRY","HR_YEAR","A","2007",880,
"ESP","TEACHINGHR","PRY","HR_YEAR","A","2008",880,
"ESP","TEACHINGHR","PRY","HR_YEAR","A","2009",880,
"ESP","TEACHINGHR","PRY","HR_YEAR","A","2010",880,
"ESP","TEACHINGHR","PRY","HR_YEAR","A","2011",880,
"ESP","TEACHINGHR","PRY","HR_YEAR","A","2012",880,
"ESP","TEACHINGHR","UPPSRY","HR_YEAR","A","2000",548,
"ESP","TEACHINGHR","UPPSRY","HR_YEAR","A","2005",693,
"ESP","TEACHINGHR","UPPSRY","HR_YEAR","A","2006",693,
"ESP","TEACHINGHR","UPPSRY","HR_YEAR","A","2007",693,
"ESP","TEACHINGHR","UPPSRY","HR_YEAR","A","2008",693,
"ESP","TEACHINGHR","UPPSRY","HR_YEAR","A","2009",693,
"ESP","TEACHINGHR","UPPSRY","HR_YEAR","A","2010",693,
"ESP","TEACHINGHR","UPPSRY","HR_YEAR","A","2011",693,
"ESP","TEACHINGHR","UPPSRY","HR_YEAR","A","2012",693,
"ESP","TEACHINGHR","LOWSRY","HR_YEAR","A","2000",564,
"ESP","TEACHINGHR","LOWSRY","HR_YEAR","A","2005",713,
"ESP","TEACHINGHR","LOWSRY","HR_YEAR","A","2006",713,
"ESP","TEACHINGHR","LOWSRY","HR_YEAR","A","2007",713,
"ESP","TEACHINGHR","LOWSRY","HR_YEAR","A","2008",713,
"ESP","TEACHINGHR","LOWSRY","HR_YEAR","A","2009",713,
"ESP","TEACHINGHR","LOWSRY","HR_YEAR","A","2010",713,
"ESP","TEACHINGHR","LOWSRY","HR_YEAR","A","2011",713,
"ESP","TEACHINGHR","LOWSRY","HR_YEAR","A","2012",713,
"CHE","TEACHINGHR","PRY","HR_YEAR","A","2000",884,
"CHE","TEACHINGHR","UPPSRY","HR_YEAR","A","2000",674,
"CHE","TEACHINGHR","LOWSRY","HR_YEAR","A","2000",859,
"TUR","TEACHINGHR","PRY","HR_YEAR","A","2000",639,
"TUR","TEACHINGHR","PRY","HR_YEAR","A","2005",639,
"TUR","TEACHINGHR","PRY","HR_YEAR","A","2006",639,
"TUR","TEACHINGHR","PRY","HR_YEAR","A","2007",639,
"TUR","TEACHINGHR","PRY","HR_YEAR","A","2008",639,
"TUR","TEACHINGHR","PRY","HR_YEAR","A","2009",639,
"TUR","TEACHINGHR","PRY","HR_YEAR","A","2010",621,
"TUR","TEACHINGHR","PRY","HR_YEAR","A","2011",639,
"TUR","TEACHINGHR","PRY","HR_YEAR","A","2012",720,
"TUR","TEACHINGHR","UPPSRY","HR_YEAR","A","2000",504,
"TUR","TEACHINGHR","UPPSRY","HR_YEAR","A","2005",567,
"TUR","TEACHINGHR","UPPSRY","HR_YEAR","A","2006",567,
"TUR","TEACHINGHR","UPPSRY","HR_YEAR","A","2007",567,
"TUR","TEACHINGHR","UPPSRY","HR_YEAR","A","2008",567,
"TUR","TEACHINGHR","UPPSRY","HR_YEAR","A","2009",567,
"TUR","TEACHINGHR","UPPSRY","HR_YEAR","A","2010",551,
"TUR","TEACHINGHR","UPPSRY","HR_YEAR","A","2011",567,
"TUR","TEACHINGHR","UPPSRY","HR_YEAR","A","2012",567,
"TUR","TEACHINGHR","LOWSRY","HR_YEAR","A","2012",504,
"ARG","TEACHINGHR","PRY","HR_YEAR","A","2008",680,
"ARG","TEACHINGHR","PRY","HR_YEAR","A","2009",680,
"ARG","TEACHINGHR","PRY","HR_YEAR","A","2010",720,
"ARG","TEACHINGHR","PRY","HR_YEAR","A","2012",680,
"ARG","TEACHINGHR","UPPSRY","HR_YEAR","A","2008",1368,
"ARG","TEACHINGHR","UPPSRY","HR_YEAR","A","2009",1368,
"ARG","TEACHINGHR","UPPSRY","HR_YEAR","A","2010",1448,
"ARG","TEACHINGHR","UPPSRY","HR_YEAR","A","2012",1368,
"ARG","TEACHINGHR","LOWSRY","HR_YEAR","A","2008",1368,
"ARG","TEACHINGHR","LOWSRY","HR_YEAR","A","2009",1368,
"ARG","TEACHINGHR","LOWSRY","HR_YEAR","A","2010",1448,
"ARG","TEACHINGHR","LOWSRY","HR_YEAR","A","2012",1368,
"CHL","TEACHINGHR","PRY","HR_YEAR","A","2005",1128,
"CHL","TEACHINGHR","PRY","HR_YEAR","A","2006",1101,
"CHL","TEACHINGHR","PRY","HR_YEAR","A","2007",1087,
"CHL","TEACHINGHR","PRY","HR_YEAR","A","2008",1101,
"CHL","TEACHINGHR","PRY","HR_YEAR","A","2009",1109,
"CHL","TEACHINGHR","PRY","HR_YEAR","A","2010",1105,
"CHL","TEACHINGHR","PRY","HR_YEAR","A","2011",1120,
"CHL","TEACHINGHR","PRY","HR_YEAR","A","2012",1103,
"CHL","TEACHINGHR","UPPSRY","HR_YEAR","A","2005",1128,
"CHL","TEACHINGHR","UPPSRY","HR_YEAR","A","2006",1101,
"CHL","TEACHINGHR","UPPSRY","HR_YEAR","A","2007",1087,
"CHL","TEACHINGHR","UPPSRY","HR_YEAR","A","2008",1101,
"CHL","TEACHINGHR","UPPSRY","HR_YEAR","A","2009",1109,
"CHL","TEACHINGHR","UPPSRY","HR_YEAR","A","2010",1105,
"CHL","TEACHINGHR","UPPSRY","HR_YEAR","A","2011",1120,
"CHL","TEACHINGHR","UPPSRY","HR_YEAR","A","2012",1103,
"CHL","TEACHINGHR","LOWSRY","HR_YEAR","A","2005",1128,
"CHL","TEACHINGHR","LOWSRY","HR_YEAR","A","2006",1101,
"CHL","TEACHINGHR","LOWSRY","HR_YEAR","A","2007",1087,
"CHL","TEACHINGHR","LOWSRY","HR_YEAR","A","2008",1101,
"CHL","TEACHINGHR","LOWSRY","HR_YEAR","A","2009",1109,
"CHL","TEACHINGHR","LOWSRY","HR_YEAR","A","2010",1105,
"CHL","TEACHINGHR","LOWSRY","HR_YEAR","A","2011",1120,
"CHL","TEACHINGHR","LOWSRY","HR_YEAR","A","2012",1103,
"EST","TEACHINGHR","PRY","HR_YEAR","A","2000",630,
"EST","TEACHINGHR","PRY","HR_YEAR","A","2005",630,
"EST","TEACHINGHR","PRY","HR_YEAR","A","2006",630,
"EST","TEACHINGHR","PRY","HR_YEAR","A","2007",630,
"EST","TEACHINGHR","PRY","HR_YEAR","A","2008",630,
"EST","TEACHINGHR","PRY","HR_YEAR","A","2009",630,
"EST","TEACHINGHR","PRY","HR_YEAR","A","2010",630,
"EST","TEACHINGHR","PRY","HR_YEAR","A","2011",619,
"EST","TEACHINGHR","PRY","HR_YEAR","A","2012",619,
"EST","TEACHINGHR","UPPSRY","HR_YEAR","A","2000",578,
"EST","TEACHINGHR","UPPSRY","HR_YEAR","A","2005",578,
"EST","TEACHINGHR","UPPSRY","HR_YEAR","A","2006",578,
"EST","TEACHINGHR","UPPSRY","HR_YEAR","A","2007",578,
"EST","TEACHINGHR","UPPSRY","HR_YEAR","A","2008",578,
"EST","TEACHINGHR","UPPSRY","HR_YEAR","A","2009",578,
"EST","TEACHINGHR","UPPSRY","HR_YEAR","A","2010",578,
"EST","TEACHINGHR","UPPSRY","HR_YEAR","A","2011",568,
"EST","TEACHINGHR","UPPSRY","HR_YEAR","A","2012",568,
"EST","TEACHINGHR","LOWSRY","HR_YEAR","A","2000",630,
"EST","TEACHINGHR","LOWSRY","HR_YEAR","A","2005",630,
"EST","TEACHINGHR","LOWSRY","HR_YEAR","A","2006",630,
"EST","TEACHINGHR","LOWSRY","HR_YEAR","A","2007",630,
"EST","TEACHINGHR","LOWSRY","HR_YEAR","A","2008",630,
"EST","TEACHINGHR","LOWSRY","HR_YEAR","A","2009",630,
"EST","TEACHINGHR","LOWSRY","HR_YEAR","A","2010",630,
"EST","TEACHINGHR","LOWSRY","HR_YEAR","A","2011",619,
"EST","TEACHINGHR","LOWSRY","HR_YEAR","A","2012",619,
"IDN","TEACHINGHR","PRY","HR_YEAR","A","2012",1255,
"IDN","TEACHINGHR","UPPSRY","HR_YEAR","A","2012",734,
"IDN","TEACHINGHR","LOWSRY","HR_YEAR","A","2012",734,
"ISR","TEACHINGHR","PRY","HR_YEAR","A","2000",731,
"ISR","TEACHINGHR","PRY","HR_YEAR","A","2005",731,
"ISR","TEACHINGHR","PRY","HR_YEAR","A","2006",731,
"ISR","TEACHINGHR","PRY","HR_YEAR","A","2007",731,
"ISR","TEACHINGHR","PRY","HR_YEAR","A","2008",731,
"ISR","TEACHINGHR","PRY","HR_YEAR","A","2009",788,
"ISR","TEACHINGHR","PRY","HR_YEAR","A","2010",820,
"ISR","TEACHINGHR","PRY","HR_YEAR","A","2011",842,
"ISR","TEACHINGHR","PRY","HR_YEAR","A","2012",838,
"ISR","TEACHINGHR","UPPSRY","HR_YEAR","A","2000",524,
"ISR","TEACHINGHR","UPPSRY","HR_YEAR","A","2005",524,
"ISR","TEACHINGHR","UPPSRY","HR_YEAR","A","2006",524,
"ISR","TEACHINGHR","UPPSRY","HR_YEAR","A","2007",524,
"ISR","TEACHINGHR","UPPSRY","HR_YEAR","A","2008",524,
"ISR","TEACHINGHR","UPPSRY","HR_YEAR","A","2009",524,
"ISR","TEACHINGHR","UPPSRY","HR_YEAR","A","2010",521,
"ISR","TEACHINGHR","UPPSRY","HR_YEAR","A","2011",521,
"ISR","TEACHINGHR","UPPSRY","HR_YEAR","A","2012",558,
"ISR","TEACHINGHR","LOWSRY","HR_YEAR","A","2000",579,
"ISR","TEACHINGHR","LOWSRY","HR_YEAR","A","2005",579,
"ISR","TEACHINGHR","LOWSRY","HR_YEAR","A","2006",579,
"ISR","TEACHINGHR","LOWSRY","HR_YEAR","A","2007",579,
"ISR","TEACHINGHR","LOWSRY","HR_YEAR","A","2008",579,
"ISR","TEACHINGHR","LOWSRY","HR_YEAR","A","2009",589,
"ISR","TEACHINGHR","LOWSRY","HR_YEAR","A","2010",598,
"ISR","TEACHINGHR","LOWSRY","HR_YEAR","A","2011",614,
"ISR","TEACHINGHR","LOWSRY","HR_YEAR","A","2012",629,
"RUS","TEACHINGHR","PRY","HR_YEAR","A","2005",615,
"RUS","TEACHINGHR","PRY","HR_YEAR","A","2006",615,
"RUS","TEACHINGHR","PRY","HR_YEAR","A","2007",615,
"RUS","TEACHINGHR","PRY","HR_YEAR","A","2008",615,
"RUS","TEACHINGHR","PRY","HR_YEAR","A","2009",615,
"RUS","TEACHINGHR","PRY","HR_YEAR","A","2010",615,
"RUS","TEACHINGHR","PRY","HR_YEAR","A","2011",561,
"RUS","TEACHINGHR","PRY","HR_YEAR","A","2012",561,
"RUS","TEACHINGHR","UPPSRY","HR_YEAR","A","2005",507,
"RUS","TEACHINGHR","UPPSRY","HR_YEAR","A","2006",507,
"RUS","TEACHINGHR","UPPSRY","HR_YEAR","A","2007",507,
"RUS","TEACHINGHR","UPPSRY","HR_YEAR","A","2008",507,
"RUS","TEACHINGHR","UPPSRY","HR_YEAR","A","2009",507,
"RUS","TEACHINGHR","UPPSRY","HR_YEAR","A","2010",507,
"RUS","TEACHINGHR","UPPSRY","HR_YEAR","A","2011",483,
"RUS","TEACHINGHR","UPPSRY","HR_YEAR","A","2012",483,
"RUS","TEACHINGHR","LOWSRY","HR_YEAR","A","2005",507,
"RUS","TEACHINGHR","LOWSRY","HR_YEAR","A","2006",507,
"RUS","TEACHINGHR","LOWSRY","HR_YEAR","A","2007",507,
"RUS","TEACHINGHR","LOWSRY","HR_YEAR","A","2008",507,
"RUS","TEACHINGHR","LOWSRY","HR_YEAR","A","2009",507,
"RUS","TEACHINGHR","LOWSRY","HR_YEAR","A","2010",507,
"RUS","TEACHINGHR","LOWSRY","HR_YEAR","A","2011",483,
"RUS","TEACHINGHR","LOWSRY","HR_YEAR","A","2012",483,
"SVN","TEACHINGHR","PRY","HR_YEAR","A","2005",627,
"SVN","TEACHINGHR","PRY","HR_YEAR","A","2006",627,
"SVN","TEACHINGHR","PRY","HR_YEAR","A","2007",627,
"SVN","TEACHINGHR","PRY","HR_YEAR","A","2008",627,
"SVN","TEACHINGHR","PRY","HR_YEAR","A","2009",627,
"SVN","TEACHINGHR","PRY","HR_YEAR","A","2010",627,
"SVN","TEACHINGHR","PRY","HR_YEAR","A","2011",627,
"SVN","TEACHINGHR","PRY","HR_YEAR","A","2012",627,
"SVN","TEACHINGHR","UPPSRY","HR_YEAR","A","2005",570,
"SVN","TEACHINGHR","UPPSRY","HR_YEAR","A","2006",570,
"SVN","TEACHINGHR","UPPSRY","HR_YEAR","A","2007",570,
"SVN","TEACHINGHR","UPPSRY","HR_YEAR","A","2008",570,
"SVN","TEACHINGHR","UPPSRY","HR_YEAR","A","2009",570,
"SVN","TEACHINGHR","UPPSRY","HR_YEAR","A","2010",570,
"SVN","TEACHINGHR","UPPSRY","HR_YEAR","A","2011",570,
"SVN","TEACHINGHR","UPPSRY","HR_YEAR","A","2012",570,
"SVN","TEACHINGHR","LOWSRY","HR_YEAR","A","2005",627,
"SVN","TEACHINGHR","LOWSRY","HR_YEAR","A","2006",627,
"SVN","TEACHINGHR","LOWSRY","HR_YEAR","A","2007",627,
"SVN","TEACHINGHR","LOWSRY","HR_YEAR","A","2008",627,
"SVN","TEACHINGHR","LOWSRY","HR_YEAR","A","2009",627,
"SVN","TEACHINGHR","LOWSRY","HR_YEAR","A","2010",627,
"SVN","TEACHINGHR","LOWSRY","HR_YEAR","A","2011",627,
"SVN","TEACHINGHR","LOWSRY","HR_YEAR","A","2012",627,
"OAVG","TEACHINGHR","PRY","HR_YEAR","A","2000",767,
"OAVG","TEACHINGHR","PRY","HR_YEAR","A","2005",772,
"OAVG","TEACHINGHR","PRY","HR_YEAR","A","2006",782,
"OAVG","TEACHINGHR","PRY","HR_YEAR","A","2007",771,
"OAVG","TEACHINGHR","PRY","HR_YEAR","A","2008",768,
"OAVG","TEACHINGHR","PRY","HR_YEAR","A","2009",769,
"OAVG","TEACHINGHR","PRY","HR_YEAR","A","2010",773,
"OAVG","TEACHINGHR","PRY","HR_YEAR","A","2011",776,
"OAVG","TEACHINGHR","PRY","HR_YEAR","A","2012",771,
"OAVG","TEACHINGHR","UPPSRY","HR_YEAR","A","2000",609,
"OAVG","TEACHINGHR","UPPSRY","HR_YEAR","A","2005",644,
"OAVG","TEACHINGHR","UPPSRY","HR_YEAR","A","2006",643,
"OAVG","TEACHINGHR","UPPSRY","HR_YEAR","A","2007",641,
"OAVG","TEACHINGHR","UPPSRY","HR_YEAR","A","2008",641,
"OAVG","TEACHINGHR","UPPSRY","HR_YEAR","A","2009",640,
"OAVG","TEACHINGHR","UPPSRY","HR_YEAR","A","2010",644,
"OAVG","TEACHINGHR","UPPSRY","HR_YEAR","A","2011",646,
"OAVG","TEACHINGHR","UPPSRY","HR_YEAR","A","2012",642,
"OAVG","TEACHINGHR","LOWSRY","HR_YEAR","A","2000",681,
"OAVG","TEACHINGHR","LOWSRY","HR_YEAR","A","2005",684,
"OAVG","TEACHINGHR","LOWSRY","HR_YEAR","A","2006",694,
"OAVG","TEACHINGHR","LOWSRY","HR_YEAR","A","2007",690,
"OAVG","TEACHINGHR","LOWSRY","HR_YEAR","A","2008",689,
"OAVG","TEACHINGHR","LOWSRY","HR_YEAR","A","2009",686,
"OAVG","TEACHINGHR","LOWSRY","HR_YEAR","A","2010",689,
"OAVG","TEACHINGHR","LOWSRY","HR_YEAR","A","2011",692,
"OAVG","TEACHINGHR","LOWSRY","HR_YEAR","A","2012",682,
"AUS","TEACHINGHR","LOWSRY_PREPARATION","HR_WEEK","A","2013",7.1,
"AUS","TEACHINGHR","LOWSRY_TEACHING","HR_WEEK","A","2013",18.6,
"CZE","TEACHINGHR","LOWSRY_PREPARATION","HR_WEEK","A","2013",8.3,
"CZE","TEACHINGHR","LOWSRY_TEACHING","HR_WEEK","A","2013",17.8,
"DNK","TEACHINGHR","LOWSRY_PREPARATION","HR_WEEK","A","2013",7.9,
"DNK","TEACHINGHR","LOWSRY_TEACHING","HR_WEEK","A","2013",18.9,
"FIN","TEACHINGHR","LOWSRY_PREPARATION","HR_WEEK","A","2013",4.8,
"FIN","TEACHINGHR","LOWSRY_TEACHING","HR_WEEK","A","2013",20.6,
"FRA","TEACHINGHR","LOWSRY_PREPARATION","HR_WEEK","A","2013",7.5,
"FRA","TEACHINGHR","LOWSRY_TEACHING","HR_WEEK","A","2013",18.6,
"ISL","TEACHINGHR","LOWSRY_PREPARATION","HR_WEEK","A","2013",7.3,
"ISL","TEACHINGHR","LOWSRY_TEACHING","HR_WEEK","A","2013",19,
"ITA","TEACHINGHR","LOWSRY_PREPARATION","HR_WEEK","A","2013",5,
"ITA","TEACHINGHR","LOWSRY_TEACHING","HR_WEEK","A","2013",17.3,
"JPN","TEACHINGHR","LOWSRY_PREPARATION","HR_WEEK","A","2013",8.7,
"JPN","TEACHINGHR","LOWSRY_TEACHING","HR_WEEK","A","2013",17.7,
"KOR","TEACHINGHR","LOWSRY_PREPARATION","HR_WEEK","A","2013",7.7,
"KOR","TEACHINGHR","LOWSRY_TEACHING","HR_WEEK","A","2013",18.8,
"MEX","TEACHINGHR","LOWSRY_PREPARATION","HR_WEEK","A","2013",6.2,
"MEX","TEACHINGHR","LOWSRY_TEACHING","HR_WEEK","A","2013",22.7,
"NLD","TEACHINGHR","LOWSRY_PREPARATION","HR_WEEK","A","2013",5.1,
"NLD","TEACHINGHR","LOWSRY_TEACHING","HR_WEEK","A","2013",16.9,
"NOR","TEACHINGHR","LOWSRY_PREPARATION","HR_WEEK","A","2013",6.5,
"NOR","TEACHINGHR","LOWSRY_TEACHING","HR_WEEK","A","2013",15,
"POL","TEACHINGHR","LOWSRY_PREPARATION","HR_WEEK","A","2013",5.5,
"POL","TEACHINGHR","LOWSRY_TEACHING","HR_WEEK","A","2013",18.6,
"PRT","TEACHINGHR","LOWSRY_PREPARATION","HR_WEEK","A","2013",8.5,
"PRT","TEACHINGHR","LOWSRY_TEACHING","HR_WEEK","A","2013",20.8,
"SVK","TEACHINGHR","LOWSRY_PREPARATION","HR_WEEK","A","2013",7.5,
"SVK","TEACHINGHR","LOWSRY_TEACHING","HR_WEEK","A","2013",19.9,
"ESP","TEACHINGHR","LOWSRY_PREPARATION","HR_WEEK","A","2013",6.6,
"ESP","TEACHINGHR","LOWSRY_TEACHING","HR_WEEK","A","2013",18.6,
"SWE","TEACHINGHR","LOWSRY_PREPARATION","HR_WEEK","A","2013",6.7,
"SWE","TEACHINGHR","LOWSRY_TEACHING","HR_WEEK","A","2013",17.6,
"BRA","TEACHINGHR","LOWSRY_PREPARATION","HR_WEEK","A","2013",7.1,
"BRA","TEACHINGHR","LOWSRY_TEACHING","HR_WEEK","A","2013",25.4,
"BGR","TEACHINGHR","LOWSRY_PREPARATION","HR_WEEK","A","2013",8.1,
"BGR","TEACHINGHR","LOWSRY_TEACHING","HR_WEEK","A","2013",18.4,
"CHL","TEACHINGHR","LOWSRY_PREPARATION","HR_WEEK","A","2013",5.8,
"CHL","TEACHINGHR","LOWSRY_TEACHING","HR_WEEK","A","2013",26.7,
"HRV","TEACHINGHR","LOWSRY_PREPARATION","HR_WEEK","A","2013",9.7,
"HRV","TEACHINGHR","LOWSRY_TEACHING","HR_WEEK","A","2013",19.6,
"EST","TEACHINGHR","LOWSRY_PREPARATION","HR_WEEK","A","2013",6.9,
"EST","TEACHINGHR","LOWSRY_TEACHING","HR_WEEK","A","2013",20.9,
"ISR","TEACHINGHR","LOWSRY_PREPARATION","HR_WEEK","A","2013",5.2,
"ISR","TEACHINGHR","LOWSRY_TEACHING","HR_WEEK","A","2013",18.3,
"LVA","TEACHINGHR","LOWSRY_PREPARATION","HR_WEEK","A","2013",6.4,
"LVA","TEACHINGHR","LOWSRY_TEACHING","HR_WEEK","A","2013",19.2,
"MYS","TEACHINGHR","LOWSRY_PREPARATION","HR_WEEK","A","2013",6.4,
"MYS","TEACHINGHR","LOWSRY_TEACHING","HR_WEEK","A","2013",17.1,
"ROU","TEACHINGHR","LOWSRY_PREPARATION","HR_WEEK","A","2013",8,
"ROU","TEACHINGHR","LOWSRY_TEACHING","HR_WEEK","A","2013",16.2,
"SGP","TEACHINGHR","LOWSRY_PREPARATION","HR_WEEK","A","2013",8.4,
"SGP","TEACHINGHR","LOWSRY_TEACHING","HR_WEEK","A","2013",17.1,
"SRB","TEACHINGHR","LOWSRY_PREPARATION","HR_WEEK","A","2013",7.9,
"SRB","TEACHINGHR","LOWSRY_TEACHING","HR_WEEK","A","2013",18.4,
"OAVG","TEACHINGHR","LOWSRY_PREPARATION","HR_WEEK","A","2013",6.7,
"OAVG","TEACHINGHR","LOWSRY_TEACHING","HR_WEEK","A","2013",19.2,
"NZL","TEACHINGHR","LOWSRY_PREPARATION","HR_WEEK","A","2013",7.2,
"NZL","TEACHINGHR","LOWSRY_TEACHING","HR_WEEK","A","2013",18,
"GEO","TEACHINGHR","LOWSRY_PREPARATION","HR_WEEK","A","2013",7.6,
"GEO","TEACHINGHR","LOWSRY_TEACHING","HR_WEEK","A","2013",15.8,
"RUS","TEACHINGHR","LOWSRY_PREPARATION","HR_WEEK","A","2013",9.5,
"RUS","TEACHINGHR","LOWSRY_TEACHING","HR_WEEK","A","2013",23.6,
